📊 TSE Poll Converter

Input:  pesquisa_eleitoral_2026_BRASIL.csv
✓ Parsed 3465 rows from CSV

⚠️  Row 2: Missing candidate or cargo, skipping
⚠️  Row 3: Missing candidate or cargo, skipping
⚠️  Row 4: Missing candidate or cargo, skipping
⚠️  Row 5: Missing candidate or cargo, skipping
⚠️  Row 6: Missing candidate or cargo, skipping
⚠️  Row 7: Missing candidate or cargo, skipping
⚠️  Row 8: Missing candidate or cargo, skipping
⚠️  Row 9: Missing candidate or cargo, skipping
⚠️  Row 10: Missing candidate or cargo, skipping
⚠️  Row 11: Missing candidate or cargo, skipping
⚠️  Row 12: Missing candidate or cargo, skipping
⚠️  Row 13: Missing candidate or cargo, skipping
⚠️  Row 14: Missing candidate or cargo, skipping
⚠️  Row 15: Missing candidate or cargo, skipping
⚠️  Row 16: Missing candidate or cargo, skipping
⚠️  Row 17: Missing candidate or cargo, skipping
⚠️  Row 18: Missing candidate or cargo, skipping
⚠️  Row 19: Missing candidate or cargo, skipping
⚠️  Row 20: Missing candidate or cargo, skipping
⚠️  Row 21: Missing candidate or cargo, skipping
⚠️  Row 22: Missing candidate or cargo, skipping
⚠️  Row 23: Missing candidate or cargo, skipping
⚠️  Row 24: Missing candidate or cargo, skipping
⚠️  Row 25: Missing candidate or cargo, skipping
⚠️  Row 26: Missing candidate or cargo, skipping
⚠️  Row 27: Missing candidate or cargo, skipping
⚠️  Row 28: Missing candidate or cargo, skipping
⚠️  Row 29: Missing candidate or cargo, skipping
⚠️  Row 30: Missing candidate or cargo, skipping
⚠️  Row 31: Missing candidate or cargo, skipping
⚠️  Row 32: Missing candidate or cargo, skipping
⚠️  Row 33: Missing candidate or cargo, skipping
⚠️  Row 34: Missing candidate or cargo, skipping
⚠️  Row 35: Missing candidate or cargo, skipping
⚠️  Row 36: Missing candidate or cargo, skipping
⚠️  Row 37: Missing candidate or cargo, skipping
⚠️  Row 38: Missing candidate or cargo, skipping
⚠️  Row 39: Missing candidate or cargo, skipping
⚠️  Row 40: Missing candidate or cargo, skipping
⚠️  Row 41: Missing candidate or cargo, skipping
⚠️  Row 42: Missing candidate or cargo, skipping
⚠️  Row 43: Missing candidate or cargo, skipping
⚠️  Row 44: Missing candidate or cargo, skipping
⚠️  Row 45: Missing candidate or cargo, skipping
⚠️  Row 46: Missing candidate or cargo, skipping
⚠️  Row 47: Missing candidate or cargo, skipping
⚠️  Row 48: Missing candidate or cargo, skipping
⚠️  Row 49: Missing candidate or cargo, skipping
⚠️  Row 50: Missing candidate or cargo, skipping
⚠️  Row 51: Missing candidate or cargo, skipping
⚠️  Row 52: Missing candidate or cargo, skipping
⚠️  Row 53: Missing candidate or cargo, skipping
⚠️  Row 54: Missing candidate or cargo, skipping
⚠️  Row 55: Missing candidate or cargo, skipping
⚠️  Row 56: Missing candidate or cargo, skipping
⚠️  Row 57: Missing candidate or cargo, skipping
⚠️  Row 58: Missing candidate or cargo, skipping
⚠️  Row 59: Missing candidate or cargo, skipping
⚠️  Row 60: Missing candidate or cargo, skipping
⚠️  Row 61: Missing candidate or cargo, skipping
⚠️  Row 62: Missing candidate or cargo, skipping
⚠️  Row 63: Missing candidate or cargo, skipping
⚠️  Row 64: Missing candidate or cargo, skipping
⚠️  Row 65: Missing candidate or cargo, skipping
⚠️  Row 66: Missing candidate or cargo, skipping
⚠️  Row 67: Missing candidate or cargo, skipping
⚠️  Row 68: Missing candidate or cargo, skipping
⚠️  Row 69: Missing candidate or cargo, skipping
⚠️  Row 70: Missing candidate or cargo, skipping
⚠️  Row 71: Missing candidate or cargo, skipping
⚠️  Row 72: Missing candidate or cargo, skipping
⚠️  Row 73: Missing candidate or cargo, skipping
⚠️  Row 74: Missing candidate or cargo, skipping
⚠️  Row 75: Missing candidate or cargo, skipping
⚠️  Row 76: Missing candidate or cargo, skipping
⚠️  Row 77: Missing candidate or cargo, skipping
⚠️  Row 78: Missing candidate or cargo, skipping
⚠️  Row 79: Missing candidate or cargo, skipping
⚠️  Row 80: Missing candidate or cargo, skipping
⚠️  Row 81: Missing candidate or cargo, skipping
⚠️  Row 82: Missing candidate or cargo, skipping
⚠️  Row 83: Missing candidate or cargo, skipping
⚠️  Row 84: Missing candidate or cargo, skipping
⚠️  Row 85: Missing candidate or cargo, skipping
⚠️  Row 86: Missing candidate or cargo, skipping
⚠️  Row 87: Missing candidate or cargo, skipping
⚠️  Row 88: Missing candidate or cargo, skipping
⚠️  Row 89: Missing candidate or cargo, skipping
⚠️  Row 90: Missing candidate or cargo, skipping
⚠️  Row 91: Missing candidate or cargo, skipping
⚠️  Row 92: Missing candidate or cargo, skipping
⚠️  Row 93: Missing candidate or cargo, skipping
⚠️  Row 94: Missing candidate or cargo, skipping
⚠️  Row 95: Missing candidate or cargo, skipping
⚠️  Row 96: Missing candidate or cargo, skipping
⚠️  Row 97: Missing candidate or cargo, skipping
⚠️  Row 98: Missing candidate or cargo, skipping
⚠️  Row 99: Missing candidate or cargo, skipping
⚠️  Row 100: Missing candidate or cargo, skipping
⚠️  Row 101: Missing candidate or cargo, skipping
⚠️  Row 102: Missing candidate or cargo, skipping
⚠️  Row 103: Missing candidate or cargo, skipping
⚠️  Row 104: Missing candidate or cargo, skipping
⚠️  Row 105: Missing candidate or cargo, skipping
⚠️  Row 106: Missing candidate or cargo, skipping
⚠️  Row 107: Missing candidate or cargo, skipping
⚠️  Row 108: Missing candidate or cargo, skipping
⚠️  Row 109: Missing candidate or cargo, skipping
⚠️  Row 110: Missing candidate or cargo, skipping
⚠️  Row 111: Missing candidate or cargo, skipping
⚠️  Row 112: Missing candidate or cargo, skipping
⚠️  Row 113: Missing candidate or cargo, skipping
⚠️  Row 114: Missing candidate or cargo, skipping
⚠️  Row 115: Missing candidate or cargo, skipping
⚠️  Row 116: Missing candidate or cargo, skipping
⚠️  Row 117: Missing candidate or cargo, skipping
⚠️  Row 118: Missing candidate or cargo, skipping
⚠️  Row 119: Missing candidate or cargo, skipping
⚠️  Row 120: Missing candidate or cargo, skipping
⚠️  Row 121: Missing candidate or cargo, skipping
⚠️  Row 122: Missing candidate or cargo, skipping
⚠️  Row 123: Missing candidate or cargo, skipping
⚠️  Row 124: Missing candidate or cargo, skipping
⚠️  Row 125: Missing candidate or cargo, skipping
⚠️  Row 126: Missing candidate or cargo, skipping
⚠️  Row 127: Missing candidate or cargo, skipping
⚠️  Row 128: Missing candidate or cargo, skipping
⚠️  Row 129: Missing candidate or cargo, skipping
⚠️  Row 130: Missing candidate or cargo, skipping
⚠️  Row 131: Missing candidate or cargo, skipping
⚠️  Row 132: Missing candidate or cargo, skipping
⚠️  Row 133: Missing candidate or cargo, skipping
⚠️  Row 134: Missing candidate or cargo, skipping
⚠️  Row 135: Missing candidate or cargo, skipping
⚠️  Row 136: Missing candidate or cargo, skipping
⚠️  Row 137: Missing candidate or cargo, skipping
⚠️  Row 138: Missing candidate or cargo, skipping
⚠️  Row 139: Missing candidate or cargo, skipping
⚠️  Row 140: Missing candidate or cargo, skipping
⚠️  Row 141: Missing candidate or cargo, skipping
⚠️  Row 142: Missing candidate or cargo, skipping
⚠️  Row 143: Missing candidate or cargo, skipping
⚠️  Row 144: Missing candidate or cargo, skipping
⚠️  Row 145: Missing candidate or cargo, skipping
⚠️  Row 146: Missing candidate or cargo, skipping
⚠️  Row 147: Missing candidate or cargo, skipping
⚠️  Row 148: Missing candidate or cargo, skipping
⚠️  Row 149: Missing candidate or cargo, skipping
⚠️  Row 150: Missing candidate or cargo, skipping
⚠️  Row 151: Missing candidate or cargo, skipping
⚠️  Row 152: Missing candidate or cargo, skipping
⚠️  Row 153: Missing candidate or cargo, skipping
⚠️  Row 154: Missing candidate or cargo, skipping
⚠️  Row 155: Missing candidate or cargo, skipping
⚠️  Row 156: Missing candidate or cargo, skipping
⚠️  Row 157: Missing candidate or cargo, skipping
⚠️  Row 158: Missing candidate or cargo, skipping
⚠️  Row 159: Missing candidate or cargo, skipping
⚠️  Row 160: Missing candidate or cargo, skipping
⚠️  Row 161: Missing candidate or cargo, skipping
⚠️  Row 162: Missing candidate or cargo, skipping
⚠️  Row 163: Missing candidate or cargo, skipping
⚠️  Row 164: Missing candidate or cargo, skipping
⚠️  Row 165: Missing candidate or cargo, skipping
⚠️  Row 166: Missing candidate or cargo, skipping
⚠️  Row 167: Missing candidate or cargo, skipping
⚠️  Row 168: Missing candidate or cargo, skipping
⚠️  Row 169: Missing candidate or cargo, skipping
⚠️  Row 170: Missing candidate or cargo, skipping
⚠️  Row 171: Missing candidate or cargo, skipping
⚠️  Row 172: Missing candidate or cargo, skipping
⚠️  Row 173: Missing candidate or cargo, skipping
⚠️  Row 174: Missing candidate or cargo, skipping
⚠️  Row 175: Missing candidate or cargo, skipping
⚠️  Row 176: Missing candidate or cargo, skipping
⚠️  Row 177: Missing candidate or cargo, skipping
⚠️  Row 178: Missing candidate or cargo, skipping
⚠️  Row 179: Missing candidate or cargo, skipping
⚠️  Row 180: Missing candidate or cargo, skipping
⚠️  Row 181: Missing candidate or cargo, skipping
⚠️  Row 182: Missing candidate or cargo, skipping
⚠️  Row 183: Missing candidate or cargo, skipping
⚠️  Row 184: Missing candidate or cargo, skipping
⚠️  Row 185: Missing candidate or cargo, skipping
⚠️  Row 186: Missing candidate or cargo, skipping
⚠️  Row 187: Missing candidate or cargo, skipping
⚠️  Row 188: Missing candidate or cargo, skipping
⚠️  Row 189: Missing candidate or cargo, skipping
⚠️  Row 190: Missing candidate or cargo, skipping
⚠️  Row 191: Missing candidate or cargo, skipping
⚠️  Row 192: Missing candidate or cargo, skipping
⚠️  Row 193: Missing candidate or cargo, skipping
⚠️  Row 194: Missing candidate or cargo, skipping
⚠️  Row 195: Missing candidate or cargo, skipping
⚠️  Row 196: Missing candidate or cargo, skipping
⚠️  Row 197: Missing candidate or cargo, skipping
⚠️  Row 198: Missing candidate or cargo, skipping
⚠️  Row 199: Missing candidate or cargo, skipping
⚠️  Row 200: Missing candidate or cargo, skipping
⚠️  Row 201: Missing candidate or cargo, skipping
⚠️  Row 202: Missing candidate or cargo, skipping
⚠️  Row 203: Missing candidate or cargo, skipping
⚠️  Row 204: Missing candidate or cargo, skipping
⚠️  Row 205: Missing candidate or cargo, skipping
⚠️  Row 206: Missing candidate or cargo, skipping
⚠️  Row 207: Missing candidate or cargo, skipping
⚠️  Row 208: Missing candidate or cargo, skipping
⚠️  Row 209: Missing candidate or cargo, skipping
⚠️  Row 210: Missing candidate or cargo, skipping
⚠️  Row 211: Missing candidate or cargo, skipping
⚠️  Row 212: Missing candidate or cargo, skipping
⚠️  Row 213: Missing candidate or cargo, skipping
⚠️  Row 214: Missing candidate or cargo, skipping
⚠️  Row 215: Missing candidate or cargo, skipping
⚠️  Row 216: Missing candidate or cargo, skipping
⚠️  Row 217: Missing candidate or cargo, skipping
⚠️  Row 218: Missing candidate or cargo, skipping
⚠️  Row 219: Missing candidate or cargo, skipping
⚠️  Row 220: Missing candidate or cargo, skipping
⚠️  Row 221: Missing candidate or cargo, skipping
⚠️  Row 222: Missing candidate or cargo, skipping
⚠️  Row 223: Missing candidate or cargo, skipping
⚠️  Row 224: Missing candidate or cargo, skipping
⚠️  Row 225: Missing candidate or cargo, skipping
⚠️  Row 226: Missing candidate or cargo, skipping
⚠️  Row 227: Missing candidate or cargo, skipping
⚠️  Row 228: Missing candidate or cargo, skipping
⚠️  Row 229: Missing candidate or cargo, skipping
⚠️  Row 230: Missing candidate or cargo, skipping
⚠️  Row 231: Missing candidate or cargo, skipping
⚠️  Row 232: Missing candidate or cargo, skipping
⚠️  Row 233: Missing candidate or cargo, skipping
⚠️  Row 234: Missing candidate or cargo, skipping
⚠️  Row 235: Missing candidate or cargo, skipping
⚠️  Row 236: Missing candidate or cargo, skipping
⚠️  Row 237: Missing candidate or cargo, skipping
⚠️  Row 238: Missing candidate or cargo, skipping
⚠️  Row 239: Missing candidate or cargo, skipping
⚠️  Row 240: Missing candidate or cargo, skipping
⚠️  Row 241: Missing candidate or cargo, skipping
⚠️  Row 242: Missing candidate or cargo, skipping
⚠️  Row 243: Missing candidate or cargo, skipping
⚠️  Row 244: Missing candidate or cargo, skipping
⚠️  Row 245: Missing candidate or cargo, skipping
⚠️  Row 246: Missing candidate or cargo, skipping
⚠️  Row 247: Missing candidate or cargo, skipping
⚠️  Row 248: Missing candidate or cargo, skipping
⚠️  Row 249: Missing candidate or cargo, skipping
⚠️  Row 250: Missing candidate or cargo, skipping
⚠️  Row 251: Missing candidate or cargo, skipping
⚠️  Row 252: Missing candidate or cargo, skipping
⚠️  Row 253: Missing candidate or cargo, skipping
⚠️  Row 254: Missing candidate or cargo, skipping
⚠️  Row 255: Missing candidate or cargo, skipping
⚠️  Row 256: Missing candidate or cargo, skipping
⚠️  Row 257: Missing candidate or cargo, skipping
⚠️  Row 258: Missing candidate or cargo, skipping
⚠️  Row 259: Missing candidate or cargo, skipping
⚠️  Row 260: Missing candidate or cargo, skipping
⚠️  Row 261: Missing candidate or cargo, skipping
⚠️  Row 262: Missing candidate or cargo, skipping
⚠️  Row 263: Missing candidate or cargo, skipping
⚠️  Row 264: Missing candidate or cargo, skipping
⚠️  Row 265: Missing candidate or cargo, skipping
⚠️  Row 266: Missing candidate or cargo, skipping
⚠️  Row 267: Missing candidate or cargo, skipping
⚠️  Row 268: Missing candidate or cargo, skipping
⚠️  Row 269: Missing candidate or cargo, skipping
⚠️  Row 270: Missing candidate or cargo, skipping
⚠️  Row 271: Missing candidate or cargo, skipping
⚠️  Row 272: Missing candidate or cargo, skipping
⚠️  Row 273: Missing candidate or cargo, skipping
⚠️  Row 274: Missing candidate or cargo, skipping
⚠️  Row 275: Missing candidate or cargo, skipping
⚠️  Row 276: Missing candidate or cargo, skipping
⚠️  Row 277: Missing candidate or cargo, skipping
⚠️  Row 278: Missing candidate or cargo, skipping
⚠️  Row 279: Missing candidate or cargo, skipping
⚠️  Row 280: Missing candidate or cargo, skipping
⚠️  Row 281: Missing candidate or cargo, skipping
⚠️  Row 282: Missing candidate or cargo, skipping
⚠️  Row 283: Missing candidate or cargo, skipping
⚠️  Row 284: Missing candidate or cargo, skipping
⚠️  Row 285: Missing candidate or cargo, skipping
⚠️  Row 286: Missing candidate or cargo, skipping
⚠️  Row 287: Missing candidate or cargo, skipping
⚠️  Row 288: Missing candidate or cargo, skipping
⚠️  Row 289: Missing candidate or cargo, skipping
⚠️  Row 290: Missing candidate or cargo, skipping
⚠️  Row 291: Missing candidate or cargo, skipping
⚠️  Row 292: Missing candidate or cargo, skipping
⚠️  Row 293: Missing candidate or cargo, skipping
⚠️  Row 294: Missing candidate or cargo, skipping
⚠️  Row 295: Missing candidate or cargo, skipping
⚠️  Row 296: Missing candidate or cargo, skipping
⚠️  Row 297: Missing candidate or cargo, skipping
⚠️  Row 298: Missing candidate or cargo, skipping
⚠️  Row 299: Missing candidate or cargo, skipping
⚠️  Row 300: Missing candidate or cargo, skipping
⚠️  Row 301: Missing candidate or cargo, skipping
⚠️  Row 302: Missing candidate or cargo, skipping
⚠️  Row 303: Missing candidate or cargo, skipping
⚠️  Row 304: Missing candidate or cargo, skipping
⚠️  Row 305: Missing candidate or cargo, skipping
⚠️  Row 306: Missing candidate or cargo, skipping
⚠️  Row 307: Missing candidate or cargo, skipping
⚠️  Row 308: Missing candidate or cargo, skipping
⚠️  Row 309: Missing candidate or cargo, skipping
⚠️  Row 310: Missing candidate or cargo, skipping
⚠️  Row 311: Missing candidate or cargo, skipping
⚠️  Row 312: Missing candidate or cargo, skipping
⚠️  Row 313: Missing candidate or cargo, skipping
⚠️  Row 314: Missing candidate or cargo, skipping
⚠️  Row 315: Missing candidate or cargo, skipping
⚠️  Row 316: Missing candidate or cargo, skipping
⚠️  Row 317: Missing candidate or cargo, skipping
⚠️  Row 318: Missing candidate or cargo, skipping
⚠️  Row 319: Missing candidate or cargo, skipping
⚠️  Row 320: Missing candidate or cargo, skipping
⚠️  Row 321: Missing candidate or cargo, skipping
⚠️  Row 322: Missing candidate or cargo, skipping
⚠️  Row 323: Missing candidate or cargo, skipping
⚠️  Row 324: Missing candidate or cargo, skipping
⚠️  Row 325: Missing candidate or cargo, skipping
⚠️  Row 326: Missing candidate or cargo, skipping
⚠️  Row 327: Missing candidate or cargo, skipping
⚠️  Row 328: Missing candidate or cargo, skipping
⚠️  Row 329: Missing candidate or cargo, skipping
⚠️  Row 330: Missing candidate or cargo, skipping
⚠️  Row 331: Missing candidate or cargo, skipping
⚠️  Row 332: Missing candidate or cargo, skipping
⚠️  Row 333: Missing candidate or cargo, skipping
⚠️  Row 334: Missing candidate or cargo, skipping
⚠️  Row 335: Missing candidate or cargo, skipping
⚠️  Row 336: Missing candidate or cargo, skipping
⚠️  Row 337: Missing candidate or cargo, skipping
⚠️  Row 338: Missing candidate or cargo, skipping
⚠️  Row 339: Missing candidate or cargo, skipping
⚠️  Row 340: Missing candidate or cargo, skipping
⚠️  Row 341: Missing candidate or cargo, skipping
⚠️  Row 342: Missing candidate or cargo, skipping
⚠️  Row 343: Missing candidate or cargo, skipping
⚠️  Row 344: Missing candidate or cargo, skipping
⚠️  Row 345: Missing candidate or cargo, skipping
⚠️  Row 346: Missing candidate or cargo, skipping
⚠️  Row 347: Missing candidate or cargo, skipping
⚠️  Row 348: Missing candidate or cargo, skipping
⚠️  Row 349: Missing candidate or cargo, skipping
⚠️  Row 350: Missing candidate or cargo, skipping
⚠️  Row 351: Missing candidate or cargo, skipping
⚠️  Row 352: Missing candidate or cargo, skipping
⚠️  Row 353: Missing candidate or cargo, skipping
⚠️  Row 354: Missing candidate or cargo, skipping
⚠️  Row 355: Missing candidate or cargo, skipping
⚠️  Row 356: Missing candidate or cargo, skipping
⚠️  Row 357: Missing candidate or cargo, skipping
⚠️  Row 358: Missing candidate or cargo, skipping
⚠️  Row 359: Missing candidate or cargo, skipping
⚠️  Row 360: Missing candidate or cargo, skipping
⚠️  Row 361: Missing candidate or cargo, skipping
⚠️  Row 362: Missing candidate or cargo, skipping
⚠️  Row 363: Missing candidate or cargo, skipping
⚠️  Row 364: Missing candidate or cargo, skipping
⚠️  Row 365: Missing candidate or cargo, skipping
⚠️  Row 366: Missing candidate or cargo, skipping
⚠️  Row 367: Missing candidate or cargo, skipping
⚠️  Row 368: Missing candidate or cargo, skipping
⚠️  Row 369: Missing candidate or cargo, skipping
⚠️  Row 370: Missing candidate or cargo, skipping
⚠️  Row 371: Missing candidate or cargo, skipping
⚠️  Row 372: Missing candidate or cargo, skipping
⚠️  Row 373: Missing candidate or cargo, skipping
⚠️  Row 374: Missing candidate or cargo, skipping
⚠️  Row 375: Missing candidate or cargo, skipping
⚠️  Row 376: Missing candidate or cargo, skipping
⚠️  Row 377: Missing candidate or cargo, skipping
⚠️  Row 378: Missing candidate or cargo, skipping
⚠️  Row 379: Missing candidate or cargo, skipping
⚠️  Row 380: Missing candidate or cargo, skipping
⚠️  Row 381: Missing candidate or cargo, skipping
⚠️  Row 382: Missing candidate or cargo, skipping
⚠️  Row 383: Missing candidate or cargo, skipping
⚠️  Row 384: Missing candidate or cargo, skipping
⚠️  Row 385: Missing candidate or cargo, skipping
⚠️  Row 386: Missing candidate or cargo, skipping
⚠️  Row 387: Missing candidate or cargo, skipping
⚠️  Row 388: Missing candidate or cargo, skipping
⚠️  Row 389: Missing candidate or cargo, skipping
⚠️  Row 390: Missing candidate or cargo, skipping
⚠️  Row 391: Missing candidate or cargo, skipping
⚠️  Row 392: Missing candidate or cargo, skipping
⚠️  Row 393: Missing candidate or cargo, skipping
⚠️  Row 394: Missing candidate or cargo, skipping
⚠️  Row 395: Missing candidate or cargo, skipping
⚠️  Row 396: Missing candidate or cargo, skipping
⚠️  Row 397: Missing candidate or cargo, skipping
⚠️  Row 398: Missing candidate or cargo, skipping
⚠️  Row 399: Missing candidate or cargo, skipping
⚠️  Row 400: Missing candidate or cargo, skipping
⚠️  Row 401: Missing candidate or cargo, skipping
⚠️  Row 402: Missing candidate or cargo, skipping
⚠️  Row 403: Missing candidate or cargo, skipping
⚠️  Row 404: Missing candidate or cargo, skipping
⚠️  Row 405: Missing candidate or cargo, skipping
⚠️  Row 406: Missing candidate or cargo, skipping
⚠️  Row 407: Missing candidate or cargo, skipping
⚠️  Row 408: Missing candidate or cargo, skipping
⚠️  Row 409: Missing candidate or cargo, skipping
⚠️  Row 410: Missing candidate or cargo, skipping
⚠️  Row 411: Missing candidate or cargo, skipping
⚠️  Row 412: Missing candidate or cargo, skipping
⚠️  Row 413: Missing candidate or cargo, skipping
⚠️  Row 414: Missing candidate or cargo, skipping
⚠️  Row 415: Missing candidate or cargo, skipping
⚠️  Row 416: Missing candidate or cargo, skipping
⚠️  Row 417: Missing candidate or cargo, skipping
⚠️  Row 418: Missing candidate or cargo, skipping
⚠️  Row 419: Missing candidate or cargo, skipping
⚠️  Row 420: Missing candidate or cargo, skipping
⚠️  Row 421: Missing candidate or cargo, skipping
⚠️  Row 422: Missing candidate or cargo, skipping
⚠️  Row 423: Missing candidate or cargo, skipping
⚠️  Row 424: Missing candidate or cargo, skipping
⚠️  Row 425: Missing candidate or cargo, skipping
⚠️  Row 426: Missing candidate or cargo, skipping
⚠️  Row 427: Missing candidate or cargo, skipping
⚠️  Row 428: Missing candidate or cargo, skipping
⚠️  Row 429: Missing candidate or cargo, skipping
⚠️  Row 430: Missing candidate or cargo, skipping
⚠️  Row 431: Missing candidate or cargo, skipping
⚠️  Row 432: Missing candidate or cargo, skipping
⚠️  Row 433: Missing candidate or cargo, skipping
⚠️  Row 434: Missing candidate or cargo, skipping
⚠️  Row 435: Missing candidate or cargo, skipping
⚠️  Row 436: Missing candidate or cargo, skipping
⚠️  Row 437: Missing candidate or cargo, skipping
⚠️  Row 438: Missing candidate or cargo, skipping
⚠️  Row 439: Missing candidate or cargo, skipping
⚠️  Row 440: Missing candidate or cargo, skipping
⚠️  Row 441: Missing candidate or cargo, skipping
⚠️  Row 442: Missing candidate or cargo, skipping
⚠️  Row 443: Missing candidate or cargo, skipping
⚠️  Row 444: Missing candidate or cargo, skipping
⚠️  Row 445: Missing candidate or cargo, skipping
⚠️  Row 446: Missing candidate or cargo, skipping
⚠️  Row 447: Missing candidate or cargo, skipping
⚠️  Row 448: Missing candidate or cargo, skipping
⚠️  Row 449: Missing candidate or cargo, skipping
⚠️  Row 450: Missing candidate or cargo, skipping
⚠️  Row 451: Missing candidate or cargo, skipping
⚠️  Row 452: Missing candidate or cargo, skipping
⚠️  Row 453: Missing candidate or cargo, skipping
⚠️  Row 454: Missing candidate or cargo, skipping
⚠️  Row 455: Missing candidate or cargo, skipping
⚠️  Row 456: Missing candidate or cargo, skipping
⚠️  Row 457: Missing candidate or cargo, skipping
⚠️  Row 458: Missing candidate or cargo, skipping
⚠️  Row 459: Missing candidate or cargo, skipping
⚠️  Row 460: Missing candidate or cargo, skipping
⚠️  Row 461: Missing candidate or cargo, skipping
⚠️  Row 462: Missing candidate or cargo, skipping
⚠️  Row 463: Missing candidate or cargo, skipping
⚠️  Row 464: Missing candidate or cargo, skipping
⚠️  Row 465: Missing candidate or cargo, skipping
⚠️  Row 466: Missing candidate or cargo, skipping
⚠️  Row 467: Missing candidate or cargo, skipping
⚠️  Row 468: Missing candidate or cargo, skipping
⚠️  Row 469: Missing candidate or cargo, skipping
⚠️  Row 470: Missing candidate or cargo, skipping
⚠️  Row 471: Missing candidate or cargo, skipping
⚠️  Row 472: Missing candidate or cargo, skipping
⚠️  Row 473: Missing candidate or cargo, skipping
⚠️  Row 474: Missing candidate or cargo, skipping
⚠️  Row 475: Missing candidate or cargo, skipping
⚠️  Row 476: Missing candidate or cargo, skipping
⚠️  Row 477: Missing candidate or cargo, skipping
⚠️  Row 478: Missing candidate or cargo, skipping
⚠️  Row 479: Missing candidate or cargo, skipping
⚠️  Row 480: Missing candidate or cargo, skipping
⚠️  Row 481: Missing candidate or cargo, skipping
⚠️  Row 482: Missing candidate or cargo, skipping
⚠️  Row 483: Missing candidate or cargo, skipping
⚠️  Row 484: Missing candidate or cargo, skipping
⚠️  Row 485: Missing candidate or cargo, skipping
⚠️  Row 486: Missing candidate or cargo, skipping
⚠️  Row 487: Missing candidate or cargo, skipping
⚠️  Row 488: Missing candidate or cargo, skipping
⚠️  Row 489: Missing candidate or cargo, skipping
⚠️  Row 490: Missing candidate or cargo, skipping
⚠️  Row 491: Missing candidate or cargo, skipping
⚠️  Row 492: Missing candidate or cargo, skipping
⚠️  Row 493: Missing candidate or cargo, skipping
⚠️  Row 494: Missing candidate or cargo, skipping
⚠️  Row 495: Missing candidate or cargo, skipping
⚠️  Row 496: Missing candidate or cargo, skipping
⚠️  Row 497: Missing candidate or cargo, skipping
⚠️  Row 498: Missing candidate or cargo, skipping
⚠️  Row 499: Missing candidate or cargo, skipping
⚠️  Row 500: Missing candidate or cargo, skipping
⚠️  Row 501: Missing candidate or cargo, skipping
⚠️  Row 502: Missing candidate or cargo, skipping
⚠️  Row 503: Missing candidate or cargo, skipping
⚠️  Row 504: Missing candidate or cargo, skipping
⚠️  Row 505: Missing candidate or cargo, skipping
⚠️  Row 506: Missing candidate or cargo, skipping
⚠️  Row 507: Missing candidate or cargo, skipping
⚠️  Row 508: Missing candidate or cargo, skipping
⚠️  Row 509: Missing candidate or cargo, skipping
⚠️  Row 510: Missing candidate or cargo, skipping
⚠️  Row 511: Missing candidate or cargo, skipping
⚠️  Row 512: Missing candidate or cargo, skipping
⚠️  Row 513: Missing candidate or cargo, skipping
⚠️  Row 514: Missing candidate or cargo, skipping
⚠️  Row 515: Missing candidate or cargo, skipping
⚠️  Row 516: Missing candidate or cargo, skipping
⚠️  Row 517: Missing candidate or cargo, skipping
⚠️  Row 518: Missing candidate or cargo, skipping
⚠️  Row 519: Missing candidate or cargo, skipping
⚠️  Row 520: Missing candidate or cargo, skipping
⚠️  Row 521: Missing candidate or cargo, skipping
⚠️  Row 522: Missing candidate or cargo, skipping
⚠️  Row 523: Missing candidate or cargo, skipping
⚠️  Row 524: Missing candidate or cargo, skipping
⚠️  Row 525: Missing candidate or cargo, skipping
⚠️  Row 526: Missing candidate or cargo, skipping
⚠️  Row 527: Missing candidate or cargo, skipping
⚠️  Row 528: Missing candidate or cargo, skipping
⚠️  Row 529: Missing candidate or cargo, skipping
⚠️  Row 530: Missing candidate or cargo, skipping
⚠️  Row 531: Missing candidate or cargo, skipping
⚠️  Row 532: Missing candidate or cargo, skipping
⚠️  Row 533: Missing candidate or cargo, skipping
⚠️  Row 534: Missing candidate or cargo, skipping
⚠️  Row 535: Missing candidate or cargo, skipping
⚠️  Row 536: Missing candidate or cargo, skipping
⚠️  Row 537: Missing candidate or cargo, skipping
⚠️  Row 538: Missing candidate or cargo, skipping
⚠️  Row 539: Missing candidate or cargo, skipping
⚠️  Row 540: Missing candidate or cargo, skipping
⚠️  Row 541: Missing candidate or cargo, skipping
⚠️  Row 542: Missing candidate or cargo, skipping
⚠️  Row 543: Missing candidate or cargo, skipping
⚠️  Row 544: Missing candidate or cargo, skipping
⚠️  Row 545: Missing candidate or cargo, skipping
⚠️  Row 546: Missing candidate or cargo, skipping
⚠️  Row 547: Missing candidate or cargo, skipping
⚠️  Row 548: Missing candidate or cargo, skipping
⚠️  Row 549: Missing candidate or cargo, skipping
⚠️  Row 550: Missing candidate or cargo, skipping
⚠️  Row 551: Missing candidate or cargo, skipping
⚠️  Row 552: Missing candidate or cargo, skipping
⚠️  Row 553: Missing candidate or cargo, skipping
⚠️  Row 554: Missing candidate or cargo, skipping
⚠️  Row 555: Missing candidate or cargo, skipping
⚠️  Row 556: Missing candidate or cargo, skipping
⚠️  Row 557: Missing candidate or cargo, skipping
⚠️  Row 558: Missing candidate or cargo, skipping
⚠️  Row 559: Missing candidate or cargo, skipping
⚠️  Row 560: Missing candidate or cargo, skipping
⚠️  Row 561: Missing candidate or cargo, skipping
⚠️  Row 562: Missing candidate or cargo, skipping
⚠️  Row 563: Missing candidate or cargo, skipping
⚠️  Row 564: Missing candidate or cargo, skipping
⚠️  Row 565: Missing candidate or cargo, skipping
⚠️  Row 566: Missing candidate or cargo, skipping
⚠️  Row 567: Missing candidate or cargo, skipping
⚠️  Row 568: Missing candidate or cargo, skipping
⚠️  Row 569: Missing candidate or cargo, skipping
⚠️  Row 570: Missing candidate or cargo, skipping
⚠️  Row 571: Missing candidate or cargo, skipping
⚠️  Row 572: Missing candidate or cargo, skipping
⚠️  Row 573: Missing candidate or cargo, skipping
⚠️  Row 574: Missing candidate or cargo, skipping
⚠️  Row 575: Missing candidate or cargo, skipping
⚠️  Row 576: Missing candidate or cargo, skipping
⚠️  Row 577: Missing candidate or cargo, skipping
⚠️  Row 578: Missing candidate or cargo, skipping
⚠️  Row 579: Missing candidate or cargo, skipping
⚠️  Row 580: Missing candidate or cargo, skipping
⚠️  Row 581: Missing candidate or cargo, skipping
⚠️  Row 582: Missing candidate or cargo, skipping
⚠️  Row 583: Missing candidate or cargo, skipping
⚠️  Row 584: Missing candidate or cargo, skipping
⚠️  Row 585: Missing candidate or cargo, skipping
⚠️  Row 586: Missing candidate or cargo, skipping
⚠️  Row 587: Missing candidate or cargo, skipping
⚠️  Row 588: Missing candidate or cargo, skipping
⚠️  Row 589: Missing candidate or cargo, skipping
⚠️  Row 590: Missing candidate or cargo, skipping
⚠️  Row 591: Missing candidate or cargo, skipping
⚠️  Row 592: Missing candidate or cargo, skipping
⚠️  Row 593: Missing candidate or cargo, skipping
⚠️  Row 594: Missing candidate or cargo, skipping
⚠️  Row 595: Missing candidate or cargo, skipping
⚠️  Row 596: Missing candidate or cargo, skipping
⚠️  Row 597: Missing candidate or cargo, skipping
⚠️  Row 598: Missing candidate or cargo, skipping
⚠️  Row 599: Missing candidate or cargo, skipping
⚠️  Row 600: Missing candidate or cargo, skipping
⚠️  Row 601: Missing candidate or cargo, skipping
⚠️  Row 602: Missing candidate or cargo, skipping
⚠️  Row 603: Missing candidate or cargo, skipping
⚠️  Row 604: Missing candidate or cargo, skipping
⚠️  Row 605: Missing candidate or cargo, skipping
⚠️  Row 606: Missing candidate or cargo, skipping
⚠️  Row 607: Missing candidate or cargo, skipping
⚠️  Row 608: Missing candidate or cargo, skipping
⚠️  Row 609: Missing candidate or cargo, skipping
⚠️  Row 610: Missing candidate or cargo, skipping
⚠️  Row 611: Missing candidate or cargo, skipping
⚠️  Row 612: Missing candidate or cargo, skipping
⚠️  Row 613: Missing candidate or cargo, skipping
⚠️  Row 614: Missing candidate or cargo, skipping
⚠️  Row 615: Missing candidate or cargo, skipping
⚠️  Row 616: Missing candidate or cargo, skipping
⚠️  Row 617: Missing candidate or cargo, skipping
⚠️  Row 618: Missing candidate or cargo, skipping
⚠️  Row 619: Missing candidate or cargo, skipping
⚠️  Row 620: Missing candidate or cargo, skipping
⚠️  Row 621: Missing candidate or cargo, skipping
⚠️  Row 622: Missing candidate or cargo, skipping
⚠️  Row 623: Missing candidate or cargo, skipping
⚠️  Row 624: Missing candidate or cargo, skipping
⚠️  Row 625: Missing candidate or cargo, skipping
⚠️  Row 626: Missing candidate or cargo, skipping
⚠️  Row 627: Missing candidate or cargo, skipping
⚠️  Row 628: Missing candidate or cargo, skipping
⚠️  Row 629: Missing candidate or cargo, skipping
⚠️  Row 630: Missing candidate or cargo, skipping
⚠️  Row 631: Missing candidate or cargo, skipping
⚠️  Row 632: Missing candidate or cargo, skipping
⚠️  Row 633: Missing candidate or cargo, skipping
⚠️  Row 634: Missing candidate or cargo, skipping
⚠️  Row 635: Missing candidate or cargo, skipping
⚠️  Row 636: Missing candidate or cargo, skipping
⚠️  Row 637: Missing candidate or cargo, skipping
⚠️  Row 638: Missing candidate or cargo, skipping
⚠️  Row 639: Missing candidate or cargo, skipping
⚠️  Row 640: Missing candidate or cargo, skipping
⚠️  Row 641: Missing candidate or cargo, skipping
⚠️  Row 642: Missing candidate or cargo, skipping
⚠️  Row 643: Missing candidate or cargo, skipping
⚠️  Row 644: Missing candidate or cargo, skipping
⚠️  Row 645: Missing candidate or cargo, skipping
⚠️  Row 646: Missing candidate or cargo, skipping
⚠️  Row 647: Missing candidate or cargo, skipping
⚠️  Row 648: Missing candidate or cargo, skipping
⚠️  Row 649: Missing candidate or cargo, skipping
⚠️  Row 650: Missing candidate or cargo, skipping
⚠️  Row 651: Missing candidate or cargo, skipping
⚠️  Row 652: Missing candidate or cargo, skipping
⚠️  Row 653: Missing candidate or cargo, skipping
⚠️  Row 654: Missing candidate or cargo, skipping
⚠️  Row 655: Missing candidate or cargo, skipping
⚠️  Row 656: Missing candidate or cargo, skipping
⚠️  Row 657: Missing candidate or cargo, skipping
⚠️  Row 658: Missing candidate or cargo, skipping
⚠️  Row 659: Missing candidate or cargo, skipping
⚠️  Row 660: Missing candidate or cargo, skipping
⚠️  Row 661: Missing candidate or cargo, skipping
⚠️  Row 662: Missing candidate or cargo, skipping
⚠️  Row 663: Missing candidate or cargo, skipping
⚠️  Row 664: Missing candidate or cargo, skipping
⚠️  Row 665: Missing candidate or cargo, skipping
⚠️  Row 666: Missing candidate or cargo, skipping
⚠️  Row 667: Missing candidate or cargo, skipping
⚠️  Row 668: Missing candidate or cargo, skipping
⚠️  Row 669: Missing candidate or cargo, skipping
⚠️  Row 670: Missing candidate or cargo, skipping
⚠️  Row 671: Missing candidate or cargo, skipping
⚠️  Row 672: Missing candidate or cargo, skipping
⚠️  Row 673: Missing candidate or cargo, skipping
⚠️  Row 674: Missing candidate or cargo, skipping
⚠️  Row 675: Missing candidate or cargo, skipping
⚠️  Row 676: Missing candidate or cargo, skipping
⚠️  Row 677: Missing candidate or cargo, skipping
⚠️  Row 678: Missing candidate or cargo, skipping
⚠️  Row 679: Missing candidate or cargo, skipping
⚠️  Row 680: Missing candidate or cargo, skipping
⚠️  Row 681: Missing candidate or cargo, skipping
⚠️  Row 682: Missing candidate or cargo, skipping
⚠️  Row 683: Missing candidate or cargo, skipping
⚠️  Row 684: Missing candidate or cargo, skipping
⚠️  Row 685: Missing candidate or cargo, skipping
⚠️  Row 686: Missing candidate or cargo, skipping
⚠️  Row 687: Missing candidate or cargo, skipping
⚠️  Row 688: Missing candidate or cargo, skipping
⚠️  Row 689: Missing candidate or cargo, skipping
⚠️  Row 690: Missing candidate or cargo, skipping
⚠️  Row 691: Missing candidate or cargo, skipping
⚠️  Row 692: Missing candidate or cargo, skipping
⚠️  Row 693: Missing candidate or cargo, skipping
⚠️  Row 694: Missing candidate or cargo, skipping
⚠️  Row 695: Missing candidate or cargo, skipping
⚠️  Row 696: Missing candidate or cargo, skipping
⚠️  Row 697: Missing candidate or cargo, skipping
⚠️  Row 698: Missing candidate or cargo, skipping
⚠️  Row 699: Missing candidate or cargo, skipping
⚠️  Row 700: Missing candidate or cargo, skipping
⚠️  Row 701: Missing candidate or cargo, skipping
⚠️  Row 702: Missing candidate or cargo, skipping
⚠️  Row 703: Missing candidate or cargo, skipping
⚠️  Row 704: Missing candidate or cargo, skipping
⚠️  Row 705: Missing candidate or cargo, skipping
⚠️  Row 706: Missing candidate or cargo, skipping
⚠️  Row 707: Missing candidate or cargo, skipping
⚠️  Row 708: Missing candidate or cargo, skipping
⚠️  Row 709: Missing candidate or cargo, skipping
⚠️  Row 710: Missing candidate or cargo, skipping
⚠️  Row 711: Missing candidate or cargo, skipping
⚠️  Row 712: Missing candidate or cargo, skipping
⚠️  Row 713: Missing candidate or cargo, skipping
⚠️  Row 714: Missing candidate or cargo, skipping
⚠️  Row 715: Missing candidate or cargo, skipping
⚠️  Row 716: Missing candidate or cargo, skipping
⚠️  Row 717: Missing candidate or cargo, skipping
⚠️  Row 718: Missing candidate or cargo, skipping
⚠️  Row 719: Missing candidate or cargo, skipping
⚠️  Row 720: Missing candidate or cargo, skipping
⚠️  Row 721: Missing candidate or cargo, skipping
⚠️  Row 722: Missing candidate or cargo, skipping
⚠️  Row 723: Missing candidate or cargo, skipping
⚠️  Row 724: Missing candidate or cargo, skipping
⚠️  Row 725: Missing candidate or cargo, skipping
⚠️  Row 726: Missing candidate or cargo, skipping
⚠️  Row 727: Missing candidate or cargo, skipping
⚠️  Row 728: Missing candidate or cargo, skipping
⚠️  Row 729: Missing candidate or cargo, skipping
⚠️  Row 730: Missing candidate or cargo, skipping
⚠️  Row 731: Missing candidate or cargo, skipping
⚠️  Row 732: Missing candidate or cargo, skipping
⚠️  Row 733: Missing candidate or cargo, skipping
⚠️  Row 734: Missing candidate or cargo, skipping
⚠️  Row 735: Missing candidate or cargo, skipping
⚠️  Row 736: Missing candidate or cargo, skipping
⚠️  Row 737: Missing candidate or cargo, skipping
⚠️  Row 738: Missing candidate or cargo, skipping
⚠️  Row 739: Missing candidate or cargo, skipping
⚠️  Row 740: Missing candidate or cargo, skipping
⚠️  Row 741: Missing candidate or cargo, skipping
⚠️  Row 742: Missing candidate or cargo, skipping
⚠️  Row 743: Missing candidate or cargo, skipping
⚠️  Row 744: Missing candidate or cargo, skipping
⚠️  Row 745: Missing candidate or cargo, skipping
⚠️  Row 746: Missing candidate or cargo, skipping
⚠️  Row 747: Missing candidate or cargo, skipping
⚠️  Row 748: Missing candidate or cargo, skipping
⚠️  Row 749: Missing candidate or cargo, skipping
⚠️  Row 750: Missing candidate or cargo, skipping
⚠️  Row 751: Missing candidate or cargo, skipping
⚠️  Row 752: Missing candidate or cargo, skipping
⚠️  Row 753: Missing candidate or cargo, skipping
⚠️  Row 754: Missing candidate or cargo, skipping
⚠️  Row 755: Missing candidate or cargo, skipping
⚠️  Row 756: Missing candidate or cargo, skipping
⚠️  Row 757: Missing candidate or cargo, skipping
⚠️  Row 758: Missing candidate or cargo, skipping
⚠️  Row 759: Missing candidate or cargo, skipping
⚠️  Row 760: Missing candidate or cargo, skipping
⚠️  Row 761: Missing candidate or cargo, skipping
⚠️  Row 762: Missing candidate or cargo, skipping
⚠️  Row 763: Missing candidate or cargo, skipping
⚠️  Row 764: Missing candidate or cargo, skipping
⚠️  Row 765: Missing candidate or cargo, skipping
⚠️  Row 766: Missing candidate or cargo, skipping
⚠️  Row 767: Missing candidate or cargo, skipping
⚠️  Row 768: Missing candidate or cargo, skipping
⚠️  Row 769: Missing candidate or cargo, skipping
⚠️  Row 770: Missing candidate or cargo, skipping
⚠️  Row 771: Missing candidate or cargo, skipping
⚠️  Row 772: Missing candidate or cargo, skipping
⚠️  Row 773: Missing candidate or cargo, skipping
⚠️  Row 774: Missing candidate or cargo, skipping
⚠️  Row 775: Missing candidate or cargo, skipping
⚠️  Row 776: Missing candidate or cargo, skipping
⚠️  Row 777: Missing candidate or cargo, skipping
⚠️  Row 778: Missing candidate or cargo, skipping
⚠️  Row 779: Missing candidate or cargo, skipping
⚠️  Row 780: Missing candidate or cargo, skipping
⚠️  Row 781: Missing candidate or cargo, skipping
⚠️  Row 782: Missing candidate or cargo, skipping
⚠️  Row 783: Missing candidate or cargo, skipping
⚠️  Row 784: Missing candidate or cargo, skipping
⚠️  Row 785: Missing candidate or cargo, skipping
⚠️  Row 786: Missing candidate or cargo, skipping
⚠️  Row 787: Missing candidate or cargo, skipping
⚠️  Row 788: Missing candidate or cargo, skipping
⚠️  Row 789: Missing candidate or cargo, skipping
⚠️  Row 790: Missing candidate or cargo, skipping
⚠️  Row 791: Missing candidate or cargo, skipping
⚠️  Row 792: Missing candidate or cargo, skipping
⚠️  Row 793: Missing candidate or cargo, skipping
⚠️  Row 794: Missing candidate or cargo, skipping
⚠️  Row 795: Missing candidate or cargo, skipping
⚠️  Row 796: Missing candidate or cargo, skipping
⚠️  Row 797: Missing candidate or cargo, skipping
⚠️  Row 798: Missing candidate or cargo, skipping
⚠️  Row 799: Missing candidate or cargo, skipping
⚠️  Row 800: Missing candidate or cargo, skipping
⚠️  Row 801: Missing candidate or cargo, skipping
⚠️  Row 802: Missing candidate or cargo, skipping
⚠️  Row 803: Missing candidate or cargo, skipping
⚠️  Row 804: Missing candidate or cargo, skipping
⚠️  Row 805: Missing candidate or cargo, skipping
⚠️  Row 806: Missing candidate or cargo, skipping
⚠️  Row 807: Missing candidate or cargo, skipping
⚠️  Row 808: Missing candidate or cargo, skipping
⚠️  Row 809: Missing candidate or cargo, skipping
⚠️  Row 810: Missing candidate or cargo, skipping
⚠️  Row 811: Missing candidate or cargo, skipping
⚠️  Row 812: Missing candidate or cargo, skipping
⚠️  Row 813: Missing candidate or cargo, skipping
⚠️  Row 814: Missing candidate or cargo, skipping
⚠️  Row 815: Missing candidate or cargo, skipping
⚠️  Row 816: Missing candidate or cargo, skipping
⚠️  Row 817: Missing candidate or cargo, skipping
⚠️  Row 818: Missing candidate or cargo, skipping
⚠️  Row 819: Missing candidate or cargo, skipping
⚠️  Row 820: Missing candidate or cargo, skipping
⚠️  Row 821: Missing candidate or cargo, skipping
⚠️  Row 822: Missing candidate or cargo, skipping
⚠️  Row 823: Missing candidate or cargo, skipping
⚠️  Row 824: Missing candidate or cargo, skipping
⚠️  Row 825: Missing candidate or cargo, skipping
⚠️  Row 826: Missing candidate or cargo, skipping
⚠️  Row 827: Missing candidate or cargo, skipping
⚠️  Row 828: Missing candidate or cargo, skipping
⚠️  Row 829: Missing candidate or cargo, skipping
⚠️  Row 830: Missing candidate or cargo, skipping
⚠️  Row 831: Missing candidate or cargo, skipping
⚠️  Row 832: Missing candidate or cargo, skipping
⚠️  Row 833: Missing candidate or cargo, skipping
⚠️  Row 834: Missing candidate or cargo, skipping
⚠️  Row 835: Missing candidate or cargo, skipping
⚠️  Row 836: Missing candidate or cargo, skipping
⚠️  Row 837: Missing candidate or cargo, skipping
⚠️  Row 838: Missing candidate or cargo, skipping
⚠️  Row 839: Missing candidate or cargo, skipping
⚠️  Row 840: Missing candidate or cargo, skipping
⚠️  Row 841: Missing candidate or cargo, skipping
⚠️  Row 842: Missing candidate or cargo, skipping
⚠️  Row 843: Missing candidate or cargo, skipping
⚠️  Row 844: Missing candidate or cargo, skipping
⚠️  Row 845: Missing candidate or cargo, skipping
⚠️  Row 846: Missing candidate or cargo, skipping
⚠️  Row 847: Missing candidate or cargo, skipping
⚠️  Row 848: Missing candidate or cargo, skipping
⚠️  Row 849: Missing candidate or cargo, skipping
⚠️  Row 850: Missing candidate or cargo, skipping
⚠️  Row 851: Missing candidate or cargo, skipping
⚠️  Row 852: Missing candidate or cargo, skipping
⚠️  Row 853: Missing candidate or cargo, skipping
⚠️  Row 854: Missing candidate or cargo, skipping
⚠️  Row 855: Missing candidate or cargo, skipping
⚠️  Row 856: Missing candidate or cargo, skipping
⚠️  Row 857: Missing candidate or cargo, skipping
⚠️  Row 858: Missing candidate or cargo, skipping
⚠️  Row 859: Missing candidate or cargo, skipping
⚠️  Row 860: Missing candidate or cargo, skipping
⚠️  Row 861: Missing candidate or cargo, skipping
⚠️  Row 862: Missing candidate or cargo, skipping
⚠️  Row 863: Missing candidate or cargo, skipping
⚠️  Row 864: Missing candidate or cargo, skipping
⚠️  Row 865: Missing candidate or cargo, skipping
⚠️  Row 866: Missing candidate or cargo, skipping
⚠️  Row 867: Missing candidate or cargo, skipping
⚠️  Row 868: Missing candidate or cargo, skipping
⚠️  Row 869: Missing candidate or cargo, skipping
⚠️  Row 870: Missing candidate or cargo, skipping
⚠️  Row 871: Missing candidate or cargo, skipping
⚠️  Row 872: Missing candidate or cargo, skipping
⚠️  Row 873: Missing candidate or cargo, skipping
⚠️  Row 874: Missing candidate or cargo, skipping
⚠️  Row 875: Missing candidate or cargo, skipping
⚠️  Row 876: Missing candidate or cargo, skipping
⚠️  Row 877: Missing candidate or cargo, skipping
⚠️  Row 878: Missing candidate or cargo, skipping
⚠️  Row 879: Missing candidate or cargo, skipping
⚠️  Row 880: Missing candidate or cargo, skipping
⚠️  Row 881: Missing candidate or cargo, skipping
⚠️  Row 882: Missing candidate or cargo, skipping
⚠️  Row 883: Missing candidate or cargo, skipping
⚠️  Row 884: Missing candidate or cargo, skipping
⚠️  Row 885: Missing candidate or cargo, skipping
⚠️  Row 886: Missing candidate or cargo, skipping
⚠️  Row 887: Missing candidate or cargo, skipping
⚠️  Row 888: Missing candidate or cargo, skipping
⚠️  Row 889: Missing candidate or cargo, skipping
⚠️  Row 890: Missing candidate or cargo, skipping
⚠️  Row 891: Missing candidate or cargo, skipping
⚠️  Row 892: Missing candidate or cargo, skipping
⚠️  Row 893: Missing candidate or cargo, skipping
⚠️  Row 894: Missing candidate or cargo, skipping
⚠️  Row 895: Missing candidate or cargo, skipping
⚠️  Row 896: Missing candidate or cargo, skipping
⚠️  Row 897: Missing candidate or cargo, skipping
⚠️  Row 898: Missing candidate or cargo, skipping
⚠️  Row 899: Missing candidate or cargo, skipping
⚠️  Row 900: Missing candidate or cargo, skipping
⚠️  Row 901: Missing candidate or cargo, skipping
⚠️  Row 902: Missing candidate or cargo, skipping
⚠️  Row 903: Missing candidate or cargo, skipping
⚠️  Row 904: Missing candidate or cargo, skipping
⚠️  Row 905: Missing candidate or cargo, skipping
⚠️  Row 906: Missing candidate or cargo, skipping
⚠️  Row 907: Missing candidate or cargo, skipping
⚠️  Row 908: Missing candidate or cargo, skipping
⚠️  Row 909: Missing candidate or cargo, skipping
⚠️  Row 910: Missing candidate or cargo, skipping
⚠️  Row 911: Missing candidate or cargo, skipping
⚠️  Row 912: Missing candidate or cargo, skipping
⚠️  Row 913: Missing candidate or cargo, skipping
⚠️  Row 914: Missing candidate or cargo, skipping
⚠️  Row 915: Missing candidate or cargo, skipping
⚠️  Row 916: Missing candidate or cargo, skipping
⚠️  Row 917: Missing candidate or cargo, skipping
⚠️  Row 918: Missing candidate or cargo, skipping
⚠️  Row 919: Missing candidate or cargo, skipping
⚠️  Row 920: Missing candidate or cargo, skipping
⚠️  Row 921: Missing candidate or cargo, skipping
⚠️  Row 922: Missing candidate or cargo, skipping
⚠️  Row 923: Missing candidate or cargo, skipping
⚠️  Row 924: Missing candidate or cargo, skipping
⚠️  Row 925: Missing candidate or cargo, skipping
⚠️  Row 926: Missing candidate or cargo, skipping
⚠️  Row 927: Missing candidate or cargo, skipping
⚠️  Row 928: Missing candidate or cargo, skipping
⚠️  Row 929: Missing candidate or cargo, skipping
⚠️  Row 930: Missing candidate or cargo, skipping
⚠️  Row 931: Missing candidate or cargo, skipping
⚠️  Row 932: Missing candidate or cargo, skipping
⚠️  Row 933: Missing candidate or cargo, skipping
⚠️  Row 934: Missing candidate or cargo, skipping
⚠️  Row 935: Missing candidate or cargo, skipping
⚠️  Row 936: Missing candidate or cargo, skipping
⚠️  Row 937: Missing candidate or cargo, skipping
⚠️  Row 938: Missing candidate or cargo, skipping
⚠️  Row 939: Missing candidate or cargo, skipping
⚠️  Row 940: Missing candidate or cargo, skipping
⚠️  Row 941: Missing candidate or cargo, skipping
⚠️  Row 942: Missing candidate or cargo, skipping
⚠️  Row 943: Missing candidate or cargo, skipping
⚠️  Row 944: Missing candidate or cargo, skipping
⚠️  Row 945: Missing candidate or cargo, skipping
⚠️  Row 946: Missing candidate or cargo, skipping
⚠️  Row 947: Missing candidate or cargo, skipping
⚠️  Row 948: Missing candidate or cargo, skipping
⚠️  Row 949: Missing candidate or cargo, skipping
⚠️  Row 950: Missing candidate or cargo, skipping
⚠️  Row 951: Missing candidate or cargo, skipping
⚠️  Row 952: Missing candidate or cargo, skipping
⚠️  Row 953: Missing candidate or cargo, skipping
⚠️  Row 954: Missing candidate or cargo, skipping
⚠️  Row 955: Missing candidate or cargo, skipping
⚠️  Row 956: Missing candidate or cargo, skipping
⚠️  Row 957: Missing candidate or cargo, skipping
⚠️  Row 958: Missing candidate or cargo, skipping
⚠️  Row 959: Missing candidate or cargo, skipping
⚠️  Row 960: Missing candidate or cargo, skipping
⚠️  Row 961: Missing candidate or cargo, skipping
⚠️  Row 962: Missing candidate or cargo, skipping
⚠️  Row 963: Missing candidate or cargo, skipping
⚠️  Row 964: Missing candidate or cargo, skipping
⚠️  Row 965: Missing candidate or cargo, skipping
⚠️  Row 966: Missing candidate or cargo, skipping
⚠️  Row 967: Missing candidate or cargo, skipping
⚠️  Row 968: Missing candidate or cargo, skipping
⚠️  Row 969: Missing candidate or cargo, skipping
⚠️  Row 970: Missing candidate or cargo, skipping
⚠️  Row 971: Missing candidate or cargo, skipping
⚠️  Row 972: Missing candidate or cargo, skipping
⚠️  Row 973: Missing candidate or cargo, skipping
⚠️  Row 974: Missing candidate or cargo, skipping
⚠️  Row 975: Missing candidate or cargo, skipping
⚠️  Row 976: Missing candidate or cargo, skipping
⚠️  Row 977: Missing candidate or cargo, skipping
⚠️  Row 978: Missing candidate or cargo, skipping
⚠️  Row 979: Missing candidate or cargo, skipping
⚠️  Row 980: Missing candidate or cargo, skipping
⚠️  Row 981: Missing candidate or cargo, skipping
⚠️  Row 982: Missing candidate or cargo, skipping
⚠️  Row 983: Missing candidate or cargo, skipping
⚠️  Row 984: Missing candidate or cargo, skipping
⚠️  Row 985: Missing candidate or cargo, skipping
⚠️  Row 986: Missing candidate or cargo, skipping
⚠️  Row 987: Missing candidate or cargo, skipping
⚠️  Row 988: Missing candidate or cargo, skipping
⚠️  Row 989: Missing candidate or cargo, skipping
⚠️  Row 990: Missing candidate or cargo, skipping
⚠️  Row 991: Missing candidate or cargo, skipping
⚠️  Row 992: Missing candidate or cargo, skipping
⚠️  Row 993: Missing candidate or cargo, skipping
⚠️  Row 994: Missing candidate or cargo, skipping
⚠️  Row 995: Missing candidate or cargo, skipping
⚠️  Row 996: Missing candidate or cargo, skipping
⚠️  Row 997: Missing candidate or cargo, skipping
⚠️  Row 998: Missing candidate or cargo, skipping
⚠️  Row 999: Missing candidate or cargo, skipping
⚠️  Row 1000: Missing candidate or cargo, skipping
⚠️  Row 1001: Missing candidate or cargo, skipping
⚠️  Row 1002: Missing candidate or cargo, skipping
⚠️  Row 1003: Missing candidate or cargo, skipping
⚠️  Row 1004: Missing candidate or cargo, skipping
⚠️  Row 1005: Missing candidate or cargo, skipping
⚠️  Row 1006: Missing candidate or cargo, skipping
⚠️  Row 1007: Missing candidate or cargo, skipping
⚠️  Row 1008: Missing candidate or cargo, skipping
⚠️  Row 1009: Missing candidate or cargo, skipping
⚠️  Row 1010: Missing candidate or cargo, skipping
⚠️  Row 1011: Missing candidate or cargo, skipping
⚠️  Row 1012: Missing candidate or cargo, skipping
⚠️  Row 1013: Missing candidate or cargo, skipping
⚠️  Row 1014: Missing candidate or cargo, skipping
⚠️  Row 1015: Missing candidate or cargo, skipping
⚠️  Row 1016: Missing candidate or cargo, skipping
⚠️  Row 1017: Missing candidate or cargo, skipping
⚠️  Row 1018: Missing candidate or cargo, skipping
⚠️  Row 1019: Missing candidate or cargo, skipping
⚠️  Row 1020: Missing candidate or cargo, skipping
⚠️  Row 1021: Missing candidate or cargo, skipping
⚠️  Row 1022: Missing candidate or cargo, skipping
⚠️  Row 1023: Missing candidate or cargo, skipping
⚠️  Row 1024: Missing candidate or cargo, skipping
⚠️  Row 1025: Missing candidate or cargo, skipping
⚠️  Row 1026: Missing candidate or cargo, skipping
⚠️  Row 1027: Missing candidate or cargo, skipping
⚠️  Row 1028: Missing candidate or cargo, skipping
⚠️  Row 1029: Missing candidate or cargo, skipping
⚠️  Row 1030: Missing candidate or cargo, skipping
⚠️  Row 1031: Missing candidate or cargo, skipping
⚠️  Row 1032: Missing candidate or cargo, skipping
⚠️  Row 1033: Missing candidate or cargo, skipping
⚠️  Row 1034: Missing candidate or cargo, skipping
⚠️  Row 1035: Missing candidate or cargo, skipping
⚠️  Row 1036: Missing candidate or cargo, skipping
⚠️  Row 1037: Missing candidate or cargo, skipping
⚠️  Row 1038: Missing candidate or cargo, skipping
⚠️  Row 1039: Missing candidate or cargo, skipping
⚠️  Row 1040: Missing candidate or cargo, skipping
⚠️  Row 1041: Missing candidate or cargo, skipping
⚠️  Row 1042: Missing candidate or cargo, skipping
⚠️  Row 1043: Missing candidate or cargo, skipping
⚠️  Row 1044: Missing candidate or cargo, skipping
⚠️  Row 1045: Missing candidate or cargo, skipping
⚠️  Row 1046: Missing candidate or cargo, skipping
⚠️  Row 1047: Missing candidate or cargo, skipping
⚠️  Row 1048: Missing candidate or cargo, skipping
⚠️  Row 1049: Missing candidate or cargo, skipping
⚠️  Row 1050: Missing candidate or cargo, skipping
⚠️  Row 1051: Missing candidate or cargo, skipping
⚠️  Row 1052: Missing candidate or cargo, skipping
⚠️  Row 1053: Missing candidate or cargo, skipping
⚠️  Row 1054: Missing candidate or cargo, skipping
⚠️  Row 1055: Missing candidate or cargo, skipping
⚠️  Row 1056: Missing candidate or cargo, skipping
⚠️  Row 1057: Missing candidate or cargo, skipping
⚠️  Row 1058: Missing candidate or cargo, skipping
⚠️  Row 1059: Missing candidate or cargo, skipping
⚠️  Row 1060: Missing candidate or cargo, skipping
⚠️  Row 1061: Missing candidate or cargo, skipping
⚠️  Row 1062: Missing candidate or cargo, skipping
⚠️  Row 1063: Missing candidate or cargo, skipping
⚠️  Row 1064: Missing candidate or cargo, skipping
⚠️  Row 1065: Missing candidate or cargo, skipping
⚠️  Row 1066: Missing candidate or cargo, skipping
⚠️  Row 1067: Missing candidate or cargo, skipping
⚠️  Row 1068: Missing candidate or cargo, skipping
⚠️  Row 1069: Missing candidate or cargo, skipping
⚠️  Row 1070: Missing candidate or cargo, skipping
⚠️  Row 1071: Missing candidate or cargo, skipping
⚠️  Row 1072: Missing candidate or cargo, skipping
⚠️  Row 1073: Missing candidate or cargo, skipping
⚠️  Row 1074: Missing candidate or cargo, skipping
⚠️  Row 1075: Missing candidate or cargo, skipping
⚠️  Row 1076: Missing candidate or cargo, skipping
⚠️  Row 1077: Missing candidate or cargo, skipping
⚠️  Row 1078: Missing candidate or cargo, skipping
⚠️  Row 1079: Missing candidate or cargo, skipping
⚠️  Row 1080: Missing candidate or cargo, skipping
⚠️  Row 1081: Missing candidate or cargo, skipping
⚠️  Row 1082: Missing candidate or cargo, skipping
⚠️  Row 1083: Missing candidate or cargo, skipping
⚠️  Row 1084: Missing candidate or cargo, skipping
⚠️  Row 1085: Missing candidate or cargo, skipping
⚠️  Row 1086: Missing candidate or cargo, skipping
⚠️  Row 1087: Missing candidate or cargo, skipping
⚠️  Row 1088: Missing candidate or cargo, skipping
⚠️  Row 1089: Missing candidate or cargo, skipping
⚠️  Row 1090: Missing candidate or cargo, skipping
⚠️  Row 1091: Missing candidate or cargo, skipping
⚠️  Row 1092: Missing candidate or cargo, skipping
⚠️  Row 1093: Missing candidate or cargo, skipping
⚠️  Row 1094: Missing candidate or cargo, skipping
⚠️  Row 1095: Missing candidate or cargo, skipping
⚠️  Row 1096: Missing candidate or cargo, skipping
⚠️  Row 1097: Missing candidate or cargo, skipping
⚠️  Row 1098: Missing candidate or cargo, skipping
⚠️  Row 1099: Missing candidate or cargo, skipping
⚠️  Row 1100: Missing candidate or cargo, skipping
⚠️  Row 1101: Missing candidate or cargo, skipping
⚠️  Row 1102: Missing candidate or cargo, skipping
⚠️  Row 1103: Missing candidate or cargo, skipping
⚠️  Row 1104: Missing candidate or cargo, skipping
⚠️  Row 1105: Missing candidate or cargo, skipping
⚠️  Row 1106: Missing candidate or cargo, skipping
⚠️  Row 1107: Missing candidate or cargo, skipping
⚠️  Row 1108: Missing candidate or cargo, skipping
⚠️  Row 1109: Missing candidate or cargo, skipping
⚠️  Row 1110: Missing candidate or cargo, skipping
⚠️  Row 1111: Missing candidate or cargo, skipping
⚠️  Row 1112: Missing candidate or cargo, skipping
⚠️  Row 1113: Missing candidate or cargo, skipping
⚠️  Row 1114: Missing candidate or cargo, skipping
⚠️  Row 1115: Missing candidate or cargo, skipping
⚠️  Row 1116: Missing candidate or cargo, skipping
⚠️  Row 1117: Missing candidate or cargo, skipping
⚠️  Row 1118: Missing candidate or cargo, skipping
⚠️  Row 1119: Missing candidate or cargo, skipping
⚠️  Row 1120: Missing candidate or cargo, skipping
⚠️  Row 1121: Missing candidate or cargo, skipping
⚠️  Row 1122: Missing candidate or cargo, skipping
⚠️  Row 1123: Missing candidate or cargo, skipping
⚠️  Row 1124: Missing candidate or cargo, skipping
⚠️  Row 1125: Missing candidate or cargo, skipping
⚠️  Row 1126: Missing candidate or cargo, skipping
⚠️  Row 1127: Missing candidate or cargo, skipping
⚠️  Row 1128: Missing candidate or cargo, skipping
⚠️  Row 1129: Missing candidate or cargo, skipping
⚠️  Row 1130: Missing candidate or cargo, skipping
⚠️  Row 1131: Missing candidate or cargo, skipping
⚠️  Row 1132: Missing candidate or cargo, skipping
⚠️  Row 1133: Missing candidate or cargo, skipping
⚠️  Row 1134: Missing candidate or cargo, skipping
⚠️  Row 1135: Missing candidate or cargo, skipping
⚠️  Row 1136: Missing candidate or cargo, skipping
⚠️  Row 1137: Missing candidate or cargo, skipping
⚠️  Row 1138: Missing candidate or cargo, skipping
⚠️  Row 1139: Missing candidate or cargo, skipping
⚠️  Row 1140: Missing candidate or cargo, skipping
⚠️  Row 1141: Missing candidate or cargo, skipping
⚠️  Row 1142: Missing candidate or cargo, skipping
⚠️  Row 1143: Missing candidate or cargo, skipping
⚠️  Row 1144: Missing candidate or cargo, skipping
⚠️  Row 1145: Missing candidate or cargo, skipping
⚠️  Row 1146: Missing candidate or cargo, skipping
⚠️  Row 1147: Missing candidate or cargo, skipping
⚠️  Row 1148: Missing candidate or cargo, skipping
⚠️  Row 1149: Missing candidate or cargo, skipping
⚠️  Row 1150: Missing candidate or cargo, skipping
⚠️  Row 1151: Missing candidate or cargo, skipping
⚠️  Row 1152: Missing candidate or cargo, skipping
⚠️  Row 1153: Missing candidate or cargo, skipping
⚠️  Row 1154: Missing candidate or cargo, skipping
⚠️  Row 1155: Missing candidate or cargo, skipping
⚠️  Row 1156: Missing candidate or cargo, skipping
⚠️  Row 1157: Missing candidate or cargo, skipping
⚠️  Row 1158: Missing candidate or cargo, skipping
⚠️  Row 1159: Missing candidate or cargo, skipping
⚠️  Row 1160: Missing candidate or cargo, skipping
⚠️  Row 1161: Missing candidate or cargo, skipping
⚠️  Row 1162: Missing candidate or cargo, skipping
⚠️  Row 1163: Missing candidate or cargo, skipping
⚠️  Row 1164: Missing candidate or cargo, skipping
⚠️  Row 1165: Missing candidate or cargo, skipping
⚠️  Row 1166: Missing candidate or cargo, skipping
⚠️  Row 1167: Missing candidate or cargo, skipping
⚠️  Row 1168: Missing candidate or cargo, skipping
⚠️  Row 1169: Missing candidate or cargo, skipping
⚠️  Row 1170: Missing candidate or cargo, skipping
⚠️  Row 1171: Missing candidate or cargo, skipping
⚠️  Row 1172: Missing candidate or cargo, skipping
⚠️  Row 1173: Missing candidate or cargo, skipping
⚠️  Row 1174: Missing candidate or cargo, skipping
⚠️  Row 1175: Missing candidate or cargo, skipping
⚠️  Row 1176: Missing candidate or cargo, skipping
⚠️  Row 1177: Missing candidate or cargo, skipping
⚠️  Row 1178: Missing candidate or cargo, skipping
⚠️  Row 1179: Missing candidate or cargo, skipping
⚠️  Row 1180: Missing candidate or cargo, skipping
⚠️  Row 1181: Missing candidate or cargo, skipping
⚠️  Row 1182: Missing candidate or cargo, skipping
⚠️  Row 1183: Missing candidate or cargo, skipping
⚠️  Row 1184: Missing candidate or cargo, skipping
⚠️  Row 1185: Missing candidate or cargo, skipping
⚠️  Row 1186: Missing candidate or cargo, skipping
⚠️  Row 1187: Missing candidate or cargo, skipping
⚠️  Row 1188: Missing candidate or cargo, skipping
⚠️  Row 1189: Missing candidate or cargo, skipping
⚠️  Row 1190: Missing candidate or cargo, skipping
⚠️  Row 1191: Missing candidate or cargo, skipping
⚠️  Row 1192: Missing candidate or cargo, skipping
⚠️  Row 1193: Missing candidate or cargo, skipping
⚠️  Row 1194: Missing candidate or cargo, skipping
⚠️  Row 1195: Missing candidate or cargo, skipping
⚠️  Row 1196: Missing candidate or cargo, skipping
⚠️  Row 1197: Missing candidate or cargo, skipping
⚠️  Row 1198: Missing candidate or cargo, skipping
⚠️  Row 1199: Missing candidate or cargo, skipping
⚠️  Row 1200: Missing candidate or cargo, skipping
⚠️  Row 1201: Missing candidate or cargo, skipping
⚠️  Row 1202: Missing candidate or cargo, skipping
⚠️  Row 1203: Missing candidate or cargo, skipping
⚠️  Row 1204: Missing candidate or cargo, skipping
⚠️  Row 1205: Missing candidate or cargo, skipping
⚠️  Row 1206: Missing candidate or cargo, skipping
⚠️  Row 1207: Missing candidate or cargo, skipping
⚠️  Row 1208: Missing candidate or cargo, skipping
⚠️  Row 1209: Missing candidate or cargo, skipping
⚠️  Row 1210: Missing candidate or cargo, skipping
⚠️  Row 1211: Missing candidate or cargo, skipping
⚠️  Row 1212: Missing candidate or cargo, skipping
⚠️  Row 1213: Missing candidate or cargo, skipping
⚠️  Row 1214: Missing candidate or cargo, skipping
⚠️  Row 1215: Missing candidate or cargo, skipping
⚠️  Row 1216: Missing candidate or cargo, skipping
⚠️  Row 1217: Missing candidate or cargo, skipping
⚠️  Row 1218: Missing candidate or cargo, skipping
⚠️  Row 1219: Missing candidate or cargo, skipping
⚠️  Row 1220: Missing candidate or cargo, skipping
⚠️  Row 1221: Missing candidate or cargo, skipping
⚠️  Row 1222: Missing candidate or cargo, skipping
⚠️  Row 1223: Missing candidate or cargo, skipping
⚠️  Row 1224: Missing candidate or cargo, skipping
⚠️  Row 1225: Missing candidate or cargo, skipping
⚠️  Row 1226: Missing candidate or cargo, skipping
⚠️  Row 1227: Missing candidate or cargo, skipping
⚠️  Row 1228: Missing candidate or cargo, skipping
⚠️  Row 1229: Missing candidate or cargo, skipping
⚠️  Row 1230: Missing candidate or cargo, skipping
⚠️  Row 1231: Missing candidate or cargo, skipping
⚠️  Row 1232: Missing candidate or cargo, skipping
⚠️  Row 1233: Missing candidate or cargo, skipping
⚠️  Row 1234: Missing candidate or cargo, skipping
⚠️  Row 1235: Missing candidate or cargo, skipping
⚠️  Row 1236: Missing candidate or cargo, skipping
⚠️  Row 1237: Missing candidate or cargo, skipping
⚠️  Row 1238: Missing candidate or cargo, skipping
⚠️  Row 1239: Missing candidate or cargo, skipping
⚠️  Row 1240: Missing candidate or cargo, skipping
⚠️  Row 1241: Missing candidate or cargo, skipping
⚠️  Row 1242: Missing candidate or cargo, skipping
⚠️  Row 1243: Missing candidate or cargo, skipping
⚠️  Row 1244: Missing candidate or cargo, skipping
⚠️  Row 1245: Missing candidate or cargo, skipping
⚠️  Row 1246: Missing candidate or cargo, skipping
⚠️  Row 1247: Missing candidate or cargo, skipping
⚠️  Row 1248: Missing candidate or cargo, skipping
⚠️  Row 1249: Missing candidate or cargo, skipping
⚠️  Row 1250: Missing candidate or cargo, skipping
⚠️  Row 1251: Missing candidate or cargo, skipping
⚠️  Row 1252: Missing candidate or cargo, skipping
⚠️  Row 1253: Missing candidate or cargo, skipping
⚠️  Row 1254: Missing candidate or cargo, skipping
⚠️  Row 1255: Missing candidate or cargo, skipping
⚠️  Row 1256: Missing candidate or cargo, skipping
⚠️  Row 1257: Missing candidate or cargo, skipping
⚠️  Row 1258: Missing candidate or cargo, skipping
⚠️  Row 1259: Missing candidate or cargo, skipping
⚠️  Row 1260: Missing candidate or cargo, skipping
⚠️  Row 1261: Missing candidate or cargo, skipping
⚠️  Row 1262: Missing candidate or cargo, skipping
⚠️  Row 1263: Missing candidate or cargo, skipping
⚠️  Row 1264: Missing candidate or cargo, skipping
⚠️  Row 1265: Missing candidate or cargo, skipping
⚠️  Row 1266: Missing candidate or cargo, skipping
⚠️  Row 1267: Missing candidate or cargo, skipping
⚠️  Row 1268: Missing candidate or cargo, skipping
⚠️  Row 1269: Missing candidate or cargo, skipping
⚠️  Row 1270: Missing candidate or cargo, skipping
⚠️  Row 1271: Missing candidate or cargo, skipping
⚠️  Row 1272: Missing candidate or cargo, skipping
⚠️  Row 1273: Missing candidate or cargo, skipping
⚠️  Row 1274: Missing candidate or cargo, skipping
⚠️  Row 1275: Missing candidate or cargo, skipping
⚠️  Row 1276: Missing candidate or cargo, skipping
⚠️  Row 1277: Missing candidate or cargo, skipping
⚠️  Row 1278: Missing candidate or cargo, skipping
⚠️  Row 1279: Missing candidate or cargo, skipping
⚠️  Row 1280: Missing candidate or cargo, skipping
⚠️  Row 1281: Missing candidate or cargo, skipping
⚠️  Row 1282: Missing candidate or cargo, skipping
⚠️  Row 1283: Missing candidate or cargo, skipping
⚠️  Row 1284: Missing candidate or cargo, skipping
⚠️  Row 1285: Missing candidate or cargo, skipping
⚠️  Row 1286: Missing candidate or cargo, skipping
⚠️  Row 1287: Missing candidate or cargo, skipping
⚠️  Row 1288: Missing candidate or cargo, skipping
⚠️  Row 1289: Missing candidate or cargo, skipping
⚠️  Row 1290: Missing candidate or cargo, skipping
⚠️  Row 1291: Missing candidate or cargo, skipping
⚠️  Row 1292: Missing candidate or cargo, skipping
⚠️  Row 1293: Missing candidate or cargo, skipping
⚠️  Row 1294: Missing candidate or cargo, skipping
⚠️  Row 1295: Missing candidate or cargo, skipping
⚠️  Row 1296: Missing candidate or cargo, skipping
⚠️  Row 1297: Missing candidate or cargo, skipping
⚠️  Row 1298: Missing candidate or cargo, skipping
⚠️  Row 1299: Missing candidate or cargo, skipping
⚠️  Row 1300: Missing candidate or cargo, skipping
⚠️  Row 1301: Missing candidate or cargo, skipping
⚠️  Row 1302: Missing candidate or cargo, skipping
⚠️  Row 1303: Missing candidate or cargo, skipping
⚠️  Row 1304: Missing candidate or cargo, skipping
⚠️  Row 1305: Missing candidate or cargo, skipping
⚠️  Row 1306: Missing candidate or cargo, skipping
⚠️  Row 1307: Missing candidate or cargo, skipping
⚠️  Row 1308: Missing candidate or cargo, skipping
⚠️  Row 1309: Missing candidate or cargo, skipping
⚠️  Row 1310: Missing candidate or cargo, skipping
⚠️  Row 1311: Missing candidate or cargo, skipping
⚠️  Row 1312: Missing candidate or cargo, skipping
⚠️  Row 1313: Missing candidate or cargo, skipping
⚠️  Row 1314: Missing candidate or cargo, skipping
⚠️  Row 1315: Missing candidate or cargo, skipping
⚠️  Row 1316: Missing candidate or cargo, skipping
⚠️  Row 1317: Missing candidate or cargo, skipping
⚠️  Row 1318: Missing candidate or cargo, skipping
⚠️  Row 1319: Missing candidate or cargo, skipping
⚠️  Row 1320: Missing candidate or cargo, skipping
⚠️  Row 1321: Missing candidate or cargo, skipping
⚠️  Row 1322: Missing candidate or cargo, skipping
⚠️  Row 1323: Missing candidate or cargo, skipping
⚠️  Row 1324: Missing candidate or cargo, skipping
⚠️  Row 1325: Missing candidate or cargo, skipping
⚠️  Row 1326: Missing candidate or cargo, skipping
⚠️  Row 1327: Missing candidate or cargo, skipping
⚠️  Row 1328: Missing candidate or cargo, skipping
⚠️  Row 1329: Missing candidate or cargo, skipping
⚠️  Row 1330: Missing candidate or cargo, skipping
⚠️  Row 1331: Missing candidate or cargo, skipping
⚠️  Row 1332: Missing candidate or cargo, skipping
⚠️  Row 1333: Missing candidate or cargo, skipping
⚠️  Row 1334: Missing candidate or cargo, skipping
⚠️  Row 1335: Missing candidate or cargo, skipping
⚠️  Row 1336: Missing candidate or cargo, skipping
⚠️  Row 1337: Missing candidate or cargo, skipping
⚠️  Row 1338: Missing candidate or cargo, skipping
⚠️  Row 1339: Missing candidate or cargo, skipping
⚠️  Row 1340: Missing candidate or cargo, skipping
⚠️  Row 1341: Missing candidate or cargo, skipping
⚠️  Row 1342: Missing candidate or cargo, skipping
⚠️  Row 1343: Missing candidate or cargo, skipping
⚠️  Row 1344: Missing candidate or cargo, skipping
⚠️  Row 1345: Missing candidate or cargo, skipping
⚠️  Row 1346: Missing candidate or cargo, skipping
⚠️  Row 1347: Missing candidate or cargo, skipping
⚠️  Row 1348: Missing candidate or cargo, skipping
⚠️  Row 1349: Missing candidate or cargo, skipping
⚠️  Row 1350: Missing candidate or cargo, skipping
⚠️  Row 1351: Missing candidate or cargo, skipping
⚠️  Row 1352: Missing candidate or cargo, skipping
⚠️  Row 1353: Missing candidate or cargo, skipping
⚠️  Row 1354: Missing candidate or cargo, skipping
⚠️  Row 1355: Missing candidate or cargo, skipping
⚠️  Row 1356: Missing candidate or cargo, skipping
⚠️  Row 1357: Missing candidate or cargo, skipping
⚠️  Row 1358: Missing candidate or cargo, skipping
⚠️  Row 1359: Missing candidate or cargo, skipping
⚠️  Row 1360: Missing candidate or cargo, skipping
⚠️  Row 1361: Missing candidate or cargo, skipping
⚠️  Row 1362: Missing candidate or cargo, skipping
⚠️  Row 1363: Missing candidate or cargo, skipping
⚠️  Row 1364: Missing candidate or cargo, skipping
⚠️  Row 1365: Missing candidate or cargo, skipping
⚠️  Row 1366: Missing candidate or cargo, skipping
⚠️  Row 1367: Missing candidate or cargo, skipping
⚠️  Row 1368: Missing candidate or cargo, skipping
⚠️  Row 1369: Missing candidate or cargo, skipping
⚠️  Row 1370: Missing candidate or cargo, skipping
⚠️  Row 1371: Missing candidate or cargo, skipping
⚠️  Row 1372: Missing candidate or cargo, skipping
⚠️  Row 1373: Missing candidate or cargo, skipping
⚠️  Row 1374: Missing candidate or cargo, skipping
⚠️  Row 1375: Missing candidate or cargo, skipping
⚠️  Row 1376: Missing candidate or cargo, skipping
⚠️  Row 1377: Missing candidate or cargo, skipping
⚠️  Row 1378: Missing candidate or cargo, skipping
⚠️  Row 1379: Missing candidate or cargo, skipping
⚠️  Row 1380: Missing candidate or cargo, skipping
⚠️  Row 1381: Missing candidate or cargo, skipping
⚠️  Row 1382: Missing candidate or cargo, skipping
⚠️  Row 1383: Missing candidate or cargo, skipping
⚠️  Row 1384: Missing candidate or cargo, skipping
⚠️  Row 1385: Missing candidate or cargo, skipping
⚠️  Row 1386: Missing candidate or cargo, skipping
⚠️  Row 1387: Missing candidate or cargo, skipping
⚠️  Row 1388: Missing candidate or cargo, skipping
⚠️  Row 1389: Missing candidate or cargo, skipping
⚠️  Row 1390: Missing candidate or cargo, skipping
⚠️  Row 1391: Missing candidate or cargo, skipping
⚠️  Row 1392: Missing candidate or cargo, skipping
⚠️  Row 1393: Missing candidate or cargo, skipping
⚠️  Row 1394: Missing candidate or cargo, skipping
⚠️  Row 1395: Missing candidate or cargo, skipping
⚠️  Row 1396: Missing candidate or cargo, skipping
⚠️  Row 1397: Missing candidate or cargo, skipping
⚠️  Row 1398: Missing candidate or cargo, skipping
⚠️  Row 1399: Missing candidate or cargo, skipping
⚠️  Row 1400: Missing candidate or cargo, skipping
⚠️  Row 1401: Missing candidate or cargo, skipping
⚠️  Row 1402: Missing candidate or cargo, skipping
⚠️  Row 1403: Missing candidate or cargo, skipping
⚠️  Row 1404: Missing candidate or cargo, skipping
⚠️  Row 1405: Missing candidate or cargo, skipping
⚠️  Row 1406: Missing candidate or cargo, skipping
⚠️  Row 1407: Missing candidate or cargo, skipping
⚠️  Row 1408: Missing candidate or cargo, skipping
⚠️  Row 1409: Missing candidate or cargo, skipping
⚠️  Row 1410: Missing candidate or cargo, skipping
⚠️  Row 1411: Missing candidate or cargo, skipping
⚠️  Row 1412: Missing candidate or cargo, skipping
⚠️  Row 1413: Missing candidate or cargo, skipping
⚠️  Row 1414: Missing candidate or cargo, skipping
⚠️  Row 1415: Missing candidate or cargo, skipping
⚠️  Row 1416: Missing candidate or cargo, skipping
⚠️  Row 1417: Missing candidate or cargo, skipping
⚠️  Row 1418: Missing candidate or cargo, skipping
⚠️  Row 1419: Missing candidate or cargo, skipping
⚠️  Row 1420: Missing candidate or cargo, skipping
⚠️  Row 1421: Missing candidate or cargo, skipping
⚠️  Row 1422: Missing candidate or cargo, skipping
⚠️  Row 1423: Missing candidate or cargo, skipping
⚠️  Row 1424: Missing candidate or cargo, skipping
⚠️  Row 1425: Missing candidate or cargo, skipping
⚠️  Row 1426: Missing candidate or cargo, skipping
⚠️  Row 1427: Missing candidate or cargo, skipping
⚠️  Row 1428: Missing candidate or cargo, skipping
⚠️  Row 1429: Missing candidate or cargo, skipping
⚠️  Row 1430: Missing candidate or cargo, skipping
⚠️  Row 1431: Missing candidate or cargo, skipping
⚠️  Row 1432: Missing candidate or cargo, skipping
⚠️  Row 1433: Missing candidate or cargo, skipping
⚠️  Row 1434: Missing candidate or cargo, skipping
⚠️  Row 1435: Missing candidate or cargo, skipping
⚠️  Row 1436: Missing candidate or cargo, skipping
⚠️  Row 1437: Missing candidate or cargo, skipping
⚠️  Row 1438: Missing candidate or cargo, skipping
⚠️  Row 1439: Missing candidate or cargo, skipping
⚠️  Row 1440: Missing candidate or cargo, skipping
⚠️  Row 1441: Missing candidate or cargo, skipping
⚠️  Row 1442: Missing candidate or cargo, skipping
⚠️  Row 1443: Missing candidate or cargo, skipping
⚠️  Row 1444: Missing candidate or cargo, skipping
⚠️  Row 1445: Missing candidate or cargo, skipping
⚠️  Row 1446: Missing candidate or cargo, skipping
⚠️  Row 1447: Missing candidate or cargo, skipping
⚠️  Row 1448: Missing candidate or cargo, skipping
⚠️  Row 1449: Missing candidate or cargo, skipping
⚠️  Row 1450: Missing candidate or cargo, skipping
⚠️  Row 1451: Missing candidate or cargo, skipping
⚠️  Row 1452: Missing candidate or cargo, skipping
⚠️  Row 1453: Missing candidate or cargo, skipping
⚠️  Row 1454: Missing candidate or cargo, skipping
⚠️  Row 1455: Missing candidate or cargo, skipping
⚠️  Row 1456: Missing candidate or cargo, skipping
⚠️  Row 1457: Missing candidate or cargo, skipping
⚠️  Row 1458: Missing candidate or cargo, skipping
⚠️  Row 1459: Missing candidate or cargo, skipping
⚠️  Row 1460: Missing candidate or cargo, skipping
⚠️  Row 1461: Missing candidate or cargo, skipping
⚠️  Row 1462: Missing candidate or cargo, skipping
⚠️  Row 1463: Missing candidate or cargo, skipping
⚠️  Row 1464: Missing candidate or cargo, skipping
⚠️  Row 1465: Missing candidate or cargo, skipping
⚠️  Row 1466: Missing candidate or cargo, skipping
⚠️  Row 1467: Missing candidate or cargo, skipping
⚠️  Row 1468: Missing candidate or cargo, skipping
⚠️  Row 1469: Missing candidate or cargo, skipping
⚠️  Row 1470: Missing candidate or cargo, skipping
⚠️  Row 1471: Missing candidate or cargo, skipping
⚠️  Row 1472: Missing candidate or cargo, skipping
⚠️  Row 1473: Missing candidate or cargo, skipping
⚠️  Row 1474: Missing candidate or cargo, skipping
⚠️  Row 1475: Missing candidate or cargo, skipping
⚠️  Row 1476: Missing candidate or cargo, skipping
⚠️  Row 1477: Missing candidate or cargo, skipping
⚠️  Row 1478: Missing candidate or cargo, skipping
⚠️  Row 1479: Missing candidate or cargo, skipping
⚠️  Row 1480: Missing candidate or cargo, skipping
⚠️  Row 1481: Missing candidate or cargo, skipping
⚠️  Row 1482: Missing candidate or cargo, skipping
⚠️  Row 1483: Missing candidate or cargo, skipping
⚠️  Row 1484: Missing candidate or cargo, skipping
⚠️  Row 1485: Missing candidate or cargo, skipping
⚠️  Row 1486: Missing candidate or cargo, skipping
⚠️  Row 1487: Missing candidate or cargo, skipping
⚠️  Row 1488: Missing candidate or cargo, skipping
⚠️  Row 1489: Missing candidate or cargo, skipping
⚠️  Row 1490: Missing candidate or cargo, skipping
⚠️  Row 1491: Missing candidate or cargo, skipping
⚠️  Row 1492: Missing candidate or cargo, skipping
⚠️  Row 1493: Missing candidate or cargo, skipping
⚠️  Row 1494: Missing candidate or cargo, skipping
⚠️  Row 1495: Missing candidate or cargo, skipping
⚠️  Row 1496: Missing candidate or cargo, skipping
⚠️  Row 1497: Missing candidate or cargo, skipping
⚠️  Row 1498: Missing candidate or cargo, skipping
⚠️  Row 1499: Missing candidate or cargo, skipping
⚠️  Row 1500: Missing candidate or cargo, skipping
⚠️  Row 1501: Missing candidate or cargo, skipping
⚠️  Row 1502: Missing candidate or cargo, skipping
⚠️  Row 1503: Missing candidate or cargo, skipping
⚠️  Row 1504: Missing candidate or cargo, skipping
⚠️  Row 1505: Missing candidate or cargo, skipping
⚠️  Row 1506: Missing candidate or cargo, skipping
⚠️  Row 1507: Missing candidate or cargo, skipping
⚠️  Row 1508: Missing candidate or cargo, skipping
⚠️  Row 1509: Missing candidate or cargo, skipping
⚠️  Row 1510: Missing candidate or cargo, skipping
⚠️  Row 1511: Missing candidate or cargo, skipping
⚠️  Row 1512: Missing candidate or cargo, skipping
⚠️  Row 1513: Missing candidate or cargo, skipping
⚠️  Row 1514: Missing candidate or cargo, skipping
⚠️  Row 1515: Missing candidate or cargo, skipping
⚠️  Row 1516: Missing candidate or cargo, skipping
⚠️  Row 1517: Missing candidate or cargo, skipping
⚠️  Row 1518: Missing candidate or cargo, skipping
⚠️  Row 1519: Missing candidate or cargo, skipping
⚠️  Row 1520: Missing candidate or cargo, skipping
⚠️  Row 1521: Missing candidate or cargo, skipping
⚠️  Row 1522: Missing candidate or cargo, skipping
⚠️  Row 1523: Missing candidate or cargo, skipping
⚠️  Row 1524: Missing candidate or cargo, skipping
⚠️  Row 1525: Missing candidate or cargo, skipping
⚠️  Row 1526: Missing candidate or cargo, skipping
⚠️  Row 1527: Missing candidate or cargo, skipping
⚠️  Row 1528: Missing candidate or cargo, skipping
⚠️  Row 1529: Missing candidate or cargo, skipping
⚠️  Row 1530: Missing candidate or cargo, skipping
⚠️  Row 1531: Missing candidate or cargo, skipping
⚠️  Row 1532: Missing candidate or cargo, skipping
⚠️  Row 1533: Missing candidate or cargo, skipping
⚠️  Row 1534: Missing candidate or cargo, skipping
⚠️  Row 1535: Missing candidate or cargo, skipping
⚠️  Row 1536: Missing candidate or cargo, skipping
⚠️  Row 1537: Missing candidate or cargo, skipping
⚠️  Row 1538: Missing candidate or cargo, skipping
⚠️  Row 1539: Missing candidate or cargo, skipping
⚠️  Row 1540: Missing candidate or cargo, skipping
⚠️  Row 1541: Missing candidate or cargo, skipping
⚠️  Row 1542: Missing candidate or cargo, skipping
⚠️  Row 1543: Missing candidate or cargo, skipping
⚠️  Row 1544: Missing candidate or cargo, skipping
⚠️  Row 1545: Missing candidate or cargo, skipping
⚠️  Row 1546: Missing candidate or cargo, skipping
⚠️  Row 1547: Missing candidate or cargo, skipping
⚠️  Row 1548: Missing candidate or cargo, skipping
⚠️  Row 1549: Missing candidate or cargo, skipping
⚠️  Row 1550: Missing candidate or cargo, skipping
⚠️  Row 1551: Missing candidate or cargo, skipping
⚠️  Row 1552: Missing candidate or cargo, skipping
⚠️  Row 1553: Missing candidate or cargo, skipping
⚠️  Row 1554: Missing candidate or cargo, skipping
⚠️  Row 1555: Missing candidate or cargo, skipping
⚠️  Row 1556: Missing candidate or cargo, skipping
⚠️  Row 1557: Missing candidate or cargo, skipping
⚠️  Row 1558: Missing candidate or cargo, skipping
⚠️  Row 1559: Missing candidate or cargo, skipping
⚠️  Row 1560: Missing candidate or cargo, skipping
⚠️  Row 1561: Missing candidate or cargo, skipping
⚠️  Row 1562: Missing candidate or cargo, skipping
⚠️  Row 1563: Missing candidate or cargo, skipping
⚠️  Row 1564: Missing candidate or cargo, skipping
⚠️  Row 1565: Missing candidate or cargo, skipping
⚠️  Row 1566: Missing candidate or cargo, skipping
⚠️  Row 1567: Missing candidate or cargo, skipping
⚠️  Row 1568: Missing candidate or cargo, skipping
⚠️  Row 1569: Missing candidate or cargo, skipping
⚠️  Row 1570: Missing candidate or cargo, skipping
⚠️  Row 1571: Missing candidate or cargo, skipping
⚠️  Row 1572: Missing candidate or cargo, skipping
⚠️  Row 1573: Missing candidate or cargo, skipping
⚠️  Row 1574: Missing candidate or cargo, skipping
⚠️  Row 1575: Missing candidate or cargo, skipping
⚠️  Row 1576: Missing candidate or cargo, skipping
⚠️  Row 1577: Missing candidate or cargo, skipping
⚠️  Row 1578: Missing candidate or cargo, skipping
⚠️  Row 1579: Missing candidate or cargo, skipping
⚠️  Row 1580: Missing candidate or cargo, skipping
⚠️  Row 1581: Missing candidate or cargo, skipping
⚠️  Row 1582: Missing candidate or cargo, skipping
⚠️  Row 1583: Missing candidate or cargo, skipping
⚠️  Row 1584: Missing candidate or cargo, skipping
⚠️  Row 1585: Missing candidate or cargo, skipping
⚠️  Row 1586: Missing candidate or cargo, skipping
⚠️  Row 1587: Missing candidate or cargo, skipping
⚠️  Row 1588: Missing candidate or cargo, skipping
⚠️  Row 1589: Missing candidate or cargo, skipping
⚠️  Row 1590: Missing candidate or cargo, skipping
⚠️  Row 1591: Missing candidate or cargo, skipping
⚠️  Row 1592: Missing candidate or cargo, skipping
⚠️  Row 1593: Missing candidate or cargo, skipping
⚠️  Row 1594: Missing candidate or cargo, skipping
⚠️  Row 1595: Missing candidate or cargo, skipping
⚠️  Row 1596: Missing candidate or cargo, skipping
⚠️  Row 1597: Missing candidate or cargo, skipping
⚠️  Row 1598: Missing candidate or cargo, skipping
⚠️  Row 1599: Missing candidate or cargo, skipping
⚠️  Row 1600: Missing candidate or cargo, skipping
⚠️  Row 1601: Missing candidate or cargo, skipping
⚠️  Row 1602: Missing candidate or cargo, skipping
⚠️  Row 1603: Missing candidate or cargo, skipping
⚠️  Row 1604: Missing candidate or cargo, skipping
⚠️  Row 1605: Missing candidate or cargo, skipping
⚠️  Row 1606: Missing candidate or cargo, skipping
⚠️  Row 1607: Missing candidate or cargo, skipping
⚠️  Row 1608: Missing candidate or cargo, skipping
⚠️  Row 1609: Missing candidate or cargo, skipping
⚠️  Row 1610: Missing candidate or cargo, skipping
⚠️  Row 1611: Missing candidate or cargo, skipping
⚠️  Row 1612: Missing candidate or cargo, skipping
⚠️  Row 1613: Missing candidate or cargo, skipping
⚠️  Row 1614: Missing candidate or cargo, skipping
⚠️  Row 1615: Missing candidate or cargo, skipping
⚠️  Row 1616: Missing candidate or cargo, skipping
⚠️  Row 1617: Missing candidate or cargo, skipping
⚠️  Row 1618: Missing candidate or cargo, skipping
⚠️  Row 1619: Missing candidate or cargo, skipping
⚠️  Row 1620: Missing candidate or cargo, skipping
⚠️  Row 1621: Missing candidate or cargo, skipping
⚠️  Row 1622: Missing candidate or cargo, skipping
⚠️  Row 1623: Missing candidate or cargo, skipping
⚠️  Row 1624: Missing candidate or cargo, skipping
⚠️  Row 1625: Missing candidate or cargo, skipping
⚠️  Row 1626: Missing candidate or cargo, skipping
⚠️  Row 1627: Missing candidate or cargo, skipping
⚠️  Row 1628: Missing candidate or cargo, skipping
⚠️  Row 1629: Missing candidate or cargo, skipping
⚠️  Row 1630: Missing candidate or cargo, skipping
⚠️  Row 1631: Missing candidate or cargo, skipping
⚠️  Row 1632: Missing candidate or cargo, skipping
⚠️  Row 1633: Missing candidate or cargo, skipping
⚠️  Row 1634: Missing candidate or cargo, skipping
⚠️  Row 1635: Missing candidate or cargo, skipping
⚠️  Row 1636: Missing candidate or cargo, skipping
⚠️  Row 1637: Missing candidate or cargo, skipping
⚠️  Row 1638: Missing candidate or cargo, skipping
⚠️  Row 1639: Missing candidate or cargo, skipping
⚠️  Row 1640: Missing candidate or cargo, skipping
⚠️  Row 1641: Missing candidate or cargo, skipping
⚠️  Row 1642: Missing candidate or cargo, skipping
⚠️  Row 1643: Missing candidate or cargo, skipping
⚠️  Row 1644: Missing candidate or cargo, skipping
⚠️  Row 1645: Missing candidate or cargo, skipping
⚠️  Row 1646: Missing candidate or cargo, skipping
⚠️  Row 1647: Missing candidate or cargo, skipping
⚠️  Row 1648: Missing candidate or cargo, skipping
⚠️  Row 1649: Missing candidate or cargo, skipping
⚠️  Row 1650: Missing candidate or cargo, skipping
⚠️  Row 1651: Missing candidate or cargo, skipping
⚠️  Row 1652: Missing candidate or cargo, skipping
⚠️  Row 1653: Missing candidate or cargo, skipping
⚠️  Row 1654: Missing candidate or cargo, skipping
⚠️  Row 1655: Missing candidate or cargo, skipping
⚠️  Row 1656: Missing candidate or cargo, skipping
⚠️  Row 1657: Missing candidate or cargo, skipping
⚠️  Row 1658: Missing candidate or cargo, skipping
⚠️  Row 1659: Missing candidate or cargo, skipping
⚠️  Row 1660: Missing candidate or cargo, skipping
⚠️  Row 1661: Missing candidate or cargo, skipping
⚠️  Row 1662: Missing candidate or cargo, skipping
⚠️  Row 1663: Missing candidate or cargo, skipping
⚠️  Row 1664: Missing candidate or cargo, skipping
⚠️  Row 1665: Missing candidate or cargo, skipping
⚠️  Row 1666: Missing candidate or cargo, skipping
⚠️  Row 1667: Missing candidate or cargo, skipping
⚠️  Row 1668: Missing candidate or cargo, skipping
⚠️  Row 1669: Missing candidate or cargo, skipping
⚠️  Row 1670: Missing candidate or cargo, skipping
⚠️  Row 1671: Missing candidate or cargo, skipping
⚠️  Row 1672: Missing candidate or cargo, skipping
⚠️  Row 1673: Missing candidate or cargo, skipping
⚠️  Row 1674: Missing candidate or cargo, skipping
⚠️  Row 1675: Missing candidate or cargo, skipping
⚠️  Row 1676: Missing candidate or cargo, skipping
⚠️  Row 1677: Missing candidate or cargo, skipping
⚠️  Row 1678: Missing candidate or cargo, skipping
⚠️  Row 1679: Missing candidate or cargo, skipping
⚠️  Row 1680: Missing candidate or cargo, skipping
⚠️  Row 1681: Missing candidate or cargo, skipping
⚠️  Row 1682: Missing candidate or cargo, skipping
⚠️  Row 1683: Missing candidate or cargo, skipping
⚠️  Row 1684: Missing candidate or cargo, skipping
⚠️  Row 1685: Missing candidate or cargo, skipping
⚠️  Row 1686: Missing candidate or cargo, skipping
⚠️  Row 1687: Missing candidate or cargo, skipping
⚠️  Row 1688: Missing candidate or cargo, skipping
⚠️  Row 1689: Missing candidate or cargo, skipping
⚠️  Row 1690: Missing candidate or cargo, skipping
⚠️  Row 1691: Missing candidate or cargo, skipping
⚠️  Row 1692: Missing candidate or cargo, skipping
⚠️  Row 1693: Missing candidate or cargo, skipping
⚠️  Row 1694: Missing candidate or cargo, skipping
⚠️  Row 1695: Missing candidate or cargo, skipping
⚠️  Row 1696: Missing candidate or cargo, skipping
⚠️  Row 1697: Missing candidate or cargo, skipping
⚠️  Row 1698: Missing candidate or cargo, skipping
⚠️  Row 1699: Missing candidate or cargo, skipping
⚠️  Row 1700: Missing candidate or cargo, skipping
⚠️  Row 1701: Missing candidate or cargo, skipping
⚠️  Row 1702: Missing candidate or cargo, skipping
⚠️  Row 1703: Missing candidate or cargo, skipping
⚠️  Row 1704: Missing candidate or cargo, skipping
⚠️  Row 1705: Missing candidate or cargo, skipping
⚠️  Row 1706: Missing candidate or cargo, skipping
⚠️  Row 1707: Missing candidate or cargo, skipping
⚠️  Row 1708: Missing candidate or cargo, skipping
⚠️  Row 1709: Missing candidate or cargo, skipping
⚠️  Row 1710: Missing candidate or cargo, skipping
⚠️  Row 1711: Missing candidate or cargo, skipping
⚠️  Row 1712: Missing candidate or cargo, skipping
⚠️  Row 1713: Missing candidate or cargo, skipping
⚠️  Row 1714: Missing candidate or cargo, skipping
⚠️  Row 1715: Missing candidate or cargo, skipping
⚠️  Row 1716: Missing candidate or cargo, skipping
⚠️  Row 1717: Missing candidate or cargo, skipping
⚠️  Row 1718: Missing candidate or cargo, skipping
⚠️  Row 1719: Missing candidate or cargo, skipping
⚠️  Row 1720: Missing candidate or cargo, skipping
⚠️  Row 1721: Missing candidate or cargo, skipping
⚠️  Row 1722: Missing candidate or cargo, skipping
⚠️  Row 1723: Missing candidate or cargo, skipping
⚠️  Row 1724: Missing candidate or cargo, skipping
⚠️  Row 1725: Missing candidate or cargo, skipping
⚠️  Row 1726: Missing candidate or cargo, skipping
⚠️  Row 1727: Missing candidate or cargo, skipping
⚠️  Row 1728: Missing candidate or cargo, skipping
⚠️  Row 1729: Missing candidate or cargo, skipping
⚠️  Row 1730: Missing candidate or cargo, skipping
⚠️  Row 1731: Missing candidate or cargo, skipping
⚠️  Row 1732: Missing candidate or cargo, skipping
⚠️  Row 1733: Missing candidate or cargo, skipping
⚠️  Row 1734: Missing candidate or cargo, skipping
⚠️  Row 1735: Missing candidate or cargo, skipping
⚠️  Row 1736: Missing candidate or cargo, skipping
⚠️  Row 1737: Missing candidate or cargo, skipping
⚠️  Row 1738: Missing candidate or cargo, skipping
⚠️  Row 1739: Missing candidate or cargo, skipping
⚠️  Row 1740: Missing candidate or cargo, skipping
⚠️  Row 1741: Missing candidate or cargo, skipping
⚠️  Row 1742: Missing candidate or cargo, skipping
⚠️  Row 1743: Missing candidate or cargo, skipping
⚠️  Row 1744: Missing candidate or cargo, skipping
⚠️  Row 1745: Missing candidate or cargo, skipping
⚠️  Row 1746: Missing candidate or cargo, skipping
⚠️  Row 1747: Missing candidate or cargo, skipping
⚠️  Row 1748: Missing candidate or cargo, skipping
⚠️  Row 1749: Missing candidate or cargo, skipping
⚠️  Row 1750: Missing candidate or cargo, skipping
⚠️  Row 1751: Missing candidate or cargo, skipping
⚠️  Row 1752: Missing candidate or cargo, skipping
⚠️  Row 1753: Missing candidate or cargo, skipping
⚠️  Row 1754: Missing candidate or cargo, skipping
⚠️  Row 1755: Missing candidate or cargo, skipping
⚠️  Row 1756: Missing candidate or cargo, skipping
⚠️  Row 1757: Missing candidate or cargo, skipping
⚠️  Row 1758: Missing candidate or cargo, skipping
⚠️  Row 1759: Missing candidate or cargo, skipping
⚠️  Row 1760: Missing candidate or cargo, skipping
⚠️  Row 1761: Missing candidate or cargo, skipping
⚠️  Row 1762: Missing candidate or cargo, skipping
⚠️  Row 1763: Missing candidate or cargo, skipping
⚠️  Row 1764: Missing candidate or cargo, skipping
⚠️  Row 1765: Missing candidate or cargo, skipping
⚠️  Row 1766: Missing candidate or cargo, skipping
⚠️  Row 1767: Missing candidate or cargo, skipping
⚠️  Row 1768: Missing candidate or cargo, skipping
⚠️  Row 1769: Missing candidate or cargo, skipping
⚠️  Row 1770: Missing candidate or cargo, skipping
⚠️  Row 1771: Missing candidate or cargo, skipping
⚠️  Row 1772: Missing candidate or cargo, skipping
⚠️  Row 1773: Missing candidate or cargo, skipping
⚠️  Row 1774: Missing candidate or cargo, skipping
⚠️  Row 1775: Missing candidate or cargo, skipping
⚠️  Row 1776: Missing candidate or cargo, skipping
⚠️  Row 1777: Missing candidate or cargo, skipping
⚠️  Row 1778: Missing candidate or cargo, skipping
⚠️  Row 1779: Missing candidate or cargo, skipping
⚠️  Row 1780: Missing candidate or cargo, skipping
⚠️  Row 1781: Missing candidate or cargo, skipping
⚠️  Row 1782: Missing candidate or cargo, skipping
⚠️  Row 1783: Missing candidate or cargo, skipping
⚠️  Row 1784: Missing candidate or cargo, skipping
⚠️  Row 1785: Missing candidate or cargo, skipping
⚠️  Row 1786: Missing candidate or cargo, skipping
⚠️  Row 1787: Missing candidate or cargo, skipping
⚠️  Row 1788: Missing candidate or cargo, skipping
⚠️  Row 1789: Missing candidate or cargo, skipping
⚠️  Row 1790: Missing candidate or cargo, skipping
⚠️  Row 1791: Missing candidate or cargo, skipping
⚠️  Row 1792: Missing candidate or cargo, skipping
⚠️  Row 1793: Missing candidate or cargo, skipping
⚠️  Row 1794: Missing candidate or cargo, skipping
⚠️  Row 1795: Missing candidate or cargo, skipping
⚠️  Row 1796: Missing candidate or cargo, skipping
⚠️  Row 1797: Missing candidate or cargo, skipping
⚠️  Row 1798: Missing candidate or cargo, skipping
⚠️  Row 1799: Missing candidate or cargo, skipping
⚠️  Row 1800: Missing candidate or cargo, skipping
⚠️  Row 1801: Missing candidate or cargo, skipping
⚠️  Row 1802: Missing candidate or cargo, skipping
⚠️  Row 1803: Missing candidate or cargo, skipping
⚠️  Row 1804: Missing candidate or cargo, skipping
⚠️  Row 1805: Missing candidate or cargo, skipping
⚠️  Row 1806: Missing candidate or cargo, skipping
⚠️  Row 1807: Missing candidate or cargo, skipping
⚠️  Row 1808: Missing candidate or cargo, skipping
⚠️  Row 1809: Missing candidate or cargo, skipping
⚠️  Row 1810: Missing candidate or cargo, skipping
⚠️  Row 1811: Missing candidate or cargo, skipping
⚠️  Row 1812: Missing candidate or cargo, skipping
⚠️  Row 1813: Missing candidate or cargo, skipping
⚠️  Row 1814: Missing candidate or cargo, skipping
⚠️  Row 1815: Missing candidate or cargo, skipping
⚠️  Row 1816: Missing candidate or cargo, skipping
⚠️  Row 1817: Missing candidate or cargo, skipping
⚠️  Row 1818: Missing candidate or cargo, skipping
⚠️  Row 1819: Missing candidate or cargo, skipping
⚠️  Row 1820: Missing candidate or cargo, skipping
⚠️  Row 1821: Missing candidate or cargo, skipping
⚠️  Row 1822: Missing candidate or cargo, skipping
⚠️  Row 1823: Missing candidate or cargo, skipping
⚠️  Row 1824: Missing candidate or cargo, skipping
⚠️  Row 1825: Missing candidate or cargo, skipping
⚠️  Row 1826: Missing candidate or cargo, skipping
⚠️  Row 1827: Missing candidate or cargo, skipping
⚠️  Row 1828: Missing candidate or cargo, skipping
⚠️  Row 1829: Missing candidate or cargo, skipping
⚠️  Row 1830: Missing candidate or cargo, skipping
⚠️  Row 1831: Missing candidate or cargo, skipping
⚠️  Row 1832: Missing candidate or cargo, skipping
⚠️  Row 1833: Missing candidate or cargo, skipping
⚠️  Row 1834: Missing candidate or cargo, skipping
⚠️  Row 1835: Missing candidate or cargo, skipping
⚠️  Row 1836: Missing candidate or cargo, skipping
⚠️  Row 1837: Missing candidate or cargo, skipping
⚠️  Row 1838: Missing candidate or cargo, skipping
⚠️  Row 1839: Missing candidate or cargo, skipping
⚠️  Row 1840: Missing candidate or cargo, skipping
⚠️  Row 1841: Missing candidate or cargo, skipping
⚠️  Row 1842: Missing candidate or cargo, skipping
⚠️  Row 1843: Missing candidate or cargo, skipping
⚠️  Row 1844: Missing candidate or cargo, skipping
⚠️  Row 1845: Missing candidate or cargo, skipping
⚠️  Row 1846: Missing candidate or cargo, skipping
⚠️  Row 1847: Missing candidate or cargo, skipping
⚠️  Row 1848: Missing candidate or cargo, skipping
⚠️  Row 1849: Missing candidate or cargo, skipping
⚠️  Row 1850: Missing candidate or cargo, skipping
⚠️  Row 1851: Missing candidate or cargo, skipping
⚠️  Row 1852: Missing candidate or cargo, skipping
⚠️  Row 1853: Missing candidate or cargo, skipping
⚠️  Row 1854: Missing candidate or cargo, skipping
⚠️  Row 1855: Missing candidate or cargo, skipping
⚠️  Row 1856: Missing candidate or cargo, skipping
⚠️  Row 1857: Missing candidate or cargo, skipping
⚠️  Row 1858: Missing candidate or cargo, skipping
⚠️  Row 1859: Missing candidate or cargo, skipping
⚠️  Row 1860: Missing candidate or cargo, skipping
⚠️  Row 1861: Missing candidate or cargo, skipping
⚠️  Row 1862: Missing candidate or cargo, skipping
⚠️  Row 1863: Missing candidate or cargo, skipping
⚠️  Row 1864: Missing candidate or cargo, skipping
⚠️  Row 1865: Missing candidate or cargo, skipping
⚠️  Row 1866: Missing candidate or cargo, skipping
⚠️  Row 1867: Missing candidate or cargo, skipping
⚠️  Row 1868: Missing candidate or cargo, skipping
⚠️  Row 1869: Missing candidate or cargo, skipping
⚠️  Row 1870: Missing candidate or cargo, skipping
⚠️  Row 1871: Missing candidate or cargo, skipping
⚠️  Row 1872: Missing candidate or cargo, skipping
⚠️  Row 1873: Missing candidate or cargo, skipping
⚠️  Row 1874: Missing candidate or cargo, skipping
⚠️  Row 1875: Missing candidate or cargo, skipping
⚠️  Row 1876: Missing candidate or cargo, skipping
⚠️  Row 1877: Missing candidate or cargo, skipping
⚠️  Row 1878: Missing candidate or cargo, skipping
⚠️  Row 1879: Missing candidate or cargo, skipping
⚠️  Row 1880: Missing candidate or cargo, skipping
⚠️  Row 1881: Missing candidate or cargo, skipping
⚠️  Row 1882: Missing candidate or cargo, skipping
⚠️  Row 1883: Missing candidate or cargo, skipping
⚠️  Row 1884: Missing candidate or cargo, skipping
⚠️  Row 1885: Missing candidate or cargo, skipping
⚠️  Row 1886: Missing candidate or cargo, skipping
⚠️  Row 1887: Missing candidate or cargo, skipping
⚠️  Row 1888: Missing candidate or cargo, skipping
⚠️  Row 1889: Missing candidate or cargo, skipping
⚠️  Row 1890: Missing candidate or cargo, skipping
⚠️  Row 1891: Missing candidate or cargo, skipping
⚠️  Row 1892: Missing candidate or cargo, skipping
⚠️  Row 1893: Missing candidate or cargo, skipping
⚠️  Row 1894: Missing candidate or cargo, skipping
⚠️  Row 1895: Missing candidate or cargo, skipping
⚠️  Row 1896: Missing candidate or cargo, skipping
⚠️  Row 1897: Missing candidate or cargo, skipping
⚠️  Row 1898: Missing candidate or cargo, skipping
⚠️  Row 1899: Missing candidate or cargo, skipping
⚠️  Row 1900: Missing candidate or cargo, skipping
⚠️  Row 1901: Missing candidate or cargo, skipping
⚠️  Row 1902: Missing candidate or cargo, skipping
⚠️  Row 1903: Missing candidate or cargo, skipping
⚠️  Row 1904: Missing candidate or cargo, skipping
⚠️  Row 1905: Missing candidate or cargo, skipping
⚠️  Row 1906: Missing candidate or cargo, skipping
⚠️  Row 1907: Missing candidate or cargo, skipping
⚠️  Row 1908: Missing candidate or cargo, skipping
⚠️  Row 1909: Missing candidate or cargo, skipping
⚠️  Row 1910: Missing candidate or cargo, skipping
⚠️  Row 1911: Missing candidate or cargo, skipping
⚠️  Row 1912: Missing candidate or cargo, skipping
⚠️  Row 1913: Missing candidate or cargo, skipping
⚠️  Row 1914: Missing candidate or cargo, skipping
⚠️  Row 1915: Missing candidate or cargo, skipping
⚠️  Row 1916: Missing candidate or cargo, skipping
⚠️  Row 1917: Missing candidate or cargo, skipping
⚠️  Row 1918: Missing candidate or cargo, skipping
⚠️  Row 1919: Missing candidate or cargo, skipping
⚠️  Row 1920: Missing candidate or cargo, skipping
⚠️  Row 1921: Missing candidate or cargo, skipping
⚠️  Row 1922: Missing candidate or cargo, skipping
⚠️  Row 1923: Missing candidate or cargo, skipping
⚠️  Row 1924: Missing candidate or cargo, skipping
⚠️  Row 1925: Missing candidate or cargo, skipping
⚠️  Row 1926: Missing candidate or cargo, skipping
⚠️  Row 1927: Missing candidate or cargo, skipping
⚠️  Row 1928: Missing candidate or cargo, skipping
⚠️  Row 1929: Missing candidate or cargo, skipping
⚠️  Row 1930: Missing candidate or cargo, skipping
⚠️  Row 1931: Missing candidate or cargo, skipping
⚠️  Row 1932: Missing candidate or cargo, skipping
⚠️  Row 1933: Missing candidate or cargo, skipping
⚠️  Row 1934: Missing candidate or cargo, skipping
⚠️  Row 1935: Missing candidate or cargo, skipping
⚠️  Row 1936: Missing candidate or cargo, skipping
⚠️  Row 1937: Missing candidate or cargo, skipping
⚠️  Row 1938: Missing candidate or cargo, skipping
⚠️  Row 1939: Missing candidate or cargo, skipping
⚠️  Row 1940: Missing candidate or cargo, skipping
⚠️  Row 1941: Missing candidate or cargo, skipping
⚠️  Row 1942: Missing candidate or cargo, skipping
⚠️  Row 1943: Missing candidate or cargo, skipping
⚠️  Row 1944: Missing candidate or cargo, skipping
⚠️  Row 1945: Missing candidate or cargo, skipping
⚠️  Row 1946: Missing candidate or cargo, skipping
⚠️  Row 1947: Missing candidate or cargo, skipping
⚠️  Row 1948: Missing candidate or cargo, skipping
⚠️  Row 1949: Missing candidate or cargo, skipping
⚠️  Row 1950: Missing candidate or cargo, skipping
⚠️  Row 1951: Missing candidate or cargo, skipping
⚠️  Row 1952: Missing candidate or cargo, skipping
⚠️  Row 1953: Missing candidate or cargo, skipping
⚠️  Row 1954: Missing candidate or cargo, skipping
⚠️  Row 1955: Missing candidate or cargo, skipping
⚠️  Row 1956: Missing candidate or cargo, skipping
⚠️  Row 1957: Missing candidate or cargo, skipping
⚠️  Row 1958: Missing candidate or cargo, skipping
⚠️  Row 1959: Missing candidate or cargo, skipping
⚠️  Row 1960: Missing candidate or cargo, skipping
⚠️  Row 1961: Missing candidate or cargo, skipping
⚠️  Row 1962: Missing candidate or cargo, skipping
⚠️  Row 1963: Missing candidate or cargo, skipping
⚠️  Row 1964: Missing candidate or cargo, skipping
⚠️  Row 1965: Missing candidate or cargo, skipping
⚠️  Row 1966: Missing candidate or cargo, skipping
⚠️  Row 1967: Missing candidate or cargo, skipping
⚠️  Row 1968: Missing candidate or cargo, skipping
⚠️  Row 1969: Missing candidate or cargo, skipping
⚠️  Row 1970: Missing candidate or cargo, skipping
⚠️  Row 1971: Missing candidate or cargo, skipping
⚠️  Row 1972: Missing candidate or cargo, skipping
⚠️  Row 1973: Missing candidate or cargo, skipping
⚠️  Row 1974: Missing candidate or cargo, skipping
⚠️  Row 1975: Missing candidate or cargo, skipping
⚠️  Row 1976: Missing candidate or cargo, skipping
⚠️  Row 1977: Missing candidate or cargo, skipping
⚠️  Row 1978: Missing candidate or cargo, skipping
⚠️  Row 1979: Missing candidate or cargo, skipping
⚠️  Row 1980: Missing candidate or cargo, skipping
⚠️  Row 1981: Missing candidate or cargo, skipping
⚠️  Row 1982: Missing candidate or cargo, skipping
⚠️  Row 1983: Missing candidate or cargo, skipping
⚠️  Row 1984: Missing candidate or cargo, skipping
⚠️  Row 1985: Missing candidate or cargo, skipping
⚠️  Row 1986: Missing candidate or cargo, skipping
⚠️  Row 1987: Missing candidate or cargo, skipping
⚠️  Row 1988: Missing candidate or cargo, skipping
⚠️  Row 1989: Missing candidate or cargo, skipping
⚠️  Row 1990: Missing candidate or cargo, skipping
⚠️  Row 1991: Missing candidate or cargo, skipping
⚠️  Row 1992: Missing candidate or cargo, skipping
⚠️  Row 1993: Missing candidate or cargo, skipping
⚠️  Row 1994: Missing candidate or cargo, skipping
⚠️  Row 1995: Missing candidate or cargo, skipping
⚠️  Row 1996: Missing candidate or cargo, skipping
⚠️  Row 1997: Missing candidate or cargo, skipping
⚠️  Row 1998: Missing candidate or cargo, skipping
⚠️  Row 1999: Missing candidate or cargo, skipping
⚠️  Row 2000: Missing candidate or cargo, skipping
⚠️  Row 2001: Missing candidate or cargo, skipping
⚠️  Row 2002: Missing candidate or cargo, skipping
⚠️  Row 2003: Missing candidate or cargo, skipping
⚠️  Row 2004: Missing candidate or cargo, skipping
⚠️  Row 2005: Missing candidate or cargo, skipping
⚠️  Row 2006: Missing candidate or cargo, skipping
⚠️  Row 2007: Missing candidate or cargo, skipping
⚠️  Row 2008: Missing candidate or cargo, skipping
⚠️  Row 2009: Missing candidate or cargo, skipping
⚠️  Row 2010: Missing candidate or cargo, skipping
⚠️  Row 2011: Missing candidate or cargo, skipping
⚠️  Row 2012: Missing candidate or cargo, skipping
⚠️  Row 2013: Missing candidate or cargo, skipping
⚠️  Row 2014: Missing candidate or cargo, skipping
⚠️  Row 2015: Missing candidate or cargo, skipping
⚠️  Row 2016: Missing candidate or cargo, skipping
⚠️  Row 2017: Missing candidate or cargo, skipping
⚠️  Row 2018: Missing candidate or cargo, skipping
⚠️  Row 2019: Missing candidate or cargo, skipping
⚠️  Row 2020: Missing candidate or cargo, skipping
⚠️  Row 2021: Missing candidate or cargo, skipping
⚠️  Row 2022: Missing candidate or cargo, skipping
⚠️  Row 2023: Missing candidate or cargo, skipping
⚠️  Row 2024: Missing candidate or cargo, skipping
⚠️  Row 2025: Missing candidate or cargo, skipping
⚠️  Row 2026: Missing candidate or cargo, skipping
⚠️  Row 2027: Missing candidate or cargo, skipping
⚠️  Row 2028: Missing candidate or cargo, skipping
⚠️  Row 2029: Missing candidate or cargo, skipping
⚠️  Row 2030: Missing candidate or cargo, skipping
⚠️  Row 2031: Missing candidate or cargo, skipping
⚠️  Row 2032: Missing candidate or cargo, skipping
⚠️  Row 2033: Missing candidate or cargo, skipping
⚠️  Row 2034: Missing candidate or cargo, skipping
⚠️  Row 2035: Missing candidate or cargo, skipping
⚠️  Row 2036: Missing candidate or cargo, skipping
⚠️  Row 2037: Missing candidate or cargo, skipping
⚠️  Row 2038: Missing candidate or cargo, skipping
⚠️  Row 2039: Missing candidate or cargo, skipping
⚠️  Row 2040: Missing candidate or cargo, skipping
⚠️  Row 2041: Missing candidate or cargo, skipping
⚠️  Row 2042: Missing candidate or cargo, skipping
⚠️  Row 2043: Missing candidate or cargo, skipping
⚠️  Row 2044: Missing candidate or cargo, skipping
⚠️  Row 2045: Missing candidate or cargo, skipping
⚠️  Row 2046: Missing candidate or cargo, skipping
⚠️  Row 2047: Missing candidate or cargo, skipping
⚠️  Row 2048: Missing candidate or cargo, skipping
⚠️  Row 2049: Missing candidate or cargo, skipping
⚠️  Row 2050: Missing candidate or cargo, skipping
⚠️  Row 2051: Missing candidate or cargo, skipping
⚠️  Row 2052: Missing candidate or cargo, skipping
⚠️  Row 2053: Missing candidate or cargo, skipping
⚠️  Row 2054: Missing candidate or cargo, skipping
⚠️  Row 2055: Missing candidate or cargo, skipping
⚠️  Row 2056: Missing candidate or cargo, skipping
⚠️  Row 2057: Missing candidate or cargo, skipping
⚠️  Row 2058: Missing candidate or cargo, skipping
⚠️  Row 2059: Missing candidate or cargo, skipping
⚠️  Row 2060: Missing candidate or cargo, skipping
⚠️  Row 2061: Missing candidate or cargo, skipping
⚠️  Row 2062: Missing candidate or cargo, skipping
⚠️  Row 2063: Missing candidate or cargo, skipping
⚠️  Row 2064: Missing candidate or cargo, skipping
⚠️  Row 2065: Missing candidate or cargo, skipping
⚠️  Row 2066: Missing candidate or cargo, skipping
⚠️  Row 2067: Missing candidate or cargo, skipping
⚠️  Row 2068: Missing candidate or cargo, skipping
⚠️  Row 2069: Missing candidate or cargo, skipping
⚠️  Row 2070: Missing candidate or cargo, skipping
⚠️  Row 2071: Missing candidate or cargo, skipping
⚠️  Row 2072: Missing candidate or cargo, skipping
⚠️  Row 2073: Missing candidate or cargo, skipping
⚠️  Row 2074: Missing candidate or cargo, skipping
⚠️  Row 2075: Missing candidate or cargo, skipping
⚠️  Row 2076: Missing candidate or cargo, skipping
⚠️  Row 2077: Missing candidate or cargo, skipping
⚠️  Row 2078: Missing candidate or cargo, skipping
⚠️  Row 2079: Missing candidate or cargo, skipping
⚠️  Row 2080: Missing candidate or cargo, skipping
⚠️  Row 2081: Missing candidate or cargo, skipping
⚠️  Row 2082: Missing candidate or cargo, skipping
⚠️  Row 2083: Missing candidate or cargo, skipping
⚠️  Row 2084: Missing candidate or cargo, skipping
⚠️  Row 2085: Missing candidate or cargo, skipping
⚠️  Row 2086: Missing candidate or cargo, skipping
⚠️  Row 2087: Missing candidate or cargo, skipping
⚠️  Row 2088: Missing candidate or cargo, skipping
⚠️  Row 2089: Missing candidate or cargo, skipping
⚠️  Row 2090: Missing candidate or cargo, skipping
⚠️  Row 2091: Missing candidate or cargo, skipping
⚠️  Row 2092: Missing candidate or cargo, skipping
⚠️  Row 2093: Missing candidate or cargo, skipping
⚠️  Row 2094: Missing candidate or cargo, skipping
⚠️  Row 2095: Missing candidate or cargo, skipping
⚠️  Row 2096: Missing candidate or cargo, skipping
⚠️  Row 2097: Missing candidate or cargo, skipping
⚠️  Row 2098: Missing candidate or cargo, skipping
⚠️  Row 2099: Missing candidate or cargo, skipping
⚠️  Row 2100: Missing candidate or cargo, skipping
⚠️  Row 2101: Missing candidate or cargo, skipping
⚠️  Row 2102: Missing candidate or cargo, skipping
⚠️  Row 2103: Missing candidate or cargo, skipping
⚠️  Row 2104: Missing candidate or cargo, skipping
⚠️  Row 2105: Missing candidate or cargo, skipping
⚠️  Row 2106: Missing candidate or cargo, skipping
⚠️  Row 2107: Missing candidate or cargo, skipping
⚠️  Row 2108: Missing candidate or cargo, skipping
⚠️  Row 2109: Missing candidate or cargo, skipping
⚠️  Row 2110: Missing candidate or cargo, skipping
⚠️  Row 2111: Missing candidate or cargo, skipping
⚠️  Row 2112: Missing candidate or cargo, skipping
⚠️  Row 2113: Missing candidate or cargo, skipping
⚠️  Row 2114: Missing candidate or cargo, skipping
⚠️  Row 2115: Missing candidate or cargo, skipping
⚠️  Row 2116: Missing candidate or cargo, skipping
⚠️  Row 2117: Missing candidate or cargo, skipping
⚠️  Row 2118: Missing candidate or cargo, skipping
⚠️  Row 2119: Missing candidate or cargo, skipping
⚠️  Row 2120: Missing candidate or cargo, skipping
⚠️  Row 2121: Missing candidate or cargo, skipping
⚠️  Row 2122: Missing candidate or cargo, skipping
⚠️  Row 2123: Missing candidate or cargo, skipping
⚠️  Row 2124: Missing candidate or cargo, skipping
⚠️  Row 2125: Missing candidate or cargo, skipping
⚠️  Row 2126: Missing candidate or cargo, skipping
⚠️  Row 2127: Missing candidate or cargo, skipping
⚠️  Row 2128: Missing candidate or cargo, skipping
⚠️  Row 2129: Missing candidate or cargo, skipping
⚠️  Row 2130: Missing candidate or cargo, skipping
⚠️  Row 2131: Missing candidate or cargo, skipping
⚠️  Row 2132: Missing candidate or cargo, skipping
⚠️  Row 2133: Missing candidate or cargo, skipping
⚠️  Row 2134: Missing candidate or cargo, skipping
⚠️  Row 2135: Missing candidate or cargo, skipping
⚠️  Row 2136: Missing candidate or cargo, skipping
⚠️  Row 2137: Missing candidate or cargo, skipping
⚠️  Row 2138: Missing candidate or cargo, skipping
⚠️  Row 2139: Missing candidate or cargo, skipping
⚠️  Row 2140: Missing candidate or cargo, skipping
⚠️  Row 2141: Missing candidate or cargo, skipping
⚠️  Row 2142: Missing candidate or cargo, skipping
⚠️  Row 2143: Missing candidate or cargo, skipping
⚠️  Row 2144: Missing candidate or cargo, skipping
⚠️  Row 2145: Missing candidate or cargo, skipping
⚠️  Row 2146: Missing candidate or cargo, skipping
⚠️  Row 2147: Missing candidate or cargo, skipping
⚠️  Row 2148: Missing candidate or cargo, skipping
⚠️  Row 2149: Missing candidate or cargo, skipping
⚠️  Row 2150: Missing candidate or cargo, skipping
⚠️  Row 2151: Missing candidate or cargo, skipping
⚠️  Row 2152: Missing candidate or cargo, skipping
⚠️  Row 2153: Missing candidate or cargo, skipping
⚠️  Row 2154: Missing candidate or cargo, skipping
⚠️  Row 2155: Missing candidate or cargo, skipping
⚠️  Row 2156: Missing candidate or cargo, skipping
⚠️  Row 2157: Missing candidate or cargo, skipping
⚠️  Row 2158: Missing candidate or cargo, skipping
⚠️  Row 2159: Missing candidate or cargo, skipping
⚠️  Row 2160: Missing candidate or cargo, skipping
⚠️  Row 2161: Missing candidate or cargo, skipping
⚠️  Row 2162: Missing candidate or cargo, skipping
⚠️  Row 2163: Missing candidate or cargo, skipping
⚠️  Row 2164: Missing candidate or cargo, skipping
⚠️  Row 2165: Missing candidate or cargo, skipping
⚠️  Row 2166: Missing candidate or cargo, skipping
⚠️  Row 2167: Missing candidate or cargo, skipping
⚠️  Row 2168: Missing candidate or cargo, skipping
⚠️  Row 2169: Missing candidate or cargo, skipping
⚠️  Row 2170: Missing candidate or cargo, skipping
⚠️  Row 2171: Missing candidate or cargo, skipping
⚠️  Row 2172: Missing candidate or cargo, skipping
⚠️  Row 2173: Missing candidate or cargo, skipping
⚠️  Row 2174: Missing candidate or cargo, skipping
⚠️  Row 2175: Missing candidate or cargo, skipping
⚠️  Row 2176: Missing candidate or cargo, skipping
⚠️  Row 2177: Missing candidate or cargo, skipping
⚠️  Row 2178: Missing candidate or cargo, skipping
⚠️  Row 2179: Missing candidate or cargo, skipping
⚠️  Row 2180: Missing candidate or cargo, skipping
⚠️  Row 2181: Missing candidate or cargo, skipping
⚠️  Row 2182: Missing candidate or cargo, skipping
⚠️  Row 2183: Missing candidate or cargo, skipping
⚠️  Row 2184: Missing candidate or cargo, skipping
⚠️  Row 2185: Missing candidate or cargo, skipping
⚠️  Row 2186: Missing candidate or cargo, skipping
⚠️  Row 2187: Missing candidate or cargo, skipping
⚠️  Row 2188: Missing candidate or cargo, skipping
⚠️  Row 2189: Missing candidate or cargo, skipping
⚠️  Row 2190: Missing candidate or cargo, skipping
⚠️  Row 2191: Missing candidate or cargo, skipping
⚠️  Row 2192: Missing candidate or cargo, skipping
⚠️  Row 2193: Missing candidate or cargo, skipping
⚠️  Row 2194: Missing candidate or cargo, skipping
⚠️  Row 2195: Missing candidate or cargo, skipping
⚠️  Row 2196: Missing candidate or cargo, skipping
⚠️  Row 2197: Missing candidate or cargo, skipping
⚠️  Row 2198: Missing candidate or cargo, skipping
⚠️  Row 2199: Missing candidate or cargo, skipping
⚠️  Row 2200: Missing candidate or cargo, skipping
⚠️  Row 2201: Missing candidate or cargo, skipping
⚠️  Row 2202: Missing candidate or cargo, skipping
⚠️  Row 2203: Missing candidate or cargo, skipping
⚠️  Row 2204: Missing candidate or cargo, skipping
⚠️  Row 2205: Missing candidate or cargo, skipping
⚠️  Row 2206: Missing candidate or cargo, skipping
⚠️  Row 2207: Missing candidate or cargo, skipping
⚠️  Row 2208: Missing candidate or cargo, skipping
⚠️  Row 2209: Missing candidate or cargo, skipping
⚠️  Row 2210: Missing candidate or cargo, skipping
⚠️  Row 2211: Missing candidate or cargo, skipping
⚠️  Row 2212: Missing candidate or cargo, skipping
⚠️  Row 2213: Missing candidate or cargo, skipping
⚠️  Row 2214: Missing candidate or cargo, skipping
⚠️  Row 2215: Missing candidate or cargo, skipping
⚠️  Row 2216: Missing candidate or cargo, skipping
⚠️  Row 2217: Missing candidate or cargo, skipping
⚠️  Row 2218: Missing candidate or cargo, skipping
⚠️  Row 2219: Missing candidate or cargo, skipping
⚠️  Row 2220: Missing candidate or cargo, skipping
⚠️  Row 2221: Missing candidate or cargo, skipping
⚠️  Row 2222: Missing candidate or cargo, skipping
⚠️  Row 2223: Missing candidate or cargo, skipping
⚠️  Row 2224: Missing candidate or cargo, skipping
⚠️  Row 2225: Missing candidate or cargo, skipping
⚠️  Row 2226: Missing candidate or cargo, skipping
⚠️  Row 2227: Missing candidate or cargo, skipping
⚠️  Row 2228: Missing candidate or cargo, skipping
⚠️  Row 2229: Missing candidate or cargo, skipping
⚠️  Row 2230: Missing candidate or cargo, skipping
⚠️  Row 2231: Missing candidate or cargo, skipping
⚠️  Row 2232: Missing candidate or cargo, skipping
⚠️  Row 2233: Missing candidate or cargo, skipping
⚠️  Row 2234: Missing candidate or cargo, skipping
⚠️  Row 2235: Missing candidate or cargo, skipping
⚠️  Row 2236: Missing candidate or cargo, skipping
⚠️  Row 2237: Missing candidate or cargo, skipping
⚠️  Row 2238: Missing candidate or cargo, skipping
⚠️  Row 2239: Missing candidate or cargo, skipping
⚠️  Row 2240: Missing candidate or cargo, skipping
⚠️  Row 2241: Missing candidate or cargo, skipping
⚠️  Row 2242: Missing candidate or cargo, skipping
⚠️  Row 2243: Missing candidate or cargo, skipping
⚠️  Row 2244: Missing candidate or cargo, skipping
⚠️  Row 2245: Missing candidate or cargo, skipping
⚠️  Row 2246: Missing candidate or cargo, skipping
⚠️  Row 2247: Missing candidate or cargo, skipping
⚠️  Row 2248: Missing candidate or cargo, skipping
⚠️  Row 2249: Missing candidate or cargo, skipping
⚠️  Row 2250: Missing candidate or cargo, skipping
⚠️  Row 2251: Missing candidate or cargo, skipping
⚠️  Row 2252: Missing candidate or cargo, skipping
⚠️  Row 2253: Missing candidate or cargo, skipping
⚠️  Row 2254: Missing candidate or cargo, skipping
⚠️  Row 2255: Missing candidate or cargo, skipping
⚠️  Row 2256: Missing candidate or cargo, skipping
⚠️  Row 2257: Missing candidate or cargo, skipping
⚠️  Row 2258: Missing candidate or cargo, skipping
⚠️  Row 2259: Missing candidate or cargo, skipping
⚠️  Row 2260: Missing candidate or cargo, skipping
⚠️  Row 2261: Missing candidate or cargo, skipping
⚠️  Row 2262: Missing candidate or cargo, skipping
⚠️  Row 2263: Missing candidate or cargo, skipping
⚠️  Row 2264: Missing candidate or cargo, skipping
⚠️  Row 2265: Missing candidate or cargo, skipping
⚠️  Row 2266: Missing candidate or cargo, skipping
⚠️  Row 2267: Missing candidate or cargo, skipping
⚠️  Row 2268: Missing candidate or cargo, skipping
⚠️  Row 2269: Missing candidate or cargo, skipping
⚠️  Row 2270: Missing candidate or cargo, skipping
⚠️  Row 2271: Missing candidate or cargo, skipping
⚠️  Row 2272: Missing candidate or cargo, skipping
⚠️  Row 2273: Missing candidate or cargo, skipping
⚠️  Row 2274: Missing candidate or cargo, skipping
⚠️  Row 2275: Missing candidate or cargo, skipping
⚠️  Row 2276: Missing candidate or cargo, skipping
⚠️  Row 2277: Missing candidate or cargo, skipping
⚠️  Row 2278: Missing candidate or cargo, skipping
⚠️  Row 2279: Missing candidate or cargo, skipping
⚠️  Row 2280: Missing candidate or cargo, skipping
⚠️  Row 2281: Missing candidate or cargo, skipping
⚠️  Row 2282: Missing candidate or cargo, skipping
⚠️  Row 2283: Missing candidate or cargo, skipping
⚠️  Row 2284: Missing candidate or cargo, skipping
⚠️  Row 2285: Missing candidate or cargo, skipping
⚠️  Row 2286: Missing candidate or cargo, skipping
⚠️  Row 2287: Missing candidate or cargo, skipping
⚠️  Row 2288: Missing candidate or cargo, skipping
⚠️  Row 2289: Missing candidate or cargo, skipping
⚠️  Row 2290: Missing candidate or cargo, skipping
⚠️  Row 2291: Missing candidate or cargo, skipping
⚠️  Row 2292: Missing candidate or cargo, skipping
⚠️  Row 2293: Missing candidate or cargo, skipping
⚠️  Row 2294: Missing candidate or cargo, skipping
⚠️  Row 2295: Missing candidate or cargo, skipping
⚠️  Row 2296: Missing candidate or cargo, skipping
⚠️  Row 2297: Missing candidate or cargo, skipping
⚠️  Row 2298: Missing candidate or cargo, skipping
⚠️  Row 2299: Missing candidate or cargo, skipping
⚠️  Row 2300: Missing candidate or cargo, skipping
⚠️  Row 2301: Missing candidate or cargo, skipping
⚠️  Row 2302: Missing candidate or cargo, skipping
⚠️  Row 2303: Missing candidate or cargo, skipping
⚠️  Row 2304: Missing candidate or cargo, skipping
⚠️  Row 2305: Missing candidate or cargo, skipping
⚠️  Row 2306: Missing candidate or cargo, skipping
⚠️  Row 2307: Missing candidate or cargo, skipping
⚠️  Row 2308: Missing candidate or cargo, skipping
⚠️  Row 2309: Missing candidate or cargo, skipping
⚠️  Row 2310: Missing candidate or cargo, skipping
⚠️  Row 2311: Missing candidate or cargo, skipping
⚠️  Row 2312: Missing candidate or cargo, skipping
⚠️  Row 2313: Missing candidate or cargo, skipping
⚠️  Row 2314: Missing candidate or cargo, skipping
⚠️  Row 2315: Missing candidate or cargo, skipping
⚠️  Row 2316: Missing candidate or cargo, skipping
⚠️  Row 2317: Missing candidate or cargo, skipping
⚠️  Row 2318: Missing candidate or cargo, skipping
⚠️  Row 2319: Missing candidate or cargo, skipping
⚠️  Row 2320: Missing candidate or cargo, skipping
⚠️  Row 2321: Missing candidate or cargo, skipping
⚠️  Row 2322: Missing candidate or cargo, skipping
⚠️  Row 2323: Missing candidate or cargo, skipping
⚠️  Row 2324: Missing candidate or cargo, skipping
⚠️  Row 2325: Missing candidate or cargo, skipping
⚠️  Row 2326: Missing candidate or cargo, skipping
⚠️  Row 2327: Missing candidate or cargo, skipping
⚠️  Row 2328: Missing candidate or cargo, skipping
⚠️  Row 2329: Missing candidate or cargo, skipping
⚠️  Row 2330: Missing candidate or cargo, skipping
⚠️  Row 2331: Missing candidate or cargo, skipping
⚠️  Row 2332: Missing candidate or cargo, skipping
⚠️  Row 2333: Missing candidate or cargo, skipping
⚠️  Row 2334: Missing candidate or cargo, skipping
⚠️  Row 2335: Missing candidate or cargo, skipping
⚠️  Row 2336: Missing candidate or cargo, skipping
⚠️  Row 2337: Missing candidate or cargo, skipping
⚠️  Row 2338: Missing candidate or cargo, skipping
⚠️  Row 2339: Missing candidate or cargo, skipping
⚠️  Row 2340: Missing candidate or cargo, skipping
⚠️  Row 2341: Missing candidate or cargo, skipping
⚠️  Row 2342: Missing candidate or cargo, skipping
⚠️  Row 2343: Missing candidate or cargo, skipping
⚠️  Row 2344: Missing candidate or cargo, skipping
⚠️  Row 2345: Missing candidate or cargo, skipping
⚠️  Row 2346: Missing candidate or cargo, skipping
⚠️  Row 2347: Missing candidate or cargo, skipping
⚠️  Row 2348: Missing candidate or cargo, skipping
⚠️  Row 2349: Missing candidate or cargo, skipping
⚠️  Row 2350: Missing candidate or cargo, skipping
⚠️  Row 2351: Missing candidate or cargo, skipping
⚠️  Row 2352: Missing candidate or cargo, skipping
⚠️  Row 2353: Missing candidate or cargo, skipping
⚠️  Row 2354: Missing candidate or cargo, skipping
⚠️  Row 2355: Missing candidate or cargo, skipping
⚠️  Row 2356: Missing candidate or cargo, skipping
⚠️  Row 2357: Missing candidate or cargo, skipping
⚠️  Row 2358: Missing candidate or cargo, skipping
⚠️  Row 2359: Missing candidate or cargo, skipping
⚠️  Row 2360: Missing candidate or cargo, skipping
⚠️  Row 2361: Missing candidate or cargo, skipping
⚠️  Row 2362: Missing candidate or cargo, skipping
⚠️  Row 2363: Missing candidate or cargo, skipping
⚠️  Row 2364: Missing candidate or cargo, skipping
⚠️  Row 2365: Missing candidate or cargo, skipping
⚠️  Row 2366: Missing candidate or cargo, skipping
⚠️  Row 2367: Missing candidate or cargo, skipping
⚠️  Row 2368: Missing candidate or cargo, skipping
⚠️  Row 2369: Missing candidate or cargo, skipping
⚠️  Row 2370: Missing candidate or cargo, skipping
⚠️  Row 2371: Missing candidate or cargo, skipping
⚠️  Row 2372: Missing candidate or cargo, skipping
⚠️  Row 2373: Missing candidate or cargo, skipping
⚠️  Row 2374: Missing candidate or cargo, skipping
⚠️  Row 2375: Missing candidate or cargo, skipping
⚠️  Row 2376: Missing candidate or cargo, skipping
⚠️  Row 2377: Missing candidate or cargo, skipping
⚠️  Row 2378: Missing candidate or cargo, skipping
⚠️  Row 2379: Missing candidate or cargo, skipping
⚠️  Row 2380: Missing candidate or cargo, skipping
⚠️  Row 2381: Missing candidate or cargo, skipping
⚠️  Row 2382: Missing candidate or cargo, skipping
⚠️  Row 2383: Missing candidate or cargo, skipping
⚠️  Row 2384: Missing candidate or cargo, skipping
⚠️  Row 2385: Missing candidate or cargo, skipping
⚠️  Row 2386: Missing candidate or cargo, skipping
⚠️  Row 2387: Missing candidate or cargo, skipping
⚠️  Row 2388: Missing candidate or cargo, skipping
⚠️  Row 2389: Missing candidate or cargo, skipping
⚠️  Row 2390: Missing candidate or cargo, skipping
⚠️  Row 2391: Missing candidate or cargo, skipping
⚠️  Row 2392: Missing candidate or cargo, skipping
⚠️  Row 2393: Missing candidate or cargo, skipping
⚠️  Row 2394: Missing candidate or cargo, skipping
⚠️  Row 2395: Missing candidate or cargo, skipping
⚠️  Row 2396: Missing candidate or cargo, skipping
⚠️  Row 2397: Missing candidate or cargo, skipping
⚠️  Row 2398: Missing candidate or cargo, skipping
⚠️  Row 2399: Missing candidate or cargo, skipping
⚠️  Row 2400: Missing candidate or cargo, skipping
⚠️  Row 2401: Missing candidate or cargo, skipping
⚠️  Row 2402: Missing candidate or cargo, skipping
⚠️  Row 2403: Missing candidate or cargo, skipping
⚠️  Row 2404: Missing candidate or cargo, skipping
⚠️  Row 2405: Missing candidate or cargo, skipping
⚠️  Row 2406: Missing candidate or cargo, skipping
⚠️  Row 2407: Missing candidate or cargo, skipping
⚠️  Row 2408: Missing candidate or cargo, skipping
⚠️  Row 2409: Missing candidate or cargo, skipping
⚠️  Row 2410: Missing candidate or cargo, skipping
⚠️  Row 2411: Missing candidate or cargo, skipping
⚠️  Row 2412: Missing candidate or cargo, skipping
⚠️  Row 2413: Missing candidate or cargo, skipping
⚠️  Row 2414: Missing candidate or cargo, skipping
⚠️  Row 2415: Missing candidate or cargo, skipping
⚠️  Row 2416: Missing candidate or cargo, skipping
⚠️  Row 2417: Missing candidate or cargo, skipping
⚠️  Row 2418: Missing candidate or cargo, skipping
⚠️  Row 2419: Missing candidate or cargo, skipping
⚠️  Row 2420: Missing candidate or cargo, skipping
⚠️  Row 2421: Missing candidate or cargo, skipping
⚠️  Row 2422: Missing candidate or cargo, skipping
⚠️  Row 2423: Missing candidate or cargo, skipping
⚠️  Row 2424: Missing candidate or cargo, skipping
⚠️  Row 2425: Missing candidate or cargo, skipping
⚠️  Row 2426: Missing candidate or cargo, skipping
⚠️  Row 2427: Missing candidate or cargo, skipping
⚠️  Row 2428: Missing candidate or cargo, skipping
⚠️  Row 2429: Missing candidate or cargo, skipping
⚠️  Row 2430: Missing candidate or cargo, skipping
⚠️  Row 2431: Missing candidate or cargo, skipping
⚠️  Row 2432: Missing candidate or cargo, skipping
⚠️  Row 2433: Missing candidate or cargo, skipping
⚠️  Row 2434: Missing candidate or cargo, skipping
⚠️  Row 2435: Missing candidate or cargo, skipping
⚠️  Row 2436: Missing candidate or cargo, skipping
⚠️  Row 2437: Missing candidate or cargo, skipping
⚠️  Row 2438: Missing candidate or cargo, skipping
⚠️  Row 2439: Missing candidate or cargo, skipping
⚠️  Row 2440: Missing candidate or cargo, skipping
⚠️  Row 2441: Missing candidate or cargo, skipping
⚠️  Row 2442: Missing candidate or cargo, skipping
⚠️  Row 2443: Missing candidate or cargo, skipping
⚠️  Row 2444: Missing candidate or cargo, skipping
⚠️  Row 2445: Missing candidate or cargo, skipping
⚠️  Row 2446: Missing candidate or cargo, skipping
⚠️  Row 2447: Missing candidate or cargo, skipping
⚠️  Row 2448: Missing candidate or cargo, skipping
⚠️  Row 2449: Missing candidate or cargo, skipping
⚠️  Row 2450: Missing candidate or cargo, skipping
⚠️  Row 2451: Missing candidate or cargo, skipping
⚠️  Row 2452: Missing candidate or cargo, skipping
⚠️  Row 2453: Missing candidate or cargo, skipping
⚠️  Row 2454: Missing candidate or cargo, skipping
⚠️  Row 2455: Missing candidate or cargo, skipping
⚠️  Row 2456: Missing candidate or cargo, skipping
⚠️  Row 2457: Missing candidate or cargo, skipping
⚠️  Row 2458: Missing candidate or cargo, skipping
⚠️  Row 2459: Missing candidate or cargo, skipping
⚠️  Row 2460: Missing candidate or cargo, skipping
⚠️  Row 2461: Missing candidate or cargo, skipping
⚠️  Row 2462: Missing candidate or cargo, skipping
⚠️  Row 2463: Missing candidate or cargo, skipping
⚠️  Row 2464: Missing candidate or cargo, skipping
⚠️  Row 2465: Missing candidate or cargo, skipping
⚠️  Row 2466: Missing candidate or cargo, skipping
⚠️  Row 2467: Missing candidate or cargo, skipping
⚠️  Row 2468: Missing candidate or cargo, skipping
⚠️  Row 2469: Missing candidate or cargo, skipping
⚠️  Row 2470: Missing candidate or cargo, skipping
⚠️  Row 2471: Missing candidate or cargo, skipping
⚠️  Row 2472: Missing candidate or cargo, skipping
⚠️  Row 2473: Missing candidate or cargo, skipping
⚠️  Row 2474: Missing candidate or cargo, skipping
⚠️  Row 2475: Missing candidate or cargo, skipping
⚠️  Row 2476: Missing candidate or cargo, skipping
⚠️  Row 2477: Missing candidate or cargo, skipping
⚠️  Row 2478: Missing candidate or cargo, skipping
⚠️  Row 2479: Missing candidate or cargo, skipping
⚠️  Row 2480: Missing candidate or cargo, skipping
⚠️  Row 2481: Missing candidate or cargo, skipping
⚠️  Row 2482: Missing candidate or cargo, skipping
⚠️  Row 2483: Missing candidate or cargo, skipping
⚠️  Row 2484: Missing candidate or cargo, skipping
⚠️  Row 2485: Missing candidate or cargo, skipping
⚠️  Row 2486: Missing candidate or cargo, skipping
⚠️  Row 2487: Missing candidate or cargo, skipping
⚠️  Row 2488: Missing candidate or cargo, skipping
⚠️  Row 2489: Missing candidate or cargo, skipping
⚠️  Row 2490: Missing candidate or cargo, skipping
⚠️  Row 2491: Missing candidate or cargo, skipping
⚠️  Row 2492: Missing candidate or cargo, skipping
⚠️  Row 2493: Missing candidate or cargo, skipping
⚠️  Row 2494: Missing candidate or cargo, skipping
⚠️  Row 2495: Missing candidate or cargo, skipping
⚠️  Row 2496: Missing candidate or cargo, skipping
⚠️  Row 2497: Missing candidate or cargo, skipping
⚠️  Row 2498: Missing candidate or cargo, skipping
⚠️  Row 2499: Missing candidate or cargo, skipping
⚠️  Row 2500: Missing candidate or cargo, skipping
⚠️  Row 2501: Missing candidate or cargo, skipping
⚠️  Row 2502: Missing candidate or cargo, skipping
⚠️  Row 2503: Missing candidate or cargo, skipping
⚠️  Row 2504: Missing candidate or cargo, skipping
⚠️  Row 2505: Missing candidate or cargo, skipping
⚠️  Row 2506: Missing candidate or cargo, skipping
⚠️  Row 2507: Missing candidate or cargo, skipping
⚠️  Row 2508: Missing candidate or cargo, skipping
⚠️  Row 2509: Missing candidate or cargo, skipping
⚠️  Row 2510: Missing candidate or cargo, skipping
⚠️  Row 2511: Missing candidate or cargo, skipping
⚠️  Row 2512: Missing candidate or cargo, skipping
⚠️  Row 2513: Missing candidate or cargo, skipping
⚠️  Row 2514: Missing candidate or cargo, skipping
⚠️  Row 2515: Missing candidate or cargo, skipping
⚠️  Row 2516: Missing candidate or cargo, skipping
⚠️  Row 2517: Missing candidate or cargo, skipping
⚠️  Row 2518: Missing candidate or cargo, skipping
⚠️  Row 2519: Missing candidate or cargo, skipping
⚠️  Row 2520: Missing candidate or cargo, skipping
⚠️  Row 2521: Missing candidate or cargo, skipping
⚠️  Row 2522: Missing candidate or cargo, skipping
⚠️  Row 2523: Missing candidate or cargo, skipping
⚠️  Row 2524: Missing candidate or cargo, skipping
⚠️  Row 2525: Missing candidate or cargo, skipping
⚠️  Row 2526: Missing candidate or cargo, skipping
⚠️  Row 2527: Missing candidate or cargo, skipping
⚠️  Row 2528: Missing candidate or cargo, skipping
⚠️  Row 2529: Missing candidate or cargo, skipping
⚠️  Row 2530: Missing candidate or cargo, skipping
⚠️  Row 2531: Missing candidate or cargo, skipping
⚠️  Row 2532: Missing candidate or cargo, skipping
⚠️  Row 2533: Missing candidate or cargo, skipping
⚠️  Row 2534: Missing candidate or cargo, skipping
⚠️  Row 2535: Missing candidate or cargo, skipping
⚠️  Row 2536: Missing candidate or cargo, skipping
⚠️  Row 2537: Missing candidate or cargo, skipping
⚠️  Row 2538: Missing candidate or cargo, skipping
⚠️  Row 2539: Missing candidate or cargo, skipping
⚠️  Row 2540: Missing candidate or cargo, skipping
⚠️  Row 2541: Missing candidate or cargo, skipping
⚠️  Row 2542: Missing candidate or cargo, skipping
⚠️  Row 2543: Missing candidate or cargo, skipping
⚠️  Row 2544: Missing candidate or cargo, skipping
⚠️  Row 2545: Missing candidate or cargo, skipping
⚠️  Row 2546: Missing candidate or cargo, skipping
⚠️  Row 2547: Missing candidate or cargo, skipping
⚠️  Row 2548: Missing candidate or cargo, skipping
⚠️  Row 2549: Missing candidate or cargo, skipping
⚠️  Row 2550: Missing candidate or cargo, skipping
⚠️  Row 2551: Missing candidate or cargo, skipping
⚠️  Row 2552: Missing candidate or cargo, skipping
⚠️  Row 2553: Missing candidate or cargo, skipping
⚠️  Row 2554: Missing candidate or cargo, skipping
⚠️  Row 2555: Missing candidate or cargo, skipping
⚠️  Row 2556: Missing candidate or cargo, skipping
⚠️  Row 2557: Missing candidate or cargo, skipping
⚠️  Row 2558: Missing candidate or cargo, skipping
⚠️  Row 2559: Missing candidate or cargo, skipping
⚠️  Row 2560: Missing candidate or cargo, skipping
⚠️  Row 2561: Missing candidate or cargo, skipping
⚠️  Row 2562: Missing candidate or cargo, skipping
⚠️  Row 2563: Missing candidate or cargo, skipping
⚠️  Row 2564: Missing candidate or cargo, skipping
⚠️  Row 2565: Missing candidate or cargo, skipping
⚠️  Row 2566: Missing candidate or cargo, skipping
⚠️  Row 2567: Missing candidate or cargo, skipping
⚠️  Row 2568: Missing candidate or cargo, skipping
⚠️  Row 2569: Missing candidate or cargo, skipping
⚠️  Row 2570: Missing candidate or cargo, skipping
⚠️  Row 2571: Missing candidate or cargo, skipping
⚠️  Row 2572: Missing candidate or cargo, skipping
⚠️  Row 2573: Missing candidate or cargo, skipping
⚠️  Row 2574: Missing candidate or cargo, skipping
⚠️  Row 2575: Missing candidate or cargo, skipping
⚠️  Row 2576: Missing candidate or cargo, skipping
⚠️  Row 2577: Missing candidate or cargo, skipping
⚠️  Row 2578: Missing candidate or cargo, skipping
⚠️  Row 2579: Missing candidate or cargo, skipping
⚠️  Row 2580: Missing candidate or cargo, skipping
⚠️  Row 2581: Missing candidate or cargo, skipping
⚠️  Row 2582: Missing candidate or cargo, skipping
⚠️  Row 2583: Missing candidate or cargo, skipping
⚠️  Row 2584: Missing candidate or cargo, skipping
⚠️  Row 2585: Missing candidate or cargo, skipping
⚠️  Row 2586: Missing candidate or cargo, skipping
⚠️  Row 2587: Missing candidate or cargo, skipping
⚠️  Row 2588: Missing candidate or cargo, skipping
⚠️  Row 2589: Missing candidate or cargo, skipping
⚠️  Row 2590: Missing candidate or cargo, skipping
⚠️  Row 2591: Missing candidate or cargo, skipping
⚠️  Row 2592: Missing candidate or cargo, skipping
⚠️  Row 2593: Missing candidate or cargo, skipping
⚠️  Row 2594: Missing candidate or cargo, skipping
⚠️  Row 2595: Missing candidate or cargo, skipping
⚠️  Row 2596: Missing candidate or cargo, skipping
⚠️  Row 2597: Missing candidate or cargo, skipping
⚠️  Row 2598: Missing candidate or cargo, skipping
⚠️  Row 2599: Missing candidate or cargo, skipping
⚠️  Row 2600: Missing candidate or cargo, skipping
⚠️  Row 2601: Missing candidate or cargo, skipping
⚠️  Row 2602: Missing candidate or cargo, skipping
⚠️  Row 2603: Missing candidate or cargo, skipping
⚠️  Row 2604: Missing candidate or cargo, skipping
⚠️  Row 2605: Missing candidate or cargo, skipping
⚠️  Row 2606: Missing candidate or cargo, skipping
⚠️  Row 2607: Missing candidate or cargo, skipping
⚠️  Row 2608: Missing candidate or cargo, skipping
⚠️  Row 2609: Missing candidate or cargo, skipping
⚠️  Row 2610: Missing candidate or cargo, skipping
⚠️  Row 2611: Missing candidate or cargo, skipping
⚠️  Row 2612: Missing candidate or cargo, skipping
⚠️  Row 2613: Missing candidate or cargo, skipping
⚠️  Row 2614: Missing candidate or cargo, skipping
⚠️  Row 2615: Missing candidate or cargo, skipping
⚠️  Row 2616: Missing candidate or cargo, skipping
⚠️  Row 2617: Missing candidate or cargo, skipping
⚠️  Row 2618: Missing candidate or cargo, skipping
⚠️  Row 2619: Missing candidate or cargo, skipping
⚠️  Row 2620: Missing candidate or cargo, skipping
⚠️  Row 2621: Missing candidate or cargo, skipping
⚠️  Row 2622: Missing candidate or cargo, skipping
⚠️  Row 2623: Missing candidate or cargo, skipping
⚠️  Row 2624: Missing candidate or cargo, skipping
⚠️  Row 2625: Missing candidate or cargo, skipping
⚠️  Row 2626: Missing candidate or cargo, skipping
⚠️  Row 2627: Missing candidate or cargo, skipping
⚠️  Row 2628: Missing candidate or cargo, skipping
⚠️  Row 2629: Missing candidate or cargo, skipping
⚠️  Row 2630: Missing candidate or cargo, skipping
⚠️  Row 2631: Missing candidate or cargo, skipping
⚠️  Row 2632: Missing candidate or cargo, skipping
⚠️  Row 2633: Missing candidate or cargo, skipping
⚠️  Row 2634: Missing candidate or cargo, skipping
⚠️  Row 2635: Missing candidate or cargo, skipping
⚠️  Row 2636: Missing candidate or cargo, skipping
⚠️  Row 2637: Missing candidate or cargo, skipping
⚠️  Row 2638: Missing candidate or cargo, skipping
⚠️  Row 2639: Missing candidate or cargo, skipping
⚠️  Row 2640: Missing candidate or cargo, skipping
⚠️  Row 2641: Missing candidate or cargo, skipping
⚠️  Row 2642: Missing candidate or cargo, skipping
⚠️  Row 2643: Missing candidate or cargo, skipping
⚠️  Row 2644: Missing candidate or cargo, skipping
⚠️  Row 2645: Missing candidate or cargo, skipping
⚠️  Row 2646: Missing candidate or cargo, skipping
⚠️  Row 2647: Missing candidate or cargo, skipping
⚠️  Row 2648: Missing candidate or cargo, skipping
⚠️  Row 2649: Missing candidate or cargo, skipping
⚠️  Row 2650: Missing candidate or cargo, skipping
⚠️  Row 2651: Missing candidate or cargo, skipping
⚠️  Row 2652: Missing candidate or cargo, skipping
⚠️  Row 2653: Missing candidate or cargo, skipping
⚠️  Row 2654: Missing candidate or cargo, skipping
⚠️  Row 2655: Missing candidate or cargo, skipping
⚠️  Row 2656: Missing candidate or cargo, skipping
⚠️  Row 2657: Missing candidate or cargo, skipping
⚠️  Row 2658: Missing candidate or cargo, skipping
⚠️  Row 2659: Missing candidate or cargo, skipping
⚠️  Row 2660: Missing candidate or cargo, skipping
⚠️  Row 2661: Missing candidate or cargo, skipping
⚠️  Row 2662: Missing candidate or cargo, skipping
⚠️  Row 2663: Missing candidate or cargo, skipping
⚠️  Row 2664: Missing candidate or cargo, skipping
⚠️  Row 2665: Missing candidate or cargo, skipping
⚠️  Row 2666: Missing candidate or cargo, skipping
⚠️  Row 2667: Missing candidate or cargo, skipping
⚠️  Row 2668: Missing candidate or cargo, skipping
⚠️  Row 2669: Missing candidate or cargo, skipping
⚠️  Row 2670: Missing candidate or cargo, skipping
⚠️  Row 2671: Missing candidate or cargo, skipping
⚠️  Row 2672: Missing candidate or cargo, skipping
⚠️  Row 2673: Missing candidate or cargo, skipping
⚠️  Row 2674: Missing candidate or cargo, skipping
⚠️  Row 2675: Missing candidate or cargo, skipping
⚠️  Row 2676: Missing candidate or cargo, skipping
⚠️  Row 2677: Missing candidate or cargo, skipping
⚠️  Row 2678: Missing candidate or cargo, skipping
⚠️  Row 2679: Missing candidate or cargo, skipping
⚠️  Row 2680: Missing candidate or cargo, skipping
⚠️  Row 2681: Missing candidate or cargo, skipping
⚠️  Row 2682: Missing candidate or cargo, skipping
⚠️  Row 2683: Missing candidate or cargo, skipping
⚠️  Row 2684: Missing candidate or cargo, skipping
⚠️  Row 2685: Missing candidate or cargo, skipping
⚠️  Row 2686: Missing candidate or cargo, skipping
⚠️  Row 2687: Missing candidate or cargo, skipping
⚠️  Row 2688: Missing candidate or cargo, skipping
⚠️  Row 2689: Missing candidate or cargo, skipping
⚠️  Row 2690: Missing candidate or cargo, skipping
⚠️  Row 2691: Missing candidate or cargo, skipping
⚠️  Row 2692: Missing candidate or cargo, skipping
⚠️  Row 2693: Missing candidate or cargo, skipping
⚠️  Row 2694: Missing candidate or cargo, skipping
⚠️  Row 2695: Missing candidate or cargo, skipping
⚠️  Row 2696: Missing candidate or cargo, skipping
⚠️  Row 2697: Missing candidate or cargo, skipping
⚠️  Row 2698: Missing candidate or cargo, skipping
⚠️  Row 2699: Missing candidate or cargo, skipping
⚠️  Row 2700: Missing candidate or cargo, skipping
⚠️  Row 2701: Missing candidate or cargo, skipping
⚠️  Row 2702: Missing candidate or cargo, skipping
⚠️  Row 2703: Missing candidate or cargo, skipping
⚠️  Row 2704: Missing candidate or cargo, skipping
⚠️  Row 2705: Missing candidate or cargo, skipping
⚠️  Row 2706: Missing candidate or cargo, skipping
⚠️  Row 2707: Missing candidate or cargo, skipping
⚠️  Row 2708: Missing candidate or cargo, skipping
⚠️  Row 2709: Missing candidate or cargo, skipping
⚠️  Row 2710: Missing candidate or cargo, skipping
⚠️  Row 2711: Missing candidate or cargo, skipping
⚠️  Row 2712: Missing candidate or cargo, skipping
⚠️  Row 2713: Missing candidate or cargo, skipping
⚠️  Row 2714: Missing candidate or cargo, skipping
⚠️  Row 2715: Missing candidate or cargo, skipping
⚠️  Row 2716: Missing candidate or cargo, skipping
⚠️  Row 2717: Missing candidate or cargo, skipping
⚠️  Row 2718: Missing candidate or cargo, skipping
⚠️  Row 2719: Missing candidate or cargo, skipping
⚠️  Row 2720: Missing candidate or cargo, skipping
⚠️  Row 2721: Missing candidate or cargo, skipping
⚠️  Row 2722: Missing candidate or cargo, skipping
⚠️  Row 2723: Missing candidate or cargo, skipping
⚠️  Row 2724: Missing candidate or cargo, skipping
⚠️  Row 2725: Missing candidate or cargo, skipping
⚠️  Row 2726: Missing candidate or cargo, skipping
⚠️  Row 2727: Missing candidate or cargo, skipping
⚠️  Row 2728: Missing candidate or cargo, skipping
⚠️  Row 2729: Missing candidate or cargo, skipping
⚠️  Row 2730: Missing candidate or cargo, skipping
⚠️  Row 2731: Missing candidate or cargo, skipping
⚠️  Row 2732: Missing candidate or cargo, skipping
⚠️  Row 2733: Missing candidate or cargo, skipping
⚠️  Row 2734: Missing candidate or cargo, skipping
⚠️  Row 2735: Missing candidate or cargo, skipping
⚠️  Row 2736: Missing candidate or cargo, skipping
⚠️  Row 2737: Missing candidate or cargo, skipping
⚠️  Row 2738: Missing candidate or cargo, skipping
⚠️  Row 2739: Missing candidate or cargo, skipping
⚠️  Row 2740: Missing candidate or cargo, skipping
⚠️  Row 2741: Missing candidate or cargo, skipping
⚠️  Row 2742: Missing candidate or cargo, skipping
⚠️  Row 2743: Missing candidate or cargo, skipping
⚠️  Row 2744: Missing candidate or cargo, skipping
⚠️  Row 2745: Missing candidate or cargo, skipping
⚠️  Row 2746: Missing candidate or cargo, skipping
⚠️  Row 2747: Missing candidate or cargo, skipping
⚠️  Row 2748: Missing candidate or cargo, skipping
⚠️  Row 2749: Missing candidate or cargo, skipping
⚠️  Row 2750: Missing candidate or cargo, skipping
⚠️  Row 2751: Missing candidate or cargo, skipping
⚠️  Row 2752: Missing candidate or cargo, skipping
⚠️  Row 2753: Missing candidate or cargo, skipping
⚠️  Row 2754: Missing candidate or cargo, skipping
⚠️  Row 2755: Missing candidate or cargo, skipping
⚠️  Row 2756: Missing candidate or cargo, skipping
⚠️  Row 2757: Missing candidate or cargo, skipping
⚠️  Row 2758: Missing candidate or cargo, skipping
⚠️  Row 2759: Missing candidate or cargo, skipping
⚠️  Row 2760: Missing candidate or cargo, skipping
⚠️  Row 2761: Missing candidate or cargo, skipping
⚠️  Row 2762: Missing candidate or cargo, skipping
⚠️  Row 2763: Missing candidate or cargo, skipping
⚠️  Row 2764: Missing candidate or cargo, skipping
⚠️  Row 2765: Missing candidate or cargo, skipping
⚠️  Row 2766: Missing candidate or cargo, skipping
⚠️  Row 2767: Missing candidate or cargo, skipping
⚠️  Row 2768: Missing candidate or cargo, skipping
⚠️  Row 2769: Missing candidate or cargo, skipping
⚠️  Row 2770: Missing candidate or cargo, skipping
⚠️  Row 2771: Missing candidate or cargo, skipping
⚠️  Row 2772: Missing candidate or cargo, skipping
⚠️  Row 2773: Missing candidate or cargo, skipping
⚠️  Row 2774: Missing candidate or cargo, skipping
⚠️  Row 2775: Missing candidate or cargo, skipping
⚠️  Row 2776: Missing candidate or cargo, skipping
⚠️  Row 2777: Missing candidate or cargo, skipping
⚠️  Row 2778: Missing candidate or cargo, skipping
⚠️  Row 2779: Missing candidate or cargo, skipping
⚠️  Row 2780: Missing candidate or cargo, skipping
⚠️  Row 2781: Missing candidate or cargo, skipping
⚠️  Row 2782: Missing candidate or cargo, skipping
⚠️  Row 2783: Missing candidate or cargo, skipping
⚠️  Row 2784: Missing candidate or cargo, skipping
⚠️  Row 2785: Missing candidate or cargo, skipping
⚠️  Row 2786: Missing candidate or cargo, skipping
⚠️  Row 2787: Missing candidate or cargo, skipping
⚠️  Row 2788: Missing candidate or cargo, skipping
⚠️  Row 2789: Missing candidate or cargo, skipping
⚠️  Row 2790: Missing candidate or cargo, skipping
⚠️  Row 2791: Missing candidate or cargo, skipping
⚠️  Row 2792: Missing candidate or cargo, skipping
⚠️  Row 2793: Missing candidate or cargo, skipping
⚠️  Row 2794: Missing candidate or cargo, skipping
⚠️  Row 2795: Missing candidate or cargo, skipping
⚠️  Row 2796: Missing candidate or cargo, skipping
⚠️  Row 2797: Missing candidate or cargo, skipping
⚠️  Row 2798: Missing candidate or cargo, skipping
⚠️  Row 2799: Missing candidate or cargo, skipping
⚠️  Row 2800: Missing candidate or cargo, skipping
⚠️  Row 2801: Missing candidate or cargo, skipping
⚠️  Row 2802: Missing candidate or cargo, skipping
⚠️  Row 2803: Missing candidate or cargo, skipping
⚠️  Row 2804: Missing candidate or cargo, skipping
⚠️  Row 2805: Missing candidate or cargo, skipping
⚠️  Row 2806: Missing candidate or cargo, skipping
⚠️  Row 2807: Missing candidate or cargo, skipping
⚠️  Row 2808: Missing candidate or cargo, skipping
⚠️  Row 2809: Missing candidate or cargo, skipping
⚠️  Row 2810: Missing candidate or cargo, skipping
⚠️  Row 2811: Missing candidate or cargo, skipping
⚠️  Row 2812: Missing candidate or cargo, skipping
⚠️  Row 2813: Missing candidate or cargo, skipping
⚠️  Row 2814: Missing candidate or cargo, skipping
⚠️  Row 2815: Missing candidate or cargo, skipping
⚠️  Row 2816: Missing candidate or cargo, skipping
⚠️  Row 2817: Missing candidate or cargo, skipping
⚠️  Row 2818: Missing candidate or cargo, skipping
⚠️  Row 2819: Missing candidate or cargo, skipping
⚠️  Row 2820: Missing candidate or cargo, skipping
⚠️  Row 2821: Missing candidate or cargo, skipping
⚠️  Row 2822: Missing candidate or cargo, skipping
⚠️  Row 2823: Missing candidate or cargo, skipping
⚠️  Row 2824: Missing candidate or cargo, skipping
⚠️  Row 2825: Missing candidate or cargo, skipping
⚠️  Row 2826: Missing candidate or cargo, skipping
⚠️  Row 2827: Missing candidate or cargo, skipping
⚠️  Row 2828: Missing candidate or cargo, skipping
⚠️  Row 2829: Missing candidate or cargo, skipping
⚠️  Row 2830: Missing candidate or cargo, skipping
⚠️  Row 2831: Missing candidate or cargo, skipping
⚠️  Row 2832: Missing candidate or cargo, skipping
⚠️  Row 2833: Missing candidate or cargo, skipping
⚠️  Row 2834: Missing candidate or cargo, skipping
⚠️  Row 2835: Missing candidate or cargo, skipping
⚠️  Row 2836: Missing candidate or cargo, skipping
⚠️  Row 2837: Missing candidate or cargo, skipping
⚠️  Row 2838: Missing candidate or cargo, skipping
⚠️  Row 2839: Missing candidate or cargo, skipping
⚠️  Row 2840: Missing candidate or cargo, skipping
⚠️  Row 2841: Missing candidate or cargo, skipping
⚠️  Row 2842: Missing candidate or cargo, skipping
⚠️  Row 2843: Missing candidate or cargo, skipping
⚠️  Row 2844: Missing candidate or cargo, skipping
⚠️  Row 2845: Missing candidate or cargo, skipping
⚠️  Row 2846: Missing candidate or cargo, skipping
⚠️  Row 2847: Missing candidate or cargo, skipping
⚠️  Row 2848: Missing candidate or cargo, skipping
⚠️  Row 2849: Missing candidate or cargo, skipping
⚠️  Row 2850: Missing candidate or cargo, skipping
⚠️  Row 2851: Missing candidate or cargo, skipping
⚠️  Row 2852: Missing candidate or cargo, skipping
⚠️  Row 2853: Missing candidate or cargo, skipping
⚠️  Row 2854: Missing candidate or cargo, skipping
⚠️  Row 2855: Missing candidate or cargo, skipping
⚠️  Row 2856: Missing candidate or cargo, skipping
⚠️  Row 2857: Missing candidate or cargo, skipping
⚠️  Row 2858: Missing candidate or cargo, skipping
⚠️  Row 2859: Missing candidate or cargo, skipping
⚠️  Row 2860: Missing candidate or cargo, skipping
⚠️  Row 2861: Missing candidate or cargo, skipping
⚠️  Row 2862: Missing candidate or cargo, skipping
⚠️  Row 2863: Missing candidate or cargo, skipping
⚠️  Row 2864: Missing candidate or cargo, skipping
⚠️  Row 2865: Missing candidate or cargo, skipping
⚠️  Row 2866: Missing candidate or cargo, skipping
⚠️  Row 2867: Missing candidate or cargo, skipping
⚠️  Row 2868: Missing candidate or cargo, skipping
⚠️  Row 2869: Missing candidate or cargo, skipping
⚠️  Row 2870: Missing candidate or cargo, skipping
⚠️  Row 2871: Missing candidate or cargo, skipping
⚠️  Row 2872: Missing candidate or cargo, skipping
⚠️  Row 2873: Missing candidate or cargo, skipping
⚠️  Row 2874: Missing candidate or cargo, skipping
⚠️  Row 2875: Missing candidate or cargo, skipping
⚠️  Row 2876: Missing candidate or cargo, skipping
⚠️  Row 2877: Missing candidate or cargo, skipping
⚠️  Row 2878: Missing candidate or cargo, skipping
⚠️  Row 2879: Missing candidate or cargo, skipping
⚠️  Row 2880: Missing candidate or cargo, skipping
⚠️  Row 2881: Missing candidate or cargo, skipping
⚠️  Row 2882: Missing candidate or cargo, skipping
⚠️  Row 2883: Missing candidate or cargo, skipping
⚠️  Row 2884: Missing candidate or cargo, skipping
⚠️  Row 2885: Missing candidate or cargo, skipping
⚠️  Row 2886: Missing candidate or cargo, skipping
⚠️  Row 2887: Missing candidate or cargo, skipping
⚠️  Row 2888: Missing candidate or cargo, skipping
⚠️  Row 2889: Missing candidate or cargo, skipping
⚠️  Row 2890: Missing candidate or cargo, skipping
⚠️  Row 2891: Missing candidate or cargo, skipping
⚠️  Row 2892: Missing candidate or cargo, skipping
⚠️  Row 2893: Missing candidate or cargo, skipping
⚠️  Row 2894: Missing candidate or cargo, skipping
⚠️  Row 2895: Missing candidate or cargo, skipping
⚠️  Row 2896: Missing candidate or cargo, skipping
⚠️  Row 2897: Missing candidate or cargo, skipping
⚠️  Row 2898: Missing candidate or cargo, skipping
⚠️  Row 2899: Missing candidate or cargo, skipping
⚠️  Row 2900: Missing candidate or cargo, skipping
⚠️  Row 2901: Missing candidate or cargo, skipping
⚠️  Row 2902: Missing candidate or cargo, skipping
⚠️  Row 2903: Missing candidate or cargo, skipping
⚠️  Row 2904: Missing candidate or cargo, skipping
⚠️  Row 2905: Missing candidate or cargo, skipping
⚠️  Row 2906: Missing candidate or cargo, skipping
⚠️  Row 2907: Missing candidate or cargo, skipping
⚠️  Row 2908: Missing candidate or cargo, skipping
⚠️  Row 2909: Missing candidate or cargo, skipping
⚠️  Row 2910: Missing candidate or cargo, skipping
⚠️  Row 2911: Missing candidate or cargo, skipping
⚠️  Row 2912: Missing candidate or cargo, skipping
⚠️  Row 2913: Missing candidate or cargo, skipping
⚠️  Row 2914: Missing candidate or cargo, skipping
⚠️  Row 2915: Missing candidate or cargo, skipping
⚠️  Row 2916: Missing candidate or cargo, skipping
⚠️  Row 2917: Missing candidate or cargo, skipping
⚠️  Row 2918: Missing candidate or cargo, skipping
⚠️  Row 2919: Missing candidate or cargo, skipping
⚠️  Row 2920: Missing candidate or cargo, skipping
⚠️  Row 2921: Missing candidate or cargo, skipping
⚠️  Row 2922: Missing candidate or cargo, skipping
⚠️  Row 2923: Missing candidate or cargo, skipping
⚠️  Row 2924: Missing candidate or cargo, skipping
⚠️  Row 2925: Missing candidate or cargo, skipping
⚠️  Row 2926: Missing candidate or cargo, skipping
⚠️  Row 2927: Missing candidate or cargo, skipping
⚠️  Row 2928: Missing candidate or cargo, skipping
⚠️  Row 2929: Missing candidate or cargo, skipping
⚠️  Row 2930: Missing candidate or cargo, skipping
⚠️  Row 2931: Missing candidate or cargo, skipping
⚠️  Row 2932: Missing candidate or cargo, skipping
⚠️  Row 2933: Missing candidate or cargo, skipping
⚠️  Row 2934: Missing candidate or cargo, skipping
⚠️  Row 2935: Missing candidate or cargo, skipping
⚠️  Row 2936: Missing candidate or cargo, skipping
⚠️  Row 2937: Missing candidate or cargo, skipping
⚠️  Row 2938: Missing candidate or cargo, skipping
⚠️  Row 2939: Missing candidate or cargo, skipping
⚠️  Row 2940: Missing candidate or cargo, skipping
⚠️  Row 2941: Missing candidate or cargo, skipping
⚠️  Row 2942: Missing candidate or cargo, skipping
⚠️  Row 2943: Missing candidate or cargo, skipping
⚠️  Row 2944: Missing candidate or cargo, skipping
⚠️  Row 2945: Missing candidate or cargo, skipping
⚠️  Row 2946: Missing candidate or cargo, skipping
⚠️  Row 2947: Missing candidate or cargo, skipping
⚠️  Row 2948: Missing candidate or cargo, skipping
⚠️  Row 2949: Missing candidate or cargo, skipping
⚠️  Row 2950: Missing candidate or cargo, skipping
⚠️  Row 2951: Missing candidate or cargo, skipping
⚠️  Row 2952: Missing candidate or cargo, skipping
⚠️  Row 2953: Missing candidate or cargo, skipping
⚠️  Row 2954: Missing candidate or cargo, skipping
⚠️  Row 2955: Missing candidate or cargo, skipping
⚠️  Row 2956: Missing candidate or cargo, skipping
⚠️  Row 2957: Missing candidate or cargo, skipping
⚠️  Row 2958: Missing candidate or cargo, skipping
⚠️  Row 2959: Missing candidate or cargo, skipping
⚠️  Row 2960: Missing candidate or cargo, skipping
⚠️  Row 2961: Missing candidate or cargo, skipping
⚠️  Row 2962: Missing candidate or cargo, skipping
⚠️  Row 2963: Missing candidate or cargo, skipping
⚠️  Row 2964: Missing candidate or cargo, skipping
⚠️  Row 2965: Missing candidate or cargo, skipping
⚠️  Row 2966: Missing candidate or cargo, skipping
⚠️  Row 2967: Missing candidate or cargo, skipping
⚠️  Row 2968: Missing candidate or cargo, skipping
⚠️  Row 2969: Missing candidate or cargo, skipping
⚠️  Row 2970: Missing candidate or cargo, skipping
⚠️  Row 2971: Missing candidate or cargo, skipping
⚠️  Row 2972: Missing candidate or cargo, skipping
⚠️  Row 2973: Missing candidate or cargo, skipping
⚠️  Row 2974: Missing candidate or cargo, skipping
⚠️  Row 2975: Missing candidate or cargo, skipping
⚠️  Row 2976: Missing candidate or cargo, skipping
⚠️  Row 2977: Missing candidate or cargo, skipping
⚠️  Row 2978: Missing candidate or cargo, skipping
⚠️  Row 2979: Missing candidate or cargo, skipping
⚠️  Row 2980: Missing candidate or cargo, skipping
⚠️  Row 2981: Missing candidate or cargo, skipping
⚠️  Row 2982: Missing candidate or cargo, skipping
⚠️  Row 2983: Missing candidate or cargo, skipping
⚠️  Row 2984: Missing candidate or cargo, skipping
⚠️  Row 2985: Missing candidate or cargo, skipping
⚠️  Row 2986: Missing candidate or cargo, skipping
⚠️  Row 2987: Missing candidate or cargo, skipping
⚠️  Row 2988: Missing candidate or cargo, skipping
⚠️  Row 2989: Missing candidate or cargo, skipping
⚠️  Row 2990: Missing candidate or cargo, skipping
⚠️  Row 2991: Missing candidate or cargo, skipping
⚠️  Row 2992: Missing candidate or cargo, skipping
⚠️  Row 2993: Missing candidate or cargo, skipping
⚠️  Row 2994: Missing candidate or cargo, skipping
⚠️  Row 2995: Missing candidate or cargo, skipping
⚠️  Row 2996: Missing candidate or cargo, skipping
⚠️  Row 2997: Missing candidate or cargo, skipping
⚠️  Row 2998: Missing candidate or cargo, skipping
⚠️  Row 2999: Missing candidate or cargo, skipping
⚠️  Row 3000: Missing candidate or cargo, skipping
⚠️  Row 3001: Missing candidate or cargo, skipping
⚠️  Row 3002: Missing candidate or cargo, skipping
⚠️  Row 3003: Missing candidate or cargo, skipping
⚠️  Row 3004: Missing candidate or cargo, skipping
⚠️  Row 3005: Missing candidate or cargo, skipping
⚠️  Row 3006: Missing candidate or cargo, skipping
⚠️  Row 3007: Missing candidate or cargo, skipping
⚠️  Row 3008: Missing candidate or cargo, skipping
⚠️  Row 3009: Missing candidate or cargo, skipping
⚠️  Row 3010: Missing candidate or cargo, skipping
⚠️  Row 3011: Missing candidate or cargo, skipping
⚠️  Row 3012: Missing candidate or cargo, skipping
⚠️  Row 3013: Missing candidate or cargo, skipping
⚠️  Row 3014: Missing candidate or cargo, skipping
⚠️  Row 3015: Missing candidate or cargo, skipping
⚠️  Row 3016: Missing candidate or cargo, skipping
⚠️  Row 3017: Missing candidate or cargo, skipping
⚠️  Row 3018: Missing candidate or cargo, skipping
⚠️  Row 3019: Missing candidate or cargo, skipping
⚠️  Row 3020: Missing candidate or cargo, skipping
⚠️  Row 3021: Missing candidate or cargo, skipping
⚠️  Row 3022: Missing candidate or cargo, skipping
⚠️  Row 3023: Missing candidate or cargo, skipping
⚠️  Row 3024: Missing candidate or cargo, skipping
⚠️  Row 3025: Missing candidate or cargo, skipping
⚠️  Row 3026: Missing candidate or cargo, skipping
⚠️  Row 3027: Missing candidate or cargo, skipping
⚠️  Row 3028: Missing candidate or cargo, skipping
⚠️  Row 3029: Missing candidate or cargo, skipping
⚠️  Row 3030: Missing candidate or cargo, skipping
⚠️  Row 3031: Missing candidate or cargo, skipping
⚠️  Row 3032: Missing candidate or cargo, skipping
⚠️  Row 3033: Missing candidate or cargo, skipping
⚠️  Row 3034: Missing candidate or cargo, skipping
⚠️  Row 3035: Missing candidate or cargo, skipping
⚠️  Row 3036: Missing candidate or cargo, skipping
⚠️  Row 3037: Missing candidate or cargo, skipping
⚠️  Row 3038: Missing candidate or cargo, skipping
⚠️  Row 3039: Missing candidate or cargo, skipping
⚠️  Row 3040: Missing candidate or cargo, skipping
⚠️  Row 3041: Missing candidate or cargo, skipping
⚠️  Row 3042: Missing candidate or cargo, skipping
⚠️  Row 3043: Missing candidate or cargo, skipping
⚠️  Row 3044: Missing candidate or cargo, skipping
⚠️  Row 3045: Missing candidate or cargo, skipping
⚠️  Row 3046: Missing candidate or cargo, skipping
⚠️  Row 3047: Missing candidate or cargo, skipping
⚠️  Row 3048: Missing candidate or cargo, skipping
⚠️  Row 3049: Missing candidate or cargo, skipping
⚠️  Row 3050: Missing candidate or cargo, skipping
⚠️  Row 3051: Missing candidate or cargo, skipping
⚠️  Row 3052: Missing candidate or cargo, skipping
⚠️  Row 3053: Missing candidate or cargo, skipping
⚠️  Row 3054: Missing candidate or cargo, skipping
⚠️  Row 3055: Missing candidate or cargo, skipping
⚠️  Row 3056: Missing candidate or cargo, skipping
⚠️  Row 3057: Missing candidate or cargo, skipping
⚠️  Row 3058: Missing candidate or cargo, skipping
⚠️  Row 3059: Missing candidate or cargo, skipping
⚠️  Row 3060: Missing candidate or cargo, skipping
⚠️  Row 3061: Missing candidate or cargo, skipping
⚠️  Row 3062: Missing candidate or cargo, skipping
⚠️  Row 3063: Missing candidate or cargo, skipping
⚠️  Row 3064: Missing candidate or cargo, skipping
⚠️  Row 3065: Missing candidate or cargo, skipping
⚠️  Row 3066: Missing candidate or cargo, skipping
⚠️  Row 3067: Missing candidate or cargo, skipping
⚠️  Row 3068: Missing candidate or cargo, skipping
⚠️  Row 3069: Missing candidate or cargo, skipping
⚠️  Row 3070: Missing candidate or cargo, skipping
⚠️  Row 3071: Missing candidate or cargo, skipping
⚠️  Row 3072: Missing candidate or cargo, skipping
⚠️  Row 3073: Missing candidate or cargo, skipping
⚠️  Row 3074: Missing candidate or cargo, skipping
⚠️  Row 3075: Missing candidate or cargo, skipping
⚠️  Row 3076: Missing candidate or cargo, skipping
⚠️  Row 3077: Missing candidate or cargo, skipping
⚠️  Row 3078: Missing candidate or cargo, skipping
⚠️  Row 3079: Missing candidate or cargo, skipping
⚠️  Row 3080: Missing candidate or cargo, skipping
⚠️  Row 3081: Missing candidate or cargo, skipping
⚠️  Row 3082: Missing candidate or cargo, skipping
⚠️  Row 3083: Missing candidate or cargo, skipping
⚠️  Row 3084: Missing candidate or cargo, skipping
⚠️  Row 3085: Missing candidate or cargo, skipping
⚠️  Row 3086: Missing candidate or cargo, skipping
⚠️  Row 3087: Missing candidate or cargo, skipping
⚠️  Row 3088: Missing candidate or cargo, skipping
⚠️  Row 3089: Missing candidate or cargo, skipping
⚠️  Row 3090: Missing candidate or cargo, skipping
⚠️  Row 3091: Missing candidate or cargo, skipping
⚠️  Row 3092: Missing candidate or cargo, skipping
⚠️  Row 3093: Missing candidate or cargo, skipping
⚠️  Row 3094: Missing candidate or cargo, skipping
⚠️  Row 3095: Missing candidate or cargo, skipping
⚠️  Row 3096: Missing candidate or cargo, skipping
⚠️  Row 3097: Missing candidate or cargo, skipping
⚠️  Row 3098: Missing candidate or cargo, skipping
⚠️  Row 3099: Missing candidate or cargo, skipping
⚠️  Row 3100: Missing candidate or cargo, skipping
⚠️  Row 3101: Missing candidate or cargo, skipping
⚠️  Row 3102: Missing candidate or cargo, skipping
⚠️  Row 3103: Missing candidate or cargo, skipping
⚠️  Row 3104: Missing candidate or cargo, skipping
⚠️  Row 3105: Missing candidate or cargo, skipping
⚠️  Row 3106: Missing candidate or cargo, skipping
⚠️  Row 3107: Missing candidate or cargo, skipping
⚠️  Row 3108: Missing candidate or cargo, skipping
⚠️  Row 3109: Missing candidate or cargo, skipping
⚠️  Row 3110: Missing candidate or cargo, skipping
⚠️  Row 3111: Missing candidate or cargo, skipping
⚠️  Row 3112: Missing candidate or cargo, skipping
⚠️  Row 3113: Missing candidate or cargo, skipping
⚠️  Row 3114: Missing candidate or cargo, skipping
⚠️  Row 3115: Missing candidate or cargo, skipping
⚠️  Row 3116: Missing candidate or cargo, skipping
⚠️  Row 3117: Missing candidate or cargo, skipping
⚠️  Row 3118: Missing candidate or cargo, skipping
⚠️  Row 3119: Missing candidate or cargo, skipping
⚠️  Row 3120: Missing candidate or cargo, skipping
⚠️  Row 3121: Missing candidate or cargo, skipping
⚠️  Row 3122: Missing candidate or cargo, skipping
⚠️  Row 3123: Missing candidate or cargo, skipping
⚠️  Row 3124: Missing candidate or cargo, skipping
⚠️  Row 3125: Missing candidate or cargo, skipping
⚠️  Row 3126: Missing candidate or cargo, skipping
⚠️  Row 3127: Missing candidate or cargo, skipping
⚠️  Row 3128: Missing candidate or cargo, skipping
⚠️  Row 3129: Missing candidate or cargo, skipping
⚠️  Row 3130: Missing candidate or cargo, skipping
⚠️  Row 3131: Missing candidate or cargo, skipping
⚠️  Row 3132: Missing candidate or cargo, skipping
⚠️  Row 3133: Missing candidate or cargo, skipping
⚠️  Row 3134: Missing candidate or cargo, skipping
⚠️  Row 3135: Missing candidate or cargo, skipping
⚠️  Row 3136: Missing candidate or cargo, skipping
⚠️  Row 3137: Missing candidate or cargo, skipping
⚠️  Row 3138: Missing candidate or cargo, skipping
⚠️  Row 3139: Missing candidate or cargo, skipping
⚠️  Row 3140: Missing candidate or cargo, skipping
⚠️  Row 3141: Missing candidate or cargo, skipping
⚠️  Row 3142: Missing candidate or cargo, skipping
⚠️  Row 3143: Missing candidate or cargo, skipping
⚠️  Row 3144: Missing candidate or cargo, skipping
⚠️  Row 3145: Missing candidate or cargo, skipping
⚠️  Row 3146: Missing candidate or cargo, skipping
⚠️  Row 3147: Missing candidate or cargo, skipping
⚠️  Row 3148: Missing candidate or cargo, skipping
⚠️  Row 3149: Missing candidate or cargo, skipping
⚠️  Row 3150: Missing candidate or cargo, skipping
⚠️  Row 3151: Missing candidate or cargo, skipping
⚠️  Row 3152: Missing candidate or cargo, skipping
⚠️  Row 3153: Missing candidate or cargo, skipping
⚠️  Row 3154: Missing candidate or cargo, skipping
⚠️  Row 3155: Missing candidate or cargo, skipping
⚠️  Row 3156: Missing candidate or cargo, skipping
⚠️  Row 3157: Missing candidate or cargo, skipping
⚠️  Row 3158: Missing candidate or cargo, skipping
⚠️  Row 3159: Missing candidate or cargo, skipping
⚠️  Row 3160: Missing candidate or cargo, skipping
⚠️  Row 3161: Missing candidate or cargo, skipping
⚠️  Row 3162: Missing candidate or cargo, skipping
⚠️  Row 3163: Missing candidate or cargo, skipping
⚠️  Row 3164: Missing candidate or cargo, skipping
⚠️  Row 3165: Missing candidate or cargo, skipping
⚠️  Row 3166: Missing candidate or cargo, skipping
⚠️  Row 3167: Missing candidate or cargo, skipping
⚠️  Row 3168: Missing candidate or cargo, skipping
⚠️  Row 3169: Missing candidate or cargo, skipping
⚠️  Row 3170: Missing candidate or cargo, skipping
⚠️  Row 3171: Missing candidate or cargo, skipping
⚠️  Row 3172: Missing candidate or cargo, skipping
⚠️  Row 3173: Missing candidate or cargo, skipping
⚠️  Row 3174: Missing candidate or cargo, skipping
⚠️  Row 3175: Missing candidate or cargo, skipping
⚠️  Row 3176: Missing candidate or cargo, skipping
⚠️  Row 3177: Missing candidate or cargo, skipping
⚠️  Row 3178: Missing candidate or cargo, skipping
⚠️  Row 3179: Missing candidate or cargo, skipping
⚠️  Row 3180: Missing candidate or cargo, skipping
⚠️  Row 3181: Missing candidate or cargo, skipping
⚠️  Row 3182: Missing candidate or cargo, skipping
⚠️  Row 3183: Missing candidate or cargo, skipping
⚠️  Row 3184: Missing candidate or cargo, skipping
⚠️  Row 3185: Missing candidate or cargo, skipping
⚠️  Row 3186: Missing candidate or cargo, skipping
⚠️  Row 3187: Missing candidate or cargo, skipping
⚠️  Row 3188: Missing candidate or cargo, skipping
⚠️  Row 3189: Missing candidate or cargo, skipping
⚠️  Row 3190: Missing candidate or cargo, skipping
⚠️  Row 3191: Missing candidate or cargo, skipping
⚠️  Row 3192: Missing candidate or cargo, skipping
⚠️  Row 3193: Missing candidate or cargo, skipping
⚠️  Row 3194: Missing candidate or cargo, skipping
⚠️  Row 3195: Missing candidate or cargo, skipping
⚠️  Row 3196: Missing candidate or cargo, skipping
⚠️  Row 3197: Missing candidate or cargo, skipping
⚠️  Row 3198: Missing candidate or cargo, skipping
⚠️  Row 3199: Missing candidate or cargo, skipping
⚠️  Row 3200: Missing candidate or cargo, skipping
⚠️  Row 3201: Missing candidate or cargo, skipping
⚠️  Row 3202: Missing candidate or cargo, skipping
⚠️  Row 3203: Missing candidate or cargo, skipping
⚠️  Row 3204: Missing candidate or cargo, skipping
⚠️  Row 3205: Missing candidate or cargo, skipping
⚠️  Row 3206: Missing candidate or cargo, skipping
⚠️  Row 3207: Missing candidate or cargo, skipping
⚠️  Row 3208: Missing candidate or cargo, skipping
⚠️  Row 3209: Missing candidate or cargo, skipping
⚠️  Row 3210: Missing candidate or cargo, skipping
⚠️  Row 3211: Missing candidate or cargo, skipping
⚠️  Row 3212: Missing candidate or cargo, skipping
⚠️  Row 3213: Missing candidate or cargo, skipping
⚠️  Row 3214: Missing candidate or cargo, skipping
⚠️  Row 3215: Missing candidate or cargo, skipping
⚠️  Row 3216: Missing candidate or cargo, skipping
⚠️  Row 3217: Missing candidate or cargo, skipping
⚠️  Row 3218: Missing candidate or cargo, skipping
⚠️  Row 3219: Missing candidate or cargo, skipping
⚠️  Row 3220: Missing candidate or cargo, skipping
⚠️  Row 3221: Missing candidate or cargo, skipping
⚠️  Row 3222: Missing candidate or cargo, skipping
⚠️  Row 3223: Missing candidate or cargo, skipping
⚠️  Row 3224: Missing candidate or cargo, skipping
⚠️  Row 3225: Missing candidate or cargo, skipping
⚠️  Row 3226: Missing candidate or cargo, skipping
⚠️  Row 3227: Missing candidate or cargo, skipping
⚠️  Row 3228: Missing candidate or cargo, skipping
⚠️  Row 3229: Missing candidate or cargo, skipping
⚠️  Row 3230: Missing candidate or cargo, skipping
⚠️  Row 3231: Missing candidate or cargo, skipping
⚠️  Row 3232: Missing candidate or cargo, skipping
⚠️  Row 3233: Missing candidate or cargo, skipping
⚠️  Row 3234: Missing candidate or cargo, skipping
⚠️  Row 3235: Missing candidate or cargo, skipping
⚠️  Row 3236: Missing candidate or cargo, skipping
⚠️  Row 3237: Missing candidate or cargo, skipping
⚠️  Row 3238: Missing candidate or cargo, skipping
⚠️  Row 3239: Missing candidate or cargo, skipping
⚠️  Row 3240: Missing candidate or cargo, skipping
⚠️  Row 3241: Missing candidate or cargo, skipping
⚠️  Row 3242: Missing candidate or cargo, skipping
⚠️  Row 3243: Missing candidate or cargo, skipping
⚠️  Row 3244: Missing candidate or cargo, skipping
⚠️  Row 3245: Missing candidate or cargo, skipping
⚠️  Row 3246: Missing candidate or cargo, skipping
⚠️  Row 3247: Missing candidate or cargo, skipping
⚠️  Row 3248: Missing candidate or cargo, skipping
⚠️  Row 3249: Missing candidate or cargo, skipping
⚠️  Row 3250: Missing candidate or cargo, skipping
⚠️  Row 3251: Missing candidate or cargo, skipping
⚠️  Row 3252: Missing candidate or cargo, skipping
⚠️  Row 3253: Missing candidate or cargo, skipping
⚠️  Row 3254: Missing candidate or cargo, skipping
⚠️  Row 3255: Missing candidate or cargo, skipping
⚠️  Row 3256: Missing candidate or cargo, skipping
⚠️  Row 3257: Missing candidate or cargo, skipping
⚠️  Row 3258: Missing candidate or cargo, skipping
⚠️  Row 3259: Missing candidate or cargo, skipping
⚠️  Row 3260: Missing candidate or cargo, skipping
⚠️  Row 3261: Missing candidate or cargo, skipping
⚠️  Row 3262: Missing candidate or cargo, skipping
⚠️  Row 3263: Missing candidate or cargo, skipping
⚠️  Row 3264: Missing candidate or cargo, skipping
⚠️  Row 3265: Missing candidate or cargo, skipping
⚠️  Row 3266: Missing candidate or cargo, skipping
⚠️  Row 3267: Missing candidate or cargo, skipping
⚠️  Row 3268: Missing candidate or cargo, skipping
⚠️  Row 3269: Missing candidate or cargo, skipping
⚠️  Row 3270: Missing candidate or cargo, skipping
⚠️  Row 3271: Missing candidate or cargo, skipping
⚠️  Row 3272: Missing candidate or cargo, skipping
⚠️  Row 3273: Missing candidate or cargo, skipping
⚠️  Row 3274: Missing candidate or cargo, skipping
⚠️  Row 3275: Missing candidate or cargo, skipping
⚠️  Row 3276: Missing candidate or cargo, skipping
⚠️  Row 3277: Missing candidate or cargo, skipping
⚠️  Row 3278: Missing candidate or cargo, skipping
⚠️  Row 3279: Missing candidate or cargo, skipping
⚠️  Row 3280: Missing candidate or cargo, skipping
⚠️  Row 3281: Missing candidate or cargo, skipping
⚠️  Row 3282: Missing candidate or cargo, skipping
⚠️  Row 3283: Missing candidate or cargo, skipping
⚠️  Row 3284: Missing candidate or cargo, skipping
⚠️  Row 3285: Missing candidate or cargo, skipping
⚠️  Row 3286: Missing candidate or cargo, skipping
⚠️  Row 3287: Missing candidate or cargo, skipping
⚠️  Row 3288: Missing candidate or cargo, skipping
⚠️  Row 3289: Missing candidate or cargo, skipping
⚠️  Row 3290: Missing candidate or cargo, skipping
⚠️  Row 3291: Missing candidate or cargo, skipping
⚠️  Row 3292: Missing candidate or cargo, skipping
⚠️  Row 3293: Missing candidate or cargo, skipping
⚠️  Row 3294: Missing candidate or cargo, skipping
⚠️  Row 3295: Missing candidate or cargo, skipping
⚠️  Row 3296: Missing candidate or cargo, skipping
⚠️  Row 3297: Missing candidate or cargo, skipping
⚠️  Row 3298: Missing candidate or cargo, skipping
⚠️  Row 3299: Missing candidate or cargo, skipping
⚠️  Row 3300: Missing candidate or cargo, skipping
⚠️  Row 3301: Missing candidate or cargo, skipping
⚠️  Row 3302: Missing candidate or cargo, skipping
⚠️  Row 3303: Missing candidate or cargo, skipping
⚠️  Row 3304: Missing candidate or cargo, skipping
⚠️  Row 3305: Missing candidate or cargo, skipping
⚠️  Row 3306: Missing candidate or cargo, skipping
⚠️  Row 3307: Missing candidate or cargo, skipping
⚠️  Row 3308: Missing candidate or cargo, skipping
⚠️  Row 3309: Missing candidate or cargo, skipping
⚠️  Row 3310: Missing candidate or cargo, skipping
⚠️  Row 3311: Missing candidate or cargo, skipping
⚠️  Row 3312: Missing candidate or cargo, skipping
⚠️  Row 3313: Missing candidate or cargo, skipping
⚠️  Row 3314: Missing candidate or cargo, skipping
⚠️  Row 3315: Missing candidate or cargo, skipping
⚠️  Row 3316: Missing candidate or cargo, skipping
⚠️  Row 3317: Missing candidate or cargo, skipping
⚠️  Row 3318: Missing candidate or cargo, skipping
⚠️  Row 3319: Missing candidate or cargo, skipping
⚠️  Row 3320: Missing candidate or cargo, skipping
⚠️  Row 3321: Missing candidate or cargo, skipping
⚠️  Row 3322: Missing candidate or cargo, skipping
⚠️  Row 3323: Missing candidate or cargo, skipping
⚠️  Row 3324: Missing candidate or cargo, skipping
⚠️  Row 3325: Missing candidate or cargo, skipping
⚠️  Row 3326: Missing candidate or cargo, skipping
⚠️  Row 3327: Missing candidate or cargo, skipping
⚠️  Row 3328: Missing candidate or cargo, skipping
⚠️  Row 3329: Missing candidate or cargo, skipping
⚠️  Row 3330: Missing candidate or cargo, skipping
⚠️  Row 3331: Missing candidate or cargo, skipping
⚠️  Row 3332: Missing candidate or cargo, skipping
⚠️  Row 3333: Missing candidate or cargo, skipping
⚠️  Row 3334: Missing candidate or cargo, skipping
⚠️  Row 3335: Missing candidate or cargo, skipping
⚠️  Row 3336: Missing candidate or cargo, skipping
⚠️  Row 3337: Missing candidate or cargo, skipping
⚠️  Row 3338: Missing candidate or cargo, skipping
⚠️  Row 3339: Missing candidate or cargo, skipping
⚠️  Row 3340: Missing candidate or cargo, skipping
⚠️  Row 3341: Missing candidate or cargo, skipping
⚠️  Row 3342: Missing candidate or cargo, skipping
⚠️  Row 3343: Missing candidate or cargo, skipping
⚠️  Row 3344: Missing candidate or cargo, skipping
⚠️  Row 3345: Missing candidate or cargo, skipping
⚠️  Row 3346: Missing candidate or cargo, skipping
⚠️  Row 3347: Missing candidate or cargo, skipping
⚠️  Row 3348: Missing candidate or cargo, skipping
⚠️  Row 3349: Missing candidate or cargo, skipping
⚠️  Row 3350: Missing candidate or cargo, skipping
⚠️  Row 3351: Missing candidate or cargo, skipping
⚠️  Row 3352: Missing candidate or cargo, skipping
⚠️  Row 3353: Missing candidate or cargo, skipping
⚠️  Row 3354: Missing candidate or cargo, skipping
⚠️  Row 3355: Missing candidate or cargo, skipping
⚠️  Row 3356: Missing candidate or cargo, skipping
⚠️  Row 3357: Missing candidate or cargo, skipping
⚠️  Row 3358: Missing candidate or cargo, skipping
⚠️  Row 3359: Missing candidate or cargo, skipping
⚠️  Row 3360: Missing candidate or cargo, skipping
⚠️  Row 3361: Missing candidate or cargo, skipping
⚠️  Row 3362: Missing candidate or cargo, skipping
⚠️  Row 3363: Missing candidate or cargo, skipping
⚠️  Row 3364: Missing candidate or cargo, skipping
⚠️  Row 3365: Missing candidate or cargo, skipping
⚠️  Row 3366: Missing candidate or cargo, skipping
⚠️  Row 3367: Missing candidate or cargo, skipping
⚠️  Row 3368: Missing candidate or cargo, skipping
⚠️  Row 3369: Missing candidate or cargo, skipping
⚠️  Row 3370: Missing candidate or cargo, skipping
⚠️  Row 3371: Missing candidate or cargo, skipping
⚠️  Row 3372: Missing candidate or cargo, skipping
⚠️  Row 3373: Missing candidate or cargo, skipping
⚠️  Row 3374: Missing candidate or cargo, skipping
⚠️  Row 3375: Missing candidate or cargo, skipping
⚠️  Row 3376: Missing candidate or cargo, skipping
⚠️  Row 3377: Missing candidate or cargo, skipping
⚠️  Row 3378: Missing candidate or cargo, skipping
⚠️  Row 3379: Missing candidate or cargo, skipping
⚠️  Row 3380: Missing candidate or cargo, skipping
⚠️  Row 3381: Missing candidate or cargo, skipping
⚠️  Row 3382: Missing candidate or cargo, skipping
⚠️  Row 3383: Missing candidate or cargo, skipping
⚠️  Row 3384: Missing candidate or cargo, skipping
⚠️  Row 3385: Missing candidate or cargo, skipping
⚠️  Row 3386: Missing candidate or cargo, skipping
⚠️  Row 3387: Missing candidate or cargo, skipping
⚠️  Row 3388: Missing candidate or cargo, skipping
⚠️  Row 3389: Missing candidate or cargo, skipping
⚠️  Row 3390: Missing candidate or cargo, skipping
⚠️  Row 3391: Missing candidate or cargo, skipping
⚠️  Row 3392: Missing candidate or cargo, skipping
⚠️  Row 3393: Missing candidate or cargo, skipping
⚠️  Row 3394: Missing candidate or cargo, skipping
⚠️  Row 3395: Missing candidate or cargo, skipping
⚠️  Row 3396: Missing candidate or cargo, skipping
⚠️  Row 3397: Missing candidate or cargo, skipping
⚠️  Row 3398: Missing candidate or cargo, skipping
⚠️  Row 3399: Missing candidate or cargo, skipping
⚠️  Row 3400: Missing candidate or cargo, skipping
⚠️  Row 3401: Missing candidate or cargo, skipping
⚠️  Row 3402: Missing candidate or cargo, skipping
⚠️  Row 3403: Missing candidate or cargo, skipping
⚠️  Row 3404: Missing candidate or cargo, skipping
⚠️  Row 3405: Missing candidate or cargo, skipping
⚠️  Row 3406: Missing candidate or cargo, skipping
⚠️  Row 3407: Missing candidate or cargo, skipping
⚠️  Row 3408: Missing candidate or cargo, skipping
⚠️  Row 3409: Missing candidate or cargo, skipping
⚠️  Row 3410: Missing candidate or cargo, skipping
⚠️  Row 3411: Missing candidate or cargo, skipping
⚠️  Row 3412: Missing candidate or cargo, skipping
⚠️  Row 3413: Missing candidate or cargo, skipping
⚠️  Row 3414: Missing candidate or cargo, skipping
⚠️  Row 3415: Missing candidate or cargo, skipping
⚠️  Row 3416: Missing candidate or cargo, skipping
⚠️  Row 3417: Missing candidate or cargo, skipping
⚠️  Row 3418: Missing candidate or cargo, skipping
⚠️  Row 3419: Missing candidate or cargo, skipping
⚠️  Row 3420: Missing candidate or cargo, skipping
⚠️  Row 3421: Missing candidate or cargo, skipping
⚠️  Row 3422: Missing candidate or cargo, skipping
⚠️  Row 3423: Missing candidate or cargo, skipping
⚠️  Row 3424: Missing candidate or cargo, skipping
⚠️  Row 3425: Missing candidate or cargo, skipping
⚠️  Row 3426: Missing candidate or cargo, skipping
⚠️  Row 3427: Missing candidate or cargo, skipping
⚠️  Row 3428: Missing candidate or cargo, skipping
⚠️  Row 3429: Missing candidate or cargo, skipping
⚠️  Row 3430: Missing candidate or cargo, skipping
⚠️  Row 3431: Missing candidate or cargo, skipping
⚠️  Row 3432: Missing candidate or cargo, skipping
⚠️  Row 3433: Missing candidate or cargo, skipping
⚠️  Row 3434: Missing candidate or cargo, skipping
⚠️  Row 3435: Missing candidate or cargo, skipping
⚠️  Row 3436: Missing candidate or cargo, skipping
⚠️  Row 3437: Missing candidate or cargo, skipping
⚠️  Row 3438: Missing candidate or cargo, skipping
⚠️  Row 3439: Missing candidate or cargo, skipping
⚠️  Row 3440: Missing candidate or cargo, skipping
⚠️  Row 3441: Missing candidate or cargo, skipping
⚠️  Row 3442: Missing candidate or cargo, skipping
⚠️  Row 3443: Missing candidate or cargo, skipping
⚠️  Row 3444: Missing candidate or cargo, skipping
⚠️  Row 3445: Missing candidate or cargo, skipping
⚠️  Row 3446: Missing candidate or cargo, skipping
⚠️  Row 3447: Missing candidate or cargo, skipping
⚠️  Row 3448: Missing candidate or cargo, skipping
⚠️  Row 3449: Missing candidate or cargo, skipping
⚠️  Row 3450: Missing candidate or cargo, skipping
⚠️  Row 3451: Missing candidate or cargo, skipping
⚠️  Row 3452: Missing candidate or cargo, skipping
⚠️  Row 3453: Missing candidate or cargo, skipping
⚠️  Row 3454: Missing candidate or cargo, skipping
⚠️  Row 3455: Missing candidate or cargo, skipping
⚠️  Row 3456: Missing candidate or cargo, skipping
⚠️  Row 3457: Missing candidate or cargo, skipping
⚠️  Row 3458: Missing candidate or cargo, skipping
⚠️  Row 3459: Missing candidate or cargo, skipping
⚠️  Row 3460: Missing candidate or cargo, skipping
⚠️  Row 3461: Missing candidate or cargo, skipping
⚠️  Row 3462: Missing candidate or cargo, skipping
⚠️  Row 3463: Missing candidate or cargo, skipping
⚠️  Row 3464: Missing candidate or cargo, skipping
⚠️  Row 3465: Missing candidate or cargo, skipping
⚠️  Row 3466: Missing candidate or cargo, skipping
📈 Conversion Results:
   ✓ Converted:     0 rows
   ⊘ Skipped:       3465 rows
   ⚡ Deduplicated: 0 duplicates (kept unique by institute/candidate/office/scope/date)
   ✅ Final output: 0 polls

📍 Coverage by Office:

❌ DEPUTADO FEDERAL BY STATE: NO

📋 Sample (first 5 polls):

✓ Saved to: pesquisas_tse_convertidas.json
(node:45924) [MODULE_TYPELESS_PACKAGE_JSON] Warning: Module type of file:///Users/luizlessa/electiolab/scripts/convert-tse-polls-to-supabase.ts is not specified and it doesn't parse as CommonJS.
Reparsing as ES module because module syntax was detected. This incurs a performance overhead.
To eliminate this warning, add "type": "module" to /Users/luizlessa/electiolab/package.json.
(Use `node --trace-warnings ...` to show where the warning was created)
