"DT_GERACAO";"HH_GERACAO";"AA_ELEICAO";"CD_ELEICAO";"NM_ELEICAO";"SG_UF";"SG_UE";"NM_UE";"NR_PROTOCOLO_REGISTRO";"DT_REGISTRO";"ST_PESQUISA_PROPRIA";"NR_CNPJ_EMPRESA";"NM_EMPRESA";"NM_EMPRESA_FANTASIA";"DS_CARGO";"DT_INICIO_PESQUISA";"DT_FIM_PESQUISA";"DT_DIVULGACAO";"QT_ENTREVISTADO";"CD_CONRE";"NM_ESTATISTICO_RESP";"VR_PESQUISA";"DS_METODOLOGIA_PESQUISA";"DS_PLANO_AMOSTRAL";"DS_SISTEMA_CONTROLE";"DS_DADO_MUNICIPIO"
"28/09/2026";"05:46:54";2026;81;"Eleições Gerais 2026";"AP";"AP";"AMAPÁ";"AP030352026";"2026-09-22 19:55:05";"N";"81908345000140";"INSTITUTO PARANA DE PESQUISAS E ANALISE DE CONSUMIDOR LTDA";"#NULO#";"Governador, Senador";"2026-09-25 00:00:00";"2026-09-27 00:00:00";"2026-09-28 00:00:00";1000;"10245 - 4ª";"Tatiani Cristina Ara";"45000,00";"Pesquisa com metodologia quantitativa, com a realização de entrevistas pessoais, domiciliares e presenciais, utilizando questionário estruturado junto a uma amostra representativa do eleitorado do Estado do Amapá.

";"""A amostra será representativa do eleitorado da área pesquisada e será selecionada em três etapas. Na primeira etapa realiza-se um sorteio probabilístico dos municípios onde as entrevistas serão realizadas através do método PPT (Probabilidade Proporcional ao Tamanho), considerando a população eleitora com 16 anos ou mais residente nos municípios como base para essa seleção. Na segunda etapa, faz-se um sorteio probabilístico das localidades, onde as entrevistas serão realizadas, através do método PPT (Probabilidade Proporcional ao Tamanho), tomando a população eleitora de 16 anos ou mais residente nas localidades como base para essa seleção. Na terceira etapa, a seleção do entrevistado dentro da localidade, será feita utilizando-se quotas amostrais proporcionais, em função das seguintes variáveis:
GÊNERO: TSE Agosto 2026 (https://sig.tse.jus.br/ords/dwapr/r/seai/sig-eleitor-eleitorado-mensal/cruzamento-eleitorado-mensal?p24_metricas=E&p24_back=22&p24_cruzamento_1=ds_sexo&clear=24&p0_uf=AP&p0_mes=8&debug=LEVEL5&session=312990078978641)
Masculino - 49%; |
Feminino - 51%; |
FAIXA ETÁRIA: TSE Agosto 2026 (https://sig.tse.jus.br/ords/dwapr/r/seai/sig-eleitor-eleitorado-mensal/cruzamento-eleitorado-mensal?p24_cruzamento_1=ds_faixa_etaria&p24_metricas=E&p24_back=22&clear=24&p0_uf=AP&p0_mes=8&debug=LEVEL5&session=8904950028837)
Entre 16 e 24 anos: 18%; |
Entre 25 e 34 anos: 23%; |
Entre 35 e 44 anos: 21%; |
Entre 45 e 59 anos: 23%; |
Com 60 anos ou mais: 15%; |
ESCOLARIDADE: TSE Agosto 2026 (https://sig.tse.jus.br/ords/dwapr/r/seai/sig-eleitor-eleitorado-mensal/cruzamento-eleitorado-mensal?p24_cruzamento_1=ds_grau_instrucao&p24_metricas=E&p24_back=22&clear=24&p0_uf=AP&p0_mes=8&debug=LEVEL5&session=309383598034615) Observação: Conforme informações obtidas no site do Tribunal Superior Eleitoral, o TSE, (https://dadosabertos.tse.jus.br/group/about/eleitorado) """"Os registros de grau de escolaridade podem apresentar dados defasados, pois refletem a situação do eleitor na ocasião do cadastramento.""""
De analfabeto até ensino fundamental completo: 33%; |
Ensino médio incompleto ou completo: 50% |
Ensino superior incompleto ou completo: 17% |
RENDA DOMICILIAR MENSAL: (https://cidades.ibge.gov.br/brasil/ap/pesquisa/23/24304) IBGE - Censo 2010. Observação: Conforme informações obtidas do Instituto Brasileiro de Geografia e Estatística, o IBGE não divulgou - e não tem previsão de data - para divulgação do perfil econômico (nível econômico) da população brasileira nos parâmetros metodológicos utilizados pela Paraná Pesquisas (renda domiciliar mensal), tendo sido divulgados apenas a renda per capita; portanto, os dados divulgados pelo IBGE, por exemplo, em 2022 e 2025 quanto ao nível econômico, não podem ser utilizados pois não correspondem aos parâmetros metodológicos utilizados pela Paraná Pesquisas.
Sem rendimentos até 2 salários mínimos: 48% |
Mais de 2 a 5 salários mínimos: 29% |
Mais de 5 salários mínimos: 23% |
Está prevista eventual ponderação para correção das variáveis gênero e faixa etária, com base nos percentuais acima apresentados, caso ocorram diferenças superiores a 3,0 (três) pontos percentuais entre o previsto na amostra e a coleta realizada; para as variáveis escolaridade e renda domiciliar mensal, o fator de ponderação é igual a 1 (resultados obtidos no campo). O nível de confiança estimado é de 95% (noventa e cinco por cento) para uma margem de erro estimada, considerando uma técnica de amostragem aleatória simples, de aproximadamente 3,2 (três vírgula dois) pontos percentuais para mais ou para menos sobre os resultados obtidos.""




";"""As entrevistas serão conduzidas por uma equipe de entrevistadores e supervisores devidamente qualificados pelo Instituto Paraná Pesquisas, todos com experiência e treinamento específico em pesquisas de opinião pública.
Controle: O controle do processo será realizado por meio de um software de coleta de dados.
Conferência e Fiscalização: Durante a coleta de dados os questionários aplicados são fiscalizados e conferidos através de um supervisor.
Adicionalmente, pelo menos 30% dos questionários passarão por uma verificação posterior, que avaliará a precisão na aplicação e a adequação dos entrevistados às variáveis das quotas amostrais. Ou seja, no mínimo 300 entrevistas desta pesquisa serão auditadas pela equipe de qualidade do Instituto Paraná Pesquisas, podendo essa auditoria ser solicitada ao Instituto a qualquer momento.
Verificação: Após a coleta, os questionários passam por uma etapa de verificação e validação dos dados, para garantir a integridade e precisão dos dados coletados.""




";"""A pesquisa será realizada no Estado do Amapá, a relação dos dados relativos aos municípios e às localidades será apresentado até o dia seguinte à data a partir da qual a pesquisa puder ser divulgada, conforme §7º do art. 2º da Resolução-TSE nº. 23.600/2019""




"
"28/09/2026";"05:46:54";2026;81;"Eleições Gerais 2026";"AP";"AP";"AMAPÁ";"AP076182026";"2026-03-25 16:33:09";"S";"07317438000147";"DOXA ARTE & COMUNICAO S/S LTDA";"DOXA";"Governador, Senador, Deputado Federal, Deputado Estadual";"2026-03-26 00:00:00";"2026-03-30 00:00:00";"2026-03-31 00:00:00";1064;"8010";"JADSON FERNANDES CHAVES ";"15000,00";"Pesquisa do tipo quantitativo, por amostragem, com aplicação de questionário estruturado e abordagem pessoal junto a uma amostra representativa do eleitorado conforme fonte de dados do TSE fevereiro/2026, IBGE, CENSO 2010/2022. O conjunto do eleitorado apto a votar na próxima eleição em 2026 no estado do Pará com idade de 16 anos ou mais foi tomado como universo da pesquisa. O levantamento será realizado pela equipe DOXA ARTE & COMUNICAO S/S LTDA.
Serão realizadas 1064 (mil e sessenta e quatro) entrevistas, distribuídas de forma proporcional ao número de eleitores em cada cidade do estado do Amapá. Dentro da área urbanas e rural serão realizados sorteios dos setores
censitários. Uma vez selecionado os setores, as entrevistas serão realizadas nos domicílios através de amostragem aleatória (dentro dos critérios técnicos de pesquisa eleitoral). A abordagem será domiciliar, ou seja, as entrevistas serão residenciais (face a face), sendo realizada uma entrevista por residência. O
instrumento utilizado para a coleta será um questionário estruturado e padronizado de acordo com os objetivos da pesquisa, que será devidamente preenchido por um pesquisador treinado pela empresa. A pesquisa será
realizada no período de 26 a 30 de março 2026. Nesta pesquisa, com relação às perguntas fechadas, os entrevistados não serão de forma alguma pressionados a escolher uma das opções. Será apresentado a cada entrevistado um cartão circular (DISCO) contendo os nomes estimulados
";"A seleção obterá o quantitativo representativo do eleitorado do estado do Amapá que até fevereiro de 2026 alcançava 561.000 eleitores que estavam aptos a participar/votar nas eleições do ano de 2026, respeitando os conglomerados urbanos em único estágio. O estágio é feito a partir de sorteio probabilístico dos bairros/áreas/comunidades, reconhecidamente no município e que não possui bairros definidos em Lei Municipal ou órgão oficial municipal/estadual, onde as entrevistas serão realizadas e com sub amostragem pelo método PPT (Probabilidade Proporcional ao Tamanho), se possível com respaldado de fonte secundária municipal para tal procedimento ou embasado por informações do IBGE, tomando como referência a população de 16 anos ou mais, residentes nos setores como base para tal seleção prevista no TSE. Os respondentes serão selecionados através de quotas amostrais proporcionais dos estratos reconhecidos pelo TSE 2026 e CENSO 2010/2022 em função de algumas variáveis, agrupando-as conforme a natureza do levantamento por: SEXO: masculino 49%, feminino 51%; GRAU DE INSTRUÇÃO: Sem escolaridade: 3,29%, Fundamental Completo: 5,26%, Fundamental Incompleto: 20,02%; Médio Completo: 28,47%; Médio Incompleto: 21,27%; Lê e Escreve: 4,52%; Superior Completo: 10,17%; Superior Incompleto: 7%; FAIXA ETÁRIA/IDADE: 16 a 24 anos: 17,22; 25 a 34 anos: 24,01%; 35 a 44 anos: 21,30%; 45 a 59 anos: 22,97%; 60 a 69 anos: 8,35%; superior a 70 anos: 6,15%; NÍVEL DE RENDA DO ENTREVISTADO: Até 1 SM, 49,14%; De 01 a 02 SM, 22,49%; De 02 a 03 SM, 6,23%; De 03 a 05 SM, 4,70%; acima de 5 SM 4,23%; Sem rendimento: 13,21%. Fonte: TSE fevereiro/2026, IBGE, CENSO 2010/2022. A amostra total corresponde 1.064 entrevistas. A margem de erro máxima prevista para o total da amostra é de 3,1 pontos percentuais para mais ou para menos, considerando um nível de confiança de 95%. Os intervalos de confiança serão calculados considerando os resultados obtidos para um nível de confiança de 95%. Fonte: VICENTE (2012), TAYLOR, H. (1995), VICENTE et. al. (2001) e SUDMAN (1983) Referências bibliográficas referente aos estudos do cálculo amostral realizado: [1] VICENTE, P. Estudos de Mercado e de Opinião. Princípios e Aplicações de Amostragem. Edições Sílabo. LDA. 1ª edição, 228pg, Lisboa, 2012. [2] TAYLO, H. (1995) Horses for courses: how survey firms in diferent methods, Jounal of the Market Research Society, 37,3, 211-219. [3] VICENTE, P., REIS, E., FERRÃO, F. (2001) Sondagens: A amostragem como Fator Decisivo de Qualidade. 2ª edição Sílabo, Lisboa. [4] SUDMAN, S. (1983) Applid sampling, in Handbook of survey research, P. Rossi, J.Wright, A. Anderson (Editores), Academic Press, Inc.,145- 194.";"Os pesquisadores envolvidos na realização desta pesquisa são treinados de forma contínua pelo Instituto DOXA ARTE & COMUNICAÇÃO S/S LTDA e recebem instruções específicas para cada projeto de pesquisa realizado. A equipe de trabalho de campo é formada por dez pesquisadores de campo e dois coordenadores. Os entrevistadores fazem as entrevistas individuais, enquanto os supervisores de campo fiscalizam o trabalho. Sendo dever do supervisor de campo: a) zelar pelo cumprimento e quantidade correta das entrevistas; b) anular questionários preenchidos incorretamente ou que estejam fora do padrão de conduta técnica da pesquisa; c) anular questionários que não cumpram a amostra determinada de dentro da área prevista no plano; d) zelar pelo andamento do trabalho de campo dentro do tempo especificado; e) inspecionar os questionários aplicados e sua validade; f) conferir no final do trabalho o preenchimento e zelo da amostra prevista. A coleta será realizada com a utilização de tablete/smartfone ou celular androide e o questionário com formato eletrônico e visualização, via, ferramenta, sistema Hashdata. Os dados são checados, no mínimo, 20% dos questionários de cada pesquisador envolvido na pesquisa, seja in loco por supervisores de campo ou, posteriormente, por telefone indicado pelo entrevistado. Internamente, todo o material é verificado e codificado. Antes do processamento final e emissão dos resultados, realiza-se processo de consistência dos dados para garantir a segurança e lisura das informações.";"Os dados serão inseridos conforme §7º. do art. 2º. da Resolução-TSE nº. 23.600/2019, A partir do dia em que a pesquisa puder ser divulgada e até o dia seguinte, o registro deverá ser complementado, sob pena de ser a pesquisa considerada não registrada; na ausência de delimitação do bairro, será identificada a área em que foi realizada."
"28/09/2026";"05:46:54";2026;81;"Eleições Gerais 2026";"AP";"AP";"AMAPÁ";"AP009852026";"2026-08-10 16:18:05";"N";"34972238000109";"AMERICAN ANALYTICS DO BRASIL CONSULTORIA LTDA";"AMERICAN ANALYTICS";"Governador, Senador";"2026-08-10 00:00:00";"2026-08-14 00:00:00";"2026-08-16 00:00:00";1000;"11564";"GIOVANA RILLARY DA SILVA ROCHA";"20000,00";"Pesquisa quantitativa, com realização de entrevistas pessoais e aplicação de questionário estruturado junto a uma amostra representativa do eleitorado do estado do Amapá. ";"A amostra será representativa do eleitorado da área de abrangência da pesquisa e será selecionada em três estágios. No primeiro estágio, será realizado o sorteio probabilístico dos municípios onde as entrevistas serão realizadas, por meio do método PPT (Probabilidade Proporcional ao Tamanho), considerando a população eleitora com 16 anos ou mais residente nos municípios como base para essa seleção. No segundo estágio, será realizado o sorteio probabilístico dos setores censitários onde as entrevistas serão realizadas, também por meio do método PPT (Probabilidade Proporcional ao Tamanho), tomando como base a população eleitora de 16 anos ou mais residente nos respectivos setores censitários. No terceiro estágio,  a seleção do entrevistado dentro de cada setor censitário será feito por meio de cotas amostrais proporcionais, considerando as seguintes variáveis : GÊNERO: TSE -Julho de 2026 (https://sig.tse.jus.br/ords/dwapr/r/seai/sig-eleitor-eleitorado-mensal/cruzamento-eleitorado-mensal?p24_metricas=E&p24_back=22&p24_cruzamento_1=ds_sexo&clear=24&session=302250298393783) 
FEMININO	51,4%	;
MASCULINO	48,6%	;

FAIXA ETÁRIA: TSE - Julho de  2026 (https://sig.tse.jus.br/ords/dwapr/r/seai/sig-eleitor-eleitorado-mensal/cruzamento-eleitorado-mensal?p24_cruzamento_1=ds_faixa_etaria&p24_metricas=E&p24_back=22&clear=24&session=302250298393783) 
Entre 16 a 24 anos	17,98%	;
Entre 25 a 34 anos	23,55%	;
Entre 35 a 44 anos	20,83%	;
Entre 45 a 59 anos	22,90%	;
60 anos ou mais	14,74%	;

ESCOLARIDADE: TSE - julho de 2026 (https://sig.tse.jus.br/ords/dwapr/r/seai/sig-eleitor-eleitorado-mensal/cruzamento-eleitorado-mensal?p24_cruzamento_1=ds_grau_instrucao&p24_metricas=E&p24_back=22&clear=24&session=302250298393783
) Sem Instrução até ensino fundamental completo: 32,6%;  Ensino 	médio incompleto ou completo: 50,3%;  Ensino superior incompleto ou completo: 17,1% ;						;
RENDA DOMICILIAR MENSAL: IBGE - Censo 2.010 - (https://cidades.ibge.gov.br/brasil/ap/pesquisa/23/24304) 

 Sem rendimentos até 2 salários mínimos: 48,4%; Mais de 2 a 5 salários mínimos: 28,8%; Mais de 5 salários mínimos: 22,8%.			
 

Observação: Conforme informações obtidas do Instituto Brasileiro de Geografia e Estatística - IBGE, o instituto não divulgou e não tem previsão de data para divulgação do perfil econômico (nível econômico) da população brasileira; portanto, os dados quanto ao nível econômico obtidos no Censo 2022 não podem ser utilizados, pois não foram publicados. (https://censo2022.ibge.gov.br/panorama/). Está prevista eventual ponderação para correção das variáveis gênero e faixa etária, com base nos percentuais acima apresentados, caso ocorram diferenças superiores a MARGEM DE ERRO definida entre a amostra prevista e a coleta realizada. Para as variáveis escolaridade e renda domiciliar mensal, o fator de ponderação será igual a 1, considerando-se os resultados obtidos em campo. Dentro do público-alvo anteriormente descrito, serão realizadas 1.000 (mil) entrevistados. O nível de confiança estimado é de 95% para uma margem de erro estimada, considerando uma técnica de amostragem aleatória simples (AAS), de aproximadamente 3,1 pontos percentuais para mais ou para menos sobre os resultados obtidos.";"Para a realização da pesquisa, serão conduzidas uma equipe de entrevistadores e supervisores credenciados e devidamente treinados pela empresa para esse tipo de pesquisa. Após os trabalhos de coleta dos dados, 100% dos questionários são criticados e passam por uma fiscalização de cerca de 20% (vinte por cento) dos questionários aplicados por cada entrevistador; passam por uma etapa de verificação da consistência das respostas e da adequação dos entrevistados aos parâmetros amostrais.";"A relação dos municípios e das localidades abrangidos pela coleta, com a respectiva distribuição das entrevistas, será apresentada a partir do dia em que a pesquisa puder ser divulgada e até o dia seguinte, nos termos §7º do art. 2º da Resolução TSE nº. 23.600/2019."
"28/09/2026";"05:46:54";2026;81;"Eleições Gerais 2026";"AP";"AP";"AMAPÁ";"AP020172026";"2026-09-02 11:43:04";"N";"09489958000162";"CP3 LTDA";"CP3";"Governador, Senador, Deputado Federal, Deputado Estadual";"2026-08-29 00:00:00";"2026-08-30 00:00:00";"2026-09-08 00:00:00";166;"9477";"LUIZ CARLOS FERREIRA FEITOSA";"15000,00";"Pesquisa de opinião pública de natureza quantitativa, mediante aplicação de questionário estruturado a eleitoras e eleitores aptos no município de Tartarugalzinho/AP. O desenho utiliza amostragem por quotas com estratificação territorial em dois grandes estratos, urbano e rural, e unidades territoriais selecionadas para a coleta. No estrato urbano, a coleta foi realizada nas áreas Centro e Nova Planaltina; no estrato rural, em Cedro, Bom Jesus dos Fernandes e Itaubal. As demais localidades do município não integraram a seleção territorial desta rodada.
Gênero, faixa etária, grau de instrução e nível econômico são utilizados como controles marginais da composição amostral, sem cruzamento obrigatório de todas as categorias entre si. A distribuição territorial obtida é desproporcional à composição do eleitorado entre urbano e rural e será corrigida por pós-estratificação e calibração estatística.
A seleção do respondente é restrita a eleitor apto e observa os controles marginais estabelecidos para a amostra. A execução busca dispersão das entrevistas nas unidades territoriais selecionadas, evitando concentração intencional em um único ponto.
A classificação urbano/rural utiliza como referência o Plano Municipal de Saneamento Básico de Tartarugalzinho/AP, Produto B, TEDPLAN/UNIFAP, 2024, compatibilizado com o eleitorado do TSE. Para os bairros urbanos são observados os atos normativos municipais vigentes, especialmente as Leis Municipais nº 541/2025 e nº 531/2025. Bairro/localidade constitui a unidade territorial de coleta e controle; setor censitário não constitui quota autônoma do desenho. A documentação técnica e o banco original são preservados para auditoria.";"Universo: 11.470 eleitoras e eleitores aptos em Tartarugalzinho/AP, conforme Estatísticas do Eleitorado/TSE 2026. Amostra: 166 entrevistas válidas. Nível de confiança: 95%. Margem máxima de erro nominal de referência: aproximadamente ±7,6 pontos percentuais para o conjunto da amostra, considerando máxima variabilidade (p=q=0,50) e correção para população finita. Estimativas de subgrupos apresentam maior imprecisão.
Desenho: amostragem por quotas com estratificação territorial urbano/rural. Parâmetro territorial: urbano 6.655 eleitores (58,02%) e rural 4.815 (41,98%), obtido pela compatibilização do eleitorado do TSE com a classificação territorial do PMSB/TEDPLAN-UNIFAP 2024. A amostra realizada contém 117 entrevistas urbanas (70,48%) e 49 rurais (29,52%). Fatores territoriais iniciais de pós-estratificação: urbano 0,823 e rural 1,422.
Controles marginais: gênero ¿ feminino 47,87% (referência 79) e masculino 52,13% (87); idade ¿ 16-24 anos 22,70% (38), 25-34 23,07% (38), 35-44 19,40% (32), 45-59 19,88% (33), 60+ 14,95% (25); instrução ¿ analfabeto/lê e escreve 12,53% (21), fundamental 36,56% (61), médio 43,12% (71), superior 7,79% (13). Fonte: TSE 2026.
Nível econômico ¿ IBGE/Censo 2022/SIDRA Tabela 10296: até 1/2 salário mínimo, inclusive sem rendimento, 68,00% (113); mais de 1/2 a 1 SM 20,25% (33); mais de 1 a 2 SM 7,75% (13); mais de 2 SM 4,00% (7).
A ponderação final será obtida por calibração iterativa (raking/IPF) das margens urbano/rural, gênero, idade, instrução e nível econômico, com pesos normalizados para soma igual a 166. As unidades territoriais não selecionadas não recebem peso específico de localidade.
Fontes públicas: TSE ¿ Estatísticas do Eleitorado 2026; IBGE ¿ Censo Demográfico 2022/SIDRA Tabela 10296; TEDPLAN/UNIFAP ¿ PMSB Tartarugalzinho, Produto B, 2024; Prefeitura Municipal de Tartarugalzinho ¿ legislação territorial vigente.";"O sistema interno de controle compreende conferência da integridade do banco de dados, acompanhamento do total de entrevistas por unidade territorial selecionada e monitoramento das margens de gênero, idade, grau de instrução e nível econômico. São verificadas inconsistências lógicas entre respostas, duplicidades de registros, preenchimentos incompletos, padrões atípicos e divergências em relação às regras do questionário e do plano amostral.
A supervisão confere a distribuição territorial efetivamente obtida e confronta a composição da amostra com os parâmetros populacionais utilizados. A base original é preservada separadamente da base tratada e ponderada, permitindo rastrear as transformações realizadas durante o processamento.
Após o encerramento da coleta são produzidas tabelas de composição amostral não ponderada e ponderada. A memória de cálculo dos fatores territoriais e da calibração por raking/IPF é mantida juntamente com os parâmetros populacionais, pesos intermediários, pesos finais e critérios de normalização. Os pesos finais são submetidos à verificação de amplitude e consistência antes da produção dos resultados.
São mantidos em documentação auditável: banco original das entrevistas; dicionário de variáveis; questionário aplicado; distribuição das entrevistas por área; fontes públicas do TSE, IBGE, TEDPLAN/UNIFAP e legislação municipal; memória de cálculo da amostra e ponderação; base final utilizada nas tabulações; e registros de conferência e supervisão. O conjunto é preservado para eventual fiscalização da Justiça Eleitoral, nos termos da Resolução TSE nº 23.600/2019, com as alterações da Resolução nº 23.747/2026.";"Município abrangido: Tartarugalzinho/AP.
Unidades territoriais efetivamente abrangidas pela coleta: Centro e Nova Planaltina, classificadas no estrato urbano; Cedro, Bom Jesus dos Fernandes e Itaubal, classificadas no estrato rural. Foram realizadas 59 entrevistas no Centro, 58 em Nova Planaltina, 16 em Cedro, 18 em Bom Jesus dos Fernandes e 15 em Itaubal, totalizando 166 entrevistas.
A classificação urbano/rural tem como referência pública o Plano Municipal de Saneamento Básico de Tartarugalzinho/AP ¿ Produto B, TEDPLAN/UNIFAP, 2024. A identificação dos bairros urbanos observa a divisão político-administrativa oficial do Município de Tartarugalzinho, especialmente as Leis Municipais nº 541/2025 e nº 531/2025.
Para fins amostrais e de ponderação territorial, o controle é realizado no nível dos estratos urbano/rural. As demais localidades do município não integraram as unidades territoriais selecionadas nesta rodada e não recebem frequência ou peso específico de localidade.
Bairro/localidade foi utilizado como unidade territorial de coleta e controle; os setores censitários não constituíram quotas ou estratos autônomos de seleção e ponderação.
Na complementação prevista no art. 2º, §7º, IV, da Resolução TSE nº 23.600/2019, serão informados o número de entrevistados por setor censitário sempre que a metodologia e os registros individualizados permitirem associação tecnicamente segura. O resultado obtido foi:
Área da pesquisa Entrevistas Setores de referência encontrados
Centro 59 160070905000002
Nova Planaltina 58 160070905000002
Cedro 16 160070905000006; 160070905000017; 160070905000024
Bom Jesus dos Fernandes 18 160070905000005; 160070905000017
Itaubal 15 160070905000017"
"28/09/2026";"05:46:54";2026;81;"Eleições Gerais 2026";"AP";"AP";"AMAPÁ";"AP037742026";"2026-06-23 22:54:46";"S";"52182942000131";"TOP COMERCIOS E SERVICOS LTDA";"F5 PESQUISAS E CONSULTORIA";"Governador, Senador, Deputado Federal, Deputado Estadual, Deputado Distrital";"2026-06-23 00:00:00";"2026-06-27 00:00:00";"2026-06-29 00:00:00";1064;"9081";"LUIS VALBER RIOS ARCANJO";"10000,00";"A pesquisa da Empresa F5 PESQUISA E CONSULTORA LTDA, registrada no Conselho Regional de Estatística da 7ª Região, sob o N. º 8806 será um levantamento
estatístico por amostragem estratificada por cidade/bairro/setor censitário, sexo, faixa etária de idade, escolaridade, renda familiar e religião do entrevistado, nas áreas urbanas e rural do estado do Amapá. 
O universo da pesquisa será a população eleitoral das áreas urbanas e rural do estado do Amapá, a partir de 16 anos.

Serão realizadas 1064 (mil e sessenta e quatro) entrevistas, distribuídas de forma proporcional ao número de eleitores em cada cidade do estado do Amapá. Dentro da área urbanas e rural serão realizados sorteios dos setores
censitários. Uma vez selecionado os setores, as entrevistas serão realizadas nos domicílios através de amostragem aleatória (dentro dos critérios técnicos de pesquisa eleitoral). A abordagem será domiciliar, ou seja, as entrevistas serão residenciais (face a face), sendo realizada uma entrevista por residência. O
instrumento utilizado para a coleta será um questionário estruturado e padronizado de acordo com os objetivos da pesquisa, que será devidamente preenchido por um pesquisador treinado pela empresa. A pesquisa será
realizada no período de 23 a 27 de junho  de 2026. Nesta pesquisa, com relação às perguntas fechadas, os entrevistados não serão de forma alguma pressionados a escolher uma das opções. Será apresentado a cada entrevistado um cartão circular (DISCO) contendo os nomes estimulados
";"Plano Amostral: A amostra será estratificada por cidades, com partições proporcionais, ou seja, a amostra será distribuída, de forma proporcional ao número de eleitores existentes em cada cidade. Serão utilizados para a amostra domiciliar, os dados do IBGE sobre a contagem da população do
censo 2022. Sobre os resultados encontrados no campo serão realizadas ponderações por sexo e faixa etária, de acordo com os dados obtidos e divulgados pelo TSE/MAIO DE 2026, para o estado do Amapá. Em relação ao nível de instrução será ponderado pelos dados do TSE/MAIO DE 2026, para
o estado do Amapá e o nível econômico pelos dados do IBGE/Amostra de Domicílios Contínua (PNAD Contínua), divulgada pelo IBGE em 30 de janeiro de 2026 (dados de 2025). Sendo todas as ponderações de acordo os dados a seguir: Sexo %: Feminino 51%, Masculino 49% Total 100,0% Fonte: TSE/MAIO DE 2026; Idade %: 16 a 24 anos 18,56%, 25 a 34 anos 23,56%, 35 a 44 anos 20,86%, 45 a 59 anos 22,64% e 60 anos e mais 14,38% Total
100,0% Fonte: MAIO DE 2026. Grau de Instrução - (Escolaridade) %: Analfabeto 3,23%, Lê e escreve 4,41%, Ensino fundamental completo 5,18%, Ensino fundamental incompleto 19,77%, Ensino médio completo 28,15%, Ensino médio incompleto 22,13%, Superior completo 10,13%, Superior incompleto
7%, Total 100,0% Fonte: TSE/MAIO DE 2026.
Intervalo de Confiança e a Margem de Erro: A amostra será de 1064 (mil e sessenta e quatro) entrevistas domiciliares individuais, que permitirá inferência sobre o universo pesquisado com uma margem de erro amostral de 3%
(três por cento), para mais ou para menos, dentro de um intervalo de confiança de 95% (noventa e cinco por cento), ou seja, que se faça 100 (cem) vezes a pesquisa em 95% (noventa e cinco por cento) dessas, chegará mesmo resultado.
";"Todos os entrevistadores da Empresa F5 Pesquisas e Consultoria LTDA, são selecionados e treinados pela própria empresa em Santana - AP. Para o trabalho de campo cada entrevistador será devidamente identificado com
crachá (nome, CPF e foto) e camiseta da Empresa. A pesquisa será realizada através de smartphones ou tablets em ambiente web em um servidor CLOUD, que tem por objetivo realizar a integração entre o sistema de pesquisa SPSS à equipe de pesquisadores. Sendo a transmissão dos dados
automática através de redes WIFI, 3G , 4G e 5G. A supervisão de campo será executada em tempo real, sendo disponibilizados para a garantia das informações, os locais onde elas foram realizadas, sendo as imagens disponibilizadas, após a transmissão dos dados, no Google mapas, garantindo a observação de todas as entrevistas. Os questionários (dados) serão submetidos a uma fiscalização de no mínimo 20,0 % (vinte por
cento) de todas as entrevistas realizadas.";"A amostra contemplará todos os 16 municípios do estado, auto ponderada de acordo com o número de eleitores abaixo: MUNICÍPIO / Nº de eleitores (Fonte TSE/JANEIRO DE 2026) Amapá = 7.569 Calçoene = 8.937 Cutias = 6.312 Ferreira Gomes = 7.924 Itaubal = 8.885 Laranjal do Jari = 28.241 Macapá = 321.761 Mazagão = 22.276 Oiapoque = 24.228, Pedra Branca do Amapari = 9.962 Porto Grande = 15.574 Paracuuba = 4.038 Santana = 86.055 Serra do Navio = 4.132 Tartarugalzinho = 11.488 Vitória do Jari = 10.434"
"28/09/2026";"05:46:54";2026;81;"Eleições Gerais 2026";"AP";"AP";"AMAPÁ";"AP080802026";"2026-09-27 13:12:26";"S";"07317438000147";"DOXA ARTE & COMUNICAO S/S LTDA";"DOXA";"Governador, Senador";"2026-09-27 00:00:00";"2026-09-30 00:00:00";"2026-10-03 00:00:00";800;"10924";"Izadora Zdanowsky Calmon dos Reis Pimentel";"30000,00";"Pesquisa do tipo quantitativo, por amostragem, com aplicação de questionário estruturado e abordagempessoal junto a uma amostra representativa do eleitorado conforme fonte de dados do TSE julho/2026,IBGE, CENSO 2022. O conjunto do eleitorado apto a votar na próxima eleição em 2026 no estado do Amapá com idade de 16 anos ou mais foi tomado como universo da pesquisa. O levantamento serárealizado pela equipe DOXA ARTE & COMUNICAO S/S LTDA.";"O público-alvo é o eleitorado do estado do Amapá apto a votar nas Eleições Gerais de 2026. Pesquisa com metodologia quantitativa e realização de entrevistas pessoais, domiciliares e presenciais, utilizando questionário estruturado junto a uma amostra representativa do eleitorado do Estado do Amapá, selecionada em três estágios. No primeiro estágio: realiza-se um sorteio probabilístico dos municípios onde as entrevistas serão realizadas através do método PPT (Probabilidade Proporcional ao Tamanho), considerando a população eleitora residente com 16 anos ou mais nos municípios como base para essa seleção. No segundo estágio: faz-se um sorteio probabilístico das localidades onde as entrevistas serão realizadas, através do método PPT (Probabilidade Proporcional ao Tamanho), tomando a população eleitora residente de 16 anos ou mais nas localidades como base para essa seleção. No terceiro estágio: a seleção do entrevistado dentro da localidade será feita utilizando-se quotas amostrais proporcionais em função das seguintes variáveis: Sexo: Masculino (49%); Feminino (51%). ¿ Faixa etária: 16-24 anos (18%); 25-34 anos (23,6%); 35-44 anos (20,8%); 45-59 anos (22,9%); 60 anos ou mais (14,7%). ¿ Nível de instrução: Analfabeto: 3,23%; Lê e Escreve: 4,41%; Ensino Fundamental Incompleto: 19,77%; Ensino Fundamental Completo: 5,18%; Ensino Médio Incompleto: 22,13%; Ensino Médio Completo: 28,15%; Ensino Superior Incompleto: 7,00%; Ensino Superior Completo: 10,13%. (Fonte: TSE, julho/2026 ( sig.tse.jus.br). ¿ Nível Econômico (Renda Domiciliar): Sem rendimento Até 2 SM 48,5%; De 2 até 5 SM 28,7%; Mais de 5 SM 22,8%; No substrato nível de renda foram utilizada técnica estatística de aglutinamento de faixas/substratos. Fonte: Censo2010; ¿ Fonte dos dados: TSE (julho/2026) para as quotas de sexo, idade e instrução, e para o sorteio PPT do primeiro e segundo estágios; IBGE/Censo 2022 para a estratificação interna das localidades. O IBGE, não divulgou e não tem previsão de data para divulgação do perfil econômico (nível econômico) da população brasileira em relação ao censo 2022 e também a ausência de microdados definitivos do Censo 2022 sobre esse assunto. Por isso, mantém-se o Censo 2010 como base mais recente disponível nesse formato para a estratificação de renda domiciliar, com a ressalva de que se trata de dado defasado, a ser atualizado assim que o IBGE publicar o indicador equivalente do Censo 2022. Ponderação: Está prevista eventual ponderação para correção das variáveis sexo, faixa etária, nível de instrução e nível econômico, com base nos percentuais acima apresentados, caso ocorram diferenças superiores a 3,5 (três e meio) pontos percentuais entre o previsto na amostra e a coleta realizada. Caso as proporções coletadas em campo para qualquer uma dessas variáveis fiquem dentro dessa margem de tolerância, o fator de ponderação adotado será igual a 1 (resultado obtido em campo), garantindo o alinhamento rigoroso com os parâmetros populacionais. Margem de Erro e Nível de Confiança: Serão realizadas 800 entrevistas distribuídas no estado. O nível de confiança estimado é de 95% (noventa e cinco por cento). Para uma amostra aleatória simples de mesmo tamanho, a margem de erro corresponderia a aproximadamente 3,5 (três e meio) pontos percentuais para mais ou para menos.";"Os pesquisadores envolvidos na realização desta pesquisa são treinados de forma contínua pelo Instituto DOXA e recebem instruções específicas para cada projeto de pesquisa realizado. A equipe de trabalho de campo é formada por dez pesquisadores de campo e dois coordenadores. Os entrevistadores fazem as entrevistas individuais, enquanto os supervisores de campo fiscalizam o trabalho. Sendo dever do supervisor de campo: a) zelar pelo cumprimento e quantidade coletadas de entrevistas; b) anular Questionários preenchidos incorretamente ou que estejam fora do padrão de conduta técnica da pesquisa; c) anular questionários que não cumpram a amostra determinada de dentro da área prevista no plano; d) zelar pelo andamento do trabalho de campo dentro do tempo especificado; e)inspecionar os questionários aplicados e sua validade; f) conferir no final do trabalho o preenchimento e zelo da amostra prevista. A coleta será realizada com a utilização de tablete/smartfone ou celular androide e o questionário com formato eletrônico e visualização, via, ferramenta, sistema QuestionPro. Os dados são checados, no mínimo, 20% dos questionários de cada pesquisador envolvido na pesquisa, seja in loco por supervisores de campo ou, posteriormente, por telefone indicado pelo entrevistado. Internamente, todo o material é verificado e codificado. Antes do processamento final e emissão dos resultados, realiza-seprocesso de consistência dos dados para garantir a segurança e lisura das informações.";"Os dados serão inseridos conforme §7º. do art. 2º. da Resolução - TSE nº. 23.600/2019, A partir do dia em que a pesquisa puder ser divulgada e até o dia seguinte, o registro deverá ser complementado, sob pena deser a pesquisa considerada não registrada; na ausência de delimitação do bairro, será identificada a área em que foi realizada."
"28/09/2026";"05:46:54";2026;81;"Eleições Gerais 2026";"AP";"AP";"AMAPÁ";"AP030452026";"2026-09-15 19:55:56";"S";"07317438000147";"DOXA ARTE & COMUNICAO S/S LTDA";"DOXA";"Governador, Senador";"2026-09-16 00:00:00";"2026-09-19 00:00:00";"2026-09-21 00:00:00";800;"8010";"JADSON FERNANDES CHAVES";"30000,00";"Pesquisa do tipo quantitativo, por amostragem, com aplicação de questionário estruturado e abordagempessoal junto a uma amostra representativa do eleitorado conforme fonte de dados do TSE julho/2026,IBGE, CENSO 2022. O conjunto do eleitorado apto a votar na próxima eleição em 2026 no estado do Amapá com idade de 16 anos ou mais foi tomado como universo da pesquisa. O levantamento serárealizado pela equipe DOXA ARTE & COMUNICAO S/S LTDA.";"O público-alvo é o eleitorado do estado do Amapá apto a votar nas Eleições Gerais de 2026. Pesquisa com metodologia quantitativa e realização de entrevistas pessoais, domiciliares e presenciais, utilizando questionário estruturado junto a uma amostra representativa do eleitorado do Estado do Amapá, selecionada em três estágios. No primeiro estágio: realiza-se um sorteio probabilístico dos municípios onde as entrevistas serão realizadas através do método PPT (Probabilidade Proporcional ao Tamanho), considerando a população eleitora residente com 16 anos ou mais nos municípios como base para essa seleção. No segundo estágio: faz-se um sorteio probabilístico das localidades onde as entrevistas serão realizadas, através do método PPT (Probabilidade Proporcional ao Tamanho), tomando a população eleitora residente de 16 anos ou mais nas localidades como base para essa seleção. No terceiro estágio: a seleção do entrevistado dentro da localidade será feita utilizando-se quotas amostrais proporcionais em função das seguintes variáveis: Sexo: Masculino (49%); Feminino (51%). ¿ Faixa etária: 16-24 anos (18%); 25-34 anos (23,6%); 35-44 anos (20,8%); 45-59 anos (22,9%); 60 anos ou mais (14,7%). ¿ Nível de instrução: Analfabeto: 3,23%; Lê e Escreve: 4,41%; Ensino Fundamental Incompleto: 19,77%; Ensino Fundamental Completo: 5,18%; Ensino Médio Incompleto: 22,13%; Ensino Médio Completo: 28,15%; Ensino Superior Incompleto: 7,00%; Ensino Superior Completo: 10,13%. (Fonte: TSE, julho/2026 ( sig.tse.jus.br). ¿ Nível Econômico (Renda Domiciliar): Sem rendimento Até 2 SM 48,5%; De 2 até 5 SM 28,7%; Mais de 5 SM 22,8%; No substrato nível de renda foram utilizada técnica estatística de aglutinamento de faixas/substratos. Fonte: Censo2010; ¿ Fonte dos dados: TSE (julho/2026) para as quotas de sexo, idade e instrução, e para o sorteio PPT do primeiro e segundo estágios; IBGE/Censo 2022 para a estratificação interna das localidades. O IBGE, não divulgou e não tem previsão de data para divulgação do perfil econômico (nível econômico) da população brasileira em relação ao censo 2022 e também a ausência de microdados definitivos do Censo 2022 sobre esse assunto. Por isso, mantém-se o Censo 2010 como base mais recente disponível nesse formato para a estratificação de renda domiciliar, com a ressalva de que se trata de dado defasado, a ser atualizado assim que o IBGE publicar o indicador equivalente do Censo 2022. Ponderação: Está prevista eventual ponderação para correção das variáveis sexo, faixa etária, nível de instrução e nível econômico, com base nos percentuais acima apresentados, caso ocorram diferenças superiores a 3,5 (três e meio) pontos percentuais entre o previsto na amostra e a coleta realizada. Caso as proporções coletadas em campo para qualquer uma dessas variáveis fiquem dentro dessa margem de tolerância, o fator de ponderação adotado será igual a 1 (resultado obtido em campo), garantindo o alinhamento rigoroso com os parâmetros populacionais. Margem de Erro e Nível de Confiança: Serão realizadas 800 entrevistas distribuídas no estado. O nível de confiança estimado é de 95% (noventa e cinco por cento). Para uma amostra aleatória simples de mesmo tamanho, a margem de erro corresponderia a aproximadamente 3,5 (três e meio) pontos percentuais para mais ou para menos.";"Os pesquisadores envolvidos na realização desta pesquisa são treinados de forma contínua pelo Instituto DOXA e recebem instruções específicas para cada projeto de pesquisa realizado. A equipe de trabalho de campo é formada por dez pesquisadores de campo e dois coordenadores. Os entrevistadores fazem as entrevistas individuais, enquanto os supervisores de campo fiscalizam o trabalho. Sendo dever do supervisor de campo: a) zelar pelo cumprimento e quantidade coletadas de entrevistas; b) anular Questionários preenchidos incorretamente ou que estejam fora do padrão de conduta técnica da pesquisa; c) anular questionários que não cumpram a amostra determinada de dentro da área prevista no plano; d) zelar pelo andamento do trabalho de campo dentro do tempo especificado; e)inspecionar os questionários aplicados e sua validade; f) conferir no final do trabalho o preenchimento e zelo da amostra prevista. A coleta será realizada com a utilização de tablete/smartfone ou celular androide e o questionário com formato eletrônico e visualização, via, ferramenta, sistema QuestionPro. Os dados são checados, no mínimo, 20% dos questionários de cada pesquisador envolvido na pesquisa, seja in loco por supervisores de campo ou, posteriormente, por telefone indicado pelo entrevistado. Internamente, todo o material é verificado e codificado. Antes do processamento final e emissão dos resultados, realiza-seprocesso de consistência dos dados para garantir a segurança e lisura das informações.";"Os dados serão inseridos conforme §7º. do art. 2º. da Resolução - TSE nº. 23.600/2019, A partir do dia em que a pesquisa puder ser divulgada e até o dia seguinte, o registro deverá ser complementado, sob pena deser a pesquisa considerada não registrada; na ausência de delimitação do bairro, será identificada a área em que foi realizada."
"28/09/2026";"05:46:54";2026;81;"Eleições Gerais 2026";"AP";"AP";"AMAPÁ";"AP026512026";"2026-07-15 19:05:37";"N";"81908345000140";"INSTITUTO PARANA DE PESQUISAS E ANALISE DE CONSUMIDOR LTDA";"#NULO#";"Governador, Senador";"2026-07-18 00:00:00";"2026-07-20 00:00:00";"2026-07-21 00:00:00";1100;"10245 - 4ª";"Tatiani Cristina Ara";"45000,00";"Pesquisa com metodologia quantitativa, com a realização de entrevistas pessoais, domiciliares e presenciais, utilizando questionário estruturado junto a uma amostra representativa do eleitorado do Estado do Amapá.


";"""A amostra será representativa do eleitorado da área pesquisada e será selecionada em três etapas. Na primeira etapa realiza-se um sorteio probabilístico dos municípios onde as entrevistas serão realizadas através do método PPT (Probabilidade Proporcional ao Tamanho), considerando a população eleitora com 16 anos ou mais residente nos municípios como base para essa seleção. Na segunda etapa, faz-se um sorteio probabilístico das localidades, onde as entrevistas serão realizadas, através do método PPT (Probabilidade Proporcional ao Tamanho), tomando a população eleitora de 16 anos ou mais residente nas localidades como base para essa seleção. Na terceira etapa, a seleção do entrevistado dentro da localidade, será feita utilizando-se quotas amostrais proporcionais, em função das seguintes variáveis:
GÊNERO: TSE Junho 2026 (https://sig.tse.jus.br/ords/dwapr/r/seai/sig-eleitor-eleitorado-mensal/cruzamento-eleitorado-mensal?p24_metricas=E&p24_back=22&p24_cruzamento_1=ds_sexo&clear=24&p0_uf=AP&p0_mes=6&debug=LEVEL5&session=312990078978641)
Masculino - 49%; |
Feminino - 51%; |
FAIXA ETÁRIA: TSE Junho 2026 (https://sig.tse.jus.br/ords/dwapr/r/seai/sig-eleitor-eleitorado-mensal/cruzamento-eleitorado-mensal?p24_cruzamento_1=ds_faixa_etaria&p24_metricas=E&p24_back=22&clear=24&p0_uf=AP&p0_mes=6&debug=LEVEL5&session=8904950028837)
Entre 16 e 24 anos: 19%; |
Entre 25 e 34 anos: 23%; |
Entre 35 e 44 anos: 21%; |
Entre 45 e 59 anos: 23%; |
Com 60 anos ou mais: 14%; |
ESCOLARIDADE: TSE Junho 2026 (https://sig.tse.jus.br/ords/dwapr/r/seai/sig-eleitor-eleitorado-mensal/cruzamento-eleitorado-mensal?p24_cruzamento_1=ds_grau_instrucao&p24_metricas=E&p24_back=22&clear=24&p0_uf=AP&p0_mes=6&debug=LEVEL5&session=309383598034615)
De analfabeto até ensino fundamental completo: 33%; |
Ensino médio incompleto ou completo: 50% |
Ensino superior incompleto ou completo: 17% |
RENDA DOMICILIAR MENSAL:  (https://cidades.ibge.gov.br/brasil/ap/pesquisa/23/24304) IBGE - Censo 2010. Observação: Conforme informações obtidas do Instituto Brasileiro de Geografia e Estatística, o IBGE, não divulgou - e não tem previsão - de data para divulgação do perfil econômico (nível econômico) da população brasileira; portanto, os dados quanto ao nível econômico obtidos no Censo 2022, não podem ser utilizados, pois não foram publicados. (https://censo2022.ibge.gov.br/panorama/)
Sem rendimentos até 2 salários mínimos: 48% |
Mais de 2 a 5 salários mínimos: 29% |
Mais de 5 salários mínimos: 23% |
Está prevista eventual ponderação para correção das variáveis gênero e faixa etária, com base nos percentuais acima apresentados, caso ocorram diferenças superiores a 3,0 (três) pontos percentuais entre o previsto na amostra e a coleta realizada; para as variáveis escolaridade e renda domiciliar mensal, o fator de ponderação é igual a 1 (resultados obtidos no campo). O nível de confiança estimado é de 95% (noventa e cinco por cento) para uma margem de erro estimada, considerando uma técnica de amostragem aleatória simples, de aproximadamente 3,0 (três) pontos percentuais para mais ou para menos sobre os resultados obtidos.""





";"""As entrevistas serão conduzidas por uma equipe de entrevistadores e supervisores devidamente qualificados pelo Instituto Paraná Pesquisas, todos com experiência e treinamento específico em pesquisas de opinião pública. 
Controle: O controle do processo será realizado por meio de um software de coleta de dados.
Conferência e Fiscalização: Durante a coleta de dados os questionários aplicados são fiscalizados e conferidos através de um supervisor.   
Adicionalmente, pelo menos 30% dos questionários passarão por uma verificação posterior, que avaliará a precisão na aplicação e a adequação dos entrevistados às variáveis das quotas amostrais. Ou seja, no mínimo 330 entrevistas desta pesquisa serão auditadas pela equipe de qualidade do Instituto Paraná Pesquisas, podendo essa auditoria ser solicitada ao Instituto a qualquer momento.
Verificação: Após a coleta, os questionários passam por uma etapa de verificação e validação dos dados, para garantir a integridade e precisão dos dados coletados.""





";" ""A pesquisa será realizada no Estado do Amapá, a relação dos dados relativos aos municípios e às localidades será apresentado até o dia seguinte à data a partir da qual a pesquisa puder ser divulgada, conforme §7º do art. 2º da Resolução-TSE nº. 23.600/2019""





"
"28/09/2026";"05:46:54";2026;81;"Eleições Gerais 2026";"AP";"AP";"AMAPÁ";"AP012382026";"2026-09-27 04:32:39";"S";"19259002000128";"ATLASINTEL TECNOLOGIA DE DADOS LTDA";"ATLASINTEL";"Governador, Senador";"2026-09-27 00:00:00";"2026-10-02 00:00:00";"2026-10-03 00:00:00";800;"11220";"ANDREI CAMILO DOS SANTOS";"75000,00";"Pesquisa quantitativa com coleta aleatória via questionário estruturado web e pós-estratificação da amostra de acordo com as características do eleitorado de Amapá.";"Amostra aleatória pós-estratificada via algoritmo iterativo com quotas proporcionais, representando as características do eleitorado de Amapá:
SEXO: Masculino: 48.6%; Feminino: 51.4%.
FAIXA ETÁRIA: Entre 16 a 24 anos: 18.0%; Entre 25 a 34 anos: 23.6%; Entre 35 a 44 anos: 20.8%; Entre 45 a 59 anos: 22.9%; 60 ou mais: 14.7%.
ESCOLARIDADE: Até Ensino Médio completo ou incompleto (inclui Ensino Fundamental completo/incompleto e pessoas sem instrução): 72.7%; Ensino Superior completo ou incompleto: 27.3%.
NÍVEL ECONÔMICO: Renda familiar mensal até R$ 2.000: 19.9%; de R$ 2.000 a R$ 3.000: 13.0%; de R$ 3.000 a R$ 5.000: 24.7%; de R$ 5.000 a R$ 10.000: 24.6%; mais de R$ 10.000: 17.8%.
OBS.: devido ao arredondamento, a soma dos percentuais pode variar de 99% a 101%. Na agregação final, para cada variável de ponderação, serão admissíveis desvios de até 3 pontos percentuais em relação às quotas estipuladas. Confiança estimada: 95%, margem de erro: +/- 3.0 pontos percentuais. FONTE DOS DADOS: PNADC 2026 para escolaridade | PNADC 2025 para renda | TSE 2026 para sexo e faixa etária.";"Coleta feita com a utilização de questionário eletrônico com procedimentos específicos para o armazenamento seguro dos dados. São checados manualmente no mínimo 15% dos questionários para detectar possíveis anomalias. Pesquisadores especializados realizam internamente uma verificação exaustiva da consistência dos dados antes da divulgação dos resultados finais.";"#NULO#"
"28/09/2026";"05:46:54";2026;81;"Eleições Gerais 2026";"AP";"AP";"AMAPÁ";"AP056382026";"2026-09-18 23:46:44";"S";"52182942000131";"TOP COMERCIOS E SERVICOS LTDA";"F5 PESQUISAS E CONSULTORIA";"Governador, Senador, Deputado Federal, Deputado Estadual";"2026-09-19 00:00:00";"2026-09-23 00:00:00";"2026-09-24 00:00:00";1065;"9081";"luis valber rios arcanjo";"12000,00";"A pesquisa da Empresa F5 PESQUISA E CONSULTORA LTDA, registrada no Conselho Regional de Estatística da 7ª Região, sob o N. º 8806 será um levantamento
estatístico por amostragem estratificada por cidade/bairro/setor censitário, sexo, faixa etária de idade, escolaridade, renda familiar e religião do entrevistado, nas áreas urbanas e rural do estado do Amapá. O universo da pesquisa será a população eleitoral das áreas urbanas e rural do estado do Amapá, a partir de 16 anos.

Serão realizadas 1065 (mil e sessenta e cinco) entrevistas, distribuídas de forma proporcional ao número de eleitores em cada cidade do estado do Amapá. Dentro da área urbanas e rural serão realizados sorteios dos setores
censitários. Uma vez selecionado os setores, as entrevistas serão realizadas nos domicílios através de amostragem aleatória (dentro dos critérios técnicos de pesquisa eleitoral). A abordagem será domiciliar, ou seja, as entrevistas serão residenciais (face a face), sendo realizada uma entrevista por residência. O
instrumento utilizado para a coleta será um questionário estruturado e padronizado de acordo com os objetivos da pesquisa, que será devidamente preenchido por um pesquisador treinado pela empresa. A pesquisa será
realizada no período de 19 a 23 de setembro de 2026. Nesta pesquisa, com relação às perguntas fechadas, os entrevistados não serão de forma alguma pressionados a escolher uma das opções. Será apresentado a cada entrevistado um cartão circular (DISCO) contendo os nomes estimulados.";"Plano Amostral: A amostra será estratificada por cidades, com partições proporcionais, ou seja, a amostra será distribuída, de forma proporcional ao número de eleitores existentes em cada cidade. Serão utilizados para a amostra domiciliar, os dados do IBGE sobre a contagem da população do censo 2022. Sobre os resultados encontrados no campo serão realizadas ponderações por sexo e faixa etária, de acordo com os dados obtidos e divulgados pelo TSE/AGOSTO DE 2026, para o estado do Amapá. Em relação ao nível de instrução será ponderado pelos dados do TSE/AGOSTO DE 2026, para
o estado do Amapá e o nível econômico pelos dados do IBGE/Amostra de Domicílios Contínua (PNAD Contínua), divulgada pelo IBGE em 30 de janeiro de 2026 (dados de 2025). Sendo todas as ponderações de acordo os dados a seguir: Sexo %: Feminino 51%, Masculino 49% Total 100,0% Fonte: TSE/AGOSTO DE 2026; Idade %: 16 a 24 anos 17,99%, 25 a 34 anos 23,60%, 35 a 44 anos 20,87%, 45 a 59 anos 22,94% e 60 anos e mais 14,59% Total
100,0% Fonte: TSE/AGOSTO DE 2026. Grau de Instrução - (Escolaridade) %: Analfabeto 3,23%, Lê e escreve 4,41%, Ensino fundamental completo 5,18%, Ensino fundamental incompleto 19,77%, Ensino médio completo 28,16%, Ensino médio incompleto 22,12%, Superior completo 10,13%, Superior incompleto
7%, Total 100,0% Fonte: TSE/AGOSTO DE 2026.
Intervalo de Confiança e a Margem de Erro: A amostra será de 1065 (mil e sessenta e cinco) entrevistas domiciliares individuais, que permitirá inferência sobre o universo pesquisado com uma margem de erro amostral de 3%
(três por cento), para mais ou para menos, dentro de um intervalo de confiança de 95% (noventa e cinco por cento), ou seja, que se faça 100 (cem) vezes a pesquisa em 95% (noventa e cinco por cento) dessas, chegará mesmo resultado.";"Todos os entrevistadores da Empresa F5 Pesquisas e Consultoria LTDA, são selecionados e treinados pela própria empresa em Santana - AP. Para o trabalho de campo cada entrevistador será devidamente identificado com
crachá (nome, CPF e foto) e camiseta da Empresa. A pesquisa será realizada através de smartphones ou tablets em ambiente web em um servidor CLOUD, que tem por objetivo realizar a integração entre o sistema de pesquisa SPSS à equipe de pesquisadores. Sendo a transmissão dos dados
automática através de redes WIFI, 3G , 4G e 5G. A supervisão de campo será executada em tempo real, sendo disponibilizados para a garantia das informações, os locais onde elas foram realizadas, sendo as imagens
disponibilizadas, após a transmissão dos dados, no Google mapas, garantindo a observação de todas as entrevistas. Os questionários (dados) serão submetidos a uma fiscalização de no mínimo 20,0 % (vinte por cento) de todas as entrevistas realizadas.";"A amostra contemplará todos os 16 municípios do estado, auto ponderada de acordo com o número de eleitores abaixo: MUNICÍPIO / Nº de eleitores (Fonte TSE/AGOSTO DE 2026) Amapá = 7.561 Calçoene = 8.928 Cutias = 6.311 Ferreira Gomes = 7.893 Itaubal = 8.884 Laranjal do Jari = 28.236 Macapá = 321.591 Mazagão = 22.254 Oiapoque = 24.262, Pedra Branca do Amapari = 9.956 Porto Grande = 15.567 Paracuuba = 4.031 Santana = 86.030 Serra do Navio = 4.128 Tartarugalzinho = 11.470 Vitória do Jari = 10.432"
"28/09/2026";"05:46:54";2026;81;"Eleições Gerais 2026";"AP";"AP";"AMAPÁ";"AP085792026";"2026-09-24 21:58:39";"N";"22345021000181";"REAL TIME MIDIA LTDA";"REAL TIME BIG DATA";"Governador, Senador";"2026-09-25 00:00:00";"2026-09-29 00:00:00";"2026-09-30 00:00:00";1600;"10839";"Isabela Zara Cremoneze";"20000,00";"Pesquisa quantitativa, que consiste na realização de entrevistas com eleitores do universo a ser explorado, feitas em combinação mista por entrevistadores humanos e recursos de inteligência artificial, com a aplicação de questionário estruturado com abordagens telefônicas e digitais junto a uma amostra representativa do eleitorado em estudo. Pesquisa realizada no Estado do Amapá (AP).";"Representativo do eleitorado da área em estudo, elaborada em três estágios.
No primeiro estágio, realiza-se um sorteio probabilístico dos municípios onde as entrevistas serão realizadas, pelo método PPT (Probabilidade Proporcional ao Tamanho), tomando a população eleitora de 16 anos ou mais residente nos municípios como base para essa seleção.
No segundo estágio, efetua-se um sorteio probabilístico das localidades dentro dos municípios selecionados, também pelo método PPT (Probabilidade Proporcional ao Tamanho), considerando a população eleitora de 16 anos ou mais residente nessas localidades como base para a seleção.
No terceiro e último estágio, dentro das localidades sorteadas, os respondentes são selecionados por meio de quotas amostrais proporcionais, em função de variáveis significativas, a saber:

GÊNERO:
Feminino: 51,38%;
Masculino: 48,62%.
(Fonte: TSE, Agosto/2026 -- https://sig.tse.jus.br/ords/dwapr/r/seai/sig-eleitor-eleitorado-mensal/cruzamento-eleitorado-mensal?p24_metricas=E&p24_back=22&p24_cruzamento_1=ds_sexo&clear=24&session=201604376273609)
FAIXA ETÁRIA:
16 anos: 1,02%;
17 anos: 1,48%;
18 a 20 anos: 6,31%;
21 a 24 anos: 9,15%;
25 a 34 anos: 23,56%;
35 a 44 anos: 20,84%;
45 a 59 anos: 22,90%;
60 a 69 anos: 8,42%;
70 a 79 anos: 4,30%;
Superior a 79 anos: 2,01%.
(Fonte: TSE, Agosto/2026 -- https://sig.tse.jus.br/ords/dwapr/r/seai/sig-eleitor-eleitorado-mensal/cruzamento-eleitorado-mensal?p24_cruzamento_1=ds_faixa_etaria&p24_metricas=E&p24_back=22&clear=24&session=201604376273609)
ESCOLARIDADE:
Analfabeto: 3,23%;
Lê e Escreve: 4,41%;
Ensino Fundamental Incompleto: 19,77%;
Ensino Fundamental Completo: 5,18%;
Ensino Médio Incompleto: 22,13%;
Ensino Médio Completo: 28,15%;
Ensino Superior Incompleto: 7,00%;
Ensino Superior Completo: 10,13%.
(Fonte: TSE, Agosto/2026 -- https://sig.tse.jus.br/ords/dwapr/r/seai/sig-eleitor-eleitorado-mensal/cruzamento-eleitorado-mensal?p24_cruzamento_1=ds_grau_instrucao&p24_metricas=E&p24_back=22&clear=24&session=201604376273609)

RENDA DOMICILIAR MENSAL:
Sem rendimento: 5,3%;
Até 1/2 Salário Mínimo: 3,9%;
Mais de 1/2 a 1 Salário Mínimo: 15,7%;
Mais de 1 a 2 Salários Mínimos: 23,6%;
Mais de 2 a 5 Salários Mínimos: 28,8%;
Mais de 5 a 10 Salários Mínimos: 14,1%;
Mais de 10 a 20 Salários Mínimos: 6,4%;
Mais de 20 Salários Mínimos: 2,3%.
(Fonte: IBGE (Censo/2010) -- https://cidades.ibge.gov.br/brasil/ap/pesquisa/23/24304?detalhes=true)

Observação: De acordo com informações do Instituto Brasileiro de Geografia e Estatística (IBGE), não há previsão de data para a divulgação do perfil econômico da população brasileira do CENSO 2022. Portanto, os dados sobre o nível econômico obtidos no Censo 2022 não podem ser utilizados, pois ainda não foram publicados.
Está prevista eventual ponderação para correção das variáveis sexo e idade, com base nos percentuais anteriormente mencionados, caso ocorram diferenças superiores a 3 pontos percentuais entre o previsto na amostra e a coleta de dados realizada. Para as variáveis de grau de instrução e nível econômico do entrevistado, o fator previsto para ponderação é 1 (resultados obtidos em campo). O nível de confiança estimado é de 95% e a margem de erro máxima estimada considerando um modelo de amostragem aleatório simples, é de aproximadamente 2 (dois) pontos percentuais para mais ou para menos sobre os resultados encontrados no total da amostra.";"O trabalho de coleta de dados é acompanhado por supervisores humanos. São selecionados aleatoriamente 15% (quinze por cento) dos questionários para uma verificação posterior e, em caso de dúvida, o formulário é descartado e o responsável pela coleta chamado para esclarecimentos. Há uma equipe especializada que confere os dados à exaustão com objetivo de averiguar e aferir os resultados coletados.";"O anexo do arquivo com os bairros será realizado até o dia seguinte da divulgação conforme indicado no §7º. do art. 2º. da Resolução-TSE nº. 23.600/2019."
"28/09/2026";"05:46:54";2026;81;"Eleições Gerais 2026";"AP";"AP";"AMAPÁ";"AP031702026";"2026-04-23 21:32:41";"S";"00654576000172";"INSTITUTO VERITA LTDA";"VERITA";"Governador, Senador";"2026-04-23 00:00:00";"2026-04-28 00:00:00";"2026-04-29 00:00:00";1030;"10699";"GUILHERME ALVARENGA LAIA";"79310,00";"Pesquisa quantitativa, que consiste na realização de entrevistas, com a aplicação de questionário estruturado junto a uma amostra representativa do eleitorado desta Unidade da Federação.";"ESTUDO REPRESENTATIVO DO ELEITORADO DO ESTADO DO AMAPÁ - MÉTODO PPT (Probabilidade Proporcional ao Tamanho) - PLANO AMOSTRAL E PONDERAÇÃO QUANTO A SEXO, IDADE, GRAU DE INSTRUÇÃO E NÍVEL ECONÔMICO DO ENTREVISTADO; INTERVALO DE CONFIANÇA E MARGEM DE ERRO: Representativo do eleitorado da área em estudo, elaborada, em vários estágios, da seguinte forma: - 1. Divisão da UF em estratos proporcionais de municípios. 2. Ordenação dos municípios de cada estrato segundo o porte. 3. Sorteio dos municípios de cada estrato. 4. Os respondentes são selecionados através de quotas amostrais proporcionais em função de variáveis significativas, a saber: GÊNERO / FAIXA ETÁRIA - FEMININO E MASCULINO 16 A 34 ANOS 21,2% E 19,9%, 35 A 54 ANOS 19,9% E 18,4%, 55 ANOS OU MAIS 10,3% E 10,3%. GRAU DE INSTRUÇÃO ¿ FEMININO E MASCULINO Sem instrução até Ensino Médio completo 57%, Ensino superior incompleto e completo 43% NÍVEL ECONÔMICO - FEMININO população não economicamente ativa 46,5% população economicamente ativa 53,5% MASCULINO população não economicamente ativa 27,2% população economicamente ativa 72,8%. RENDA FAMILIAR DO DOMICÍLIO renda familiar de até 2 salários-mínimos 30,7%; de 2 a 5 salários-mínimos 44,2%, acima de 5 salários-mínimos 25,1%. Está prevista eventual ponderação para correção das variáveis, com base nos percentuais anteriormente mencionados, caso ocorram diferenças superiores a margem de erro da pesquisa previsto entre a amostra e a coleta de dados realizada. O fator previsto para ponderação é 1 (resultados obtidos na coleta de dados). O intervalo de confiança estimado é de 95% e a margem de erro máxima estimada considerando um modelo de amostragem aleatório simples, é de aproximadamente 3,5 pontos percentuais para mais ou para menos sobre os resultados encontrados no total da amostra. FONTE DOS DADOS: IBGE/Censo 2022 para fins de densidade demográfica, setores censitários e alocação da amostra. IBGE/PNAD/PNADC/MEC/INEP para fins de Nível Econômico e Escolaridade. TSE FEVEREIRO/2026 para fins de Sexo, Faixa Etária e eleitorado por município ou regiões previamente definidas (importante ressaltar para o público leigo que os dados do TSE são os únicos corretos para gênero, idade dos eleitores e quantitativo de eleitores por municípios já que a base de dados se atualiza automaticamente, PORÉM, dados de escolaridade e nível econômico NÃO são corretos e confiáveis devido a desatualização que ocorre naturalmente com o passar dos anos). Definição de margem de erro e intervalo de confiança: Margem de erro e intervalo de confiança não são grandezas diretamente proporcionais. A SOMA NÃO TEM QUE RESULTAR 100%. ";"Após os trabalhos de coleta de dados, os questionários são submetidos a uma fiscalização, conferência e checagem de cerca de 20% (vinte por cento) dos questionários aplicados.";"A relação dos municípios sorteados ou selecionados para esta pesquisa será apresentada em arquivo anexo até 1 (um) dia após a divulgação desta pesquisa conforme §7º. do art. 2º. da Resolução-TSE nº. 23.600/2019. A área de abrangência desta pesquisa é o Estado DO AMAPÁ"
"28/09/2026";"05:46:54";2026;81;"Eleições Gerais 2026";"AP";"AP";"AMAPÁ";"AP080842026";"2026-09-27 02:23:57";"N";"22445600000104";"QUAEST PESQUISAS, CONSULTORIA E PROJETOS LTDA.";"#NULO#";"Governador, Senador";"2026-10-02 00:00:00";"2026-10-03 00:00:00";"2026-10-03 00:00:00";1800;"6731";"Margarida Maria de Mendonca";"280620,00";"Pesquisa quantitativa, de survey, que consiste na realização de entrevistas pessoais, domiciliares e presenciais, conduzidas por profissionais treinados, com a aplicação de questionários estruturados a uma amostra representativa da população votante de 16 anos ou mais residente no estado do Amapá. O desenho amostral aplicado combina sorteio probabilístico de municípios e de setores censitários fornecidos pelo IBGE (unidades territoriais homogêneas, de tamanho similar a quadras ou blocos), dentro dos quais serão selecionadas pessoas respondentes por meio de cotas amostrais.";"O público pesquisado é composto por eleitores de 16 anos ou mais residentes na área de abrangência da pesquisa. Para produzir uma amostra representativa desse público-alvo, utilizamos um desenho amostral por conglomerados que prevê três estágios. No primeiro estágio, é feito um sorteio probabilístico de municípios para comporem a amostra por meio do método PPT (Probabilidade Proporcional ao Tamanho) a partir de suas populações votantes acima de 16 anos. Dentro da lista de municípios sorteados, no segundo estágio, é realizado um sorteio probabilístico por meio do método PPT (Probabilidade Proporcional ao Tamanho) de setores censitários a serem visitados pelos entrevistadores, sorteio que tem como base o total de habitantes residentes nos setores de acordo com dados do Censo de 2022, o que garante a dispersão aleatória e estatística da amostra dentro dos territórios municipais, independentemente de divisões administrativas. Finalmente, dentro da lista de setores censitários sorteados, no último estágio são selecionados domicílios e pessoas a serem entrevistadas utilizando-se cotas amostrais para as seguintes variáveis: sexo, idade, renda familiar e escolaridade. O perfil da amostra, definido pelas cotas previstas, é o seguinte:

Sexo: Masculino (49%); Feminino (51%).
Faixa etária: 16-34 anos (42%); 35-59 anos (44%); 60 ou mais (14%).
Renda domiciliar total, incluindo pensões, benefícios e rendimentos de trabalhos informais: Até 2 salários-mínimos (37%); Mais de 2 a 5 salários-mínimos (37%); Mais de 5 salários-mínimos (26%).
Nível de instrução: Até Fundamental completo ou médio incompleto (38%); Médio completo ou superior incompleto (43%); Superior completo ou mais (19%).

Fonte dos dados: para a distribuição de sexo e idade, TSE-Tribunal Superior Eleitoral - agosto/2026; para a malha de setores censitários, Censo 2022 (IBGE); para a distribuição de renda domiciliar, PNADc Anual 2025, 1ª visita (IBGE); e, para a distribuição de escolaridade/instrução, PNADc trimestral 2-2026 (IBGE). A PNADc é utilizada por ser a fonte oficial mais atualizada de rendimentos do país, incluindo rendimentos informais, pensões, entre outros, e corrigindo as defasagens temporais do Censo 2022, além de ser a fonte mais atualizada de nível de instrução da população com 16 anos ou mais dada ausência de atualização obrigatória da escolaridade no registro de eleitores do TSE.

Está prevista eventual pós-estratificação da amostra, por meio de algoritmos de calibração (rake) e modelos (MrP e likely voter), para correção (1) de estimativas, (2) das distribuições de variáveis que medem o perfil da população e (3) percentual do eleitorado propenso a votar.

Dentro do público-alvo anteriormente descrito, serão realizadas 1.800 entrevistas. O nível de confiança das estimativas é de 95% e a margem de erro máxima prevista, atendendo às diretivas do TSE e usando o cálculo para amostra aleatória simples (AAS) como aproximação, é de cerca de 2 pontos percentuais para mais ou para menos em relação aos totais da amostra.

Pagante (s) do trabalho: CNPJ 04387825000161 - RADIO TV DO AMAZONAS LTDA / REDE AMAZONICA RADIO E TELEVISAO.";"As entrevistas serão realizadas por uma equipe de entrevistadores devidamente qualificada, com experiência e treinamento em pesquisa de opinião pública. Todo trabalho é feito em tablets ou outros dispositivos eletrônicos. Após a realização da coleta de dados, as entrevistas junto aos respondentes são checadas por meio de procedimentos de consistência e de georreferenciamento dos locais de aplicação em tempo real. Adicionalmente, ao longo e após os trabalhos de campo, é realizada uma fiscalização que consiste na checagem de áudio de uma amostra de 30% dos questionários aplicados para verificação das respostas e da adequação dos entrevistados aos parâmetros amostrais.";"A área de abrangência da coleta é o território do estado do Amapá. A relação do número de pessoas pesquisadas nas áreas de aplicação da pesquisa, discriminadas por município, bairros e setores censitários a partir dos identificadores utilizados pelo IBGE, além da composição do eleitorado entrevistado na área de abrangência quanto a gênero, idade, grau de instrução e nível econômico, constará em anexo. O mapa com os códigos destes setores censitários e as áreas que delimitam no país todo podem ser conferidos na seguinte fonte oficial: https://censo2022.ibge.gov.br/panorama/mapas.html?localidade=&recorte=setores_censitarios"
"28/09/2026";"05:46:54";2026;81;"Eleições Gerais 2026";"AP";"AP";"AMAPÁ";"AP093902026";"2026-09-19 22:05:39";"N";"00654576000172";"INSTITUTO VERITA LTDA";"VERITA";"Governador, Senador";"2026-09-20 00:00:00";"2026-09-24 00:00:00";"2026-09-25 00:00:00";1030;"10699";"Guilherme Alvarenga Laia";"37037,04";"Estudo quantitativo voltado às Eleições 2026, realizado por meio de entrevistas individuais, aplicadas mediante questionário eletrônico estruturado e Unidade Automatizada de Respostas Audíveis e Auditáveis, por meio de ligações para telefones móveis (celulares). A inteligência artificial é empregada exclusivamente para a transcrição automatizada das respostas em áudio, não interferindo na formulação das perguntas, na condução das entrevistas, na coleta das informações, na interpretação das respostas ou no tratamento estatístico dos dados.

A participação dos eleitores é voluntária, espontânea e não remunerada. As respostas são prestadas por autodeclaração, sendo, em sua maioria, registradas por meio de códigos numéricos correspondentes às alternativas previamente definidas no questionário.

A utilização de sistema eletrônico automatizado para a coleta e o registro das respostas proporciona elevado nível de padronização operacional, reduz a possibilidade de interferência humana durante a realização das entrevistas, amplia a rastreabilidade e a auditabilidade de todo o processo de coleta e contribui para maior precisão, consistência e confiabilidade dos dados obtidos.

O plano amostral foi elaborado para assegurar a representatividade estatística do eleitorado da respectiva Unidade da Federação, observando critérios técnicos de seleção, distribuição e ponderação da amostra, quando aplicáveis.";"A pesquisa foi planejada para produzir uma amostra estatisticamente representativa do eleitorado do estado DO AMAPÁ, utilizando o método de Probabilidade Proporcional ao Tamanho (PPT), com plano amostral em múltiplos estágios. Na primeira etapa, esta Unidade da Federação é dividida em macrorregiões, de forma a assegurar adequada distribuição territorial da amostra e representação das diferentes características geográficas, demográficas e eleitorais. Na segunda etapa, os municípios de cada estrato são ordenados segundo seu porte populacional e eleitoral e sorteados. Na terceira etapa, os respondentes são selecionados entre os eleitores aptos residentes nos municípios sorteados, observando-se a distribuição proporcional da amostra e as cotas estabelecidas para as variáveis de sexo, faixa etária, grau de instrução e nível econômico. As cotas são estabelecidas para a pesquisa completa, considerando a composição do eleitorado e os parâmetros oficiais de referência, não sendo aplicadas isoladamente a cada município selecionado.

SEXO E FAIXA ETÁRIA - Fonte: Tribunal Superior Eleitoral (TSE), Perfil do Eleitorado, junho de 2026. Feminino de 16 a 34 anos: 21,7%; Masculino de 16 a 34 anos: 20,4%; Feminino de 35 a 54 anos: 19,4%; Masculino de 35 a 54 anos: 18%; Feminino com 55 anos ou mais: 10,2%; Masculino com 55 anos ou mais: 10,2%. Os parâmetros de sexo e idade têm como referência o cadastro eleitoral brasileiro atualizado pelo Tribunal Superior Eleitoral, considerando o universo de eleitores aptos com 16 anos ou mais.

GRAU DE INSTRUÇÃO - Fonte: IBGE - PNAD Contínua Anual 2025. A distribuição é: sem instrução 5,3%; ensino fundamental incompleto ou equivalente 18,5%; ensino fundamental completo ou equivalente 7,7%; ensino médio incompleto ou equivalente 8,8%; ensino médio completo ou equivalente 34,5%; ensino superior incompleto ou equivalente 6,3%; ensino superior completo 18,9%. Para não confundir os respondentes as faixas de escolaridade no questionário foram agrupadas em 3 faixas: até ensino fundamental incompleto e completo, ensino médio incompleto e completo e superior incompleto, completo ou mais. A PNAD Contínua é utilizada como referência por constituir a fonte oficial mais atualizada para a mensuração do nível de instrução da população brasileira, sua utilização também corrige limitações decorrentes da ausência de atualização obrigatória e contínua das informações de escolaridade no cadastro eleitoral do Tribunal Superior Eleitoral.

NÍVEL ECONÔMICO - RENDA FAMILIAR DO DOMICÍLIO - Fonte: IBGE - PNAD Contínua Anual 2025. Considera-se a renda domiciliar total, compreendendo rendimentos provenientes de trabalho formal e informal, aposentadorias, pensões, benefícios sociais e demais fontes de renda existentes no domicílio. observando-se a seguinte distribuição: renda familiar de até 2 salários-mínimos 49,4%; de 2 a 5 salários-mínimos 30,9%, acima de 5 salários-mínimos 19,7%.

PONDERAÇÃO E CALIBRAÇÃO DA AMOSTRA - Prevê-se eventual ponderação das variáveis de sexo, faixa etária, grau de instrução e nível econômico, caso sejam verificadas diferenças relevantes entre a distribuição da amostra efetivamente coletada e os parâmetros populacionais de referência adotados. Inicialmente, o fator de ponderação é igual a 1 (um), podendo ser recalculado sempre que necessário para assegurar a representatividade estatística da amostra.
INTERVALO DE CONFIANÇA E MARGEM DE ERRO - O intervalo de confiança adotado é de 95%, com margem máxima estimada de erro de aproximadamente 3,5 pontos percentuais, para mais ou para menos, sobre os resultados do total da amostra, calculada segundo o modelo de amostragem aleatória simples e a hipótese de máxima variabilidade.";"Após os trabalhos de coleta de dados, os questionários são submetidos a uma fiscalização, conferência e checagem de cerca de 20% (vinte por cento) dos questionários aplicados. Todas as entrevistas são integralmente registradas em áudio, permanecendo auditáveis e rastreáveis, permitindo a verificação da integridade do processo de coleta, preservado o sigilo das informações pessoais dos entrevistados e observadas as disposições da Lei Geral de Proteção de Dados Pessoais (Lei nº 13.709/2018).";"Em observância ao art. 2º, § 7º, da Resolução TSE nº 23.600/2019, com redação dada pela Resolução TSE nº 23.747/2026, a presente pesquisa terá seu registro complementado no Sistema de Registro de Pesquisas Eleitorais a partir da data em que sua divulgação for permitida e até o dia seguinte, com a identificação dos municípios em que foram realizadas as entrevistas, bem como da composição final da amostra quanto a gênero, idade, grau de instrução e nível econômico, na forma exigida pela legislação eleitoral vigente."
"28/09/2026";"05:46:54";2026;81;"Eleições Gerais 2026";"AP";"AP";"AMAPÁ";"AP023722026";"2026-09-27 14:33:16";"S";"52182942000131";"TOP COMERCIOS E SERVICOS LTDA";"F5 PESQUISAS E CONSULTORIA";"Governador, Senador";"2026-09-28 00:00:00";"2026-10-02 00:00:00";"2026-10-03 00:00:00";1533;"9081";"luis valber rios arcanjo";"15000,00";"A pesquisa da Empresa F5 PESQUISA E CONSULTORA LTDA, registrada no Conselho Regional de Estatística da 7ª Região, sob o N. º 8806 será um levantamento
estatístico por amostragem estratificada por cidade/bairro/setor censitário, sexo, faixa etária de idade, escolaridade, renda familiar e religião do entrevistado, nas áreas urbanas e rural do estado do Amapá. O universo da pesquisa será a população eleitoral das áreas urbanas e rural do estado do Amapá, a partir de 16 anos.

Serão realizadas 1065(Mil e sessenta e cinco) entrevistas, distribuídas de forma proporcional ao número de eleitores em cada cidade do estado do Amapá. Dentro da área urbanas e rural serão realizados sorteios dos setores
censitários. Uma vez selecionado os setores, as entrevistas serão realizadas nos domicílios através de amostragem aleatória (dentro dos critérios técnicos de pesquisa eleitoral). A abordagem será domiciliar, ou seja, as entrevistas serão residenciais (face a face), sendo realizada uma entrevista por residência. O
instrumento utilizado para a coleta será um questionário estruturado e padronizado de acordo com os objetivos da pesquisa, que será devidamente preenchido por um pesquisador treinado pela empresa. A pesquisa será
realizada no período de 28 de agosto a 02 de setembro de 2026. Nesta pesquisa, com relação às perguntas fechadas, os entrevistados não serão de forma alguma pressionados a escolher uma das opções. Será apresentado a cada entrevistado um cartão circular (DISCO) contendo os nomes estimulados";"Plano Amostral: A amostra será estratificada por cidades, com partições proporcionais, ou seja, a amostra será distribuída, de forma proporcional ao número de eleitores existentes em cada cidade. Serão utilizados para a amostra domiciliar, os dados do IBGE sobre a contagem da população do
censo 2022. Sobre os resultados encontrados no campo serão realizadas ponderações por sexo e faixa etária, de acordo com os dados obtidos e divulgados pelo TSE/ AGOSTO DE 2026, para o estado do Amapá. Em relação ao nível de instrução será ponderado pelos dados do TSE/ AGOSTO DE 2026, para
o estado do Amapá e o nível econômico pelos dados do IBGE/Amostra de Domicílios Contínua (PNAD Contínua), divulgada pelo IBGE em 30 de janeiro de 2026 (dados de 2025). Sendo todas as ponderações de acordo os dados a seguir: Sexo %: Feminino 51%, Masculino 49% Total 100,0% Fonte: TSE/ AGOSTO DE 2026; Idade %: 16 a 24 anos 18,56%, 25 a 34 anos 23,56%, 35 a 44 anos 20,86%, 45 a 59 anos 22,64% e 60 anos e mais 14,38% Total
100,0% Fonte: TSE/ AGOSTO DE 2026. Grau de Instrução - (Escolaridade) %: Analfabeto 3,23%, Lê e escreve 4,41%, Ensino fundamental completo 5,18%, Ensino fundamental incompleto 19,77%, Ensino médio completo 28,15%, Ensino médio incompleto 22,13%, Superior completo 10,13%, Superior incompleto
7%, Total 100,0% Fonte: TSE/ AGOSTO DE 2026.


Intervalo de Confiança e a Margem de Erro: A amostra será de 1065(Mil e sessenta e cinco) entrevistas domiciliares individuais, que permitirá inferência sobre o universo pesquisado com uma margem de erro amostral de 3% (três por cento), para mais ou para menos, dentro de um intervalo de confiança de 95% (noventa e cinco por cento), ou seja, que se faça 100 (cem) vezes a pesquisa em 95% (noventa e cinco por cento) dessas, chegará mesmo resultado.";"Todos os entrevistadores da Empresa F5 Pesquisas e Consultoria LTDA, são selecionados e treinados pela própria empresa em Santana - AP. Para o trabalho de campo cada entrevistador será devidamente identificado com
crachá (nome, CPF e foto) e camiseta da Empresa. A pesquisa será realizada através de smartphones ou tablets em ambiente web em um servidor CLOUD, que tem por objetivo realizar a integração entre o sistema de pesquisa SPSS à equipe de pesquisadores. Sendo a transmissão dos dados
automática através de redes WIFI, 3G , 4G e 5G. A supervisão de campo será executada em tempo real, sendo disponibilizados para a garantia das informações, os locais onde elas foram realizadas, sendo as imagens
disponibilizadas, após a transmissão dos dados, no Google mapas, garantindo a observação de todas as entrevistas. Os questionários (dados) serão submetidos a uma fiscalização de no mínimo 20,0 % (vinte por
cento) de todas as entrevistas realizadas.";"A amostra contemplará todos os 16 municípios do estado, auto ponderada de
acordo com o número de eleitores abaixo: MUNICÍPIO / Nº de eleitores (Fonte
TSE/JULHO DE 2026) Amapá = 7.561 Calçoene = 8.928 Cutias = 6.311 Ferreira
Gomes = 7.893 Itaubal = 8.884 Laranjal do Jari = 28.236 Macapá = 321.591
Mazagão = 22.254 Oiapoque = 24.262, Pedra Branca do Amapari = 9.956 Porto
Grande = 15.567 Paracuuba = 4.031 Santana = 86.030 Serra do Navio = 4.128
Tartarugalzinho = 11.470 Vitória do Jari = 10.432"
"28/09/2026";"05:46:54";2026;81;"Eleições Gerais 2026";"AP";"AP";"AMAPÁ";"AP010772026";"2026-09-26 21:28:42";"S";"00654576000172";"INSTITUTO VERITA LTDA";"VERITA";"Governador, Senador";"2026-09-26 00:00:00";"2026-10-01 00:00:00";"2026-10-02 00:00:00";1030;"10699";"Guilherme Alvarenga Laia";"79310,00";"Estudo quantitativo voltado às Eleições 2026, realizado por meio de entrevistas individuais, aplicadas mediante questionário eletrônico estruturado e Unidade Automatizada de Respostas Audíveis e Auditáveis, por meio de ligações para telefones móveis (celulares). A inteligência artificial é empregada exclusivamente para a transcrição automatizada das respostas em áudio, não interferindo na formulação das perguntas, na condução das entrevistas, na coleta das informações, na interpretação das respostas ou no tratamento estatístico dos dados.

A participação dos eleitores é voluntária, espontânea e não remunerada. As respostas são prestadas por autodeclaração, sendo, em sua maioria, registradas por meio de códigos numéricos correspondentes às alternativas previamente definidas no questionário.

A utilização de sistema eletrônico automatizado para a coleta e o registro das respostas proporciona elevado nível de padronização operacional, reduz a possibilidade de interferência humana durante a realização das entrevistas, amplia a rastreabilidade e a auditabilidade de todo o processo de coleta e contribui para maior precisão, consistência e confiabilidade dos dados obtidos.

O plano amostral foi elaborado para assegurar a representatividade estatística do eleitorado da respectiva Unidade da Federação, observando critérios técnicos de seleção, distribuição e ponderação da amostra, quando aplicáveis.";"A pesquisa foi planejada para produzir uma amostra estatisticamente representativa do eleitorado do estado DO AMAPÁ, utilizando o método de Probabilidade Proporcional ao Tamanho (PPT), com plano amostral em múltiplos estágios. Na primeira etapa, esta Unidade da Federação é dividida em macrorregiões, de forma a assegurar adequada distribuição territorial da amostra e representação das diferentes características geográficas, demográficas e eleitorais. Na segunda etapa, os municípios de cada estrato são ordenados segundo seu porte populacional e eleitoral e sorteados. Na terceira etapa, os respondentes são selecionados entre os eleitores aptos residentes nos municípios sorteados, observando-se a distribuição proporcional da amostra e as cotas estabelecidas para as variáveis de sexo, faixa etária, grau de instrução e nível econômico. As cotas são estabelecidas para a pesquisa completa, considerando a composição do eleitorado e os parâmetros oficiais de referência, não sendo aplicadas isoladamente a cada município selecionado.

SEXO E FAIXA ETÁRIA - Fonte: Tribunal Superior Eleitoral (TSE), Perfil do Eleitorado, junho de 2026. Feminino de 16 a 34 anos: 21,7%; Masculino de 16 a 34 anos: 20,4%; Feminino de 35 a 54 anos: 19,4%; Masculino de 35 a 54 anos: 18%; Feminino com 55 anos ou mais: 10,2%; Masculino com 55 anos ou mais: 10,2%. Os parâmetros de sexo e idade têm como referência o cadastro eleitoral brasileiro atualizado pelo Tribunal Superior Eleitoral, considerando o universo de eleitores aptos com 16 anos ou mais.

GRAU DE INSTRUÇÃO - Fonte: IBGE - PNAD Contínua Anual 2025. A distribuição é: sem instrução 5,3%; ensino fundamental incompleto ou equivalente 18,5%; ensino fundamental completo ou equivalente 7,7%; ensino médio incompleto ou equivalente 8,8%; ensino médio completo ou equivalente 34,5%; ensino superior incompleto ou equivalente 6,3%; ensino superior completo 18,9%. Para não confundir os respondentes as faixas de escolaridade no questionário foram agrupadas em 3 faixas: até ensino fundamental incompleto e completo, ensino médio incompleto e completo e superior incompleto, completo ou mais. A PNAD Contínua é utilizada como referência por constituir a fonte oficial mais atualizada para a mensuração do nível de instrução da população brasileira, sua utilização também corrige limitações decorrentes da ausência de atualização obrigatória e contínua das informações de escolaridade no cadastro eleitoral do Tribunal Superior Eleitoral.

NÍVEL ECONÔMICO - RENDA FAMILIAR DO DOMICÍLIO - Fonte: IBGE - PNAD Contínua Anual 2025. Considera-se a renda domiciliar total, compreendendo rendimentos provenientes de trabalho formal e informal, aposentadorias, pensões, benefícios sociais e demais fontes de renda existentes no domicílio. observando-se a seguinte distribuição: renda familiar de até 2 salários-mínimos 49,4%; de 2 a 5 salários-mínimos 30,9%, acima de 5 salários-mínimos 19,7%.

PONDERAÇÃO E CALIBRAÇÃO DA AMOSTRA - Prevê-se eventual ponderação das variáveis de sexo, faixa etária, grau de instrução e nível econômico, caso sejam verificadas diferenças relevantes entre a distribuição da amostra efetivamente coletada e os parâmetros populacionais de referência adotados. Inicialmente, o fator de ponderação é igual a 1 (um), podendo ser recalculado sempre que necessário para assegurar a representatividade estatística da amostra.
INTERVALO DE CONFIANÇA E MARGEM DE ERRO - O intervalo de confiança adotado é de 95%, com margem máxima estimada de erro de aproximadamente 3,5 pontos percentuais, para mais ou para menos, sobre os resultados do total da amostra, calculada segundo o modelo de amostragem aleatória simples e a hipótese de máxima variabilidade.";"Após os trabalhos de coleta de dados, os questionários são submetidos a uma fiscalização, conferência e checagem de cerca de 20% (vinte por cento) dos questionários aplicados. Todas as entrevistas são integralmente registradas em áudio, permanecendo auditáveis e rastreáveis, permitindo a verificação da integridade do processo de coleta, preservado o sigilo das informações pessoais dos entrevistados e observadas as disposições da Lei Geral de Proteção de Dados Pessoais (Lei nº 13.709/2018).";"Em observância ao art. 2º, § 7º, da Resolução TSE nº 23.600/2019, com redação dada pela Resolução TSE nº 23.747/2026, a presente pesquisa terá seu registro complementado no Sistema de Registro de Pesquisas Eleitorais a partir da data em que sua divulgação for permitida e até o dia seguinte, com a identificação dos municípios em que foram realizadas as entrevistas, bem como da composição final da amostra quanto a gênero, idade, grau de instrução e nível econômico, na forma exigida pela legislação eleitoral vigente."
"28/09/2026";"05:46:54";2026;81;"Eleições Gerais 2026";"AP";"AP";"AMAPÁ";"AP021752026";"2026-06-09 19:22:27";"S";"81908345000140";"INSTITUTO PARANA DE PESQUISAS E ANALISE DE CONSUMIDOR LTDA";"#NULO#";"Governador, Senador";"2026-06-11 00:00:00";"2026-06-13 00:00:00";"2026-06-15 00:00:00";1100;"10245 - 4ª Região";"Tatiani Cristina Ara";"32000,00";"Pesquisa com metodologia quantitativa, com a realização de entrevistas pessoais, domiciliares e presenciais, utilizando questionário estruturado junto a uma amostra representativa do eleitorado do Estado do Amapá.


";"""A amostra será representativa do eleitorado da área pesquisada e será selecionada em três etapas. Na primeira etapa realiza-se um sorteio probabilístico dos municípios onde as entrevistas serão realizadas através do método PPT (Probabilidade Proporcional ao Tamanho), considerando a população eleitora com 16 anos ou mais residente nos municípios como base para essa seleção. Na segunda etapa, faz-se um sorteio probabilístico das localidades, onde as entrevistas serão realizadas, através do método PPT (Probabilidade Proporcional ao Tamanho), tomando a população eleitora de 16 anos ou mais residente nas localidades como base para essa seleção. Na terceira etapa, a seleção do entrevistado dentro da localidade, será feita utilizando-se quotas amostrais proporcionais, em função das seguintes variáveis:
GÊNERO: TSE Maio 2026 (https://sig.tse.jus.br/ords/dwapr/r/seai/sig-eleitor-eleitorado-mensal/cruzamento-eleitorado-mensal?p24_metricas=E&p24_back=22&p24_cruzamento_1=ds_sexo&clear=24&p0_uf=AP&p0_mes=5&debug=LEVEL5&session=312990078978641)
Masculino - 49%; |
Feminino - 51%; |
FAIXA ETÁRIA: TSE Maio 2026 (https://sig.tse.jus.br/ords/dwapr/r/seai/sig-eleitor-eleitorado-mensal/cruzamento-eleitorado-mensal?p24_cruzamento_1=ds_faixa_etaria&p24_metricas=E&p24_back=22&clear=24&p0_uf=AP&p0_mes=5&debug=LEVEL5&session=8904950028837)
Entre 16 e 24 anos: 19%; |
Entre 25 e 34 anos: 23%; |
Entre 35 e 44 anos: 21%; |
Entre 45 e 59 anos: 23%; |
Com 60 anos ou mais: 14%; |
ESCOLARIDADE: TSE Maio 2026 (https://sig.tse.jus.br/ords/dwapr/r/seai/sig-eleitor-eleitorado-mensal/cruzamento-eleitorado-mensal?p24_cruzamento_1=ds_grau_instrucao&p24_metricas=E&p24_back=22&clear=24&p0_uf=AP&p0_mes=5&debug=LEVEL5&session=309383598034615)
De analfabeto até ensino fundamental completo: 33%; |
Ensino médio incompleto ou completo: 50% |
Ensino superior incompleto ou completo: 17% |
RENDA DOMICILIAR MENSAL:  (https://cidades.ibge.gov.br/brasil/ap/pesquisa/23/24304) IBGE - Censo 2010. Observação: Conforme informações obtidas do Instituto Brasileiro de Geografia e Estatística, o IBGE, não divulgou - e não tem previsão - de data para divulgação do perfil econômico (nível econômico) da população brasileira; portanto, os dados quanto ao nível econômico obtidos no Censo 2022, não podem ser utilizados, pois não foram publicados. (https://censo2022.ibge.gov.br/panorama/)
Sem rendimentos até 2 salários mínimos: 48% |
Mais de 2 a 5 salários mínimos: 29% |
Mais de 5 salários mínimos: 23% |
Está prevista eventual ponderação para correção das variáveis gênero e faixa etária, com base nos percentuais acima apresentados, caso ocorram diferenças superiores a 3,0 (três) pontos percentuais entre o previsto na amostra e a coleta realizada; para as variáveis escolaridade e renda domiciliar mensal, o fator de ponderação é igual a 1 (resultados obtidos no campo). O nível de confiança estimado é de 95% (noventa e cinco por cento) para uma margem de erro estimada, considerando uma técnica de amostragem aleatória simples, de aproximadamente 3,0 (três) pontos percentuais para mais ou para menos sobre os resultados obtidos.""





";"""As entrevistas serão conduzidas por uma equipe de entrevistadores e supervisores devidamente qualificados pelo Instituto Paraná Pesquisas, todos com experiência e treinamento específico em pesquisas de opinião pública. 
Controle: O controle do processo será realizado por meio de um software de coleta de dados, o qual permitirá o monitoramento garantindo o cumprimento das cotas amostrais.
Conferência e Fiscalização: Durante a coleta de dados os questionários aplicados são fiscalizados e conferidos através de um supervisor.   
Adicionalmente, pelo menos 30% dos questionários passarão por uma verificação posterior, que avaliará a precisão na aplicação e a adequação dos entrevistados às variáveis das quotas amostrais. Ou seja, no mínimo 330 entrevistas desta pesquisa serão auditadas pela equipe de qualidade do Instituto Paraná Pesquisas, podendo essa auditoria ser solicitada ao Instituto a qualquer momento.
Verificação: Após a coleta, os questionários passam por uma etapa de verificação e validação dos dados, para garantir a integridade e precisão dos dados coletados.""





";" ""A pesquisa será realizada no Estado do Amapá, a relação dos dados relativos aos municípios e às localidades será apresentado até o dia seguinte à data a partir da qual a pesquisa puder ser divulgada, conforme §7º do art. 2º da Resolução-TSE nº. 23.600/2019""





"
"28/09/2026";"05:46:54";2026;81;"Eleições Gerais 2026";"AP";"AP";"AMAPÁ";"AP021832026";"2026-03-17 23:02:46";"S";"00654576000172";"INSTITUTO VERITA LTDA";"VERITA";"Governador, Senador, Deputado Federal, Deputado Estadual";"2026-03-18 00:00:00";"2026-03-24 00:00:00";"2026-03-23 00:00:00";1030;"10699";"GUILHERME ALVARENGA LAIA";"79310,00";"Pesquisa quantitativa, que consiste na realização de entrevistas, com a aplicação de questionário estruturado junto a uma amostra representativa do eleitorado desta Unidade da Federação.";"ESTUDO REPRESENTATIVO DO ELEITORADO DO ESTADO DO AMAPÁ - MÉTODO PPT (Probabilidade Proporcional ao Tamanho) - PLANO AMOSTRAL E PONDERAÇÃO QUANTO A SEXO, IDADE, GRAU DE INSTRUÇÃO E NÍVEL ECONÔMICO DO ENTREVISTADO; INTERVALO DE CONFIANÇA E MARGEM DE ERRO: Representativo do eleitorado da área em estudo, elaborada, em vários estágios, da seguinte forma: - 1. Divisão da UF em estratos proporcionais de municípios. 2. Ordenação dos municípios de cada estrato segundo o porte. 3. Sorteio dos municípios de cada estrato. 4. Os respondentes são selecionados através de quotas amostrais proporcionais em função de variáveis significativas, a saber: GÊNERO / FAIXA ETÁRIA - FEMININO E MASCULINO 16 A 34 ANOS 21,2% E 19,9%, 35 A 54 ANOS 19,9% E 18,4%, 55 ANOS OU MAIS 10,3% E 10,3%. GRAU DE INSTRUÇÃO - FEMININO Sem instrução até Ensino Médio completo 57%, Ensino superior incompleto e completo % NÍVEL ECONÔMICO - FEMININO população não economicamente ativa 46,5% população economicamente ativa 53,5% MASCULINO população não economicamente ativa 27,2% população economicamente ativa 72,8%. RENDA FAMILIAR DO DOMICÍLIO renda familiar de até 2 salários-mínimos 30,7%; de 2 a 5 salários-mínimos 44,2%, acima de 5 salários-mínimos 25,1%. Está prevista eventual ponderação para correção das variáveis, com base nos percentuais anteriormente mencionados, caso ocorram diferenças superiores a margem de erro da pesquisa previsto entre a amostra e a coleta de dados realizada. O fator previsto para ponderação é 1 (resultados obtidos na coleta de dados). O intervalo de confiança estimado é de 95% e a margem de erro máxima estimada considerando um modelo de amostragem aleatório simples, é de aproximadamente 3,5 pontos percentuais para mais ou para menos sobre os resultados encontrados no total da amostra. FONTE DOS DADOS: IBGE/Censo 2022 para fins de densidade demográfica, setores censitários e alocação da amostra. IBGE/PNAD/PNADC/MEC/INEP para fins de Nível Econômico e Escolaridade. TSE FEVEREIRO/2026 para fins de Sexo, Faixa Etária e eleitorado por município ou regiões previamente definidas (importante ressaltar para o público leigo que os dados do TSE são os únicos corretos para gênero, idade dos eleitores e quantitativo de eleitores por municípios já que a base de dados se atualiza automaticamente, PORÉM, dados de escolaridade e nível econômico NÃO são corretos e confiáveis devido a desatualização que ocorre naturalmente com o passar dos anos). Definição de margem de erro e intervalo de confiança: Margem de erro e intervalo de confiança não são grandezas diretamente proporcionais. A SOMA NÃO TEM QUE RESULTAR 100%. ";"Após os trabalhos de coleta de dados, os questionários são submetidos a uma fiscalização, conferência e checagem de cerca de 20% (vinte por cento) dos questionários aplicados.";"A relação dos municípios sorteados ou selecionados para esta pesquisa será apresentada em arquivo anexo até 1 (um) dia após a divulgação desta pesquisa conforme §7º. do art. 2º. da Resolução-TSE nº. 23.600/2019. A área de abrangência desta pesquisa é o Estado DO AMAPÁ."
"28/09/2026";"05:46:54";2026;81;"Eleições Gerais 2026";"AP";"AP";"AMAPÁ";"AP076302026";"2026-02-04 22:42:54";"S";"22345021000181";"REAL TIME MIDIA LTDA";"REAL TIME BIG DATA";"Governador, Senador";"2026-02-07 00:00:00";"2026-02-09 00:00:00";"2026-02-10 00:00:00";2000;"10839";"Isabela Zara Cremoneze";"80000,00";"Pesquisa quantitativa, que consiste na realização de entrevistas pessoais, com a aplicação de questionário estruturado junto a uma amostra representativa do eleitorado em estudo. Pesquisa realizada no Estado do Amapá (AP).";"Representativo do eleitorado da área em estudo, elaborada em três estágios. 
No primeiro estágio, realiza-se um sorteio probabilístico dos municípios onde as entrevistas serão realizadas, pelo método PPT (Probabilidade Proporcional ao Tamanho), tomando a população eleitora de 16 anos ou mais residente nos municípios como base para essa seleção.
No segundo estágio, efetua-se um sorteio probabilístico das localidades dentro dos municípios selecionados, também pelo método PPT (Probabilidade Proporcional ao Tamanho), considerando a população eleitora de 16 anos ou mais residente nessas localidades como base para a seleção.
No terceiro e último estágio, dentro das localidades sorteadas, os respondentes são selecionados por meio de quotas amostrais proporcionais, em função de variáveis significativas, a saber:

GÊNERO:
Feminino: 51,4%;
Masculino: 48,6%.
(Fonte: TSE, Janeiro/2026 -- https://sig.tse.jus.br/ords/dwapr/r/seai/sig-eleitor-eleitorado-mensal/cruzamento-eleitorado-mensal?p24_metricas=E&p24_back=22&p24_cruzamento_1=ds_sexo&clear=24&session=315321938605545)

FAIXA ETÁRIA:
16 anos: 0,4%;
17 anos: 1,1%;
18 a 20 anos: 6,2%;
21 a 24 anos: 9,4%;
25 a 34 anos: 24,1%;
35 a 44 anos: 21,4%;
45 a 59 anos: 23,0%;
60 a 69 anos: 8,3%;
70 a 79 anos: 4,2%;
Superior a 79 anos: 1,9%.
(Fonte: TSE, Janeiro/2026 -- https://sig.tse.jus.br/ords/dwapr/r/seai/sig-eleitor-eleitorado-mensal/cruzamento-eleitorado-mensal?p24_metricas=E&p24_back=22&p24_cruzamento_1=ds_sexo&clear=24&session=315321938605545)

ESCOLARIDADE:
Analfabeto: 3,3%;
Lê e Escreve: 4,5%;
Ensino Fundamental Incompleto: 20,1%;
Ensino Fundamental Completo: 5,3%;
Ensino Médio Incompleto: 21,2%;
Ensino Médio Completo: 28,5%;
Ensino Superior Incompleto: 7,0%;
Ensino Superior Completo: 10,2%.
(Fonte: TSE, Janeiro/2026 -- https://sig.tse.jus.br/ords/dwapr/r/seai/sig-eleitor-eleitorado-mensal/cruzamento-eleitorado-mensal?p24_metricas=E&p24_back=22&p24_cruzamento_1=ds_sexo&clear=24&session=315321938605545)

RENDA DOMICILIAR MENSAL:
Sem rendimento: 5,3%;
Até 1/2 Salário Mínimo: 3,9%;
Mais de 1/2 a 1 Salário Mínimo: 15,7%;
Mais de 1 a 2 Salários Mínimos: 23,6%;
Mais de 2 a 5 Salários Mínimos: 28,8%;
Mais de 5 a 10 Salários Mínimos: 14,1%;
Mais de 10 a 20 Salários Mínimos: 6,4%;
Mais de 20 Salários Mínimos: 2,3%.
(Fonte: IBGE (Censo/2010) -- https://cidades.ibge.gov.br/brasil/ap/pesquisa/23/24304?detalhes=true)

Observação: De acordo com informações do Instituto Brasileiro de Geografia e Estatística (IBGE), não há previsão de data para a divulgação do perfil econômico da população brasileira do CENSO 2022. Portanto, os dados sobre o nível econômico obtidos no Censo 2022 não podem ser utilizados, pois ainda não foram publicados.
Está prevista eventual ponderação para correção das variáveis sexo e idade, com base nos percentuais anteriormente mencionados, caso ocorram diferenças superiores a 3 pontos percentuais entre o previsto na amostra e a coleta de dados realizada. Para as variáveis de grau de instrução e nível econômico do entrevistado, o fator previsto para ponderação é 1 (resultados obtidos em campo). O nível de confiança estimado é de 95% e a margem de erro máxima estimada considerando um modelo de amostragem aleatório simples, é de aproximadamente 2 (dois) pontos percentuais para mais ou para menos sobre os resultados encontrados no total da amostra.
";"O trabalho de coleta de dados é acompanhado presencialmente por supervisores. São selecionados aleatoriamente 15% (quinze por cento) dos questionários para uma verificação posterior com ligações telefônicas para os números indicados nos formulários, em caso de dúvida, o formulário é descartado e o entrevistador chamado para esclarecimentos.";"O anexo do arquivo com os bairros será realizado até o dia seguinte da divulgação conforme indicado no §7º. do art. 2º. da Resolução-TSE nº. 23.600/2019."
"28/09/2026";"05:46:54";2026;81;"Eleições Gerais 2026";"AP";"AP";"AMAPÁ";"AP062932026";"2026-02-09 17:43:24";"S";"52182942000131";"TOP COMERCIOS E SERVICOS LTDA";"F5 PESQUISAS E CONSULTORIA";"Governador, Senador";"2026-02-10 00:00:00";"2026-02-14 00:00:00";"2026-02-15 00:00:00";1064;"9081";"LUIS VALBER RIOS ARCANJO";"10000,00";"A pesquisa da Empresa F5 PESQUISA E CONSULTORA LTDA, registrada no Conselho Regional de Estatística da 7ª Região, sob o N. º 8806 será um levantamento
estatístico por amostragem estratificada por cidade/bairro/setor censitário, sexo, faixa etária de idade, escolaridade, renda familiar e religião do entrevistado, nas áreas urbanas e rural do estado do Amapá. 
O universo da pesquisa será a população eleitoral das áreas urbanas e rural do estado do Amapá, a partir de 16 anos.

Serão realizadas 1064 (mil e sessenta e quatro) entrevistas, distribuídas de forma proporcional ao número de eleitores em cada cidade do estado do Amapá. Dentro da área urbanas e rural serão realizados sorteios dos setores
censitários. Uma vez selecionado os setores, as entrevistas serão realizadas nos domicílios através de amostragem aleatória (dentro dos critérios técnicos de pesquisa eleitoral). A abordagem será domiciliar, ou seja, as entrevistas serão residenciais (face a face), sendo realizada uma entrevista por residência. O
instrumento utilizado para a coleta será um questionário estruturado e padronizado de acordo com os objetivos da pesquisa, que será devidamente preenchido por um pesquisador treinado pela empresa. A pesquisa será
realizada no período de 09 de setembro a 13 de janeiro de 2024. Nesta pesquisa, com relação às perguntas fechadas, os entrevistados não serão de forma alguma pressionados a escolher uma das opções. Será apresentado a cada entrevistado um cartão circular (DISCO) contendo os nomes estimulados";"Todos os entrevistadores da Empresa F5 Pesquisas e Consultoria LTDA, são selecionados e treinados pela própria empresa em Santana - AP. Para o trabalho de campo cada entrevistador será devidamente identificado com
crachá (nome, CPF e foto) e camiseta da Empresa. A pesquisa será realizada através de smartphones ou tablets em ambiente web em um servidor CLOUD, que tem por objetivo realizar a integração entre o sistema de pesquisa SPSS à equipe de pesquisadores. Sendo a transmissão dos dados
automática através de redes WIFI, 3G , 4G e 5G. A supervisão de campo será executada em tempo real, sendo disponibilizados para a garantia das informações, os locais onde elas foram realizadas, sendo as imagens
disponibilizadas, após a transmissão dos dados, no Google mapas, garantindo a observação de todas as entrevistas. Os questionários (dados) serão submetidos a uma fiscalização de no mínimo 20,0 % (vinte por
cento) de todas as entrevistas realizadas.";"Todos os entrevistadores da Empresa F5 Pesquisas e Consultoria LTDA, são selecionados e treinados pela própria empresa em Santana - AP. Para o trabalho de campo cada entrevistador será devidamente identificado com
crachá (nome, CPF e foto) e camiseta da Empresa. A pesquisa será realizada através de smartphones ou tablets em ambiente web em um servidor CLOUD, que tem por objetivo realizar a integração entre o sistema de pesquisa SPSS à equipe de pesquisadores. Sendo a transmissão dos dados
automática através de redes WIFI, 3G , 4G e 5G. A supervisão de campo será executada em tempo real, sendo disponibilizados para a garantia das informações, os locais onde elas foram realizadas, sendo as imagens
disponibilizadas, após a transmissão dos dados, no Google mapas, garantindo a observação de todas as entrevistas. Os questionários (dados) serão submetidos a uma fiscalização de no mínimo 20,0 % (vinte por
cento) de todas as entrevistas realizadas.";"A amostra contemplará todos os 16 municípios do estado, auto ponderada de acordo com o número de eleitores abaixo: MUNICÍPIO / Nº de eleitores (Fonte TSE/JANEIRO DE 2026) Amapá = 7.574 Calçoene = 8.856 Cutias = 6.634 Ferreira Gomes = 8.085 Itaubal = 9.356 Laranjal do Jari = 27.926 Macapá = 305.958 Mazagão = 21.970 Oiapoque = 23.390, Pedra Branca do Amapari = 10.246 Porto Grande = 15.296 Paracuuba = 4.184 Santana = 83.240 Serra do Navio = 4.380 Tartarugalzinho = 11.305 Vitória do Jari = 10.293"
"28/09/2026";"05:46:54";2026;81;"Eleições Gerais 2026";"AP";"AP";"AMAPÁ";"AP018382026";"2026-09-25 18:29:07";"S";"07317438000147";"DOXA ARTE & COMUNICAO S/S LTDA";"DOXA";"Governador, Senador";"2026-09-25 00:00:00";"2026-09-29 00:00:00";"2026-10-01 00:00:00";800;"8010";"JADSON FERNANDES CHAVES";"30000,00";"Pesquisa do tipo quantitativo, por amostragem, com aplicação de questionário estruturado e abordagempessoal junto a uma amostra representativa do eleitorado conforme fonte de dados do TSE julho/2026,IBGE, CENSO 2022. O conjunto do eleitorado apto a votar na próxima eleição em 2026 no estado do Amapá com idade de 16 anos ou mais foi tomado como universo da pesquisa. O levantamento serárealizado pela equipe DOXA ARTE & COMUNICAO S/S LTDA.";"O público-alvo é o eleitorado do estado do Amapá apto a votar nas Eleições Gerais de 2026. Pesquisa com metodologia quantitativa e realização de entrevistas pessoais, domiciliares e presenciais, utilizando questionário estruturado junto a uma amostra representativa do eleitorado do Estado do Amapá, selecionada em três estágios. No primeiro estágio: realiza-se um sorteio probabilístico dos municípios onde as entrevistas serão realizadas através do método PPT (Probabilidade Proporcional ao Tamanho), considerando a população eleitora residente com 16 anos ou mais nos municípios como base para essa seleção. No segundo estágio: faz-se um sorteio probabilístico das localidades onde as entrevistas serão realizadas, através do método PPT (Probabilidade Proporcional ao Tamanho), tomando a população eleitora residente de 16 anos ou mais nas localidades como base para essa seleção. No terceiro estágio: a seleção do entrevistado dentro da localidade será feita utilizando-se quotas amostrais proporcionais em função das seguintes variáveis: Sexo: Masculino (49%); Feminino (51%). ¿ Faixa etária: 16-24 anos (18%); 25-34 anos (23,6%); 35-44 anos (20,8%); 45-59 anos (22,9%); 60 anos ou mais (14,7%). ¿ Nível de instrução: Analfabeto: 3,23%; Lê e Escreve: 4,41%; Ensino Fundamental Incompleto: 19,77%; Ensino Fundamental Completo: 5,18%; Ensino Médio Incompleto: 22,13%; Ensino Médio Completo: 28,15%; Ensino Superior Incompleto: 7,00%; Ensino Superior Completo: 10,13%. (Fonte: TSE, julho/2026 ( sig.tse.jus.br). ¿ Nível Econômico (Renda Domiciliar): Sem rendimento Até 2 SM 48,5%; De 2 até 5 SM 28,7%; Mais de 5 SM 22,8%; No substrato nível de renda foram utilizada técnica estatística de aglutinamento de faixas/substratos. Fonte: Censo2010; ¿ Fonte dos dados: TSE (julho/2026) para as quotas de sexo, idade e instrução, e para o sorteio PPT do primeiro e segundo estágios; IBGE/Censo 2022 para a estratificação interna das localidades. O IBGE, não divulgou e não tem previsão de data para divulgação do perfil econômico (nível econômico) da população brasileira em relação ao censo 2022 e também a ausência de microdados definitivos do Censo 2022 sobre esse assunto. Por isso, mantém-se o Censo 2010 como base mais recente disponível nesse formato para a estratificação de renda domiciliar, com a ressalva de que se trata de dado defasado, a ser atualizado assim que o IBGE publicar o indicador equivalente do Censo 2022. Ponderação: Está prevista eventual ponderação para correção das variáveis sexo, faixa etária, nível de instrução e nível econômico, com base nos percentuais acima apresentados, caso ocorram diferenças superiores a 3,5 (três e meio) pontos percentuais entre o previsto na amostra e a coleta realizada. Caso as proporções coletadas em campo para qualquer uma dessas variáveis fiquem dentro dessa margem de tolerância, o fator de ponderação adotado será igual a 1 (resultado obtido em campo), garantindo o alinhamento rigoroso com os parâmetros populacionais. Margem de Erro e Nível de Confiança: Serão realizadas 800 entrevistas distribuídas no estado. O nível de confiança estimado é de 95% (noventa e cinco por cento). Para uma amostra aleatória simples de mesmo tamanho, a margem de erro corresponderia a aproximadamente 3,5 (três e meio) pontos percentuais para mais ou para menos.";"Os pesquisadores envolvidos na realização desta pesquisa são treinados de forma contínua pelo Instituto DOXA e recebem instruções específicas para cada projeto de pesquisa realizado. A equipe de trabalho de campo é formada por dez pesquisadores de campo e dois coordenadores. Os entrevistadores fazem as entrevistas individuais, enquanto os supervisores de campo fiscalizam o trabalho. Sendo dever do supervisor de campo: a) zelar pelo cumprimento e quantidade coletadas de entrevistas; b) anular Questionários preenchidos incorretamente ou que estejam fora do padrão de conduta técnica da pesquisa; c) anular questionários que não cumpram a amostra determinada de dentro da área prevista no plano; d) zelar pelo andamento do trabalho de campo dentro do tempo especificado; e)inspecionar os questionários aplicados e sua validade; f) conferir no final do trabalho o preenchimento e zelo da amostra prevista. A coleta será realizada com a utilização de tablete/smartfone ou celular androide e o questionário com formato eletrônico e visualização, via, ferramenta, sistema QuestionPro. Os dados são checados, no mínimo, 20% dos questionários de cada pesquisador envolvido na pesquisa, seja in loco por supervisores de campo ou, posteriormente, por telefone indicado pelo entrevistado. Internamente, todo o material é verificado e codificado. Antes do processamento final e emissão dos resultados, realiza-seprocesso de consistência dos dados para garantir a segurança e lisura das informações.";"Os dados serão inseridos conforme §7º. do art. 2º. da Resolução - TSE nº. 23.600/2019, A partir do dia em que a pesquisa puder ser divulgada e até o dia seguinte, o registro deverá ser complementado, sob pena deser a pesquisa considerada não registrada; na ausência de delimitação do bairro, será identificada a área em que foi realizada."
"28/09/2026";"05:46:54";2026;81;"Eleições Gerais 2026";"AP";"AP";"AMAPÁ";"AP065952026";"2026-03-23 19:13:33";"S";"19259002000128";"ATLASINTEL TECNOLOGIA DE DADOS LTDA";"ATLASINTEL";"Governador, Senador";"2026-03-23 00:00:00";"2026-03-28 00:00:00";"2026-03-29 00:00:00";1000;"11220";"ANDREI CAMILO DOS SANTOS";"75000,00";"Pesquisa quantitativa com coleta aleatória via questionário estruturado web e pós-estratificação da amostra de acordo com as características do eleitorado de Amapá.
";"Amostra aleatória pós-estratificada via algoritmo iterativo com quotas proporcionais, representando características do eleitorado de Amapá: SEXO: Masculino: 48.6%; Feminino: 51.4%. FAIXA ETÁRIA: Entre 16 a 24 anos: 17.1%; Entre 25 a 34 anos: 24.1%; Entre 35 a 44 anos: 21.4%; Entre 45 a 59 anos: 23.0%; 60 ou mais: 14.5%. ESCOLARIDADE: Ensino Fundamental completo ou incompleto e eleitores sem educação formal: 26.4%; Ensino Médio completo ou incompleto: 42.4%; Ensino Superior completo ou incompleto: 31.2%. NÍVEL ECONÔMICO: Renda familiar mensal até R$2000: 18.8%; Mais de R$2.000 a R$3.000: 19.3%; Mais de R$3.000 a R$5.000: 22.2%; Mais de R$5.000 a R$10.000: 25.2%; Mais de R$10.000: 14.4%. OBS.: devido ao arredondamento, a soma dos percentuais pode variar de 99% a 101%. Na agregação final, para cada variável de ponderação, serão admissíveis desvios de até 3.0 pontos percentuais em relação às quotas estipuladas. Confiança estimada: 95%, margem de erro: +/- 3.0 pontos percentuais. FONTE DOS DADOS: PNADC 2024 para escolaridade e nível econômico | TSE 2026 para sexo e faixa etária.
";"Coleta feita com a utilização de questionário eletrônico com procedimentos específicos para o armazenamento seguro dos dados. São checados manualmente no mínimo 15% dos questionários para detectar possíveis anomalias. Pesquisadores especializados realizam internamente uma verificação exaustiva da consistência dos dados antes da divulgação dos resultados finais.";"#NULO#"
"28/09/2026";"05:46:54";2026;81;"Eleições Gerais 2026";"AP";"AP";"AMAPÁ";"AP084592026";"2026-09-03 22:22:53";"S";"00654576000172";"INSTITUTO VERITA LTDA";"VERITA";"Governador, Senador";"2026-09-04 00:00:00";"2026-09-09 00:00:00";"2026-09-09 00:00:00";1030;"10699";"Guilherme Alvarenga Laia";"79310,00";"Estudo quantitativo voltado às Eleições 2026, realizado por meio de entrevistas individuais, aplicadas mediante questionário eletrônico estruturado e Unidade Automatizada de Respostas Audíveis e Auditáveis, por meio de ligações para telefones móveis (celulares). A inteligência artificial é empregada exclusivamente para a transcrição automatizada das respostas em áudio, não interferindo na formulação das perguntas, na condução das entrevistas, na coleta das informações, na interpretação das respostas ou no tratamento estatístico dos dados.

A participação dos eleitores é voluntária, espontânea e não remunerada. As respostas são prestadas por autodeclaração, sendo, em sua maioria, registradas por meio de códigos numéricos correspondentes às alternativas previamente definidas no questionário.

A utilização de sistema eletrônico automatizado para a coleta e o registro das respostas proporciona elevado nível de padronização operacional, reduz a possibilidade de interferência humana durante a realização das entrevistas, amplia a rastreabilidade e a auditabilidade de todo o processo de coleta e contribui para maior precisão, consistência e confiabilidade dos dados obtidos.

O plano amostral foi elaborado para assegurar a representatividade estatística do eleitorado da respectiva Unidade da Federação, observando critérios técnicos de seleção, distribuição e ponderação da amostra, quando aplicáveis.";"A pesquisa foi planejada para produzir uma amostra estatisticamente representativa do eleitorado do estado DO AMAPÁ, utilizando o método de Probabilidade Proporcional ao Tamanho (PPT), com plano amostral em múltiplos estágios. Na primeira etapa, esta Unidade da Federação é dividida em macrorregiões, de forma a assegurar adequada distribuição territorial da amostra e representação das diferentes características geográficas, demográficas e eleitorais. Na segunda etapa, os municípios de cada estrato são ordenados segundo seu porte populacional e eleitoral e sorteados. Na terceira etapa, os respondentes são selecionados entre os eleitores aptos residentes nos municípios sorteados, observando-se a distribuição proporcional da amostra e as cotas estabelecidas para as variáveis de sexo, faixa etária, grau de instrução e nível econômico. As cotas são estabelecidas para a pesquisa completa, considerando a composição do eleitorado e os parâmetros oficiais de referência, não sendo aplicadas isoladamente a cada município selecionado.

SEXO E FAIXA ETÁRIA - Fonte: Tribunal Superior Eleitoral (TSE), Perfil do Eleitorado, junho de 2026. Feminino de 16 a 34 anos: 21,7%; Masculino de 16 a 34 anos: 20,4%; Feminino de 35 a 54 anos: 19,4%; Masculino de 35 a 54 anos: 18%; Feminino com 55 anos ou mais: 10,2%; Masculino com 55 anos ou mais: 10,2%. Os parâmetros de sexo e idade têm como referência o cadastro eleitoral brasileiro atualizado pelo Tribunal Superior Eleitoral, considerando o universo de eleitores aptos com 16 anos ou mais.

GRAU DE INSTRUÇÃO - Fonte: IBGE - PNAD Contínua Anual 2025. A distribuição é: sem instrução 5,3%; ensino fundamental incompleto ou equivalente 18,5%; ensino fundamental completo ou equivalente 7,7%; ensino médio incompleto ou equivalente 8,8%; ensino médio completo ou equivalente 34,5%; ensino superior incompleto ou equivalente 6,3%; ensino superior completo 18,9%. Para não confundir os respondentes as faixas de escolaridade no questionário foram agrupadas em 3 faixas: até ensino fundamental incompleto e completo, ensino médio incompleto e completo e superior incompleto, completo ou mais. A PNAD Contínua é utilizada como referência por constituir a fonte oficial mais atualizada para a mensuração do nível de instrução da população brasileira, sua utilização também corrige limitações decorrentes da ausência de atualização obrigatória e contínua das informações de escolaridade no cadastro eleitoral do Tribunal Superior Eleitoral.

NÍVEL ECONÔMICO - RENDA FAMILIAR DO DOMICÍLIO - Fonte: IBGE - PNAD Contínua Anual 2025. Considera-se a renda domiciliar total, compreendendo rendimentos provenientes de trabalho formal e informal, aposentadorias, pensões, benefícios sociais e demais fontes de renda existentes no domicílio. observando-se a seguinte distribuição: renda familiar de até 2 salários-mínimos 49,4%; de 2 a 5 salários-mínimos 30,9%, acima de 5 salários-mínimos 19,7%.

PONDERAÇÃO E CALIBRAÇÃO DA AMOSTRA - Prevê-se eventual ponderação das variáveis de sexo, faixa etária, grau de instrução e nível econômico, caso sejam verificadas diferenças relevantes entre a distribuição da amostra efetivamente coletada e os parâmetros populacionais de referência adotados. Inicialmente, o fator de ponderação é igual a 1 (um), podendo ser recalculado sempre que necessário para assegurar a representatividade estatística da amostra.
INTERVALO DE CONFIANÇA E MARGEM DE ERRO - O intervalo de confiança adotado é de 95%, com margem máxima estimada de erro de aproximadamente 3,5 pontos percentuais, para mais ou para menos, sobre os resultados do total da amostra, calculada segundo o modelo de amostragem aleatória simples e a hipótese de máxima variabilidade.";"Após os trabalhos de coleta de dados, os questionários são submetidos a uma fiscalização, conferência e checagem de cerca de 20% (vinte por cento) dos questionários aplicados. Todas as entrevistas são integralmente registradas em áudio, permanecendo auditáveis e rastreáveis, permitindo a verificação da integridade do processo de coleta, preservado o sigilo das informações pessoais dos entrevistados e observadas as disposições da Lei Geral de Proteção de Dados Pessoais (Lei nº 13.709/2018).";"Em observância ao art. 2º, § 7º, da Resolução TSE nº 23.600/2019, com redação dada pela Resolução TSE nº 23.747/2026, a presente pesquisa terá seu registro complementado no Sistema de Registro de Pesquisas Eleitorais a partir da data em que sua divulgação for permitida e até o dia seguinte, com a identificação dos municípios em que foram realizadas as entrevistas, bem como da composição final da amostra quanto a gênero, idade, grau de instrução e nível econômico, na forma exigida pela legislação eleitoral vigente."
"28/09/2026";"05:46:54";2026;81;"Eleições Gerais 2026";"AP";"AP";"AMAPÁ";"AP000622026";"2026-08-23 17:06:55";"N";"81908345000140";"INSTITUTO PARANA DE PESQUISAS E ANALISE DE CONSUMIDOR LTDA";"#NULO#";"Governador, Senador";"2026-08-26 00:00:00";"2026-08-28 00:00:00";"2026-08-29 00:00:00";1080;"10245 - 4ª";"Tatiani Cristina Ara";"45000,00";"Pesquisa com metodologia quantitativa, com a realização de entrevistas pessoais, domiciliares e presenciais, utilizando questionário estruturado junto a uma amostra representativa do eleitorado do Estado do Amapá.


";"""A amostra será representativa do eleitorado da área pesquisada e será selecionada em três etapas. Na primeira etapa realiza-se um sorteio probabilístico dos municípios onde as entrevistas serão realizadas através do método PPT (Probabilidade Proporcional ao Tamanho), considerando a população eleitora com 16 anos ou mais residente nos municípios como base para essa seleção. Na segunda etapa, faz-se um sorteio probabilístico das localidades, onde as entrevistas serão realizadas, através do método PPT (Probabilidade Proporcional ao Tamanho), tomando a população eleitora de 16 anos ou mais residente nas localidades como base para essa seleção. Na terceira etapa, a seleção do entrevistado dentro da localidade, será feita utilizando-se quotas amostrais proporcionais, em função das seguintes variáveis:
GÊNERO: TSE Julho 2026 (https://sig.tse.jus.br/ords/dwapr/r/seai/sig-eleitor-eleitorado-mensal/cruzamento-eleitorado-mensal?p24_metricas=E&p24_back=22&p24_cruzamento_1=ds_sexo&clear=24&p0_uf=AP&p0_mes=7&debug=LEVEL5&session=312990078978641)
Masculino - 49%; |
Feminino - 51%; |
FAIXA ETÁRIA: TSE Julho 2026 (https://sig.tse.jus.br/ords/dwapr/r/seai/sig-eleitor-eleitorado-mensal/cruzamento-eleitorado-mensal?p24_cruzamento_1=ds_faixa_etaria&p24_metricas=E&p24_back=22&clear=24&p0_uf=AP&p0_mes=7&debug=LEVEL5&session=8904950028837) 
Entre 16 e 24 anos: 18%; |
Entre 25 e 34 anos: 23%; |
Entre 35 e 44 anos: 21%; |
Entre 45 e 59 anos: 23%; |
Com 60 anos ou mais: 15%; |
ESCOLARIDADE: TSE Julho 2026 (https://sig.tse.jus.br/ords/dwapr/r/seai/sig-eleitor-eleitorado-mensal/cruzamento-eleitorado-mensal?p24_cruzamento_1=ds_grau_instrucao&p24_metricas=E&p24_back=22&clear=24&p0_uf=AP&p0_mes=7&debug=LEVEL5&session=309383598034615) Observação: Conforme informações obtidas no site do Tribunal Superior Eleitoral, o TSE, (https://dadosabertos.tse.jus.br/group/about/eleitorado) """"Os registros de grau de escolaridade podem apresentar dados defasados, pois refletem a situação do eleitor na ocasião do cadastramento.""""
De analfabeto até ensino fundamental completo: 33%; |
Ensino médio incompleto ou completo: 50% |
Ensino superior incompleto ou completo: 17% |
RENDA DOMICILIAR MENSAL:  (https://cidades.ibge.gov.br/brasil/ap/pesquisa/23/24304) IBGE - Censo 2010. Observação: Conforme informações obtidas do Instituto Brasileiro de Geografia e Estatística, o IBGE, não divulgou - e não tem previsão - de data para divulgação do perfil econômico (nível econômico) da população brasileira; portanto, os dados quanto ao nível econômico obtidos no Censo 2022, não podem ser utilizados, pois não foram publicados. (https://censo2022.ibge.gov.br/panorama/)
Sem rendimentos até 2 salários mínimos: 48% |
Mais de 2 a 5 salários mínimos: 29% |
Mais de 5 salários mínimos: 23% |
Está prevista eventual ponderação para correção das variáveis gênero e faixa etária, com base nos percentuais acima apresentados, caso ocorram diferenças superiores a 3,0 (três) pontos percentuais entre o previsto na amostra e a coleta realizada; para as variáveis escolaridade e renda domiciliar mensal, o fator de ponderação é igual a 1 (resultados obtidos no campo). O nível de confiança estimado é de 95% (noventa e cinco por cento) para uma margem de erro estimada, considerando uma técnica de amostragem aleatória simples, de aproximadamente 3,0 (três) pontos percentuais para mais ou para menos sobre os resultados obtidos.""





";"""As entrevistas serão conduzidas por uma equipe de entrevistadores e supervisores devidamente qualificados pelo Instituto Paraná Pesquisas, todos com experiência e treinamento específico em pesquisas de opinião pública. 
Controle: O controle do processo será realizado por meio de um software de coleta de dados.
Conferência e Fiscalização: Durante a coleta de dados os questionários aplicados são fiscalizados e conferidos através de um supervisor.   
Adicionalmente, pelo menos 30% dos questionários passarão por uma verificação posterior, que avaliará a precisão na aplicação e a adequação dos entrevistados às variáveis das quotas amostrais. Ou seja, no mínimo 324 entrevistas desta pesquisa serão auditadas pela equipe de qualidade do Instituto Paraná Pesquisas, podendo essa auditoria ser solicitada ao Instituto a qualquer momento.
Verificação: Após a coleta, os questionários passam por uma etapa de verificação e validação dos dados, para garantir a integridade e precisão dos dados coletados.""





";"""A pesquisa será realizada no Estado do Amapá, a relação dos dados relativos aos municípios e às localidades será apresentado até o dia seguinte à data a partir da qual a pesquisa puder ser divulgada, conforme §7º do art. 2º da Resolução-TSE nº. 23.600/2019""




"
"28/09/2026";"05:46:54";2026;81;"Eleições Gerais 2026";"AP";"AP";"AMAPÁ";"AP008372026";"2026-03-16 15:27:36";"N";"27844225000180";"VERITAS PLANEJAMENTO E ASSESSORIA LTDA";"VERITAS PLANEJAMENTO";"Governador, Senador";"2026-03-17 00:00:00";"2026-03-19 00:00:00";"2026-03-22 00:00:00";800;"9137-A";"Érika Cristina Ferreira";"30000,00";"Trata-se de uma pesquisa quantitativa realizada por meio de entrevistas, com aplicação de questionário estruturado a uma amostra representativa do eleitorado em estudo. A pesquisa foi conduzida no Estado do Amapá (AP).";"A amostra é representativa do eleitorado da área pesquisada e foi elaborada em três estágios.
No primeiro estágio, realiza-se o sorteio probabilístico dos municípios onde serão conduzidas as entrevistas, utilizando o método PPT (Probabilidade Proporcional ao Tamanho). Para essa seleção, considera-se como base a população eleitora residente nos municípios com 16 anos ou mais.
No segundo estágio, é realizado o sorteio probabilístico das localidades dentro dos municípios previamente selecionados, também por meio do método PPT (Probabilidade Proporcional ao Tamanho), tomando como referência a população eleitora com 16 anos ou mais residente nessas localidades.
No terceiro e último estágio, dentro das localidades sorteadas, os entrevistados são selecionados por meio de cotas amostrais proporcionais, definidas a partir de variáveis consideradas relevantes, conforme descrito a seguir:
GÊNERO:
Feminino: 51,38%;
Masculino: 48,62%.
(Fonte: TSE, fevereiro de 2026 ¿ https://sig.tse.jus.br/ords/dwapr/r/seai/sig-eleitor-eleitorado-mensal/cruzamento-eleitorado-mensal?p24_metricas=E&p24_back=22&p24_cruzamento_1=ds_sexo&clear=24&session=321307785336307)
FAIXA ETÁRIA:
16 anos: 0,43%;
17 anos: 1,10%;
18 a 20 anos: 6,27%;
21 a 24 anos: 9,33%;
25 a 34 anos: 24,03%;
35 a 44 anos: 21,32%;
45 a 59 anos: 22,99%;
60 a 69 anos: 8,35%;
70 a 79 anos: 4,24%;
Acima de 79 anos: 1,93%.
(Fonte: TSE, fevereiro de 2026 ¿ https://sig.tse.jus.br/ords/dwapr/r/seai/sig-eleitor-eleitorado-mensal/cruzamento-eleitorado-mensal?p24_cruzamento_1=ds_faixa_etaria&p24_metricas=E&p24_back=22&clear=24&session=321307785336307)
ESCOLARIDADE:
Analfabeto: 3,29%;
Lê e escreve: 4,52%;
Ensino Fundamental incompleto: 20,02%;
Ensino Fundamental completo: 5,26%;
Ensino Médio incompleto: 21,27%;
Ensino Médio completo: 28,47%;
Ensino Superior incompleto: 7,00%;
Ensino Superior completo: 10,17%.
(Fonte: TSE, fevereiro de 2026 ¿ https://sig.tse.jus.br/ords/dwapr/r/seai/sig-eleitor-eleitorado-mensal/cruzamento-eleitorado-mensal?p24_cruzamento_1=ds_grau_instrucao&p24_metricas=E&p24_back=22&clear=24&session=321307785336307)
RENDA DOMICILIAR MENSAL:
Sem rendimento: 5,25%;
Até 1/2 salário mínimo: 3,94%;
Mais de 1/2 a 1 salário mínimo: 15,67%;
Mais de 1 a 2 salários mínimos: 23,56%;
Mais de 2 a 5 salários mínimos: 28,85%;
Mais de 5 a 10 salários mínimos: 14,07%;
Mais de 10 a 20 salários mínimos: 6,37%;
Mais de 20 salários mínimos: 2,29%.
(Fonte: IBGE ¿ Censo 2010 ¿ https://cidades.ibge.gov.br/brasil/ap/panorama)
Observação: De acordo com o Instituto Brasileiro de Geografia e Estatística (IBGE), ainda não há previsão de divulgação do perfil econômico da população brasileira com base no Censo 2022. Dessa forma, os dados referentes ao nível econômico provenientes desse censo ainda não podem ser utilizados, pois não foram publicados.
Está prevista a realização de ponderação para correção das variáveis sexo e idade, com base nos percentuais apresentados anteriormente, caso sejam observadas diferenças superiores a três pontos percentuais entre a distribuição prevista na amostra e aquela obtida na coleta de dados. Para as variáveis grau de instrução e nível econômico do entrevistado, o fator de ponderação previsto é igual a 1, ou seja, serão utilizados os resultados observados em campo.
O nível de confiança estimado para os resultados é de 95%, e a margem de erro máxima estimada, considerando um modelo de amostragem aleatória simples, é de aproximadamente 3(três) pontos percentuais para mais ou para menos sobre os resultados observados para o total da amostra.

";"A coleta de dados é acompanhada por supervisores responsáveis pelo monitoramento das atividades de campo. Além disso, 30% (trinta por cento) dos questionários são selecionados aleatoriamente para verificação posterior, por meio de ligações telefônicas realizadas para os números informados nos formulários. Em caso de inconsistências ou dúvidas, o questionário é descartado e o entrevistador é convocado para prestar esclarecimentos.";"O detalhamento dos municípios e bairros contemplados na pesquisa será apresentado em arquivo anexo. Nos casos em que não houver delimitação específica do bairro, será indicada a área onde a entrevista foi realizada, conforme disposto no §7º do art. 2º da Resolução-TSE nº 23.600/2019. "
"28/09/2026";"05:46:54";2026;81;"Eleições Gerais 2026";"AP";"AP";"AMAPÁ";"AP007672026";"2026-03-11 18:51:27";"S";"81908345000140";"INSTITUTO PARANA DE PESQUISAS E ANALISE DE CONSUMIDOR LTDA";"#NULO#";"Governador, Senador";"2026-03-12 00:00:00";"2026-03-15 00:00:00";"2026-03-17 00:00:00";1220;"10245 - 4ª Região";"Tatiani Cristina Ara";"35000,00";"Pesquisa com metodologia quantitativa, com a realização de entrevistas pessoais, domiciliares e presenciais, utilizando questionário estruturado junto a uma amostra representativa do eleitorado do Estado do Amapá.


";"""A amostra será representativa do eleitorado da área pesquisada e será selecionada em três etapas. Na primeira etapa realiza-se um sorteio probabilístico dos municípios onde as entrevistas serão realizadas através do método PPT (Probabilidade Proporcional ao Tamanho), considerando a população eleitora com 16 anos ou mais residente nos municípios como base para essa seleção. Na segunda etapa, faz-se um sorteio probabilístico das localidades, onde as entrevistas serão realizadas, através do método PPT (Probabilidade Proporcional ao Tamanho), tomando a população eleitora de 16 anos ou mais residente nas localidades como base para essa seleção. Na terceira etapa, a seleção do entrevistado dentro da localidade, será feita utilizando-se quotas amostrais proporcionais, em função das seguintes variáveis:
GÊNERO: TSE Fevereiro 2026 (https://sig.tse.jus.br/ords/dwapr/r/seai/sig-eleitor-eleitorado-mensal/cruzamento-eleitorado-mensal?p24_metricas=E&p24_back=22&p24_cruzamento_1=ds_sexo&clear=24&p0_uf=AP&p0_mes=2&debug=LEVEL5&session=312990078978641)
Masculino - 49%; |
Feminino - 51%; |
FAIXA ETÁRIA: TSE Fevereiro 2026 (https://sig.tse.jus.br/ords/dwapr/r/seai/sig-eleitor-eleitorado-mensal/cruzamento-eleitorado-mensal?p24_cruzamento_1=ds_faixa_etaria&p24_metricas=E&p24_back=22&clear=24&p0_uf=AP&p0_mes=2&debug=LEVEL5&session=8904950028837)
Entre 16 e 24 anos: 17%; |
Entre 25 e 34 anos: 24%; |
Entre 35 e 44 anos: 21%; |
Entre 45 e 59 anos: 23%; |
Com 60 anos ou mais: 15%; |
ESCOLARIDADE: TSE Fevereiro 2026 (https://sig.tse.jus.br/ords/dwapr/r/seai/sig-eleitor-eleitorado-mensal/cruzamento-eleitorado-mensal?p24_cruzamento_1=ds_grau_instrucao&p24_metricas=E&p24_back=22&clear=24&p0_uf=AP&p0_mes=2&debug=LEVEL5&session=309383598034615)
De analfabeto até ensino fundamental completo: 33%; |
Ensino médio incompleto ou completo: 50% |
Ensino superior incompleto ou completo: 17% |
RENDA DOMICILIAR MENSAL:  (https://cidades.ibge.gov.br/brasil/ap/pesquisa/23/24304) IBGE - Censo 2010. Observação: Conforme informações obtidas do Instituto Brasileiro de Geografia e Estatística, o IBGE, não divulgou - e não tem previsão - de data para divulgação do perfil econômico (nível econômico) da população brasileira; portanto, os dados quanto ao nível econômico obtidos no Censo 2022, não podem ser utilizados, pois não foram publicados. (https://censo2022.ibge.gov.br/panorama/)
Sem rendimentos até 2 salários mínimos: 48% |
Mais de 2 a 5 salários mínimos: 29% |
Mais de 5 salários mínimos: 23% |
Está prevista eventual ponderação para correção das variáveis gênero e faixa etária, com base nos percentuais acima apresentados, caso ocorram diferenças superiores a 3,0 (três) pontos percentuais entre o previsto na amostra e a coleta realizada; para as variáveis escolaridade e renda domiciliar mensal, o fator de ponderação é igual a 1 (resultados obtidos no campo). O nível de confiança estimado é de 95% (noventa e cinco por cento) para uma margem de erro estimada, considerando uma técnica de amostragem aleatória simples, de aproximadamente 2,9 (dois vírgula nove) pontos percentuais para mais ou para menos sobre os resultados obtidos.""





";"""As entrevistas serão conduzidas por uma equipe de entrevistadores e supervisores devidamente qualificados pelo Instituto Paraná Pesquisas, todos com experiência e treinamento específico em pesquisas de opinião pública. 
Controle: O controle do processo será realizado por meio de um software de coleta de dados, o qual permitirá o monitoramento garantindo o cumprimento das cotas amostrais.
Conferência e Fiscalização: Durante a coleta de dados os questionários aplicados são fiscalizados e conferidos através de um supervisor.   
Adicionalmente, pelo menos 30% dos questionários passarão por uma verificação posterior, que avaliará a precisão na aplicação e a adequação dos entrevistados às variáveis das quotas amostrais. Ou seja, no mínimo 366 entrevistas desta pesquisa serão auditadas pela equipe de qualidade do Instituto Paraná Pesquisas, podendo essa auditoria ser solicitada ao Instituto a qualquer momento.
Verificação: Após a coleta, os questionários passam por uma etapa de verificação e validação dos dados, para garantir a integridade e precisão dos dados coletados.""





";" ""A pesquisa será realizada no Estado do Amapá, a relação dos dados relativos aos municípios e às localidades será apresentado até o dia seguinte à data a partir da qual a pesquisa puder ser divulgada, conforme §7º do art. 2º da Resolução-TSE nº. 23.600/2019""





"
"28/09/2026";"05:46:54";2026;81;"Eleições Gerais 2026";"AP";"AP";"AMAPÁ";"AP023232026";"2026-05-26 22:31:32";"S";"00654576000172";"INSTITUTO VERITA LTDA";"VERITA";"Governador, Senador";"2026-05-27 00:00:00";"2026-05-31 00:00:00";"2026-06-01 00:00:00";1030;"10699";"GUILHERME ALVARENGA LAIA";"79310,00";"Pesquisa quantitativa, que consiste na realização de entrevistas, com a aplicação de questionário estruturado junto a uma amostra representativa do eleitorado desta Unidade da Federação.";"ESTUDO REPRESENTATIVO DO ELEITORADO DO ESTADO DO AMAPÁ - MÉTODO PPT (Probabilidade Proporcional ao Tamanho) - PLANO AMOSTRAL E PONDERAÇÃO QUANTO A SEXO, IDADE, GRAU DE INSTRUÇÃO E NÍVEL ECONÔMICO DO ENTREVISTADO; INTERVALO DE CONFIANÇA E MARGEM DE ERRO: Representativo do eleitorado da área em estudo, elaborada, em vários estágios, da seguinte forma: - 1. Divisão da UF em estratos proporcionais de municípios. 2. Ordenação dos municípios de cada estrato segundo o porte. 3. Sorteio dos municípios de cada estrato. 4. Os respondentes são selecionados através de quotas amostrais proporcionais em função de variáveis significativas, a saber: GÊNERO / FAIXA ETÁRIA - FEMININO E MASCULINO 16 A 34 ANOS 21,2% E 19,9%, 35 A 54 ANOS 19,9% E 18,4%, 55 ANOS OU MAIS 10,3% E 10,3%. GRAU DE INSTRUÇÃO ¿ FEMININO E MASCULINO Sem instrução até Ensino Médio completo 57%, Ensino superior incompleto e completo 43% NÍVEL ECONÔMICO - FEMININO população não economicamente ativa 46,5% população economicamente ativa 53,5% MASCULINO população não economicamente ativa 27,2% população economicamente ativa 72,8%. RENDA FAMILIAR DO DOMICÍLIO renda familiar de até 2 salários-mínimos 30,7%; de 2 a 5 salários-mínimos 44,2%, acima de 5 salários-mínimos 25,1%. Está prevista eventual ponderação para correção das variáveis, com base nos percentuais anteriormente mencionados, caso ocorram diferenças superiores a margem de erro da pesquisa previsto entre a amostra e a coleta de dados realizada. O fator previsto para ponderação é 1 (resultados obtidos na coleta de dados). O intervalo de confiança estimado é de 95% e a margem de erro máxima estimada considerando um modelo de amostragem aleatório simples, é de aproximadamente 3,5 pontos percentuais para mais ou para menos sobre os resultados encontrados no total da amostra. FONTE DOS DADOS: IBGE/Censo 2022 para fins de densidade demográfica, setores censitários e alocação da amostra. IBGE/PNAD/PNADC/MEC/INEP para fins de Nível Econômico e Escolaridade. TSE FEVEREIRO/2026 para fins de Sexo, Faixa Etária e eleitorado por município ou regiões previamente definidas (importante ressaltar para o público leigo que os dados do TSE são os únicos corretos para gênero, idade dos eleitores e quantitativo de eleitores por municípios já que a base de dados se atualiza automaticamente, PORÉM, dados de escolaridade e nível econômico NÃO são corretos e confiáveis devido a desatualização que ocorre naturalmente com o passar dos anos). Definição de margem de erro e intervalo de confiança: Margem de erro e intervalo de confiança não são grandezas diretamente proporcionais. A SOMA NÃO TEM QUE RESULTAR 100%. ";"Após os trabalhos de coleta de dados, os questionários são submetidos a uma fiscalização, conferência e checagem de cerca de 20% (vinte por cento) dos questionários aplicados.";"A relação dos municípios sorteados ou selecionados para esta pesquisa será apresentada em arquivo anexo até 1 (um) dia após a divulgação desta pesquisa conforme §7º. do art. 2º. da Resolução-TSE nº. 23.600/2019. A área de abrangência desta pesquisa é o Estado DO AMAPÁ"
"28/09/2026";"05:46:54";2026;81;"Eleições Gerais 2026";"AP";"AP";"AMAPÁ";"AP059262026";"2026-08-21 11:04:28";"S";"52182942000131";"TOP COMERCIOS E SERVICOS LTDA";"F5 PESQUISAS E CONSULTORIA";"Deputado Estadual";"2026-08-20 00:00:00";"2026-08-24 00:00:00";"2026-08-27 00:00:00";310;"9081";"LUIS VALBER RIOS ARCANJO";"6000,00";"A pesquisa da Empresa F5 PESQUISA E CONSULTORA LTDA, registrada no Conselho Regional de Estatística da 7ª Região, sob o N. º 8806 será um levantamento estatístico por amostragem estratificada por distrito/bairro, sexo, faixa etária de idade, escolaridade, renda familiar e religião do entrevistado, nas áreas urbanas do município de Tartarugalzinho - AP. O universo da pesquisa será a população eleitoral das áreas urbanas da cidade de Tartarugalzinho - AP, a partir de 16 anos. Serão realizadas 310 (trezentos e dez) entrevistas, distribuídas de forma proporcional ao número de domicílios em cada distrito/bairro da área urbana e rural do município de Tartarugalzinho - AP. O município será dividido por distrito/bairro, os quais pertenceram à amostra, sendo amostrada as zonas urbanas e rurais da cidade pesquisada. Dentro da área urbana serão realizados sorteios dos setores censitários. Uma vez selecionado os setores, as entrevistas serão realizadas nos domicílios através de amostragem aleatória (dentro dos critérios técnicos de pesquisa eleitoral). A abordagem será domiciliar, ou seja, as entrevistas serão residenciais (face a face), sendo realizada uma entrevista por residência. O instrumento utilizado para a coleta será um questionário estruturado e padronizado de acordo com os objetivos da pesquisa que será devidamente preenchido por um pesquisador da empresa. A pesquisa será realizada no período de 19 de setembro a 23 de agosto de 2026. Nesta pesquisa, com relação às perguntas fechadas, os entrevistados não serão de forma alguma pressionados a escolher uma das opções. Será apresentado a cada entrevistado um cartão circular (DISCO) contendo os nomes estimulados.";"Plano Amostral: A amostra será estratificada por distritos e ou bairros, com partições proporcionais, ou seja, a amostra será distribuída, de forma proporcional ao número de domicílios existentes em cada distrito ou bairro. Serão utilizados para a amostra domiciliar, os dados do IBGE sobre a contagem da população do censo 2022. Sobre os resultados encontrados no campo serão realizadas ponderações por sexo e faixa etária, de acordo com os dados obtidos e divulgados pelo TSE/JUNHO de 2026 para o município de Tartarugalzinho - AP. Em relação ao nível de instrução será ponderado pelos dados do TSE/JUNHO de 2026, para o município de Tartarugalzinho - AP, e o nível econômico pelos dados do IBGE/Pesquisa Nacional por Amostra de Domicílios Contínua 2023. Sendo todas as ponderações de acordo os dados a seguir: Sexo %: Masculino 52%, Feminino 48% Total 100,0% Fonte: TSE/JUNHO 2026; Idade %: 16 a 24 anos 23,33%, 25 a 34 anos 23,71%, 35 a 44 anos 19,94%, 45 a 59 anos 20,43% e 60 anos e mais 12,60% Total 100,0% Fonte: TSE/junho de 2024. Grau de Instrução - (Escolaridade) %: Analfabeto 4,64%, Lê e escreve 7,87%, Ensino fundamental completo 4,6%, Ensino fundamental incompleto 32,61%, Ensino médio completo 19,01%, Ensino médio incompleto 31,97%, Superior completo 5,19%, Superior incompleto 2,59%, Total 100,0% Fonte: TSE/JUNHO 2026. Nível Econômico em Salários Mínimos (SM) %: Até 01 SM 71,8%, Mais de 01 até 02 SM 17,1%, Mais de 02 até 03 SM 4,2%, Mais de 03 até 05 SM 3,8%, Mais de 05 SM 1,7%, Sem rendimento 1,3%, Total 100,0% Fonte: IBGE/PNAD Contínua 2025. Intervalo de Confiança e a Margem de Erro: A amostra será de 310 (trezentos e dez) entrevistas domiciliares individuais, que permitirá inferência sobre o universo pesquisado com uma margem de erro amostral de 5,0% (cinco por cento), para mais ou para menos, dentro de um intervalo de confiança de 95% (noventa e cinco por cento), ou seja, que se faça 100 (cem) vezes a pesquisa em 95% (noventa e cinco por cento) dessas, chegará mesmo resultado.";"Todos os entrevistadores da Empresa F5 Pesquisas e Consultoria, são treinados e selecionados pela própria empresa em Santana - AP. Para o trabalho de campo cada entrevistador será devidamente identificado com crachá (nome, telefone e foto) e camiseta da Empresa. A pesquisa será realizada através de smartphones e ou tablets em ambiente web em um servidor CLOUD, que tem por objetivo realizar a integração entre o sistema de pesquisa SPSS à equipe de pesquisadores. Sendo a transmissão dos dados automática através de redes WIFI, 3G e 4G. A supervisão de campo será executada em tempo real, sendo disponibilizados para a garantia das informações, os locais onde elas foram realizadas, sendo as imagens disponibilizadas, após a transmissão dos dados, no Google mapas, garantindo a observação de todas as entrevistas. Os questionários (dados) serão submetidos a uma fiscalização de no mínimo 20,0 % (vinte por cento) de todas as entrevistas realizadas.";"Dados relativos aos municípios e bairros abrangidos pela pesquisa. Na ausência de delimitação do bairro, será identificada a área em que foi realizada a pesquisa (conforme §7º. do art. 2º. da Resolução-TSE nº. 23.600/2019, A partir do dia em que a pesquisa puder ser divulgada e até o dia seguinte, o registro deverá ser complementado, sob pena de ser a pesquisa considerada não registrada; na ausência de delimitação do bairro, será identificada a área em que foi realizada): Distrito/Bairro: Centro, Ayrton Senna, Nova Morada, Liberdade, Nova Planaltina, Jardim Floresta, Adelino Gurjão, Itaubal, Cedro, Bom Jesus, Tartarugal Grande, (demais setores não inclusos nos bairros e distritos estabelecido pelo IBGE no Censo 2022)"
"28/09/2026";"05:46:54";2026;81;"Eleições Gerais 2026";"AP";"AP";"AMAPÁ";"AP046612026";"2026-07-27 22:42:39";"S";"00654576000172";"INSTITUTO VERITA LTDA";"VERITA";"Governador, Senador";"2026-07-28 00:00:00";"2026-08-01 00:00:00";"2026-08-02 00:00:00";1030;"10699";"Guilherme Alvarenga Laia";"79310,00";"Estudo quantitativo voltado às Eleições 2026, realizado por meio de entrevistas individuais, aplicadas mediante questionário eletrônico estruturado e Unidade Automatizada de Respostas Audíveis e Auditáveis, por meio de ligações para telefones móveis (celulares). A inteligência artificial é empregada exclusivamente para a transcrição automatizada das respostas em áudio, não interferindo na formulação das perguntas, na condução das entrevistas, na coleta das informações, na interpretação das respostas ou no tratamento estatístico dos dados.

A participação dos eleitores é voluntária, espontânea e não remunerada. As respostas são prestadas por autodeclaração, sendo, em sua maioria, registradas por meio de códigos numéricos correspondentes às alternativas previamente definidas no questionário.

A utilização de sistema eletrônico automatizado para a coleta e o registro das respostas proporciona elevado nível de padronização operacional, reduz a possibilidade de interferência humana durante a realização das entrevistas, amplia a rastreabilidade e a auditabilidade de todo o processo de coleta e contribui para maior precisão, consistência e confiabilidade dos dados obtidos.

O plano amostral foi elaborado para assegurar a representatividade estatística do eleitorado da respectiva Unidade da Federação, observando critérios técnicos de seleção, distribuição e ponderação da amostra, quando aplicáveis.";"A pesquisa foi planejada para produzir uma amostra estatisticamente representativa do eleitorado desta UF, utilizando o método de Probabilidade Proporcional ao Tamanho (PPT), com plano amostral em múltiplos estágios. Na primeira etapa, a Unidade da Federação é estratificada em macrorregiões geográficas. Na segunda, os municípios de cada estrato são ordenados segundo seu porte populacional. Na terceira, os municípios são selecionados pelo método PPT. Na quarta, os respondentes são selecionados aleatoriamente entre eleitores aptos, observando-se a distribuição proporcional entre os municípios selecionados e as quotas estabelecidas para as variáveis de sexo, faixa etária, grau de instrução e nível econômico; as cotas são calculadas para a pesquisa completa, não para cada município isoladamente.

SEXO E FAIXA ETÁRIA - Fonte: Tribunal Superior Eleitoral (TSE), Perfil do Eleitorado, junho de 2026. Disponível em: https://sig.tse.jus.br/ords/dwapr/r/seai/sig-eleicao-eleitorado/painel-perfil-eleitorado. A ponderação observa a seguinte distribuição: Feminino de 16 a 34 anos: 21,7%; Masculino de 16 a 34 anos: 20,4%; Feminino de 35 a 54 anos: 19,4%; Masculino de 35 a 54 anos: 18%; Feminino com 55 anos ou mais: 10,2%; Masculino com 55 anos ou mais: 10,2%.

GRAU DE INSTRUÇÃO - Fonte: IBGE - PNAD Contínua 2025 (Tabela SIDRA nº 7135), disponível em: https://sidra.ibge.gov.br/tabela/7135#resultado. Os dados referem-se à população de 25 anos ou mais. A distribuição é: sem instrução 6,8%; ensino fundamental incompleto ou equivalente 18,5%; ensino fundamental completo ou equivalente 6,2%; ensino médio incompleto ou equivalente 4,9%; ensino médio completo ou equivalente 35,3%; ensino superior incompleto ou equivalente 4,7%; ensino superior completo 23,6%.

Considerando que o universo pesquisado compreende eleitores a partir de 16 anos, realizou-se adequação metodológica da variável escolaridade, incorporando a participação dos eleitores de 16 a 24 anos que ingressaram ou cursam o ensino superior, a menor taxa de resposta entre eleitores analfabetos e de menor escolaridade, a menor participação relativa do eleitorado com voto facultativo (especialmente acima de 70 anos), a expansão do acesso ao ensino superior por modalidades presenciais e a distância (EAD), bem como o viés de autodeclaração da escolaridade, resultando na ponderação final de 57% para eleitores com escolaridade até o ensino médio completo e de 43% para eleitores com ensino superior incompleto ou completo.

NÍVEL ECONÔMICO - RENDA FAMILIAR DO DOMICÍLIO - Fonte: PNAD Contínua Anual 2025. Considera-se a renda domiciliar total (trabalho formal e informal, aposentadorias, pensões, benefícios sociais e demais fontes), observando-se a seguinte distribuição: até 2 salários-mínimos: 49,4%; mais de 2 até 5 salários-mínimos: 30,9%; acima de 5 salários-mínimos: 19,7%.

Como indicador complementar da estrutura socioeconômica, utiliza-se a condição de atividade econômica da população, conforme IBGE - PNAD Contínua, primeiro trimestre de 2026, sendo 40,5% de população não economicamente ativa e 59,5% economicamente ativa. Na ausência dos dados estaduais foram usados dados da Grande Região.

Prevê-se eventual ponderação das variáveis de sexo, faixa etária, grau de instrução e nível econômico, caso sejam verificadas diferenças superiores à margem de erro entre a distribuição da amostra coletada e os parâmetros de referência adotados. Inicialmente, o fator de ponderação é igual a 1 (um), podendo ser recalculado sempre que necessário para assegurar a representatividade estatística da amostra.

O intervalo de confiança adotado é de 95%, com margem máxima estimada de erro de aproximadamente 3,5 pontos percentuais, para mais ou para menos, sobre os resultados do total da amostra, calculada segundo o modelo de amostragem aleatória simples e a hipótese de máxima variabilidade.
";"Após os trabalhos de coleta de dados, os questionários são submetidos a uma fiscalização, conferência e checagem de cerca de 20% (vinte por cento) dos questionários aplicados. Todas as entrevistas são integralmente registradas em áudio, permanecendo auditáveis e rastreáveis, permitindo a verificação da integridade do processo de coleta, preservado o sigilo das informações pessoais dos entrevistados e observadas as disposições da Lei Geral de Proteção de Dados Pessoais (Lei nº 13.709/2018).";"Em observância ao art. 2º, § 7º, da Resolução TSE nº 23.600/2019, com redação dada pela Resolução TSE nº 23.747/2026, a presente pesquisa terá seu registro complementado no Sistema de Registro de Pesquisas Eleitorais a partir da data em que sua divulgação for permitida e até o dia seguinte, com a identificação dos municípios em que foram realizadas as entrevistas, bem como da composição final da amostra quanto a gênero, idade, grau de instrução e nível econômico, na forma exigida pela legislação eleitoral vigente."
"28/09/2026";"05:46:54";2026;81;"Eleições Gerais 2026";"AP";"AP";"AMAPÁ";"AP043322026";"2026-09-26 17:14:02";"N";"34972238000109";"AMERICAN ANALYTICS DO BRASIL CONSULTORIA LTDA";"AMERICAN ANALYTICS";"Governador, Senador";"2026-09-27 00:00:00";"2026-10-01 00:00:00";"2026-10-02 00:00:00";1000;"11564";"GIOVANA RILLARY DA SILVA ROCHA";"30000,00";"Pesquisa quantitativa, com realização de entrevistas pessoais e aplicação de questionário estruturado junto a uma amostra representativa do eleitorado do estado do Amapá.";"A amostra será representativa do eleitorado da área de abrangência da pesquisa e será selecionada em três estágios. No primeiro estágio, será realizado o sorteio probabilístico dos municípios onde as entrevistas serão realizadas, por meio do método PPT (Probabilidade Proporcional ao Tamanho), considerando a população eleitora com 16 anos ou mais residente nos municípios como base para essa seleção. No segundo estágio, será realizado o sorteio probabilístico dos setores censitários onde as entrevistas serão realizadas, também por meio do método PPT (Probabilidade Proporcional ao Tamanho), tomando como base a população eleitora de 16 anos ou mais residente nos respectivos setores censitários. No terceiro estágio, a seleção do entrevistado dentro de cada setor censitário será feito por meio de cotas amostrais proporcionais, considerando as seguintes variáveis : GÊNERO: TSE -Julho de 2026 (https://sig.tse.jus.br/ords/dwapr/r/seai/sig-eleitor-eleitorado-mensal/cruzamento-eleitorado-mensal?p24_metricas=E&p24_back=22&p24_cruzamento_1=ds_sexo&clear=24&session=302250298393783) FEMININO 51,4% ; MASCULINO 48,6% ; FAIXA ETÁRIA: TSE - Julho de 2026 (https://sig.tse.jus.br/ords/dwapr/r/seai/sig-eleitor-eleitorado-mensal/cruzamento-eleitorado-mensal?p24_cruzamento_1=ds_faixa_etaria&p24_metricas=E&p24_back=22&clear=24&session=302250298393783) Entre 16 a 24 anos 17,98% ; Entre 25 a 34 anos 23,55% ; Entre 35 a 44 anos 20,83% ; Entre 45 a 59 anos 22,90% ; 60 anos ou mais 14,74% ; ESCOLARIDADE: TSE - julho de 2026 (https://sig.tse.jus.br/ords/dwapr/r/seai/sig-eleitor-eleitorado-mensal/cruzamento-eleitorado-mensal?p24_cruzamento_1=ds_grau_instrucao&p24_metricas=E&p24_back=22&clear=24&session=302250298393783 ) Sem Instrução até ensino fundamental completo: 32,6%; Ensino médio incompleto ou completo: 50,3%; Ensino superior incompleto ou completo: 17,1% ; ; RENDA DOMICILIAR MENSAL: IBGE - Censo 2.010 - (https://cidades.ibge.gov.br/brasil/ap/pesquisa/23/24304) Sem rendimentos até 2 salários mínimos: 48,4%; Mais de 2 a 5 salários mínimos: 28,8%; Mais de 5 salários mínimos: 22,8%. Observação: Conforme informações obtidas do Instituto Brasileiro de Geografia e Estatística - IBGE, o instituto não divulgou e não tem previsão de data para divulgação do perfil econômico (nível econômico) da população brasileira; portanto, os dados quanto ao nível econômico obtidos no Censo 2022 não podem ser utilizados, pois não foram publicados. (https://censo2022.ibge.gov.br/panorama/). Está prevista eventual ponderação para correção das variáveis gênero e faixa etária, com base nos percentuais acima apresentados, caso ocorram diferenças superiores a MARGEM DE ERRO definida entre a amostra prevista e a coleta realizada. Para as variáveis escolaridade e renda domiciliar mensal, o fator de ponderação será igual a 1, considerando-se os resultados obtidos em campo. Dentro do público-alvo anteriormente descrito, serão realizadas 1.000 (mil) entrevistados. O nível de confiança estimado é de 95% para uma margem de erro estimada, considerando uma técnica de amostragem aleatória simples (AAS), de aproximadamente 3,1 pontos percentuais para mais ou para menos sobre os resultados obtidos.";"Para a realização da pesquisa, serão conduzidas uma equipe de entrevistadores e supervisores credenciados e devidamente treinados pela empresa para esse tipo de pesquisa. Após os trabalhos de coleta dos dados, 100% dos questionários são criticados e passam por uma fiscalização de cerca de 20% (vinte por cento) dos questionários aplicados por cada entrevistador; passam por uma etapa de verificação da consistência das respostas e da adequação dos entrevistados aos parâmetros amostrais.";"#NULO#"
"28/09/2026";"05:46:54";2026;81;"Eleições Gerais 2026";"AP";"AP";"AMAPÁ";"AP094382026";"2026-08-19 18:57:27";"N";"22445600000104";"QUAEST PESQUISAS, CONSULTORIA E PROJETOS LTDA.";"#NULO#";"Governador, Senador";"2026-08-21 00:00:00";"2026-08-24 00:00:00";"2026-08-25 00:00:00";804;"6731";"Margarida Maria de Mendonca";"128841,00";"Pesquisa quantitativa, de survey, que consiste na realização de entrevistas pessoais, domiciliares e presenciais, conduzidas por profissionais treinados, com a aplicação de questionários estruturados a uma amostra representativa da população votante de 16 anos ou mais residente no estado do Amapá. O desenho amostral aplicado combina sorteio probabilístico de municípios e de setores censitários fornecidos pelo IBGE (unidades territoriais homogêneas, de tamanho similar a quadras ou blocos), dentro dos quais serão selecionadas pessoas respondentes por meio de cotas amostrais.";"O público pesquisado é composto por eleitores de 16 anos ou mais residentes na área de abrangência da pesquisa. Para produzir uma amostra representativa desse público-alvo, utilizamos um desenho amostral por conglomerados que prevê três estágios. No primeiro estágio, é feito um sorteio probabilístico de municípios para comporem a amostra por meio do método PPT (Probabilidade Proporcional ao Tamanho) a partir de suas populações votantes acima de 16 anos. Dentro da lista de municípios sorteados, no segundo estágio, é realizado um sorteio probabilístico por meio do método PPT (Probabilidade Proporcional ao Tamanho) de setores censitários a serem visitados pelos entrevistadores, sorteio que tem como base o total de habitantes residentes nos setores de acordo com dados do Censo de 2022, o que garante a dispersão aleatória e estatística da amostra dentro dos territórios municipais, independentemente de divisões administrativas. Finalmente, dentro da lista de setores censitários sorteados, no último estágio são selecionados domicílios e pessoas a serem entrevistadas utilizando-se cotas amostrais para as seguintes variáveis: sexo, idade, renda familiar e escolaridade. O perfil da amostra, definido pelas cotas previstas, é o seguinte:

Sexo: Masculino (49%); Feminino (51%). 
Faixa etária: 16-34 anos (42%); 35-59 anos (44%); 60 ou mais (14%). 
Renda domiciliar total, incluindo pensões, benefícios e rendimentos de trabalhos informais: Até 2 salários-mínimos (37%); Mais de 2 a 5 salários-mínimos (37%); Mais de 5 salários-mínimos (26%). 
Nível de instrução: Até Fundamental completo ou médio incompleto (36%); Médio completo ou superior incompleto (44%); Superior completo ou mais (20%). 

Fonte dos dados: para a distribuição de sexo e idade, TSE-Tribunal Superior Eleitoral - julho/2026; para a malha de setores censitários, Censo 2022 (IBGE); para a distribuição de renda domiciliar, PNADc Anual 2025, 1ª visita (IBGE); e, para a distribuição de escolaridade/instrução, PNADc trimestral 1-2026 (IBGE). A PNADc é utilizada por ser a fonte oficial mais atualizada de rendimentos do país, incluindo rendimentos informais, pensões, entre outros, e corrigindo as defasagens temporais do Censo 2022, além de ser a fonte mais atualizada de nível de instrução da população com 16 anos ou mais dada ausência de atualização obrigatória da escolaridade no registro de eleitores do TSE.

Está prevista eventual pós-estratificação da amostra, por meio de algoritmos de calibração (rake) e modelos (MrP), para correção de estimativas e das distribuições das variáveis sexo, idade, renda familiar e escolaridade, com base nos percentuais anteriormente mencionados, caso ocorram diferenças entre os percentuais previstos na amostra e a coleta de dados realizada. 

Dentro do público-alvo anteriormente descrito, serão realizadas 804 entrevistas. O nível de confiança das estimativas é de 95% e a margem de erro máxima prevista, atendendo às diretivas do TSE e usando o cálculo para amostra aleatória simples (AAS) como aproximação, é de cerca de 3 pontos percentuais para mais ou para menos em relação aos totais da amostra.
";"As entrevistas serão realizadas por uma equipe de entrevistadores devidamente qualificada, com experiência e treinamento em pesquisa de opinião pública. Todo trabalho é feito em tablets ou outros dispositivos eletrônicos. Após a realização da coleta de dados, as entrevistas junto aos respondentes são checadas por meio de procedimentos de consistência e de georreferenciamento dos locais de aplicação em tempo real. Adicionalmente, ao longo e após os trabalhos de campo, é realizada uma fiscalização que consiste na checagem de áudio de uma amostra de 30% dos questionários aplicados para verificação das respostas e da adequação dos entrevistados aos parâmetros amostrais.
";"A área de abrangência da coleta é o território do estado do Amapá. A relação do número de pessoas pesquisadas nas áreas de aplicação da pesquisa, discriminadas por município, bairros e setores censitários a partir dos identificadores utilizados pelo IBGE, além da composição do eleitorado entrevistado na área de abrangência quanto a gênero, idade, grau de instrução e nível econômico, constará em anexo. O mapa com os códigos destes setores censitários e as áreas que delimitam no país todo podem ser conferidos na seguinte fonte oficial: https://censo2022.ibge.gov.br/panorama/mapas.html?localidade=&recorte=setores_censitarios
"
"28/09/2026";"05:46:54";2026;81;"Eleições Gerais 2026";"AP";"AP";"AMAPÁ";"AP040002026";"2026-09-02 22:33:41";"S";"22345021000181";"REAL TIME MIDIA LTDA";"REAL TIME BIG DATA";"Governador, Senador";"2026-09-03 00:00:00";"2026-09-07 00:00:00";"2026-09-08 00:00:00";1600;"10839";"Isabela Zara Cremoneze";"24000,00";"Pesquisa quantitativa, que consiste na realização de entrevistas com eleitores do universo a ser explorado, feitas em combinação mista por entrevistadores humanos e recursos de inteligência artificial, com a aplicação de questionário estruturado com abordagens telefônicas e digitais junto a uma amostra representativa do eleitorado em estudo. Pesquisa realizada no Estado do Amapá (AP).";"Representativo do eleitorado da área em estudo, elaborada em três estágios.
No primeiro estágio, realiza-se um sorteio probabilístico dos municípios onde as entrevistas serão realizadas, pelo método PPT (Probabilidade Proporcional ao Tamanho), tomando a população eleitora de 16 anos ou mais residente nos municípios como base para essa seleção.
No segundo estágio, efetua-se um sorteio probabilístico das localidades dentro dos municípios selecionados, também pelo método PPT (Probabilidade Proporcional ao Tamanho), considerando a população eleitora de 16 anos ou mais residente nessas localidades como base para a seleção.
No terceiro e último estágio, dentro das localidades sorteadas, os respondentes são selecionados por meio de quotas amostrais proporcionais, em função de variáveis significativas, a saber:

GÊNERO:
Feminino: 51,38%;
Masculino: 48,62%.
(Fonte: TSE, Agosto/2026 -- https://sig.tse.jus.br/ords/dwapr/r/seai/sig-eleitor-eleitorado-mensal/cruzamento-eleitorado-mensal?p24_metricas=E&p24_back=22&p24_cruzamento_1=ds_sexo&clear=24&session=201604376273609)
FAIXA ETÁRIA:
16 anos: 1,02%;
17 anos: 1,48%;
18 a 20 anos: 6,31%;
21 a 24 anos: 9,15%;
25 a 34 anos: 23,56%;
35 a 44 anos: 20,84%;
45 a 59 anos: 22,90%;
60 a 69 anos: 8,42%;
70 a 79 anos: 4,30%;
Superior a 79 anos: 2,01%.
(Fonte: TSE, Agosto/2026 -- https://sig.tse.jus.br/ords/dwapr/r/seai/sig-eleitor-eleitorado-mensal/cruzamento-eleitorado-mensal?p24_cruzamento_1=ds_faixa_etaria&p24_metricas=E&p24_back=22&clear=24&session=201604376273609)
ESCOLARIDADE:
Analfabeto: 3,23%;
Lê e Escreve: 4,41%;
Ensino Fundamental Incompleto: 19,77%;
Ensino Fundamental Completo: 5,18%;
Ensino Médio Incompleto: 22,13%;
Ensino Médio Completo: 28,15%;
Ensino Superior Incompleto: 7,00%;
Ensino Superior Completo: 10,13%.
(Fonte: TSE, Agosto/2026 -- https://sig.tse.jus.br/ords/dwapr/r/seai/sig-eleitor-eleitorado-mensal/cruzamento-eleitorado-mensal?p24_cruzamento_1=ds_grau_instrucao&p24_metricas=E&p24_back=22&clear=24&session=201604376273609)

RENDA DOMICILIAR MENSAL:
Sem rendimento: 5,3%;
Até 1/2 Salário Mínimo: 3,9%;
Mais de 1/2 a 1 Salário Mínimo: 15,7%;
Mais de 1 a 2 Salários Mínimos: 23,6%;
Mais de 2 a 5 Salários Mínimos: 28,8%;
Mais de 5 a 10 Salários Mínimos: 14,1%;
Mais de 10 a 20 Salários Mínimos: 6,4%;
Mais de 20 Salários Mínimos: 2,3%.
(Fonte: IBGE (Censo/2010) -- https://cidades.ibge.gov.br/brasil/ap/pesquisa/23/24304?detalhes=true)

Observação: De acordo com informações do Instituto Brasileiro de Geografia e Estatística (IBGE), não há previsão de data para a divulgação do perfil econômico da população brasileira do CENSO 2022. Portanto, os dados sobre o nível econômico obtidos no Censo 2022 não podem ser utilizados, pois ainda não foram publicados.
Está prevista eventual ponderação para correção das variáveis sexo e idade, com base nos percentuais anteriormente mencionados, caso ocorram diferenças superiores a 3 pontos percentuais entre o previsto na amostra e a coleta de dados realizada. Para as variáveis de grau de instrução e nível econômico do entrevistado, o fator previsto para ponderação é 1 (resultados obtidos em campo). O nível de confiança estimado é de 95% e a margem de erro máxima estimada considerando um modelo de amostragem aleatório simples, é de aproximadamente 2 (dois) pontos percentuais para mais ou para menos sobre os resultados encontrados no total da amostra.";"O trabalho de coleta de dados é acompanhado por supervisores humanos. São selecionados aleatoriamente 15% (quinze por cento) dos questionários para uma verificação posterior e, em caso de dúvida, o formulário é descartado e o responsável pela coleta chamado para esclarecimentos. Há uma equipe especializada que confere os dados à exaustão com objetivo de averiguar e aferir os resultados coletados.";"O anexo do arquivo com os bairros será realizado até o dia seguinte da divulgação conforme indicado no §7º. do art. 2º. da Resolução-TSE nº. 23.600/2019."
"28/09/2026";"05:46:54";2026;81;"Eleições Gerais 2026";"AP";"AP";"AMAPÁ";"AP098152026";"2026-06-30 22:02:31";"S";"00654576000172";"INSTITUTO VERITA LTDA";"VERITA";"Governador, Senador";"2026-07-01 00:00:00";"2026-07-05 00:00:00";"2026-07-06 00:00:00";1030;"10699";"Guilherme Alvarenga Laia";"79310,00";"Pesquisa quantitativa, que consiste na realização de entrevistas, com a aplicação de questionário estruturado junto a uma amostra representativa do eleitorado desta Unidade da Federação.";"ESTUDO REPRESENTATIVO DO ELEITORADO DO ESTADO DO AMAPÁ - MÉTODO PPT (Probabilidade Proporcional ao Tamanho) - PLANO AMOSTRAL E PONDERAÇÃO QUANTO A SEXO, IDADE, GRAU DE INSTRUÇÃO E NÍVEL ECONÔMICO DO ENTREVISTADO; INTERVALO DE CONFIANÇA E MARGEM DE ERRO: Representativo do eleitorado da área em estudo, elaborada, em vários estágios, da seguinte forma: - 1. Divisão da UF em estratos proporcionais de municípios. 2. Ordenação dos municípios de cada estrato segundo o porte. 3. Sorteio dos municípios de cada estrato. 4. Os respondentes são selecionados através de quotas amostrais proporcionais em função de variáveis significativas, a saber: GÊNERO / FAIXA ETÁRIA - FEMININO E MASCULINO 16 A 34 ANOS 21,2% E 19,9%, 35 A 54 ANOS 19,9% E 18,4%, 55 ANOS OU MAIS 10,3% E 10,3%. GRAU DE INSTRUÇÃO ¿ FEMININO E MASCULINO Sem instrução até Ensino Médio completo 57%, Ensino superior incompleto e completo 43% NÍVEL ECONÔMICO - FEMININO população não economicamente ativa 46,5% população economicamente ativa 53,5% MASCULINO população não economicamente ativa 27,2% população economicamente ativa 72,8%. RENDA FAMILIAR DO DOMICÍLIO renda familiar de até 2 salários-mínimos 30,7%; de 2 a 5 salários-mínimos 44,2%, acima de 5 salários-mínimos 25,1%. Está prevista eventual ponderação para correção das variáveis, com base nos percentuais anteriormente mencionados, caso ocorram diferenças superiores a margem de erro da pesquisa previsto entre a amostra e a coleta de dados realizada. O fator previsto para ponderação é 1 (resultados obtidos na coleta de dados). O intervalo de confiança estimado é de 95% e a margem de erro máxima estimada considerando um modelo de amostragem aleatório simples, é de aproximadamente 3,5 pontos percentuais para mais ou para menos sobre os resultados encontrados no total da amostra. FONTE DOS DADOS: IBGE/Censo 2022 para fins de densidade demográfica, setores censitários e alocação da amostra. IBGE/PNAD/PNADC/MEC/INEP para fins de Nível Econômico e Escolaridade. TSE FEVEREIRO/2026 para fins de Sexo, Faixa Etária e eleitorado por município ou regiões previamente definidas (importante ressaltar para o público leigo que os dados do TSE são os únicos corretos para gênero, idade dos eleitores e quantitativo de eleitores por municípios já que a base de dados se atualiza automaticamente, PORÉM, dados de escolaridade e nível econômico NÃO são corretos e confiáveis devido a desatualização que ocorre naturalmente com o passar dos anos). Definição de margem de erro e intervalo de confiança: Margem de erro e intervalo de confiança não são grandezas diretamente proporcionais. A SOMA NÃO TEM QUE RESULTAR 100%. ";"Após os trabalhos de coleta de dados, os questionários são submetidos a uma fiscalização, conferência e checagem de cerca de 20% (vinte por cento) dos questionários aplicados.";"A relação dos municípios sorteados ou selecionados para esta pesquisa será apresentada em arquivo anexo até 1 (um) dia após a divulgação desta pesquisa conforme §7º. do art. 2º. da Resolução-TSE nº. 23.600/2019. A área de abrangência desta pesquisa é o Estado DO AMAPÁ"
"28/09/2026";"05:46:54";2026;81;"Eleições Gerais 2026";"AP";"AP";"AMAPÁ";"AP029702026";"2026-07-18 19:09:26";"S";"22345021000181";"REAL TIME MIDIA LTDA";"REAL TIME BIG DATA";"Governador, Senador";"2026-07-19 00:00:00";"2026-07-23 00:00:00";"2026-07-24 00:00:00";1600;"10839";"Isabela Zara Cremoneze";"24000,00";"Pesquisa quantitativa, que consiste na realização de entrevistas com eleitores do universo a ser explorado, feitas em combinação mista por entrevistadores humanos e recursos de inteligência artificial, com a aplicação de questionário estruturado com abordagens telefônicas e digitais junto a uma amostra representativa do eleitorado em estudo. Pesquisa realizada no Estado do Amapá (AP).";"Representativo do eleitorado da área em estudo, elaborada em três estágios. 
No primeiro estágio, realiza-se um sorteio probabilístico dos municípios onde as entrevistas serão realizadas, pelo método PPT (Probabilidade Proporcional ao Tamanho), tomando a população eleitora de 16 anos ou mais residente nos municípios como base para essa seleção.
No segundo estágio, efetua-se um sorteio probabilístico das localidades dentro dos municípios selecionados, também pelo método PPT (Probabilidade Proporcional ao Tamanho), considerando a população eleitora de 16 anos ou mais residente nessas localidades como base para a seleção.
No terceiro e último estágio, dentro das localidades sorteadas, os respondentes são selecionados por meio de quotas amostrais proporcionais, em função de variáveis significativas, a saber:

GÊNERO:
Feminino: 51,38%;
Masculino: 48,62%.
(Fonte: TSE, Junho/2026 -- https://sig.tse.jus.br/ords/dwapr/r/seai/sig-eleitor-eleitorado-mensal/cruzamento-eleitorado-mensal?p24_metricas=E&p24_back=22&p24_cruzamento_1=ds_sexo&clear=24&session=201604376273609)
FAIXA ETÁRIA:
16 anos: 1,19%;
17 anos: 1,61%;
18 a 20 anos: 6,44%;
21 a 24 anos: 9,18%;
25 a 34 anos: 23,55%;
35 a 44 anos: 20,86%;
45 a 59 anos: 22,69%;
60 a 69 anos: 8,31%;
70 a 79 anos: 4,22%;
Superior a 79 anos: 1,95%.
(Fonte: TSE, Junho/2026 -- https://sig.tse.jus.br/ords/dwapr/r/seai/sig-eleitor-eleitorado-mensal/cruzamento-eleitorado-mensal?p24_cruzamento_1=ds_faixa_etaria&p24_metricas=E&p24_back=22&clear=24&session=201604376273609)
ESCOLARIDADE:
Analfabeto: 3,23%;
Lê e Escreve: 4,41%;
Ensino Fundamental Incompleto: 19,77%;
Ensino Fundamental Completo: 5,18%;
Ensino Médio Incompleto: 22,13%;
Ensino Médio Completo: 28,15%;
Ensino Superior Incompleto: 7,00%;
Ensino Superior Completo: 10,13%.
(Fonte: TSE, Junho/2026 -- https://sig.tse.jus.br/ords/dwapr/r/seai/sig-eleitor-eleitorado-mensal/cruzamento-eleitorado-mensal?p24_cruzamento_1=ds_grau_instrucao&p24_metricas=E&p24_back=22&clear=24&session=201604376273609)

RENDA DOMICILIAR MENSAL:
Sem rendimento: 5,3%;
Até 1/2 Salário Mínimo: 3,9%;
Mais de 1/2 a 1 Salário Mínimo: 15,7%;
Mais de 1 a 2 Salários Mínimos: 23,6%;
Mais de 2 a 5 Salários Mínimos: 28,8%;
Mais de 5 a 10 Salários Mínimos: 14,1%;
Mais de 10 a 20 Salários Mínimos: 6,4%;
Mais de 20 Salários Mínimos: 2,3%.
(Fonte: IBGE (Censo/2010) -- https://cidades.ibge.gov.br/brasil/ap/pesquisa/23/24304?detalhes=true)

Observação: De acordo com informações do Instituto Brasileiro de Geografia e Estatística (IBGE), não há previsão de data para a divulgação do perfil econômico da população brasileira do CENSO 2022. Portanto, os dados sobre o nível econômico obtidos no Censo 2022 não podem ser utilizados, pois ainda não foram publicados.
Está prevista eventual ponderação para correção das variáveis sexo e idade, com base nos percentuais anteriormente mencionados, caso ocorram diferenças superiores a 3 pontos percentuais entre o previsto na amostra e a coleta de dados realizada. Para as variáveis de grau de instrução e nível econômico do entrevistado, o fator previsto para ponderação é 1 (resultados obtidos em campo). O nível de confiança estimado é de 95% e a margem de erro máxima estimada considerando um modelo de amostragem aleatório simples, é de aproximadamente 2 (dois) pontos percentuais para mais ou para menos sobre os resultados encontrados no total da amostra.
";"O trabalho de coleta de dados é acompanhado por supervisores humanos. São selecionados aleatoriamente 15% (quinze por cento) dos questionários para uma verificação posterior e, em caso de dúvida, o formulário é descartado e o responsável pela coleta chamado para esclarecimentos. Há uma equipe especializada que confere os dados à exaustão com objetivo de averiguar e aferir os resultados coletados.";"O anexo do arquivo com os bairros será realizado até o dia seguinte da divulgação conforme indicado no §7º. do art. 2º. da Resolução-TSE nº. 23.600/2019.

"
"28/09/2026";"05:46:54";2026;81;"Eleições Gerais 2026";"AP";"AP";"AMAPÁ";"AP053822026";"2026-08-23 20:57:27";"S";"00654576000172";"INSTITUTO VERITA LTDA";"VERITA";"Governador, Senador";"2026-08-24 00:00:00";"2026-08-28 00:00:00";"2026-08-29 00:00:00";1030;"10699";"Guilherme Alvarenga Laia";"79310,00";"Estudo quantitativo voltado às Eleições 2026, realizado por meio de entrevistas individuais, aplicadas mediante questionário eletrônico estruturado e Unidade Automatizada de Respostas Audíveis e Auditáveis, por meio de ligações para telefones móveis (celulares). A inteligência artificial é empregada exclusivamente para a transcrição automatizada das respostas em áudio, não interferindo na formulação das perguntas, na condução das entrevistas, na coleta das informações, na interpretação das respostas ou no tratamento estatístico dos dados.

A participação dos eleitores é voluntária, espontânea e não remunerada. As respostas são prestadas por autodeclaração, sendo, em sua maioria, registradas por meio de códigos numéricos correspondentes às alternativas previamente definidas no questionário.

A utilização de sistema eletrônico automatizado para a coleta e o registro das respostas proporciona elevado nível de padronização operacional, reduz a possibilidade de interferência humana durante a realização das entrevistas, amplia a rastreabilidade e a auditabilidade de todo o processo de coleta e contribui para maior precisão, consistência e confiabilidade dos dados obtidos.

O plano amostral foi elaborado para assegurar a representatividade estatística do eleitorado da respectiva Unidade da Federação, observando critérios técnicos de seleção, distribuição e ponderação da amostra, quando aplicáveis.
";"A pesquisa foi planejada para produzir uma amostra estatisticamente representativa do eleitorado do estado DO AMAPÁ, utilizando o método de Probabilidade Proporcional ao Tamanho (PPT), com plano amostral em múltiplos estágios. Na primeira etapa, esta Unidade da Federação é dividida em macrorregiões, de forma a assegurar adequada distribuição territorial da amostra e representação das diferentes características geográficas, demográficas e eleitorais. Na segunda etapa, os municípios de cada estrato são ordenados segundo seu porte populacional e eleitoral e sorteados. Na terceira etapa, os respondentes são selecionados entre os eleitores aptos residentes nos municípios sorteados, observando-se a distribuição proporcional da amostra e as cotas estabelecidas para as variáveis de sexo, faixa etária, grau de instrução e nível econômico. As cotas são estabelecidas para a pesquisa completa, considerando a composição do eleitorado e os parâmetros oficiais de referência, não sendo aplicadas isoladamente a cada município selecionado.

SEXO E FAIXA ETÁRIA - Fonte: Tribunal Superior Eleitoral (TSE), Perfil do Eleitorado, junho de 2026. Feminino de 16 a 34 anos: 21,7%; Masculino de 16 a 34 anos: 20,4%; Feminino de 35 a 54 anos: 19,4%; Masculino de 35 a 54 anos: 18%; Feminino com 55 anos ou mais: 10,2%; Masculino com 55 anos ou mais: 10,2%. Os parâmetros de sexo e idade têm como referência o cadastro eleitoral brasileiro atualizado pelo Tribunal Superior Eleitoral, considerando o universo de eleitores aptos com 16 anos ou mais.

GRAU DE INSTRUÇÃO - Fonte: IBGE - Pesquisa Nacional por Amostra de Domicílios Contínua - PNAD Contínua, anual 2025. A distribuição é: sem instrução 6,8%; ensino fundamental incompleto ou equivalente 18,5%; ensino fundamental completo ou equivalente 6,2%; ensino médio incompleto ou equivalente 4,9%; ensino médio completo ou equivalente 35,3%; ensino superior incompleto ou equivalente 4,7%; ensino superior completo 23,6%. A PNAD Contínua é utilizada como referência por constituir a fonte oficial mais atualizada para a mensuração do nível de instrução da população brasileira, sua utilização também corrige limitações decorrentes da ausência de atualização obrigatória e contínua das informações de escolaridade no cadastro eleitoral do Tribunal Superior Eleitoral.

NÍVEL ECONÔMICO - RENDA FAMILIAR DO DOMICÍLIO - Fonte: IBGE - PNAD Contínua Anual 2025, 1ª visita.  Considera-se a renda domiciliar total, compreendendo rendimentos provenientes de trabalho formal e informal, aposentadorias, pensões, benefícios sociais e demais fontes de renda existentes no domicílio.  observando-se a seguinte distribuição: renda familiar de até 2 salários-mínimos 49,4%; de 2 a 5 salários-mínimos 30,9%, acima de 5 salários-mínimos 19,7%.

PONDERAÇÃO E CALIBRAÇÃO DA AMOSTRA - Prevê-se eventual ponderação das variáveis de sexo, faixa etária, grau de instrução e nível econômico, caso sejam verificadas diferenças relevantes entre a distribuição da amostra efetivamente coletada e os parâmetros populacionais de referência adotados. Inicialmente, o fator de ponderação é igual a 1 (um), podendo ser recalculado sempre que necessário para assegurar a representatividade estatística da amostra.
INTERVALO DE CONFIANÇA E MARGEM DE ERRO - O intervalo de confiança adotado é de 95%, com margem máxima estimada de erro de aproximadamente 3,5 pontos percentuais, para mais ou para menos, sobre os resultados do total da amostra, calculada segundo o modelo de amostragem aleatória simples e a hipótese de máxima variabilidade.
";"Após os trabalhos de coleta de dados, os questionários são submetidos a uma fiscalização, conferência e checagem de cerca de 20% (vinte por cento) dos questionários aplicados. Todas as entrevistas são integralmente registradas em áudio, permanecendo auditáveis e rastreáveis, permitindo a verificação da integridade do processo de coleta, preservado o sigilo das informações pessoais dos entrevistados e observadas as disposições da Lei Geral de Proteção de Dados Pessoais (Lei nº 13.709/2018).";"Em observância ao art. 2º, § 7º, da Resolução TSE nº 23.600/2019, com redação dada pela Resolução TSE nº 23.747/2026, a presente pesquisa terá seu registro complementado no Sistema de Registro de Pesquisas Eleitorais a partir da data em que sua divulgação for permitida e até o dia seguinte, com a identificação dos municípios em que foram realizadas as entrevistas, bem como da composição final da amostra quanto a gênero, idade, grau de instrução e nível econômico, na forma exigida pela legislação eleitoral vigente."
"28/09/2026";"05:46:54";2026;81;"Eleições Gerais 2026";"AP";"AP";"AMAPÁ";"AP061902026";"2026-09-10 21:21:50";"S";"00654576000172";"INSTITUTO VERITA LTDA";"VERITA";"Governador, Senador";"2026-09-10 00:00:00";"2026-09-15 00:00:00";"2026-09-16 00:00:00";1030;"10699";"Guilherme Alvarenga Laia";"79310,00";"Estudo quantitativo voltado às Eleições 2026, realizado por meio de entrevistas individuais, aplicadas mediante questionário eletrônico estruturado e Unidade Automatizada de Respostas Audíveis e Auditáveis, por meio de ligações para telefones móveis (celulares). A inteligência artificial é empregada exclusivamente para a transcrição automatizada das respostas em áudio, não interferindo na formulação das perguntas, na condução das entrevistas, na coleta das informações, na interpretação das respostas ou no tratamento estatístico dos dados.

A participação dos eleitores é voluntária, espontânea e não remunerada. As respostas são prestadas por autodeclaração, sendo, em sua maioria, registradas por meio de códigos numéricos correspondentes às alternativas previamente definidas no questionário.

A utilização de sistema eletrônico automatizado para a coleta e o registro das respostas proporciona elevado nível de padronização operacional, reduz a possibilidade de interferência humana durante a realização das entrevistas, amplia a rastreabilidade e a auditabilidade de todo o processo de coleta e contribui para maior precisão, consistência e confiabilidade dos dados obtidos.

O plano amostral foi elaborado para assegurar a representatividade estatística do eleitorado da respectiva Unidade da Federação, observando critérios técnicos de seleção, distribuição e ponderação da amostra, quando aplicáveis.";"A pesquisa foi planejada para produzir uma amostra estatisticamente representativa do eleitorado do estado DO AMAPÁ, utilizando o método de Probabilidade Proporcional ao Tamanho (PPT), com plano amostral em múltiplos estágios. Na primeira etapa, esta Unidade da Federação é dividida em macrorregiões, de forma a assegurar adequada distribuição territorial da amostra e representação das diferentes características geográficas, demográficas e eleitorais. Na segunda etapa, os municípios de cada estrato são ordenados segundo seu porte populacional e eleitoral e sorteados. Na terceira etapa, os respondentes são selecionados entre os eleitores aptos residentes nos municípios sorteados, observando-se a distribuição proporcional da amostra e as cotas estabelecidas para as variáveis de sexo, faixa etária, grau de instrução e nível econômico. As cotas são estabelecidas para a pesquisa completa, considerando a composição do eleitorado e os parâmetros oficiais de referência, não sendo aplicadas isoladamente a cada município selecionado.

SEXO E FAIXA ETÁRIA - Fonte: Tribunal Superior Eleitoral (TSE), Perfil do Eleitorado, junho de 2026. Feminino de 16 a 34 anos: 21,7%; Masculino de 16 a 34 anos: 20,4%; Feminino de 35 a 54 anos: 19,4%; Masculino de 35 a 54 anos: 18%; Feminino com 55 anos ou mais: 10,2%; Masculino com 55 anos ou mais: 10,2%. Os parâmetros de sexo e idade têm como referência o cadastro eleitoral brasileiro atualizado pelo Tribunal Superior Eleitoral, considerando o universo de eleitores aptos com 16 anos ou mais.

GRAU DE INSTRUÇÃO - Fonte: IBGE - PNAD Contínua Anual 2025. A distribuição é: sem instrução 5,3%; ensino fundamental incompleto ou equivalente 18,5%; ensino fundamental completo ou equivalente 7,7%; ensino médio incompleto ou equivalente 8,8%; ensino médio completo ou equivalente 34,5%; ensino superior incompleto ou equivalente 6,3%; ensino superior completo 18,9%. Para não confundir os respondentes as faixas de escolaridade no questionário foram agrupadas em 3 faixas: até ensino fundamental incompleto e completo, ensino médio incompleto e completo e superior incompleto, completo ou mais. A PNAD Contínua é utilizada como referência por constituir a fonte oficial mais atualizada para a mensuração do nível de instrução da população brasileira, sua utilização também corrige limitações decorrentes da ausência de atualização obrigatória e contínua das informações de escolaridade no cadastro eleitoral do Tribunal Superior Eleitoral.

NÍVEL ECONÔMICO - RENDA FAMILIAR DO DOMICÍLIO - Fonte: IBGE - PNAD Contínua Anual 2025. Considera-se a renda domiciliar total, compreendendo rendimentos provenientes de trabalho formal e informal, aposentadorias, pensões, benefícios sociais e demais fontes de renda existentes no domicílio. observando-se a seguinte distribuição: renda familiar de até 2 salários-mínimos 49,4%; de 2 a 5 salários-mínimos 30,9%, acima de 5 salários-mínimos 19,7%.

PONDERAÇÃO E CALIBRAÇÃO DA AMOSTRA - Prevê-se eventual ponderação das variáveis de sexo, faixa etária, grau de instrução e nível econômico, caso sejam verificadas diferenças relevantes entre a distribuição da amostra efetivamente coletada e os parâmetros populacionais de referência adotados. Inicialmente, o fator de ponderação é igual a 1 (um), podendo ser recalculado sempre que necessário para assegurar a representatividade estatística da amostra.
INTERVALO DE CONFIANÇA E MARGEM DE ERRO - O intervalo de confiança adotado é de 95%, com margem máxima estimada de erro de aproximadamente 3,5 pontos percentuais, para mais ou para menos, sobre os resultados do total da amostra, calculada segundo o modelo de amostragem aleatória simples e a hipótese de máxima variabilidade.";"Após os trabalhos de coleta de dados, os questionários são submetidos a uma fiscalização, conferência e checagem de cerca de 20% (vinte por cento) dos questionários aplicados. Todas as entrevistas são integralmente registradas em áudio, permanecendo auditáveis e rastreáveis, permitindo a verificação da integridade do processo de coleta, preservado o sigilo das informações pessoais dos entrevistados e observadas as disposições da Lei Geral de Proteção de Dados Pessoais (Lei nº 13.709/2018).";"Em observância ao art. 2º, § 7º, da Resolução TSE nº 23.600/2019, com redação dada pela Resolução TSE nº 23.747/2026, a presente pesquisa terá seu registro complementado no Sistema de Registro de Pesquisas Eleitorais a partir da data em que sua divulgação for permitida e até o dia seguinte, com a identificação dos municípios em que foram realizadas as entrevistas, bem como da composição final da amostra quanto a gênero, idade, grau de instrução e nível econômico, na forma exigida pela legislação eleitoral vigente."
"28/09/2026";"05:46:54";2026;81;"Eleições Gerais 2026";"AP";"AP";"AMAPÁ";"AP011522026";"2026-09-09 23:24:11";"S";"52182942000131";"TOP COMERCIOS E SERVICOS LTDA";"F5 PESQUISAS E CONSULTORIA";"Governador, Senador, Deputado Federal, Deputado Estadual";"2026-09-10 00:00:00";"2026-09-14 00:00:00";"2026-09-15 00:00:00";1065;"9081";"LUIS VALBER RIOS ARCANJO";"12000,00";"A pesquisa da Empresa F5 PESQUISA E CONSULTORA LTDA, registrada no Conselho Regional de Estatística da 7ª Região, sob o N. º 8806 será um levantamento
estatístico por amostragem estratificada por cidade/bairro/setor censitário, sexo, faixa etária de idade, escolaridade, renda familiar e religião do entrevistado, nas áreas urbanas e rural do estado do Amapá.
O universo da pesquisa será a população eleitoral das áreas urbanas e rural do estado do Amapá, a partir de 16 anos.

Serão realizadas 1065 (mil e sessenta e cinco) entrevistas, distribuídas de forma proporcional ao número de eleitores em cada cidade do estado do Amapá. Dentro da área urbanas e rural serão realizados sorteios dos setores
censitários. Uma vez selecionado os setores, as entrevistas serão realizadas nos domicílios através de amostragem aleatória (dentro dos critérios técnicos de pesquisa eleitoral). A abordagem será domiciliar, ou seja, as entrevistas serão residenciais (face a face), sendo realizada uma entrevista por residência. O
instrumento utilizado para a coleta será um questionário estruturado e padronizado de acordo com os objetivos da pesquisa, que será devidamente preenchido por um pesquisador treinado pela empresa. A pesquisa será
realizada no período de 10 a 14 de setembro de 2026. Nesta pesquisa, com relação às perguntas fechadas, os entrevistados não serão de forma alguma pressionados a escolher uma das opções. Será apresentado a cada entrevistado um cartão circular (DISCO) contendo os nomes estimulados";"Plano Amostral: A amostra será estratificada por cidades, com partições proporcionais, ou seja, a amostra será distribuída, de forma proporcional ao número de eleitores existentes em cada cidade. Serão utilizados para a amostra domiciliar, os dados do IBGE sobre a contagem da população do
censo 2022. Sobre os resultados encontrados no campo serão realizadas ponderações por sexo e faixa etária, de acordo com os dados obtidos e divulgados pelo TSE/JULHO DE 2026, para o estado do Amapá. Em relação ao nível de instrução será ponderado pelos dados do TSE/julho DE 2026, para
o estado do Amapá e o nível econômico pelos dados do IBGE/Amostra de Domicílios Contínua (PNAD Contínua), divulgada pelo IBGE em 30 de janeiro de 2026 (dados de 2025). Sendo todas as ponderações de acordo os dados a seguir: Sexo %: Feminino 51%, Masculino 49% Total 100,0% Fonte: TSE/JULHO DE 2026; Idade %: 16 a 24 anos 17,99%, 25 a 34 anos 23,60%, 35 a 44 anos 20,87%, 45 a 59 anos 22,94% e 60 anos e mais 14,59% Total
100,0% Fonte: JULHO DE 2026. Grau de Instrução - (Escolaridade) %: Analfabeto 3,23%, Lê e escreve 4,41%, Ensino fundamental completo 5,18%, Ensino fundamental incompleto 19,77%, Ensino médio completo 28,16%, Ensino médio incompleto 22,12%, Superior completo 10,13%, Superior incompleto
7%, Total 100,0% Fonte: TSE/JULHO DE 2026.
A amostra será de 1065 (mil e sessenta e cinco) entrevistas domiciliares individuais, que permitirá inferência sobre o universo pesquisado com uma margem de erro amostral de 3%
(três por cento), para mais ou para menos, dentro de um intervalo de confiança de 95% (noventa e cinco por cento), ou seja, que se faça 100 (cem) vezes a pesquisa em 95% (noventa e cinco por cento) dessas, chegará mesmo resultado.";"Todos os entrevistadores da Empresa F5 Pesquisas e Consultoria LTDA, são selecionados e treinados pela própria empresa em Santana - AP. Para o trabalho de campo cada entrevistador será devidamente identificado com
crachá (nome, CPF e foto) e camiseta da Empresa. A pesquisa será realizada através de smartphones ou tablets em ambiente web em um servidor CLOUD, que tem por objetivo realizar a integração entre o sistema de pesquisa SPSS à equipe de pesquisadores. Sendo a transmissão dos dados
automática através de redes WIFI, 3G , 4G e 5G. A supervisão de campo será executada em tempo real, sendo disponibilizados para a garantia das informações, os locais onde elas foram realizadas, sendo as imagens
disponibilizadas, após a transmissão dos dados, no Google mapas, garantindo a observação de todas as entrevistas. Os questionários (dados) serão submetidos a uma fiscalização de no mínimo 20,0 % (vinte por
cento) de todas as entrevistas realizadas.";"A amostra contemplará todos os 16 municípios do estado, auto ponderada de acordo com o número de eleitores abaixo: MUNICÍPIO / Nº de eleitores (Fonte TSE/JULHO DE 2026) Amapá = 7.561 Calçoene = 8.928 Cutias = 6.311 Ferreira Gomes = 7.893 Itaubal = 8.884 Laranjal do Jari = 28.236 Macapá = 321.591 Mazagão = 22.254 Oiapoque = 24.262, Pedra Branca do Amapari = 9.956 Porto Grande = 15.567 Paracuuba = 4.031 Santana = 86.030 Serra do Navio = 4.128 Tartarugalzinho = 11.470 Vitória do Jari = 10.432"
"28/09/2026";"05:46:54";2026;81;"Eleições Gerais 2026";"AP";"AP";"AMAPÁ";"AP021172026";"2026-09-18 19:59:38";"N";"22445600000104";"QUAEST PESQUISAS, CONSULTORIA E PROJETOS LTDA.";"#NULO#";"Governador, Senador";"2026-09-20 00:00:00";"2026-09-23 00:00:00";"2026-09-24 00:00:00";804;"6731";"Margarida Maria de Mendonca";"128841,00";"Pesquisa quantitativa, de survey, que consiste na realização de entrevistas pessoais, domiciliares e presenciais, conduzidas por profissionais treinados, com a aplicação de questionários estruturados a uma amostra representativa da população votante de 16 anos ou mais residente no estado do Amapá. O desenho amostral aplicado combina sorteio probabilístico de municípios e de setores censitários fornecidos pelo IBGE (unidades territoriais homogêneas, de tamanho similar a quadras ou blocos), dentro dos quais serão selecionadas pessoas respondentes por meio de cotas amostrais.";"O público pesquisado é composto por eleitores de 16 anos ou mais residentes na área de abrangência da pesquisa. Para produzir uma amostra representativa desse público-alvo, utilizamos um desenho amostral por conglomerados que prevê três estágios. No primeiro estágio, é feito um sorteio probabilístico de municípios para comporem a amostra por meio do método PPT (Probabilidade Proporcional ao Tamanho) a partir de suas populações votantes acima de 16 anos. Dentro da lista de municípios sorteados, no segundo estágio, é realizado um sorteio probabilístico por meio do método PPT (Probabilidade Proporcional ao Tamanho) de setores censitários a serem visitados pelos entrevistadores, sorteio que tem como base o total de habitantes residentes nos setores de acordo com dados do Censo de 2022, o que garante a dispersão aleatória e estatística da amostra dentro dos territórios municipais, independentemente de divisões administrativas. Finalmente, dentro da lista de setores censitários sorteados, no último estágio são selecionados domicílios e pessoas a serem entrevistadas utilizando-se cotas amostrais para as seguintes variáveis: sexo, idade, renda familiar e escolaridade. O perfil da amostra, definido pelas cotas previstas, é o seguinte:

Sexo: Masculino (49%); Feminino (51%).
Faixa etária: 16-34 anos (42%); 35-59 anos (44%); 60 ou mais (14%).
Renda domiciliar total, incluindo pensões, benefícios e rendimentos de trabalhos informais: Até 2 salários-mínimos (37%); Mais de 2 a 5 salários-mínimos (37%); Mais de 5 salários-mínimos (26%).
Nível de instrução: Até Fundamental completo ou médio incompleto (38%); Médio completo ou superior incompleto (43%); Superior completo ou mais (19%).

Fonte dos dados: para a distribuição de sexo e idade, TSE-Tribunal Superior Eleitoral - agosto/2026; para a malha de setores censitários, Censo 2022 (IBGE); para a distribuição de renda domiciliar, PNADc Anual 2025, 1ª visita (IBGE); e, para a distribuição de escolaridade/instrução, PNADc trimestral 2-2026 (IBGE). A PNADc é utilizada por ser a fonte oficial mais atualizada de rendimentos do país, incluindo rendimentos informais, pensões, entre outros, e corrigindo as defasagens temporais do Censo 2022, além de ser a fonte mais atualizada de nível de instrução da população com 16 anos ou mais dada ausência de atualização obrigatória da escolaridade no registro de eleitores do TSE.

Está prevista eventual pós-estratificação da amostra, por meio de algoritmos de calibração (rake) e modelos (MrP), para correção (1) de estimativas e (2) das distribuições de variáveis que medem o perfil da população.

Dentro do público-alvo anteriormente descrito, serão realizadas 804 entrevistas. O nível de confiança das estimativas é de 95% e a margem de erro máxima prevista, atendendo às diretivas do TSE e usando o cálculo para amostra aleatória simples (AAS) como aproximação, é de cerca de 3 pontos percentuais para mais ou para menos em relação aos totais da amostra.";"As entrevistas serão realizadas por uma equipe de entrevistadores devidamente qualificada, com experiência e treinamento em pesquisa de opinião pública. Todo trabalho é feito em tablets ou outros dispositivos eletrônicos. Após a realização da coleta de dados, as entrevistas junto aos respondentes são checadas por meio de procedimentos de consistência e de georreferenciamento dos locais de aplicação em tempo real. Adicionalmente, ao longo e após os trabalhos de campo, é realizada uma fiscalização que consiste na checagem de áudio de uma amostra de 30% dos questionários aplicados para verificação das respostas e da adequação dos entrevistados aos parâmetros amostrais.";"A área de abrangência da coleta é o território do estado do Amapá. A relação do número de pessoas pesquisadas nas áreas de aplicação da pesquisa, discriminadas por município, bairros e setores censitários a partir dos identificadores utilizados pelo IBGE, além da composição do eleitorado entrevistado na área de abrangência quanto a gênero, idade, grau de instrução e nível econômico, constará em anexo. O mapa com os códigos destes setores censitários e as áreas que delimitam no país todo podem ser conferidos na seguinte fonte oficial: https://censo2022.ibge.gov.br/panorama/mapas.html?localidade=&recorte=setores_censitarios"
"28/09/2026";"05:46:54";2026;81;"Eleições Gerais 2026";"AP";"AP";"AMAPÁ";"AP059062026";"2026-07-25 11:31:45";"S";"05270800000146";"GERP MERCADOLOGIA LTDA";"GRUPO GERP GERP MERCADO GERP OPINIAO GERPAUDIT";"Governador, Senador";"2026-07-27 00:00:00";"2026-07-29 00:00:00";"2026-07-31 00:00:00";1000;"8153 - 2ª ";"CLENILSON SANTOS DE OLIVEIRA";"10000,00";"A população pesquisada é definida como pessoas maiores de 16 anos, eleitoras e residentes nos municípios do estado do Rio de Janeiro. A pesquisa é do tipo QUANTITATIVA e os entrevistados serão selecionados por cotas em função das variáveis sexo, faixa etária, renda do chefe do domicílio e área de residência. Os dados para definição das cotas foram obtidos de publicações do IBGE e da Estatística do Eleitorado do TSE. Os dados serão tabulados em função das variáveis sócio-econômicas e agregados segundo as diversas áreas de residência de interesse.";"Com a realização de 1000 (mil) entrevistas, dentro de um universo considerado infinito e um nível de confiança de 95,55%, a margem de erro para projeções dos dados é estimada em 3,16 pontos percentuais, nos casos limites em que as variáveis assumam o percentual de 50%. O resultado projetado para a população pesquisada vai de um mínimo de 46,84% a um máximo de 53,16%. Para o mesmo número de entrevistas, a margem de erro tende a se estreitar quando os percentuais se aproximam de 0% ou de 100%. Se a variável incidir em 10%, por exemplo, a margem de erro é estimada em 1,90 pontos percentuais. E o resultado projetado vai de um mínimo de 8,10% a um máximo de 91,90%. O Instituto Gerp utiliza dois desvios padrões para o cálculo da margem de erro em todos os seus projetos de pesquisa, o que representa um nível de confiança de 95,55%, confiando ao trabalho uma segurança ainda maior do que o normalmente utilizado pelo mercado. Está prevista eventual ponderação para correção das variáveis área de residência, sexo, faixa etária e renda do chefe do domicílio, caso ocorram diferenças superiores a 2 pontos percentuais entre o previsto na amostra e a coleta de dados realizada. O plano amostral a ser cumprido, pelo entrevistador, é o definido a seguir: IDADE/SEXO: 16-24/masculino (18,59%), 16-24/feminino (18,25%), 25-34/masculino (23,19%), 25-34/feminino (23,90%), 35 44/masculino (20,56%), 35-44/feminino (21,14%), 45- 59/masculino (22,77%), 45-59/feminino (22,61%), 60 ou +/masculino (14,88%), 60 ou +/feminino (14,10%) RENDA DO CHEFE DO DOMICÍLIO: Até 01 SM (24,86%), De 01 a 02 SM (23,56%), De 02 a 05 SM (28,85%), De 05 a 10 SM (14,07%), De 10 a 20 SM (6,37%), Mais de 20 SM (2,29%)

";"Como de praxe em pesquisas realizadas pelo INSTITUTO DE PESQUISA GERP, todas as entrevistas são criticadas e 20%, no mínimo, são verificados junto ao próprio entrevistado. O trabalho de entrevistas é permanentemente acompanhado por um supervisor local, que controla e fiscaliza a aplicação dos questionários (por telefone, Sistema Cati), com o entrevistador, entrevistando pessoalmente o entrevistado. Além disso, há um controle de qualidade do trabalho nos sistemas de processamento das informações. Para melhor explicitar os mecanismos de controle e verificação, segue o abaixo escrito: Todas as equipes de entrevistadores possuem também um supervisor interno, em caráter permanente, que é responsável pela fiscalização da coleta de dados e verificação das respostas junto aos próprios entrevistados; Cada questionário enviado ao sistema é objeto de uma checagem do seu correto preenchimento e pelo menos 20% das entrevistas são verificadas junto ao entrevistado pelo supervisor interno. Ou seja, em 20% das entrevistas, o supervisor interno liga para o entrevistado e refaz as perguntas, verificando, assim, a veracidade das respostas. As entrevistas objeto da verificação são escolhidas por critério de sorteio aleatório. Ex.: a cada 05 entrevistas enviadas ao sistema, 01 é verificada pelo supervisor interno. Ao término da pesquisa, o INSTITUTO DE PESQUISA GERP, faz uma rigorosa crítica a todos os questionários enviados, onde são checadas inconsistências nas respostas. Caso seja constatada alguma inconsistência, o entrevistado é contatado, a dúvida é solucionada ou a entrevista é descartada.
";"A pesquisa englobará os municípios do estado do Amapá.
"
"28/09/2026";"05:46:54";2026;81;"Eleições Gerais 2026";"AP";"AP";"AMAPÁ";"AP054232026";"2026-09-05 20:11:48";"S";"07317438000147";"DOXA ARTE & COMUNICAO S/S LTDA";"DOXA";"Governador, Senador";"2026-09-05 00:00:00";"2026-09-09 00:00:00";"2026-09-11 00:00:00";800;"8010";"JADSON FERNANDES CHAVES";"30000,00";"Pesquisa do tipo quantitativo, por amostragem, com aplicação de questionário estruturado e abordagempessoal junto a uma amostra representativa do eleitorado conforme fonte de dados do TSE julho/2026,IBGE, CENSO 2022. O conjunto do eleitorado apto a votar na próxima eleição em 2026 no estado do Amapá com idade de 16 anos ou mais foi tomado como universo da pesquisa. O levantamento serárealizado pela equipe DOXA ARTE & COMUNICAO S/S LTDA.";"O público-alvo é o eleitorado do estado do Amapá apto a votar nas Eleições Gerais de 2026. Pesquisa com metodologia quantitativa e realização de entrevistas pessoais, domiciliares e presenciais, utilizando questionário estruturado junto a uma amostra representativa do eleitorado do Estado do Amapá, selecionada em três estágios.
No primeiro estágio: realiza-se um sorteio probabilístico dos municípios onde as entrevistas serão realizadas através do método PPT (Probabilidade Proporcional ao Tamanho), considerando a população eleitora residente com 16 anos ou mais nos municípios como base para essa seleção.
No segundo estágio: faz-se um sorteio probabilístico das localidades onde as entrevistas serão realizadas, através do método PPT (Probabilidade Proporcional ao Tamanho), tomando a população eleitora residente de 16 anos ou mais nas localidades como base para essa seleção.
No terceiro estágio: a seleção do entrevistado dentro da localidade será feita utilizando-se quotas amostrais proporcionais em função das seguintes variáveis:
Sexo: Masculino (49%); Feminino (51%).
¿ Faixa etária: 16-24 anos (18%); 25-34 anos (23,6%); 35-44 anos (20,8%); 45-59 anos (22,9%); 60 anos ou mais (14,7%).
¿ Nível de instrução: Analfabeto: 3,23%; Lê e Escreve: 4,41%; Ensino Fundamental Incompleto: 19,77%; Ensino Fundamental Completo: 5,18%; Ensino Médio Incompleto: 22,13%; Ensino Médio Completo: 28,15%; Ensino Superior Incompleto: 7,00%; Ensino Superior Completo: 10,13%. (Fonte: TSE, julho/2026 ( sig.tse.jus.br).
¿ Nível Econômico (Renda Domiciliar): Sem rendimento: 5,3%; Até 1/2 Salário Mínimo: 3,9%; Mais de 1/2 a 1 Salário Mínimo: 15,7%; Mais de 1 a 2 Salários Mínimos: 23,6%; Mais de 2 a 5 Salários Mínimos: 28,7%; Mais de 5 a 10 Salários Mínimos: 14,1%; Mais de 10 a 20 Salários Mínimos: 6,4%; Mais de 20 Salários Mínimos: 2,3%.
¿ Fonte dos dados: TSE (julho/2026) para as quotas de sexo, idade e instrução, e para o sorteio PPT do primeiro e segundo estágios; IBGE/Censo 2022 para a estratificação interna das localidades. O IBGE, não divulgou e não tem previsão de data para divulgação do perfil econômico (nível econômico) da população brasileira em relação ao censo 2022 e também a ausência de microdados definitivos do Censo 2022 sobre esse assunto. Por isso, mantém-se o Censo 2010 como base mais recente disponível nesse formato para a estratificação de renda domiciliar, com a ressalva de que se trata de dado defasado, a ser atualizado assim que o IBGE publicar o indicador equivalente do Censo 2022.
Ponderação: Está prevista eventual ponderação para correção das variáveis sexo, faixa etária, nível de instrução e nível econômico, com base nos percentuais acima apresentados, caso ocorram diferenças superiores a 3,5 (três e meio) pontos percentuais entre o previsto na amostra e a coleta realizada. Caso as proporções coletadas em campo para qualquer uma dessas variáveis fiquem dentro dessa margem de tolerância, o fator de ponderação adotado será igual a 1 (resultado obtido em campo), garantindo o alinhamento rigoroso com os parâmetros populacionais.
Margem de Erro e Nível de Confiança: Serão realizadas 800 entrevistas distribuídas no estado. O nível de confiança estimado é de 95% (noventa e cinco por cento). Para uma amostra aleatória simples de mesmo tamanho, a margem de erro corresponderia a aproximadamente 3,5 (três e meio) pontos percentuais para mais ou para menos.";"Os pesquisadores envolvidos na realização desta pesquisa são treinados de forma contínua pelo Instituto DOXA e recebem instruções específicas para cada projeto de pesquisa realizado. A equipe de trabalho de campo é formada por dez pesquisadores de campo e dois coordenadores. Os entrevistadores fazem as entrevistas individuais, enquanto os supervisores de campo fiscalizam o trabalho. Sendo dever do supervisor de campo: a) zelar pelo cumprimento e quantidade coletadas de entrevistas; b) anular Questionários preenchidos incorretamente ou que estejam fora do padrão de conduta técnica da pesquisa; c) anular questionários que não cumpram a amostra determinada de dentro da área prevista no plano; d) zelar pelo andamento do trabalho de campo dentro do tempo especificado; e)inspecionar os questionários aplicados e sua validade; f) conferir no final do trabalho o preenchimento e zelo da amostra prevista. A coleta será realizada com a utilização de tablete/smartfone ou celular androide e o questionário com formato eletrônico e visualização, via, ferramenta, sistema QuestionPro. Os dados são checados, no mínimo, 20% dos questionários de cada pesquisador envolvido na pesquisa, seja in loco por supervisores de campo ou, posteriormente, por telefone indicado pelo entrevistado. Internamente, todo o material é verificado e codificado. Antes do processamento final e emissão dos resultados, realiza-seprocesso de consistência dos dados para garantir a segurança e lisura das informações.";"Os dados serão inseridos conforme §7º. do art. 2º. da Resolução - TSE nº. 23.600/2019, A partir do dia em que a pesquisa puder ser divulgada e até o dia seguinte, o registro deverá ser complementado, sob pena deser a pesquisa considerada não registrada; na ausência de delimitação do bairro, será identificada a área em que foi realizada."
