"DT_GERACAO";"HH_GERACAO";"AA_ELEICAO";"CD_ELEICAO";"NM_ELEICAO";"SG_UF";"SG_UE";"NM_UE";"NR_PROTOCOLO_REGISTRO";"DT_REGISTRO";"ST_PESQUISA_PROPRIA";"NR_CNPJ_EMPRESA";"NM_EMPRESA";"NM_EMPRESA_FANTASIA";"DS_CARGO";"DT_INICIO_PESQUISA";"DT_FIM_PESQUISA";"DT_DIVULGACAO";"QT_ENTREVISTADO";"CD_CONRE";"NM_ESTATISTICO_RESP";"VR_PESQUISA";"DS_METODOLOGIA_PESQUISA";"DS_PLANO_AMOSTRAL";"DS_SISTEMA_CONTROLE";"DS_DADO_MUNICIPIO"
"28/09/2026";"05:46:54";2026;81;"Eleições Gerais 2026";"MT";"MT";"MATO GROSSO";"MT048462026";"2026-08-19 16:48:33";"N";"22445600000104";"QUAEST PESQUISAS, CONSULTORIA E PROJETOS LTDA.";"#NULO#";"Governador, Senador";"2026-08-21 00:00:00";"2026-08-24 00:00:00";"2026-08-25 00:00:00";804;"6731";"Margarida Maria de Mendonca";"104118,00";"Pesquisa quantitativa, de survey, que consiste na realização de entrevistas pessoais, domiciliares e presenciais, conduzidas por profissionais treinados, com a aplicação de questionários estruturados a uma amostra representativa da população votante de 16 anos ou mais residente no estado do Mato Grosso. O desenho amostral aplicado combina sorteio probabilístico de municípios e de setores censitários fornecidos pelo IBGE (unidades territoriais homogêneas, de tamanho similar a quadras ou blocos), dentro dos quais serão selecionadas pessoas respondentes por meio de cotas amostrais.";"O público pesquisado é composto por eleitores de 16 anos ou mais residentes na área de abrangência da pesquisa. Para produzir uma amostra representativa desse público-alvo, utilizamos um desenho amostral por conglomerados que prevê três estágios. No primeiro estágio, é feito um sorteio probabilístico de municípios para comporem a amostra por meio do método PPT (Probabilidade Proporcional ao Tamanho) a partir de suas populações votantes acima de 16 anos. Dentro da lista de municípios sorteados, no segundo estágio, é realizado um sorteio probabilístico por meio do método PPT (Probabilidade Proporcional ao Tamanho) de setores censitários a serem visitados pelos entrevistadores, sorteio que tem como base o total de habitantes residentes nos setores de acordo com dados do Censo de 2022, o que garante a dispersão aleatória e estatística da amostra dentro dos territórios municipais, independentemente de divisões administrativas. Finalmente, dentro da lista de setores censitários sorteados, no último estágio são selecionados domicílios e pessoas a serem entrevistadas utilizando-se cotas amostrais para as seguintes variáveis: sexo, idade, renda familiar e escolaridade. O perfil da amostra, definido pelas cotas previstas, é o seguinte:

Sexo: Masculino (49%); Feminino (51%). 
Faixa etária: 16-34 anos (34%); 35-59 anos (47%); 60 ou mais (19%). 
Renda domiciliar total, incluindo pensões, benefícios e rendimentos de trabalhos informais: Até 2 salários-mínimos (21%); Mais de 2 a 5 salários-mínimos (48%); Mais de 5 salários-mínimos (31%). 
Nível de instrução: Até Fundamental completo ou médio incompleto (42%); Médio completo ou superior incompleto (39%); Superior completo ou mais (19%). 

Fonte dos dados: para a distribuição de sexo e idade, TSE-Tribunal Superior Eleitoral - julho/2026; para a malha de setores censitários, Censo 2022 (IBGE); para a distribuição de renda domiciliar, PNADc Anual 2025, 1ª visita (IBGE); e, para a distribuição de escolaridade/instrução, PNADc trimestral 1-2026 (IBGE). A PNADc é utilizada por ser a fonte oficial mais atualizada de rendimentos do país, incluindo rendimentos informais, pensões, entre outros, e corrigindo as defasagens temporais do Censo 2022, além de ser a fonte mais atualizada de nível de instrução da população com 16 anos ou mais dada ausência de atualização obrigatória da escolaridade no registro de eleitores do TSE.

Está prevista eventual pós-estratificação da amostra, por meio de algoritmos de calibração (rake) e modelos (MrP), para correção de estimativas e das distribuições das variáveis sexo, idade, renda familiar e escolaridade, com base nos percentuais anteriormente mencionados, caso ocorram diferenças entre os percentuais previstos na amostra e a coleta de dados realizada. 

Dentro do público-alvo anteriormente descrito, serão realizadas 804 entrevistas. O nível de confiança das estimativas é de 95% e a margem de erro máxima prevista, atendendo às diretivas do TSE e usando o cálculo para amostra aleatória simples (AAS) como aproximação, é de cerca de 3 pontos percentuais para mais ou para menos em relação aos totais da amostra.";"As entrevistas serão realizadas por uma equipe de entrevistadores devidamente qualificada, com experiência e treinamento em pesquisa de opinião pública. Todo trabalho é feito em tablets ou outros dispositivos eletrônicos. Após a realização da coleta de dados, as entrevistas junto aos respondentes são checadas por meio de procedimentos de consistência e de georreferenciamento dos locais de aplicação em tempo real. Adicionalmente, ao longo e após os trabalhos de campo, é realizada uma fiscalização que consiste na checagem de áudio de uma amostra de 30% dos questionários aplicados para verificação das respostas e da adequação dos entrevistados aos parâmetros amostrais.";"A área de abrangência da coleta é o território do estado do Mato Grosso. A relação do número de pessoas pesquisadas nas áreas de aplicação da pesquisa, discriminadas por município, bairros e setores censitários a partir dos identificadores utilizados pelo IBGE, além da composição do eleitorado entrevistado na área de abrangência quanto a gênero, idade, grau de instrução e nível econômico, constará em anexo. O mapa com os códigos destes setores censitários e as áreas que delimitam no país todo podem ser conferidos na seguinte fonte oficial: https://censo2022.ibge.gov.br/panorama/mapas.html?localidade=&recorte=setores_censitarios"
"28/09/2026";"05:46:54";2026;81;"Eleições Gerais 2026";"MT";"MT";"MATO GROSSO";"MT012852026";"2026-04-25 20:43:59";"S";"00654576000172";"INSTITUTO VERITA LTDA";"VERITA";"Governador, Senador";"2026-04-26 00:00:00";"2026-04-30 00:00:00";"2026-05-01 00:00:00";1220;"10699";"GUILHERME ALVARENGA LAIA";"93940,00";"Pesquisa quantitativa, que consiste na realização de entrevistas, com a aplicação de questionário estruturado junto a uma amostra representativa do eleitorado desta Unidade da Federação.";"ESTUDO REPRESENTATIVO DO ELEITORADO DO ESTADO DO MATO GROSSO - MÉTODO PPT (Probabilidade Proporcional ao Tamanho) - PLANO AMOSTRAL E PONDERAÇÃO QUANTO A SEXO, IDADE, GRAU DE INSTRUÇÃO E NÍVEL ECONÔMICO DO ENTREVISTADO; INTERVALO DE CONFIANÇA E MARGEM DE ERRO: Representativo do eleitorado da área em estudo, elaborada, em vários estágios, da seguinte forma: - 1. Divisão da UF em estratos proporcionais de municípios. 2. Ordenação dos municípios de cada estrato segundo o porte. 3. Sorteio dos municípios de cada estrato. 4. Os respondentes são selecionados através de quotas amostrais proporcionais em função de variáveis significativas, a saber: GÊNERO / FAIXA ETÁRIA - FEMININO E MASCULINO 16 A 34 ANOS 17,4% E 15,9%, 35 A 54 ANOS 20,5% E 19,3%, 55 ANOS OU MAIS 13,6% E 13,4%. GRAU DE INSTRUÇÃO ¿ FEMININO E MASCULINO Sem instrução até Ensino Médio completo 60,1%, Ensino superior incompleto e completo 39,9% NÍVEL ECONÔMICO - FEMININO população não economicamente ativa 46,5% população economicamente ativa 53,5% MASCULINO população não economicamente ativa 27,2% população economicamente ativa 72,8%. RENDA FAMILIAR DO DOMICÍLIO renda familiar de até 2 salários-mínimos 30,7%; de 2 a 5 salários-mínimos 44,2%, acima de 5 salários-mínimos 25,1%. Está prevista eventual ponderação para correção das variáveis, com base nos percentuais anteriormente mencionados, caso ocorram diferenças superiores a margem de erro da pesquisa previsto entre a amostra e a coleta de dados realizada. O fator previsto para ponderação é 1 (resultados obtidos na coleta de dados). O intervalo de confiança estimado é de 95% e a margem de erro máxima estimada considerando um modelo de amostragem aleatório simples, é de aproximadamente 3 pontos percentuais para mais ou para menos sobre os resultados encontrados no total da amostra. FONTE DOS DADOS: IBGE/Censo 2022 para fins de densidade demográfica, setores censitários e alocação da amostra. IBGE/PNAD/PNADC/MEC/INEP para fins de Nível Econômico e Escolaridade. TSE FEVEREIRO/2026 para fins de Sexo, Faixa Etária e eleitorado por município ou regiões previamente definidas (importante ressaltar para o público leigo que os dados do TSE são os únicos corretos para gênero, idade dos eleitores e quantitativo de eleitores por municípios já que a base de dados se atualiza automaticamente, PORÉM, dados de escolaridade e nível econômico NÃO são corretos e confiáveis devido a desatualização que ocorre naturalmente com o passar dos anos). Definição de margem de erro e intervalo de confiança: Margem de erro e intervalo de confiança não são grandezas diretamente proporcionais. A SOMA NÃO TEM QUE RESULTAR 100%. ";"Após os trabalhos de coleta de dados, os questionários são submetidos a uma fiscalização, conferência e checagem de cerca de 20% (vinte por cento) dos questionários aplicados.";"A relação dos municípios sorteados ou selecionados para esta pesquisa será apresentada em arquivo anexo até 1 (um) dia após a divulgação desta pesquisa conforme §7º. do art. 2º. da Resolução-TSE nº. 23.600/2019. A área de abrangência desta pesquisa é o Estado DO MATO GROSSO"
"28/09/2026";"05:46:54";2026;81;"Eleições Gerais 2026";"MT";"MT";"MATO GROSSO";"MT003232026";"2026-09-27 03:39:15";"S";"19259002000128";"ATLASINTEL TECNOLOGIA DE DADOS LTDA";"ATLASINTEL";"Governador, Senador";"2026-09-27 00:00:00";"2026-10-02 00:00:00";"2026-10-03 00:00:00";1200;"11220";"ANDREI CAMILO DOS SANTOS";"75000,00";"Pesquisa quantitativa com coleta aleatória via questionário estruturado web e pós-estratificação da amostra de acordo com as características do eleitorado de Mato Grosso.";"Amostra aleatória pós-estratificada via algoritmo iterativo com quotas proporcionais, representando as características do eleitorado de Mato Grosso:
SEXO: Masculino: 48.6%; Feminino: 51.4%.
FAIXA ETÁRIA: Entre 16 a 24 anos: 13.6%; Entre 25 a 34 anos: 20.0%; Entre 35 a 44 anos: 20.9%; Entre 45 a 59 anos: 25.9%; 60 ou mais: 19.6%.
ESCOLARIDADE: Até Ensino Médio completo ou incompleto (inclui Ensino Fundamental completo/incompleto e pessoas sem instrução): 71.0%; Ensino Superior completo ou incompleto: 29.0%.
NÍVEL ECONÔMICO: Renda familiar mensal até R$ 2.000: 10.9%; de R$ 2.000 a R$ 3.000: 10.2%; de R$ 3.000 a R$ 5.000: 26.8%; de R$ 5.000 a R$ 10.000: 33.4%; mais de R$ 10.000: 18.8%.
OBS.: devido ao arredondamento, a soma dos percentuais pode variar de 99% a 101%. Na agregação final, para cada variável de ponderação, serão admissíveis desvios de até 3 pontos percentuais em relação às quotas estipuladas. Confiança estimada: 95%, margem de erro: +/- 3.0 pontos percentuais. FONTE DOS DADOS: PNADC 2026 para escolaridade | PNADC 2025 para renda | TSE 2026 para sexo e faixa etária.";"Coleta feita com a utilização de questionário eletrônico com procedimentos específicos para o armazenamento seguro dos dados. São checados manualmente no mínimo 15% dos questionários para detectar possíveis anomalias. Pesquisadores especializados realizam internamente uma verificação exaustiva da consistência dos dados antes da divulgação dos resultados finais.";"#NULO#"
"28/09/2026";"05:46:54";2026;81;"Eleições Gerais 2026";"MT";"MT";"MATO GROSSO";"MT091112026";"2026-09-05 13:57:11";"N";"05260271000108";"INSTITUTO TECNOLOGICO DA INFORMACAO S/C - ME";"ITI - INSTITUTO TECNOLOGICO DA INFORMACAO";"Governador, Senador, Deputado Federal, Deputado Estadual, Deputado Distrital";"2026-09-04 00:00:00";"2026-09-06 00:00:00";"2026-09-11 00:00:00";360;"8233";"ROSANE COELHO DA SILVA SALES";"16000,00";"MÉTODO USADO SURVEY: PESQUISA DE METODOLOGIA QUANTITATIVA COM REALIZAÇÃO DE ENTREVISTAS UTILIZANDO QUESTIONÁRIO ESTRUTURADO JUNTO A UMA AMOSTRA REPRESENTATIVA POPULACIONAL DO MUNICÍPIO DE CAMPO VERDE -MT FEITA 100% NA ZONA URBANA. UTILIZA-SE COTAS PROPORCIONAIS COM CARACTERÍSTICAS SÓCIAS ECONÔMICAS (SEXO, ESCOLARIDADE, IDADE, E RENDA FAMILIAR) TENDO COMO BASE OS DADOS COLETADOS PELO TRE-MT 2026 E CENSO 2010, DESCRITOS ABAIXO.";"PLANO AMOSTRAL (PRETENDIDO): 360 ENTREVISTAS NO MUNICÍPIO DE CAMPO VERDE. MÉTODOLOGIA USADA: MÉTODO SURVEY COM ENTREVISTAS DOMICILIARES ZONA DO ENTREVISTADO: URBANA 100% SEXO DO ENTREVISTADO: MASCULINO 49,0% FEMININO 51% ESCOLARIDADE DO ENTREVISTADO: ANALFABETO/ LÊ e ESCREVE/FUNDAMENTAL(Completo/Incompleto) 35,0%; ENSINO MÉDIO(Completo/Incompleto): 48% SUPERIOR (Completo/Incompleto): 17% RENDA DO ENTREVISTADO: ATE 02 SALÁRIOS MÍNIMO 26% DE 2 Á 5 SALÁRIOS MÍNIMOS 44% DE 5 Á 10 SALÁRIOS MÍNIMOS 21% MAIS DE 10 SALÁRIOS MÍNIMOS 9% IDADE DO ENTREVISTADO: 16- 24 ANOS 14,1% 25-34 ANOS 21,1% 35-44 ANOS 22,1% 45-59 ANOS 26,0% 60 ANOS OU MAIS 16,7% (Fonte:IBGE(Censo2010))ttps://cidades.ibge.gov.br/brasil/mt/pesquisa/23/24304?detalhes=true) Observação: De acordo com informações do Instituto Brasileiro de Geografia e Estatística (IBGE), não há previsão de data para a divulgação do perfil econômico da população brasileira do CENSO 2022. Portanto, os dados sobre o nível econômico obtidos no Censo 2022 não podem ser utilizados, pois ainda não foram publicados. O nível de confiança estimado é de 95% e a margem de erro máxima estimada considerando um modelo de amostragem aleatório simples, é de aproximadamente 5% (CINCO) pontos percentuais para mais ou para menos sobre os resultados encontrados no total da amostra.";"O CONTROLE DE DADOS ACONTECERÁ DURANTE O TRABALHO DE COLETA DE DADOS, COM ACOMPANHAMENTO IN LOCO DE UM COORDENADOR OBSERVANDO A CORRETA APLICAÇÃO DO QUESTIONÁRIO. APÓS OS TRABALHOS, OS QUESTIONÁRIOS SERÃO SUBMETIDOS A UMA VERIFICAÇÃO QUE CONSISTE NO RETORNO À CAMPO OU POR TELEFONE DE 20% DOS QUESTIONÁRIOS APLICADOS PARA VERIFICAÇÃO DAS RESPOSTAS E DA ADEQUAÇÃO DOS ENTREVISTADOS AOS PARÂMETROS AMOSTRAIS.";"Dados relativos aos municípios e bairros abrangidos pela pesquisa após a elaboração do relatório completo."
"28/09/2026";"05:46:54";2026;81;"Eleições Gerais 2026";"MT";"MT";"MATO GROSSO";"MT022512026";"2026-07-22 22:19:34";"N";"10544202000158";"PERCENT PESQUISA DE MERCADO E OPINIAO LTDA";"PERCENT PESQUISA DE MERCADO E OPINIAO";"Governador, Senador, Deputado Federal, Deputado Estadual";"2026-07-23 00:00:00";"2026-07-27 00:00:00";"2026-07-28 00:00:00";1200;"C10965";"Nathany Luzia de Oliveira";"29550,00";"Pesquisa quantitativa com técnica de survey de opinião, consistindo de entrevistas individuais pessoais de forma presencial em residência ""inloco"" definidas conforme a proporcionalidade de eleitores de cada região e município de Mato Grosso por meio do método PPT (probabilidade proporcional ao tamanho): Definição geográfica de acordo com as microrregiões sendo: Centro-sul, Sudeste, Nordeste, Oeste, Noroeste, Médio-Norte e Norte do estado de Mato Grosso. Fonte: Divisões do Estado pelo Instituto Mato-grossense de Economia Agropecuária IMEA-MT atualizada. As entrevistas serão realizadas através de questionário estruturado aplicado em uma amostra probabilística dos eleitores das regiões e cidades do estado de Mato Grosso. Fonte: Tribunal Superior Eleitoral TSE e de municípios e setores censitários obtidos através do IBGE, sendo os indivíduos abordados em residência e realizados de forma pessoal por meio de cotas amostrais de sexo, idade, grau de instrução e renda. Fonte: Tribunal Superior Eleitoral e IBGE.";"Plano amostral e ponderação/extrato quanto ao sexo, idade, grau de instrução e nível econômico do entrevistado; intervalo de confiança e margem de erro: A pesquisa possui amostra de 1.200 entrevistas, o que é representativo para o estado de Mato Grosso, com a margem de erro de 2,83% para mais ou para menos, com intervalo de confiança de 95,0%. As principais estimativas investigadas na pesquisa referem-se às proporções de eleitores com determinada opinião. O erro amostral para estas estimativas é de 2,83% para mais ou para menos com um nível de confiança de 95%. A ponderação da amostra nas categorias de sexo, idade e grau de instrução foram calculadas com base nas quantidades de eleitores em cada categoria, informadas pelo Tribunal Superior Eleitoral/TSE atualizada no portal no mês de junho de 2026. Sendo as informações, masculino, 49%; feminino, 51%; de 15 a 17 anos, 2,06%; 18 a 24 anos, 12,13%; de 25 a 34 anos, 20,08%; de 35 a 44 anos, 20,95%, de 45 a 59 anos, 25,67%; de 60 anos ou mais, 19,11%; analfabetos ou que leem e escrevem, 8,76%; ensino fundamental incompleto/completo, 25,36%; ensino médio incompleto/completo, 45,56%; ensino superior incompleto/completo, 20,32%. A ponderação da amostra nas categorias de nível econômico foram calculadas com base nas informações do Censo Demográfico do IBGE referentes a rendimentos familiar: Até 01 salário mínimo ¿ 12,1%; Mais de 01 a 02 salários mínimos ¿ 22,4%; Mais de 02 a 05 salários mínimos ¿ 39,6%; Mais de 05 a 10 salários mínimos 16,9% e mais de 10 salários mínimos ¿ 9,0%. Fonte: PNAD/IBGE 2024.";"Sistema interno de controle e verificação, conferência e fiscalização da coleta de dados e do trabalho de campo: Para realização da pesquisa será utilizada uma equipe de entrevistadores e supervisores devidamente treinados para este trabalho. Após a coleta de dados, os questionários são submetidos à supervisão e checagem de dados de 20% do material via telefônica e local. Além disso, todos os questionários passarão por verificação e crítica, para controle de qualidade.";"Dados relativos aos municípios e bairros abrangidos pela pesquisa. Na ausência de delimitação do bairro, será identificada a área em que foi realizada a pesquisa(conforme §7º. do art. 2º. da Resolução-TSE nº. 23.600/2019, A partir do dia em que a pesquisa puder ser divulgada e até o dia seguinte, o registro deverá ser complementado, sob pena de ser a pesquisa considerada não registrada; na ausência de delimitação do bairro, será identificada a área em que foi realizada):"
"28/09/2026";"05:46:54";2026;81;"Eleições Gerais 2026";"MT";"MT";"MATO GROSSO";"MT056752026";"2026-07-21 19:19:59";"N";"41296892000105";"INSTITUTO MAIS";"INSTITUTO MAIS";"Governador, Senador, Deputado Federal, Deputado Estadual";"2026-07-21 00:00:00";"2026-07-26 00:00:00";"2026-07-27 00:00:00";1200;"7655";"AUGUSTO DA SILVA ROCHA";"9500,00";"A pesquisa será do tipo quantitativo, por amostragem aleatória, com aplicação de questionário estruturado e abordagem de moradores eleitores nos municípios do estado do Mato Grosso, divididos nas regiões dentro do estado. O conjunto da população do Estado do Mato Grosso com 16 anos ou mais e que são votantes no referido estado foi tomado como universo da pesquisa.";"A amostra será representativa do eleitorado da área pesquisada e será selecionada em três etapas. Na primeira etapa realiza-se um sorteio probabilístico dos municípios onde as entrevistas serão realizadas através do método PPT (Probabilidade Proporcional ao Tamanho), considerando a população eleitora com 16 anos ou mais residente nos municípios como base para essa seleção. Na segunda etapa, faz-se um sorteio probabilístico das localidades, onde as entrevistas serão realizadas, através do método PPT (Probabilidade Proporcional ao Tamanho), tomando a população eleitora de 16 anos ou mais residente nas localidades como base para essa seleção. Na terceira etapa, a seleção do entrevistado dentro da localidade, será feita utilizando-se quotas amostrais proporcionais, em função das variáveis sexo, faixa etária, grau de instrução e Nível socioeconômico (renda mensal familiar). Por fim, os entrevistados são selecionados aleatoriamente para responder ao questionário, de acordo com cotas: SEXO:  FEMININO	51,39%	;
MASCULINO	48,61%	;

 Faixa Etária:  16 a 24 anos	14,1%	;
25 a 34 anos	20,1%	;
35 a 44 anos	20,9%	;
45 a 59 anos	25,7%	;
60 anos ou mais	19,2%	;

 Grau de instrução:  ANALFABETO	3,21%	;
ENSINO FUNDAMENTAL COMPLETO	5,42%	;
ENSINO FUNDAMENTAL INCOMPLETO	19,93%	;
ENSINO MÉDIO COMPLETO	27,13%	;
ENSINO MÉDIO INCOMPLETO	18,44%	;
LÊ E ESCREVE	5,54%	;
		
SUPERIOR COMPLETO	13,75%	;
SUPERIOR INCOMPLETO	6,58%	;

 Nível econômico (renda mensal familiar): 
Até 1/2 salário mínimo	1,86%	;
Mais de 1/2 a 1 salário mínimo	12,94%	;
Mais de 1 a 2 salários mínimos	23,83%	;
Mais de 2 a 5 salários mínimos	36,34%	;
Mais de 5 a 10 salários mínimos	14,14%	;
Mais de 10 a 20 salários mínimos	4,63%	;
Mais de 20 salários mínimos	1,75%	;
Sem rendimento	4,51%	;

 Fonte pública dos dados IBGE IBGE | Cidades@ | Mato Grosso | Pesquisa | Censo 2010 | Universo - Características da população e dos domicílios; https://cidades.ibge.gov.br/brasil/mt/pesquisa/23/24304?detalhes=true; (TSE/JUNHO2026):  https://sig.tse.jus.br/ords/dwapr/r/seai/sig-eleitor-eleitorado-mensal/cruzamento-eleitorado-mensal?p24_metricas=E&p24_back=22&p24_cruzamento_1=ds_sexo&clear=24&session=108492167907142;  

https://sig.tse.jus.br/ords/dwapr/r/seai/sig-eleitor-eleitorado-mensal/cruzamento-eleitorado-mensal?p24_cruzamento_1=ds_faixa_etaria&p24_metricas=E&p24_back=22&clear=24&session=108492167907142;

https://sig.tse.jus.br/ords/dwapr/r/seai/sig-eleitor-eleitorado-mensal/cruzamento-eleitorado-mensal?p24_cruzamento_1=ds_grau_instrucao&p24_metricas=E&p24_back=22&clear=24&session=108492167907142;


Ano=2026; Mês = JUNHO; UF= MT; Observação: Conforme informações disponibilizadas pelo Instituto Brasileiro de Geografia e Estatística (IBGE), não houve nem há previsão de divulgação do perfil econômico (nível econômico) da população brasileira no âmbito do Censo Demográfico de 2022 (https://censo2022.ibge.gov.br/panorama/), para essa variável será adotado o fator de ponderação igual a 1, correspondente aos resultados obtidos em campo, caso seja verificada diferença superior à margem de erro prevista no estudo entre a projeção da amostra baseada nos dados do IBGE 2010 e os dados efetivamente coletados. Para as variáveis de sexo, idade e grau de instrução, está previsto uma eventual ponderação, nos limites da margem de erro, para correção nos tamanhos das variáveis, caso ocorra uma diferença entre a previsão da amostra e a coleta dos dados realizados sobre a faixa de eleitores acima de 16 anos. Margem de Erro: A margem de erro máxima prevista é de 2,8 pontos percentuais para mais ou para menos, considerando um nível de confiança de 95%.";"Os entrevistadores envolvidos na realização desta pesquisa são treinados pelo Instituto e recebem instruções específicas para cada projeto realizado. A coleta será feita com a utilização de questionário impresso, que serão computados posteriormente à pesquisa de campo. Os pesquisadores são supervisionados por um coordenador que estará em campo juntamente com a equipe garantindo a lisura da pesquisa. Internamente, todo o material é verificado e codificado. Antes do processamento final e emissão dos resultados, realiza-se processo de consistência dos dados. Os dados coletados e tratados nesta pesquisa atendem às exigências da LGPD, Lei Geral de Proteção de Dados, garantindo ao respondente o sigilo de sua identidade e o correto tratamento de suas respostas.";"#NULO#"
"28/09/2026";"05:46:54";2026;81;"Eleições Gerais 2026";"MT";"MT";"MATO GROSSO";"MT050422026";"2026-07-29 22:35:16";"N";"42098826000185";"NOVA IBRAPE PESQUISAS DE OPINIAO PUBLICA LTDA";"NOVO IBRAPE";"Governador, Senador, Deputado Federal, Deputado Estadual";"2026-07-29 00:00:00";"2026-08-03 00:00:00";"2026-08-04 00:00:00";1000;"5451";"IVAN FERREIRA DOMINGUES";"19000,00";"Pesquisa quantitativa de opinião pública, com realização de entrevistas telefônicas, mediante aplicação de questionário estruturado a uma amostra representativa de eleitores com 16 anos ou mais residentes no Estado de Mato Grosso. A coleta de dados será realizada por entrevistadores treinados e supervisionados, por meio de chamadas telefônicas ativas para telefones fixos e móveis, abrangendo os 21 municípios previstos no plano amostral. A seleção dos entrevistados observará critérios técnicos de representatividade, de acordo com as cotas amostrais e parâmetros estatísticos definidos para o levantamento. ";"A amostra será composta por 1.000 eleitores com 16 anos ou mais, residentes no Estado de Mato Grosso, distribuídos em 21 municípios. Para fins de estratificação geográfica, serão consideradas as Regiões Geográficas Imediatas do IBGE 2022 correspondentes a Água Boa; Alta Floresta; Barra do Garças; Cáceres; Confresa-Vila Rica; Cuiabá; Diamantino; Jaciara; Juara; Juína; Mirassol d'Oeste; Peixoto de Azevedo-Guarantã do Norte; Pontes e Lacerda; Primavera do Leste; Rondonópolis; Sinop; Sorriso; e Tangará da Serra. A pesquisa adota desenho amostral em múltiplos estágios, combinando seleção por conglomerados nas etapas geográficas e preenchimento por cotas na etapa final de seleção do entrevistado. No primeiro estágio, o número de entrevistas atribuído a cada Região Geográfica Imediata é proporcional ao seu peso no eleitorado total do Estado. No segundo estágio, dentro de cada região, os municípios que comporão a amostra são selecionados e têm suas entrevistas distribuídas pelo método de Probabilidade Proporcional ao Tamanho (PPT), considerando o peso do eleitorado de cada município. No estágio final, em cada município, a abordagem é realizada por meio de chamadas telefônicas para telefones fixos e móveis, e os entrevistados são selecionados mediante sistema de cotas proporcionais. Os setores censitários e os dados geográficos utilizados têm como base o IBGE 2022. Os entrevistados serão selecionados com cotas proporcionais de sexo e faixa etária, com base na última atualização disponível do TRE-MT, e de escolaridade e renda domiciliar, com base na PNAD 2024-1, considerando universo correspondente ao público-alvo da pesquisa. A distribuição das cotas observará os seguintes parâmetros: feminino, 51,4%, e masculino, 48,6%; de 16 a 34 anos, 34,1%, de 35 a 59 anos, 46,7%, e 60 anos ou mais, 19,2%; até o ensino fundamental (completo ou incompleto), 31,3%, ensino médio (completo ou incompleto), 43,7%, e ensino superior (completo ou incompleto), 25,0%; sem rendimento e até 2 salários mínimos, 24,8%, de 2 a 5 salários mínimos, 47,5%, e mais de 5 salários mínimos, 27,6%, podendo ocorrer pequenas variações em razão de arredondamentos estatísticos. A escolaridade será definida com base na PNAD 2024-1, por se tratar de fonte mais atual para essa variável, considerando que não há obrigatoriedade de atualização periódica dessa informação junto à Justiça Eleitoral. A renda domiciliar também será definida com base na PNAD 2024-1, por ser a fonte oficial de referência para essa variável, considerando os rendimentos mensais domiciliares habituais e efetivos. A relação completa dos municípios, bairros e áreas pesquisadas será encaminhada posteriormente à Justiça Eleitoral, na forma da Resolução TSE nº 23.600/2019. A amostra final poderá ser ponderada, se necessário, mediante aplicação de pesos estatísticos calculados por pós-estratificação iterativa (raking), com base em parâmetros oficiais do universo pesquisado relativos a sexo, idade, escolaridade e renda, com o objetivo de corrigir eventuais discrepâncias entre a composição observada da amostra e a distribuição real do eleitorado. A margem de erro máxima estimada para o total da amostra é de aproximadamente 3,1 pontos percentuais, para mais ou para menos, considerando um nível de confiança de 95%.";"A coleta será realizada por entrevistadores treinados e supervisionados, mediante aplicação de questionário estruturado por meio de entrevistas telefônicas assistidas por computador (CATI). O trabalho de coleta será submetido a controle interno de verificação, conferência e fiscalização, com checagem da correta aplicação dos questionários, acompanhamento da equipe, conferência das informações e crítica dos materiais coletados. Será realizada auditoria em 15% dos questionários aplicados, com a finalidade de assegurar o cumprimento do plano amostral e a consistência dos dados apurados.";"A pesquisa será realizada no Estado de Mato Grosso, abrangendo os municípios de Água Boa, Alta Floresta, Barra do Garças, Cáceres, Campo Novo do Parecis, Confresa, Cuiabá, Diamantino, Jaciara, Juara, Juína, Lucas do Rio Verde, Mirassol d'Oeste, Peixoto de Azevedo, Pontes e Lacerda, Primavera do Leste, Rondonópolis, Sinop, Sorriso, Tangará da Serra e Várzea Grande. As informações complementares referentes às áreas em que a pesquisa for realizada serão apresentadas posteriormente, dentro do prazo legal aplicável, nos termos da Resolução TSE nº 23.600/2019 e das alterações promovidas pela Resolução TSE nº 23.747/2026."
"28/09/2026";"05:46:54";2026;81;"Eleições Gerais 2026";"MT";"MT";"MATO GROSSO";"MT062412026";"2026-03-18 15:18:11";"S";"22345021000181";"REAL TIME MIDIA LTDA";"REAL TIME BIG DATA";"Governador, Senador";"2026-03-21 00:00:00";"2026-03-23 00:00:00";"2026-03-24 00:00:00";1600;"10839";"Isabela Zara Cremoneze";"64000,00";"Pesquisa quantitativa, que consiste na realização de entrevistas pessoais, com a aplicação de questionário estruturado junto a uma amostra representativa do eleitorado em estudo. Pesquisa realizada no Estado do Mato Grosso (MT).";"Representativo do eleitorado da área em estudo, elaborada em três estágios. 
No primeiro estágio, realiza-se um sorteio probabilístico dos municípios onde as entrevistas serão realizadas, pelo método PPT (Probabilidade Proporcional ao Tamanho), tomando a população eleitora de 16 anos ou mais residente nos municípios como base para essa seleção.
No segundo estágio, efetua-se um sorteio probabilístico das localidades dentro dos municípios selecionados, também pelo método PPT (Probabilidade Proporcional ao Tamanho), considerando a população eleitora de 16 anos ou mais residente nessas localidades como base para a seleção.
No terceiro e último estágio, dentro das localidades sorteadas, os respondentes são selecionados por meio de quotas amostrais proporcionais, em função de variáveis significativas, a saber:

GÊNERO:
Feminino: 51,4%;
Masculino: 48,6%.
(Fonte: TSE (Fevereiro/2026) - https://sig.tse.jus.br/ords/dwapr/r/seai/sig-eleitor-eleitorado-mensal/cruzamento-eleitorado-mensal?session=303903859831873)
FAIXA ETÁRIA:
16 anos: 0,4%;
17 anos: 0,8%;
18 a 20 anos: 4,8%;
21 a 24 anos: 7,2%;
25 a 34 anos: 20,3%;
35 a 44 anos: 21,2%;
45 a 59 anos: 26,0%;
60 a 69 anos: 11,5%;
70 a 79 anos: 5,7%;
Superior a 79 anos: 2,1%.
(Fonte: TSE (Fevereiro/2026) - https://sig.tse.jus.br/ords/dwapr/r/seai/sig-eleitor-eleitorado-mensal/cruzamento-eleitorado-mensal?p24_metricas=E&p24_back=22&p24_cruzamento_1=ds_sexo&clear=24&session=125097618390908)
ESCOLARIDADE:
Analfabeto: 3,3%;
Lê e Escreve: 5,7%;
Ensino Fundamental Incompleto: 20,3%;
Ensino Fundamental Completo: 5,5%;
Ensino Médio Incompleto: 17,9%;
Ensino Médio Completo: 27,1%;
Ensino Superior Incompleto: 6,5%;
Ensino Superior Completo: 13,8%.
(Fonte: TSE (Fevereiro/2026) - https://sig.tse.jus.br/ords/dwapr/r/seai/sig-eleitor-eleitorado-mensal/cruzamento-eleitorado-mensal?p24_cruzamento_1=ds_grau_instrucao&p24_metricas=E&p24_back=22&clear=24&session=125097618390908)
RENDA DOMICILIAR MENSAL:
Sem rendimento: 4,5%;
Até 1/2 Salário Mínimo: 1,9%;
Mais de 1/2 a 1 Salário Mínimo: 12,9%;
Mais de 1 a 2 Salários Mínimos: 23,8%;
Mais de 2 a 5 Salários Mínimos: 36,3%;
Mais de 5 a 10 Salários Mínimos: 14,1%;
Mais de 10 a 20 Salários Mínimos: 4,6%;
Mais de 20 Salários Mínimos: 1,8%.
(Fonte: IBGE (Censo 2010) - https://cidades.ibge.gov.br/brasil/mt/pesquisa/23/24304?detalhes=true)
Observação: De acordo com informações do Instituto Brasileiro de Geografia e Estatística (IBGE), não há previsão de data para a divulgação do perfil econômico da população brasileira do CENSO 2022. Portanto, os dados sobre o nível econômico obtidos no Censo 2022 não podem ser utilizados, pois ainda não foram publicados.
Está prevista eventual ponderação para correção das variáveis sexo e idade, com base nos percentuais anteriormente mencionados, caso ocorram diferenças superiores a 3 pontos percentuais entre o previsto na amostra e a coleta de dados realizada. Para as variáveis de grau de instrução e nível econômico do entrevistado, o fator previsto para ponderação é 1 (resultados obtidos em campo). O nível de confiança estimado é de 95% e a margem de erro máxima estimada considerando um modelo de amostragem aleatório simples, é de aproximadamente 2 (dois) pontos percentuais para mais ou para menos sobre os resultados encontrados no total da amostra.
";"O trabalho de coleta de dados é acompanhado presencialmente por supervisores. São selecionados aleatoriamente 15% (quinze por cento) dos questionários para uma verificação posterior com ligações telefônicas para os números indicados nos formulários, em caso de dúvida, o formulário é descartado e o entrevistador chamado para esclarecimentos.";"O anexo do arquivo com os bairros será realizado até o dia seguinte da divulgação conforme indicado no §7º. do art. 2º. da Resolução-TSE nº. 23.600/2019."
"28/09/2026";"05:46:54";2026;81;"Eleições Gerais 2026";"MT";"MT";"MATO GROSSO";"MT065442026";"2026-07-11 15:26:31";"N";"09242998000105";"META PUBLICIDADE E PESQUISA LTDA";"META PUBLICIDADE E PESQUISA";"Governador, Senador, Deputado Federal, Deputado Estadual, Deputado Distrital";"2026-07-07 00:00:00";"2026-07-08 00:00:00";"2026-07-17 00:00:00";500;"8509";"Wander Luiz Benesciuti";"7000,00";"A pesquisa averiguou a intenção de votos dos pré-candidatos em a todos os cargos nas eleições 2026 no município de BARRA DO GARÇAS-MT. Utilizou-se a pesquisa de opinião quantitativa, com técnica de survey por meio de questionários estruturados, aplicados de forma presencial, junto a uma amostra representativa do eleitorado do município.  ";"A amostra é constituída por 500 entrevistas, tendo como universo os eleitores da zona urbana município de Barra do Garças ¿ MT, com idade de 16 anos e acima. Amostra estratificada por regiões proporcionais ao tamanho da população conforme dados do Censo IBGE 2022, com estratificação proporcional na variáveis sexo com masculino 48%, feminino 52% com a distribuição por faixa etária de 16 a 24 anos 15%, de 25 a 29 anos 11,6%, de 30 a 39 anos 19%, de 40 a 49 anos 19,6%, de 50 a 59 anos 15,6% e 60 a 69 anos 11,2% 70 anos e acima 8%, para a variável escolaridade: Analfabeto 4,2, Lê e escreve 14,8%, Ensino fundamental 31,6%, Ensino médio 35% e Ensino superior 14,4%, a variável Renda Familiar até 1 salário mínimo 43,8%, de 1 a 3 salários mínimos 27,4%, de 3 a 5 salários mínimos 10,2%, de 5 a 7 salários mínimos 3%, de 7 a 10 salários mínimos 1,2% e acima de 10 salários mínimos 1,6%, Não responderam 12,8%. Amostragem realizada com um Intervalo de confiança de 95% para a amostra com uma margem de erro de 4,3% para mais ou para menos nas estimativas dos resultados. Fonte Censo IBGE 2022 e TSE.";"Todos os entrevistadores são selecionados e treinados para o trabalho de campo. Cada entrevistador esteve devidamente identificado com crachá do instituto. O supervisor de campo acompanhou in loco a coleta dos dados, garantindo a conferência do material coletado. O método foi uma entrevista por casa ou ponto comercial. Foram entrevistados maiores de 16 anos que votam em BARRA DO GARGAS-MT. As entrevistas foram realizadas de forma eletrônica, por meio de celulares, garantindo maior agilidade na informação, após a coleta de campo, todos os questionários passaram por verificação crítica feita por 2 pessoas responsáveis pelo processamento dos dados e controle de qualidade das informações coletadas.";"EM ANEXO"
"28/09/2026";"05:46:54";2026;81;"Eleições Gerais 2026";"MT";"MT";"MATO GROSSO";"MT062322026";"2026-04-28 19:18:26";"N";"10544202000158";"PERCENT PESQUISA DE MERCADO E OPINIAO LTDA";"PERCENT PESQUISA DE MERCADO E OPINIAO";"Governador, Senador, Deputado Federal, Deputado Estadual";"2026-04-29 00:00:00";"2026-05-03 00:00:00";"2026-05-04 00:00:00";1200;"C10965 CONRE1";"Nathany Luzia de Oliveira";"30000,00";"Pesquisa quantitativa com técnica de survey de opinião, consistindo de entrevistas individuais pessoais de forma presencial em residência ""inloco"" definidas conforme a proporcionalidade de eleitores de cada região e município de Mato Grosso por meio do método PPT (probabilidade proporcional ao tamanho): Definição geográfica de acordo com as microrregiões sendo: Centro-sul, Sudeste, Nordeste, Oeste, Noroeste, Médio-norte e Norte do estado de Mato Grosso. Fonte: Divisões do Estado pelo Instituto Mato-grossense de Economia Agropecuária IMEA-MT atualizada. As entrevistas serão realizadas através de questionário estruturado aplicado em uma amostra probabilística dos eleitores das regiões e cidades do estado de Mato Grosso. Fonte: Tribunal Superior Eleitoral TSE e de municípios e setores censitários obtidos através do IBGE, sendo os indivíduos abordados em residência e realizados de forma pessoal por meio de cotas amostrais de sexo, idade, grau de instrução e renda. Fonte: Tribunal Superior Eleitoral e IBGE.";"Plano amostral e ponderação/extrato quanto ao sexo, idade, grau de instrução e nível econômico do entrevistado; intervalo de confiança e margem de erro: A pesquisa possui amostra de 1.200 entrevistas, o que é representativo para o estado de Mato Grosso, com a margem de erro de 2,83% para mais ou para menos, com intervalo de confiança de 95,0%. As principais estimativas investigadas na pesquisa referem-se às proporções de eleitores com determinada opinião. O erro amostral para estas estimativas é de 2,83% para mais ou para menos com um nível de confiança de 95%. A ponderação da amostra nas categorias de sexo, idade e grau de instrução foram calculadas com base nas quantidades de eleitores em cada categoria, informadas pelo Tribunal Superior Eleitoral/TSE atualizada no portal no mês de março de 2026. Sendo as informações, masculino, 49%; feminino, 51%; de 15 a 17 anos, 1,57%; 18 a 24 anos, 12,04%; de 25 a 34 anos, 20,18%; de 35 a 44 anos, 21,12%, de 45 a 59 anos, 25,85%; de 60 anos ou mais, 19,24%; analfabetos ou que leem e escrevem, 8,92%; ensino fundamental incompleto/completo, 25,65%; ensino médio incompleto/completo, 45,17%; ensino superior incompleto/completo, 20,26%. A ponderação da amostra nas categorias de nível econômico foram calculadas com base nas informações do Censo Demográfico do IBGE referentes a rendimentos familiar: Até 01 salário mínimo ¿ 12,1%; Mais de 01 a 02 salários mínimos ¿ 22,4%; Mais de 02 a 05 salários mínimos ¿ 39,6%; Mais de 05 a 10 salários mínimos 16,9% e mais de 10 salários mínimos ¿ 9,0%. Fonte: PNAD/IBGE 2024.";"Sistema interno de controle e verificação, conferência e fiscalização da coleta de dados e do trabalho de campo: Para realização da pesquisa será utilizada uma equipe de entrevistadores e supervisores devidamente treinados para este trabalho. Após a coleta de dados, os questionários são submetidos à supervisão e checagem de dados de 20% do material via telefônica e local. Além disso, todos os questionários passarão por verificação e crítica, para controle de qualidade.";"Dados relativos aos municípios e bairros abrangidos pela pesquisa. Na ausência de delimitação do bairro, será identificada a área em que foi realizada a pesquisa(conforme §7º. do art. 2º. da Resolução-TSE nº. 23.600/2019, A partir do dia em que a pesquisa puder ser divulgada e até o dia seguinte, o registro deverá ser complementado, sob pena de ser a pesquisa considerada não registrada; na ausência de delimitação do bairro, será identificada a área em que foi realizada):"
"28/09/2026";"05:46:54";2026;81;"Eleições Gerais 2026";"MT";"MT";"MATO GROSSO";"MT002752026";"2026-07-17 21:08:20";"N";"38653223000120";"BRASILIA DADOS LTDA";"BRASILIA DADOS";"Governador, Senador, Deputado Federal, Deputado Estadual";"2026-07-18 00:00:00";"2026-07-22 00:00:00";"2026-07-23 00:00:00";1300;"C10965";"Nathany Luzia de Oliveira";"30000,00";"Pesquisa quantitativa realizada por meio de questionário eletrônico estruturado em ambiente web, com pós estratificação da amostra de acordo com as características do eleitorado de Mato Grosso.";"Plano amostral e ponderação/extrato quanto ao sexo, idade, grau de instrução e nível econômico do entrevistado; intervalo de confiança e margem de erro: A pesquisa possui amostra de 1.300 entrevistas, o que é representativo para o estado de Mato Grosso, com a margem de erro de 2,72% para mais ou para menos, com intervalo de confiança de 95%. As principais estimativas investigadas na pesquisa referem-se às proporções de eleitores com determinada opinião. A ponderação da amostra nas categorias de sexo, idade e grau de instrução foram calculadas com base nas quantidades de eleitores em cada categoria, informadas pelo Tribunal Superior Eleitoral/TSE atualizada no portal no mês de maio de 2026. Sendo as informações, masculino, 49%; feminino, 51%; de 15 a 17 anos, 1,95%; 18 a 24 anos, 12,10%; de 25 a 34 anos, 20,08%; de 35 a 44 anos, 20,94%, de 45 a 59 anos, 25,73%; de 60 anos ou mais, 19,20%; analfabetos ou que leem e escrevem, 8,75%; ensino fundamental incompleto/completo, 25,35%; ensino médio incompleto/completo, 45,57%; ensino superior incompleto/completo, 20,33%. As ponderações da amostra nas categorias de nível econômico foram calculadas com base nas informações do Censo Demográfico do IBGE referentes a rendimentos familiar: Até 01 salários mínimos 12,1%; Mais de 01 a 02 salários mínimos 22,4%; Mais de 02 a 05 salários mínimos 39,6%; Mais de 05 a 10 salários mínimos 16,9% e mais de 10 salários mínimos 9,0%. Fonte: PNAD/IBGE 2024.

";"A coleta é realizada por meio de questionário eletrônico em ambiente web, utilizando mecanismos de controle destinados à verificação da consistência das respostas, identificação de registros duplicados, acompanhamento da distribuição territorial da amostra e armazenamento seguro dos dados. Após o encerramento da coleta, o banco de dados é submetido a procedimentos de conferência técnica e validação estatística pelo responsável técnico da pesquisa. São verificados manualmente, no mínimo, 15% dos questionários, com o objetivo de identificar eventuais inconsistências, duplicidades ou anomalias, antes da consolidação e divulgação dos resultados finais.";"Em atendimento ao art. 2º, inciso IX e § 7º-C da Resolução TSE nº 23.600/2019, a BRASÍLIA DADOS LTDA apresenta, em arquivo PDF anexo, o detalhamento geográfico da amostra da pesquisa, contendo a distribuição das entrevistas por regiões, municípios, bairros e áreas abrangidas, conforme o plano amostral adotado para a pesquisa registrada sob o nº MT-00275/2026."
"28/09/2026";"05:46:54";2026;81;"Eleições Gerais 2026";"MT";"MT";"MATO GROSSO";"MT073602026";"2026-08-27 20:21:03";"N";"66500056000113";"DATA INDEX PESQUISAS LTDA";"INSTITUTO DATA INDEX DE PESQUISA";"Deputado Federal, Deputado Estadual";"2026-08-28 00:00:00";"2026-08-31 00:00:00";"2026-09-02 00:00:00";1600;"8509";"WANDER LUIZ BENESCIUTI";"30000,00";"Pesquisa quantitativa, que consiste na realização de entrevistas pessoais, com a aplicação de questionário estruturado junto a uma amostra representativa do eleitorado em estudo. Pesquisa realizada no Estado do Mato Grosso (MT)";"Representativo do eleitorado da área em estudo, elaborada em três estágios. No primeiro estágio, realiza-se um sorteio probabilístico dos municípios onde as entrevistas serão realizadas, pelo método PPT (Probabilidade Proporcional ao Tamanho), tomando a população eleitora de 16 anos ou mais residente nos municípios como base para essa seleção. No segundo estágio, efetua-se um sorteio probabilístico das localidades dentro dos municípios selecionados, também pelo método PPT (Probabilidade Proporcional ao Tamanho), considerando a população eleitora de 16 anos ou mais residente nessas localidades como base para a seleção. No terceiro e último estágio, dentro das localidades sorteadas, os respondentes são selecionados por meio de quotas amostrais proporcionais, em função de variáveis significativas, a saber: GÊNERO: Feminino: 51,4%; Masculino: 48,6%. (Fonte: TSE (Julho/2026); FAIXA ETÁRIA: 16 anos: 0,6%; 17 anos: 1,0%; 18 a 20 anos: 4,7%; 21 a 24 anos: 7,3%; 25 a 34 anos: 20,0%; 35 a 44 anos: 20,9%; 45 a 59 anos: 25,9%; 60 a 69 anos: 11,5%; 70 a 79 anos: 5,9%; Superior a 79 anos: 2,2%. (Fonte: TSE (Julho/2026); ESCOLARIDADE: Analfabeto: 3,2%; Lê e Escreve: 5,5%; Ensino Fundamental Incompleto: 19,9%; Ensino Fundamental Completo: 5,4%; Ensino Médio Incompleto: 18,4%; Ensino Médio Completo: 27,1%; Ensino Superior Incompleto: 6,6%; Ensino Superior Completo: 13,8%. (Fonte: TSE (Julho/2026); RENDA DOMICILIAR MENSAL: Sem rendimento: 4,5%; Até 1/2 Salário Mínimo: 1,9%; Mais de 1/2 a 1 Salário Mínimo: 12,9%; Mais de 1 a 2 Salários Mínimos: 23,8%; Mais de 2 a 5 Salários Mínimos: 36,4%; Mais de 5 a 10 Salários Mínimos: 14,1%; Mais de 10 a 20 Salários Mínimos: 4,6%; Mais de 20 Salários Mínimos: 1,8%. (Fonte: IBGE (Censo 2010) ) https://cidades.ibge.gov.br/brasil/mt/pesquisa/23/24304?detalhes=true) Observação: De acordo com informações do Instituto Brasileiro de Geografia e Estatística (IBGE), não há previsão de data para a divulgação do perfil econômico da população brasileira do CENSO 2022. Portanto, os dados sobre o nível econômico obtidos no Censo 2022 não podem ser utilizados, pois ainda não foram publicados. Está prevista eventual ponderação para correção das variáveis sexo e idade, com base nos percentuais anteriormente mencionados, caso ocorram diferenças superiores a 3 pontos percentuais entre o previsto na amostra e a coleta de dados realizada. Para as variáveis de grau de instrução e nível econômico do entrevistado, o fator previsto para ponderação é 1 (resultados obtidos em campo). O nível de confiança estimado é de 95% e a margem de erro máxima estimada considerando um modelo de amostragem aleatório simples, é de cerca de 2 (dois) pontos percentuais para mais ou para menos sobre os resultados encontrados no total da amostra.";"O trabalho de coleta de dados é acompanhado por supervisores humanos. São selecionados aleatoriamente 15% (quinze por cento) dos questionários para uma verificação posterior e, em caso de dúvida, o formulário é descartado e o responsável pela coleta chamado para esclarecimentos. Há uma equipe especializada que confere os dados à exaustão com objetivo de averiguar e aferir os resultados coletados.";"#NULO#"
"28/09/2026";"05:46:54";2026;81;"Eleições Gerais 2026";"MT";"MT";"MATO GROSSO";"MT016282026";"2026-06-12 15:03:13";"S";"00654576000172";"INSTITUTO VERITA LTDA";"VERITA";"Governador, Senador";"2026-06-13 00:00:00";"2026-06-17 00:00:00";"2026-06-18 00:00:00";1220;"10699";"GUILHERME ALVARENGA LAIA";"93940,00";"Pesquisa quantitativa, que consiste na realização de entrevistas, com a aplicação de questionário estruturado junto a uma amostra representativa do eleitorado desta Unidade da Federação.";"ESTUDO REPRESENTATIVO DO ELEITORADO DO ESTADO DO MATO GROSSO - MÉTODO PPT (Probabilidade Proporcional ao Tamanho) - PLANO AMOSTRAL E PONDERAÇÃO QUANTO A SEXO, IDADE, GRAU DE INSTRUÇÃO E NÍVEL ECONÔMICO DO ENTREVISTADO; INTERVALO DE CONFIANÇA E MARGEM DE ERRO: Representativo do eleitorado da área em estudo, elaborada, em vários estágios, da seguinte forma: - 1. Divisão da UF em estratos proporcionais de municípios. 2. Ordenação dos municípios de cada estrato segundo o porte. 3. Sorteio dos municípios de cada estrato. 4. Os respondentes são selecionados através de quotas amostrais proporcionais em função de variáveis significativas, a saber: GÊNERO / FAIXA ETÁRIA - FEMININO E MASCULINO 16 A 34 ANOS 17,4% E 15,9%, 35 A 54 ANOS 20,5% E 19,3%, 55 ANOS OU MAIS 13,6% E 13,4%. GRAU DE INSTRUÇÃO ¿ FEMININO E MASCULINO Sem instrução até Ensino Médio completo 60,1%, Ensino superior incompleto e completo 39,9% NÍVEL ECONÔMICO - FEMININO população não economicamente ativa 46,5% população economicamente ativa 53,5% MASCULINO população não economicamente ativa 27,2% população economicamente ativa 72,8%. RENDA FAMILIAR DO DOMICÍLIO renda familiar de até 2 salários-mínimos 30,7%; de 2 a 5 salários-mínimos 44,2%, acima de 5 salários-mínimos 25,1%. Está prevista eventual ponderação para correção das variáveis, com base nos percentuais anteriormente mencionados, caso ocorram diferenças superiores a margem de erro da pesquisa previsto entre a amostra e a coleta de dados realizada. O fator previsto para ponderação é 1 (resultados obtidos na coleta de dados). O intervalo de confiança estimado é de 95% e a margem de erro máxima estimada considerando um modelo de amostragem aleatório simples, é de aproximadamente 3 pontos percentuais para mais ou para menos sobre os resultados encontrados no total da amostra. FONTE DOS DADOS: IBGE/Censo 2022 para fins de densidade demográfica, setores censitários e alocação da amostra. IBGE/PNAD/PNADC/MEC/INEP para fins de Nível Econômico e Escolaridade. TSE FEVEREIRO/2026 para fins de Sexo, Faixa Etária e eleitorado por município ou regiões previamente definidas (importante ressaltar para o público leigo que os dados do TSE são os únicos corretos para gênero, idade dos eleitores e quantitativo de eleitores por municípios já que a base de dados se atualiza automaticamente, PORÉM, dados de escolaridade e nível econômico NÃO são corretos e confiáveis devido a desatualização que ocorre naturalmente com o passar dos anos). Definição de margem de erro e intervalo de confiança: Margem de erro e intervalo de confiança não são grandezas diretamente proporcionais. A SOMA NÃO TEM QUE RESULTAR 100%. ";"Após os trabalhos de coleta de dados, os questionários são submetidos a uma fiscalização, conferência e checagem de cerca de 20% (vinte por cento) dos questionários aplicados.";"A relação dos municípios sorteados ou selecionados para esta pesquisa será apresentada em arquivo anexo até 1 (um) dia após a divulgação desta pesquisa conforme §7º. do art. 2º. da Resolução-TSE nº. 23.600/2019. A área de abrangência desta pesquisa é o Estado DO MATO GROSSO"
"28/09/2026";"05:46:54";2026;81;"Eleições Gerais 2026";"MT";"MT";"MATO GROSSO";"MT068462026";"2026-02-15 22:46:34";"S";"10544202000158";"PERCENT PESQUISA DE MERCADO E OPINIAO LTDA";"PERCENT PESQUISA DE MERCADO E OPINIAO";"Governador, Senador, Deputado Federal, Deputado Estadual";"2026-02-09 00:00:00";"2026-02-17 00:00:00";"2026-02-21 00:00:00";1200;"C10965 CONRE1";"Nathany Luzia de Oliveira";"30000,00";"Pesquisa quantitativa com técnica de survey de opinião, consistindo de entrevistas individuais pessoais de forma presencial em residência ""inloco"" definidas conforme a proporcionalidade de eleitores de cada região e município de Mato Grosso por meio do método PPT (probabilidade proporcional ao tamanho): Definição geográfica de acordo com as regiões Centro-sul, Sudeste, Nordeste, Oeste, Noroeste, Médio-norte e Norte do estado de Mato Grosso. Fonte: Divisões do Estado pelo Instituto Mato-grossense de Economia Agropecuária IMEA-MT. As entrevistas serão realizadas através de questionário estruturado aplicado em uma amostra probabilística dos eleitores das regiões e cidades do estado de Mato Grosso. Fonte: Tribunal Superior Eleitoral TSE e de municípios e setores censitários obtidos através da IBGE, sendo os indivíduos abordados em residência e realizados de forma pessoal por meio de cotas amostrais.";"Plano amostral e ponderação/extrato quanto ao sexo, idade, grau de instrução e nível econômico do entrevistado; intervalo de confiança e margem de erro: A pesquisa possui amostra de 1.200 entrevistas, o que é representativo para o estado de Mato Grosso, com a margem de erro de 2,83% para mais ou para menos, com intervalo de confiança de 95,0%. As principais estimativas investigadas na pesquisa referem-se às proporções de eleitores com determinada opinião. O erro amostral para estas estimativas é de 2,83% para mais ou para menos com um nível de confiança de 95%. A ponderação da amostra nas categorias de gênero, idade e grau de instrução foram calculadas com base nas quantidades de eleitores em cada categoria, informadas pelo Tribunal Superior Eleitoral/TSE atualizada no portal no mês de janeiro de 2026. Sendo as informações, masculino, 49%; feminino, 51%; de 16 a 17 anos, 1,52%; 18 a 24 anos, 12,02%; de 25 a 34 anos, 20,33%; de 35 a 44 anos, 21,27%, de 45 a 59 anos, 26,0%; de 60 anos ou mais, 18,86%; analfabetos ou que leem e escrevem, 9,04%; ensino fundamental incompleto/completo, 25,89%; ensino médio incompleto/completo, 44,75%; ensino superior incompleto/completo, 20,32%. A ponderação da amostra nas categorias de nível econômico foram calculadas com base nas informações do Censo Demográfico do IBGE referentes a rendimentos familiar: Até 01 salário mínimo ¿ 12,1%; Mais de 01 a 02 salários mínimos ¿ 22,4%; Mais de 02 a 05 salários mínimos ¿ 39,6%; Mais de 05 a 10 salários mínimos 16,9% e mais de 10 salários mínimos ¿ 9,0%. Fonte: PNAD/IBGE 2024.";"Sistema interno de controle e verificação, conferência e fiscalização da coleta de dados e do trabalho de campo: Para realização da pesquisa será utilizada uma equipe de entrevistadores e supervisores devidamente treinados para este trabalho. Após a coleta de dados, os questionários são submetidos à supervisão e checagem de dados de 20% do material via telefônica e local. Além disso, todos os questionários passarão por verificação e crítica, para controle de qualidade.";"Dados relativos aos municípios e bairros abrangidos pela pesquisa. Na ausência de delimitação do bairro, será identificada a área em que foi realizada a pesquisa(conforme §7º. do art. 2º. da Resolução-TSE nº. 23.600/2019, A partir do dia em que a pesquisa puder ser divulgada e até o dia seguinte, o registro deverá ser complementado, sob pena de ser a pesquisa considerada não registrada; na ausência de delimitação do bairro, será identificada a área em que foi realizada):"
"28/09/2026";"05:46:54";2026;81;"Eleições Gerais 2026";"MT";"MT";"MATO GROSSO";"MT063192026";"2026-09-11 20:44:47";"S";"00654576000172";"INSTITUTO VERITA LTDA";"VERITA";"Governador, Senador";"2026-09-12 00:00:00";"2026-09-17 00:00:00";"2026-09-17 00:00:00";1220;"10699";"Guilherme Alvarenga Laia";"93940,00";"Estudo quantitativo voltado às Eleições 2026, realizado por meio de entrevistas individuais, aplicadas mediante questionário eletrônico estruturado e Unidade Automatizada de Respostas Audíveis e Auditáveis, por meio de ligações para telefones móveis (celulares). A inteligência artificial é empregada exclusivamente para a transcrição automatizada das respostas em áudio, não interferindo na formulação das perguntas, na condução das entrevistas, na coleta das informações, na interpretação das respostas ou no tratamento estatístico dos dados.

A participação dos eleitores é voluntária, espontânea e não remunerada. As respostas são prestadas por autodeclaração, sendo, em sua maioria, registradas por meio de códigos numéricos correspondentes às alternativas previamente definidas no questionário.

A utilização de sistema eletrônico automatizado para a coleta e o registro das respostas proporciona elevado nível de padronização operacional, reduz a possibilidade de interferência humana durante a realização das entrevistas, amplia a rastreabilidade e a auditabilidade de todo o processo de coleta e contribui para maior precisão, consistência e confiabilidade dos dados obtidos.

O plano amostral foi elaborado para assegurar a representatividade estatística do eleitorado da respectiva Unidade da Federação, observando critérios técnicos de seleção, distribuição e ponderação da amostra, quando aplicáveis.";"A pesquisa foi planejada para produzir uma amostra estatisticamente representativa do eleitorado do estado DO MATO GROSSO, utilizando o método de Probabilidade Proporcional ao Tamanho (PPT), com plano amostral em múltiplos estágios. Na primeira etapa, esta Unidade da Federação é dividida em macrorregiões, de forma a assegurar adequada distribuição territorial da amostra e representação das diferentes características geográficas, demográficas e eleitorais. Na segunda etapa, os municípios de cada estrato são ordenados segundo seu porte populacional e eleitoral e sorteados. Na terceira etapa, os respondentes são selecionados entre os eleitores aptos residentes nos municípios sorteados, observando-se a distribuição proporcional da amostra e as cotas estabelecidas para as variáveis de sexo, faixa etária, grau de instrução e nível econômico. As cotas são estabelecidas para a pesquisa completa, considerando a composição do eleitorado e os parâmetros oficiais de referência, não sendo aplicadas isoladamente a cada município selecionado.

SEXO E FAIXA ETÁRIA - Fonte: Tribunal Superior Eleitoral (TSE), Perfil do Eleitorado, junho de 2026. Feminino de 16 a 34 anos: 17,8%; Masculino de 16 a 34 anos: 16,4%; Feminino de 35 a 54 anos: 20,2%; Masculino de 35 a 54 anos: 19%; Feminino com 55 anos ou mais: 13,4%; Masculino com 55 anos ou mais: 13,2%. Os parâmetros de sexo e idade têm como referência o cadastro eleitoral brasileiro atualizado pelo Tribunal Superior Eleitoral, considerando o universo de eleitores aptos com 16 anos ou mais.

GRAU DE INSTRUÇÃO - Fonte: IBGE - PNAD Contínua Anual 2025. A distribuição é: sem instrução 3,3%; ensino fundamental incompleto ou equivalente 21,6%; ensino fundamental completo ou equivalente 7,7%; ensino médio incompleto ou equivalente 11%; ensino médio completo ou equivalente 32,8%; ensino superior incompleto ou equivalente 6,1%; ensino superior completo 17,5%. Para não confundir os respondentes as faixas de escolaridade no questionário foram agrupadas em 3 faixas: até ensino fundamental incompleto e completo, ensino médio incompleto e completo e superior incompleto, completo ou mais. A PNAD Contínua é utilizada como referência por constituir a fonte oficial mais atualizada para a mensuração do nível de instrução da população brasileira, sua utilização também corrige limitações decorrentes da ausência de atualização obrigatória e contínua das informações de escolaridade no cadastro eleitoral do Tribunal Superior Eleitoral.

NÍVEL ECONÔMICO - RENDA FAMILIAR DO DOMICÍLIO - Fonte: IBGE - PNAD Contínua Anual 2025. Considera-se a renda domiciliar total, compreendendo rendimentos provenientes de trabalho formal e informal, aposentadorias, pensões, benefícios sociais e demais fontes de renda existentes no domicílio. observando-se a seguinte distribuição: renda familiar de até 2 salários-mínimos 31,6%; de 2 a 5 salários-mínimos 44,1%, acima de 5 salários-mínimos 24,2%.

PONDERAÇÃO E CALIBRAÇÃO DA AMOSTRA - Prevê-se eventual ponderação das variáveis de sexo, faixa etária, grau de instrução e nível econômico, caso sejam verificadas diferenças relevantes entre a distribuição da amostra efetivamente coletada e os parâmetros populacionais de referência adotados. Inicialmente, o fator de ponderação é igual a 1 (um), podendo ser recalculado sempre que necessário para assegurar a representatividade estatística da amostra.
INTERVALO DE CONFIANÇA E MARGEM DE ERRO - O intervalo de confiança adotado é de 95%, com margem máxima estimada de erro de aproximadamente 3 pontos percentuais, para mais ou para menos, sobre os resultados do total da amostra, calculada segundo o modelo de amostragem aleatória simples e a hipótese de máxima variabilidade.";"Após os trabalhos de coleta de dados, os questionários são submetidos a uma fiscalização, conferência e checagem de cerca de 20% (vinte por cento) dos questionários aplicados. Todas as entrevistas são integralmente registradas em áudio, permanecendo auditáveis e rastreáveis, permitindo a verificação da integridade do processo de coleta, preservado o sigilo das informações pessoais dos entrevistados e observadas as disposições da Lei Geral de Proteção de Dados Pessoais (Lei nº 13.709/2018).";"Em observância ao art. 2º, § 7º, da Resolução TSE nº 23.600/2019, com redação dada pela Resolução TSE nº 23.747/2026, a presente pesquisa terá seu registro complementado no Sistema de Registro de Pesquisas Eleitorais a partir da data em que sua divulgação for permitida e até o dia seguinte, com a identificação dos municípios em que foram realizadas as entrevistas, bem como da composição final da amostra quanto a gênero, idade, grau de instrução e nível econômico, na forma exigida pela legislação eleitoral vigente."
"28/09/2026";"05:46:54";2026;81;"Eleições Gerais 2026";"MT";"MT";"MATO GROSSO";"MT065302026";"2026-09-15 19:51:41";"N";"48844295000109";"NEXUS CONSULTORIA E PESQUISAS LTDA";"NEXUS CONSULTORIA E PESQUISAS";"Governador, Senador, Deputado Federal, Deputado Estadual";"2026-09-11 00:00:00";"2026-09-13 00:00:00";"2026-09-21 00:00:00";200;"7655";"AUGUSTO DA SILVA ROCHA";"7000,00";"A pesquisa cobrirá o município envolvendo todas regiões do município de Nova Monte Verde/MT Universo da pesquisa será dos eleitores com 16 anos ou mais. A amostra representará os eleitores do Município, selecionados em 2(dois) estágios. No primeiro estágio, os setores censitários, onde as entrevistas serão realizadas, foram selecionadas, probabilisticamente, através do método PPT - Probabilidade Proporcional ao Tamanho, tomando o número de eleitores como base para seleção. No segundo estágio, a seleção do entrevistado, dentro do setor censitário, será feita utilizando-se quotas proporcionais, e a abordagem será domiciliar.";"Utilizamos quotas proporcionais, em função das seguintes variáveis: Gênero: FEMININO 48,45% ;
MASCULINO 51,55% ;
Faixa etária: 16 a 24 anos 22,30% ;
25 a 34 anos 19,37% ;
35 a 44 anos 19,06% ;
45 a 59 anos 25,26% ;
60 anos ou mais 14,01% ;
Grau de instrução:
Analfabeto 2,52% ;
Ensino Fundamental Completo 6,68% ;
Ensino Fundamental Incompleto 27,78% ;
Ensino Médio Completo 26,36% ;
Ensino Médio Incompleto 17,26% ;
Lê E Escreve 6,78% ;
Superior Completo 9,00% ;
Superior Incompleto 3,62% ;


Fonte dos dados: TSE-Tribunal Superior Eleitoral/julho2026; Cruzamento Eleitorado Mensal https://sig.tse.jus.br/ords/dwapr/r/seai/sig-eleitor-eleitorado-mensal/cruzamento-eleitorado-mensal?p0_municipio=NOVA%20MONTE%20VERDE&p0_uf=MT&session=312001329943172 ;


Ano=2026; Mês = agosto; UF= MT; MUNICIPIO = Nova Monte Verde; Renda familiar (A variável ¿classe de rendimento nominal mensal domiciliar¿ corresponde à classificação dos domicílios segundo a soma dos rendimentos nominais mensais de seus moradores, expressa em faixas de salários mínimos vigentes no período de referência do Censo Demográfico 2010. Trata-se da renda total do domicílio, não dividida pelo número de moradores, não devendo ser confundida com rendimento domiciliar per capita. Para fins de planejamento amostral e ponderação, foram preservadas as categorias e os percentuais originalmente disponibilizados pelo IBGE, sem reagrupamento ou recálculo das faixas.):

Até 1 salário mínimo 20,31% ;
Mais de 1 a 2 salários mínimos 29,17% ;
Mais de 2 a 5 salários mínimos 37,22% ;
Mais de 5 a 10 salários mínimos 9,62% ;
Mais de 10 salários mínimos 3,68% ;



Fonte dos dados: IBGE-Censo 2010-IBGE-CENSO 2022 (IBGE/Censo 2010 - Classe de rendimento nominal mensal domiciliar) ; https://cidades.ibge.gov.br/brasil/mt/nova-monte-verde/pesquisa/23/24304 ;
""Está prevista eventual ponderação da amostra para correção das variáveis sexo, idade, renda familiar e escolaridade com base nos percentuais anteriormente mencionados, caso ocorram diferenças entre os percentuais previstos na amostra e a coleta de dados realizada. O nível de confiança estimado é de 95% e a margem de erro máxima prevista, baseada em uma amostra aleatória simples (AAS), é de cerca de 6,9 pontos percentuais para mais ou para menos em relação aos totais da amostra. Nível Econômico: IBGE (Censo/2010) - Observação: Conforme informações obtidas do Instituto Brasileiro de Geografia e Estatística, o IBGE, não divulgou - e não tem previsão - de data para divulgação do perfil econômico (nível econômico) da população brasileira; portanto, os dados quanto ao nível econômico obtidos no Censo 2022, não podem ser utilizados, pois não foram publicados.""";"Para a realização da pesquisa, utiliza-se uma equipe de entrevistadores e supervisores credenciados devidamente treinados pela empresa para esse tipo de pesquisa. Após os trabalhos de campo, 100% dos questionários são criticados e passam por uma fiscalização de cerca de 20% (vinte por cento) dos questionários aplicados por cada entrevistador; para verificação da consistência das respostas e da adequação dos entrevistados aos parâmetros amostrais.";"#NULO#"
"28/09/2026";"05:46:54";2026;81;"Eleições Gerais 2026";"MT";"MT";"MATO GROSSO";"MT073622026";"2026-09-25 14:45:46";"S";"11100635000187";"MT DADOS ASSESSORIA E MARKETING LTDA";"MT DADOS PESQUISAS";"Governador, Senador, Deputado Federal, Deputado Estadual";"2026-09-25 00:00:00";"2026-09-30 00:00:00";"2026-10-01 00:00:00";3080;"9622";"Giordano Pedreira Perez da Silveira";"65000,00";"Pesquisa quantitativa híbrida com técnica survey de opinião, com coleta presencial (residencial) através de entrevistas pessoais e recrutamento aleatório (WEB) em navegação de rotina dos usuários, conforme a proporcionalidade de eleitores de cada região e município de Mato Grosso por meio do método PPT (probabilidade proporcional ao tamanho): Definição geográfica de acordo com as 7 regiões (Região da Baixada Cuiabá, Região Norte, Região Sul, Região Sudeste, Região Oeste, Região de Médio Norte e Região Noroeste) do estado de Mato Grosso. As entrevistas serão realizadas através de questionário estruturado aplicado em uma amostra probabilística dos eleitores das regiões e cidades do estado de Mato Grosso. Fonte: Tribunal Superior Eleitoral TSE e de municípios e setores censitários obtidos através da IBGE, sendo os indivíduos abordados em residência e realizados de forma pessoal por meio de cotas amostrais.";"A pesquisa possui amostra de 3.080 entrevistas, o que é representativo para o estado de Mato Grosso, com a margem de erro de 3% para mais ou para menos, com intervalo de confiança de 95,0%. As principais estimativas investigadas na pesquisa referem-se às proporções de eleitores com determinada opinião. A ponderação da amostra nas categorias de gênero, idade e grau de instrução foram calculadas com base nas quantidades de eleitores em cada categoria, informadas pelo Tribunal Superior Eleitoral/TSE atualizada no portal no mês de abril de 2026. Sendo as informações, masculino, 49%; feminino, 51%; de 16 a 17 anos, 2,0%; 18 a 24 anos, 12,0%; de 25 a 34 anos, 20,0%; de 35 a 44 anos, 21,0%, de 45 a 59 anos, 26,0%; de 60 anos ou mais, 19,0%; analfabetos ou que leem e escrevem, 9,0%; ensino fundamental incompleto/completo, 26,0%; ensino médio incompleto/completo, 45,0%; ensino superior incompleto/completo, 20,0%. A ponderação da amostra nas categorias de nível econômico foi calculada com base nas informações do Censo Demográfico do IBGE referentes a rendimentos familiar: Até 01 salário mínimo: 12,0%; Mais de 01 a 02 salários mínimos: 22,0%; Mais de 02 a 05 salários mínimos: 40,0%; Mais de 05 a 10 salários mínimos: 17,0% e mais de 10 salários mínimos: 9,0%. Fonte: PNAD/IBGE 2024.";"1 - Sistema interno de controle e verificação, conferência e fiscalização da coleta de dados e do trabalho de campo: Para realização da pesquisa será utilizada uma equipe de entrevistadores e supervisores devidamente treinados para este trabalho. Após a coleta de dados, os questionários são submetidos à supervisão e checagem de dados de 20% do material via telefônica e local. Além disso, todos os questionários passarão por verificação e crítica, para controle de qualidade.
2 - Sistema interno de controle e verificação, conferência e fiscalização do recrutamento aleatório (WEB) de dados: Coleta feita com a utilização de questionário eletrônico com procedimentos específicos para o armazenamento seguro dos dados (Plataforma Questionpro). São checados manualmente no mínimo 20% dos questionários para detectar possíveis anomalias. Pesquisadores especializados realizam internamente verificação exaustiva dos dados antes da divulgação dos resultados";"#NULO#"
"28/09/2026";"05:46:54";2026;81;"Eleições Gerais 2026";"MT";"MT";"MATO GROSSO";"MT015052026";"2026-09-03 20:01:22";"N";"81908345000140";"INSTITUTO PARANA DE PESQUISAS E ANALISE DE CONSUMIDOR LTDA";"#NULO#";"Governador, Senador";"2026-09-06 00:00:00";"2026-09-08 00:00:00";"2026-09-09 00:00:00";1352;"10245 - 4ª";"Tatiani Cristina Ara";"45000,00";"Pesquisa com metodologia quantitativa, com a realização de entrevistas pessoais, domiciliares e presenciais, utilizando questionário estruturado junto a uma amostra representativa do eleitorado do Estado do Mato Grosso.

";"""A amostra será representativa do eleitorado da área pesquisada e será selecionada em três etapas. Na primeira etapa realiza-se um sorteio probabilístico dos municípios onde as entrevistas serão realizadas através do método PPT (Probabilidade Proporcional ao Tamanho), considerando a população eleitora com 16 anos ou mais residente nos municípios como base para essa seleção. Na segunda etapa, faz-se um sorteio probabilístico das localidades, onde as entrevistas serão realizadas, através do método PPT (Probabilidade Proporcional ao Tamanho), tomando a população eleitora de 16 anos ou mais residente nas localidades como base para essa seleção. Na terceira etapa, a seleção do entrevistado dentro da localidade, será feita utilizando-se quotas amostrais proporcionais, em função das seguintes variáveis:
GÊNERO: TSE Julho 2026 (https://sig.tse.jus.br/ords/dwapr/r/seai/sig-eleitor-eleitorado-mensal/cruzamento-eleitorado-mensal?p24_metricas=E&p24_back=22&p24_cruzamento_1=ds_sexo&clear=24&p0_uf=MT&p0_mes=7&debug=LEVEL5&session=312990078978641)
Masculino - 49%; |
Feminino - 51%; |
FAIXA ETÁRIA: TSE Julho 2026 (https://sig.tse.jus.br/ords/dwapr/r/seai/sig-eleitor-eleitorado-mensal/cruzamento-eleitorado-mensal?p24_cruzamento_1=ds_faixa_etaria&p24_metricas=E&p24_back=22&clear=24&p0_uf=MT&p0_mes=7&debug=LEVEL5&session=8904950028837)
Entre 16 e 24 anos: 13%; |
Entre 25 e 34 anos: 20%; |
Entre 35 e 44 anos: 21%; |
Entre 45 e 59 anos: 26%; |
Com 60 anos ou mais: 20%; |
ESCOLARIDADE: TSE Julho 2026 (https://sig.tse.jus.br/ords/dwapr/r/seai/sig-eleitor-eleitorado-mensal/cruzamento-eleitorado-mensal?p24_cruzamento_1=ds_grau_instrucao&p24_metricas=E&p24_back=22&clear=24&p0_uf=MT&p0_mes=7&debug=LEVEL5&session=309383598034615) Observação: Conforme informações obtidas no site do Tribunal Superior Eleitoral, o TSE, (https://dadosabertos.tse.jus.br/group/about/eleitorado) """"Os registros de grau de escolaridade podem apresentar dados defasados, pois refletem a situação do eleitor na ocasião do cadastramento.""""
De analfabeto até ensino fundamental completo: 34%; |
Ensino médio incompleto ou completo: 46% |
Ensino superior incompleto ou completo: 20% |
RENDA DOMICILIAR MENSAL: (https://cidades.ibge.gov.br/brasil/mt/pesquisa/23/24304) IBGE - Censo 2010. Observação: Conforme informações obtidas do Instituto Brasileiro de Geografia e Estatística, o IBGE, não divulgou - e não tem previsão - de data para divulgação do perfil econômico (nível econômico) da população brasileira; portanto, os dados quanto ao nível econômico obtidos no Censo 2022, não podem ser utilizados, pois não foram publicados. (https://censo2022.ibge.gov.br/panorama/)
Sem rendimentos até 2 salários mínimos: 43% |
Mais de 2 a 5 salários mínimos: 36% |
Mais de 5 salários mínimos: 21% |
Está prevista eventual ponderação para correção das variáveis gênero e faixa etária, com base nos percentuais acima apresentados, caso ocorram diferenças superiores a 3,0 (três) pontos percentuais entre o previsto na amostra e a coleta realizada; para as variáveis escolaridade e renda domiciliar mensal, o fator de ponderação é igual a 1 (resultados obtidos no campo). O nível de confiança estimado é de 95% (noventa e cinco por cento) para uma margem de erro estimada, considerando uma técnica de amostragem aleatória simples, de aproximadamente 2,7 (dois vírgula sete) pontos percentuais para mais ou para menos sobre os resultados obtidos.""




";"""As entrevistas serão conduzidas por uma equipe de entrevistadores e supervisores devidamente qualificados pelo Instituto Paraná Pesquisas, todos com experiência e treinamento específico em pesquisas de opinião pública.
Controle: O controle do processo será realizado por meio de um software de coleta de dados.
Conferência e Fiscalização: Durante a coleta de dados os questionários aplicados são fiscalizados e conferidos através de um supervisor.
Adicionalmente, pelo menos 30% dos questionários passarão por uma verificação posterior, que avaliará a precisão na aplicação e a adequação dos entrevistados às variáveis das quotas amostrais. Ou seja, no mínimo 406 entrevistas desta pesquisa serão auditadas pela equipe de qualidade do Instituto Paraná Pesquisas, podendo essa auditoria ser solicitada ao Instituto a qualquer momento.
Verificação: Após a coleta, os questionários passam por uma etapa de verificação e validação dos dados, para garantir a integridade e precisão dos dados coletados.""






";"""A pesquisa será realizada no Estado do Mato Grosso, a relação dos dados relativos aos municípios e às localidades será apresentado até o dia seguinte à data a partir da qual a pesquisa puder ser divulgada, conforme §7º do art. 2º da Resolução-TSE nº. 23.600/2019""



"
"28/09/2026";"05:46:54";2026;81;"Eleições Gerais 2026";"MT";"MT";"MATO GROSSO";"MT043902026";"2026-08-15 13:30:03";"S";"11100635000187";"MT DADOS ASSESSORIA E MARKETING LTDA";"MT DADOS PESQUISAS";"Governador, Senador, Deputado Federal, Deputado Estadual";"2026-08-15 00:00:00";"2026-08-20 00:00:00";"2026-08-21 00:00:00";3080;"9622";"Giordano Pedreira Perez da Silveira";"65000,00";"Pesquisa quantitativa híbrida com técnica survey de opinião, com coleta presencial (residencial) através de entrevistas pessoais e recrutamento aleatório (WEB) em navegação de rotina dos usuários, conforme a proporcionalidade de eleitores de cada região e município de Mato Grosso por meio do método PPT (probabilidade proporcional ao tamanho): Definição geográfica de acordo com as 7 regiões (Região da Baixada Cuiabá, Região Norte, Região Sul, Região Sudeste, Região Oeste, Região de Médio Norte e Região Noroeste) do estado de Mato Grosso. As entrevistas serão realizadas através de questionário estruturado aplicado em uma amostra probabilística dos eleitores das regiões e cidades do estado de Mato Grosso. Fonte: Tribunal Superior Eleitoral TSE e de municípios e setores censitários obtidos através da IBGE, sendo os indivíduos abordados em residência e realizados de forma pessoal por meio de cotas amostrais.";"A pesquisa possui amostra de 3.080 entrevistas, o que é representativo para o estado de Mato Grosso, com a margem de erro de 3% para mais ou para menos, com intervalo de confiança de 95,0%. As principais estimativas investigadas na pesquisa referem-se às proporções de eleitores com determinada opinião. A ponderação da amostra nas categorias de gênero, idade e grau de instrução foram calculadas com base nas quantidades de eleitores em cada categoria, informadas pelo Tribunal Superior Eleitoral/TSE atualizada no portal no mês de abril de 2026. Sendo as informações, masculino, 49%; feminino, 51%; de 16 a 17 anos, 2,0%; 18 a 24 anos, 12,0%; de 25 a 34 anos, 20,0%; de 35 a 44 anos, 21,0%, de 45 a 59 anos, 26,0%; de 60 anos ou mais, 19,0%; analfabetos ou que leem e escrevem, 9,0%; ensino fundamental incompleto/completo, 26,0%; ensino médio incompleto/completo, 45,0%; ensino superior incompleto/completo, 20,0%. A ponderação da amostra nas categorias de nível econômico foi calculada com base nas informações do Censo Demográfico do IBGE referentes a rendimentos familiar: Até 01 salário mínimo: 12,0%; Mais de 01 a 02 salários mínimos: 22,0%; Mais de 02 a 05 salários mínimos: 40,0%; Mais de 05 a 10 salários mínimos: 17,0% e mais de 10 salários mínimos: 9,0%. Fonte: PNAD/IBGE 2024.";"1 - Sistema interno de controle e verificação, conferência e fiscalização da coleta de dados e do trabalho de campo: Para realização da pesquisa será utilizada uma equipe de entrevistadores e supervisores devidamente treinados para este trabalho. Após a coleta de dados, os questionários são submetidos à supervisão e checagem de dados de 20% do material via telefônica e local. Além disso, todos os questionários passarão por verificação e crítica, para controle de qualidade.
2 - Sistema interno de controle e verificação, conferência e fiscalização do recrutamento aleatório (WEB) de dados: Coleta feita com a utilização de questionário eletrônico com procedimentos específicos para o armazenamento seguro dos dados (Plataforma Questionpro). São checados manualmente no mínimo 20% dos questionários para detectar possíveis anomalias. Pesquisadores especializados realizam internamente verificação exaustiva dos dados antes da divulgação dos resultados ";"#NULO#"
"28/09/2026";"05:46:54";2026;81;"Eleições Gerais 2026";"MT";"MT";"MATO GROSSO";"MT079162026";"2026-09-24 00:18:15";"N";"01403730000104";"E P P EMPRESA DE PESQUISA E CONSULTORIA LTDA";"E P P";"Governador, Senador, Deputado Federal, Deputado Estadual";"2026-09-12 00:00:00";"2026-09-18 00:00:00";"2026-09-30 00:00:00";2003;"8745";"Cleudimar Nobre Dantas";"20000,00";"Pesquisa quantitativa, do tipo survey, com realização de entrevistas diretas, por meio da aplicação de questionário estruturado em uma amostra significativa da população integrantes da área geográfica definida no plano amostral em estudo, composta pelo eleitorado de 19 (dezenove) Municípios da Região do Araguaia/MT, totalizando 228.257 eleitores em agosto de 2026. A pesquisa foi realizada nos dias 12 a 18 de setembro de 2026.";"O universo territorial da pesquisa é constituído pelo eleitorado dos 19 Município da Região do Araguaia/MT, totalizando 228.257 eleitores em agosto de 2026, com 16 anos ou mais, que esteja apto a votar. O tamanho da amostra prevista é de 2.003 entrevistas, com uma margem de erro de 2,19% e confiabilidade de 95%. A distribuição territorial das 2.003 entrevistas é proporcional ao eleitorado de cada município. Essa amostra é estratificada com as cotas de ponderação segundo as variáveis sexo, idade, grau de instrução e nível econômico do eleitorado. O tamanho dos estratos será proporcional a esses segmentos, de acordo com as informações de estatística do eleitorado fornecidas pelo Tribunal Superior Eleitoral ¿ TSE (dados do eleitorado de agosto/2026) e, para as classes de rendimento, dados do Sistema IBGE de Recuperação Automática - SIDRA /2022 (tabela 10.296). Os tamanhos desses segmentos são:
1. Sexo (Feminino: 51,4% / Masculino: 48,6%); 2. Faixa etária (16-24 anos: 13,6% / 25-34 anos: 20,0% / 35-44 anos: 20,9% / 45-59 anos: 25,9% / 60 anos ou mais: 19,6%); 3. Escolaridade (Analfabeto: 3,2% / Lê e escreve: 5,5% / Ensino Fundamental (incompleto/completo): 25,4% / Ensino Médio (incompleto/completo): 45,6% / Ensino Superior (incompleto/completo): 20,3%; 4. Renda familiar (até 1 salário mínimo: 52,0% / De 1 a 2 salários mínimos: 28,7% / De 2 a 5 salários mínimos: 15,4% / De 5 a 10 salários mínimos: 3,0% / Acima de 10 salários mínimos: 0,9%). Ao final da pesquisa, será aplicado fator de ponderação de modo a corrigir as possíveis diferenças entre os valores esperados da amostra e aqueles coletados durante o trabalho de campo.";"A pesquisa foi realizada por uma equipe de 4 (quatro) entrevistadores e 1 (um) supervisor de campo da empresa EPP EMPRESA DE PESQUISA E CONSULTORIA LTDA - ME, devidamente treinados. Os questionários são submetidos a uma fiscalização de, no mínimo, 20% dos questionários aplicados por cada entrevistador. A fiscalização é realizada simultaneamente à coleta de dados em campo.";"A área de abrangência da pesquisa são os 19 Município da Região do Araguaia/MT. A relação completa dos municípios será encaminhada posteriormente, a partir do dia em que a pesquisa puder ser divulgada e até o dia seguinte, conforme Resolução 23.600/2019 do TSE."
"28/09/2026";"05:46:54";2026;81;"Eleições Gerais 2026";"MT";"MT";"MATO GROSSO";"MT020942026";"2026-09-24 12:35:31";"N";"81908345000140";"INSTITUTO PARANA DE PESQUISAS E ANALISE DE CONSUMIDOR LTDA";"#NULO#";"Governador, Senador";"2026-09-27 00:00:00";"2026-09-29 00:00:00";"2026-09-30 00:00:00";1352;"10245 - 4ª";"Tatiani Cristina Ara";"45000,00";"Pesquisa com metodologia quantitativa, com a realização de entrevistas pessoais, domiciliares e presenciais, utilizando questionário estruturado junto a uma amostra representativa do eleitorado do Estado do Mato Grosso.
";"""A amostra será representativa do eleitorado da área pesquisada e será selecionada em três etapas. Na primeira etapa realiza-se um sorteio probabilístico dos municípios onde as entrevistas serão realizadas através do método PPT (Probabilidade Proporcional ao Tamanho), considerando a população eleitora com 16 anos ou mais residente nos municípios como base para essa seleção. Na segunda etapa, faz-se um sorteio probabilístico das localidades, onde as entrevistas serão realizadas, através do método PPT (Probabilidade Proporcional ao Tamanho), tomando a população eleitora de 16 anos ou mais residente nas localidades como base para essa seleção. Na terceira etapa, a seleção do entrevistado dentro da localidade, será feita utilizando-se quotas amostrais proporcionais, em função das seguintes variáveis:
GÊNERO: TSE Agosto 2026 (https://sig.tse.jus.br/ords/dwapr/r/seai/sig-eleitor-eleitorado-mensal/cruzamento-eleitorado-mensal?p24_metricas=E&p24_back=22&p24_cruzamento_1=ds_sexo&clear=24&p0_uf=MT&p0_mes=8&debug=LEVEL5&session=312990078978641)
Masculino - 49%; |
Feminino - 51%; |
FAIXA ETÁRIA: TSE Agosto 2026 (https://sig.tse.jus.br/ords/dwapr/r/seai/sig-eleitor-eleitorado-mensal/cruzamento-eleitorado-mensal?p24_cruzamento_1=ds_faixa_etaria&p24_metricas=E&p24_back=22&clear=24&p0_uf=MT&p0_mes=8&debug=LEVEL5&session=8904950028837)
Entre 16 e 24 anos: 13%; |
Entre 25 e 34 anos: 20%; |
Entre 35 e 44 anos: 21%; |
Entre 45 e 59 anos: 26%; |
Com 60 anos ou mais: 20%; |
ESCOLARIDADE: TSE Agosto 2026 (https://sig.tse.jus.br/ords/dwapr/r/seai/sig-eleitor-eleitorado-mensal/cruzamento-eleitorado-mensal?p24_cruzamento_1=ds_grau_instrucao&p24_metricas=E&p24_back=22&clear=24&p0_uf=MT&p0_mes=8&debug=LEVEL5&session=309383598034615) Observação: Conforme informações obtidas no site do Tribunal Superior Eleitoral, o TSE, (https://dadosabertos.tse.jus.br/group/about/eleitorado) """"Os registros de grau de escolaridade podem apresentar dados defasados, pois refletem a situação do eleitor na ocasião do cadastramento.""""
De analfabeto até ensino fundamental completo: 34%; |
Ensino médio incompleto ou completo: 46% |
Ensino superior incompleto ou completo: 20% |
RENDA DOMICILIAR MENSAL: (https://cidades.ibge.gov.br/brasil/mt/pesquisa/23/24304) IBGE - Censo 2010. Observação: Conforme informações obtidas do Instituto Brasileiro de Geografia e Estatística, o IBGE não divulgou - e não tem previsão de data - para divulgação do perfil econômico (nível econômico) da população brasileira nos parâmetros metodológicos utilizados pela Paraná Pesquisas (renda domiciliar mensal), tendo sido divulgados apenas a renda per capita; portanto, os dados divulgados pelo IBGE, por exemplo, em 2022 e 2025 quanto ao nível econômico, não podem ser utilizados pois não correspondem aos parâmetros metodológicos utilizados pela Paraná Pesquisas.
Sem rendimentos até 2 salários mínimos: 43% |
Mais de 2 a 5 salários mínimos: 36% |
Mais de 5 salários mínimos: 21% |
Está prevista eventual ponderação para correção das variáveis gênero e faixa etária, com base nos percentuais acima apresentados, caso ocorram diferenças superiores a 3,0 (três) pontos percentuais entre o previsto na amostra e a coleta realizada; para as variáveis escolaridade e renda domiciliar mensal, o fator de ponderação é igual a 1 (resultados obtidos no campo). O nível de confiança estimado é de 95% (noventa e cinco por cento) para uma margem de erro estimada, considerando uma técnica de amostragem aleatória simples, de aproximadamente 2,7 (dois vírgula sete) pontos percentuais para mais ou para menos sobre os resultados obtidos.""



";"""As entrevistas serão conduzidas por uma equipe de entrevistadores e supervisores devidamente qualificados pelo Instituto Paraná Pesquisas, todos com experiência e treinamento específico em pesquisas de opinião pública.
Controle: O controle do processo será realizado por meio de um software de coleta de dados.
Conferência e Fiscalização: Durante a coleta de dados os questionários aplicados são fiscalizados e conferidos através de um supervisor.
Adicionalmente, pelo menos 30% dos questionários passarão por uma verificação posterior, que avaliará a precisão na aplicação e a adequação dos entrevistados às variáveis das quotas amostrais. Ou seja, no mínimo 406 entrevistas desta pesquisa serão auditadas pela equipe de qualidade do Instituto Paraná Pesquisas, podendo essa auditoria ser solicitada ao Instituto a qualquer momento.
Verificação: Após a coleta, os questionários passam por uma etapa de verificação e validação dos dados, para garantir a integridade e precisão dos dados coletados.""



";"""A pesquisa será realizada no Estado do Mato Grosso, a relação dos dados relativos aos municípios e às localidades será apresentado até o dia seguinte à data a partir da qual a pesquisa puder ser divulgada, conforme §7º do art. 2º da Resolução-TSE nº. 23.600/2019""



"
"28/09/2026";"05:46:54";2026;81;"Eleições Gerais 2026";"MT";"MT";"MATO GROSSO";"MT079682026";"2026-09-24 08:18:55";"N";"17045348000106";"AAJ SERVICOS DE PUBLICIDADE LTDA";"POVO E PODER PESQUISA DE OPINIAO PUBLICA";"Governador, Senador, Deputado Federal, Deputado Estadual, Deputado Distrital";"2026-09-19 00:00:00";"2026-09-27 00:00:00";"2026-09-30 00:00:00";1200;"10924";"Izadora Zdanowsky Calmon dos Reis Pimentel";"18000,00";"Metodologia quantitativa de pesquisa com desenho amostral misto, combinando estratificação regional com alocação proporcional ao tamanho (PPT) e seleção dos entrevistados por cotas representativas. A pesquisa é realizada por meio de entrevistas pessoais aplicadas a eleitores do estado do Mato Grosso com 16 anos ou mais. A amostragem estrutura-se nas seguintes etapas: 1. Estratificação Regional: Alocação das cotas de entrevistas de forma proporcional ao eleitorado dos macroestratos do estado (Baixada Cuiabana e Interior); 2. Alocação Municipal e Dispersão Espacial (PPT): Seleção de municípios representativos dentro de cada macroestrato, com o volume de entrevistas distribuído com probabilidade proporcional ao tamanho (PPT) do eleitorado local. A cobertura interna em cada município abrange diferentes bairros e áreas de fluxo urbano e rural, sendo o controle e a auditoria geográfica realizados por meio do registro do bairro e/ou das coordenadas de geolocalização (latitude e longitude) no momento da abordagem; 3. Seleção Final por Cotas: A abordagem aos eleitores no campo é conduzida com controle rigoroso de cotas demográficas representativas do perfil do eleitorado, considerando sexo, faixa etária, grau de instrução e nível econômico.";"Para o cálculo do tamanho da amostra, foram considerados os 2.639.075 eleitores do Estado de Mato Grosso (fonte: TSE 2026) aptos a votar, nível de
confiança de 95%, variância máxima e erro amostral máximo admitido de 2,83%. Tamanho da amostra mínima: 1.200 entrevistas. Considerando o universo infinito (acima de 100.000 elementos) de 2.639.075 eleitores do Estado do Mato Grosso (fonte: TSE 2026), um nível de confiança de 95%, erro amostral máximo admitido de 2,83% para mais ou para menos e variância máxima, a dimensão amostral será de 1.200 entrevistas pessoais, a serem coletadas entre 19/09/2026 e 27/09/2026. A amostra será ponderada por sexo, faixa etária, escolaridade e nível econômico. ? SEXO: Feminino: 51,39%; Masculino: 48,61% (Fonte: TSE 08/2026). ? FAIXA ETÁRIA: 16 a 24 anos: 13,55%; 25 a 34 anos: 20,03%; 35 a 44 anos: 20,88%; 45 a 59 anos: 25,94%; 60 anos ou mais: 19,60% (Fonte: TSE 08/2026). ? ESCOLARIDADE: Até Ensino Fundamental Completo: 34,10%; Ensino Médio (Incompleto e Completo): 45,57%; Ensino Superior (Incompleto e Completo): 20,33% (Fonte: TSE 08/2026). ? RENDA MENSAL DOMICILIAR PER CAPITA: Até 1 Salário Mínimo: 51,99%; De 1 a 2 Salários Mínimos: 28,74%; De 2 a 5 Salários Mínimos: 15,43%; Mais de 5 Salários Mínimos: 3,84% (Fonte: IBGE - CENSO 2022).
Observação 1: Como não há dados oficiais de renda exclusivos para o perfil do eleitorado, utiliza-se como parâmetro a distribuição de rendimento domiciliar per capita da população geral. A fonte adotada é a Tabela 10296 do Censo Demográfico 2022 (IBGE). Observação 2: Respostas 'Não Sabe / Não Respondeu' nos quesitos demográficos de controle não compõem os parâmetros populacionais e serão tratadas no processamento estatístico como valores ausentes (missing values), sendo excluídas exclusivamente do cálculo do respectivo fator de ponderação. Observação 3: Como a pesquisa utiliza um desenho amostral não probabilístico por cotas, a margem de erro máxima de 2,83 pontos percentuais e o nível de confiança de 95% são apresentados como uma referência teórica convencional pré-coleta, calculada com base no modelo de Amostragem Aleatória Simples (? = 0,50). O acréscimo de variância inerente ao uso de pesos desiguais na etapa de calibração (Efeito de Desenho) será avaliado após a consolidação do banco de dados.";"O questionário é estruturado com perguntas para respostas espontâneas e estimuladas. A equipe é composta por pesquisadores de campo devidamente identificados, coordenador e supervisor. Aproximadamente 20% das amostras coletadas serão checadas, destarte, garantido a autenticidade, transparência e qualidade no trabalho. No processo de entrevistas tipo escala serão abordados no máximo dois eleitores por quadra residentes em lados opostos e com distância mínima de cinco residências.";"Alocação das cotas de entrevistas de forma proporcional ao eleitorado dos macroestratos do estado (Baixada Cuiabana e Interior); 2. Alocação Municipal e Dispersão Espacial (PPT): Seleção de municípios representativos dentro de cada macroestrato, com o volume de entrevistas distribuído com probabilidade proporcional ao tamanho (PPT) do eleitorado local. A cobertura interna em cada município abrange diferentes bairros e áreas de fluxo urbano e rural, sendo o controle e a auditoria geográfica realizados por meio do registro do bairro e/ou das coordenadas de geolocalização (latitude e longitude) no momento da abordagem."
"28/09/2026";"05:46:54";2026;81;"Eleições Gerais 2026";"MT";"MT";"MATO GROSSO";"MT080622026";"2026-09-27 20:47:06";"N";"81908345000140";"INSTITUTO PARANA DE PESQUISAS E ANALISE DE CONSUMIDOR LTDA";"#NULO#";"Governador";"2026-09-30 00:00:00";"2026-10-03 00:00:00";"2026-10-03 00:00:00";1304;"10245 - 4ª";"Tatiani Cristina Ara";"45000,00";"Pesquisa com metodologia quantitativa, com a realização de entrevistas pessoais, domiciliares e presenciais, utilizando questionário estruturado junto a uma amostra representativa do eleitorado do Estado do Mato Grosso.

";"""A amostra será representativa do eleitorado da área pesquisada e será selecionada em três etapas. Na primeira etapa realiza-se um sorteio probabilístico dos municípios onde as entrevistas serão realizadas através do método PPT (Probabilidade Proporcional ao Tamanho), considerando a população eleitora com 16 anos ou mais residente nos municípios como base para essa seleção. Na segunda etapa, faz-se um sorteio probabilístico das localidades, onde as entrevistas serão realizadas, através do método PPT (Probabilidade Proporcional ao Tamanho), tomando a população eleitora de 16 anos ou mais residente nas localidades como base para essa seleção. Na terceira etapa, a seleção do entrevistado dentro da localidade, será feita utilizando-se quotas amostrais proporcionais, em função das seguintes variáveis:
GÊNERO: TSE Agosto 2026 (https://sig.tse.jus.br/ords/dwapr/r/seai/sig-eleitor-eleitorado-mensal/cruzamento-eleitorado-mensal?p24_metricas=E&p24_back=22&p24_cruzamento_1=ds_sexo&clear=24&p0_uf=MT&p0_mes=8&debug=LEVEL5&session=312990078978641)
Masculino - 49%; |
Feminino - 51%; |
FAIXA ETÁRIA: TSE Agosto 2026 (https://sig.tse.jus.br/ords/dwapr/r/seai/sig-eleitor-eleitorado-mensal/cruzamento-eleitorado-mensal?p24_cruzamento_1=ds_faixa_etaria&p24_metricas=E&p24_back=22&clear=24&p0_uf=MT&p0_mes=8&debug=LEVEL5&session=8904950028837)
Entre 16 e 24 anos: 13%; |
Entre 25 e 34 anos: 20%; |
Entre 35 e 44 anos: 21%; |
Entre 45 e 59 anos: 26%; |
Com 60 anos ou mais: 20%; |
ESCOLARIDADE: TSE Agosto 2026 (https://sig.tse.jus.br/ords/dwapr/r/seai/sig-eleitor-eleitorado-mensal/cruzamento-eleitorado-mensal?p24_cruzamento_1=ds_grau_instrucao&p24_metricas=E&p24_back=22&clear=24&p0_uf=MT&p0_mes=8&debug=LEVEL5&session=309383598034615) Observação: Conforme informações obtidas no site do Tribunal Superior Eleitoral, o TSE, (https://dadosabertos.tse.jus.br/group/about/eleitorado) """"Os registros de grau de escolaridade podem apresentar dados defasados, pois refletem a situação do eleitor na ocasião do cadastramento.""""
De analfabeto até ensino fundamental completo: 34%; |
Ensino médio incompleto ou completo: 46% |
Ensino superior incompleto ou completo: 20% |
RENDA DOMICILIAR MENSAL: (https://cidades.ibge.gov.br/brasil/mt/pesquisa/23/24304) IBGE - Censo 2010. Observação: Conforme informações obtidas do Instituto Brasileiro de Geografia e Estatística, o IBGE não divulgou - e não tem previsão de data - para divulgação do perfil econômico (nível econômico) da população brasileira nos parâmetros metodológicos utilizados pela Paraná Pesquisas (renda domiciliar mensal), tendo sido divulgados apenas a renda per capita; portanto, os dados divulgados pelo IBGE, por exemplo, em 2022 e 2025 quanto ao nível econômico, não podem ser utilizados pois não correspondem aos parâmetros metodológicos utilizados pela Paraná Pesquisas.
Sem rendimentos até 2 salários mínimos: 43% |
Mais de 2 a 5 salários mínimos: 36% |
Mais de 5 salários mínimos: 21% |
Está prevista eventual ponderação para correção das variáveis gênero e faixa etária, com base nos percentuais acima apresentados, caso ocorram diferenças superiores a 3,0 (três) pontos percentuais entre o previsto na amostra e a coleta realizada; para as variáveis escolaridade e renda domiciliar mensal, o fator de ponderação é igual a 1 (resultados obtidos no campo). O nível de confiança estimado é de 95% (noventa e cinco por cento) para uma margem de erro estimada, considerando uma técnica de amostragem aleatória simples, de aproximadamente 2,8 (dois vírgula oito) pontos percentuais para mais ou para menos sobre os resultados obtidos.""




";"""As entrevistas serão conduzidas por uma equipe de entrevistadores e supervisores devidamente qualificados pelo Instituto Paraná Pesquisas, todos com experiência e treinamento específico em pesquisas de opinião pública.
Controle: O controle do processo será realizado por meio de um software de coleta de dados.
Conferência e Fiscalização: Durante a coleta de dados os questionários aplicados são fiscalizados e conferidos através de um supervisor.
Adicionalmente, pelo menos 30% dos questionários passarão por uma verificação posterior, que avaliará a precisão na aplicação e a adequação dos entrevistados às variáveis das quotas amostrais. Ou seja, no mínimo 392 entrevistas desta pesquisa serão auditadas pela equipe de qualidade do Instituto Paraná Pesquisas, podendo essa auditoria ser solicitada ao Instituto a qualquer momento.
Verificação: Após a coleta, os questionários passam por uma etapa de verificação e validação dos dados, para garantir a integridade e precisão dos dados coletados.""




";"""A pesquisa será realizada no Estado do Mato Grosso, a relação dos dados relativos aos municípios e às localidades será apresentado até o dia seguinte à data a partir da qual a pesquisa puder ser divulgada, conforme §7º do art. 2º da Resolução-TSE nº. 23.600/2019""




"
"28/09/2026";"05:46:54";2026;81;"Eleições Gerais 2026";"MT";"MT";"MATO GROSSO";"MT037732026";"2026-05-13 09:37:59";"S";"11100635000187";"MT DADOS ASSESSORIA E MARKETING LTDA";"MT DADOS PESQUISAS";"Governador, Senador, Deputado Federal, Deputado Estadual, Deputado Distrital";"2026-05-12 00:00:00";"2026-05-27 00:00:00";"2026-05-19 00:00:00";1500;"8233-A";"ROSANE COELHO DA SILVA SALES";"65000,00";"Pesquisa quantitativa com técnica de survey de opinião, consistindo de entrevistas individuais pessoais de forma presencial em residência ""in loco"" definidas conforme a proporcionalidade de eleitores de cada região e município de Mato Grosso por meio do método PPT (probabilidade proporcional ao tamanho): Definição geográfica de acordo com as 7 regiões (Região da Baixada Cuiaba, Região Norte, Regiao Sul, Região Sudeste, Região Oeste, Região de Médio Norte e Região Noroeste) do estado de Mato Grosso. As entrevistas serão realizadas através de questionário estruturado aplicado em uma amostra probabilística dos eleitores das regiões e cidades do estado de Mato Grosso. Fonte: Tribunal Superior Eleitoral TSE e de municípios e setores censitários obtidos através da IBGE, sendo os indivíduos abordados em residência e realizados de forma pessoal por meio de cotas amostrais.";"A pesquisa possui amostra de 1.500 entrevistas, o que é representativo para o estado de Mato Grosso, com a margem de erro de 3% para mais ou para menos, com intervalo de confiança de 95,0%. As principais estimativas investigadas na pesquisa referem-se às proporções de eleitores com determinada opinião. A ponderação da amostra nas categorias de gênero, idade e grau de instrução foram calculadas com base nas quantidades de eleitores em cada categoria, informadas pelo Tribunal Superior Eleitoral/TSE atualizada no portal no mês de abril de 2026. Sendo as informações, masculino, 49%; feminino, 51%; de 16 a 17 anos, 2,0%; 18 a 24 anos, 12,0%; de 25 a 34 anos, 20,0%; de 35 a 44 anos, 21,0%, de 45 a 59 anos, 26,0%; de 60 anos ou mais, 19,0%; analfabetos ou que leem e escrevem, 9,0%; ensino fundamental incompleto/completo, 26,0%; ensino médio incompleto/completo, 45,0%; ensino superior incompleto/completo, 20,0%. A ponderação da amostra nas categorias de nível econômico foram calculadas com base nas informações do Censo Demográfico do IBGE referentes a rendimentos familiar: Até 01 salário mínimo: 12,0%; Mais de 01 a 02 salários mínimos: 22,0%; Mais de 02 a 05 salários mínimos :40,0%; Mais de 05 a 10 salários mínimos: 17,0% e mais de 10 salários mínimos: 9,0%. Fonte: PNAD/IBGE 2024.";"Sistema interno de controle e verificação, conferência e fiscalização da coleta de dados e do trabalho de campo: Para realização da pesquisa será utilizada uma equipe de entrevistadores e supervisores devidamente treinados para este trabalho. Após a coleta de dados, os questionários são submetidos à supervisão e checagem de dados de 20% do material via telefônica e local. Além disso, todos os questionários passarão por verificação e crítica, para controle de qualidade.";"#NULO#"
"28/09/2026";"05:46:54";2026;81;"Eleições Gerais 2026";"MT";"MT";"MATO GROSSO";"MT017552026";"2026-05-27 17:03:35";"S";"22345021000181";"REAL TIME MIDIA LTDA";"REAL TIME BIG DATA";"Governador, Senador";"2026-05-30 00:00:00";"2026-06-01 00:00:00";"2026-06-02 00:00:00";1600;"10839";"Isabela Zara Cremoneze";"64000,00";"Pesquisa quantitativa, que consiste na realização de entrevistas pessoais, com a aplicação de questionário estruturado junto a uma amostra representativa do eleitorado em estudo. Pesquisa realizada no Estado do Mato Grosso (MT).";"Representativo do eleitorado da área em estudo, elaborada em três estágios. 
No primeiro estágio, realiza-se um sorteio probabilístico dos municípios onde as entrevistas serão realizadas, pelo método PPT (Probabilidade Proporcional ao Tamanho), tomando a população eleitora de 16 anos ou mais residente nos municípios como base para essa seleção.
No segundo estágio, efetua-se um sorteio probabilístico das localidades dentro dos municípios selecionados, também pelo método PPT (Probabilidade Proporcional ao Tamanho), considerando a população eleitora de 16 anos ou mais residente nessas localidades como base para a seleção.
No terceiro e último estágio, dentro das localidades sorteadas, os respondentes são selecionados por meio de quotas amostrais proporcionais, em função de variáveis significativas, a saber:

GÊNERO:
Feminino: 51,4%;
Masculino: 48,6%.
(Fonte: TSE (Abril/2026) - https://sig.tse.jus.br/ords/dwapr/r/seai/sig-eleitor-eleitorado-mensal/cruzamento-eleitorado-mensal?p24_metricas=E&p24_back=22&p24_cruzamento_1=ds_sexo&clear=24&session=208516945418313)
FAIXA ETÁRIA:
16 anos: 0,6%;
17 anos: 1,0%;
18 a 20 anos: 4,8%;
21 a 24 anos: 7,2%;
25 a 34 anos: 20,2%;
35 a 44 anos: 21,1%;
45 a 59 anos: 25,8%;
60 a 69 anos: 11,4%;
70 a 79 anos: 5,7%;
Superior a 79 anos: 2,1%.
(Fonte: TSE (Abril/2026) - https://sig.tse.jus.br/ords/dwapr/r/seai/sig-eleitor-eleitorado-mensal/cruzamento-eleitorado-mensal?p24_cruzamento_1=ds_faixa_etaria&p24_metricas=E&p24_back=22&clear=24&session=208516945418313)
ESCOLARIDADE:
Analfabeto: 3,2%;
Lê e Escreve: 5,6%;
Ensino Fundamental Incompleto: 20,1%;
Ensino Fundamental Completo: 5,4%;
Ensino Médio Incompleto: 18,3%;
Ensino Médio Completo: 27,1%;
Ensino Superior Incompleto: 6,5%;
Ensino Superior Completo: 13,7%.
(Fonte: TSE (Abril/2026) - https://sig.tse.jus.br/ords/dwapr/r/seai/sig-eleitor-eleitorado-mensal/cruzamento-eleitorado-mensal?p24_cruzamento_1=ds_grau_instrucao&p24_metricas=E&p24_back=22&clear=24&session=208516945418313)
RENDA DOMICILIAR MENSAL:
Sem rendimento: 4,5%;
Até 1/2 Salário Mínimo: 1,9%;
Mais de 1/2 a 1 Salário Mínimo: 12,9%;
Mais de 1 a 2 Salários Mínimos: 23,8%;
Mais de 2 a 5 Salários Mínimos: 36,3%;
Mais de 5 a 10 Salários Mínimos: 14,1%;
Mais de 10 a 20 Salários Mínimos: 4,6%;
Mais de 20 Salários Mínimos: 1,8%.
(Fonte: IBGE (Censo 2010) )
https://cidades.ibge.gov.br/brasil/mt/pesquisa/23/24304?detalhes=true)
Observação: De acordo com informações do Instituto Brasileiro de Geografia e Estatística (IBGE), não há previsão de data para a divulgação do perfil econômico da população brasileira do CENSO 2022. Portanto, os dados sobre o nível econômico obtidos no Censo 2022 não podem ser utilizados, pois ainda não foram publicados.
Está prevista eventual ponderação para correção das variáveis sexo e idade, com base nos percentuais anteriormente mencionados, caso ocorram diferenças superiores a 3 pontos percentuais entre o previsto na amostra e a coleta de dados realizada. Para as variáveis de grau de instrução e nível econômico do entrevistado, o fator previsto para ponderação é 1 (resultados obtidos em campo). O nível de confiança estimado é de 95% e a margem de erro máxima estimada considerando um modelo de amostragem aleatório simples, é de aproximadamente 2 (dois) pontos percentuais para mais ou para menos sobre os resultados encontrados no total da amostra.
";"O trabalho de coleta de dados é acompanhado presencialmente por supervisores. São selecionados aleatoriamente 15% (quinze por cento) dos questionários para uma verificação posterior com ligações telefônicas para os números indicados nos formulários, em caso de dúvida, o formulário é descartado e o entrevistador chamado para esclarecimentos.";"O anexo do arquivo com os bairros será realizado até o dia seguinte da divulgação conforme indicado no §7º. do art. 2º. da Resolução-TSE nº. 23.600/2019.

"
"28/09/2026";"05:46:54";2026;81;"Eleições Gerais 2026";"MT";"MT";"MATO GROSSO";"MT090252026";"2026-09-24 17:53:45";"S";"10544202000158";"PERCENT PESQUISA DE MERCADO E OPINIAO LTDA";"PERCENT PESQUISA DE MERCADO E OPINIAO";"Governador, Senador, Deputado Federal, Deputado Estadual";"2026-09-26 00:00:00";"2026-09-29 00:00:00";"2026-09-30 00:00:00";1200;"C10965";"Nathany Luzia de Oliveira";"30000,00";"Pesquisa quantitativa com técnica de survey de opinião, consistindo de entrevistas individuais pessoais de forma presencial em residência ""inloco"" definidas conforme a proporcionalidade de eleitores de cada região e município de Mato Grosso por meio do método PPT (probabilidade proporcional ao tamanho): Definição geográfica de acordo com as regiões sendo: Centro-sul, Sudeste, Nordeste, Oeste, Noroeste, Médio-Norte e Norte do estado de Mato Grosso. Fonte: Divisões do Estado pelo Instituto Mato-grossense de Economia Agropecuária IMEA-MT atualizada. As entrevistas serão realizadas através de questionário estruturado aplicado em uma amostra probabilística dos eleitores das regiões e cidades do estado de Mato Grosso. Fonte: Tribunal Superior Eleitoral TSE e de municípios e setores censitários obtidos através do IBGE, sendo os indivíduos abordados em residência e realizados de forma pessoal por meio de cotas amostrais de sexo, idade, grau de instrução e renda. Fonte: Tribunal Superior Eleitoral e IBGE.";"Plano amostral e ponderação/extrato quanto ao sexo, idade, grau de instrução e nível econômico do entrevistado; intervalo de confiança e margem de erro: A pesquisa possui amostra de 1.200 entrevistas, o que é representativo para o estado de Mato Grosso, com a margem de erro de 2,83% para mais ou para menos, com intervalo de confiança de 95,0%. As principais estimativas investigadas na pesquisa referem-se às proporções de eleitores com determinada opinião. O erro amostral para estas estimativas é de 2,83% para mais ou para menos com um nível de confiança de 95%. A ponderação da amostra nas categorias de sexo, idade e grau de instrução foram calculadas com base nas quantidades de eleitores em cada categoria, informadas pelo Tribunal Superior Eleitoral/TSE atualizada no portal no mês de agosto de 2026. Sendo as informações, masculino, 49%; feminino, 51%; de 15 a 17 anos, 2,06%; 18 a 24 anos, 12,13%; de 25 a 34 anos, 20,08%; de 35 a 44 anos, 20,95%, de 45 a 59 anos, 25,67%; de 60 anos ou mais, 19,11%; analfabetos ou que leem e escrevem, 8,76%; ensino fundamental incompleto/completo, 25,36%; ensino médio incompleto/completo, 45,56%; ensino superior incompleto/completo, 20,32%. A ponderação da amostra nas categorias de nível econômico foram calculadas com base nas informações do Censo Demográfico do IBGE referentes a rendimentos familiar: Até 01 salário mínimo ¿ 12,1%; Mais de 01 a 02 salários mínimos ¿ 22,4%; Mais de 02 a 05 salários mínimos ¿ 39,6%; Mais de 05 a 10 salários mínimos 16,9% e mais de 10 salários mínimos ¿ 9,0%. Fonte: PNAD/IBGE 2024.";"Sistema interno de controle e verificação, conferência e fiscalização da coleta de dados e do trabalho de campo: Para realização da pesquisa será utilizada uma equipe de entrevistadores e supervisores devidamente treinados para este trabalho. Após a coleta de dados, os questionários são submetidos à supervisão e crítica de 100% e checagem de dados de 20% do material via telefônica e/ou local. Além disso, todos os questionários passarão por verificação e crítica, para controle de qualidade.";"Dados relativos aos municípios e bairros abrangidos pela pesquisa. Na ausência de delimitação do bairro, será identificada a área em que foi realizada a pesquisa(conforme §7º. do art. 2º. da Resolução-TSE nº. 23.600/2019, A partir do dia em que a pesquisa puder ser divulgada e até o dia seguinte, o registro deverá ser complementado, sob pena de ser a pesquisa considerada não registrada; na ausência de delimitação do bairro, será identificada a área em que foi realizada):"
"28/09/2026";"05:46:54";2026;81;"Eleições Gerais 2026";"MT";"MT";"MATO GROSSO";"MT067652026";"2026-09-26 22:19:56";"S";"00654576000172";"INSTITUTO VERITA LTDA";"VERITA";"Governador, Senador";"2026-09-26 00:00:00";"2026-10-01 00:00:00";"2026-10-02 00:00:00";1220;"10699";"Guilherme Alvarenga Laia";"93940,00";"Estudo quantitativo voltado às Eleições 2026, realizado por meio de entrevistas individuais, aplicadas mediante questionário eletrônico estruturado e Unidade Automatizada de Respostas Audíveis e Auditáveis, por meio de ligações para telefones móveis (celulares). A inteligência artificial é empregada exclusivamente para a transcrição automatizada das respostas em áudio, não interferindo na formulação das perguntas, na condução das entrevistas, na coleta das informações, na interpretação das respostas ou no tratamento estatístico dos dados.

A participação dos eleitores é voluntária, espontânea e não remunerada. As respostas são prestadas por autodeclaração, sendo, em sua maioria, registradas por meio de códigos numéricos correspondentes às alternativas previamente definidas no questionário.

A utilização de sistema eletrônico automatizado para a coleta e o registro das respostas proporciona elevado nível de padronização operacional, reduz a possibilidade de interferência humana durante a realização das entrevistas, amplia a rastreabilidade e a auditabilidade de todo o processo de coleta e contribui para maior precisão, consistência e confiabilidade dos dados obtidos.

O plano amostral foi elaborado para assegurar a representatividade estatística do eleitorado da respectiva Unidade da Federação, observando critérios técnicos de seleção, distribuição e ponderação da amostra, quando aplicáveis.";"A pesquisa foi planejada para produzir uma amostra estatisticamente representativa do eleitorado do estado DO MATO GROSSO, utilizando o método de Probabilidade Proporcional ao Tamanho (PPT), com plano amostral em múltiplos estágios. Na primeira etapa, esta Unidade da Federação é dividida em macrorregiões, de forma a assegurar adequada distribuição territorial da amostra e representação das diferentes características geográficas, demográficas e eleitorais. Na segunda etapa, os municípios de cada estrato são ordenados segundo seu porte populacional e eleitoral e sorteados. Na terceira etapa, os respondentes são selecionados entre os eleitores aptos residentes nos municípios sorteados, observando-se a distribuição proporcional da amostra e as cotas estabelecidas para as variáveis de sexo, faixa etária, grau de instrução e nível econômico. As cotas são estabelecidas para a pesquisa completa, considerando a composição do eleitorado e os parâmetros oficiais de referência, não sendo aplicadas isoladamente a cada município selecionado.

SEXO E FAIXA ETÁRIA - Fonte: Tribunal Superior Eleitoral (TSE), Perfil do Eleitorado, junho de 2026. Feminino de 16 a 34 anos: 17,8%; Masculino de 16 a 34 anos: 16,4%; Feminino de 35 a 54 anos: 20,2%; Masculino de 35 a 54 anos: 19%; Feminino com 55 anos ou mais: 13,4%; Masculino com 55 anos ou mais: 13,2%. Os parâmetros de sexo e idade têm como referência o cadastro eleitoral brasileiro atualizado pelo Tribunal Superior Eleitoral, considerando o universo de eleitores aptos com 16 anos ou mais.

GRAU DE INSTRUÇÃO - Fonte: IBGE - PNAD Contínua Anual 2025. A distribuição é: sem instrução 3,3%; ensino fundamental incompleto ou equivalente 21,6%; ensino fundamental completo ou equivalente 7,7%; ensino médio incompleto ou equivalente 11%; ensino médio completo ou equivalente 32,8%; ensino superior incompleto ou equivalente 6,1%; ensino superior completo 17,5%. Para não confundir os respondentes as faixas de escolaridade no questionário foram agrupadas em 3 faixas: até ensino fundamental incompleto e completo, ensino médio incompleto e completo e superior incompleto, completo ou mais. A PNAD Contínua é utilizada como referência por constituir a fonte oficial mais atualizada para a mensuração do nível de instrução da população brasileira, sua utilização também corrige limitações decorrentes da ausência de atualização obrigatória e contínua das informações de escolaridade no cadastro eleitoral do Tribunal Superior Eleitoral.

NÍVEL ECONÔMICO - RENDA FAMILIAR DO DOMICÍLIO - Fonte: IBGE - PNAD Contínua Anual 2025. Considera-se a renda domiciliar total, compreendendo rendimentos provenientes de trabalho formal e informal, aposentadorias, pensões, benefícios sociais e demais fontes de renda existentes no domicílio. observando-se a seguinte distribuição: renda familiar de até 2 salários-mínimos 31,6%; de 2 a 5 salários-mínimos 44,1%, acima de 5 salários-mínimos 24,2%.

PONDERAÇÃO E CALIBRAÇÃO DA AMOSTRA - Prevê-se eventual ponderação das variáveis de sexo, faixa etária, grau de instrução e nível econômico, caso sejam verificadas diferenças relevantes entre a distribuição da amostra efetivamente coletada e os parâmetros populacionais de referência adotados. Inicialmente, o fator de ponderação é igual a 1 (um), podendo ser recalculado sempre que necessário para assegurar a representatividade estatística da amostra.
INTERVALO DE CONFIANÇA E MARGEM DE ERRO - O intervalo de confiança adotado é de 95%, com margem máxima estimada de erro de aproximadamente 3 pontos percentuais, para mais ou para menos, sobre os resultados do total da amostra, calculada segundo o modelo de amostragem aleatória simples e a hipótese de máxima variabilidade.";"Após os trabalhos de coleta de dados, os questionários são submetidos a uma fiscalização, conferência e checagem de cerca de 20% (vinte por cento) dos questionários aplicados. Todas as entrevistas são integralmente registradas em áudio, permanecendo auditáveis e rastreáveis, permitindo a verificação da integridade do processo de coleta, preservado o sigilo das informações pessoais dos entrevistados e observadas as disposições da Lei Geral de Proteção de Dados Pessoais (Lei nº 13.709/2018).";"Em observância ao art. 2º, § 7º, da Resolução TSE nº 23.600/2019, com redação dada pela Resolução TSE nº 23.747/2026, a presente pesquisa terá seu registro complementado no Sistema de Registro de Pesquisas Eleitorais a partir da data em que sua divulgação for permitida e até o dia seguinte, com a identificação dos municípios em que foram realizadas as entrevistas, bem como da composição final da amostra quanto a gênero, idade, grau de instrução e nível econômico, na forma exigida pela legislação eleitoral vigente."
"28/09/2026";"05:46:54";2026;81;"Eleições Gerais 2026";"MT";"MT";"MATO GROSSO";"MT054642026";"2026-04-28 20:58:28";"N";"24091590000173";"DATA POVO INSTITUTO DE PESQUISAS MARKETING E CONSULTORIA LTDA";"DATA POVO CONSULTORIA";"Governador";"2026-04-20 00:00:00";"2026-04-21 00:00:00";"2026-05-04 00:00:00";1000;"10233";"Israel Oliveira da Costa Sousa";"72000,00";"Pesquisa quantitativa, do tipo survey, realizada por meio de entrevistas diretas, com aplicação de questionário estruturado a uma amostra representativa do eleitorado do Mato Grosso.";"O universo pesquisado é o eleitorado Estado do Mato Grosso, com 16 anos ou mais, que esteja apto a votar. O tamanho da amostra prevista é de 1.000 entrevistas, com uma margem de erro de 3,10% A amostra foi calculada pelo método de amostragem aleatória simples, essa amostra é estratificada com as cotas de ponderação segundo as variáveis sexo, idade, grau de instrução e nível econômico do eleitorado. O tamanho dos estratos será proporcional a esses segmentos, de acordo com as informações de estatística do eleitorado fornecidas pelo Tribunal Superior Eleitoral - TSE (dados do eleitorado de março/2026) e para as classes de rendimento, dados do Censo Demográfico realizado pelo Instituto Brasileiro de Geografia e Estatística - IBGE. Os tamanhos desses segmentos são: SEXO: Masculino (49%) e Feminino (51%); FAIXA ETÁRIA: 16 a 24 anos (14%), 25 a 44 anos (41%), 45 a 59 anos (26%) e 60 anos acima (19%); GRAU DE INSTRUÇÃO: Sem escolaridade/Lê e escreve (9%), Ensino Fundamental Incompleto/Completo (26%), Ensino Médio Incompleto/Completo (45%) e Ensino Superior Incompleto/Completo (20%); NÍVEL ECONÔMICO: Sem rendimento (6%), Até 1 salário mínimo (11%), De 1 a 2 salários mínimos (21%), De 2 a 5 salários mínimos (37%), De 5 a 10 salários mínimos (16%) e Acima de 10 salários mínimos (9%).";"O trabalho de coleta de dados é feito por entrevistadores e acompanhado in loco por supervisores. Após os trabalhos de campo, os questionários são submetidos a uma fiscalização de cerca de 20% (vinte por cento) dos questionários aplicados pelos entrevistadores; para verificação das respostas e da adequação dos entrevistadores aos parâmetros amostrais. Codificação e crítica de 100% dos questionários antes da tabulação.";"Cuiabá, Várzea Grande, Rondonópolis, Sinop, Sorriso, Lucas do Rio Verde, Tangará da Serra, Primavera do Leste, Cáceres, Barra do Garças, Alta Floresta, Campo Novo do Parecis, Nova Mutum"
"28/09/2026";"05:46:54";2026;81;"Eleições Gerais 2026";"MT";"MT";"MATO GROSSO";"MT055512026";"2026-09-26 20:30:17";"N";"22345021000181";"REAL TIME MIDIA LTDA";"REAL TIME BIG DATA";"Governador, Senador";"2026-09-28 00:00:00";"2026-10-01 00:00:00";"2026-10-02 00:00:00";1600;"10839";"Isabela Zara Cremoneze";"20000,00";"Pesquisa quantitativa, que consiste na realização de entrevistas com eleitores do universo a ser explorado, feitas em combinação mista por entrevistadores humanos e recursos de inteligência artificial, com a aplicação de questionário estruturado com abordagens telefônicas e digitais junto a uma amostra representativa do eleitorado em estudo. Pesquisa realizada no Estado do Mato Grosso (MT).";"Representativo do eleitorado da área em estudo, elaborada em três estágios.
No primeiro estágio, realiza-se um sorteio probabilístico dos municípios onde as entrevistas serão realizadas, pelo método PPT (Probabilidade Proporcional ao Tamanho), tomando a população eleitora de 16 anos ou mais residente nos municípios como base para essa seleção.
No segundo estágio, efetua-se um sorteio probabilístico das localidades dentro dos municípios selecionados, também pelo método PPT (Probabilidade Proporcional ao Tamanho), considerando a população eleitora de 16 anos ou mais residente nessas localidades como base para a seleção.
No terceiro e último estágio, dentro das localidades sorteadas, os respondentes são selecionados por meio de quotas amostrais proporcionais, em função de variáveis significativas, a saber:

GÊNERO:
Feminino: 51,4%;
Masculino: 48,6%.
(Fonte: TSE (Agosto/2026) - https://sig.tse.jus.br/ords/dwapr/r/seai/sig-eleitor-eleitorado-mensal/cruzamento-eleitorado-mensal?p24_metricas=E&p24_back=22&p24_cruzamento_1=ds_sexo&clear=24&session=208516945418313)
FAIXA ETÁRIA:
16 anos: 0,6%;
17 anos: 1,0%;
18 a 20 anos: 4,7%;
21 a 24 anos: 7,3%;
25 a 34 anos: 20,0%;
35 a 44 anos: 20,9%;
45 a 59 anos: 25,9%;
60 a 69 anos: 11,5%;
70 a 79 anos: 5,9%;
Superior a 79 anos: 2,2%.
(Fonte: TSE (Agosto/2026) - https://sig.tse.jus.br/ords/dwapr/r/seai/sig-eleitor-eleitorado-mensal/cruzamento-eleitorado-mensal?p24_cruzamento_1=ds_faixa_etaria&p24_metricas=E&p24_back=22&clear=24&session=208516945418313)
ESCOLARIDADE:
Analfabeto: 3,2%;
Lê e Escreve: 5,5%;
Ensino Fundamental Incompleto: 19,9%;
Ensino Fundamental Completo: 5,4%;
Ensino Médio Incompleto: 18,4%;
Ensino Médio Completo: 27,1%;
Ensino Superior Incompleto: 6,6%;
Ensino Superior Completo: 13,8%.
(Fonte: TSE (Agosto/2026) - https://sig.tse.jus.br/ords/dwapr/r/seai/sig-eleitor-eleitorado-mensal/cruzamento-eleitorado-mensal?p24_cruzamento_1=ds_grau_instrucao&p24_metricas=E&p24_back=22&clear=24&session=208516945418313)
RENDA DOMICILIAR MENSAL:
Sem rendimento: 4,5%;
Até 1/2 Salário Mínimo: 1,9%;
Mais de 1/2 a 1 Salário Mínimo: 12,9%;
Mais de 1 a 2 Salários Mínimos: 23,8%;
Mais de 2 a 5 Salários Mínimos: 36,3%;
Mais de 5 a 10 Salários Mínimos: 14,1%;
Mais de 10 a 20 Salários Mínimos: 4,6%;
Mais de 20 Salários Mínimos: 1,8%.
(Fonte: IBGE (Censo 2010) )
https://cidades.ibge.gov.br/brasil/mt/pesquisa/23/24304?detalhes=true)
Observação: De acordo com informações do Instituto Brasileiro de Geografia e Estatística (IBGE), não há previsão de data para a divulgação do perfil econômico da população brasileira do CENSO 2022. Portanto, os dados sobre o nível econômico obtidos no Censo 2022 não podem ser utilizados, pois ainda não foram publicados.
Está prevista eventual ponderação para correção das variáveis sexo e idade, com base nos percentuais anteriormente mencionados, caso ocorram diferenças superiores a 3 pontos percentuais entre o previsto na amostra e a coleta de dados realizada. Para as variáveis de grau de instrução e nível econômico do entrevistado, o fator previsto para ponderação é 1 (resultados obtidos em campo). O nível de confiança estimado é de 95% e a margem de erro máxima estimada considerando um modelo de amostragem aleatório simples, é de aproximadamente 2 (dois) pontos percentuais para mais ou para menos sobre os resultados encontrados no total da amostra.";"O trabalho de coleta de dados é acompanhado por supervisores humanos. São selecionados aleatoriamente 15% (quinze por cento) dos questionários para uma verificação posterior e, em caso de dúvida, o formulário é descartado e o responsável pela coleta chamado para esclarecimentos. Há uma equipe especializada que confere os dados à exaustão com objetivo de averiguar e aferir os resultados coletados.";"O anexo do arquivo com os bairros será realizado até o dia seguinte da divulgação conforme indicado no §7º. do art. 2º. da Resolução-TSE nº. 23.600/2019."
"28/09/2026";"05:46:54";2026;81;"Eleições Gerais 2026";"MT";"MT";"MATO GROSSO";"MT026492026";"2026-09-27 02:09:37";"N";"22445600000104";"QUAEST PESQUISAS, CONSULTORIA E PROJETOS LTDA.";"#NULO#";"Governador, Senador";"2026-10-02 00:00:00";"2026-10-03 00:00:00";"2026-10-03 00:00:00";1800;"6731";"Margarida Maria de Mendonca";"228600,00";"Pesquisa quantitativa, de survey, que consiste na realização de entrevistas pessoais, domiciliares e presenciais, conduzidas por profissionais treinados, com a aplicação de questionários estruturados a uma amostra representativa da população votante de 16 anos ou mais residente no estado do Mato Grosso. O desenho amostral aplicado combina sorteio probabilístico de municípios e de setores censitários fornecidos pelo IBGE (unidades territoriais homogêneas, de tamanho similar a quadras ou blocos), dentro dos quais serão selecionadas pessoas respondentes por meio de cotas amostrais.";"O público pesquisado é composto por eleitores de 16 anos ou mais residentes na área de abrangência da pesquisa. Para produzir uma amostra representativa desse público-alvo, utilizamos um desenho amostral por conglomerados que prevê três estágios. No primeiro estágio, é feito um sorteio probabilístico de municípios para comporem a amostra por meio do método PPT (Probabilidade Proporcional ao Tamanho) a partir de suas populações votantes acima de 16 anos. Dentro da lista de municípios sorteados, no segundo estágio, é realizado um sorteio probabilístico por meio do método PPT (Probabilidade Proporcional ao Tamanho) de setores censitários a serem visitados pelos entrevistadores, sorteio que tem como base o total de habitantes residentes nos setores de acordo com dados do Censo de 2022, o que garante a dispersão aleatória e estatística da amostra dentro dos territórios municipais, independentemente de divisões administrativas. Finalmente, dentro da lista de setores censitários sorteados, no último estágio são selecionados domicílios e pessoas a serem entrevistadas utilizando-se cotas amostrais para as seguintes variáveis: sexo, idade, renda familiar e escolaridade. O perfil da amostra, definido pelas cotas previstas, é o seguinte:

Sexo: Masculino (49%); Feminino (51%).
Faixa etária: 16-34 anos (34%); 35-59 anos (47%); 60 ou mais (19%).
Renda domiciliar total, incluindo pensões, benefícios e rendimentos de trabalhos informais: Até 2 salários-mínimos (21%); Mais de 2 a 5 salários-mínimos (48%); Mais de 5 salários-mínimos (31%).
Nível de instrução: Até Fundamental completo ou médio incompleto (42%); Médio completo ou superior incompleto (38%); Superior completo ou mais (20%).

Fonte dos dados: para a distribuição de sexo e idade, TSE-Tribunal Superior Eleitoral - agosto/2026; para a malha de setores censitários, Censo 2022 (IBGE); para a distribuição de renda domiciliar, PNADc Anual 2025, 1ª visita (IBGE); e, para a distribuição de escolaridade/instrução, PNADc trimestral 2-2026 (IBGE). A PNADc é utilizada por ser a fonte oficial mais atualizada de rendimentos do país, incluindo rendimentos informais, pensões, entre outros, e corrigindo as defasagens temporais do Censo 2022, além de ser a fonte mais atualizada de nível de instrução da população com 16 anos ou mais dada ausência de atualização obrigatória da escolaridade no registro de eleitores do TSE.

Está prevista eventual pós-estratificação da amostra, por meio de algoritmos de calibração (rake) e modelos (MrP e likely voter), para correção (1) de estimativas, (2) das distribuições de variáveis que medem o perfil da população e (3) percentual do eleitorado propenso a votar.

Dentro do público-alvo anteriormente descrito, serão realizadas 1.800 entrevistas. O nível de confiança das estimativas é de 95% e a margem de erro máxima prevista, atendendo às diretivas do TSE e usando o cálculo para amostra aleatória simples (AAS) como aproximação, é de cerca de 2 pontos percentuais para mais ou para menos em relação aos totais da amostra.

Pagante (s) do trabalho: CNPJ 12372735000125 - RADIO E TELEVISAO MATOGROSSENSE LTDA / TV CENTRO AMERICA OU REDE MATOGROSSENSE DE TELEVISAO";"As entrevistas serão realizadas por uma equipe de entrevistadores devidamente qualificada, com experiência e treinamento em pesquisa de opinião pública. Todo trabalho é feito em tablets ou outros dispositivos eletrônicos. Após a realização da coleta de dados, as entrevistas junto aos respondentes são checadas por meio de procedimentos de consistência e de georreferenciamento dos locais de aplicação em tempo real. Adicionalmente, ao longo e após os trabalhos de campo, é realizada uma fiscalização que consiste na checagem de áudio de uma amostra de 30% dos questionários aplicados para verificação das respostas e da adequação dos entrevistados aos parâmetros amostrais.";"A área de abrangência da coleta é o território do estado do Mato Grosso. A relação do número de pessoas pesquisadas nas áreas de aplicação da pesquisa, discriminadas por município, bairros e setores censitários a partir dos identificadores utilizados pelo IBGE, além da composição do eleitorado entrevistado na área de abrangência quanto a gênero, idade, grau de instrução e nível econômico, constará em anexo. O mapa com os códigos destes setores censitários e as áreas que delimitam no país todo podem ser conferidos na seguinte fonte oficial: https://censo2022.ibge.gov.br/panorama/mapas.html?localidade=&recorte=setores_censitarios"
"28/09/2026";"05:46:54";2026;81;"Eleições Gerais 2026";"MT";"MT";"MATO GROSSO";"MT086002026";"2026-09-23 14:52:38";"N";"64500153000180";"LAIS CRISTINA RODRIGUES DE OLIVEIRA LTDA";"IPSENSUS PESQUISAS";"Governador, Senador, Deputado Federal, Deputado Estadual";"2026-09-25 00:00:00";"2026-09-27 00:00:00";"2026-09-29 00:00:00";400;"7655";"AUGUSTO DA SILVA ROCHA";"4000,00";"A pesquisa cobrirá o município envolvendo todas regiões do município de Tangara da Serra/MT Universo da pesquisa será dos eleitores com 16 anos ou mais. A amostra representará os eleitores do Município, selecionados em 2(dois) estágios. No primeiro estágio, os setores censitários, onde as entrevistas serão realizadas, foram selecionadas, probabilisticamente, através do método PPT - Probabilidade Proporcional ao Tamanho, tomando o número de eleitores como base para seleção. No segundo estágio, a seleção do entrevistado, dentro do setor censitário, será feita utilizando-se quotas proporcionais, e a abordagem será domiciliar.";"Utilizamos quotas proporcionais, em função das seguintes variáveis:

Gênero: FEMININO 52,61% ;
MASCULINO 47,39% ;

Faixa etária: 16 a 24 anos 12,75% ;
25 a 34 anos 20,72% ;
35 a 44 anos 20,98% ;
45 a 59 anos 26,29% ;
60 anos ou mais 19,26% ;


Grau de instrução: Analfabeto 2,40% ;
Ensino Fundamental Completo 5,42% ;
Ensino Fundamental Incompleto 21,53% ;
Ensino Médio Completo 25,73% ;
Ensino Médio Incompleto 17,82% ;
Lê E Escreve 4,54% ;
Superior Completo 14,81% ;
Superior Incompleto 7,75% ;
Fonte dos dados: TSE-Tribunal Superior Eleitoral/agosto2026; Cruzamento Eleitorado Mensal https://sig.tse.jus.br/ords/dwapr/r/seai/sig-eleitor-eleitorado-mensal/cruzamento-eleitorado-mensal?p0_municipio=TANGAR%C3%81%20DA%20SERRA&p0_uf=MT&session=316003568944724 ;


Ano=2026; Mês = agosto; UF= MT; MUNICIPIO = Tangara da Serra;

Renda familiar (A variável ¿classe de rendimento nominal mensal domiciliar¿ corresponde à classificação dos domicílios segundo a soma dos rendimentos nominais mensais de seus moradores, expressa em faixas de salários mínimos vigentes no período de referência do Censo Demográfico 2010. Trata-se da renda total do domicílio, não dividida pelo número de moradores, não devendo ser confundida com rendimento domiciliar per capita. Para fins de planejamento amostral e ponderação, foram preservadas as categorias e os percentuais originalmente disponibilizados pelo IBGE, sem reagrupamento ou recálculo das faixas.): Até 1/2 salário mínimo 1,33% ;
Mais de 1/2 a 1 salário mínimo 10,53% ;
Mais de 1 a 2 salários mínimos 22,52% ;
Mais de 2 a 5 salários mínimos 38,99% ;
Mais de 5 a 10 salários mínimos 15,87% ;
Mais de 10 a 20 salários mínimos 4,94% ;
Mais de 20 salários mínimos 1,71% ;
Sem rendimento 4,11% ;


Fonte dos dados: IBGE-Censo 2010-IBGE-CENSO 2022 (IBGE/Censo 2010 - Classe de rendimento nominal mensal domiciliar) ; https://cidades.ibge.gov.br/brasil/mt/tangara-da-serra/pesquisa/23/24304 ;


""Está prevista eventual ponderação da amostra para correção das variáveis sexo, idade, renda familiar e escolaridade com base nos percentuais anteriormente mencionados, caso ocorram diferenças entre os percentuais previstos na amostra e a coleta de dados realizada. O nível de confiança estimado é de 95% e a margem de erro máxima prevista, baseada em uma amostra aleatória simples (AAS), é de cerca de 4,9 pontos percentuais para mais ou para menos em relação aos totais da amostra. Nível Econômico: IBGE (Censo/2010) - Observação: Conforme informações obtidas do Instituto Brasileiro de Geografia e Estatística, o IBGE, não divulgou - e não tem previsão - de data para divulgação do perfil econômico (nível econômico) da população brasileira; portanto, os dados quanto ao nível econômico obtidos no Censo 2022, não podem ser utilizados, pois não foram publicados.""";"Para a realização da pesquisa, utiliza-se uma equipe de entrevistadores e supervisores credenciados devidamente treinados pela empresa para esse tipo de pesquisa. Após os trabalhos de campo, 100% dos questionários são criticados e passam por uma fiscalização de cerca de 20% (vinte por cento) dos questionários aplicados por cada entrevistador; para verificação da consistência das respostas e da adequação dos entrevistados aos parâmetros amostrais.";"#NULO#"
"28/09/2026";"05:46:54";2026;81;"Eleições Gerais 2026";"MT";"MT";"MATO GROSSO";"MT031542026";"2026-08-10 19:13:53";"N";"10544202000158";"PERCENT PESQUISA DE MERCADO E OPINIAO LTDA";"PERCENT PESQUISA DE MERCADO E OPINIAO";"Governador, Senador, Deputado Federal, Deputado Estadual";"2026-08-07 00:00:00";"2026-08-10 00:00:00";"2026-08-16 00:00:00";1200;"C10965";"Nathany Luzia de Oliveira";"29550,00";"Pesquisa quantitativa com técnica de survey de opinião, consistindo de entrevistas individuais pessoais de forma presencial em residência ""inloco"" definidas conforme a proporcionalidade de eleitores de cada região e município de Mato Grosso por meio do método PPT (probabilidade proporcional ao tamanho): Definição geográfica de acordo com as regiões sendo: Centro-sul, Sudeste, Nordeste, Oeste, Noroeste, Médio-Norte e Norte do estado de Mato Grosso. Fonte: Divisões do Estado pelo Instituto Mato-grossense de Economia Agropecuária IMEA-MT atualizada. As entrevistas serão realizadas através de questionário estruturado aplicado em uma amostra probabilística dos eleitores das regiões e cidades do estado de Mato Grosso. Fonte: Tribunal Superior Eleitoral TSE e de municípios e setores censitários obtidos através do IBGE, sendo os indivíduos abordados em residência e realizados de forma pessoal por meio de cotas amostrais de sexo, idade, grau de instrução e renda. Fonte: Tribunal Superior Eleitoral e IBGE.";"A pesquisa possui amostra de 1.200 entrevistas, o que é representativo para o estado de Mato Grosso, com a margem de erro de 2,83% para mais ou para menos, com intervalo de confiança de 95,0%. As principais estimativas investigadas na pesquisa referem-se às proporções de eleitores com determinada opinião. O erro amostral para estas estimativas é de 2,83% para mais ou para menos com um nível de confiança de 95%. A ponderação da amostra nas categorias de sexo, idade e grau de instrução foram calculadas com base nas quantidades de eleitores em cada categoria, informadas pelo Tribunal Superior Eleitoral/TSE atualizada no portal no mês de julho de 2026. Sendo as informações, masculino, 49%; feminino, 51%; de 15 a 17 anos, 2,06%; 18 a 24 anos, 12,13%; de 25 a 34 anos, 20,08%; de 35 a 44 anos, 20,95%, de 45 a 59 anos, 25,67%; de 60 anos ou mais, 19,11%; analfabetos ou que leem e escrevem, 8,76%; ensino fundamental incompleto/completo, 25,36%; ensino médio incompleto/completo, 45,56%; ensino superior incompleto/completo, 20,32%. A ponderação da amostra nas categorias de nível econômico foram calculadas com base nas informações do Censo Demográfico do IBGE referentes a rendimentos familiar: Até 01 salário mínimo ¿ 12,1%; Mais de 01 a 02 salários mínimos ¿ 22,4%; Mais de 02 a 05 salários mínimos ¿ 39,6%; Mais de 05 a 10 salários mínimos 16,9% e mais de 10 salários mínimos ¿ 9,0%. Fonte: PNAD/IBGE.";"Sistema interno de controle e verificação, conferência e fiscalização da coleta de dados e do trabalho de campo: Para realização da pesquisa será utilizada uma equipe de entrevistadores e supervisores devidamente treinados para este trabalho. Após a coleta de dados, os questionários coletados são submetidos à supervisão 100%, revisão 100% e checagem de dados de 20% do material via telefônica e/ou local. Além disso, todos os questionários passarão por verificação e crítica, para controle de qualidade.";"Dados relativos aos municípios e bairros abrangidos pela pesquisa. Na ausência de delimitação do bairro, será identificada a área em que foi realizada a pesquisa(conforme §7º. do art. 2º. da Resolução-TSE nº. 23.600/2019, A partir do dia em que a pesquisa puder ser divulgada e até o dia seguinte, o registro deverá ser complementado, sob pena de ser a pesquisa considerada não registrada; na ausência de delimitação do bairro, será identificada a área em que foi realizada):"
"28/09/2026";"05:46:54";2026;81;"Eleições Gerais 2026";"MT";"MT";"MATO GROSSO";"MT089562026";"2026-09-11 13:36:35";"N";"41296892000105";"INSTITUTO MAIS";"INSTITUTO MAIS";"Governador, Senador";"2026-09-11 00:00:00";"2026-09-16 00:00:00";"2026-09-17 00:00:00";1200;"7655";"AUGUSTO DA SILVA ROCHA";"9500,00";"A pesquisa será do tipo quantitativo, por amostragem aleatória, com aplicação de questionário estruturado e abordagem de moradores eleitores nos municípios do estado do Mato Grosso, divididos nas regiões dentro do estado. O conjunto da população do Estado do Mato Grosso com 16 anos ou mais e que são votantes no referido estado foi tomado como universo da pesquisa.";"A amostra será representativa do eleitorado da área pesquisada e será selecionada em três etapas. Na primeira etapa realiza-se um sorteio probabilístico dos municípios onde as entrevistas serão realizadas através do método PPT (Probabilidade Proporcional ao Tamanho), considerando a população eleitora com 16 anos ou mais residente nos municípios como base para essa seleção. Na segunda etapa, faz-se um sorteio probabilístico das localidades, onde as entrevistas serão realizadas, através do método PPT (Probabilidade Proporcional ao Tamanho), tomando a população eleitora de 16 anos ou mais residente nas localidades como base para essa seleção. Na terceira etapa, a seleção do entrevistado dentro da localidade, será feita utilizando-se quotas amostrais proporcionais, em função das variáveis sexo, faixa etária, grau de instrução e Nível socioeconômico (renda mensal familiar). Por fim, os entrevistados são selecionados aleatoriamente para responder ao questionário, de acordo com cotas: SEXO: FEMININO 51,39% ;
MASCULINO 48,61% ;
Faixa Etária: Entre 16 a 24 anos 13,59% ;
Entre 25 a 34 anos 20,02% ;
Entre 35 a 44 anos 20,88% ;
Entre 45 a 59 anos 25,94% ;
Com 60 anos ou mais 19,57% ;
Grau de instrução: Analfabeto 3,21% ;
Ensino Fundamental Completo 5,42% ;
Ensino Fundamental Incompleto 19,93% ;
Ensino Médio Completo 27,13% ;
Ensino Médio Incompleto 18,44% ;
Lê E Escreve 13,75% ;
Superior Completo 6,58% ;
Superior Incompleto 5,54% ;
Nível econômico (renda mensal familiar): Até 1/2 salário mínimo 1,86% ; Mais de 1/2 a 1 salário mínimo 12,94% ; Mais de 1 a 2 salários mínimos 23,83% ; Mais de 2 a 5 salários mínimos 36,34% ; Mais de 5 a 10 salários mínimos 14,14% ; Mais de 10 a 20 salários mínimos 4,63% ; Mais de 20 salários mínimos 1,75% ; Sem rendimento 4,51% ; Fonte pública dos dados IBGE IBGE | Cidades@ | Mato Grosso | Pesquisa | Censo 2010 | Universo - Características da população e dos domicílios; https://cidades.ibge.gov.br/brasil/mt/pesquisa/23/24304?detalhes=true; (TSE/AGOSTO2026): https://sig.tse.jus.br/ords/dwapr/r/seai/sig-eleitor-eleitorado-mensal/cruzamento-eleitorado-mensal?p0_uf=MT&session=9786291815099 ;
Mês = AGOSTO; UF= MT; Observação: Conforme informações disponibilizadas pelo Instituto Brasileiro de Geografia e Estatística (IBGE), não houve nem há previsão de divulgação do perfil econômico (nível econômico) da população brasileira no âmbito do Censo Demográfico de 2022 (https://censo2022.ibge.gov.br/panorama/), para essa variável será adotado o fator de ponderação igual a 1, correspondente aos resultados obtidos em campo, caso seja verificada diferença superior à margem de erro prevista no estudo entre a projeção da amostra baseada nos dados do IBGE 2010 e os dados efetivamente coletados. Para as variáveis de sexo, idade e grau de instrução, está previsto uma eventual ponderação, nos limites da margem de erro, para correção nos tamanhos das variáveis, caso ocorra uma diferença entre a previsão da amostra e a coleta dos dados realizados sobre a faixa de eleitores acima de 16 anos. Margem de Erro: A margem de erro máxima prevista é de 2,8 pontos percentuais para mais ou para menos, considerando um nível de confiança de 95%.";"Os entrevistadores envolvidos na realização desta pesquisa são treinados pelo Instituto e recebem instruções específicas para cada projeto realizado. A coleta será feita com a utilização de questionário impresso, que serão computados posteriormente à pesquisa de campo. Os pesquisadores são supervisionados por um coordenador que estará em campo juntamente com a equipe garantindo a lisura da pesquisa. Internamente, todo o material é verificado e codificado. Antes do processamento final e emissão dos resultados, realiza-se processo de consistência dos dados. Os dados coletados e tratados nesta pesquisa atendem às exigências da LGPD, Lei Geral de Proteção de Dados, garantindo ao respondente o sigilo de sua identidade e o correto tratamento de suas respostas.";"#NULO#"
"28/09/2026";"05:46:54";2026;81;"Eleições Gerais 2026";"MT";"MT";"MATO GROSSO";"MT071562026";"2026-08-28 10:47:50";"S";"22345021000181";"REAL TIME MIDIA LTDA";"REAL TIME BIG DATA";"Governador, Senador";"2026-08-29 00:00:00";"2026-09-02 00:00:00";"2026-09-03 00:00:00";1600;"10839";"Isabela Zara Cremoneze";"24000,00";"Pesquisa quantitativa, que consiste na realização de entrevistas com eleitores do universo a ser explorado, feitas em combinação mista por entrevistadores humanos e recursos de inteligência artificial, com a aplicação de questionário estruturado com abordagens telefônicas e digitais junto a uma amostra representativa do eleitorado em estudo. Pesquisa realizada no Estado do Mato Grosso (MT).";"Representativo do eleitorado da área em estudo, elaborada em três estágios.
No primeiro estágio, realiza-se um sorteio probabilístico dos municípios onde as entrevistas serão realizadas, pelo método PPT (Probabilidade Proporcional ao Tamanho), tomando a população eleitora de 16 anos ou mais residente nos municípios como base para essa seleção.
No segundo estágio, efetua-se um sorteio probabilístico das localidades dentro dos municípios selecionados, também pelo método PPT (Probabilidade Proporcional ao Tamanho), considerando a população eleitora de 16 anos ou mais residente nessas localidades como base para a seleção.
No terceiro e último estágio, dentro das localidades sorteadas, os respondentes são selecionados por meio de quotas amostrais proporcionais, em função de variáveis significativas, a saber:

GÊNERO:
Feminino: 51,4%;
Masculino: 48,6%.
(Fonte: TSE (Julho/2026) - https://sig.tse.jus.br/ords/dwapr/r/seai/sig-eleitor-eleitorado-mensal/cruzamento-eleitorado-mensal?p24_metricas=E&p24_back=22&p24_cruzamento_1=ds_sexo&clear=24&session=208516945418313)
FAIXA ETÁRIA:
16 anos: 0,6%;
17 anos: 1,0%;
18 a 20 anos: 4,7%;
21 a 24 anos: 7,3%;
25 a 34 anos: 20,0%;
35 a 44 anos: 20,9%;
45 a 59 anos: 25,9%;
60 a 69 anos: 11,5%;
70 a 79 anos: 5,9%;
Superior a 79 anos: 2,2%.
(Fonte: TSE (Julho/2026) - https://sig.tse.jus.br/ords/dwapr/r/seai/sig-eleitor-eleitorado-mensal/cruzamento-eleitorado-mensal?p24_cruzamento_1=ds_faixa_etaria&p24_metricas=E&p24_back=22&clear=24&session=208516945418313)
ESCOLARIDADE:
Analfabeto: 3,2%;
Lê e Escreve: 5,5%;
Ensino Fundamental Incompleto: 19,9%;
Ensino Fundamental Completo: 5,4%;
Ensino Médio Incompleto: 18,4%;
Ensino Médio Completo: 27,1%;
Ensino Superior Incompleto: 6,6%;
Ensino Superior Completo: 13,8%.
(Fonte: TSE (Julho/2026) - https://sig.tse.jus.br/ords/dwapr/r/seai/sig-eleitor-eleitorado-mensal/cruzamento-eleitorado-mensal?p24_cruzamento_1=ds_grau_instrucao&p24_metricas=E&p24_back=22&clear=24&session=208516945418313)
RENDA DOMICILIAR MENSAL:
Sem rendimento: 4,5%;
Até 1/2 Salário Mínimo: 1,9%;
Mais de 1/2 a 1 Salário Mínimo: 12,9%;
Mais de 1 a 2 Salários Mínimos: 23,8%;
Mais de 2 a 5 Salários Mínimos: 36,3%;
Mais de 5 a 10 Salários Mínimos: 14,1%;
Mais de 10 a 20 Salários Mínimos: 4,6%;
Mais de 20 Salários Mínimos: 1,8%.
(Fonte: IBGE (Censo 2010) )
https://cidades.ibge.gov.br/brasil/mt/pesquisa/23/24304?detalhes=true)
Observação: De acordo com informações do Instituto Brasileiro de Geografia e Estatística (IBGE), não há previsão de data para a divulgação do perfil econômico da população brasileira do CENSO 2022. Portanto, os dados sobre o nível econômico obtidos no Censo 2022 não podem ser utilizados, pois ainda não foram publicados.
Está prevista eventual ponderação para correção das variáveis sexo e idade, com base nos percentuais anteriormente mencionados, caso ocorram diferenças superiores a 3 pontos percentuais entre o previsto na amostra e a coleta de dados realizada. Para as variáveis de grau de instrução e nível econômico do entrevistado, o fator previsto para ponderação é 1 (resultados obtidos em campo). O nível de confiança estimado é de 95% e a margem de erro máxima estimada considerando um modelo de amostragem aleatório simples, é de aproximadamente 2 (dois) pontos percentuais para mais ou para menos sobre os resultados encontrados no total da amostra.";"O trabalho de coleta de dados é acompanhado por supervisores humanos. São selecionados aleatoriamente 15% (quinze por cento) dos questionários para uma verificação posterior e, em caso de dúvida, o formulário é descartado e o responsável pela coleta chamado para esclarecimentos. Há uma equipe especializada que confere os dados à exaustão com objetivo de averiguar e aferir os resultados coletados.";"O anexo do arquivo com os bairros será realizado até o dia seguinte da divulgação conforme indicado no §7º. do art. 2º. da Resolução-TSE nº. 23.600/2019.

"
"28/09/2026";"05:46:54";2026;81;"Eleições Gerais 2026";"MT";"MT";"MATO GROSSO";"MT082642026";"2026-09-26 21:17:05";"N";"48844295000109";"NEXUS CONSULTORIA E PESQUISAS LTDA";"NEXUS CONSULTORIA E PESQUISAS";"Governador, Senador, Deputado Federal, Deputado Estadual";"2026-09-24 00:00:00";"2026-09-25 00:00:00";"2026-10-02 00:00:00";200;"7655";"AUGUSTO DA SILVA ROCHA";"7000,00";"A pesquisa cobrirá o município envolvendo todas regiões do município de Carlinda/MT Universo da pesquisa será dos eleitores com 16 anos ou mais. A amostra representará os eleitores do Município, selecionados em 2(dois) estágios. No primeiro estágio, os setores censitários, onde as entrevistas serão realizadas, foram selecionadas, probabilisticamente, através do método PPT - Probabilidade Proporcional ao Tamanho, tomando o número de eleitores como base para seleção. No segundo estágio, a seleção do entrevistado, dentro do setor censitário, será feita utilizando-se quotas proporcionais, e a abordagem será domiciliar.";"Utilizamos quotas proporcionais, em função das seguintes variáveis: Gênero:
FEMININO 48,61% ;
MASCULINO 51,39% ;


Faixa etária: 16 a 24 anos 20,66% ;
25 a 34 anos 17,92% ;
35 a 44 anos 17,32% ;
45 a 59 anos 25,37% ;
60 anos ou mais 18,73% ;


Grau de instrução:
Analfabeto 7,32% ;
Ensino Fundamental Completo 4,28% ;
Ensino Fundamental Incompleto 27,54% ;
Ensino Médio Completo 20,73% ;
Ensino Médio Incompleto 18,02% ;
Lê E Escreve 14,84% ;
Superior Completo 5,34% ;
Superior Incompleto 1,93% ;


Fonte dos dados: TSE-Tribunal Superior Eleitoral/agosto2026; Cruzamento Eleitorado Mensal
https://sig.tse.jus.br/ords/dwapr/r/seai/sig-eleitor-eleitorado-mensal/cruzamento-eleitorado-mensal?p0_municipio=CARLINDA&p0_uf=MT&session=107328626652758 ;

Ano=2026; Mês = agosto; UF= MT; MUNICIPIO = Carlinda;

Renda familiar: Até 1/2 salário mínimo 3,94% ;
Mais de 1/2 a 1 salário mínimo 18,12% ;
Mais de 1 a 2 salários mínimos 36,13% ;
Mais de 2 a 5 salários mínimos 30,54% ;
Mais de 5 a 10 salários mínimos 6,12% ;
Mais de 10 a 20 salários mínimos 1,27% ;
Mais de 20 salários mínimos 0,32% ;
Sem rendimento 3,56% ;


Fonte dos dados: IBGE-Censo 2010-IBGE-CENSO 2022 (IBGE/Censo 2010 - Classe de rendimento nominal mensal domiciliar) ;

https://cidades.ibge.gov.br/brasil/mt/carlinda/pesquisa/23/24304 ;
; ""Está prevista eventual ponderação da amostra para correção das variáveis sexo, idade, renda familiar e escolaridade com base nos percentuais anteriormente mencionados, caso ocorram diferenças entre os percentuais previstos na amostra e a coleta de dados realizada. O nível de confiança estimado é de 95% e a margem de erro máxima prevista, baseada em uma amostra aleatória simples (AAS), é de cerca de 6,9 pontos percentuais para mais ou para menos em relação aos totais da amostra. Nível Econômico: IBGE (Censo/2010) - Observação: Conforme informações obtidas do Instituto Brasileiro de Geografia e Estatística, o IBGE, não divulgou - e não tem previsão - de data para divulgação do perfil econômico (nível econômico) da população brasileira; portanto, os dados quanto ao nível econômico obtidos no Censo 2022, não podem ser utilizados, pois não foram publicados.""";"Para a realização da pesquisa, utiliza-se uma equipe de entrevistadores e supervisores credenciados devidamente treinados pela empresa para esse tipo de pesquisa. Após os trabalhos de campo, 100% dos questionários são criticados e passam por uma fiscalização de cerca de 20% (vinte por cento) dos questionários aplicados por cada entrevistador; para verificação da consistência das respostas e da adequação dos entrevistados aos parâmetros amostrais.";"#NULO#"
"28/09/2026";"05:46:54";2026;81;"Eleições Gerais 2026";"MT";"MT";"MATO GROSSO";"MT021662026";"2026-09-21 22:56:42";"S";"10544202000158";"PERCENT PESQUISA DE MERCADO E OPINIAO LTDA";"PERCENT PESQUISA DE MERCADO E OPINIAO";"Governador, Senador, Deputado Federal, Deputado Estadual";"2026-09-15 00:00:00";"2026-09-18 00:00:00";"2026-09-27 00:00:00";600;"C10965";"Nathany Luzia de Oliveira";"12000,00";"Pesquisa quantitativa com técnica de ¿survey de opinião¿, consistindo de entrevistas individuais pessoais de forma presencial em residência ""inloco"" definidas conforme a proporcionalidade de eleitores de cada região do município de Cuiabá, sendo Norte, Sul, Leste, Oeste e Rural e Distritos. Fonte: IBGE/TSE. As entrevistas serão realizadas através de questionário estruturado aplicado em uma amostra probabilística dos eleitores de Cuiabá estado de Mato Grosso, sendo os indivíduos abordados em residência e realizados de forma pessoal.";"A pesquisa possui amostra de 600 entrevistas, o que é representativo para o município de Cuiabá estado Mato Grosso, com a margem de erro de 4% para mais ou para menos, com intervalo de confiança de 95,0%. As principais estimativas investigadas na pesquisa referem-se às proporções de eleitores com determinada opinião. O erro amostral para estas estimativas é de 4% para mais ou para menos com um nível de confiança de 95%. A ponderação da amostra nas categorias de gênero, idade e grau de instrução foram calculadas com base nas quantidades de eleitores em cada categoria, informadas pelo Tribunal Superior Eleitoral/TSE atualizada no portal no mês de agosto de 2026. Sendo as informações, masculino, 46%; feminino, 54%; de 15 a 17 anos, 1,09%; 18 a 24 anos, 11,49%; de 25 a 34 anos, 19,09%; de 35 a 44 anos, 21,38%, de 45 a 59 anos, 26,87%; de 60 anos ou mais, 20,08%; analfabetos ou que leem e escrevem, 3,43%; ensino fundamental incompleto/completo, 16,84%; ensino médio incompleto/completo, 47,53%; ensino superior incompleto/completo, 32,20%. A ponderação da amostra nas categorias de nível econômico foram calculadas com base nas informações do Censo Demográfico do IBGE, referentes a rendimentos individuais ou familiar: Até 01 salário mínimo ¿ 13,4%; Mais de 01 a 02 salários mínimos ¿ 30,4%; Mais de 02 a 05 salários mínimos ¿ 41,2%; Mais de 05 a 10 salários mínimos 12,5% e mais de 10 salários mínimos ¿ 2,5%. Fonte: PNAD/IBGE. As regiões do município de Cuiabá estão divididas proporcionalmente pelo número de residentes/eleitores de cada região: Norte, Sul, Leste, Oeste e Rural e Distritos. Fonte: IBGE/TSE. A aplicação da amostra será dividida de acordo com os percentuais de residentes/eleitores em cada bairro da respectiva região, respeitando a probabilidade de cada região.";"Os entrevistadores envolvidos na realização desta pesquisa são treinados pelo Instituto e recebem instruções específicas para cada projeto realizado. A coleta será feita com a utilização de tablet ou celular e questionário eletrônico. São checados, no mínimo, 20% dos questionários de cada pesquisador, seja in loco por supervisores de campo ou, posteriormente, por telefone. Internamente, todo o material é verificado e codificado. Antes do processamento final e emissão dos resultados, realiza-se processo de consistência dos dados. Os dados coletados e tratados nesta pesquisa atendem às exigências da LGPD, Lei Geral de Proteção de Dados, garantindo ao respondente o sigilo de sua identidade e o correto tratamento de suas respostas.";"De acordo com a (Dados relativos aos municípios e bairros abrangidos pela pesquisa. Na ausência de delimitação do bairro, será identificada a área em que foi realizada a pesquisa conforme disposto no § 7° do art. 2° da Resolução-TSE n° 23.600/2019, que a partir do dia em que a pesquisa puder ser divulgada e até o dia seguinte, o registro deverá ser complementado, sob pena de ser a pesquisa considerada não registrada, com os dados relativos à sua abrangência (incisos I, II e III)."
"28/09/2026";"05:46:54";2026;81;"Eleições Gerais 2026";"MT";"MT";"MATO GROSSO";"MT097882026";"2026-06-18 19:04:40";"N";"10544202000158";"PERCENT PESQUISA DE MERCADO E OPINIAO LTDA";"PERCENT PESQUISA DE MERCADO E OPINIAO";"Governador, Senador, Deputado Federal, Deputado Estadual";"2026-06-18 00:00:00";"2026-06-22 00:00:00";"2026-06-24 00:00:00";1200;"C10965 CONRE1";"Nathany Luzia de Oliveira";"30000,00";"Pesquisa quantitativa com técnica de survey de opinião, consistindo de entrevistas individuais pessoais de forma presencial em residência ""inloco"" definidas conforme a proporcionalidade de eleitores de cada região e município de Mato Grosso por meio do método PPT (probabilidade proporcional ao tamanho): Definição geográfica de acordo com as microrregiões sendo: Centro-sul, Sudeste, Nordeste, Oeste, Noroeste, Médio-Norte e Norte do estado de Mato Grosso. Fonte: Divisões do Estado pelo Instituto Mato-grossense de Economia Agropecuária IMEA-MT atualizada. As entrevistas serão realizadas através de questionário estruturado aplicado em uma amostra probabilística dos eleitores das regiões e cidades do estado de Mato Grosso. Fonte: Tribunal Superior Eleitoral TSE e de municípios e setores censitários obtidos através do IBGE, sendo os indivíduos abordados em residência e realizados de forma pessoal por meio de cotas amostrais de sexo, idade, grau de instrução e renda. Fonte: Tribunal Superior Eleitoral e IBGE.";"Plano amostral e ponderação/extrato quanto ao sexo, idade, grau de instrução e nível econômico do entrevistado; intervalo de confiança e margem de erro: A pesquisa possui amostra de 1.200 entrevistas, o que é representativo para o estado de Mato Grosso, com a margem de erro de 2,83% para mais ou para menos, com intervalo de confiança de 95,0%. As principais estimativas investigadas na pesquisa referem-se às proporções de eleitores com determinada opinião. O erro amostral para estas estimativas é de 2,83% para mais ou para menos com um nível de confiança de 95%. A ponderação da amostra nas categorias de sexo, idade e grau de instrução foram calculadas com base nas quantidades de eleitores em cada categoria, informadas pelo Tribunal Superior Eleitoral/TSE atualizada no portal no mês de maio de 2026. Sendo as informações, masculino, 49%; feminino, 51%; de 15 a 17 anos, 2,06%; 18 a 24 anos, 12,13%; de 25 a 34 anos, 20,08%; de 35 a 44 anos, 20,95%, de 45 a 59 anos, 25,67%; de 60 anos ou mais, 19,11%; analfabetos ou que leem e escrevem, 8,76%; ensino fundamental incompleto/completo, 25,36%; ensino médio incompleto/completo, 45,56%; ensino superior incompleto/completo, 20,32%. A ponderação da amostra nas categorias de nível econômico foram calculadas com base nas informações do Censo Demográfico do IBGE referentes a rendimentos familiar: Até 01 salário mínimo ¿ 12,1%; Mais de 01 a 02 salários mínimos ¿ 22,4%; Mais de 02 a 05 salários mínimos ¿ 39,6%; Mais de 05 a 10 salários mínimos 16,9% e mais de 10 salários mínimos ¿ 9,0%. Fonte: PNAD/IBGE 2024.";"Sistema interno de controle e verificação, conferência e fiscalização da coleta de dados e do trabalho de campo: Para realização da pesquisa será utilizada uma equipe de entrevistadores e supervisores devidamente treinados para este trabalho. Após a coleta de dados, os questionários são submetidos à supervisão e checagem de dados de 20% do material via telefônica e local. Além disso, todos os questionários passarão por verificação e crítica, para controle de qualidade.";"Dados relativos aos municípios e bairros abrangidos pela pesquisa. Na ausência de delimitação do bairro, será identificada a área em que foi realizada a pesquisa(conforme §7º. do art. 2º. da Resolução-TSE nº. 23.600/2019, A partir do dia em que a pesquisa puder ser divulgada e até o dia seguinte, o registro deverá ser complementado, sob pena de ser a pesquisa considerada não registrada; na ausência de delimitação do bairro, será identificada a área em que foi realizada):"
"28/09/2026";"05:46:54";2026;81;"Eleições Gerais 2026";"MT";"MT";"MATO GROSSO";"MT059382026";"2026-09-05 13:33:31";"S";"00654576000172";"INSTITUTO VERITA LTDA";"VERITA";"Governador, Senador";"2026-09-05 00:00:00";"2026-09-10 00:00:00";"2026-09-11 00:00:00";1220;"10699";"Guilherme Alvarenga Laia";"93940,00";"Estudo quantitativo voltado às Eleições 2026, realizado por meio de entrevistas individuais, aplicadas mediante questionário eletrônico estruturado e Unidade Automatizada de Respostas Audíveis e Auditáveis, por meio de ligações para telefones móveis (celulares). A inteligência artificial é empregada exclusivamente para a transcrição automatizada das respostas em áudio, não interferindo na formulação das perguntas, na condução das entrevistas, na coleta das informações, na interpretação das respostas ou no tratamento estatístico dos dados.

A participação dos eleitores é voluntária, espontânea e não remunerada. As respostas são prestadas por autodeclaração, sendo, em sua maioria, registradas por meio de códigos numéricos correspondentes às alternativas previamente definidas no questionário.

A utilização de sistema eletrônico automatizado para a coleta e o registro das respostas proporciona elevado nível de padronização operacional, reduz a possibilidade de interferência humana durante a realização das entrevistas, amplia a rastreabilidade e a auditabilidade de todo o processo de coleta e contribui para maior precisão, consistência e confiabilidade dos dados obtidos.

O plano amostral foi elaborado para assegurar a representatividade estatística do eleitorado da respectiva Unidade da Federação, observando critérios técnicos de seleção, distribuição e ponderação da amostra, quando aplicáveis.";"A pesquisa foi planejada para produzir uma amostra estatisticamente representativa do eleitorado do estado DO MATO GROSSO, utilizando o método de Probabilidade Proporcional ao Tamanho (PPT), com plano amostral em múltiplos estágios. Na primeira etapa, esta Unidade da Federação é dividida em macrorregiões, de forma a assegurar adequada distribuição territorial da amostra e representação das diferentes características geográficas, demográficas e eleitorais. Na segunda etapa, os municípios de cada estrato são ordenados segundo seu porte populacional e eleitoral e sorteados. Na terceira etapa, os respondentes são selecionados entre os eleitores aptos residentes nos municípios sorteados, observando-se a distribuição proporcional da amostra e as cotas estabelecidas para as variáveis de sexo, faixa etária, grau de instrução e nível econômico. As cotas são estabelecidas para a pesquisa completa, considerando a composição do eleitorado e os parâmetros oficiais de referência, não sendo aplicadas isoladamente a cada município selecionado.

SEXO E FAIXA ETÁRIA - Fonte: Tribunal Superior Eleitoral (TSE), Perfil do Eleitorado, junho de 2026. Feminino de 16 a 34 anos: 17,8%; Masculino de 16 a 34 anos: 16,4%; Feminino de 35 a 54 anos: 20,2%; Masculino de 35 a 54 anos: 19%; Feminino com 55 anos ou mais: 13,4%; Masculino com 55 anos ou mais: 13,2%. Os parâmetros de sexo e idade têm como referência o cadastro eleitoral brasileiro atualizado pelo Tribunal Superior Eleitoral, considerando o universo de eleitores aptos com 16 anos ou mais.

GRAU DE INSTRUÇÃO - Fonte: IBGE - PNAD Contínua Anual 2025. A distribuição é: sem instrução 3,3%; ensino fundamental incompleto ou equivalente 21,6%; ensino fundamental completo ou equivalente 7,7%; ensino médio incompleto ou equivalente 11%; ensino médio completo ou equivalente 32,8%; ensino superior incompleto ou equivalente 6,1%; ensino superior completo 17,5%. Para não confundir os respondentes as faixas de escolaridade no questionário foram agrupadas em 3 faixas: até ensino fundamental incompleto e completo, ensino médio incompleto e completo e superior incompleto, completo ou mais. A PNAD Contínua é utilizada como referência por constituir a fonte oficial mais atualizada para a mensuração do nível de instrução da população brasileira, sua utilização também corrige limitações decorrentes da ausência de atualização obrigatória e contínua das informações de escolaridade no cadastro eleitoral do Tribunal Superior Eleitoral.

NÍVEL ECONÔMICO - RENDA FAMILIAR DO DOMICÍLIO - Fonte: IBGE - PNAD Contínua Anual 2025. Considera-se a renda domiciliar total, compreendendo rendimentos provenientes de trabalho formal e informal, aposentadorias, pensões, benefícios sociais e demais fontes de renda existentes no domicílio. observando-se a seguinte distribuição: renda familiar de até 2 salários-mínimos 31,6%; de 2 a 5 salários-mínimos 44,1%, acima de 5 salários-mínimos 24,2%.

PONDERAÇÃO E CALIBRAÇÃO DA AMOSTRA - Prevê-se eventual ponderação das variáveis de sexo, faixa etária, grau de instrução e nível econômico, caso sejam verificadas diferenças relevantes entre a distribuição da amostra efetivamente coletada e os parâmetros populacionais de referência adotados. Inicialmente, o fator de ponderação é igual a 1 (um), podendo ser recalculado sempre que necessário para assegurar a representatividade estatística da amostra.
INTERVALO DE CONFIANÇA E MARGEM DE ERRO - O intervalo de confiança adotado é de 95%, com margem máxima estimada de erro de aproximadamente 3 pontos percentuais, para mais ou para menos, sobre os resultados do total da amostra, calculada segundo o modelo de amostragem aleatória simples e a hipótese de máxima variabilidade.";"Após os trabalhos de coleta de dados, os questionários são submetidos a uma fiscalização, conferência e checagem de cerca de 20% (vinte por cento) dos questionários aplicados. Todas as entrevistas são integralmente registradas em áudio, permanecendo auditáveis e rastreáveis, permitindo a verificação da integridade do processo de coleta, preservado o sigilo das informações pessoais dos entrevistados e observadas as disposições da Lei Geral de Proteção de Dados Pessoais (Lei nº 13.709/2018).";"Em observância ao art. 2º, § 7º, da Resolução TSE nº 23.600/2019, com redação dada pela Resolução TSE nº 23.747/2026, a presente pesquisa terá seu registro complementado no Sistema de Registro de Pesquisas Eleitorais a partir da data em que sua divulgação for permitida e até o dia seguinte, com a identificação dos municípios em que foram realizadas as entrevistas, bem como da composição final da amostra quanto a gênero, idade, grau de instrução e nível econômico, na forma exigida pela legislação eleitoral vigente."
"28/09/2026";"05:46:54";2026;81;"Eleições Gerais 2026";"MT";"MT";"MATO GROSSO";"MT048792026";"2026-07-21 15:05:13";"S";"11100635000187";"MT DADOS ASSESSORIA E MARKETING LTDA";"MT DADOS PESQUISAS";"Governador, Senador, Deputado Federal, Deputado Estadual";"2026-07-15 00:00:00";"2026-07-21 00:00:00";"2026-07-27 00:00:00";2800;"9622";"Giordano Pedreira Perez da Silveira";"65000,00";"Pesquisa quantitativa híbrida com técnica survey de opinião, com coleta presencial (residencial) através de entrevistas pessoais e recrutamento aleatório (WEB) em navegação de rotina dos usuários, conforme a proporcionalidade de eleitores de cada região e município de Mato Grosso por meio do método PPT (probabilidade proporcional ao tamanho): Definição geográfica de acordo com as 7 regiões (Região da Baixada Cuiabá, Região Norte, Região Sul, Região Sudeste, Região Oeste, Região de Médio Norte e Região Noroeste) do estado de Mato Grosso. As entrevistas serão realizadas através de questionário estruturado aplicado em uma amostra probabilística dos eleitores das regiões e cidades do estado de Mato Grosso. Fonte: Tribunal Superior Eleitoral TSE e de municípios e setores censitários obtidos através da IBGE, sendo os indivíduos abordados em residência e realizados de forma pessoal por meio de cotas amostrais.";"A pesquisa possui amostra de 2.800 entrevistas, o que é representativo para o estado de Mato Grosso, com a margem de erro de 3% para mais ou para menos, com intervalo de confiança de 95,0%. As principais estimativas investigadas na pesquisa referem-se às proporções de eleitores com determinada opinião. A ponderação da amostra nas categorias de gênero, idade e grau de instrução foram calculadas com base nas quantidades de eleitores em cada categoria, informadas pelo Tribunal Superior Eleitoral/TSE atualizada no portal no mês de abril de 2026. Sendo as informações, masculino, 49%; feminino, 51%; de 16 a 17 anos, 2,0%; 18 a 24 anos, 12,0%; de 25 a 34 anos, 20,0%; de 35 a 44 anos, 21,0%, de 45 a 59 anos, 26,0%; de 60 anos ou mais, 19,0%; analfabetos ou que leem e escrevem, 9,0%; ensino fundamental incompleto/completo, 26,0%; ensino médio incompleto/completo, 45,0%; ensino superior incompleto/completo, 20,0%. A ponderação da amostra nas categorias de nível econômico foi calculada com base nas informações do Censo Demográfico do IBGE referentes a rendimentos familiar: Até 01 salário mínimo: 12,0%; Mais de 01 a 02 salários mínimos: 22,0%; Mais de 02 a 05 salários mínimos: 40,0%; Mais de 05 a 10 salários mínimos: 17,0% e mais de 10 salários mínimos: 9,0%. Fonte: PNAD/IBGE 2024.";"1 - Sistema interno de controle e verificação, conferência e fiscalização da coleta de dados e do trabalho de campo: Para realização da pesquisa será utilizada uma equipe de entrevistadores e supervisores devidamente treinados para este trabalho. Após a coleta de dados, os questionários são submetidos à supervisão e checagem de dados de 20% do material via telefônica e local. Além disso, todos os questionários passarão por verificação e crítica, para controle de qualidade.
2 - Sistema interno de controle e verificação, conferência e fiscalização do recrutamento aleatório (WEB) de dados: Coleta feita com a utilização de questionário eletrônico com procedimentos específicos para o armazenamento seguro dos dados. São checados manualmente no mínimo 20% dos questionários para detectar possíveis anomalias. Pesquisadores especializados realizam internamente verificação exaustiva dos dados antes da divulgação dos resultados.";"#NULO#"
"28/09/2026";"05:46:54";2026;81;"Eleições Gerais 2026";"MT";"MT";"MATO GROSSO";"MT022002026";"2026-05-22 20:25:53";"N";"09242998000105";"META PUBLICIDADE E PESQUISA LTDA";"META PUBLICIDADE E PESQUISA";"Governador, Senador, Deputado Federal, Deputado Estadual, Deputado Distrital";"2026-05-20 00:00:00";"2026-05-21 00:00:00";"2026-05-28 00:00:00";500;"8509";"Wander Luiz Benesciuti";"7000,00";"A pesquisa averiguou a intenção de votos dos pré-candidatos em a todos os cargos nas eleições 2026 no município de BARRA DO GARÇAS-MT. Utilizou-se a pesquisa de opinião quantitativa, com técnica de survey por meio de questionários estruturados, aplicados de forma presencial, junto a uma amostra representativa do eleitorado do município.  ";"A amostra é constituída por 500 entrevistas, tendo como universo os eleitores da zona urbana município de Barra do Garças ¿ MT, com idade de 16 anos e acima. Amostra estratificada por regiões proporcionais ao tamanho da população conforme dados do Censo IBGE 2022, com estratificação proporcional na variáveis sexo com masculino 48%, feminino 52% com a distribuição por faixa etária de 16 a 24 anos 15%, de 25 a 29 anos 11,6%, de 30 a 39 anos 19%, de 40 a 49 anos 19,6%, de 50 a 59 anos 15,6% e 60 a 69 anos 11,2% 70 anos e acima 8%, para a variável escolaridade: Analfabeto / Lê e escreve 8,2%, Ensino fundamental 28,85%, Ensino médio 44,2% e Ensino superior 18,8%e a variável Renda Familiar até 1 salário mínimo 32,2%, de 1 a 3 salários mínimos 39,6%, de 3 a 5 salários mínimos 16,4%, de 5 a 7 salários mínimos 4%, de 7 a 10 salários mínimos 2,4% e acima de 10 salários mínimos 3%, Não responderam 2,4%. Amostragem realizada com um Intervalo de confiança de 95% para a amostra com uma margem de erro de 4,3% para mais ou para menos nas estimativas dos resultados.";"Todos os entrevistadores são selecionados e treinados para o trabalho de campo. Cada entrevistador esteve devidamente identificado com crachá do instituto. O supervisor de campo acompanhou in loco a coleta dos dados, garantindo a conferência do material coletado. O método foi uma entrevista por casa ou ponto comercial. Foram entrevistados maiores de 16 anos que votam em BARRA DO GARGAS-MT. As entrevistas foram realizadas de forma eletrônica, por meio de celulares, garantindo maior agilidade na informação, após a coleta de campo, todos os questionários passaram por verificação crítica feita por 2 pessoas responsáveis pelo processamento dos dados e controle de qualidade das informações coletadas.";"Toda a área urbana do município de Barra do Garças ¿ MT, conforme arquivo anexo."
"28/09/2026";"05:46:54";2026;81;"Eleições Gerais 2026";"MT";"MT";"MATO GROSSO";"MT021572026";"2026-08-18 20:20:25";"N";"81908345000140";"INSTITUTO PARANA DE PESQUISAS E ANALISE DE CONSUMIDOR LTDA";"#NULO#";"Governador, Senador";"2026-08-21 00:00:00";"2026-08-23 00:00:00";"2026-08-24 00:00:00";1504;"10245 - 4ª";"Tatiani Cristina Ara";"45000,00";"Pesquisa com metodologia quantitativa, com a realização de entrevistas pessoais, domiciliares e presenciais, utilizando questionário estruturado junto a uma amostra representativa do eleitorado do Estado do Mato Grosso.


";"""A amostra será representativa do eleitorado da área pesquisada e será selecionada em três etapas. Na primeira etapa realiza-se um sorteio probabilístico dos municípios onde as entrevistas serão realizadas através do método PPT (Probabilidade Proporcional ao Tamanho), considerando a população eleitora com 16 anos ou mais residente nos municípios como base para essa seleção. Na segunda etapa, faz-se um sorteio probabilístico das localidades, onde as entrevistas serão realizadas, através do método PPT (Probabilidade Proporcional ao Tamanho), tomando a população eleitora de 16 anos ou mais residente nas localidades como base para essa seleção. Na terceira etapa, a seleção do entrevistado dentro da localidade, será feita utilizando-se quotas amostrais proporcionais, em função das seguintes variáveis:
GÊNERO: TSE Julho 2026 (https://sig.tse.jus.br/ords/dwapr/r/seai/sig-eleitor-eleitorado-mensal/cruzamento-eleitorado-mensal?p24_metricas=E&p24_back=22&p24_cruzamento_1=ds_sexo&clear=24&p0_uf=MT&p0_mes=7&debug=LEVEL5&session=312990078978641)
Masculino - 49%; |
Feminino - 51%; |
FAIXA ETÁRIA: TSE Julho 2026 (https://sig.tse.jus.br/ords/dwapr/r/seai/sig-eleitor-eleitorado-mensal/cruzamento-eleitorado-mensal?p24_cruzamento_1=ds_faixa_etaria&p24_metricas=E&p24_back=22&clear=24&p0_uf=MT&p0_mes=7&debug=LEVEL5&session=8904950028837) 
Entre 16 e 24 anos: 13%; |
Entre 25 e 34 anos: 20%; |
Entre 35 e 44 anos: 21%; |
Entre 45 e 59 anos: 26%; |
Com 60 anos ou mais: 20%; |
ESCOLARIDADE: TSE Julho 2026 (https://sig.tse.jus.br/ords/dwapr/r/seai/sig-eleitor-eleitorado-mensal/cruzamento-eleitorado-mensal?p24_cruzamento_1=ds_grau_instrucao&p24_metricas=E&p24_back=22&clear=24&p0_uf=MT&p0_mes=7&debug=LEVEL5&session=309383598034615) Observação: Conforme informações obtidas no site do Tribunal Superior Eleitoral, o TSE, (https://dadosabertos.tse.jus.br/group/about/eleitorado) """"Os registros de grau de escolaridade podem apresentar dados defasados, pois refletem a situação do eleitor na ocasião do cadastramento.""""
De analfabeto até ensino fundamental completo: 34%; |
Ensino médio incompleto ou completo: 46% |
Ensino superior incompleto ou completo: 20% |
RENDA DOMICILIAR MENSAL:  (https://cidades.ibge.gov.br/brasil/mt/pesquisa/23/24304) IBGE - Censo 2010. Observação: Conforme informações obtidas do Instituto Brasileiro de Geografia e Estatística, o IBGE, não divulgou - e não tem previsão - de data para divulgação do perfil econômico (nível econômico) da população brasileira; portanto, os dados quanto ao nível econômico obtidos no Censo 2022, não podem ser utilizados, pois não foram publicados. (https://censo2022.ibge.gov.br/panorama/)
Sem rendimentos até 2 salários mínimos: 43% |
Mais de 2 a 5 salários mínimos: 36% |
Mais de 5 salários mínimos: 21% |
Está prevista eventual ponderação para correção das variáveis gênero e faixa etária, com base nos percentuais acima apresentados, caso ocorram diferenças superiores a 3,0 (três) pontos percentuais entre o previsto na amostra e a coleta realizada; para as variáveis escolaridade e renda domiciliar mensal, o fator de ponderação é igual a 1 (resultados obtidos no campo). O nível de confiança estimado é de 95% (noventa e cinco por cento) para uma margem de erro estimada, considerando uma técnica de amostragem aleatória simples, de aproximadamente 2,6 (dois vírgula seis) pontos percentuais para mais ou para menos sobre os resultados obtidos.""





";"""As entrevistas serão conduzidas por uma equipe de entrevistadores e supervisores devidamente qualificados pelo Instituto Paraná Pesquisas, todos com experiência e treinamento específico em pesquisas de opinião pública. 
Controle: O controle do processo será realizado por meio de um software de coleta de dados.
Conferência e Fiscalização: Durante a coleta de dados os questionários aplicados são fiscalizados e conferidos através de um supervisor.   
Adicionalmente, pelo menos 30% dos questionários passarão por uma verificação posterior, que avaliará a precisão na aplicação e a adequação dos entrevistados às variáveis das quotas amostrais. Ou seja, no mínimo 451 entrevistas desta pesquisa serão auditadas pela equipe de qualidade do Instituto Paraná Pesquisas, podendo essa auditoria ser solicitada ao Instituto a qualquer momento.
Verificação: Após a coleta, os questionários passam por uma etapa de verificação e validação dos dados, para garantir a integridade e precisão dos dados coletados.""





";" ""A pesquisa será realizada no Estado do Mato Grosso, a relação dos dados relativos aos municípios e às localidades será apresentado até o dia seguinte à data a partir da qual a pesquisa puder ser divulgada, conforme §7º do art. 2º da Resolução-TSE nº. 23.600/2019""





"
"28/09/2026";"05:46:54";2026;81;"Eleições Gerais 2026";"MT";"MT";"MATO GROSSO";"MT027662026";"2026-09-04 20:41:38";"S";"19259002000128";"ATLASINTEL TECNOLOGIA DE DADOS LTDA";"ATLASINTEL";"Governador, Senador";"2026-09-04 00:00:00";"2026-09-09 00:00:00";"2026-09-10 00:00:00";1200;"11220";"ANDREI CAMILO DOS SANTOS";"65000,00";"Pesquisa quantitativa com coleta aleatória via questionário estruturado web e pós-estratificação da amostra de acordo com as características do eleitorado de Mato Grosso.";"Amostra aleatória pós-estratificada via algoritmo iterativo com quotas proporcionais, representando características do eleitorado de Mato Grosso: SEXO: Masculino: 48.6%; Feminino: 51.4%. FAIXA ETÁRIA: Entre 16 a 24 anos: 13.6%; Entre 25 a 34 anos: 20.0%; Entre 35 a 44 anos: 20.9%; Entre 45 a 59 anos: 25.9%; 60 ou mais: 19.6%. ESCOLARIDADE: Ensino Fundamental completo ou incompleto e eleitores sem educação formal: 29.8%; Ensino Médio completo ou incompleto: 41.2%; Ensino Superior completo ou incompleto: 29.0%. NÍVEL ECONÔMICO: Renda familiar mensal até R$2000: 10.9%; Mais de R$2.000 a R$3.000: 10.2%; Mais de R$3.000 a R$5.000: 26.8%; Mais de R$5.000 a R$10.000: 33.4%; Mais de R$10.000: 18.8%. OBS.: devido ao arredondamento, a soma dos percentuais pode variar de 99% a 101%. Na agregação final, para cada variável de ponderação, serão admissíveis desvios de até 3.0 pontos percentuais em relação às quotas estipuladas. Confiança estimada: 95%, margem de erro: +/- 3.0 pontos percentuais. FONTE DOS DADOS: PNADc 2025/2026 para nível econômico e escolaridade | TSE 2026 para sexo e faixa etária.";"Coleta feita com a utilização de questionário eletrônico com procedimentos específicos para o armazenamento seguro dos dados. São checados manualmente no mínimo 15% dos questionários para detectar possíveis anomalias. Pesquisadores especializados realizam internamente uma verificação exaustiva da consistência dos dados antes da divulgação dos resultados finais.";"#NULO#"
"28/09/2026";"05:46:54";2026;81;"Eleições Gerais 2026";"MT";"MT";"MATO GROSSO";"MT038332026";"2026-08-17 15:09:50";"N";"10544202000158";"PERCENT PESQUISA DE MERCADO E OPINIAO LTDA";"PERCENT PESQUISA DE MERCADO E OPINIAO";"Deputado Federal, Deputado Estadual";"2026-08-17 00:00:00";"2026-08-23 00:00:00";"2026-08-23 00:00:00";2800;"C10965";"Nathany Luzia de Oliveira";"29550,00";"Pesquisa quantitativa com técnica de survey de opinião, consistindo de entrevistas individuais pessoais de forma telefônica ¿através de números celulares e fixos"" definidas conforme a proporcionalidade de eleitores de cada região e município de Mato Grosso por meio do método PPT (probabilidade proporcional ao tamanho): Definição geográfica de acordo com as regiões sendo: Centro-sul, Sudeste, Nordeste, Oeste, Noroeste, Médio-Norte e Norte do estado de Mato Grosso. Fonte: Divisões do Estado pelo Instituto Mato-grossense de Economia Agropecuária IMEA-MT atualizada. As entrevistas serão realizadas através de questionário estruturado aplicado em uma amostra probabilística dos eleitores das regiões e cidades do estado de Mato Grosso. Fonte: Tribunal Superior Eleitoral TSE e de municípios e setores censitários obtidos através do IBGE, sendo os indivíduos abordados em residência e realizados de forma pessoal por meio de cotas amostrais de sexo, idade, grau de instrução e renda. Fonte: Tribunal Superior Eleitoral e IBGE.";"A pesquisa possui amostra de 2.800 entrevistas, o que é representativo para o estado de Mato Grosso, com a margem de erro de 1,85% para mais ou para menos, com intervalo de confiança de 95,0%. As principais estimativas investigadas na pesquisa referem-se às proporções de eleitores com determinada opinião. O erro amostral para estas estimativas é de 1,85% para mais ou para menos com um nível de confiança de 95%. A ponderação da amostra nas categorias de sexo, idade e grau de instrução foram calculadas com base nas quantidades de eleitores em cada categoria, informadas pelo Tribunal Superior Eleitoral/TSE atualizada no portal no mês de julho de 2026. Sendo as informações, masculino, 49%; feminino, 51%; de 15 a 17 anos, 2,06%; 18 a 24 anos, 12,13%; de 25 a 34 anos, 20,08%; de 35 a 44 anos, 20,95%, de 45 a 59 anos, 25,67%; de 60 anos ou mais, 19,11%; analfabetos ou que leem e escrevem, 8,76%; ensino fundamental incompleto/completo, 25,36%; ensino médio incompleto/completo, 45,56%; ensino superior incompleto/completo, 20,32%. A ponderação da amostra nas categorias de nível econômico foram calculadas com base nas informações do Censo Demográfico do IBGE referentes a rendimentos familiar: Até 01 salário mínimo ¿ 12,1%; Mais de 01 a 02 salários mínimos ¿ 22,4%; Mais de 02 a 05 salários mínimos ¿ 39,6%; Mais de 05 a 10 salários mínimos 16,9% e mais de 10 salários mínimos ¿ 9,0%. Fonte: PNAD/IBGE.";"Sistema interno de controle e verificação, conferência e fiscalização da coleta de dados e do trabalho via campo/via telefônica: Para realização da pesquisa será utilizada uma equipe de entrevistadores e supervisores devidamente treinados para este trabalho. Após a coleta de dados, os questionários são submetidos à supervisão de 100% e checagem de dados de 20% do material via telefônica por profissionais de supervisão. Além disso, todos os questionários passarão por verificação e crítica, para controle de qualidade.";"Dados relativos aos municípios e bairros abrangidos pela pesquisa. Na ausência de delimitação do bairro, será identificada a área em que foi realizada a pesquisa(conforme §7º. do art. 2º. da Resolução-TSE nº. 23.600/2019, A partir do dia em que a pesquisa puder ser divulgada e até o dia seguinte, o registro deverá ser complementado, sob pena de ser a pesquisa considerada não registrada; na ausência de delimitação do bairro, será identificada a área em que foi realizada):"
"28/09/2026";"05:46:54";2026;81;"Eleições Gerais 2026";"MT";"MT";"MATO GROSSO";"MT045602026";"2026-08-06 20:46:50";"S";"22345021000181";"REAL TIME MIDIA LTDA";"REAL TIME BIG DATA";"Governador, Senador";"2026-08-07 00:00:00";"2026-08-11 00:00:00";"2026-08-12 00:00:00";1600;"10839";"Isabela Zara Cremoneze";"24000,00";"Pesquisa quantitativa, que consiste na realização de entrevistas com eleitores do universo a ser explorado, feitas em combinação mista por entrevistadores humanos e recursos de inteligência artificial, com a aplicação de questionário estruturado com abordagens telefônicas e digitais junto a uma amostra representativa do eleitorado em estudo. Pesquisa realizada no Estado do Mato Grosso (MT).";"Representativo do eleitorado da área em estudo, elaborada em três estágios. 
No primeiro estágio, realiza-se um sorteio probabilístico dos municípios onde as entrevistas serão realizadas, pelo método PPT (Probabilidade Proporcional ao Tamanho), tomando a população eleitora de 16 anos ou mais residente nos municípios como base para essa seleção.
No segundo estágio, efetua-se um sorteio probabilístico das localidades dentro dos municípios selecionados, também pelo método PPT (Probabilidade Proporcional ao Tamanho), considerando a população eleitora de 16 anos ou mais residente nessas localidades como base para a seleção.
No terceiro e último estágio, dentro das localidades sorteadas, os respondentes são selecionados por meio de quotas amostrais proporcionais, em função de variáveis significativas, a saber:

GÊNERO:
Feminino: 51,4%;
Masculino: 48,6%.
(Fonte: TSE (Julho/2026) - https://sig.tse.jus.br/ords/dwapr/r/seai/sig-eleitor-eleitorado-mensal/cruzamento-eleitorado-mensal?p24_metricas=E&p24_back=22&p24_cruzamento_1=ds_sexo&clear=24&session=208516945418313)
FAIXA ETÁRIA:
16 anos: 0,6%;
17 anos: 1,0%;
18 a 20 anos: 4,7%;
21 a 24 anos: 7,3%;
25 a 34 anos: 20,0%;
35 a 44 anos: 20,9%;
45 a 59 anos: 25,9%;
60 a 69 anos: 11,5%;
70 a 79 anos: 5,9%;
Superior a 79 anos: 2,2%.
(Fonte: TSE (Julho/2026) - https://sig.tse.jus.br/ords/dwapr/r/seai/sig-eleitor-eleitorado-mensal/cruzamento-eleitorado-mensal?p24_cruzamento_1=ds_faixa_etaria&p24_metricas=E&p24_back=22&clear=24&session=208516945418313)
ESCOLARIDADE:
Analfabeto: 3,2%;
Lê e Escreve: 5,5%;
Ensino Fundamental Incompleto: 19,9%;
Ensino Fundamental Completo: 5,4%;
Ensino Médio Incompleto: 18,4%;
Ensino Médio Completo: 27,1%;
Ensino Superior Incompleto: 6,6%;
Ensino Superior Completo: 13,8%.
(Fonte: TSE (Julho/2026) - https://sig.tse.jus.br/ords/dwapr/r/seai/sig-eleitor-eleitorado-mensal/cruzamento-eleitorado-mensal?p24_cruzamento_1=ds_grau_instrucao&p24_metricas=E&p24_back=22&clear=24&session=208516945418313)
RENDA DOMICILIAR MENSAL:
Sem rendimento: 4,5%;
Até 1/2 Salário Mínimo: 1,9%;
Mais de 1/2 a 1 Salário Mínimo: 12,9%;
Mais de 1 a 2 Salários Mínimos: 23,8%;
Mais de 2 a 5 Salários Mínimos: 36,3%;
Mais de 5 a 10 Salários Mínimos: 14,1%;
Mais de 10 a 20 Salários Mínimos: 4,6%;
Mais de 20 Salários Mínimos: 1,8%.
(Fonte: IBGE (Censo 2010) )
https://cidades.ibge.gov.br/brasil/mt/pesquisa/23/24304?detalhes=true)
Observação: De acordo com informações do Instituto Brasileiro de Geografia e Estatística (IBGE), não há previsão de data para a divulgação do perfil econômico da população brasileira do CENSO 2022. Portanto, os dados sobre o nível econômico obtidos no Censo 2022 não podem ser utilizados, pois ainda não foram publicados.
Está prevista eventual ponderação para correção das variáveis sexo e idade, com base nos percentuais anteriormente mencionados, caso ocorram diferenças superiores a 3 pontos percentuais entre o previsto na amostra e a coleta de dados realizada. Para as variáveis de grau de instrução e nível econômico do entrevistado, o fator previsto para ponderação é 1 (resultados obtidos em campo). O nível de confiança estimado é de 95% e a margem de erro máxima estimada considerando um modelo de amostragem aleatório simples, é de aproximadamente 2 (dois) pontos percentuais para mais ou para menos sobre os resultados encontrados no total da amostra.
";"O trabalho de coleta de dados é acompanhado por supervisores humanos. São selecionados aleatoriamente 15% (quinze por cento) dos questionários para uma verificação posterior e, em caso de dúvida, o formulário é descartado e o responsável pela coleta chamado para esclarecimentos. Há uma equipe especializada que confere os dados à exaustão com objetivo de averiguar e aferir os resultados coletados.";"O anexo do arquivo com os bairros será realizado até o dia seguinte da divulgação conforme indicado no §7º. do art. 2º. da Resolução-TSE nº. 23.600/2019."
"28/09/2026";"05:46:54";2026;81;"Eleições Gerais 2026";"MT";"MT";"MATO GROSSO";"MT024222026";"2026-08-15 15:03:57";"N";"09242998000105";"META PUBLICIDADE E PESQUISA LTDA";"META PUBLICIDADE E PESQUISA";"Senador";"2026-08-12 00:00:00";"2026-08-13 00:00:00";"2026-08-21 00:00:00";500;"8509";"Wander Luiz Benesciuti";"7000,00";"A pesquisa averiguou a intenção de votos dos candidatos em a todos os cargos nas eleições 2026 no município de BARRA DO GARÇAS-MT. Utilizou-se a pesquisa de opinião quantitativa, com técnica de survey por meio de questionários estruturados, aplicados de forma presencial, junto a uma amostra representativa do eleitorado do município.";"A amostra é constituída por 500 entrevistas, tendo como universo os eleitores da zona urbana município de Barra do Garças ¿ MT, com idade de 16 anos e acima. Amostra estratificada por regiões proporcionais ao tamanho da população conforme dados do Censo IBGE 2022, com estratificação proporcional na variáveis sexo com masculino 48%, feminino 52% com a distribuição por faixa etária de 16 a 24 anos 15%, de 25 a 29 anos 11,8%, de 30 a 39 anos 18,8%, de 40 a 49 anos 19,6%, de 50 a 59 anos 15,6% e 60 a 69 anos 11,2% 70 anos e acima 8%, para a variável escolaridade: Analfabeto/Lê e escreve 10%, Ensino fundamental 28,8%, Ensino médio 43,4% e Ensino superior 17,8%, a variável Renda Familiar até 1 salário mínimo 31,4%, de 1 a 3 salários mínimos 40,4%, de 3 a 5 salários mínimos 17,2%, de 5 a 7 salários mínimos 3,6%, de 7 a 10 salários mínimos 2,2% e acima de 10 salários mínimos 2,6%, Não responderam 2,6%. Amostragem realizada com um Intervalo de confiança de 95% para a amostra com uma margem de erro de 4,4% para mais ou para menos nas estimativas dos resultados. Fonte TSE e IBGE 2022.";"Todos os entrevistadores são selecionados e treinados para o trabalho de campo. Cada entrevistador esteve devidamente identificado com crachá do instituto. O supervisor de campo acompanhou in loco a coleta dos dados, garantindo a conferência do material coletado. O método foi uma entrevista por casa ou ponto comercial. Foram entrevistados maiores de 16 anos que votam em BARRA DO GARGAS-MT. As entrevistas foram realizadas de forma eletrônica, por meio de celulares, garantindo maior agilidade na informação, após a coleta de campo, todos os questionários passaram por verificação crítica feita por 2 pessoas responsáveis pelo processamento dos dados e controle de qualidade das informações coletadas.";"EM ANEXO"
"28/09/2026";"05:46:54";2026;81;"Eleições Gerais 2026";"MT";"MT";"MATO GROSSO";"MT059252026";"2026-08-18 22:01:27";"S";"00654576000172";"INSTITUTO VERITA LTDA";"VERITA";"Governador, Senador";"2026-08-19 00:00:00";"2026-08-23 00:00:00";"2026-08-24 00:00:00";1220;"10699";"Guilherme Alvarenga Laia";"93940,00";"Estudo quantitativo voltado às Eleições 2026, realizado por meio de entrevistas individuais, aplicadas mediante questionário eletrônico estruturado e Unidade Automatizada de Respostas Audíveis e Auditáveis, por meio de ligações para telefones móveis (celulares). A inteligência artificial é empregada exclusivamente para a transcrição automatizada das respostas em áudio, não interferindo na formulação das perguntas, na condução das entrevistas, na coleta das informações, na interpretação das respostas ou no tratamento estatístico dos dados.

A participação dos eleitores é voluntária, espontânea e não remunerada. As respostas são prestadas por autodeclaração, sendo, em sua maioria, registradas por meio de códigos numéricos correspondentes às alternativas previamente definidas no questionário.

A utilização de sistema eletrônico automatizado para a coleta e o registro das respostas proporciona elevado nível de padronização operacional, reduz a possibilidade de interferência humana durante a realização das entrevistas, amplia a rastreabilidade e a auditabilidade de todo o processo de coleta e contribui para maior precisão, consistência e confiabilidade dos dados obtidos.

O plano amostral foi elaborado para assegurar a representatividade estatística do eleitorado da respectiva Unidade da Federação, observando critérios técnicos de seleção, distribuição e ponderação da amostra, quando aplicáveis.
";"A pesquisa foi planejada para produzir uma amostra estatisticamente representativa do eleitorado do estado DO MATO GROSSO, utilizando o método de Probabilidade Proporcional ao Tamanho (PPT), com plano amostral em múltiplos estágios. Na primeira etapa, esta Unidade da Federação é dividida em macrorregiões, de forma a assegurar adequada distribuição territorial da amostra e representação das diferentes características geográficas, demográficas e eleitorais. Na segunda etapa, os municípios de cada estrato são ordenados segundo seu porte populacional e eleitoral e sorteados. Na terceira etapa, os respondentes são selecionados entre os eleitores aptos residentes nos municípios sorteados, observando-se a distribuição proporcional da amostra e as cotas estabelecidas para as variáveis de sexo, faixa etária, grau de instrução e nível econômico. As cotas são estabelecidas para a pesquisa completa, considerando a composição do eleitorado e os parâmetros oficiais de referência, não sendo aplicadas isoladamente a cada município selecionado.

SEXO E FAIXA ETÁRIA - Fonte: Tribunal Superior Eleitoral (TSE), Perfil do Eleitorado, junho de 2026. Feminino de 16 a 34 anos: 17,8%; Masculino de 16 a 34 anos: 16,4%; Feminino de 35 a 54 anos: 20,2%; Masculino de 35 a 54 anos: 19%; Feminino com 55 anos ou mais: 13,4%; Masculino com 55 anos ou mais: 13,2%. Os parâmetros de sexo e idade têm como referência o cadastro eleitoral brasileiro atualizado pelo Tribunal Superior Eleitoral, considerando o universo de eleitores aptos com 16 anos ou mais.

GRAU DE INSTRUÇÃO - Fonte: IBGE - Pesquisa Nacional por Amostra de Domicílios Contínua - PNAD Contínua, 1º trimestre de 2026. A distribuição é: sem instrução 4,1%; ensino fundamental incompleto ou equivalente 23,9%; ensino fundamental completo ou equivalente 6,8%; ensino médio incompleto ou equivalente 6,7%; ensino médio completo ou equivalente 32,4%; ensino superior incompleto ou equivalente 5,1%; ensino superior completo 21,1%. A PNAD Contínua é utilizada como referência por constituir a fonte oficial mais atualizada para a mensuração do nível de instrução da população brasileira, sua utilização também corrige limitações decorrentes da ausência de atualização obrigatória e contínua das informações de escolaridade no cadastro eleitoral do Tribunal Superior Eleitoral.

NÍVEL ECONÔMICO - RENDA FAMILIAR DO DOMICÍLIO - Fonte: IBGE - PNAD Contínua Anual 2025, 1ª visita.  Considera-se a renda domiciliar total, compreendendo rendimentos provenientes de trabalho formal e informal, aposentadorias, pensões, benefícios sociais e demais fontes de renda existentes no domicílio.  observando-se a seguinte distribuição: renda familiar de até 2 salários-mínimos 31,6%; de 2 a 5 salários-mínimos 44,1%, acima de 5 salários-mínimos 24,2%.

PONDERAÇÃO E CALIBRAÇÃO DA AMOSTRA - Prevê-se eventual ponderação das variáveis de sexo, faixa etária, grau de instrução e nível econômico, caso sejam verificadas diferenças relevantes entre a distribuição da amostra efetivamente coletada e os parâmetros populacionais de referência adotados. Inicialmente, o fator de ponderação é igual a 1 (um), podendo ser recalculado sempre que necessário para assegurar a representatividade estatística da amostra.
INTERVALO DE CONFIANÇA E MARGEM DE ERRO - O intervalo de confiança adotado é de 95%, com margem máxima estimada de erro de aproximadamente 3  pontos percentuais, para mais ou para menos, sobre os resultados do total da amostra, calculada segundo o modelo de amostragem aleatória simples e a hipótese de máxima variabilidade.
";"Após os trabalhos de coleta de dados, os questionários são submetidos a uma fiscalização, conferência e checagem de cerca de 20% (vinte por cento) dos questionários aplicados. Todas as entrevistas são integralmente registradas em áudio, permanecendo auditáveis e rastreáveis, permitindo a verificação da integridade do processo de coleta, preservado o sigilo das informações pessoais dos entrevistados e observadas as disposições da Lei Geral de Proteção de Dados Pessoais (Lei nº 13.709/2018).";"Em observância ao art. 2º, § 7º, da Resolução TSE nº 23.600/2019, com redação dada pela Resolução TSE nº 23.747/2026, a presente pesquisa terá seu registro complementado no Sistema de Registro de Pesquisas Eleitorais a partir da data em que sua divulgação for permitida e até o dia seguinte, com a identificação dos municípios em que foram realizadas as entrevistas, bem como da composição final da amostra quanto a gênero, idade, grau de instrução e nível econômico, na forma exigida pela legislação eleitoral vigente."
"28/09/2026";"05:46:54";2026;81;"Eleições Gerais 2026";"MT";"MT";"MATO GROSSO";"MT091402026";"2026-09-23 22:11:12";"N";"66500056000113";"DATA INDEX PESQUISAS LTDA";"INSTITUTO DATA INDEX DE PESQUISA";"Deputado Federal, Deputado Estadual";"2026-09-24 00:00:00";"2026-09-27 00:00:00";"2026-09-29 00:00:00";1600;"8509";"WANDER LUIZ BENESCIUTI";"30000,00";"Pesquisa quantitativa, que consiste na realização de entrevistas pessoais, com a aplicação de questionário estruturado junto a uma amostra representativa do eleitorado em estudo. Pesquisa realizada no Estado do Mato Grosso (MT).";"Representativo do eleitorado da área em estudo, elaborada em três estágios. No primeiro estágio, realiza-se um sorteio probabilístico dos municípios onde as entrevistas serão realizadas, pelo método PPT (Probabilidade Proporcional ao Tamanho), tomando a população eleitora de 16 anos ou mais residente nos municípios como base para essa seleção. No segundo estágio, efetua-se um sorteio probabilístico das localidades dentro dos municípios selecionados, também pelo método PPT (Probabilidade Proporcional ao Tamanho), considerando a população eleitora de 16 anos ou mais residente nessas localidades como base para a seleção. No terceiro e último estágio, dentro das localidades sorteadas, os respondentes são selecionados por meio de quotas amostrais proporcionais, em função de variáveis significativas, a saber: GÊNERO: Feminino: 51%; Masculino: 49%. (Fonte: TSE (Agosto/2026); FAIXA ETÁRIA: 16 anos: 0,6%; 17 anos: 1,0%; 18 a 20 anos: 4,7%; 21 a 24 anos: 7,3%; 25 a 34 anos: 20,0%; 35 a 44 anos: 20,9%; 45 a 59 anos: 25,9%; 60 a 69 anos: 11,5%; 70 a 79 anos: 5,9%; Superior a 79 anos: 2,2%. (Fonte: TSE (Agosto/2026); ESCOLARIDADE: Analfabeto: 3,2%; Lê e Escreve: 5,5%; Ensino Fundamental Incompleto: 19,9%; Ensino Fundamental Completo: 5,4%; Ensino Médio Incompleto: 18,5%; Ensino Médio Completo: 27,1%; Ensino Superior Incompleto: 6,6%; Ensino Superior Completo: 13,8%. (Fonte: TSE (Agosto/2026); RENDA DOMICILIAR MENSAL: Sem rendimento: 4,5%; Até 1/2 Salário Mínimo: 1,9%; Mais de 1/2 a 1 Salário Mínimo: 12,9%; Mais de 1 a 2 Salários Mínimos: 23,8%; Mais de 2 a 5 Salários Mínimos: 36,4%; Mais de 5 a 10 Salários Mínimos: 14,1%; Mais de 10 a 20 Salários Mínimos: 4,6%; Mais de 20 Salários Mínimos: 1,8%. (Fonte: IBGE (Censo 2010) ) https://cidades.ibge.gov.br/brasil/mt/pesquisa/23/24304?detalhes=true) Observação: De acordo com informações do Instituto Brasileiro de Geografia e Estatística (IBGE), não há previsão de data para a divulgação do perfil econômico da população brasileira do CENSO 2022. Portanto, os dados sobre o nível econômico obtidos no Censo 2022 não podem ser utilizados, pois ainda não foram publicados. Está prevista eventual ponderação para correção das variáveis sexo e idade, com base nos percentuais anteriormente mencionados, caso ocorram diferenças superiores a 3 pontos percentuais entre o previsto na amostra e a coleta de dados realizada. Para as variáveis de grau de instrução e nível econômico do entrevistado, o fator previsto para ponderação é 1 (resultados obtidos em campo). O nível de confiança estimado é de 95% e a margem de erro máxima estimada considerando um modelo de amostragem aleatório simples, é de cerca de 2 (dois) pontos percentuais para mais ou para menos sobre os resultados encontrados no total da amostra.";"O trabalho de coleta de dados é acompanhado por supervisores humanos. São selecionados aleatoriamente 15% (quinze por cento) dos questionários para uma verificação posterior e, em caso de dúvida, o formulário é descartado e o responsável pela coleta chamado para esclarecimentos. Há uma equipe especializada que confere os dados à exaustão com objetivo de averiguar e aferir os resultados coletados.";"#NULO#"
"28/09/2026";"05:46:54";2026;81;"Eleições Gerais 2026";"MT";"MT";"MATO GROSSO";"MT061032026";"2026-09-24 18:22:26";"S";"10544202000158";"PERCENT PESQUISA DE MERCADO E OPINIAO LTDA";"PERCENT PESQUISA DE MERCADO E OPINIAO";"Governador, Senador, Deputado Federal, Deputado Estadual";"2026-09-29 00:00:00";"2026-10-02 00:00:00";"2026-09-30 00:00:00";1200;"C10965";"Nathany Luzia de Oliveira";"30000,00";"Pesquisa quantitativa com técnica de survey de opinião, consistindo de entrevistas individuais pessoais de forma presencial em residência ""inloco"" definidas conforme a proporcionalidade de eleitores de cada região e município de Mato Grosso por meio do método PPT (probabilidade proporcional ao tamanho): Definição geográfica de acordo com as regiões sendo: Centro-sul, Sudeste, Nordeste, Oeste, Noroeste, Médio-Norte e Norte do estado de Mato Grosso. Fonte: Divisões do Estado pelo Instituto Mato-grossense de Economia Agropecuária IMEA-MT atualizada. As entrevistas serão realizadas através de questionário estruturado aplicado em uma amostra probabilística dos eleitores das regiões e cidades do estado de Mato Grosso. Fonte: Tribunal Superior Eleitoral TSE e de municípios e setores censitários obtidos através do IBGE, sendo os indivíduos abordados em residência e realizados de forma pessoal por meio de cotas amostrais de sexo, idade, grau de instrução e renda. Fonte: Tribunal Superior Eleitoral e IBGE.";"Plano amostral e ponderação/extrato quanto ao sexo, idade, grau de instrução e nível econômico do entrevistado; intervalo de confiança e margem de erro: A pesquisa possui amostra de 1.200 entrevistas, o que é representativo para o estado de Mato Grosso, com a margem de erro de 2,83% para mais ou para menos, com intervalo de confiança de 95,0%. As principais estimativas investigadas na pesquisa referem-se às proporções de eleitores com determinada opinião. O erro amostral para estas estimativas é de 2,83% para mais ou para menos com um nível de confiança de 95%. A ponderação da amostra nas categorias de sexo, idade e grau de instrução foram calculadas com base nas quantidades de eleitores em cada categoria, informadas pelo Tribunal Superior Eleitoral/TSE atualizada no portal no mês de agosto de 2026. Sendo as informações, masculino, 49%; feminino, 51%; de 15 a 17 anos, 2,06%; 18 a 24 anos, 12,13%; de 25 a 34 anos, 20,08%; de 35 a 44 anos, 20,95%, de 45 a 59 anos, 25,67%; de 60 anos ou mais, 19,11%; analfabetos ou que leem e escrevem, 8,76%; ensino fundamental incompleto/completo, 25,36%; ensino médio incompleto/completo, 45,56%; ensino superior incompleto/completo, 20,32%. A ponderação da amostra nas categorias de nível econômico foram calculadas com base nas informações do Censo Demográfico do IBGE referentes a rendimentos familiar: Até 01 salário mínimo ¿ 12,1%; Mais de 01 a 02 salários mínimos ¿ 22,4%; Mais de 02 a 05 salários mínimos ¿ 39,6%; Mais de 05 a 10 salários mínimos 16,9% e mais de 10 salários mínimos ¿ 9,0%. Fonte: PNAD/IBGE 2024.";"Sistema interno de controle e verificação, conferência e fiscalização da coleta de dados e do trabalho de campo: Para realização da pesquisa será utilizada uma equipe de entrevistadores e supervisores devidamente treinados para este trabalho. Após a coleta de dados, os questionários são submetidos à supervisão e crítica de 100% e checagem de dados de 20% do material via telefônica e/ou local. Além disso, todos os questionários passarão por verificação e crítica, para controle de qualidade.";"Dados relativos aos municípios e bairros abrangidos pela pesquisa. Na ausência de delimitação do bairro, será identificada a área em que foi realizada a pesquisa(conforme §7º. do art. 2º. da Resolução-TSE nº. 23.600/2019, A partir do dia em que a pesquisa puder ser divulgada e até o dia seguinte, o registro deverá ser complementado, sob pena de ser a pesquisa considerada não registrada; na ausência de delimitação do bairro, será identificada a área em que foi realizada):"
"28/09/2026";"05:46:54";2026;81;"Eleições Gerais 2026";"MT";"MT";"MATO GROSSO";"MT043512026";"2026-09-16 23:50:26";"N";"66500056000113";"DATA INDEX PESQUISAS LTDA";"INSTITUTO DATA INDEX DE PESQUISA";"Deputado Federal, Deputado Estadual";"2026-09-17 00:00:00";"2026-09-20 00:00:00";"2026-09-22 00:00:00";1600;"8509";"WANDER LUIZ BENESCIUTI";"30000,00";"Pesquisa quantitativa, que consiste na realização de entrevistas pessoais, com a aplicação de questionário estruturado junto a uma amostra representativa do eleitorado em estudo. Pesquisa realizada no Estado do Mato Grosso (MT)";"Representativo do eleitorado da área em estudo, elaborada em três estágios. No primeiro estágio, realiza-se um sorteio probabilístico dos municípios onde as entrevistas serão realizadas, pelo método PPT (Probabilidade Proporcional ao Tamanho), tomando a população eleitora de 16 anos ou mais residente nos municípios como base para essa seleção. No segundo estágio, efetua-se um sorteio probabilístico das localidades dentro dos municípios selecionados, também pelo método PPT (Probabilidade Proporcional ao Tamanho), considerando a população eleitora de 16 anos ou mais residente nessas localidades como base para a seleção. No terceiro e último estágio, dentro das localidades sorteadas, os respondentes são selecionados por meio de quotas amostrais proporcionais, em função de variáveis significativas, a saber: GÊNERO: Feminino: 51%; Masculino: 49%. (Fonte: TSE (Agosto/2026); FAIXA ETÁRIA: 16 anos: 0,6%; 17 anos: 1,0%; 18 a 20 anos: 4,7%; 21 a 24 anos: 7,3%; 25 a 34 anos: 20,0%; 35 a 44 anos: 20,9%; 45 a 59 anos: 25,9%; 60 a 69 anos: 11,5%; 70 a 79 anos: 5,9%; Superior a 79 anos: 2,2%. (Fonte: TSE (Agosto/2026); ESCOLARIDADE: Analfabeto: 3,2%; Lê e Escreve: 5,5%; Ensino Fundamental Incompleto: 19,9%; Ensino Fundamental Completo: 5,4%; Ensino Médio Incompleto: 18,4%; Ensino Médio Completo: 27,1%; Ensino Superior Incompleto: 6,6%; Ensino Superior Completo: 13,8%. (Fonte: TSE (Agosto/2026); RENDA DOMICILIAR MENSAL: Sem rendimento: 4,5%; Até 1/2 Salário Mínimo: 1,9%; Mais de 1/2 a 1 Salário Mínimo: 12,9%; Mais de 1 a 2 Salários Mínimos: 23,8%; Mais de 2 a 5 Salários Mínimos: 36,4%; Mais de 5 a 10 Salários Mínimos: 14,1%; Mais de 10 a 20 Salários Mínimos: 4,6%; Mais de 20 Salários Mínimos: 1,8%. (Fonte: IBGE (Censo 2010) ) https://cidades.ibge.gov.br/brasil/mt/pesquisa/23/24304?detalhes=true) Observação: De acordo com informações do Instituto Brasileiro de Geografia e Estatística (IBGE), não há previsão de data para a divulgação do perfil econômico da população brasileira do CENSO 2022. Portanto, os dados sobre o nível econômico obtidos no Censo 2022 não podem ser utilizados, pois ainda não foram publicados. Está prevista eventual ponderação para correção das variáveis sexo e idade, com base nos percentuais anteriormente mencionados, caso ocorram diferenças superiores a 3 pontos percentuais entre o previsto na amostra e a coleta de dados realizada. Para as variáveis de grau de instrução e nível econômico do entrevistado, o fator previsto para ponderação é 1 (resultados obtidos em campo). O nível de confiança estimado é de 95% e a margem de erro máxima estimada considerando um modelo de amostragem aleatório simples, é de cerca de 2 (dois) pontos percentuais para mais ou para menos sobre os resultados encontrados no total da amostra.";"O trabalho de coleta de dados é acompanhado por supervisores humanos. São selecionados aleatoriamente 15% (quinze por cento) dos questionários para uma verificação posterior e, em caso de dúvida, o formulário é descartado e o responsável pela coleta chamado para esclarecimentos. Há uma equipe especializada que confere os dados à exaustão com objetivo de averiguar e aferir os resultados coletados.";"#NULO#"
"28/09/2026";"05:46:54";2026;81;"Eleições Gerais 2026";"MT";"MT";"MATO GROSSO";"MT000882026";"2026-07-17 19:22:09";"N";"10544202000158";"PERCENT PESQUISA DE MERCADO E OPINIAO LTDA";"PERCENT PESQUISA DE MERCADO E OPINIAO";"Governador, Senador";"2026-07-11 00:00:00";"2026-07-14 00:00:00";"2026-07-23 00:00:00";500;"C10965";"Nathany Luzia de Oliveira";"12000,00";"Pesquisa quantitativa com técnica de survey de opinião, consistindo de entrevistas individuais pessoais de forma presencial em residência ""inloco"" definidas conforme a proporcionalidade de eleitores de cada bairro e região de Rondonópolis por meio do método PPT (probabilidade proporcional ao tamanho): Definição geográfica de acordo com os bairros e regiões da cidade. Fonte: IBGE/PNAD/TSE. As entrevistas serão realizadas através de questionário estruturado aplicado em uma amostra probabilística dos eleitores dos bairros e regiões de Rondonópolis estado de Mato Grosso. Fonte: Tribunal Superior Eleitoral TSE e de municípios e setores censitários obtidos através do IBGE, sendo os indivíduos abordados em residência e realizados de forma pessoal e presencial por meio de cotas amostrais de sexo, idade, grau de instrução e renda. Fonte: Tribunal Superior Eleitoral e IBGE.";"A pesquisa possui amostra de 500 entrevistas, o que é representativo para o município de Rondonópolis estado de Mato Grosso, com a margem de erro de 4,38% para mais ou para menos, com intervalo de confiança de 95,0%. As principais estimativas investigadas na pesquisa referem-se às proporções de eleitores com determinada opinião. O erro amostral para estas estimativas é de 4,38% para mais ou para menos com um nível de confiança de 95%. A ponderação da amostra nas categorias de sexo, idade e grau de instrução foram calculadas com base nas quantidades de eleitores em cada categoria, informadas pelo Tribunal Superior Eleitoral/TSE atualizada no portal no mês de junho de 2026. Sendo as informações, masculino, 47%; feminino, 53%; de 15 a 17 anos, 1,73%; 18 a 24 anos, 11,96%; de 25 a 34 anos, 19,85%; de 35 a 44 anos, 21,14%, de 45 a 59 anos, 26,33%; de 60 anos ou mais, 18,99%; analfabetos ou que leem e escrevem, 7,08%; ensino fundamental incompleto/completo, 22,44%; ensino médio incompleto/completo, 47,62%; ensino superior incompleto/completo, 22,86%. As ponderações da amostra nas categorias de nível econômico foram calculadas com base nas informações do Censo Demográfico do IBGE referentes a rendimentos familiar: Até 01 salário mínimo ¿ 9,4%; Mais de 01 a 02 salários mínimos ¿ 20,6%; Mais de 02 a 05 salários mínimos ¿ 42,1%; Mais de 05 a 10 salários mínimos 18,2% e mais de 10 salários mínimos ¿ 9,7%. Fonte: IBGE/PNAD. As regiões da zona urbana e bairros do município de Rondonópolis estão divididas proporcionalmente pelo número de ¿residentes/votantes/eleitores¿. Fonte: IBGE/PNAD/TSE.";"Sistema interno de controle e verificação, conferência e fiscalização da coleta de dados e do trabalho de campo: Para realização da pesquisa será utilizada uma equipe de entrevistadores e supervisores devidamente treinados para este trabalho. Após a coleta de dados, os questionários são submetidos à supervisão e checagem de dados de 20% do material via telefônica e local. Além disso, todos os questionários passarão por verificação e crítica, para controle de qualidade.";"Dados relativos aos municípios e bairros abrangidos pela pesquisa. Na ausência de delimitação do bairro, será identificada a área em que foi realizada a pesquisa(conforme §7º. do art. 2º. da Resolução-TSE nº. 23.600/2019, A partir do dia em que a pesquisa puder ser divulgada e até o dia seguinte, o registro deverá ser complementado, sob pena de ser a pesquisa considerada não registrada; na ausência de delimitação do bairro, será identificada a área em que foi realizada):"
"28/09/2026";"05:46:54";2026;81;"Eleições Gerais 2026";"MT";"MT";"MATO GROSSO";"MT004402026";"2026-09-07 22:03:17";"S";"10544202000158";"PERCENT PESQUISA DE MERCADO E OPINIAO LTDA";"PERCENT PESQUISA DE MERCADO E OPINIAO";"Governador, Senador, Deputado Federal, Deputado Estadual";"2026-09-08 00:00:00";"2026-09-12 00:00:00";"2026-09-13 00:00:00";1200;"C10965";"Nathany Luzia de Oliveira";"30000,00";"Pesquisa quantitativa com técnica de survey de opinião, consistindo de entrevistas individuais pessoais de forma presencial em residência ""inloco"" definidas conforme a proporcionalidade de eleitores de cada região e município de Mato Grosso por meio do método PPT (probabilidade proporcional ao tamanho): Definição geográfica de acordo com as regiões sendo: Centro-sul, Sudeste, Nordeste, Oeste, Noroeste, Médio-Norte e Norte do estado de Mato Grosso. Fonte: Divisões do Estado pelo Instituto Mato-grossense de Economia Agropecuária IMEA-MT atualizada. As entrevistas serão realizadas através de questionário estruturado aplicado em uma amostra probabilística dos eleitores das regiões e cidades do estado de Mato Grosso. Fonte: Tribunal Superior Eleitoral TSE e de municípios e setores censitários obtidos através do IBGE, sendo os indivíduos abordados em residência e realizados de forma pessoal por meio de cotas amostrais de sexo, idade, grau de instrução e renda. Fonte: Tribunal Superior Eleitoral e IBGE.";"Plano amostral e ponderação/extrato quanto ao sexo, idade, grau de instrução e nível econômico do entrevistado; intervalo de confiança e margem de erro: A pesquisa possui amostra de 1.200 entrevistas, o que é representativo para o estado de Mato Grosso, com a margem de erro de 2,83% para mais ou para menos, com intervalo de confiança de 95,0%. As principais estimativas investigadas na pesquisa referem-se às proporções de eleitores com determinada opinião. O erro amostral para estas estimativas é de 2,83% para mais ou para menos com um nível de confiança de 95%. A ponderação da amostra nas categorias de sexo, idade e grau de instrução foram calculadas com base nas quantidades de eleitores em cada categoria, informadas pelo Tribunal Superior Eleitoral/TSE atualizada no portal no mês de agosto de 2026. Sendo as informações, masculino, 49%; feminino, 51%; de 15 a 17 anos, 2,06%; 18 a 24 anos, 12,13%; de 25 a 34 anos, 20,08%; de 35 a 44 anos, 20,95%, de 45 a 59 anos, 25,67%; de 60 anos ou mais, 19,11%; analfabetos ou que leem e escrevem, 8,76%; ensino fundamental incompleto/completo, 25,36%; ensino médio incompleto/completo, 45,56%; ensino superior incompleto/completo, 20,32%. A ponderação da amostra nas categorias de nível econômico foram calculadas com base nas informações do Censo Demográfico do IBGE referentes a rendimentos familiar: Até 01 salário mínimo ¿ 12,1%; Mais de 01 a 02 salários mínimos ¿ 22,4%; Mais de 02 a 05 salários mínimos ¿ 39,6%; Mais de 05 a 10 salários mínimos 16,9% e mais de 10 salários mínimos ¿ 9,0%. Fonte: PNAD/IBGE 2024.";"Sistema interno de controle e verificação, conferência e fiscalização da coleta de dados e do trabalho de campo: Para realização da pesquisa será utilizada uma equipe de entrevistadores e supervisores devidamente treinados para este trabalho. Após a coleta de dados, os questionários são submetidos à supervisão e crítica de 100% e checagem de dados de 20% do material via telefônica e/ou local. Além disso, todos os questionários passarão por verificação e crítica, para controle de qualidade.";"Dados relativos aos municípios e bairros abrangidos pela pesquisa. Na ausência de delimitação do bairro, será identificada a área em que foi realizada a pesquisa(conforme §7º. do art. 2º. da Resolução-TSE nº. 23.600/2019, A partir do dia em que a pesquisa puder ser divulgada e até o dia seguinte, o registro deverá ser complementado, sob pena de ser a pesquisa considerada não registrada; na ausência de delimitação do bairro, será identificada a área em que foi realizada):"
"28/09/2026";"05:46:54";2026;81;"Eleições Gerais 2026";"MT";"MT";"MATO GROSSO";"MT050512026";"2026-09-26 13:48:10";"S";"43641894000101";"TABLOIDE MATO GROSSO COMUNICACAO LTDA";"TABLOIDE MATO GROSSO";"Governador, Senador";"2026-09-28 00:00:00";"2026-10-01 00:00:00";"2026-10-02 00:00:00";1600;"7655";"AUGUSTO DA SILVA ROCHA";"30000,00";"A pesquisa será do tipo quantitativo, por amostragem aleatória, com aplicação de questionário estruturado e abordagem de moradores eleitores nos municípios do estado do Mato Grosso, divididos nas regiões dentro do estado. O conjunto da população do Estado do Acre com 16 anos ou mais e que são votantes no referido estado foi tomado como universo da pesquisa.";"A amostra será representativa do eleitorado da área pesquisada e será selecionada em três etapas. Na primeira etapa realiza-se um sorteio probabilístico dos municípios onde as entrevistas serão realizadas através do método PPT (Probabilidade Proporcional ao Tamanho), considerando a população eleitora com 16 anos ou mais residente nos municípios como base para essa seleção. Na segunda etapa, faz-se um sorteio probabilístico das localidades, onde as entrevistas serão realizadas, através do método PPT (Probabilidade Proporcional ao Tamanho), tomando a população eleitora de 16 anos ou mais residente nas localidades como base para essa seleção. Na terceira etapa, a seleção do entrevistado dentro da localidade, será feita utilizando-se quotas amostrais proporcionais, em função das variáveis sexo, faixa etária, grau de instrução e Nível socioeconômico (renda mensal familiar). Por fim, os entrevistados são selecionados aleatoriamente para responder ao questionário, de acordo com cotas:

GÊNERO: FEMININO 51,39% ;
MASCULINO 48,61% ;
;
FAIXA ETÁRIA: Entre 16 a 24 anos 13,59% ;
Entre 25 a 34 anos 20,02% ;
Entre 35 a 44 anos 20,88% ;
Entre 45 a 59 anos 25,94% ;
Com 60 anos ou mais 19,57% ;


GRAU DE INSTRUÇÃO: Analfabeto 3,21% ;
Ensino Fundamental Completo 5,42% ;
Ensino Fundamental Incompleto 19,93% ;
Ensino Médio Completo 27,13% ;
Ensino Médio Incompleto 18,44% ;
Lê E Escreve 13,75% ;
Superior Completo 6,58% ;
Superior Incompleto 5,54% ;


Fonte tse/ago2026 https://sig.tse.jus.br/ords/dwapr/r/seai/sig-eleitor-eleitorado-mensal/cruzamento-eleitorado-mensal?p0_uf=MT&session=9786291815099 ;


Renda familiar (A variável ¿classe de rendimento nominal mensal domiciliar¿ corresponde à classificação dos domicílios segundo a soma dos rendimentos nominais mensais de seus moradores, expressa em faixas de salários mínimos vigentes no período de referência do Censo Demográfico 2010. Trata-se da renda total do domicílio, não dividida pelo número de moradores, não devendo ser confundida com rendimento domiciliar per capita. Para fins de planejamento amostral e ponderação, foram preservadas as categorias e os percentuais originalmente disponibilizados pelo IBGE, sem reagrupamento ou recálculo das faixas.): IBGE - Censo 2.010 - (fonte: https://cidades.ibge.gov.br/brasil/mt/pesquisa/23/24304 ) Até 1/2 salário mínimo 1,86% ;
Mais de 1/2 a 1 salário mínimo 12,94% ;
Mais de 1 a 2 salários mínimos 23,83% ;
Mais de 2 a 5 salários mínimos 36,34% ;
Mais de 5 a 10 salários mínimos 14,14% ;
Mais de 10 a 20 salários mínimos 4,63% ;
Mais de 20 salários mínimos 1,75% ;
Sem rendimento 4,51% ;
.


Observação: Conforme informações disponibilizadas pelo Instituto Brasileiro de Geografia e Estatística (IBGE), não houve nem há previsão de divulgação do perfil econômico (nível econômico) da população brasileira no âmbito do Censo Demográfico de 2022 (https://censo2022.ibge.gov.br/panorama/), para essa variável será adotado o fator de ponderação igual a 1, correspondente aos resultados obtidos em campo, caso seja verificada diferença superior à margem de erro prevista no estudo entre a projeção da amostra baseada nos dados do IBGE 2010 e os dados efetivamente coletados. Para as variáveis de sexo, idade e grau de instrução, está previsto uma eventual ponderação, nos limites da margem de erro, para correção nos tamanhos das variáveis, caso ocorra uma diferença entre a previsão da amostra e a coleta dos dados realizados sobre a faixa de eleitores acima de 16 anos. Margem de Erro: A margem de erro máxima prevista é de 2,45 pontos percentuais para mais ou para menos, considerando um nível de confiança de 95%.";"Os entrevistadores envolvidos na realização desta pesquisa são treinados pelo Instituto e recebem instruções específicas para cada projeto realizado. Os pesquisadores são supervisionados por um coordenador que estará em campo juntamente com a equipe garantindo a lisura da pesquisa. Internamente, todo o material é verificado e codificado. Antes do processamento final e emissão dos resultados, realiza-se processo de consistência dos dados. Os dados coletados e tratados nesta pesquisa atendem às exigências da LGPD, Lei Geral de Proteção de Dados, garantindo ao respondente o sigilo de sua identidade e o correto tratamento de suas respostas.";"#NULO#"
"28/09/2026";"05:46:54";2026;81;"Eleições Gerais 2026";"MT";"MT";"MATO GROSSO";"MT070912026";"2026-09-22 20:50:55";"N";"17045348000106";"AAJ SERVICOS DE PUBLICIDADE LTDA";"POVO E PODER PESQUISA DE OPINIAO PUBLICA";"Governador, Senador, Deputado Federal, Deputado Estadual, Deputado Distrital";"2026-09-22 00:00:00";"2026-09-27 00:00:00";"2026-09-28 00:00:00";400;"10924";"Izadora Zdanowsky Calmon dos Reis Pimentel";"8000,00";"Metodologia quantitativa de pesquisa com desenho amostral misto, combinando estratificação espacial intraurbana com alocação proporcional ao tamanho (PPT) e seleção dos entrevistados por cotas representativas. A pesquisa é realizada por meio de entrevistas pessoais aplicadas a eleitores do município de Sinop com 16 anos ou mais. A amostragem estrutura-se nas seguintes etapas: 1. Estratificação Espacial Intraurbana e Dispersão (PPT): A cobertura do município é realizada através da divisão territorial em 7 grandes macrorregiões/eixos (Grande Boa Esperança, Grande São Cristóvão, Região Central, Região Jacarandás/Tarumãs, Região Alto da Glória, Região Sul/São Francisco e Zona Rural). O volume de entrevistas é distribuído entre estas regiões com probabilidade proporcional ao tamanho (PPT) do eleitorado estimado de cada setor. O controlo e a auditoria geográfica são realizados por meio do registo da macrorregião/bairro e/ou das coordenadas de geolocalização (latitude e longitude) no momento da abordagem. 2. Seleção Final por Cotas: A abordagem aos eleitores no campo é conduzida com controlo rigoroso de cotas demográficas representativas do perfil do eleitorado, considerando sexo, faixa etária, grau de instrução e nível económico.";"Para o cálculo do tamanho da amostra, foram considerados os 126.309 eleitores do município de Sinop (TSE 08/2026) aptos a votar, nível de confiança de 95%, variância máxima e erro amostral máximo admitido de 4,89%. Tamanho da amostra mínima: 400 entrevistas.";"O questionário é estruturado com perguntas para respostas espontâneas e estimuladas. A equipe é composta por pesquisadores de campo devidamente identificados, coordenador e supervisor. Aproximadamente 20% das amostras coletadas serão checadas, destarte, garantido a autenticidade, transparência e qualidade no trabalho. No processo de entrevistas tipo escala serão abordados no máximo dois eleitores por quadra residentes em lados opostos e com distância mínima de cinco residências. Considerando o universo finito de 126.309 eleitores de Sinop (TSE 08/2026), um nível de confiança de 95%, erro amostral máximo admitido de 4,89% para mais ou para menos e variância máxima, a dimensão amostral será de 400 entrevistas pessoais, a serem coletadas entre 22/09/2026 e 27/09/2026. A amostra será ponderada por sexo, faixa etária, escolaridade e nível econômico. ¿ SEXO: Feminino: 52,85%; Masculino: 47,15% (Fonte: TSE 08/2026). ¿ FAIXA ETÁRIA: 16 a 24 anos: 13,78%; 25 a 34 anos: 23,21%; 35 a 44 anos: 22,25%; 45 a 59 anos: 25,20%; 60 anos ou mais: 15,57% (Fonte: TSE 08/2026). ¿ ESCOLARIDADE: Até Ensino Fundamental Completo: 28,50%; Ensino
Médio (Incompleto e Completo): 46,00%; Ensino Superior (Incompleto e Completo): 25,50% (Fonte: TSE 08/2026). ¿ RENDA MENSAL DOMICILIAR PER CAPITA: Até 1 Salário Mínimo: 40,43%; De 1 a 2 Salários Mínimos: 33,24%; De 2 a 5 Salários Mínimos: 21,54%; Mais de 5 Salários Mínimos: 4,78% (Fonte: IBGE - CENSO 2022). Observação 1: Como não há dados oficiais de renda exclusivos para o perfil do eleitorado, utiliza-se como parâmetro a distribuição de rendimento domiciliar per capita da população geral. A fonte adotada é o Censo Demográfico 2022 (IBGE). Observação 2: Respostas 'Não Sabe / Não Respondeu' nos quesitos demográficos de controle não compõem os parâmetros populacionais e serão tratadas no processamento estatístico como valores ausentes (missing values), sendo excluídas exclusivamente do cálculo do respectivo fator de ponderação. Observação 3: Como a pesquisa utiliza um desenho amostral não probabilístico por cotas, a margem de erro máxima de 4,89 pontos percentuais e o nível de confiança de 95% são apresentados como uma referência teórica convencional pré-coleta, calculada com base no modelo de Amostragem Aleatória Simples (¿¿ =
0,50). O acréscimo de variância inerente ao uso de pesos desiguais na etapa de calibração (Efeito de Desenho) será avaliado após a consolidação do banco de dados.";"A cobertura do município é realizada através da divisão territorial em 7 grandes macrorregiões/eixos (Grande Boa Esperança, Grande São Cristóvão, Região Central, Região Jacarandás/Tarumãs, Região Alto da Glória, Região Sul/São Francisco e Zona Rural)."
"28/09/2026";"05:46:54";2026;81;"Eleições Gerais 2026";"MT";"MT";"MATO GROSSO";"MT046372026";"2026-09-16 22:26:11";"N";"09242998000105";"META PUBLICIDADE E PESQUISA LTDA";"META PUBLICIDADE E PESQUISA";"Governador, Senador, Deputado Federal, Deputado Estadual";"2026-09-17 00:00:00";"2026-09-18 00:00:00";"2026-09-22 00:00:00";500;"8509";"Wander Luiz Benesciuti";"7000,00";"A pesquisa averiguará a intenção de votos dos candidatos a todos os cargos nas eleições 2026 no município de BARRA DO GARÇAS-MT. Utilizará a pesquisa de opinião quantitativa, com técnica de survey por meio de questionários estruturados, aplicados de forma presencial, junto a uma amostra representativa do eleitorado do município.";"A amostra é constituída por 500 entrevistas, tendo como universo os eleitores da zona urbana município de Barra do Garças ¿ MT, com idade de 16 anos e acima. Amostra estratificada por regiões proporcionais ao tamanho da população conforme dados do Censo IBGE 2022, com estratificação proporcional nas variáveis sexo com masculino 48%, feminino 52% com a distribuição por faixa etária de 16 a 24 anos 15%, de 25 a 29 anos 11,8%, de 30 a 39 anos 18,8%, de 40 a 49 anos 19,6%, de 50 a 59 anos 15,6% e 60 a 69 anos 11,2% 70 anos e acima 8%, para a variável escolaridade: Analfabeto/Lê e escreve 10%, Ensino fundamental 28,8%, Ensino médio 43,4% e Ensino superior 17,8%, a variável Renda Familiar com ponderação pelos resultados obtidos em campo. Amostragem realizada com um Intervalo de confiança de 95% para a amostra com uma margem de erro de 4,4% para mais ou para menos nas estimativas dos resultados. Fonte TSE e IBGE 2022.";"Todos os entrevistadores são selecionados e treinados para o trabalho de campo. Cada entrevistador é devidamente identificado com crachá do instituto. O supervisor de campo acompanha in loco a coleta dos dados, garantindo a conferência do material coletado. O método é uma entrevista por casa ou ponto comercial. Serão entrevistados maiores de 16 anos que votam em BARRA DO GARÇAS-MT. As entrevistas são realizadas de forma eletrônica, por meio de celulares, garantindo maior agilidade na informação, após a coleta de campo, todos os questionários passarão por verificação crítica feita por 2 pessoas responsáveis pelo processamento dos dados e controle de qualidade das informações coletadas.";"Toda a área urbana do município de Barra do Garças ¿ MT, conforme arquivo anexo."
"28/09/2026";"05:46:54";2026;81;"Eleições Gerais 2026";"MT";"MT";"MATO GROSSO";"MT006912026";"2026-09-12 18:30:20";"S";"11100635000187";"MT DADOS ASSESSORIA E MARKETING LTDA";"MT DADOS PESQUISAS";"Governador, Senador, Deputado Federal, Deputado Estadual";"2026-09-11 00:00:00";"2026-09-17 00:00:00";"2026-09-18 00:00:00";3080;"9622";"Giordano Pedreira Perez da Silveira";"65000,00";"Pesquisa quantitativa híbrida com técnica survey de opinião, com coleta presencial (residencial) através de entrevistas pessoais e recrutamento aleatório (WEB) em navegação de rotina dos usuários, conforme a proporcionalidade de eleitores de cada região e município de Mato Grosso por meio do método PPT (probabilidade proporcional ao tamanho): Definição geográfica de acordo com as 7 regiões (Região da Baixada Cuiabá, Região Norte, Região Sul, Região Sudeste, Região Oeste, Região de Médio Norte e Região Noroeste) do estado de Mato Grosso. As entrevistas serão realizadas através de questionário estruturado aplicado em uma amostra probabilística dos eleitores das regiões e cidades do estado de Mato Grosso. Fonte: Tribunal Superior Eleitoral TSE e de municípios e setores censitários obtidos através da IBGE, sendo os indivíduos abordados em residência e realizados de forma pessoal por meio de cotas amostrais.";"A pesquisa possui amostra de 3.080 entrevistas, o que é representativo para o estado de Mato Grosso, com a margem de erro de 3% para mais ou para menos, com intervalo de confiança de 95,0%. As principais estimativas investigadas na pesquisa referem-se às proporções de eleitores com determinada opinião. A ponderação da amostra nas categorias de gênero, idade e grau de instrução foram calculadas com base nas quantidades de eleitores em cada categoria, informadas pelo Tribunal Superior Eleitoral/TSE atualizada no portal no mês de abril de 2026. Sendo as informações, masculino, 49%; feminino, 51%; de 16 a 17 anos, 2,0%; 18 a 24 anos, 12,0%; de 25 a 34 anos, 20,0%; de 35 a 44 anos, 21,0%, de 45 a 59 anos, 26,0%; de 60 anos ou mais, 19,0%; analfabetos ou que leem e escrevem, 9,0%; ensino fundamental incompleto/completo, 26,0%; ensino médio incompleto/completo, 45,0%; ensino superior incompleto/completo, 20,0%. A ponderação da amostra nas categorias de nível econômico foi calculada com base nas informações do Censo Demográfico do IBGE referentes a rendimentos familiar: Até 01 salário mínimo: 12,0%; Mais de 01 a 02 salários mínimos: 22,0%; Mais de 02 a 05 salários mínimos: 40,0%; Mais de 05 a 10 salários mínimos: 17,0% e mais de 10 salários mínimos: 9,0%. Fonte: PNAD/IBGE 2024.";"1 - Sistema interno de controle e verificação, conferência e fiscalização da coleta de dados e do trabalho de campo: Para realização da pesquisa será utilizada uma equipe de entrevistadores e supervisores devidamente treinados para este trabalho. Após a coleta de dados, os questionários são submetidos à supervisão e checagem de dados de 20% do material via telefônica e local. Além disso, todos os questionários passarão por verificação e crítica, para controle de qualidade.
2 - Sistema interno de controle e verificação, conferência e fiscalização do recrutamento aleatório (WEB) de dados: Coleta feita com a utilização de questionário eletrônico com procedimentos específicos para o armazenamento seguro dos dados (Plataforma Questionpro). São checados manualmente no mínimo 20% dos questionários para detectar possíveis anomalias. Pesquisadores especializados realizam internamente verificação exaustiva dos dados antes da divulgação dos resultados.";"#NULO#"
"28/09/2026";"05:46:54";2026;81;"Eleições Gerais 2026";"MT";"MT";"MATO GROSSO";"MT069342026";"2026-09-26 18:49:17";"N";"09242998000105";"META PUBLICIDADE E PESQUISA LTDA";"META PUBLICIDADE E PESQUISA";"Governador, Senador, Deputado Federal, Deputado Estadual";"2026-09-30 00:00:00";"2026-10-01 00:00:00";"2026-10-02 00:00:00";500;"8509";"Wander Luiz Benesciuti";"7000,00";"A pesquisa averiguará a intenção de votos dos candidatos a todos os cargos nas eleições 2026 no município de BARRA DO GARÇAS-MT. Utilizará a pesquisa de opinião quantitativa, com técnica de survey por meio de questionários estruturados, aplicados de forma presencial, junto a uma amostra representativa do eleitorado do município.";"A amostra é constituída por 500 entrevistas, tendo como universo os eleitores da zona urbana município de Barra do Garças ? MT, com idade de 16 anos e acima. Amostra estratificada por regiões proporcionais ao tamanho da população conforme dados do Censo IBGE 2022, com estratificação proporcional na variáveis sexo com masculino 48%, feminino 52% com a distribuição por faixa etária de 16 a 24 anos 15%, de 25 a 29 anos 11,8%, de 30 a 39 anos 18,8%, de 40 a 49 anos 19,6%, de 50 a 59 anos 15,6% e 60 a 69 anos 11,2% 70 anos e acima 8%, para a variável escolaridade: Analfabeto/Lê e escreve 10%, Ensino fundamental 28,8%, Ensino médio 43,4% e Ensino superior 17,8%, a variável Renda Familiar ponderação 1 resultados obtidos em campo. Amostragem realizada com um Intervalo de confiança de 95% para a amostra com uma margem de erro de 4,4% para mais ou para menos nas estimativas dos resultados. Fonte TSE e IBGE 2022.";"Todos os entrevistadores são selecionados e treinados para o trabalho de campo. Cada entrevistador é devidamente identificado com crachá do instituto. O supervisor de campo acompanha in loco a coleta dos dados, garantindo a conferência do material coletado. O método é uma entrevista por casa ou ponto comercial. Serão entrevistados maiores de 16 anos que votam em BARRA DO GARGAS-MT. As entrevistas são realizadas de forma eletrônica, por meio de celulares, garantindo maior agilidade na informação, após a coleta de campo, todos os questionários passarão por verificação crítica feita por 2 pessoas responsáveis pelo processamento dos dados e controle de qualidade das informações coletadas.";"Toda a área urbana do município de Barra do Garças ? MT, conforme arquivo anexo"
"28/09/2026";"05:46:54";2026;81;"Eleições Gerais 2026";"MT";"MT";"MATO GROSSO";"MT080982026";"2026-09-19 17:36:39";"N";"22445600000104";"QUAEST PESQUISAS, CONSULTORIA E PROJETOS LTDA.";"#NULO#";"Governador, Senador";"2026-09-21 00:00:00";"2026-09-24 00:00:00";"2026-09-25 00:00:00";804;"6731";"Margarida Maria de Mendonca";"104118,00";"Pesquisa quantitativa, de survey, que consiste na realização de entrevistas pessoais, domiciliares e presenciais, conduzidas por profissionais treinados, com a aplicação de questionários estruturados a uma amostra representativa da população votante de 16 anos ou mais residente no estado do Mato Grosso. O desenho amostral aplicado combina sorteio probabilístico de municípios e de setores censitários fornecidos pelo IBGE (unidades territoriais homogêneas, de tamanho similar a quadras ou blocos), dentro dos quais serão selecionadas pessoas respondentes por meio de cotas amostrais.";"O público pesquisado é composto por eleitores de 16 anos ou mais residentes na área de abrangência da pesquisa. Para produzir uma amostra representativa desse público-alvo, utilizamos um desenho amostral por conglomerados que prevê três estágios. No primeiro estágio, é feito um sorteio probabilístico de municípios para comporem a amostra por meio do método PPT (Probabilidade Proporcional ao Tamanho) a partir de suas populações votantes acima de 16 anos. Dentro da lista de municípios sorteados, no segundo estágio, é realizado um sorteio probabilístico por meio do método PPT (Probabilidade Proporcional ao Tamanho) de setores censitários a serem visitados pelos entrevistadores, sorteio que tem como base o total de habitantes residentes nos setores de acordo com dados do Censo de 2022, o que garante a dispersão aleatória e estatística da amostra dentro dos territórios municipais, independentemente de divisões administrativas. Finalmente, dentro da lista de setores censitários sorteados, no último estágio são selecionados domicílios e pessoas a serem entrevistadas utilizando-se cotas amostrais para as seguintes variáveis: sexo, idade, renda familiar e escolaridade. O perfil da amostra, definido pelas cotas previstas, é o seguinte:

Sexo: Masculino (49%); Feminino (51%).
Faixa etária: 16-34 anos (34%); 35-59 anos (47%); 60 ou mais (19%).
Renda domiciliar total, incluindo pensões, benefícios e rendimentos de trabalhos informais: Até 2 salários-mínimos (21%); Mais de 2 a 5 salários-mínimos (48%); Mais de 5 salários-mínimos (31%).
Nível de instrução: Até Fundamental completo ou médio incompleto (42%); Médio completo ou superior incompleto (38%); Superior completo ou mais (20%).

Fonte dos dados: para a distribuição de sexo e idade, TSE-Tribunal Superior Eleitoral - agosto/2026; para a malha de setores censitários, Censo 2022 (IBGE); para a distribuição de renda domiciliar, PNADc Anual 2025, 1ª visita (IBGE); e, para a distribuição de escolaridade/instrução, PNADc trimestral 2-2026 (IBGE). A PNADc é utilizada por ser a fonte oficial mais atualizada de rendimentos do país, incluindo rendimentos informais, pensões, entre outros, e corrigindo as defasagens temporais do Censo 2022, além de ser a fonte mais atualizada de nível de instrução da população com 16 anos ou mais dada ausência de atualização obrigatória da escolaridade no registro de eleitores do TSE.

Está prevista eventual pós-estratificação da amostra, por meio de algoritmos de calibração (rake) e modelos (MrP), para correção (1) de estimativas e (2) das distribuições de variáveis que medem o perfil da população.

Dentro do público-alvo anteriormente descrito, serão realizadas 804 entrevistas. O nível de confiança das estimativas é de 95% e a margem de erro máxima prevista, atendendo às diretivas do TSE e usando o cálculo para amostra aleatória simples (AAS) como aproximação, é de cerca de 3 pontos percentuais para mais ou para menos em relação aos totais da amostra.";"As entrevistas serão realizadas por uma equipe de entrevistadores devidamente qualificada, com experiência e treinamento em pesquisa de opinião pública. Todo trabalho é feito em tablets ou outros dispositivos eletrônicos. Após a realização da coleta de dados, as entrevistas junto aos respondentes são checadas por meio de procedimentos de consistência e de georreferenciamento dos locais de aplicação em tempo real. Adicionalmente, ao longo e após os trabalhos de campo, é realizada uma fiscalização que consiste na checagem de áudio de uma amostra de 30% dos questionários aplicados para verificação das respostas e da adequação dos entrevistados aos parâmetros amostrais.";"A área de abrangência da coleta é o território do estado do Mato Grosso. A relação do número de pessoas pesquisadas nas áreas de aplicação da pesquisa, discriminadas por município, bairros e setores censitários a partir dos identificadores utilizados pelo IBGE, além da composição do eleitorado entrevistado na área de abrangência quanto a gênero, idade, grau de instrução e nível econômico, constará em anexo. O mapa com os códigos destes setores censitários e as áreas que delimitam no país todo podem ser conferidos na seguinte fonte oficial: https://censo2022.ibge.gov.br/panorama/mapas.html?localidade=&recorte=setores_censitarios"
"28/09/2026";"05:46:54";2026;81;"Eleições Gerais 2026";"MT";"MT";"MATO GROSSO";"MT099752026";"2026-09-19 23:10:39";"N";"00654576000172";"INSTITUTO VERITA LTDA";"VERITA";"Governador, Senador";"2026-09-20 00:00:00";"2026-09-24 00:00:00";"2026-09-25 00:00:00";1220;"10699";"Guilherme Alvarenga Laia";"37037,04";"Estudo quantitativo voltado às Eleições 2026, realizado por meio de entrevistas individuais, aplicadas mediante questionário eletrônico estruturado e Unidade Automatizada de Respostas Audíveis e Auditáveis, por meio de ligações para telefones móveis (celulares). A inteligência artificial é empregada exclusivamente para a transcrição automatizada das respostas em áudio, não interferindo na formulação das perguntas, na condução das entrevistas, na coleta das informações, na interpretação das respostas ou no tratamento estatístico dos dados.

A participação dos eleitores é voluntária, espontânea e não remunerada. As respostas são prestadas por autodeclaração, sendo, em sua maioria, registradas por meio de códigos numéricos correspondentes às alternativas previamente definidas no questionário.

A utilização de sistema eletrônico automatizado para a coleta e o registro das respostas proporciona elevado nível de padronização operacional, reduz a possibilidade de interferência humana durante a realização das entrevistas, amplia a rastreabilidade e a auditabilidade de todo o processo de coleta e contribui para maior precisão, consistência e confiabilidade dos dados obtidos.

O plano amostral foi elaborado para assegurar a representatividade estatística do eleitorado da respectiva Unidade da Federação, observando critérios técnicos de seleção, distribuição e ponderação da amostra, quando aplicáveis.";"A pesquisa foi planejada para produzir uma amostra estatisticamente representativa do eleitorado do estado DO MATO GROSSO, utilizando o método de Probabilidade Proporcional ao Tamanho (PPT), com plano amostral em múltiplos estágios. Na primeira etapa, esta Unidade da Federação é dividida em macrorregiões, de forma a assegurar adequada distribuição territorial da amostra e representação das diferentes características geográficas, demográficas e eleitorais. Na segunda etapa, os municípios de cada estrato são ordenados segundo seu porte populacional e eleitoral e sorteados. Na terceira etapa, os respondentes são selecionados entre os eleitores aptos residentes nos municípios sorteados, observando-se a distribuição proporcional da amostra e as cotas estabelecidas para as variáveis de sexo, faixa etária, grau de instrução e nível econômico. As cotas são estabelecidas para a pesquisa completa, considerando a composição do eleitorado e os parâmetros oficiais de referência, não sendo aplicadas isoladamente a cada município selecionado.

SEXO E FAIXA ETÁRIA - Fonte: Tribunal Superior Eleitoral (TSE), Perfil do Eleitorado, junho de 2026. Feminino de 16 a 34 anos: 17,8%; Masculino de 16 a 34 anos: 16,4%; Feminino de 35 a 54 anos: 20,2%; Masculino de 35 a 54 anos: 19%; Feminino com 55 anos ou mais: 13,4%; Masculino com 55 anos ou mais: 13,2%. Os parâmetros de sexo e idade têm como referência o cadastro eleitoral brasileiro atualizado pelo Tribunal Superior Eleitoral, considerando o universo de eleitores aptos com 16 anos ou mais.

GRAU DE INSTRUÇÃO - Fonte: IBGE - PNAD Contínua Anual 2025. A distribuição é: sem instrução 3,3%; ensino fundamental incompleto ou equivalente 21,6%; ensino fundamental completo ou equivalente 7,7%; ensino médio incompleto ou equivalente 11%; ensino médio completo ou equivalente 32,8%; ensino superior incompleto ou equivalente 6,1%; ensino superior completo 17,5%. Para não confundir os respondentes as faixas de escolaridade no questionário foram agrupadas em 3 faixas: até ensino fundamental incompleto e completo, ensino médio incompleto e completo e superior incompleto, completo ou mais. A PNAD Contínua é utilizada como referência por constituir a fonte oficial mais atualizada para a mensuração do nível de instrução da população brasileira, sua utilização também corrige limitações decorrentes da ausência de atualização obrigatória e contínua das informações de escolaridade no cadastro eleitoral do Tribunal Superior Eleitoral.

NÍVEL ECONÔMICO - RENDA FAMILIAR DO DOMICÍLIO - Fonte: IBGE - PNAD Contínua Anual 2025. Considera-se a renda domiciliar total, compreendendo rendimentos provenientes de trabalho formal e informal, aposentadorias, pensões, benefícios sociais e demais fontes de renda existentes no domicílio. observando-se a seguinte distribuição: renda familiar de até 2 salários-mínimos 31,6%; de 2 a 5 salários-mínimos 44,1%, acima de 5 salários-mínimos 24,2%.

PONDERAÇÃO E CALIBRAÇÃO DA AMOSTRA - Prevê-se eventual ponderação das variáveis de sexo, faixa etária, grau de instrução e nível econômico, caso sejam verificadas diferenças relevantes entre a distribuição da amostra efetivamente coletada e os parâmetros populacionais de referência adotados. Inicialmente, o fator de ponderação é igual a 1 (um), podendo ser recalculado sempre que necessário para assegurar a representatividade estatística da amostra.
INTERVALO DE CONFIANÇA E MARGEM DE ERRO - O intervalo de confiança adotado é de 95%, com margem máxima estimada de erro de aproximadamente 3 pontos percentuais, para mais ou para menos, sobre os resultados do total da amostra, calculada segundo o modelo de amostragem aleatória simples e a hipótese de máxima variabilidade.";"Após os trabalhos de coleta de dados, os questionários são submetidos a uma fiscalização, conferência e checagem de cerca de 20% (vinte por cento) dos questionários aplicados. Todas as entrevistas são integralmente registradas em áudio, permanecendo auditáveis e rastreáveis, permitindo a verificação da integridade do processo de coleta, preservado o sigilo das informações pessoais dos entrevistados e observadas as disposições da Lei Geral de Proteção de Dados Pessoais (Lei nº 13.709/2018).";"Em observância ao art. 2º, § 7º, da Resolução TSE nº 23.600/2019, com redação dada pela Resolução TSE nº 23.747/2026, a presente pesquisa terá seu registro complementado no Sistema de Registro de Pesquisas Eleitorais a partir da data em que sua divulgação for permitida e até o dia seguinte, com a identificação dos municípios em que foram realizadas as entrevistas, bem como da composição final da amostra quanto a gênero, idade, grau de instrução e nível econômico, na forma exigida pela legislação eleitoral vigente."
"28/09/2026";"05:46:54";2026;81;"Eleições Gerais 2026";"MT";"MT";"MATO GROSSO";"MT039062026";"2026-09-23 19:47:12";"N";"48844295000109";"NEXUS CONSULTORIA E PESQUISAS LTDA";"NEXUS CONSULTORIA E PESQUISAS";"Governador, Senador, Deputado Federal, Deputado Estadual";"2026-09-26 00:00:00";"2026-09-28 00:00:00";"2026-09-29 00:00:00";200;"7655";"AUGUSTO DA SILVA ROCHA";"7000,00";"A pesquisa cobrirá o município envolvendo todas regiões do município de Nova Monte Verde/MT Universo da pesquisa será dos eleitores com 16 anos ou mais. A amostra representará os eleitores do Município, selecionados em 2(dois) estágios. No primeiro estágio, os setores censitários, onde as entrevistas serão realizadas, foram selecionadas, probabilisticamente, através do método PPT - Probabilidade Proporcional ao Tamanho, tomando o número de eleitores como base para seleção. No segundo estágio, a seleção do entrevistado, dentro do setor censitário, será feita utilizando-se quotas proporcionais, e a abordagem será domiciliar.";"Utilizamos quotas proporcionais, em função das seguintes variáveis: Gênero: FEMININO 48,45% ; MASCULINO 51,55% ; Faixa etária: 16 a 24 anos 22,30% ; 25 a 34 anos 19,37% ; 35 a 44 anos 19,06% ; 45 a 59 anos 25,26% ; 60 anos ou mais 14,01% ; Grau de instrução: Analfabeto 2,52% ; Ensino Fundamental Completo 6,68% ; Ensino Fundamental Incompleto 27,78% ; Ensino Médio Completo 26,36% ; Ensino Médio Incompleto 17,26% ; Lê E Escreve 6,78% ; Superior Completo 9,00% ; Superior Incompleto 3,62% ; Fonte dos dados: TSE-Tribunal Superior Eleitoral/julho2026; Cruzamento Eleitorado Mensal https://sig.tse.jus.br/ords/dwapr/r/seai/sig-eleitor-eleitorado-mensal/cruzamento-eleitorado-mensal?p0_municipio=NOVA%20MONTE%20VERDE&p0_uf=MT&session=312001329943172 ; Ano=2026; Mês = agosto; UF= MT; MUNICIPIO = Nova Monte Verde; Renda familiar (A variável ¿classe de rendimento nominal mensal domiciliar¿ corresponde à classificação dos domicílios segundo a soma dos rendimentos nominais mensais de seus moradores, expressa em faixas de salários mínimos vigentes no período de referência do Censo Demográfico 2010. Trata-se da renda total do domicílio, não dividida pelo número de moradores, não devendo ser confundida com rendimento domiciliar per capita. Para fins de planejamento amostral e ponderação, foram preservadas as categorias e os percentuais originalmente disponibilizados pelo IBGE, sem reagrupamento ou recálculo das faixas.): Até 1 salário mínimo 20,31% ; Mais de 1 a 2 salários mínimos 29,17% ; Mais de 2 a 5 salários mínimos 37,22% ; Mais de 5 a 10 salários mínimos 9,62% ; Mais de 10 salários mínimos 3,68% ; Fonte dos dados: IBGE-Censo 2010-IBGE-CENSO 2022 (IBGE/Censo 2010 - Classe de rendimento nominal mensal domiciliar) ; https://cidades.ibge.gov.br/brasil/mt/nova-monte-verde/pesquisa/23/24304 ; ""Está prevista eventual ponderação da amostra para correção das variáveis sexo, idade, renda familiar e escolaridade com base nos percentuais anteriormente mencionados, caso ocorram diferenças entre os percentuais previstos na amostra e a coleta de dados realizada. O nível de confiança estimado é de 95% e a margem de erro máxima prevista, baseada em uma amostra aleatória simples (AAS), é de cerca de 6,9 pontos percentuais para mais ou para menos em relação aos totais da amostra. Nível Econômico: IBGE (Censo/2010) - Observação: Conforme informações obtidas do Instituto Brasileiro de Geografia e Estatística, o IBGE, não divulgou - e não tem previsão - de data para divulgação do perfil econômico (nível econômico) da população brasileira; portanto, os dados quanto ao nível econômico obtidos no Censo 2022, não podem ser utilizados, pois não foram publicados.""";"Para a realização da pesquisa, utiliza-se uma equipe de entrevistadores e supervisores credenciados devidamente treinados pela empresa para esse tipo de pesquisa. Após os trabalhos de campo, 100% dos questionários são criticados e passam por uma fiscalização de cerca de 20% (vinte por cento) dos questionários aplicados por cada entrevistador; para verificação da consistência das respostas e da adequação dos entrevistados aos parâmetros amostrais.";"#NULO#"
"28/09/2026";"05:46:54";2026;81;"Eleições Gerais 2026";"MT";"MT";"MATO GROSSO";"MT042992026";"2026-09-27 22:34:20";"N";"66500056000113";"DATA INDEX PESQUISAS LTDA";"INSTITUTO DATA INDEX DE PESQUISA";"Deputado Federal, Deputado Estadual";"2026-09-28 00:00:00";"2026-10-01 00:00:00";"2026-10-03 00:00:00";1600;"8509";"WANDER LUIZ BENESCIUTI";"15000,00";"Pesquisa quantitativa, que consiste na realização de entrevistas pessoais, com a aplicação de questionário estruturado junto a uma amostra representativa do eleitorado em estudo. Pesquisa realizada no Estado do Mato Grosso (MT).";"Representativo do eleitorado da área em estudo, elaborada em três estágios. No primeiro estágio, realiza-se um sorteio probabilístico dos municípios onde as entrevistas serão realizadas, pelo método PPT (Probabilidade Proporcional ao Tamanho), tomando a população eleitora de 16 anos ou mais residente nos municípios como base para essa seleção. No segundo estágio, efetua-se um sorteio probabilístico das localidades dentro dos municípios selecionados, também pelo método PPT (Probabilidade Proporcional ao Tamanho), considerando a população eleitora de 16 anos ou mais residente nessas localidades como base para a seleção. No terceiro e último estágio, dentro das localidades sorteadas, os respondentes são selecionados por meio de quotas amostrais proporcionais, em função de variáveis significativas, a saber: GÊNERO: Feminino: 51%; Masculino: 49%. (Fonte: TSE (Agosto/2026); FAIXA ETÁRIA: 16 anos: 0,6%; 17 anos: 1,0%; 18 a 20 anos: 4,7%; 21 a 24 anos: 7,3%; 25 a 34 anos: 20,0%; 35 a 44 anos: 20,9%; 45 a 59 anos: 25,9%; 60 a 69 anos: 11,5%; 70 a 79 anos: 5,9%; Superior a 79 anos: 2,2%. (Fonte: TSE (Agosto/2026); ESCOLARIDADE: Analfabeto: 3,2%; Lê e Escreve: 5,5%; Ensino Fundamental Incompleto: 19,9%; Ensino Fundamental Completo: 5,4%; Ensino Médio Incompleto: 18,5%; Ensino Médio Completo: 27,1%; Ensino Superior Incompleto: 6,6%; Ensino Superior Completo: 13,8%. (Fonte: TSE (Agosto/2026); RENDA DOMICILIAR MENSAL: Sem rendimento: 4,5%; Até 1/2 Salário Mínimo: 1,9%; Mais de 1/2 a 1 Salário Mínimo: 12,9%; Mais de 1 a 2 Salários Mínimos: 23,8%; Mais de 2 a 5 Salários Mínimos: 36,4%; Mais de 5 a 10 Salários Mínimos: 14,1%; Mais de 10 a 20 Salários Mínimos: 4,6%; Mais de 20 Salários Mínimos: 1,8%. (Fonte: IBGE (Censo 2010) ) https://cidades.ibge.gov.br/brasil/mt/pesquisa/23/24304?detalhes=true) Observação: De acordo com informações do Instituto Brasileiro de Geografia e Estatística (IBGE), não há previsão de data para a divulgação do perfil econômico da população brasileira do CENSO 2022. Portanto, os dados sobre o nível econômico obtidos no Censo 2022 não podem ser utilizados, pois ainda não foram publicados. Está prevista eventual ponderação para correção das variáveis sexo e idade, com base nos percentuais anteriormente mencionados, caso ocorram diferenças superiores a 3 pontos percentuais entre o previsto na amostra e a coleta de dados realizada. Para as variáveis de grau de instrução e nível econômico do entrevistado, o fator previsto para ponderação é 1 (resultados obtidos em campo). O nível de confiança estimado é de 95% e a margem de erro máxima estimada considerando um modelo de amostragem aleatório simples, é de cerca de 2 (dois) pontos percentuais para mais ou para menos sobre os resultados encontrados no total da amostra.";"O trabalho de coleta de dados é acompanhado por supervisores humanos. São selecionados aleatoriamente 15% (quinze por cento) dos questionários para uma verificação posterior e, em caso de dúvida, o formulário é descartado e o responsável pela coleta chamado para esclarecimentos. Há uma equipe especializada que confere os dados à exaustão com objetivo de averiguar e aferir os resultados coletados.";"#NULO#"
"28/09/2026";"05:46:54";2026;81;"Eleições Gerais 2026";"MT";"MT";"MATO GROSSO";"MT085842026";"2026-07-10 19:20:23";"N";"48844295000109";"NEXUS CONSULTORIA E PESQUISAS LTDA";"NEXUS CONSULTORIA E PESQUISAS";"Deputado Federal, Deputado Estadual";"2026-07-04 00:00:00";"2026-07-06 00:00:00";"2026-07-16 00:00:00";200;"7655";"AUGUSTO DA SILVA ROCHA";"7000,00";"A pesquisa cobrirá o município envolvendo todas regiões do município. Universo da pesquisa será dos eleitores com 16 anos ou mais. A amostra representará os eleitores do Município, selecionados em 2(dois) estágios. No primeiro estágio, os setores censitários, onde as entrevistas serão realizadas, foram selecionadas, probabilisticamente, através do método PPT - Probabilidade Proporcional ao Tamanho, tomando o número de eleitores como base para seleção. No segundo estágio, a seleção do entrevistado, dentro do setor censitário, será feita utilizando-se quotas proporcionais, e a abordagem será domiciliar.";"Utilizamos quotas proporcionais, em função das seguintes variáveis: 
Gênero: FEMININO	48,45%;   MASCULINO	51,55%;

Faixa etária: 16 a 24 anos	13,89%	;
25 a 34 anos	18,97%	;
35 a 44 anos	19,95%	;
45 a 59 anos	26,26%	;
60 anos ou mais	20,93%	;

 Grau de instrução:  ANALFABETO/LÊ E ESCREVE	9,3%	;
ENSINO FUNDAMENTAL COMPLETO	6,68%	;
ENSINO FUNDAMENTAL INCOMPLETO	27,78%	;
ENSINO MÉDIO COMPLETO	26,36%	;
ENSINO MÉDIO INCOMPLETO	17,26%	;

SUPERIOR COMPLETO	9,00%	;
SUPERIOR INCOMPLETO	3,63%	;


Renda familiar: Até 1 salário mínimo	20,31%	;
Mais de 1 a 5 salários mínimos	66,39%	;
Mais de 5 a 10 salários mínimos	9,62%	;
Mais de 10 a 20 salários mínimos	2,52%	;
Mais de 20 salários mínimos	1,16%	;
  Fonte dos dados: TSE-Tribunal Superior Eleitoral/ abril2026; IBGE-Censo 2010-IBGE-CENSO 2022 (IBGE/Censo 2010 - Classe de rendimento nominal mensal domiciliar) ; https://cidades.ibge.gov.br/brasil/mt/nova-monte-verde/pesquisa/23/24304; ; Ano=2026; Mês = JUNHO; UF= MT; MUNICIPIO = NOVA MONTE VERDE; (
sig.tse.jus.br
https://sig.tse.jus.br/ords/dwapr/r/seai/sig-eleitor-eleitorado-mensal/cruzamento-eleitorado-mensal?p24_metricas=E&p24_back=22&p24_cruzamento_1=ds_sexo&clear=24&session=317113693862237;
https://sig.tse.jus.br/ords/dwapr/r/seai/sig-eleitor-eleitorado-mensal/cruzamento-eleitorado-mensal?p24_cruzamento_1=ds_faixa_etaria&p24_metricas=E&p24_back=22&clear=24&session=317113693862237;
https://sig.tse.jus.br/ords/dwapr/r/seai/sig-eleitor-eleitorado-mensal/cruzamento-eleitorado-mensal?p24_cruzamento_1=ds_grau_instrucao&p24_metricas=E&p24_back=22&clear=24&session=317113693862237
)   ""Está prevista eventual ponderação da amostra para correção das variáveis sexo, idade, renda familiar e escolaridade com base nos percentuais anteriormente mencionados, caso ocorram diferenças entre os percentuais previstos na amostra e a coleta de dados realizada. O nível de confiança estimado é de 95% e a margem de erro máxima prevista, baseada em uma amostra aleatória simples (AAS), é de cerca de 6,8 pontos percentuais para mais ou para menos em relação aos totais da amostra. Nível Econômico: IBGE (Censo/2010) - Observação: Conforme informações obtidas do Instituto Brasileiro de Geografia e Estatística, o IBGE, não divulgou - e não tem previsão - de data para divulgação do perfil econômico (nível econômico) da população brasileira; portanto, os dados quanto ao nível econômico obtidos no Censo 2022, não podem ser utilizados, pois não foram publicados.""";"Para a realização da pesquisa, utiliza-se uma equipe de entrevistadores e supervisores credenciados devidamente treinados pela empresa para esse tipo de pesquisa. Após os trabalhos de campo, 100% dos questionários são criticados e passam por uma fiscalização de cerca de 20% (vinte por cento) dos questionários aplicados por cada entrevistador; para verificação da consistência das respostas e da adequação dos entrevistados aos parâmetros amostrais.";"#NULO#"
"28/09/2026";"05:46:54";2026;81;"Eleições Gerais 2026";"MT";"MT";"MATO GROSSO";"MT041532026";"2026-06-30 20:36:00";"N";"66500056000113";"DATA INDEX PESQUISAS LTDA";"INSTITUTO DATA INDEX DE PESQUISA";"Governador, Senador, Deputado Federal, Deputado Estadual";"2026-07-01 00:00:00";"2026-07-04 00:00:00";"2026-07-06 00:00:00";1600;"8509";"WANDER LUIZ BENESCIUTI";"30000,00";"Pesquisa quantitativa, que consiste na realização de entrevistas pessoais, com a aplicação de questionário estruturado junto a uma amostra representativa do eleitorado em estudo. Pesquisa realizada no Estado do Mato Grosso (MT).";"Representativo do eleitorado da área em estudo, elaborada em três estágios. No primeiro estágio, realiza-se um sorteio probabilístico dos municípios onde as entrevistas serão realizadas, pelo método PPT (Probabilidade Proporcional ao Tamanho), tomando a população eleitora de 16 anos ou mais residente nos municípios como base para essa seleção. No segundo estágio, efetua-se um sorteio probabilístico das localidades dentro dos municípios selecionados, também pelo método PPT (Probabilidade Proporcional ao Tamanho), considerando a população eleitora de 16 anos ou mais residente nessas localidades como base para a seleção. No terceiro e último estágio, dentro das localidades sorteadas, os respondentes são selecionados por meio de quotas amostrais proporcionais, em função de variáveis significativas, a saber: GÊNERO: Feminino: 51%; Masculino: 49%. (Fonte: TSE (Maio/2026) ¿ FAIXA ETÁRIA: 16 anos: 0,8%; 17 anos: 1,1%; 18 a 20 anos: 4,8%; 21 a 24 anos: 7,3%; 25 a 34 anos: 20,1%; 35 a 44 anos: 21%; 45 a 59 anos: 25,7%; 60 a 69 anos: 11,4%; 70 a 79 anos: 5,7%; superior a 79 anos: 2,1%. (Fonte: TSE (Maio/2026) ¿ ESCOLARIDADE: Analfabeto: 3,2%; Lê e Escreve: 5,55%; Ensino Fundamental Incompleto: 19,94%; Ensino Fundamental Completo: 5,42%; Ensino Médio Incompleto: 18,44%; Ensino Médio Completo: 27,12%; Ensino Superior Incompleto: 6,58%; Ensino Superior Completo: 13,75%. (Fonte: TSE (Maio/2026)-RENDA DOMICILIAR MENSAL: Sem rendimento: 4,5%; Até 1/2 Salário Mínimo: 1,9%; Mais de 1/2 a 1 Salário Mínimo: 12,9%; Mais de 1 a 2 Salários Mínimos: 23,8%; Mais de 2 a 5 Salários Mínimos: 36,4%; Mais de 5 a 10 Salários Mínimos: 14,1%; Mais de 10 a 20 Salários Mínimos: 4,6%; Mais de 20 Salários Mínimos: 1,8%. (Fonte: IBGE (Censo 2010)) Observação: De acordo com informações do Instituto Brasileiro de Geografia e Estatística (IBGE), não há previsão de data para a divulgação do perfil econômico da população brasileira do CENSO 2022. Portanto, os dados sobre o nível econômico obtidos no Censo 2022 não podem ser utilizados, pois ainda não foram publicados. Está prevista eventual ponderação para correção das variáveis sexo e idade, com base nos percentuais anteriormente mencionados, caso ocorram diferenças superiores a 3 pontos percentuais entre o previsto na amostra e a coleta de dados realizada. Para as variáveis de grau de instrução e nível econômico do entrevistado, o fator previsto para ponderação é 1 (resultados obtidos em campo). O nível de confiança estimado é de 95% e a margem de erro máxima estimada considerando um modelo de amostragem aleatório simples, é de aproximadamente 2 (dois) pontos percentuais para mais ou para menos sobre os resultados encontrados no total da amostra.";"O trabalho de coleta de dados é acompanhado presencialmente por supervisores. São selecionados aleatoriamente 15% (quinze por cento) dos questionários para uma verificação posterior com ligações telefônicas para os números indicados nos formulários, em caso de dúvida, o formulário é descartado e o entrevistador chamado para esclarecimentos.";"#NULO#"
"28/09/2026";"05:46:54";2026;81;"Eleições Gerais 2026";"MT";"MT";"MATO GROSSO";"MT023932026";"2026-05-26 22:43:18";"S";"00654576000172";"INSTITUTO VERITA LTDA";"VERITA";"Governador, Senador";"2026-05-27 00:00:00";"2026-05-31 00:00:00";"2026-06-01 00:00:00";1220;"10699";"GUILHERME ALVARENGA LAIA";"93940,00";"Pesquisa quantitativa, que consiste na realização de entrevistas, com a aplicação de questionário estruturado junto a uma amostra representativa do eleitorado desta Unidade da Federação.";"ESTUDO REPRESENTATIVO DO ELEITORADO DO ESTADO DO MATO GROSSO - MÉTODO PPT (Probabilidade Proporcional ao Tamanho) - PLANO AMOSTRAL E PONDERAÇÃO QUANTO A SEXO, IDADE, GRAU DE INSTRUÇÃO E NÍVEL ECONÔMICO DO ENTREVISTADO; INTERVALO DE CONFIANÇA E MARGEM DE ERRO: Representativo do eleitorado da área em estudo, elaborada, em vários estágios, da seguinte forma: - 1. Divisão da UF em estratos proporcionais de municípios. 2. Ordenação dos municípios de cada estrato segundo o porte. 3. Sorteio dos municípios de cada estrato. 4. Os respondentes são selecionados através de quotas amostrais proporcionais em função de variáveis significativas, a saber: GÊNERO / FAIXA ETÁRIA - FEMININO E MASCULINO 16 A 34 ANOS 17,4% E 15,9%, 35 A 54 ANOS 20,5% E 19,3%, 55 ANOS OU MAIS 13,6% E 13,4%. GRAU DE INSTRUÇÃO ¿ FEMININO E MASCULINO Sem instrução até Ensino Médio completo 60,1%, Ensino superior incompleto e completo 39,9% NÍVEL ECONÔMICO - FEMININO população não economicamente ativa 46,5% população economicamente ativa 53,5% MASCULINO população não economicamente ativa 27,2% população economicamente ativa 72,8%. RENDA FAMILIAR DO DOMICÍLIO renda familiar de até 2 salários-mínimos 30,7%; de 2 a 5 salários-mínimos 44,2%, acima de 5 salários-mínimos 25,1%. Está prevista eventual ponderação para correção das variáveis, com base nos percentuais anteriormente mencionados, caso ocorram diferenças superiores a margem de erro da pesquisa previsto entre a amostra e a coleta de dados realizada. O fator previsto para ponderação é 1 (resultados obtidos na coleta de dados). O intervalo de confiança estimado é de 95% e a margem de erro máxima estimada considerando um modelo de amostragem aleatório simples, é de aproximadamente 3 pontos percentuais para mais ou para menos sobre os resultados encontrados no total da amostra. FONTE DOS DADOS: IBGE/Censo 2022 para fins de densidade demográfica, setores censitários e alocação da amostra. IBGE/PNAD/PNADC/MEC/INEP para fins de Nível Econômico e Escolaridade. TSE FEVEREIRO/2026 para fins de Sexo, Faixa Etária e eleitorado por município ou regiões previamente definidas (importante ressaltar para o público leigo que os dados do TSE são os únicos corretos para gênero, idade dos eleitores e quantitativo de eleitores por municípios já que a base de dados se atualiza automaticamente, PORÉM, dados de escolaridade e nível econômico NÃO são corretos e confiáveis devido a desatualização que ocorre naturalmente com o passar dos anos). Definição de margem de erro e intervalo de confiança: Margem de erro e intervalo de confiança não são grandezas diretamente proporcionais. A SOMA NÃO TEM QUE RESULTAR 100%. ";"Após os trabalhos de coleta de dados, os questionários são submetidos a uma fiscalização, conferência e checagem de cerca de 20% (vinte por cento) dos questionários aplicados.";"A relação dos municípios sorteados ou selecionados para esta pesquisa será apresentada em arquivo anexo até 1 (um) dia após a divulgação desta pesquisa conforme §7º. do art. 2º. da Resolução-TSE nº. 23.600/2019. A área de abrangência desta pesquisa é o Estado DO MATO GROSSO"
"28/09/2026";"05:46:54";2026;81;"Eleições Gerais 2026";"MT";"MT";"MATO GROSSO";"MT024022026";"2026-08-21 22:09:55";"N";"09242998000105";"META PUBLICIDADE E PESQUISA LTDA";"META PUBLICIDADE E PESQUISA";"Governador, Senador, Deputado Federal, Deputado Estadual";"2026-08-12 00:00:00";"2026-08-13 00:00:00";"2026-08-27 00:00:00";500;"8509";"Wander Luiz Benesciuti";"7000,00";"A pesquisa averiguou a intenção de votos dos candidatos  a todos os cargos nas eleições 2026 no município de BARRA DO GARÇAS-MT. Utilizou-se a pesquisa de opinião quantitativa, com técnica de survey por meio de questionários estruturados, aplicados de forma presencial, junto a uma amostra representativa do eleitorado do município.  ";"A amostra é constituída por 500 entrevistas, tendo como universo os eleitores da zona urbana município de Barra do Garças ¿ MT, com idade de 16 anos e acima. Amostra estratificada por regiões proporcionais ao tamanho da população conforme dados do Censo IBGE 2022, com estratificação proporcional na variáveis sexo com masculino 48%, feminino 52% com a distribuição por faixa etária de 16 a 24 anos 15%, de 25 a 29 anos 11,8%, de 30 a 39 anos 18,8%, de 40 a 49 anos 19,6%, de 50 a 59 anos 15,6% e 60 a 69 anos 11,2% 70 anos e acima 8%, para a variável escolaridade: Analfabeto/Lê e escreve 10%, Ensino fundamental 28,8%, Ensino médio 43,4% e Ensino superior 17,8%, a variável Renda Familiar até 1 salário mínimo 31,4%, de 1 a 3 salários mínimos 40,4%, de 3 a 5 salários mínimos 17,2%, de 5 a 7 salários mínimos 3,6%, de 7 a 10 salários mínimos 2,2% e acima de 10 salários mínimos 2,6%, Não responderam 2,6%. Amostragem realizada com um Intervalo de confiança de 95% para a amostra com uma margem de erro de 4,4% para mais ou para menos nas estimativas dos resultados. Fonte TSE e IBGE 2022.";"Todos os entrevistadores são selecionados e treinados para o trabalho de campo. Cada entrevistador esteve devidamente identificado com crachá do instituto. O supervisor de campo acompanhou in loco a coleta dos dados, garantindo a conferência do material coletado. O método foi uma entrevista por casa ou ponto comercial. Foram entrevistados maiores de 16 anos que votam em BARRA DO GARGAS-MT. As entrevistas foram realizadas de forma eletrônica, por meio de celulares, garantindo maior agilidade na informação, após a coleta de campo, todos os questionários passaram por verificação crítica feita por 2 pessoas responsáveis pelo processamento dos dados e controle de qualidade das informações coletadas.";"EM ANEXO"
"28/09/2026";"05:46:54";2026;81;"Eleições Gerais 2026";"MT";"MT";"MATO GROSSO";"MT093352026";"2026-09-12 19:46:50";"N";"81908345000140";"INSTITUTO PARANA DE PESQUISAS E ANALISE DE CONSUMIDOR LTDA";"#NULO#";"Governador, Senador";"2026-09-15 00:00:00";"2026-09-17 00:00:00";"2026-09-18 00:00:00";1352;"10245 - 4ª";"Tatiani Cristina Ara";"45000,00";"Pesquisa com metodologia quantitativa, com a realização de entrevistas pessoais, domiciliares e presenciais, utilizando questionário estruturado junto a uma amostra representativa do eleitorado do Estado do Mato Grosso.
";"""A amostra será representativa do eleitorado da área pesquisada e será selecionada em três etapas. Na primeira etapa realiza-se um sorteio probabilístico dos municípios onde as entrevistas serão realizadas através do método PPT (Probabilidade Proporcional ao Tamanho), considerando a população eleitora com 16 anos ou mais residente nos municípios como base para essa seleção. Na segunda etapa, faz-se um sorteio probabilístico das localidades, onde as entrevistas serão realizadas, através do método PPT (Probabilidade Proporcional ao Tamanho), tomando a população eleitora de 16 anos ou mais residente nas localidades como base para essa seleção. Na terceira etapa, a seleção do entrevistado dentro da localidade, será feita utilizando-se quotas amostrais proporcionais, em função das seguintes variáveis:
GÊNERO: TSE Agosto 2026 (https://sig.tse.jus.br/ords/dwapr/r/seai/sig-eleitor-eleitorado-mensal/cruzamento-eleitorado-mensal?p24_metricas=E&p24_back=22&p24_cruzamento_1=ds_sexo&clear=24&p0_uf=MT&p0_mes=7&debug=LEVEL5&session=312990078978641)
Masculino - 49%; |
Feminino - 51%; |
FAIXA ETÁRIA: TSE Agosto 2026 (https://sig.tse.jus.br/ords/dwapr/r/seai/sig-eleitor-eleitorado-mensal/cruzamento-eleitorado-mensal?p24_cruzamento_1=ds_faixa_etaria&p24_metricas=E&p24_back=22&clear=24&p0_uf=MT&p0_mes=7&debug=LEVEL5&session=8904950028837)
Entre 16 e 24 anos: 13%; |
Entre 25 e 34 anos: 20%; |
Entre 35 e 44 anos: 21%; |
Entre 45 e 59 anos: 26%; |
Com 60 anos ou mais: 20%; |
ESCOLARIDADE: TSE Agosto 2026 (https://sig.tse.jus.br/ords/dwapr/r/seai/sig-eleitor-eleitorado-mensal/cruzamento-eleitorado-mensal?p24_cruzamento_1=ds_grau_instrucao&p24_metricas=E&p24_back=22&clear=24&p0_uf=MT&p0_mes=7&debug=LEVEL5&session=309383598034615) Observação: Conforme informações obtidas no site do Tribunal Superior Eleitoral, o TSE, (https://dadosabertos.tse.jus.br/group/about/eleitorado) """"Os registros de grau de escolaridade podem apresentar dados defasados, pois refletem a situação do eleitor na ocasião do cadastramento.""""
De analfabeto até ensino fundamental completo: 34%; |
Ensino médio incompleto ou completo: 46% |
Ensino superior incompleto ou completo: 20% |
RENDA DOMICILIAR MENSAL: (https://cidades.ibge.gov.br/brasil/mt/pesquisa/23/24304) IBGE - Censo 2010. Observação: Conforme informações obtidas do Instituto Brasileiro de Geografia e Estatística, o IBGE, não divulgou - e não tem previsão - de data para divulgação do perfil econômico (nível econômico) da população brasileira; portanto, os dados quanto ao nível econômico obtidos no Censo 2022, não podem ser utilizados, pois não foram publicados. (https://censo2022.ibge.gov.br/panorama/)
Sem rendimentos até 2 salários mínimos: 43% |
Mais de 2 a 5 salários mínimos: 36% |
Mais de 5 salários mínimos: 21% |
Está prevista eventual ponderação para correção das variáveis gênero e faixa etária, com base nos percentuais acima apresentados, caso ocorram diferenças superiores a 3,0 (três) pontos percentuais entre o previsto na amostra e a coleta realizada; para as variáveis escolaridade e renda domiciliar mensal, o fator de ponderação é igual a 1 (resultados obtidos no campo). O nível de confiança estimado é de 95% (noventa e cinco por cento) para uma margem de erro estimada, considerando uma técnica de amostragem aleatória simples, de aproximadamente 2,7 (dois vírgula sete) pontos percentuais para mais ou para menos sobre os resultados obtidos.""



";"""As entrevistas serão conduzidas por uma equipe de entrevistadores e supervisores devidamente qualificados pelo Instituto Paraná Pesquisas, todos com experiência e treinamento específico em pesquisas de opinião pública.
Controle: O controle do processo será realizado por meio de um software de coleta de dados.
Conferência e Fiscalização: Durante a coleta de dados os questionários aplicados são fiscalizados e conferidos através de um supervisor.
Adicionalmente, pelo menos 30% dos questionários passarão por uma verificação posterior, que avaliará a precisão na aplicação e a adequação dos entrevistados às variáveis das quotas amostrais. Ou seja, no mínimo 406 entrevistas desta pesquisa serão auditadas pela equipe de qualidade do Instituto Paraná Pesquisas, podendo essa auditoria ser solicitada ao Instituto a qualquer momento.
Verificação: Após a coleta, os questionários passam por uma etapa de verificação e validação dos dados, para garantir a integridade e precisão dos dados coletados.""



";"""A pesquisa será realizada no Estado do Mato Grosso, a relação dos dados relativos aos municípios e às localidades será apresentado até o dia seguinte à data a partir da qual a pesquisa puder ser divulgada, conforme §7º do art. 2º da Resolução-TSE nº. 23.600/2019""

"
"28/09/2026";"05:46:54";2026;81;"Eleições Gerais 2026";"MT";"MT";"MATO GROSSO";"MT023222026";"2026-03-17 23:32:59";"S";"00654576000172";"INSTITUTO VERITA LTDA";"VERITA";"Governador, Senador, Deputado Federal, Deputado Estadual";"2026-03-18 00:00:00";"2026-03-24 00:00:00";"2026-03-23 00:00:00";1220;"10699";"GUILHERME ALVARENGA LAIA";"93940,00";"Pesquisa quantitativa, que consiste na realização de entrevistas, com a aplicação de questionário estruturado junto a uma amostra representativa do eleitorado desta Unidade da Federação.";"ESTUDO REPRESENTATIVO DO ELEITORADO DO ESTADO DO MATO GROSSO - MÉTODO PPT (Probabilidade Proporcional ao Tamanho) - PLANO AMOSTRAL E PONDERAÇÃO QUANTO A SEXO, IDADE, GRAU DE INSTRUÇÃO E NÍVEL ECONÔMICO DO ENTREVISTADO; INTERVALO DE CONFIANÇA E MARGEM DE ERRO: Representativo do eleitorado da área em estudo, elaborada, em vários estágios, da seguinte forma: - 1. Divisão da UF em estratos proporcionais de municípios. 2. Ordenação dos municípios de cada estrato segundo o porte. 3. Sorteio dos municípios de cada estrato. 4. Os respondentes são selecionados através de quotas amostrais proporcionais em função de variáveis significativas, a saber: GÊNERO / FAIXA ETÁRIA - FEMININO E MASCULINO 16 A 34 ANOS 17,4% E 15,9%, 35 A 54 ANOS 20,5% E 19,3%, 55 ANOS OU MAIS 13,6% E 13,4%. GRAU DE INSTRUÇÃO - FEMININO Sem instrução até Ensino Médio completo 60,1%, Ensino superior incompleto e completo % NÍVEL ECONÔMICO - FEMININO população não economicamente ativa 46,5% população economicamente ativa 53,5% MASCULINO população não economicamente ativa 27,2% população economicamente ativa 72,8%. RENDA FAMILIAR DO DOMICÍLIO renda familiar de até 2 salários-mínimos 30,7%; de 2 a 5 salários-mínimos 44,2%, acima de 5 salários-mínimos 25,1%. Está prevista eventual ponderação para correção das variáveis, com base nos percentuais anteriormente mencionados, caso ocorram diferenças superiores a margem de erro da pesquisa previsto entre a amostra e a coleta de dados realizada. O fator previsto para ponderação é 1 (resultados obtidos na coleta de dados). O intervalo de confiança estimado é de 95% e a margem de erro máxima estimada considerando um modelo de amostragem aleatório simples, é de aproximadamente 3 pontos percentuais para mais ou para menos sobre os resultados encontrados no total da amostra. FONTE DOS DADOS: IBGE/Censo 2022 para fins de densidade demográfica, setores censitários e alocação da amostra. IBGE/PNAD/PNADC/MEC/INEP para fins de Nível Econômico e Escolaridade. TSE FEVEREIRO/2026 para fins de Sexo, Faixa Etária e eleitorado por município ou regiões previamente definidas (importante ressaltar para o público leigo que os dados do TSE são os únicos corretos para gênero, idade dos eleitores e quantitativo de eleitores por municípios já que a base de dados se atualiza automaticamente, PORÉM, dados de escolaridade e nível econômico NÃO são corretos e confiáveis devido a desatualização que ocorre naturalmente com o passar dos anos). Definição de margem de erro e intervalo de confiança: Margem de erro e intervalo de confiança não são grandezas diretamente proporcionais. A SOMA NÃO TEM QUE RESULTAR 100%. ";"Após os trabalhos de coleta de dados, os questionários são submetidos a uma fiscalização, conferência e checagem de cerca de 20% (vinte por cento) dos questionários aplicados.";"A relação dos municípios sorteados ou selecionados para esta pesquisa será apresentada em arquivo anexo até 1 (um) dia após a divulgação desta pesquisa conforme §7º. do art. 2º. da Resolução-TSE nº. 23.600/2019. A área de abrangência desta pesquisa é o Estado DO MATO GROSSO"
