"DT_GERACAO";"HH_GERACAO";"AA_ELEICAO";"CD_ELEICAO";"NM_ELEICAO";"SG_UF";"SG_UE";"NM_UE";"NR_PROTOCOLO_REGISTRO";"DT_REGISTRO";"ST_PESQUISA_PROPRIA";"NR_CNPJ_EMPRESA";"NM_EMPRESA";"NM_EMPRESA_FANTASIA";"DS_CARGO";"DT_INICIO_PESQUISA";"DT_FIM_PESQUISA";"DT_DIVULGACAO";"QT_ENTREVISTADO";"CD_CONRE";"NM_ESTATISTICO_RESP";"VR_PESQUISA";"DS_METODOLOGIA_PESQUISA";"DS_PLANO_AMOSTRAL";"DS_SISTEMA_CONTROLE";"DS_DADO_MUNICIPIO"
"28/09/2026";"05:46:54";2026;81;"Eleições Gerais 2026";"GO";"GO";"GOIÁS";"GO086512026";"2026-08-20 18:58:46";"N";"04851508000154";"INSTITUTO GAZETA LTDA";"IGAPE- INSTITUTO GAZETA DE PEQUISAS";"Governador, Senador, Deputado Federal, Deputado Estadual";"2026-08-15 00:00:00";"2026-08-24 00:00:00";"2026-08-26 00:00:00";4100;"10394";"FILIPE MOREIRA MARTINE";"15000,00";"A metodologia utilizada é Survey quantitativo, com realização das entrevistas de maneira pessoal em domicílio, com aplicação de questionário estruturado e padronizado em plataforma digital (tablet ou computador) junto a uma amostra representativa dos eleitores dos municípios de Goiás no entorno do Distrito Federal.";"prevista será de 4.100 entrevistas. A Seleção da amostra será realizada utilizando-se quotas amostrais proporcionais, em função das seguintes variáveis. SEXO: Masculino: (46%); Feminino: (54%) - IDADE: 16 a 29 anos (28%); 30 a 44 anos: (32%); 45 a 59 anos: (26%); 60 anos ou mais: (14%) - ESCOLARIDADE: Analfabeto/Lê e escreve e Fundamental completo ou incompleto: (34%); Médio completo ou incompleto: (51%); Superior completo ou incompleto: (15%) ¿ RENDA: Até 1 SM: (37%); De 1 a 2 SM: (41%); Acima de 2 SM (22%). Está prevista eventual ponderação para correção das variáveis, com base nos percentuais acima apresentados - Área física: Municípios de Goiás localizados ao Entorno do Distrito Federal. Margem de Erro: A margem de erro máxima prevista para o total da amostra é de 1,5 pontos percentuais para mais ou para menos, considerando um nível de confiança de 95%. Fonte de Dados: TSE ¿ Estatísticas do Eleitorado 2026 e IBGE Censo 2022. ";"A coleta de dados é realizada por entrevistadores, orientados por coordenadores de campo. Todos os questionários preenchidos recebem crítica para avaliação da consistência dos dados coletados, sendo que 20% dos questionários serão submetidos à conferência através de novos contatos com os entrevistados, medida sempre adotada que visa garantir a qualidade e fidelidade dos dados coletados.";"FORMOSA, PLANALTINA, AGUAS LINDAS, SANTO ANTONIO DO DESCOBERTO, LUZIANIA, CIDADE OCIDENTAL, VALPARAISO DE GOIAS E NOVO GAMA."
"28/09/2026";"05:46:54";2026;81;"Eleições Gerais 2026";"GO";"GO";"GOIÁS";"GO014732026";"2026-09-24 19:34:26";"S";"10544202000158";"PERCENT PESQUISA DE MERCADO E OPINIAO LTDA";"PERCENT PESQUISA DE MERCADO E OPINIAO";"Governador, Senador, Deputado Federal, Deputado Estadual";"2026-09-27 00:00:00";"2026-09-30 00:00:00";"2026-09-30 00:00:00";1200;"C10965";"Nathany Luzia de Oliveira";"20000,00";"Pesquisa quantitativa com técnica de survey de opinião, consistindo de entrevistas individuais pessoais de forma telefônica (telefones celulares e fixos) definidas conforme a proporcionalidade de eleitores de cada região e município de Goiás por meio do método PPT (probabilidade proporcional ao tamanho): Definição geográfica de acordo com as regiões sendo: Centro Goiano, Entorno do Distrito Federal, Região Metropolitana, Nordeste Goiano, Noroeste Goiano, Norte Goiano, Sudeste Goiano, Oeste Goiano, Sudoeste Goiano, Sul Goiano. Fonte: SEGPLAN-GO atualizada. As entrevistas serão realizadas através de questionário estruturado aplicado em uma amostra probabilística dos eleitores das regiões e cidades do estado de Goiás. Fonte: Tribunal Superior Eleitoral TSE.";"A pesquisa possui amostra de 1.200 entrevistas, o que é representativo para o estado de Goiás, com a margem de erro de 2,83% para mais ou para menos, com intervalo de confiança de 95,0%. As principais estimativas investigadas na pesquisa referem-se às proporções de eleitores com determinada opinião. O erro amostral para estas estimativas é de 2,83% para mais ou para menos com um nível de confiança de 95%. A ponderação da amostra nas categorias de sexo, idade e grau de instrução foram calculadas com base nas quantidades de eleitores em cada categoria, informadas pelo Tribunal Superior Eleitoral/TSE atualizada no portal no mês de agosto dos Eleitores do Estado de Goiás. Técnica de amostragem e estratos: Sexo: Masculino 47,0%; Feminino 53,0% | Faixa etária: Entre 15 e 24 anos: 12,49%; Entre 25 e 34 anos: 19,36%; Entre 35 e 44 anos: 20,04%; Entre 45 e 59 anos: 26,36%; 60 anos ou mais: 21,75% | Escolaridade: De analfabeto até ensino fundamental completo: 34,15%; Ensino médio incompleto ou completo: 47,23% Ensino superior incompleto ou completo: 18,62%. Renda: Até 1 SM 14,21%; Mais de 1 a 2 SM 21,75% ; Mais de 2 a 5 SM 40,69% ; Mais de 5 a 10 SM 15,92% ; Mais de 10 SM 7,43%. Fonte: TSE e IBGE";"Sistema interno de controle e verificação, conferência e fiscalização da coleta de dados e do trabalho de campo: Para realização da pesquisa será utilizada uma equipe de entrevistadores e supervisores devidamente treinados para este trabalho. Após a coleta de dados, as entrevistas são submetidos à supervisão e crítica de 100% e checagem de dados de 20% do material. Além disso, todos os questionários passarão por verificação e crítica, para controle de qualidade.";"Dados relativos aos municípios e bairros abrangidos pela pesquisa. Na ausência de delimitação do bairro, será identificada a área em que foi realizada a pesquisa(conforme §7º. do art. 2º. da Resolução-TSE nº. 23.600/2019, A partir do dia em que a pesquisa puder ser divulgada e até o dia seguinte, o registro deverá ser complementado, sob pena de ser a pesquisa considerada não registrada; na ausência de delimitação do bairro, será identificada a área em que foi realizada):"
"28/09/2026";"05:46:54";2026;81;"Eleições Gerais 2026";"GO";"GO";"GOIÁS";"GO058562026";"2026-03-13 22:19:14";"N";"44826961000125";"SMS - DIRECT PESQUISAS E MARKETING LTDA";"DIRECT PESQUISAS";"Governador, Senador, Deputado Federal, Deputado Estadual";"2026-03-14 00:00:00";"2026-03-17 00:00:00";"2026-03-19 00:00:00";1200;"10526";"José Dos Reis Cunha Filho";"15000,00";"Pesquisa quantitativa com abordagem porta a porta, com eleitores que votam e/ou residem no estado de Goiás, consistindo na realização de entrevistas pessoais e individuais, com a aplicação de questionário estruturado junto a uma amostra representativa do eleitorado em estudo. Devido a ordem probabilística da amostra, nesta pesquisa será considerada apenas os eleitores residentes dentro do município ou que no dia da entrevista estejam nele. Todas as entrevistas são espontâneas e os dados são sigilosos, guardados no banco de dados do instituto para tabulação e apresentação gráfica e analítica.";"Trata-se de uma amostra probabilística estratificada, com abordagem aleatória simples através de cotas de sexo, idade e escolaridade, ponderadas de acordo com a estatística do Eleitorado do TSE, 2026 (https://sig.tse.jus.br) e renda ponderada de acordo com registro do último senso estratificado do IBGE (https://cidades.ibge.gov.br) e em conformidade com a Resolução do TSE 23.600/2019, complementada pela Resolução 23.676/2021, com entrevistas domiciliares aos eleitores de 16 anos ou mais que exerça seu voto no estado de Goiás. Totalizando uma população eleitoral de 4.982.755 e amostra de 1.200, a um nível de confiança = 95%; Nível de significância = 5%; Margem de erro = 2,83%, com P = 0,5.
SEXO: Masculino (47,03%), Feminino (52,97%); FAIXA ETÁRIA: até 24 anos (12,36%), de 25 a 34 anos (19,60%), de 35 a 44 anos (20,37%), de 45 a 59 anos (26,32%), 60 anos ou mais (21,35%); ESCOLARIDADE: Analfabeto (2,45%), Lê e escreve (5,60%), 1º Grau inc/comp (26,56%), 2º Grau inc/comp (46,66%), 3º Grau inc/comp (18,73%); RENDA: Até 1 salário (15,67%), entre 1 e 2 salários (21,92%), entre 2 e 5 salários (38,15%), entre 5 e 10 salários (15,58%), Mais de 10 salários (8,68%).
";"Os questionários são aplicados com uso de equipamentos eletrônicos, supervisão in loco e via GPS, passarão por conferência através de novo contato até 20% dos entrevistados, todas as regiões pesquisadas foram selecionadas proporcionalmente.";"Os municípios serão anexados de acordo com a resolução."
"28/09/2026";"05:46:54";2026;81;"Eleições Gerais 2026";"GO";"GO";"GOIÁS";"GO092292026";"2026-04-08 17:45:31";"S";"05270800000146";"GERP MERCADOLOGIA LTDA";"GRUPO GERP GERP MERCADO GERP OPINIAO GERPAUDIT";"Governador";"2026-04-08 00:00:00";"2026-04-14 00:00:00";"2026-04-14 00:00:00";1200;"8153 - 2ª REGIÃO";"CLENILSON SANTOS DE OLIVEIRA";"12000,00";"A população pesquisada é definida como pessoas maiores de 16 anos, eleitoras e residentes nos municípios do estado de Goiás. A pesquisa é do tipo QUANTITATIVA e os entrevistados serão selecionados por cotas em função das variáveis sexo, faixa etária, renda do chefe do domicílio e área de residência. Os dados para definição das cotas foram obtidos de publicações do IBGE e da Estatística do Eleitorado do TSE. Os dados serão tabulados em função das variáveis sócio-econômicas e agregados segundo as diversas áreas de residência de interesse.";"Com a realização de 1200 (mil e duzentas) entrevistas, dentro de um universo considerado infinito e um nível de confiança de 95,55%, a margem de erro para projeções dos dados é estimada em 2,89 pontos percentuais, nos casos limites em que as variáveis assumam o percentual de 50%. O resultado projetado para a população pesquisada vai de um mínimo de 47,11% a um máximo de 52,89%. Para o mesmo número de entrevistas, a margem de erro tende a se estreitar quando os percentuais se aproximam de 0% ou de 100%. Se a variável incidir em 10%, por exemplo, a margem de erro é estimada em 1,73 pontos percentuais. E o resultado projetado vai de um mínimo de 8,27% a um máximo de 91,73%. O Instituto Gerp utiliza dois desvios padrões para o cálculo da margem de erro em todos os seus projetos de pesquisa, o que representa um nível de confiança de 95,55%, confiando ao trabalho uma segurança ainda maior do que o normalmente utilizado pelo mercado. Está prevista eventual ponderação para correção das variáveis área de residência, sexo, faixa etária e renda do chefe do domicílio, caso ocorram diferenças superiores a 2 pontos percentuais entre o previsto na amostra e a coleta de dados realizada. O plano amostral a ser cumprido, pelo entrevistador, é o definido a seguir: IDADE/SEXO: 16-17/masculino (0,68%), 16-17/feminino (0,64%), 18-24/ masculino (12,08%), 18-24/feminino (11,36%), 25-34/masculino (19,60%), 25-34/feminino (19,59%), 35 44/masculino (20,44%), 35-44/feminino (20,30%), 45- 59/masculino (26,29%), 45-59/feminino (26,35%), 60 ou +/masculino (20,91%), 60 ou +/feminino (21,74%) RENDA DO CHEFE DO DOMICÍLIO: Até 01 SM (18,63%), De 01 a 02 SM (24,43%), De 02 a 05 SM (36,58%), De 05 a 10 SM (13,61%), De 10 a 20 SM (4,75%), Mais de 20 SM (1,99%)";"Como de praxe em pesquisas realizadas pelo INSTITUTO DE PESQUISA GERP, todas as entrevistas são criticadas e 20%, no mínimo, são verificados junto ao próprio entrevistado. O trabalho de entrevistas é permanentemente acompanhado por um supervisor local, que controla e fiscaliza a aplicação dos questionários (por telefone, Sistema Cati), com o entrevistador, entrevistando pessoalmente o entrevistado. Além disso, há um controle de qualidade do trabalho nos sistemas de processamento das informações. Para melhor explicitar os mecanismos de controle e verificação, segue o abaixo escrito: Todas as equipes de entrevistadores possuem também um supervisor interno, em caráter permanente, que é responsável pela fiscalização da coleta de dados e verificação das respostas junto aos próprios entrevistados; Cada questionário enviado ao sistema é objeto de uma checagem do seu correto preenchimento e pelo menos 20% das entrevistas são verificadas junto ao entrevistado pelo supervisor interno. Ou seja, em 20% das entrevistas, o supervisor interno liga para o entrevistado e refaz as perguntas, verificando, assim, a veracidade das respostas. As entrevistas objeto da verificação são escolhidas por critério de sorteio aleatório. Ex.: a cada 05 entrevistas enviadas ao sistema, 01 é verificada pelo supervisor interno. Ao término da pesquisa, o INSTITUTO DE PESQUISA GERP, faz uma rigorosa crítica a todos os questionários enviados, onde são checadas inconsistências nas respostas. Caso seja constatada alguma inconsistência, o entrevistado é contatado, a dúvida é solucionada ou a entrevista é descartada.
";"A pesquisa englobará as cinco Mesorregiões do estado de Goiás: Noroeste Goiano, Norte Goiano, Centro Goiano, Leste Goiano e Sul Goiano."
"28/09/2026";"05:46:54";2026;81;"Eleições Gerais 2026";"GO";"GO";"GOIÁS";"GO073672026";"2026-09-10 15:56:37";"N";"29533384000190";"INSTITUTO GOIAS PESQUISAS LTDA";"GOIAS PESQUISAS";"Deputado Federal, Deputado Estadual";"2026-09-13 00:00:00";"2026-09-15 00:00:00";"2026-09-16 00:00:00";621;"8956";"Francy Anne Barbosa Cesar";"12500,00";"A metodologia de pesquisa é do tipo quantitativo, por amostragem, com aplicação de questionário estruturado e abordagem pessoal em domicílios particulares permanentemente ocupados e, em pontos de fluxo (de acordo com a definição do IBGE - Instituto Brasileiro de Geografia e Estatística), sorteados com amostra aleatória simples sem reposição. O conjunto do eleitorado do município de Goiânia - GO com 16 anos ou mais, foi tomado como universo da pesquisa. Plano amostral e ponderação quanto a sexo, idade, grau de instrução, e nível econômico do entrevistado, um intervalo de confiança e margem de erro. Tamanho da amostra: a amostra prevista é de 601 entrevistas residenciais e, em pontos de fluxo. Técnica de amostragem: a amostra é aleatória considerando a população finita, com base na estimativa da média populacional. A amostra poderá ser ponderada levando em consideração a variável sexo, da população de Goiânia - GO, sendo 55,06% mulheres; 44,94% homens e Não Informado 0,00% conforme dados do TSE de setembro de 2026 e a variável idade sendo consideradas as faixas de 16 anos acima (TSE setembro de 2026). Em relação à ponderação, devido à metodologia amostral adotada, os fatores de ponderação a serem aplicados em todas as variáveis (sexo, idade, grau de instrução, e nível econômico) assumem valor igual a 1 (um). Área física: Município de Goiânia, em domicílios particulares e (pontos de fluxo) permanentemente ocupados e sorteados de maneira aleatória simples sem reposição.";"O plano Amostral segundo os itens exigidos por lei segue descritos: Universo: Eleitorado do Município de GOIÂNIA, com 16 anos ou mais. Amostragem - O GOIÁS PESQUISAS entrevistará 621 eleitores. Coeficiente de confiança e margem de erro - A amostra a nível municipal tem uma margem de erro de 3,93 pontos para um intervalo e confiança de 95% As ponderações em relação a sexo, idade, grau de instrução e nível econômico, estão descritas no questionário refletindo estatisticamente a proporção do eleitorado consultado. Dados / Último Censo/ TSE / Setembro de 2026 / ESTATÍSTICA DO ELEITORADO DO MUNICÍPIO DE GOIÂNIA - GO GÊNERO: Masculino 44,94%; Feminino 55,06% e Não Informado 0,00%. FAIXA ETÁRIA: De 16 a 24 anos 10,53%; De 25 a 34 anos 18,84%; De 35 a 44 anos 20,66%; De 45 a 59 anos 26,69%; 60 anos ou mais 23,28% e Não Informada 0,00%. ESCOLARIDADE: Analfabeto 0,68%; Lê e escreve 2,36%; Ensino Fundamental 18,27%; Ensino Médio 48,62%; Ensino Superior 30,07% e Não informado 0,00%. Sem rendimento até 1 SM 41,56%; Acima de 1 até 3 SM 38,69%; Acima de 3 até 5 SM 9,46% e Mais de 5 SM 10,29%. Salário Mínimo*";"Os pesquisadores envolvidos na realização desta pesquisa recebem treinamento especializado e instruções específicas de abordagem. O trabalho é feito com a equipe e um coordenador de campo. Há fiscalização no ato da entrevista e os questionários são recolhidos e checados no local, quanto ao correto preenchimento dos dados. Após os trabalhos de campo, os questionários são submetidos a uma fiscalização que consiste no retorno a campo de 10% dos questionários aplicados individualmente pelos entrevistadores, para verificação das respostas. Internamente, todo o material é verificado, codificado, digitado e, antes do processamento final, realiza-se a conferência da digitação (consistência dos dados). A partir de então, as análises Estatísticas podem ser realizadas.";"Conforme disposto no &#65533; 7&#65533; do art. 2&#65533; da Resolu&#65533;&#65533;o-TSE n&#65533; 23.600/2019, que a partir do dia em que a pesquisa puder ser divulgada e at&#65533; o dia seguinte, o registro dever&#65533; ser complementado, sob pena de ser a pesquisa considerada n&#65533;o registrada, com os dados relativos &#65533; sua abrang&#65533;ncia (incisos I, II e III). Os dados (setores, n&#65533;mero de entrevistados, faixa et&#65533;ria, sexo, n&#65533;vel de instru&#65533;&#65533;o e n&#65533;vel econ&#65533;mico) relativos &#65533; pesquisa ser&#65533;o apresentados no primeiro dia ap&#65533;s a divulga&#65533;&#65533;o do resultado conforme previsto na legisla&#65533;&#65533;o eleitoral em vigor."
"28/09/2026";"05:46:54";2026;81;"Eleições Gerais 2026";"GO";"GO";"GOIÁS";"GO020302026";"2026-09-10 17:01:45";"N";"04851508000154";"INSTITUTO GAZETA LTDA";"IGAPE- INSTITUTO GAZETA DE PEQUISAS";"Governador, Senador, Deputado Federal, Deputado Estadual";"2026-09-07 00:00:00";"2026-09-13 00:00:00";"2026-09-16 00:00:00";1000;"10394";"Filipe Moreira Martine";"8000,00";"A metodologia utilizada é Survey quantitativo, com realização das entrevistas de maneira pessoal em domicílio, com aplicação de questionário estruturado e padronizado em plataforma digital (tablet ou computador) junto a uma amostra representativa dos eleitores dos municípios de Goiás ao entorno do Distrito Federal.";"O universo da pesquisa é composto por eleitores dos municípios de Goiás ao entorno do Distrito Federal, com idade a partir de 16 anos. A amostra prevista será de 1.000 entrevistas. A Seleção da amostra será realizada utilizando-se quotas amostrais proporcionais, em função das seguintes variáveis. SEXO: Masculino: (46%); Feminino: (54%) - IDADE: 16 a 29 anos (28%); 30 a 44 anos: (32%); 45 a 59 anos: (26%); 60 anos ou mais: (14%) - ESCOLARIDADE: Analfabeto/Lê e escreve e Fundamental completo ou incompleto: (34%); Médio completo ou incompleto: (51%); Superior completo ou incompleto: (15%) ¿ RENDA FAMILIAR: Até 1 SM: (37%); De 1 a 2 SM: (41%); Acima de 2 SM (22%). Está prevista eventual ponderação para correção das variáveis, com base nos percentuais acima apresentados - Área física: Municípios de Goiás localizados ao Entorno do Distrito Federal. Margem de Erro: A margem de erro máxima prevista para o total da amostra é de 3,1 pontos percentuais para mais ou para menos, considerando um nível de confiança de 95%. Fonte de Dados: TSE ¿ Estatísticas do Eleitorado 2026 e IBGE Censo 2022.";"A coleta de dados é realizada por entrevistadores, orientados por coordenadores de campo. Todos os questionários preenchidos recebem crítica para avaliação da consistência dos dados coletados, sendo que 20% dos questionários serão submetidos à conferência através de novos contatos com os entrevistados, medida sempre adotada que visa garantir a qualidade e fidelidade dos dados coletados.";"#NULO#"
"28/09/2026";"05:46:54";2026;81;"Eleições Gerais 2026";"GO";"GO";"GOIÁS";"GO046522026";"2026-09-02 23:29:10";"N";"04851508000154";"INSTITUTO GAZETA LTDA";"IGAPE- INSTITUTO GAZETA DE PEQUISAS";"Governador, Senador, Deputado Federal, Deputado Estadual";"2026-09-05 00:00:00";"2026-09-06 00:00:00";"2026-09-08 00:00:00";500;"10394";"FILIPE MOREIRA MARTINE";"5000,00";"A metodologia utilizada é Survey quantitativo, com realização das entrevistas de maneira pessoal em domicílio, com aplicação de questionário estruturado e padronizado em plataforma digital (tablet ou computador) junto a uma amostra representativa dos eleitores de Senador Canedo.";"O universo da pesquisa é composto por eleitores de Senador Canedo, com idade a partir de 16 anos. A amostra prevista será de 500 entrevistas. A Seleção da amostra será realizada utilizando-se quotas amostrais proporcionais, em função das seguintes variáveis. SEXO: Masculino: (46%); Feminino: (54%) - IDADE: 16 a 29 anos (26%); 30 a 44 anos: (35%); 45 a 59 anos: (25%); 60 anos ou mais: (14%) - ESCOLARIDADE: Analfabeto/Lê e escreve: (5%); Fundamental completo ou incompleto: (28%); Médio completo ou incompleto: (55%); Superior completo ou incompleto: (12%); RENDA INDIVIDUAL: Até 1 SM: (31%); De 1 a 2 SM: (42%); Acima de 2 SM (27%). Está prevista eventual ponderação para correção das variáveis, com base nos percentuais acima apresentados - Área física: Município de Senador Canedo - GO. Margem de Erro: A margem de erro máxima prevista para o total da amostra é de 4,3 pontos percentuais para mais ou para menos, considerando um nível de confiança de 95%. Fonte de Dados: TSE: Estatísticas do Eleitorado 2026 e IBGE Censo 2022.";"A coleta de dados é realizada por entrevistadores, orientados por coordenadores de campo. Todos os questionários preenchidos recebem crítica para avaliação da consistência dos dados coletados, sendo que 20% dos questionários serão submetidos à conferência através de novos contatos com os entrevistados, medida sempre adotada que visa garantir a qualidade e fidelidade dos dados coletados. Conforme §6º. do art. 2º. da Resolução-TSE nº. 23.549, o pedido de registro poderá ser complementado pela entrega destes dados ao Tribunal Eleitoral até o sétimo dia seguinte ao registro da pesquisa. Serão enviados os dados relativos aos bairros abrangidos, na ausência de delimitação dos bairros, será identificada a área em que foi realizada)";"#NULO#"
"28/09/2026";"05:46:54";2026;81;"Eleições Gerais 2026";"GO";"GO";"GOIÁS";"GO041492026";"2026-03-19 22:47:59";"N";"04851508000154";"INSTITUTO GAZETA LTDA";"IGAPE- INSTITUTO GAZETA DE PEQUISAS";"Governador, Senador, Deputado Federal, Deputado Estadual";"2026-03-21 00:00:00";"2026-03-24 00:00:00";"2026-03-25 00:00:00";1200;"10394";"FILIPE MOREIRA MARTINE";"4000,00";"A metodologia utilizada é Survey quantitativo, com realização das entrevistas de maneira pessoal em domicílio, com aplicação de questionário estruturado e padronizado em plataforma digital (tablet ou computador) junto a uma amostra representativa dos eleitores da Região Geográfica Imediata de Luziânia ( Luziânia, Cidade Ocidental, Santo Antônio do Descoberto, Novo Gama, Valparaiso de Goias e Cristalina)";"O universo da pesquisa é composto por eleitores da Região Geográfica Imediata de Luziânia, com idade a partir de 16 anos. A amostra prevista será de 1200 entrevistas. A Seleção da amostra será realizada utilizando-se quotas amostrais proporcionais, em função das seguintes variáveis. SEXO: Masculino: (46%); Feminino: (54%) - IDADE: 16 a 29 anos (27%); 30 a 44 anos: (32%); 45 a 59 anos: (26%); 60 anos ou mais: (15%) - ESCOLARIDADE: Analfabeto/Lê e escreve: (7%); Fundamental completo ou incompleto: (27%); Médio completo ou incompleto: (52%); Superior completo ou incompleto: (14%); RENDA INDIVIDUAL: Até 1 SM: (36%); Acima de 1 a 2 SM: (40%); Acima de 2 SM (24%). Está prevista eventual ponderação para correção das variáveis, com base nos percentuais acima apresentados - Área física da Região Geográfica Imediata de Luziânia. Margem de Erro: A margem de erro máxima prevista para o total da amostra é de 2,8 pontos percentuais para mais ou para menos, considerando um nível de confiança de 95%. Fonte de Dados: TSE: Estatísticas do Eleitorado 2026 e IBGE Censo 2022.";"A coleta de dados é realizada por entrevistadores, orientados por coordenadores de campo. Todos os questionários preenchidos recebem crítica para avaliação da consistência dos dados coletados, sendo que 20% dos questionários serão submetidos à conferência através de novos contatos com os entrevistados, medida sempre adotada que visa garantir a qualidade e fidelidade dos dados coletados. Conforme §6º. do art. 2º. da Resolução-TSE nº. 23.549, o pedido de registro poderá ser complementado pela entrega destes dados ao Tribunal Eleitoral até o sétimo dia seguinte ao registro da pesquisa. Serão enviados os dados relativos aos bairros abrangidos, na ausência de delimitação dos bairros, será identificada a área em que foi realizada)";"Região Geográfica Imediata de Luziânia (Luziânia, Cidade Ocidental, Santo Antônio do Descoberto, Novo Gama, Valparaiso de Goias e Cristalina)"
"28/09/2026";"05:46:54";2026;81;"Eleições Gerais 2026";"GO";"GO";"GOIÁS";"GO038252026";"2026-09-10 16:23:39";"N";"29533384000190";"INSTITUTO GOIAS PESQUISAS LTDA";"GOIAS PESQUISAS";"Governador, Senador";"2026-09-14 00:00:00";"2026-09-15 00:00:00";"2026-09-16 00:00:00";1250;"8956";"Francy Anne Barbosa Cesar";"36000,00";"Pesquisa quantitativa de opinião política, realizada através de entrevistas telefônicas assistidas por computador (CATI) via sistema de Unidade de Resposta Audível. As chamadas são direcionadas para terminais de telefonia fixa e móvel (celulares), utilizando discagem aleatória dentro dos prefixos ativos no estado de Goiás. O sistema opera de forma impessoal, onde o respondente interage com perguntas pré-gravadas utilizando o teclado do aparelho. A coleta é monitorada em tempo real para controle de cotas e filtragem de inconsistências.";"Universo: Eleitores do Estado de Goiás. Tamanho da amostra: A amostra prevista é de 1.250 entrevistas. Técnica de amostragem: A amostra é estratificada por região geográfica intermediária (IBGE- Censo 2022), onde em cada estrato, num primeiro estágio, são sorteados aleatoriamente os municípios que farão parte do levantamento. No segundo estágio, a seleção do entrevistado dentro da localidade será feita utilizando-se quotas amostrais proporcionais as características demográficas do universo, em função das seguintes variáveis: GÊNERO: Masculino 47,02%; Feminino 52,98% | FAIXA ETÁRIA: Entre 16 e 24 anos: 12,49%; Entre 25 e 34 anos: 19,36%; Entre 35 e 44 anos: 20,04%; Entre 45 e 59 anos: 26,36%; 60 anos ou mais: 21,75% | ESCOLARIDADE: De analfabeto até ensino fundamental completo: 34,15%; Ensino médio incompleto ou completo: 47,23% Ensino superior incompleto ou completo: 18,62%. NÍVEL ECONÔMICO: População Economicamente Ativa: 66,38%; População Não Economicamente Ativa: 33,62% (Sem rendimento Até 1 SM - 59,42%; Acima de 1 até 3 SM 31,39%; Acima de 3 até 5 SM 4,99 e Mais de 5 SM 4,20%). Está prevista eventual ponderação para correção das variáveis gênero, faixa etária e escolaridade, com base nos percentuais acima apresentados, caso ocorram diferenças superiores a 3,0 (três) pontos percentuais entre o previsto na amostra e a coleta realizada. Para a variável nível econômico, o fator de ponderação é igual a 1, (resultados obtidos no campo). O nível de confiança estimado é de 95% (noventa e cinco por cento) para uma margem de erro estimada, considerando uma técnica de amostragem aleatória simples, de aproximadamente 2,77 (dois vírgula setenta e sete) pontos percentuais sobre os resultados obtidos. Ressalta-se que esta margem de erro e grau de confiabilidade se aplica ao total da amostra, não devendo ser considerado para os resultados dentro de cada estrato e nem para os resultados gerados pelo cruzamento de variáveis. Fonte de Dados: Para as variáveis de Gênero, Faixa Etária e Grau de Instrução, os dados foram extraídos do repositório de estatísticas do eleitorado do TSE (Tribunal Superior Eleitoral), atualizados em setembro de 2026, referentes ao Estado de Goiás. Para a variável de Nível Econômico, utilizou-se a PNAD Contínua 4º. Trim 2025 (IBGE), no estado de Goiás. Área física: A relação completa dos municípios e bairros pesquisados será encaminhada a esse tribunal posteriormente até o sétimo dia seguinte à data de registro da pesquisa, conforme Resolução 23.600/2019 do TSE, no art.2º §7º.";"O controle de qualidade é realizado diretamente pelo sistema de coleta, que monitora rigorosamente as cotas em tempo real e encerra a entrevista automaticamente caso o perfil já tenha sido preenchido. A verificação da autenticidade é feita através da auditoria integral dos logs de chamadas (comprovação de origem e duração). São aplicados filtros para descarte de outliers de duração e detecção de padrões de resposta repetitivos. Como segunda camada de proteção, é enviado um SMS - Short Message Service (Serviço de Mensagens Curtas) de agradecimento aos participantes que concluíram o questionário, servindo como registro de validação.";"A pesquisa será realizada no Estado de Goiás. A relação dos municípios e bairros pertencentes à amostra será apresentada até o dia seguinte à data a partir da qual a pesquisa puder ser divulgada, conforme §7º do art. 2º da Resolução TSE nº. 23.600/2019."
"28/09/2026";"05:46:54";2026;81;"Eleições Gerais 2026";"GO";"GO";"GOIÁS";"GO033242026";"2026-02-21 23:34:07";"N";"44826961000125";"SMS - DIRECT PESQUISAS E MARKETING LTDA";"DIRECT PESQUISAS";"Governador, Senador, Deputado Federal, Deputado Estadual";"2026-02-22 00:00:00";"2026-02-25 00:00:00";"2026-02-27 00:00:00";1200;"10526";"José Dos Reis Cunha Filho";"10000,00";"Pesquisa quantitativa com abordagem porta a porta, com eleitores que votam e/ou residem no estado de Goiás, consistindo na realização de entrevistas pessoais e individuais, com a aplicação de questionário estruturado junto a uma amostra representativa do eleitorado em estudo. Devido a ordem probabilística da amostra, nesta pesquisa será considerada apenas os eleitores residentes dentro do município ou que no dia da entrevista estejam nele. Todas as entrevistas são espontâneas e os dados são sigilosos, guardados no banco de dados do instituto para tabulação e apresentação gráfica e analítica.";"Trata-se de uma amostra probabilística estratificada, com abordagem aleatória simples através de cotas de sexo, idade e escolaridade, ponderadas de acordo com a estatística do Eleitorado do TSE, 2026 (https://sig.tse.jus.br) e renda ponderada de acordo com registro do último senso estratificado do IBGE (https://cidades.ibge.gov.br) e em conformidade com a Resolução do TSE 23.600/2019, complementada pela Resolução 23.676/2021, com entrevistas domiciliares aos eleitores de 16 anos ou mais que exerça seu voto no estado de Goiás. Totalizando uma população eleitoral de 5.126.435 e amostra de 1.200, a um nível de confiança = 95%; Nível de significância = 5%; Margem de erro = 2,83%, com P = 0,5.
SEXO: Masculino (47,02%), Feminino (52,98%); FAIXA ETÁRIA: até 24 anos (12,30%), de 25 a 34 anos (19,63%), de 35 a 44 anos (20,41%), de 45 a 59 anos (26,34%), 60 anos ou mais (21,33%); ESCOLARIDADE: Analfabeto (2,45%), Lê e escreve (5,62%), 1º Grau inc/comp (26,62%), 2º Grau inc/comp (46,55%), 3º Grau inc/comp (18,76%); RENDA: Até 1 salário (15,67%), entre 1 e 2 salários (21,92%), entre 2 e 5 salários (38,15%), entre 5 e 10 salários (15,58%), Mais de 10 salários (8,68%).
";"Os questionários são aplicados com uso de equipamentos eletrônicos, supervisão in loco e via GPS, passarão por conferência através de novo contato até 20% dos entrevistados, todas as regiões pesquisadas foram selecionadas proporcionalmente.";"Os municípios serão anexados de acordo com a resolução."
"28/09/2026";"05:46:54";2026;81;"Eleições Gerais 2026";"GO";"GO";"GOIÁS";"GO048942026";"2026-08-07 12:48:32";"N";"04851508000154";"INSTITUTO GAZETA LTDA";"IGAPE- INSTITUTO GAZETA DE PEQUISAS";"Governador, Senador, Deputado Federal, Deputado Estadual";"2026-08-08 00:00:00";"2026-08-10 00:00:00";"2026-08-13 00:00:00";500;"10394";"FILIPE MOREIRA MARTINE";"3500,00";"A metodologia utilizada é Survey quantitativo, com realização das entrevistas de maneira pessoal em domicílio, com aplicação de questionário estruturado e padronizado em plataforma digital (tablet ou computador) junto a uma amostra representativa dos eleitores de Senador Canedo.";"O universo da pesquisa é composto por eleitores de Senador Canedo, com idade a partir de 16 anos. A amostra prevista será de 500 entrevistas. A Seleção da amostra será realizada utilizando-se quotas amostrais proporcionais, em função das seguintes variáveis. SEXO: Masculino: (46%); Feminino: (54%) - IDADE: 16 a 29 anos (26%); 30 a 44 anos: (35%); 45 a 59 anos: (25%); 60 anos ou mais: (14%) - ESCOLARIDADE:Analfabeto/Lê e escreve: (5%); Fundamental completo ou incompleto: (28%); Médio completo ou incompleto: (55%);
Superior completo ou incompleto: (12%); RENDA INDIVIDUAL:Até 1 SM: (31%); De 1 a 2 SM: (42%); Acima de 2 SM (27%). Está prevista eventual ponderação para correção das variáveis, com base nos percentuais acima apresentados - Área física: Município de Senador Canedo - GO. Margem de Erro:A margem de erro máxima prevista para o total da amostra é de 4,3 pontos percentuais para mais ou para menos, considerando um nível de confiança de 95%. Fonte de Dados: TSE: Estatísticas do Eleitorado 2026 e IBGE Censo 2022.";"A coleta de dados é realizada por entrevistadores, orientados por coordenadores de campo. Todos os questionários preenchidos recebem crítica para avaliação da consistência dos dados coletados, sendo que 20% dos questionários serão submetidos à conferência através de novos contatos com os entrevistados, medida sempre adotada que visa garantir a qualidade e fidelidade dos dados coletados. Conforme §6º. do art. 2º. da Resolução-TSE nº. 23.549, o pedido de registro poderá ser complementado pela entrega destes dados ao Tribunal Eleitoral até o sétimo dia seguinte ao registro da pesquisa. Serão enviados os dados relativos aos bairros abrangidos, na ausência de delimitação dos bairros, será identificada a área em que foi realizada)";"Os bairros serão anexados de acordo com a resolução."
"28/09/2026";"05:46:54";2026;81;"Eleições Gerais 2026";"GO";"GO";"GOIÁS";"GO015342026";"2026-04-21 22:58:42";"S";"44826961000125";"SMS - DIRECT PESQUISAS E MARKETING LTDA";"DIRECT PESQUISAS";"Governador, Senador, Deputado Federal, Deputado Estadual";"2026-04-23 00:00:00";"2026-04-25 00:00:00";"2026-04-27 00:00:00";1500;"10526";"José Dos Reis Cunha Filho";"5000,00";"Pesquisa quantitativa com abordagem porta a porta, com eleitores que votam e/ou residem nos municípios que compõe o Vale do São Patrício e Região, totalizando 21 cidades, no estado de Goiás, consistindo na realização de entrevistas pessoais e individuais, com a aplicação de questionário estruturado junto a uma amostra representativa do eleitorado em estudo. Devido a ordem probabilística da amostra, nesta pesquisa será considerada apenas os eleitores residentes dentro do município ou que no dia da entrevista estejam nele. Todas as entrevistas são espontâneas e os dados são sigilosos, guardados no banco de dados do instituto para tabulação e apresentação gráfica e analítica.";"Trata-se de uma amostra probabilística estratificada, com abordagem aleatória simples através de cotas de sexo, idade e escolaridade, ponderadas de acordo com a estatística do Eleitorado do TSE, 2026 (https://sig.tse.jus.br) e renda ponderada de acordo com registro do último senso estratificado do IBGE (https://cidades.ibge.gov.br) e em conformidade com a Resolução do TSE 23.600/2019, complementada pela Resolução 23.676/2021, com entrevistas domiciliares aos eleitores de 16 anos ou mais que exerça seu voto nos municípios de Jaraguá, Ceres, Rialma, Santa Isabel, Carmo do Rio Verde, Vila Propicio, Nova Gloria, Uruaçu, Barro Alto, Pirenópolis, Itapaci, Crixás, Padre Bernardo, Rubiataba, São Luiz do Norte, Niquelândia, Campinorte, Mara Rosa, Itapuranga, Cocalzinho de Goiás e Uruana. Totalizando uma população eleitoral de 306.917 e amostra de 1.500, a um nível de confiança = 95%; Nível de significância = 5%; Margem de erro = 2,54%, com P = 0,5.
SEXO: Masculino (48,24%), Feminino (51,76%); FAIXA ETÁRIA: até 24 anos (11,55%), de 25 a 34 anos (17,95%), de 35 a 44 anos (18,51%), de 45 a 59 anos (27,19%), 60 anos ou mais (24,80%); ESCOLARIDADE: Analfabeto (3,96%), Lê e escreve (8,54%), 1º Grau inc/comp (29,53%), 2º Grau inc/comp (42,86%), 3º Grau inc/comp (15,11%); RENDA: Até 1 salário (15,67%), entre 1 e 2 salários (21,92%), entre 2 e 5 salários (38,15%), entre 5 e 10 salários (15,58%), Mais de 10 salários (8,68%).
";"Os questionários são aplicados com uso de equipamentos eletrônicos, supervisão in loco e via GPS, passarão por conferência através de novo contato até 20% dos entrevistados, todas as regiões pesquisadas foram selecionadas proporcionalmente.";"Os municípios serão anexados de acordo com a resolução."
"28/09/2026";"05:46:54";2026;81;"Eleições Gerais 2026";"GO";"GO";"GOIÁS";"GO015282026";"2026-07-29 00:19:00";"N";"04851508000154";"INSTITUTO GAZETA LTDA";"IGAPE- INSTITUTO GAZETA DE PEQUISAS";"Governador, Senador, Deputado Federal, Deputado Estadual";"2026-07-24 00:00:00";"2026-07-27 00:00:00";"2026-08-04 00:00:00";600;"10394";"FILIPE MOREIRA MARTINE";"4000,00";"A metodologia utilizada é Survey quantitativo, com realização das entrevistas de maneira pessoal em domicílio, com aplicação de questionário estruturado e padronizado em plataforma digital (tablet ou computador) junto a uma amostra representativa dos eleitores de Luziânia.";"O universo da pesquisa é composto por eleitores de Luziânia, com idade a partir de 16 anos. A amostra prevista será de 600 entrevistas. A Seleção da amostra será realizada utilizando-se quotas amostrais proporcionais, em função das seguintes variáveis. SEXO: Masculino: (46%); Feminino: (54%) - IDADE: 16 a 29 anos (26%); 30 a 44 anos: (31%); 45 a 59 anos: (26%); 60 anos ou mais: (17%) - ESCOLARIDADE: Analfabeto/Lê e escreve e Fundamental completo ou incompleto: (25%); Médio completo ou incompleto: (55%); Superior completo ou incompleto: (20%) ¿ RENDA FAMILIAR: Até 1 SM: (37%); De 1 a 2 SM: (41%); Acima de 2 SM (22%). Está prevista eventual ponderação para correção das variáveis, com base nos percentuais acima apresentados - Área física: Município de Luziânia - GO. Margem de Erro: A margem de erro máxima prevista para o total da amostra é de 4,8 pontos percentuais para mais ou para menos, considerando um nível de confiança de 95%. Fonte de Dados: TSE ¿ Estatísticas do Eleitorado 2026 e IBGE Censo 2022. ";"A coleta de dados é realizada por entrevistadores, orientados por coordenadores de campo. Todos os questionários preenchidos recebem crítica para avaliação da consistência dos dados coletados, sendo que 20% dos questionários serão submetidos à conferência através de novos contatos com os entrevistados, medida sempre adotada que visa garantir a qualidade e fidelidade dos dados coletados.";"Conforme §6º. do art. 2º. da Resolução-TSE nº. 23.549, o pedido de registro poderá ser complementado pela entrega destes dados ao Tribunal Eleitoral até o sétimo dia seguinte ao registro da pesquisa. Serão enviados os dados relativos aos bairros abrangidos, na ausência de delimitação dos bairros, será identificada a área em que foi realizada)"
"28/09/2026";"05:46:54";2026;81;"Eleições Gerais 2026";"GO";"GO";"GOIÁS";"GO082702026";"2026-04-27 22:37:30";"N";"44826961000125";"SMS - DIRECT PESQUISAS E MARKETING LTDA";"DIRECT PESQUISAS";"Governador, Senador, Deputado Federal, Deputado Estadual";"2026-04-24 00:00:00";"2026-04-25 00:00:00";"2026-05-03 00:00:00";350;"10526";"José Dos Reis Cunha Filho";"4000,00";"Pesquisa quantitativa com abordagem porta a porta, com eleitores que votam e/ou residem no município de Pirenópolis no estado de Goiás, consistindo na realização de entrevistas pessoais e individuais, com a aplicação de questionário estruturado junto a uma amostra representativa do eleitorado em estudo. Devido a ordem probabilística da amostra, nesta pesquisa será considerada apenas os eleitores residentes dentro do município ou que no dia da entrevista estejam nele. Todas as entrevistas são espontâneas e os dados são sigilosos, guardados no banco de dados do instituto para tabulação e apresentação gráfica e analítica.";"Trata-se de uma amostra probabilística estratificada, com abordagem aleatória simples através de cotas de sexo, idade e escolaridade, ponderadas de acordo com a estatística do Eleitorado do TSE, 2026 (https://sig.tse.jus.br) e renda ponderada de acordo com registro do último senso estratificado do IBGE (https://cidades.ibge.gov.br) e em conformidade com a Resolução do TSE 23.600/2019, complementada pela Resolução 23.676/2021, com entrevistas domiciliares aos eleitores de 16 anos ou mais que exerça seu voto no município de Pirenópolis. Totalizando uma população eleitoral de 20.314 e amostra de 350, a um nível de confiança = 95%; Nível de significância = 5%; Margem de erro = 5,19%, com P = 0,5.
SEXO: Masculino (48,70%), Feminino (51,30%); FAIXA ETÁRIA: até 24 anos (10,43%), de 25 a 34 anos (17,31%), de 35 a 44 anos (17,97%), de 45 a 59 anos (28,51%), 60 anos ou mais (25,77%); ESCOLARIDADE: Analfabeto (3,24%), Lê e escreve (6,50%), 1º Grau inc/comp (30,92%), 2º Grau inc/comp (40,57%), 3º Grau inc/comp (18,77%); RENDA: Até 1 salário (19,80%), entre 1 e 2 salários (28,70%), entre 2 e 5 salários (36,53%), entre 5 e 10 salários (11,86%), Mais de 10 salários (3,10%).
";"Os questionários são aplicados com uso de equipamentos eletrônicos, supervisão in loco e via GPS, passarão por conferência através de novo contato até 20% dos entrevistados, todas as regiões pesquisadas foram selecionadas proporcionalmente.";"Os bairros serão anexados de acordo com a resolução."
"28/09/2026";"05:46:54";2026;81;"Eleições Gerais 2026";"GO";"GO";"GOIÁS";"GO044912026";"2026-08-07 21:33:34";"N";"44826961000125";"SMS - DIRECT PESQUISAS E MARKETING LTDA";"DIRECT PESQUISAS";"Governador, Senador, Deputado Estadual";"2026-08-08 00:00:00";"2026-08-09 00:00:00";"2026-08-13 00:00:00";400;"10526";"Jose Dos Reis Cunha Filho";"5000,00";"Pesquisa quantitativa com abordagem porta a porta, com eleitores que votam e/ou residem no município de Pirenópolis no estado de Goiás, consistindo na realização de entrevistas pessoais e individuais, com a aplicação de questionário estruturado junto a uma amostra representativa do eleitorado em estudo. Devido a ordem probabilística da amostra, nesta pesquisa será considerada apenas os eleitores residentes dentro do município ou que no dia da entrevista estejam nele. Todas as entrevistas são espontâneas e os dados são sigilosos, guardados no banco de dados do instituto para tabulação e apresentação gráfica e analítica.";"Trata-se de uma amostra probabilística estratificada, com abordagem aleatória simples através de cotas de sexo, idade e escolaridade, ponderadas de acordo com a estatística do Eleitorado do TSE, 2026 (https://sig.tse.jus.br) e renda ponderada de acordo com registro do último senso estratificado do IBGE (https://cidades.ibge.gov.br) e em conformidade com a Resolução do TSE 23.600/2019, complementada pela Resolução 23.676/2021, com entrevistas domiciliares aos eleitores de 16 anos ou mais que exerça seu voto no município de Pirenópolis. Totalizando uma população eleitoral de 20.783 e amostra de 400, a um nível de confiança = 95%; Nível de significância = 5%; Margem de erro = 5,19%, com P = 0,5.
SEXO: Masculino (48,70%), Feminino (51,30%); FAIXA ETÁRIA: até 24 anos (10,74%), de 25 a 34 anos (17,07%), de 35 a 44 anos (17,66%), de 45 a 59 anos (28,50%), 60 anos ou mais (26,03%); ESCOLARIDADE: Analfabeto (3,17%), Lê e escreve (6,37%), 1º Grau inc/comp (30,44%), 2º Grau inc/comp (41,27%), 3º Grau inc/comp (18,75%); RENDA: Até 1 salário (19,580%), entre 1 e 2 salários (28,70%), entre 2 e 5 salários (36,53%), entre 5 e 10 salários (11,86%), Mais de 10 salários (3,10%).
";"Os questionários são aplicados com uso de equipamentos eletrônicos, supervisão in loco e via GPS, passarão por conferência através de novo contato até 20% dos entrevistados, todas as regiões pesquisadas foram selecionadas proporcionalmente.";"Os bairros serão anexados de acordo com a resolução"
"28/09/2026";"05:46:54";2026;81;"Eleições Gerais 2026";"GO";"GO";"GOIÁS";"GO036872026";"2026-08-19 21:56:50";"N";"04851508000154";"INSTITUTO GAZETA LTDA";"IGAPE- INSTITUTO GAZETA DE PEQUISAS";"Governador, Senador, Deputado Federal, Deputado Estadual";"2026-08-10 00:00:00";"2026-08-18 00:00:00";"2026-08-20 00:00:00";4100;"10394";"FILIPE MOREIRA MARTINE";"15000,00";"A metodologia utilizada é Survey quantitativo, com realização das entrevistas de maneira pessoal em domicílio, com aplicação de questionário estruturado e padronizado em plataforma digital (tablet ou computador) junto a uma amostra representativa dos eleitores dos municípios de Goiás ao entorno do Distrito Federal.";"O universo da pesquisa é composto por eleitores de Luziânia, com idade a partir de 16 anos. A amostra prevista será de 4.100 entrevistas. A Seleção da amostra será realizada utilizando-se quotas amostrais proporcionais, em função das seguintes variáveis. SEXO: Masculino: (46%); Feminino: (54%) - IDADE: 16 a 29 anos (28%); 30 a 44 anos: (32%); 45 a 59 anos: (26%); 60 anos ou mais: (14%) - ESCOLARIDADE: Analfabeto/Lê e escreve e Fundamental completo ou incompleto: (34%); Médio completo ou incompleto: (51%); Superior completo ou incompleto: (15%) ¿ RENDA FAMILIAR: Até 1 SM: (37%); De 1 a 2 SM: (41%); Acima de 2 SM (22%). Está prevista eventual ponderação para correção das variáveis, com base nos percentuais acima apresentados - Área física: Municípios de Goiás localizados ao Entorno do Distrito Federal. Margem de Erro: A margem de erro máxima prevista para o total da amostra é de 1,5 pontos percentuais para mais ou para menos, considerando um nível de confiança de 95%. Fonte de Dados: TSE ¿ Estatísticas do Eleitorado 2026 e IBGE Censo 2022. ";"A coleta de dados é realizada por entrevistadores, orientados por coordenadores de campo. Todos os questionários preenchidos recebem crítica para avaliação da consistência dos dados coletados, sendo que 20% dos questionários serão submetidos à conferência através de novos contatos com os entrevistados, medida sempre adotada que visa garantir a qualidade e fidelidade dos dados coletados.";"FORMOSA, PLANALTINA, AGUAS LINDAS, SANTO ANTONIO DO DESCOBERTO, VALPARAISO, LUZIÂNIA, CIDADE OCIDENTAL E NOVO GAMA."
"28/09/2026";"05:46:54";2026;81;"Eleições Gerais 2026";"GO";"GO";"GOIÁS";"GO013562026";"2026-08-29 23:19:42";"N";"04851508000154";"INSTITUTO GAZETA LTDA";"IGAPE- INSTITUTO GAZETA DE PEQUISAS";"Governador, Senador, Deputado Federal, Deputado Estadual";"2026-08-30 00:00:00";"2026-09-02 00:00:00";"2026-09-04 00:00:00";800;"10394";"FILIPE MOREIRA MARTINE";"6000,00";"A metodologia utilizada é Survey quantitativo, com realização das entrevistas de maneira pessoal em domicílio, com aplicação de questionário estruturado e padronizado em plataformadigital (tablet ou computador) junto a uma amostra representativa dos eleitores de Aparecida de Goiânia";"Plano amostral e ponderação quanto a sexo, idade, grau de instrução e nível econômico do entrevistado; intervalo de confiança e margem de erro: O universo da pesquisa é composto por eleitores de Aparecida de Goiânia, com idade a partir de 16 anos. A amostra prevista será de 800 entrevistas. A Seleção da amostra será realizada utilizando-se quotas amostrais proporcionais, em função das seguintes variáveis. SEXO: Masculino: (46%); Feminino: (54%) - IDADE: 16 a 29 anos (24%); 30 a 44 anos: (33%); 45 a 59 anos: (26%); 60 anos ou mais: (17%) -ESCOLARIDADE: Analfabeto/Lê e escreve: (6%); Fundamental completo ou incompleto: (26%); Médio completo ou incompleto: (54%); Superior completo ou incompleto: (14%); RENDA INDIVIDUAL:Até 1 SM: (29%); De 1 a 2 SM: (41%); Acima de 2 SM (30%). Está prevista eventual ponderação para correção das variáveis, com base nos percentuais acima apresentados - Área física: Município de Aparecida de Goiânia - GO. Margem de Erro:A margem de erro máxima prevista para o total da amostra é de 3,5 pontos percentuais para mais ou para menos, considerando um nível de confiança de 95%. Fonte de Dados: TSE: Estatísticas do Eleitorado 2026 e IBGE Censo 2022.";"A coleta de dados é realizada por entrevistadores, orientados por coordenadores de campo. Todos os questionários preenchidos recebem crítica para avaliação da consistência dos dados coletados, sendo que 20% dos questionários serão submetidos à conferência através de novos contatos com os entrevistados, medida sempre adotada que visa garantir a qualidade e fidelidade dos dados coletados. Conforme §6º. do art. 2º. da Resolução-TSE nº. 23.549";"#NULO#"
"28/09/2026";"05:46:54";2026;81;"Eleições Gerais 2026";"GO";"GO";"GOIÁS";"GO051142026";"2026-02-21 00:00:00";"N";"56824073000152";"EXATA.GO PESQUISA LTDA";"EXATA.GO";"Governador, Senador";"2026-02-21 00:00:00";"2026-02-26 00:00:00";"2026-02-26 00:00:00";3470;"10809";"Estenio da Costa Santos";"13500,00";"A pesquisa será do tipo quantitativo, por amostragem aleatória, com aplicação de questionário estruturado e abordagem de moradores eleitores em 62 municípios do estado de Goiás, divididos em 09 (nove) regiões, em pontos estratégicos de fluxo de pessoal dos municípios e por visitas às residências dos municípios. O conjunto da população de Goiás, com 16 anos ou mais e que são votantes no referido estado foi tomado como universo da pesquisa.";"O universo da pesquisa se concentra na população do município de em 62 municípios do estado de Goiás, divididos em 09 (nove) regiões (listados em anexo) com 16 anos ou mais votantes no estado. Tamanho da amostra: A amostra prevista é de 3.470 entrevistas. Técnica de amostragem: A amostra é representativa do universo pesquisado e selecionada em duas etapas. Na primeira etapa são definidos os municípios que farão parte da amostra. Numa segunda etapa são sorteados os pontos de abordagem onde serão aplicadas as entrevistas. Por fim, os entrevistados são selecionados aleatoriamente para responder ao questionário, de acordo com cotas de sexo e faixa etária. Os dados relativos a sexo e faixa etária são: Sexo masculino: 48%; Sexo feminino: 52%, Idade: 16 a 24 anos: 13,22%; 25 a 34 anos: 20,47%; 35 a 44 anos: 20,84%; 45 a 59 anos: 25,70% e 60 anos ou mais: 19,77%. Para grau de instrução, os dados utilizados como referência são: Analfabetos: 2,4%; Lê e escreve + Ensino fundamental incompleto: 27,5%; Ensino fundamental completo + Ensino médio incompleto: 23,0%; Ensino médio completo + Ensino superior incompleto: 35,5%, Ensino superior completo ou mais: 11,6%. Os dados utilizados para definição e seleção da amostra são baseados nos dados fornecidos pelo TSE (setembro/2025), IBGE (PNAD Contínua, Censo 2010 e Censo 2022) e dados primários de outros levantamentos do instituto. Ponderação dos resultados: Está prevista eventual ponderação para correção nos tamanhos dos estratos, considerando as variáveis sexo, faixa etária e escolaridade, de acordo com os percentuais detalhados anteriormente, casos as diferenças sejam maiores que 3 pontos percentuais. Para o nível econômico do entrevistado (renda individual mensal aproximada declarada) os dados de referência são: até 2 S. M. (salários mínimos) = 37,58%; mais de 2 S. M. e menos de 5 S. M. = 38,17%; mais de 5 S. M. = 24,25%. Para essa variável, o fator previsto para ponderação é 1 (resultados obtidos em campo). Área física: A relação completa dos municípios incluídos no levantamento será encaminhada a esse tribunal posteriormente, a partir do dia em que a pesquisa puder ser divulgada e até o dia seguinte, conforme a Resoluções 23.600/2019, no art.2º §7º e 23.727/2024 do TSE. Margem de Erro: A margem de erro máxima prevista é de 1,7 pontos percentuais para mais ou para menos, considerando um nível de confiança de 95% e baseada em uma amostra aleatória.
";"Os entrevistadores envolvidos na realização desta pesquisa são treinados pelo Instituto e recebem instruções específicas para cada projeto realizado. A coleta será feita com a utilização de questionário impresso, que serão computados posteriormente à pesquisa de campo. Os pesquisadores são supervisionados por um coordenador que estará em campo juntamente com a equipe garantindo a lisura da pesquisa. Internamente, todo o material é verificado e codificado. Antes do processamento final e emissão dos resultados, realiza-se processo de consistência dos dados. Os dados coletados e tratados nesta pesquisa atendem às exigências da LGPD, Lei Geral de Proteção de Dados, garantindo ao respondente o sigilo de sua identidade e o correto tratamento de suas respostas.";"A relação completa dos municípios incluídos no levantamento será encaminhada posteriormente, a partir do dia em que a pesquisa puder ser divulgada e até o dia seguinte, conforme a Resoluções 23.600/2019 e 23.727/2024 do TSE."
"28/09/2026";"05:46:54";2026;81;"Eleições Gerais 2026";"GO";"GO";"GOIÁS";"GO002112026";"2026-04-24 16:19:36";"N";"22445600000104";"QUAEST PESQUISAS, CONSULTORIA E PROJETOS LTDA.";"#NULO#";"Governador, Senador";"2026-04-24 00:00:00";"2026-04-28 00:00:00";"2026-04-30 00:00:00";1104;"6731";"Margarida Maria de Mendonça";"239169,81";"Pesquisa quantitativa, de survey, que consiste na realização de entrevistas pessoais, domiciliares e presenciais, conduzidas por profissionais treinados, com a aplicação de questionários estruturados a uma amostra representativa da população votante de 16 anos ou mais residente no estado de Goiás. O desenho amostral aplicado combina sorteio probabilístico de municípios e de setores censitários fornecidos pelo IBGE (unidades territoriais homogêneas, de tamanho similar a quadras ou blocos), dentro dos quais serão selecionadas pessoas respondentes por meio de cotas amostrais.";"O público pesquisado é composto por eleitores de 16 anos ou mais residentes na área de abrangência da pesquisa. Para produzir uma amostra representativa desse público-alvo, utilizamos um desenho amostral por conglomerados que prevê três estágios. No primeiro estágio, é feito um sorteio probabilístico de municípios para comporem a amostra por meio do método PPT (Probabilidade Proporcional ao Tamanho) a partir de suas populações votantes acima de 16 anos. Dentro da lista de municípios sorteados, no segundo estágio, é realizado um sorteio probabilístico por meio do método PPT (Probabilidade Proporcional ao Tamanho) de setores censitários a serem visitados pelos entrevistadores, sorteio que tem como base o total de habitantes residentes nos setores de acordo com dados do Censo de 2022, o que garante a dispersão aleatória e estatística da amostra dentro dos territórios municipais, independentemente de divisões administrativas. Finalmente, dentro da lista de setores censitários sorteados, no último estágio são selecionados domicílios e pessoas a serem entrevistadas utilizando-se cotas amostrais para as seguintes variáveis: sexo, idade, renda familiar e escolaridade. O perfil da amostra, definido pelas cotas previstas, é o seguinte:

Sexo: Masculino (47%); Feminino (53%). 
Faixa etária: 16-34 anos (33%); 35-59 anos (46%); 60 ou mais (21%). 
Renda domiciliar total, incluindo pensões, benefícios e rendimentos de trabalhos informais: Até 2 salários-mínimos (27%); Mais de 2 a 5 salários-mínimos (47%); Mais de 5 salários-mínimos (26%). 
Nível de instrução: Até Fundamental completo ou médio incompleto (40%); Médio completo ou superior incompleto (41%); Superior completo ou mais (19%). 

Fonte dos dados: para a distribuição de sexo e idade, TSE-Tribunal Superior Eleitoral - março/2026; para a malha de setores censitários, Censo 2022 (IBGE); para a distribuição de renda domiciliar, PNADc Anual 2024, 5a visita (IBGE); e, para a distribuição de escolaridade/instrução, PNADc trimestral 4-2025 (IBGE). A PNADc é utilizada por ser a fonte oficial mais atualizada de rendimentos do país, incluindo rendimentos informais, pensões, entre outros, e corrigindo as defasagens temporais do Censo 2022, além de ser a fonte mais atualizada de nível de instrução da população com 16 anos ou mais dada ausência de atualização obrigatória da escolaridade no registro de eleitores do TSE.

Está prevista eventual pós-estratificação da amostra, por meio de algoritmos de calibração (rake) e modelos (MrP), para correção de estimativas e das distribuições das variáveis sexo, idade, renda familiar e escolaridade, com base nos percentuais anteriormente mencionados, caso ocorram diferenças entre os percentuais previstos na amostra e a coleta de dados realizada. 

Dentro do público-alvo anteriormente descrito, serão realizadas 1.104 entrevistas. O nível de confiança das estimativas é de 95% e a margem de erro máxima prevista, atendendo às diretivas do TSE e usando o cálculo para amostra aleatória simples (AAS) como aproximação, é de cerca de 3 pontos percentuais para mais ou para menos em relação aos totais da amostra.";"As entrevistas serão realizadas por uma equipe de entrevistadores devidamente qualificada, com experiência e treinamento em pesquisa de opinião pública. Todo trabalho é feito em tablets ou outros dispositivos eletrônicos. Após a realização da coleta de dados, as entrevistas junto aos respondentes são checadas por meio de procedimentos de consistência e de georreferenciamento dos locais de aplicação em tempo real. Adicionalmente, ao longo e após os trabalhos de campo, é realizada uma fiscalização que consiste na checagem de áudio de uma amostra de 30% dos questionários aplicados para verificação das respostas e da adequação dos entrevistados aos parâmetros amostrais.";"A área de abrangência da coleta é o território do estado de Goiás. A relação do número de pessoas pesquisadas nas áreas de aplicação da pesquisa, discriminadas por município, bairros e setores censitários a partir dos identificadores utilizados pelo IBGE, além da composição do eleitorado entrevistado na área de abrangência quanto a gênero, idade, grau de instrução e nível econômico, constará em anexo. O mapa com os códigos destes setores censitários e as áreas que delimitam no país todo podem ser conferidos na seguinte fonte oficial: https://censo2022.ibge.gov.br/panorama/mapas.html?localidade=&recorte=setores_censitarios"
"28/09/2026";"05:46:54";2026;81;"Eleições Gerais 2026";"GO";"GO";"GOIÁS";"GO085252026";"2026-04-28 22:22:43";"N";"56824073000152";"EXATA.GO PESQUISA LTDA";"EXATA.GO";"Governador, Senador";"2026-04-20 00:00:00";"2026-04-30 00:00:00";"2026-05-04 00:00:00";3300;"7655";"AUGUSTO DA SILVA ROCHA";"25000,00";"A pesquisa será do tipo quantitativo, por amostragem aleatória, 
com aplicação de questionário estruturado e abordagem de moradores eleitores nos municípios do estado de Goias, 
divididos nas regiões dentro do estado, em pontos estratégicos de fluxo de pessoal dos municípios e por visitas às residências 
dos municípios. O conjunto da população do Estado de Goias com 16 anos ou mais e que são votantes no referido estado
 foi tomado como universo da pesquisa.";"A amostra será representativa do eleitorado da área pesquisada e será selecionada em três etapas. Na primeira etapa realiza-se um sorteio probabilístico dos municípios onde as entrevistas serão realizadas através do método PPT (Probabilidade Proporcional ao Tamanho), considerando a população eleitora com 16 anos ou mais residente nos municípios como base para essa seleção. Na segunda etapa, faz-se um sorteio probabilístico das localidades, onde as entrevistas serão realizadas, através do método PPT (Probabilidade Proporcional ao Tamanho), tomando a população eleitora de 16 anos ou mais residente nas localidades como base para essa seleção. Na terceira etapa, a seleção do entrevistado dentro da localidade, será feita utilizando-se quotas amostrais proporcionais, em função das variáveis sexo, faixa etária, grau de instrução e Nível socioeconômico (renda mensal familiar).
Por fim, os entrevistados são selecionados aleatoriamente para responder ao questionário, de acordo com cotas: 
SEXO: FEMININO	53,0%	;
MASCULINO	47,0%	;

Faixa Etária:  16 a 24 anos	12,46%	;
25 a 34 anos	19,57%	;
35 a 44 anos	20,32%	;
45 a 59 anos	26,30%	;
60 anos ou mais	21,35%	;

Grau de instrução: 
ANALFABETO	2,44%	;
LÊ E ESCREVE	5,57%	;
ENSINO FUNDAMENTAL INCOMPLETO	20,84%	;
ENSINO FUNDAMENTAL COMPLETO	5,66%	;
ENSINO MÉDIO INCOMPLETO	17,31%	;
ENSINO MÉDIO COMPLETO	29,46%	;
SUPERIOR INCOMPLETO	6,90%	;
SUPERIOR COMPLETO	11,82%	;


Nível econômico (renda mensal familiar): 
Até 1/2 salário mínimo	1,5%	;
Mais de 1/2 a 1 salário mínimo	13,6%	;
Mais de 1 a 2 salários mínimos	24,4%	;
Mais de 2 a 5 salários mínimos	36,6%	;
Mais de 5 a 10 salários mínimos	13,6%	;
Mais de 10 a 20 salários mínimos	4,8%	;
Mais de 20 salários mínimos	2,0%	;
Sem rendimento	3,5%	;


Fonte pública dos dados IBGE 
 IBGE | Cidades@ | Goiás | Pesquisa | Censo 2010 | Universo - Características da população e dos domicílios;
https://cidades.ibge.gov.br/brasil/go/pesquisa/23/24304?detalhes=true;

(TSE/MAR2026):  https://sig.tse.jus.br/ords/dwapr/r/seai/sig-eleitor-eleitorado-mensal/cruzamento-eleitorado-mensal?p24_metricas=E&p24_back=22&p24_cruzamento_1=ds_sexo&clear=24&session=314327461887677
Ano=2026;
Mês = Março;
UF= GO;
Observação: Conforme informações disponibilizadas pelo Instituto Brasileiro de Geografia e Estatística (IBGE), não houve nem há previsão de divulgação do perfil econômico (nível econômico) da população brasileira no âmbito do Censo Demográfico de 2022 (https://censo2022.ibge.gov.br/panorama/), para essa variável será adotado o fator de ponderação igual a 1, correspondente aos resultados obtidos em campo, caso seja verificada diferença superior à margem de erro prevista no estudo entre a projeção da amostra baseada nos dados do IBGE 2010 e os dados efetivamente coletados. Para as variáveis de sexo, idade e grau de instrução, está previsto uma eventual ponderação, nos limites da margem de erro, para correção nos tamanhos das variáveis, caso ocorra uma diferença entre a previsão da amostra e a coleta dos dados realizados sobre a faixa de eleitores acima de 16 anos. 
Margem de Erro: A margem de erro máxima prevista é de 1,7 pontos percentuais para mais ou para menos, 
considerando um nível de confiança de 95%.
";"Os entrevistadores envolvidos na realização desta pesquisa são treinados pelo Instituto e recebem instruções específicas para cada projeto realizado. A coleta será feita com a utilização de questionário impresso, que serão computados posteriormente à pesquisa de campo. Os pesquisadores são supervisionados por um coordenador que estará em campo juntamente com a equipe garantindo a lisura da pesquisa. Internamente, todo o material é verificado e codificado. Antes do processamento final e emissão dos resultados, realiza-se processo de consistência dos dados. Os dados coletados e tratados nesta pesquisa atendem às exigências da LGPD, Lei Geral de Proteção de Dados, garantindo ao respondente o sigilo de sua identidade e o correto tratamento de suas respostas.
";"A relação completa dos municípios incluídos no levantamento será encaminhada posteriormente, a partir do dia em que a pesquisa puder ser divulgada e até o dia seguinte, conforme a Resoluções 23.600/2019 e 23.747/2026 do TSE."
"28/09/2026";"05:46:54";2026;81;"Eleições Gerais 2026";"GO";"GO";"GOIÁS";"GO051352026";"2026-04-06 22:54:20";"N";"44826961000125";"SMS - DIRECT PESQUISAS E MARKETING LTDA";"DIRECT PESQUISAS";"Governador, Senador, Deputado Federal, Deputado Estadual";"2026-04-07 00:00:00";"2026-04-10 00:00:00";"2026-04-12 00:00:00";1000;"10526";"José Dos Reis Cunha Filho";"10000,00";"Pesquisa quantitativa com abordagem porta a porta, com eleitores que votam e/ou residem na região metropolitana circunvizinhas entorno de Goiânia nos municípios de maior população eleitoral, sendo eles Aparecida de Goiânia, Anápolis, Trindade e Senador Canedo, no estado de Goiás, consistindo na realização de entrevistas pessoais e individuais, com a aplicação de questionário estruturado junto a uma amostra representativa do eleitorado em estudo. Devido a ordem probabilística da amostra, nesta pesquisa será considerada apenas os eleitores residentes dentro do município ou que no dia da entrevista estejam nele. Todas as entrevistas são espontâneas e os dados são sigilosos, guardados no banco de dados do instituto para tabulação e apresentação gráfica e analítica.";"Trata-se de uma amostra probabilística estratificada, com abordagem aleatória simples através de cotas de sexo, idade e escolaridade, ponderadas de acordo com a estatística do Eleitorado do TSE, 2026 (https://sig.tse.jus.br) e renda ponderada de acordo com registro do último senso estratificado do IBGE (https://cidades.ibge.gov.br) e em conformidade com a Resolução do TSE 23.600/2019, complementada pela Resolução 23.676/2021, com entrevistas domiciliares aos eleitores de 16 anos ou mais que exerça seu voto nos municípios de Aparecida de Goiânia, Anápolis, Trindade e Senador Canedo. Totalizando uma população eleitoral de 805.572 e amostra de 1.000, a um nível de confiança = 95%; Nível de significância = 5%; Margem de erro = 3,10%, com P = 0,5.
SEXO: Masculino (46,18%), Feminino (53,82%); FAIXA ETÁRIA: até 24 anos (13,14%), de 25 a 34 anos (20,97%), de 35 a 44 anos (21,43%), de 45 a 59 anos (25,77%), 60 anos ou mais (18,69%); ESCOLARIDADE: Analfabeto (0,68%), Lê e escreve (2,40%), 1º Grau inc/comp (18,46%), 2º Grau inc/comp (48,36%), 3º Grau inc/comp (30,10%); RENDA: Até 1 salário (13,43%), entre 1 e 2 salários (21,18%), entre 2 e 5 salários (42,42%), entre 5 e 10 salários (16,34%), Mais de 10 salários (6,63%).
";"Os questionários são aplicados com uso de equipamentos eletrônicos, supervisão in loco e via GPS, passarão por conferência através de novo contato até 20% dos entrevistados, todas as regiões pesquisadas foram selecionadas proporcionalmente.";"Os municípios serão anexados de acordo com a resolução."
"28/09/2026";"05:46:54";2026;81;"Eleições Gerais 2026";"GO";"GO";"GOIÁS";"GO012932026";"2026-05-08 19:57:14";"N";"44826961000125";"SMS - DIRECT PESQUISAS E MARKETING LTDA";"DIRECT PESQUISAS";"Governador, Senador, Deputado Federal, Deputado Estadual";"2026-05-10 00:00:00";"2026-05-14 00:00:00";"2026-05-14 00:00:00";2000;"10526";"José Dos Reis Cunha Filho";"20000,00";"Pesquisa quantitativa com abordagem porta a porta, com eleitores que votam e/ou residem nos municípios que compõe a região do entorno de Brasília, totalizando 08 cidades, no estado de Goiás, consistindo na realização de entrevistas pessoais e individuais, com a aplicação de questionário estruturado junto a uma amostra representativa do eleitorado em estudo. Devido a ordem probabilística da amostra, nesta pesquisa será considerada apenas os eleitores residentes dentro do município ou que no dia da entrevista estejam nele. Todas as entrevistas são espontâneas e os dados são sigilosos, guardados no banco de dados do instituto para tabulação e apresentação gráfica e analítica.";"Trata-se de uma amostra probabilística estratificada, com abordagem aleatória simples através de cotas de sexo, idade e escolaridade, ponderadas de acordo com a estatística do Eleitorado do TSE, 2026 (https://sig.tse.jus.br) e renda ponderada de acordo com registro do último senso estratificado do IBGE (https://cidades.ibge.gov.br) e em conformidade com a Resolução do TSE 23.600/2019, complementada pela Resolução 23.676/2021, com entrevistas domiciliares aos eleitores de 16 anos ou mais que exerça seu voto nos municípios de Luziânia, Formosa, Planaltina de Goiás, Águas Lindas de Goiás, Valparaíso de Goiás, Novo Gama, Cidade Ocidental e Santo Antônio do Descoberto. Totalizando uma população eleitoral de 306.917 e amostra de 2.000, a um nível de confiança = 95%; Nível de significância = 5%; Margem de erro = 2,19%, com P = 0,5.
SEXO: Masculino (46,16%), Feminino (53,84%); FAIXA ETÁRIA: até 24 anos (16,55%), de 25 a 34 anos (22,45%), de 35 a 44 anos (20,94%), de 45 a 59 anos (25,47%), 60 anos ou mais (14,59%); ESCOLARIDADE: Analfabeto (2,21%), Lê e escreve (5,17%), 1º Grau inc/comp (26,77%), 2º Grau inc/comp (51,73%), 3º Grau inc/comp (14,12%); RENDA: Até 1 salário (17,25%), entre 1 e 2 salários (24,67%), entre 2 e 5 salários (38,90%), entre 5 e 10 salários (13,40%), Mais de 10 salários (5,78%).
";"Os questionários são aplicados com uso de equipamentos eletrônicos, supervisão in loco e via GPS, passarão por conferência através de novo contato até 20% dos entrevistados, todas as regiões pesquisadas foram selecionadas proporcionalmente.";"Os municípios serão anexados de acordo com a resolução."
"28/09/2026";"05:46:54";2026;81;"Eleições Gerais 2026";"GO";"GO";"GOIÁS";"GO042202026";"2026-03-04 09:26:48";"N";"04851508000154";"INSTITUTO GAZETA LTDA";"IGAPE- INSTITUTO GAZETA DE PEQUISAS";"Governador, Senador, Deputado Federal, Deputado Estadual";"2026-03-03 00:00:00";"2026-03-06 00:00:00";"2026-03-10 00:00:00";1200;"10394";"Filipe Moreira Martine";"5000,00";"A metodologia utilizada é Survey quantitativo, com realização das entrevistas de maneira pessoal em domicílio, com aplicação de questionário estruturado e padronizado em plataforma digital (tablet ou computador) junto a uma amostra representativa dos eleitores Do Estado de Goiás.";"O universo da pesquisa é composto por eleitores do estado de Goiás, com idade a partir de 16 anos. A amostra prevista será de 1.200 entrevistas. A Seleção da amostra será realizada utilizando-se quotas amostrais proporcionais, em função das seguintes variáveis. SEXO: Masculino: (47%); Feminino: (53%) - IDADE: 16 a 29 anos (22%); 30 a 44 anos: (30%); 45 a 59 anos: (26%); 60 anos ou mais: (22%) - ESCOLARIDADE: Analfabeto/Lê e escreve: (8%); Fundamental completo ou incompleto: (27%); Médio completo ou incompleto: (47%); Superior completo ou incompleto: (18%); RENDA INDIVIDUAL: Até 1 SM: (32%); De 1 a 2 SM: (35%); Acima de 2 SM (33%). Está prevista eventual ponderação para correção das variáveis, com base nos percentuais acima apresentados - Área física: Unidade Federativa de Goiás. Margem de Erro: A margem de erro máxima prevista para o total da amostra é de 2,8 pontos percentuais para mais ou para menos, considerando um nível de confiança de 95%. Fonte de Dados: TSE: Estatísticas do Eleitorado 2026 e IBGE Censo 2022.";"A coleta de dados é realizada por entrevistadores, orientados por coordenadores de campo. Todos os questionários preenchidos recebem crítica para avaliação da consistência dos dados coletados, sendo que 20% dos questionários serão submetidos à conferência através de novos contatos com os entrevistados, medida sempre adotada que visa garantir a qualidade e fidelidade dos dados coletados. Conforme §6º. do art. 2º. da Resolução-TSE nº. 23.549, o pedido de registro poderá ser complementado pela entrega destes dados ao Tribunal Eleitoral até o sétimo dia seguinte ao registro da pesquisa. Serão enviados os dados relativos aos bairros abrangidos, na ausência de delimitação dos bairros, será identificada a área em que foi realizada)";"segue em Anexo conforme legislação vigente"
"28/09/2026";"05:46:54";2026;81;"Eleições Gerais 2026";"GO";"GO";"GOIÁS";"GO010732026";"2026-07-30 19:28:22";"N";"25159754000110";"KLIK INTELIGENCIA LTDA";"KLIK";"Governador, Senador, Deputado Federal, Deputado Estadual";"2026-07-30 00:00:00";"2026-08-04 00:00:00";"2026-08-05 00:00:00";1200;"8631";"ALEXANDRE VASCONCELOS LIMA";"10000,00";"Pesquisa quantitativa de opiniao publica sobre intencao de voto, com abrangencia no estado de Goias, referente as Eleicoes Gerais de 2026. Cargos abrangidos: Presidente da Republica, Governador do Estado e Senador da Republica, com questoes espontaneas e estimuladas; e Deputado Federal e Deputado Estadual, exclusivamente com questoes espontaneas, sem apresentacao de nomes.

UNIVERSO: eleitores com 16 anos ou mais residentes no estado de Goias.

DESENHO: amostragem nao probabilistica por cotas, com coleta mista e com os pontos de coleta do componente presencial definidos por sorteio de setores censitarios. O sorteio define onde coletar, nao quem responde. Nenhum componente desta pesquisa e probabilistico.

MODOS DE COLETA
(a) Componente online - 1.000 entrevistas por questionario autoadministrado, com recrutamento georreferenciado em plataformas digitais segmentadas por municipio e por perfil sociodemografico, bloqueio de respostas duplicadas por endereco IP e por identificacao de dispositivo e validacao automatizada de qualidade. Abrangencia estadual: o instrumento oferece as 246 opcoes de municipio do estado. Campo de 30/07/2026 a 04/08/2026, de forma continua.
(b) Componente presencial - 200 entrevistas assistidas por tablet, realizadas dentro do perimetro de setores censitarios previamente sorteados na Regiao Metropolitana de Goiania e na Regiao Metropolitana do Entorno do Distrito Federal. Campo de 01/08/2026 a 04/08/2026.

INSTRUMENTO: questionario estruturado unico, com redacao identica nos dois componentes, reproduzido na integra no arquivo anexo. Aplicacao continua, sem divisao em blocos, na ordem fixa de apresentacao reproduzida no anexo. As questoes espontaneas sao respondidas em campo aberto de texto, sem exibicao de nomes. Na questao de segundo voto para Senador, a plataforma impede a selecao do mesmo candidato indicado como primeiro voto. No componente presencial, as questoes de intencao de voto sao autopreenchidas pelo entrevistado diretamente no tablet, sem leitura em voz alta pelo entrevistador, para mitigar o efeito de desejabilidade social e equalizar o efeito de modo entre os componentes.

TRIAGEM: municipio de residencia, faixa etaria, renda familiar, sexo e grau de instrucao, coletados nas cinco primeiras questoes do instrumento, nos dois componentes, e utilizados para o controle de cotas.

PERIODO DE CAMPO: de 30/07/2026 a 04/08/2026.

RESPONSABILIDADE TECNICA: os servicos tecnicos de Estatistica sao dirigidos pelo estatistico ALEXANDRE VASCONCELOS LIMA, CPF no 000.262.621-77, registrado no CONRE - 1a Regiao sob o no 8631, na condicao de prestador de servicos, com integral autonomia tecnica, conforme Termo de Compromisso e Responsabilidade Tecnica firmado junto ao Conselho Regional de Estatistica da 1a Regiao.

EXECUCAO E CONTRATACAO: pesquisa executada por KLIK INTELIGENCIA LTDA, CNPJ 25.159.754/0001-10, registrada no CONRE - 1a Regiao sob o no 8928, e contratada por TRANSMISSAO POLITICA LTDA, CNPJ 52.769.364/0001-34, que custeia integralmente a sua realizacao.";"DESENHO: amostragem nao probabilistica por cotas, com pontos de coleta do componente presencial definidos por sorteio de setores censitarios em dois estagios. O sorteio determina os pontos de coleta; o entrevistado e selecionado por cota. Nenhum componente e probabilistico.

TAMANHO: 1.200 entrevistas, sendo 1.000 no componente online e 200 no componente presencial.

ESTRATIFICACAO: 6 estratos correspondentes as Regioes Geograficas Intermediarias do IBGE, com alocacao das 1.200 entrevistas proporcional ao eleitorado de cada estrato (TSE: 5.081.043 eleitores), pelo maior resto: Goiania 631; Luziania-Aguas Lindas de Goias 212; Rio Verde 115; Porangatu-Uruacu 102; Itumbiara 78; Sao Luis de Montes Belos-Ipora 62. O presencial integra a meta dos estratos que contem os recortes metropolitanos; o online de cada estrato e a meta menos o presencial nele realizado: Goiania 489 online e 142 presenciais; Luziania-Aguas Lindas 154 online e 58 presenciais; demais estratos integralmente online. Dentro de cada estrato, distribuicao proporcional ao eleitorado municipal.

COTAS: cotas cruzadas de sexo por faixa etaria em cada estrato, e cotas de grau de instrucao e renda familiar no total da amostra. Referencias de sexo e faixa etaria: cadastro do TSE; de instrucao e renda: Censo Demografico 2022 do IBGE, populacao de 16 anos ou mais, compatibilizadas as faixas do instrumento.

FAIXAS (identicas as do questionario anexo). Sexo: homem; mulher. Faixa etaria: 16 a 24; 25 a 34; 35 a 44; 45 a 59; 60 anos ou mais. Instrucao: fundamental; medio; superior. Renda familiar mensal: 5 faixas, de ate R$ 2.000,00 a mais de R$ 10.000,00.

ABRANGENCIA DOS COMPONENTES: o online cobre o estado inteiro, nos 6 estratos. O presencial e restrito, por viabilidade operacional, a dois recortes delimitados por ato normativo estadual (art. 2o, par. 7o-E, da Res.-TSE 23.600/2019): Regiao Metropolitana de Goiania (LC estadual 139/2018, art. 1o, red. LC 149/2019 - 21 municipios) e Regiao Metropolitana do Entorno do DF (LC estadual 181/2023, art. 3o - 11 municipios), que somam 2.550.402 eleitores, cerca de metade do eleitorado estadual. Alocacao presencial proporcional ao eleitorado dos recortes: 142 na RM de Goiania e 58 na RM do Entorno. Os demais municipios e estratos sao cobertos exclusivamente pelo online.

SORTEIO DOS PONTOS PRESENCIAIS: realizado em 30/07/2026, antes do inicio do campo presencial, por PPS sistematico em dois estagios, com inicio aleatorio derivado da semente registrada (20260729), reproduzivel por terceiros. Estagio 1: municipios dentro de cada recorte, medida de tamanho: eleitorado municipal (TSE), admitida selecao multipla dos autorrepresentativos. Estagio 2: setores censitarios nos municipios sorteados, medida de tamanho: populacao residente do setor (Censo 2022/IBGE), pois o TSE nao publica eleitorado por setor censitario. Resultado: 18 setores efetivos e 16 de reserva em 4 municipios - Goiania (11), Trindade (1), Aguas Lindas de Goias (4) e Novo Gama (2). Relacao dos setores, semente, algoritmo e codigos SHA-256 das bases arquivados antes do campo presencial, com assinatura eletronica qualificada do estatistico responsavel tecnico. Reserva acionada exclusivamente por substituicao, sem novo sorteio.

SOBRECOLETA E FECHAMENTO: casos excedentes de cada celula reduzidos por sorteio aleatorio simples dentro da propria celula; o descarte e neutro e nao altera a classificacao do desenho.

PONDERACAO: ajuste iterativo proporcional (raking) as distribuicoes marginais oficiais de sexo, faixa etaria, instrucao, renda e estrato, com truncamento de pesos extremos para limitar o efeito de delineamento.

PRECISAO: confianca de 95%. Efeito de delineamento de projeto deff = 1,50; tamanho efetivo n_ef = 800. Margem de erro maxima de 3 pontos percentuais, para mais ou para menos, calculada sobre o tamanho efetivo e referida a proporcao de 50%. Deff e margem finais serao apurados sobre a base final e constarao do relatorio completo de resultados.";"CONTROLE DO COMPONENTE ONLINE
- Bloqueio de respostas duplicadas por endereco IP e por identificacao de dispositivo (fingerprint), com controle adicional para cenarios de CGNAT.
- Validacao georreferenciada do municipio de resposta, com descarte de registros fora da abrangencia declarada.
- Tempo minimo de preenchimento por secao, com descarte automatico de questionarios concluidos abaixo do limiar.
- Deteccao de padrao de resposta invariante e de inconsistencia entre respostas de triagem e respostas do corpo do questionario.
- Painel de acompanhamento diario do preenchimento das celulas de cota, com redirecionamento da midia de recrutamento para as celulas deficitarias.

CONTROLE DO COMPONENTE PRESENCIAL
- Conferencia da geolocalizacao de cada entrevista contra o perimetro do setor censitario previamente sorteado. Divergencia em relacao ao poligono do setor gera bloqueio do registro e reabordagem.
- Cada entrevistador recebe o poligono georreferenciado dos setores sob sua responsabilidade, em formato KML, carregado no dispositivo de coleta. O entrevistador nao define o local de coleta.
- Registro de data, hora de inicio e hora de termino de cada entrevista, com auditoria dos tempos atipicos.
- Supervisao de campo com acompanhamento presencial de amostra das abordagens de cada entrevistador.
- Instrucoes de coleta e de preenchimento de cotas entregues e assinadas por cada entrevistador antes do inicio do campo.

VERIFICACAO POSTERIOR
- Checagem telefonica de no minimo 20 por cento das entrevistas presenciais, sorteadas aleatoriamente e distribuidas entre todos os entrevistadores, com reconfirmacao dos dados de triagem e de ao menos uma questao substantiva.
- Checagem de 100 por cento das entrevistas de qualquer entrevistador em que se identifique divergencia na conferencia amostral, com anulacao integral do trabalho em caso de confirmacao de irregularidade.
- Auditoria de consistencia entre os dois componentes por meio de celula de sobreposicao, destinada a medir o efeito de modo.
- Conferencia final da base pelo estatistico responsavel tecnico antes da consolidacao dos resultados.

ARQUIVAMENTO E AUDITABILIDADE
Permanecem arquivados e a disposicao da Justica Eleitoral, nos termos do art. 13 da Resolucao-TSE no 23.600/2019: a relacao dos setores censitarios sorteados, com semente aleatoria, algoritmo de sorteio e codigos de verificacao de integridade, assinada eletronicamente pelo estatistico responsavel tecnico em data anterior ao inicio do campo presencial; a base bruta e a base final; os registros de geolocalizacao e de horario de cada entrevista; o relatorio de descartes e de controle de qualidade; as planilhas de checagem; e a memoria de calculo da alocacao amostral e da ponderacao.";"ABRANGENCIA: estado de Goias, composto por 246 municipios.

COMPONENTE ONLINE - abrangencia estadual. O instrumento oferece as 246 opcoes de municipio do estado. A amostra total de 1.200 entrevistas e alocada proporcionalmente ao eleitorado dos 6 estratos (Regioes Geograficas Intermediarias do IBGE, cadastro do TSE com 5.081.043 eleitores), pelo maior resto, e o online de cada estrato corresponde a meta total menos as entrevistas presenciais nele realizadas:

Estrato 1 - Goiania (2.669.765 eleitores): 631 entrevistas - 489 online e 142 presenciais
Estrato 2 - Luziania-Aguas Lindas de Goias (897.717): 212 - 154 online e 58 presenciais
Estrato 3 - Rio Verde (488.851): 115 - integralmente online
Estrato 4 - Porangatu-Uruacu (429.981): 102 - integralmente online
Estrato 5 - Itumbiara (330.430): 78 - integralmente online
Estrato 6 - Sao Luis de Montes Belos-Ipora (264.299): 62 - integralmente online

A relacao dos municipios efetivamente alcancados pelo componente online sera informada na complementacao deste registro, na forma do par. 7o do art. 2o da Resolucao-TSE no 23.600/2019.

COMPONENTE PRESENCIAL - 200 entrevistas, restritas a dois recortes metropolitanos delimitados por ato normativo estadual:

(a) REGIAO METROPOLITANA DE GOIANIA - art. 1o da Lei Complementar estadual no 139, de 22 de janeiro de 2018, com a redacao dada pela Lei Complementar estadual no 149, de 15 de maio de 2019 (21 municipios). Entrevistas: 142, realizadas nos municipios de Goiania (11 setores censitarios sorteados) e Trindade (1 setor).

(b) REGIAO METROPOLITANA DO ENTORNO DO DISTRITO FEDERAL - art. 3o da Lei Complementar estadual no 181, de 4 de janeiro de 2023 (11 municipios). Entrevistas: 58, realizadas nos municipios de Aguas Lindas de Goias (4 setores) e Novo Gama (2 setores).

Os municipios do componente presencial foram definidos por sorteio PPS sistematico com probabilidade proporcional ao eleitorado, e os setores censitarios por sorteio com probabilidade proporcional a populacao residente, em ato unico realizado em 30/07/2026, anterior ao inicio do campo presencial, arquivado com assinatura eletronica qualificada do estatistico responsavel tecnico. Ha lote de reserva de 16 setores, acionavel exclusivamente por substituicao. A relacao completa dos setores, com codigo IBGE, municipio e recorte, consta do arquivo anexo a este registro.

JUSTIFICATIVA TECNICA - art. 2o, par. 7o-F, da Resolucao-TSE no 23.600/2019: a metodologia do componente online nao permite identificacao do respondente por setor censitario, uma vez que o recrutamento e feito por midia digital segmentada e a localizacao e validada no nivel municipal, sem coleta de endereco domiciliar. A unidade territorial compativel efetivamente utilizada nesse componente e o municipio. Os procedimentos de controle e ponderacao aplicados constam dos campos proprios deste registro. No componente presencial, a identificacao por setor censitario esta integralmente disponivel e consta do arquivo anexo.

COMPLEMENTACAO (par. 7o do art. 2o da Res.-TSE 23.600/2019). Amostra realizada: 766 entrevistas (547 online e 219 presenciais), de 30/07/2026 a 04/08/2026. Municipios abrangidos: 110 pelo componente online, relacionados no arquivo anexo com o numero de entrevistas de cada um; no componente presencial, Goiania, Trindade, Aguas Lindas de Goias e Novo Gama, com o numero de eleitores pesquisados em cada um dos 18 setores censitarios relacionado no arquivo anexo (nenhum setor de reserva acionado). Composicao da amostra (par. 7o, IV): mulheres 53,6%, homens 46,4%; 16-24: 13,7%, 25-34: 20,7%, 35-44: 19,4%, 45-59: 24,8%, 60+: 21,5%; fundamental 40,6%, medio 40,7%, superior 18,7%; renda ate R$ 2 mil 44,6%, 2-3 mil 19,1%, 3-5 mil 17,3%, 5-10 mil 10,2%, acima de 10 mil 8,8%."
"28/09/2026";"05:46:54";2026;81;"Eleições Gerais 2026";"GO";"GO";"GOIÁS";"GO028952026";"2026-09-25 10:38:24";"N";"02678167000131";"SERPES PESQUISAS DE OPINIAO E MERCADO LTDA";"SERPES";"Governador, Senador";"2026-09-25 00:00:00";"2026-09-29 00:00:00";"2026-10-01 00:00:00";1002;"6221";"rui da costa abrantes";"110000,00";"Metodologia: Pesquisa quantitativa, com realização de 1.002 entrevistas presenciais com eleitores de 16 anos ou mais, distribuídas entre municípios do Estado de Goiás, conforme plano amostral validado pelo estatístico responsável. A coleta será realizada por questionário estruturado, com processamento e análise estatística dos dados, observando critérios geográficos e sociodemográficos para aferir a intenção de voto para Presidente, Governador e Senador.";"A pesquisa será realizada com 1.002 entrevistas presenciais com eleitores de 16 anos ou mais, residentes no Estado de Goiás, com nível de confiança de 95% e margem de erro declarada de 3,1 pontos percentuais.

A ponderação amostral observará os seguintes parâmetros:

SEXO:
Masculino: 47,02%
Feminino: 52,98%

FAIXA ETÁRIA:
16 a 24 anos: 12,50%
25 a 34 anos: 19,37%
35 a 49 anos: 29,90%
50 anos ou mais: 38,23%

GRAU DE INSTRUÇÃO:
Ensino Fundamental: 34,15%
Ensino Médio: 47,23%
Ensino Superior: 18,62%

NÍVEL ECONÔMICO:
Renda baixa: 80,00%
Renda alta: 20,00%

A distribuição das entrevistas e a ponderação dos resultados observarão os parâmetros estabelecidos no plano amostral, sob responsabilidade do estatístico responsável pela pesquisa.";"OpinaX PESQUISA";"Águas Lindas de Goiás, Anápolis, Aparecida de Goiânia, Bonfinópolis, Buriti Alegre, Caldas Novas, Campestre de Goiás, Campinorte, Catalão, Ceres, Cidade de Goiás, Cidade Ocidental, Cromínia, Formosa, Goianésia, Goiânia, Goianira, Hidrolândia, Inhumas, Ipameri, Iporá, Itaberaí, Itapirapuã, Itumbiara, Jaraguá, Jataí, Jussara, Luziânia, Mineiros, Montividiu, Morrinhos, Niquelândia, Nova Crixás, Nova Glória, Novo Gama, Palmeiras de Goiás, Pires do Rio, Pirenópolis, Planaltina, Porangatu, Quirinópolis, Rio Verde, Santo Antônio de Goiás, São João da Paraúna, São Luís, São Miguel do Araguaia, São Patrício, Senador Canedo, Trindade, Uruaçu, Valparaíso de Goiás, Vianópolis, Vicentinópolis."
"28/09/2026";"05:46:54";2026;81;"Eleições Gerais 2026";"GO";"GO";"GOIÁS";"GO094112026";"2026-09-27 18:33:44";"S";"56824073000152";"EXATA.GO PESQUISA LTDA";"EXATA.GO";"Governador, Deputado Federal, Deputado Estadual";"2026-09-28 00:00:00";"2026-10-02 00:00:00";"2026-10-03 00:00:00";350;"7655";"AUGUSTO DA SILVA ROCHA";"10000,00";"A pesquisa cobrirá o município envolvendo todas regiões do município de Santo Antônio do Descoberto/GO Universo da pesquisa será dos eleitores com 16 anos ou mais. A amostra representará os eleitores do Município, selecionados em 2(dois) estágios. No primeiro estágio, os setores censitários, onde as entrevistas serão realizadas, foram selecionadas, probabilisticamente, através do método PPT - Probabilidade Proporcional ao Tamanho, tomando o número de eleitores como base para seleção. No segundo estágio, a seleção do entrevistado, dentro do setor censitário, será feita utilizando-se quotas proporcionais, e a abordagem será domiciliar.";"Utilizamos quotas proporcionais, em função das seguintes variáveis:

Gênero: FEMININO 52,65% ;
MASCULINO 47,35% ;


Faixa etária: 16 a 24 anos 28,85% ;
25 a 34 anos 20,76% ;
35 a 44 anos 20,05% ;
45 a 59 anos 20,40% ;
60 anos ou mais 9,94% ;

Grau de instrução: Analfabeto 2,56% ;
Ensino Fundamental Completo 5,06% ;
Ensino Fundamental Incompleto 24,50% ;
Ensino Médio Completo 28,59% ;
Ensino Médio Incompleto 22,58% ;
Lê E Escreve 7,49% ;
Superior Completo 5,49% ;
Superior Incompleto 3,73% ;


Fonte dos dados: TSE-Tribunal Superior Eleitoral/agosto2026; Cruzamento Eleitorado Mensal https://sig.tse.jus.br/ords/dwapr/r/seai/sig-eleitor-eleitorado-mensal/cruzamento-eleitorado-mensal?p0_municipio=SANTO%20ANT%C3%94NIO%20DO%20DESCOBERTO&p0_uf=GO&session=211721680370135 ;
Ano=2026; Mês = agosto; UF= GO; MUNICIPIO = Santo Antônio do Descoberto;

Renda familiar (A variável ¿classe de rendimento nominal mensal domiciliar¿ corresponde à classificação dos domicílios segundo a soma dos rendimentos nominais mensais de seus moradores, expressa em faixas de salários mínimos vigentes no período de referência do Censo Demográfico 2010. Trata-se da renda total do domicílio, não dividida pelo número de moradores, não devendo ser confundida com rendimento domiciliar per capita. Para fins de planejamento amostral e ponderação, foram preservadas as categorias e os percentuais originalmente disponibilizados pelo IBGE, sem reagrupamento ou recálculo das faixas.):
Até 1/2 salário mínimo 2,27% ;
Mais de 1/2 a 1 salário mínimo 18,15% ;
Mais de 1 a 2 salários mínimos 30,29% ;
Mais de 2 a 5 salários mínimos 34,80% ;
Mais de 5 a 10 salários mínimos 7,66% ;
Mais de 10 a 20 salários mínimos 1,65% ;
Mais de 20 salários mínimos 0,31% ;
Sem rendimento 4,87% ;

Fonte dos dados: IBGE-Censo 2010-IBGE-CENSO 2022 (IBGE/Censo 2010 - Classe de rendimento nominal mensal domiciliar) ; https://cidades.ibge.gov.br/brasil/go/santo-antonio-do-descoberto/pesquisa/23/24304 ;

""Está prevista eventual ponderação da amostra para correção das variáveis sexo, idade, renda familiar e escolaridade com base nos percentuais anteriormente mencionados, caso ocorram diferenças entre os percentuais previstos na amostra e a coleta de dados realizada. O nível de confiança estimado é de 95% e a margem de erro máxima prevista, baseada em uma amostra aleatória simples (AAS), é de cerca de 5,25 pontos percentuais para mais ou para menos em relação aos totais da amostra. Nível Econômico: IBGE (Censo/2010) - Observação: Conforme informações obtidas do Instituto Brasileiro de Geografia e Estatística, o IBGE, não divulgou - e não tem previsão - de data para divulgação do perfil econômico (nível econômico) da população brasileira; portanto, os dados quanto ao nível econômico obtidos no Censo 2022, não podem ser utilizados, pois não foram publicados.""";"Para a realização da pesquisa, utiliza-se uma equipe de entrevistadores e supervisores credenciados devidamente treinados pela empresa para esse tipo de pesquisa. Após os trabalhos de campo, 100% dos questionários são criticados e passam por uma fiscalização de cerca de 20% (vinte por cento) dos questionários aplicados por cada entrevistador; para verificação da consistência das respostas e da adequação dos entrevistados aos parâmetros amostrais.";"#NULO#"
"28/09/2026";"05:46:54";2026;81;"Eleições Gerais 2026";"GO";"GO";"GOIÁS";"GO007192026";"2026-09-26 22:15:51";"S";"56824073000152";"EXATA.GO PESQUISA LTDA";"EXATA.GO";"Governador, Deputado Federal, Deputado Estadual";"2026-09-27 00:00:00";"2026-10-01 00:00:00";"2026-10-02 00:00:00";300;"7655";"AUGUSTO DA SILVA ROCHA";"10000,00";"A pesquisa cobrirá o município envolvendo todas regiões do município de Caldas Novas/GO Universo da pesquisa será dos eleitores com 16 anos ou mais. A amostra representará os eleitores do Município, selecionados em 2(dois) estágios. No primeiro estágio, os setores censitários, onde as entrevistas serão realizadas, foram selecionadas, probabilisticamente, através do método PPT - Probabilidade Proporcional ao Tamanho, tomando o número de eleitores como base para seleção. No segundo estágio, a seleção do entrevistado, dentro do setor censitário, será feita utilizando-se quotas proporcionais, e a abordagem será domiciliar.";"Utilizamos quotas proporcionais, em função das seguintes variáveis:
Gênero: FEMININO 53,10% ;
MASCULINO 46,90% ;


Faixa etária: 16 a 24 anos 12,77% ;
25 a 34 anos 19,56% ;
35 a 44 anos 20,47% ;
45 a 59 anos 26,76% ;
60 anos ou mais 20,44% ;


Grau de instrução: Analfabeto 1,18% ;
Ensino Fundamental Completo 6,45% ;
Ensino Fundamental Incompleto 20,77% ;
Ensino Médio Completo 31,30% ;
Ensino Médio Incompleto 17,53% ;
Lê E Escreve 4,70% ;
Superior Completo 11,22% ;
Superior Incompleto 6,85% ;


Fonte dos dados: TSE-Tribunal Superior Eleitoral/agosto2026; Cruzamento Eleitorado Mensal https://sig.tse.jus.br/ords/dwapr/r/seai/sig-eleitor-eleitorado-mensal/cruzamento-eleitorado-mensal?p0_municipio=CALDAS%20NOVAS&p0_uf=GO&session=314467251301216 ;


Ano=2026; Mês = agosto; UF= GO; MUNICIPIO = Caldas Novas; Renda familiar (A variável ¿classe de rendimento nominal mensal domiciliar¿ corresponde à classificação dos domicílios segundo a soma dos rendimentos nominais mensais de seus moradores, expressa em faixas de salários mínimos vigentes no período de referência do Censo Demográfico 2010. Trata-se da renda total do domicílio, não dividida pelo número de moradores, não devendo ser confundida com rendimento domiciliar per capita. Para fins de planejamento amostral e ponderação, foram preservadas as categorias e os percentuais originalmente disponibilizados pelo IBGE, sem reagrupamento ou recálculo das faixas.): Até 1/2 salário mínimo 2,25% ;
Mais de 1/2 a 1 salário mínimo 13,00% ;
Mais de 1 a 2 salários mínimos 21,66% ;
Mais de 2 a 5 salários mínimos 32,13% ;
Mais de 5 a 10 salários mínimos 17,58% ;
Mais de 10 a 20 salários mínimos 8,36% ;
Mais de 20 salários mínimos 2,46% ;
Sem rendimento 2,56% ;



Fonte dos dados: IBGE-Censo 2010-IBGE-CENSO 2022 (IBGE/Censo 2010 - Classe de rendimento nominal mensal domiciliar) ; https://cidades.ibge.gov.br/brasil/go/caldas-novas/pesquisa/23/24304 ;
; ""Está prevista eventual ponderação da amostra para correção das variáveis sexo, idade, renda familiar e escolaridade com base nos percentuais anteriormente mencionados, caso ocorram diferenças entre os percentuais previstos na amostra e a coleta de dados realizada. O nível de confiança estimado é de 95% e a margem de erro máxima prevista, baseada em uma amostra aleatória simples (AAS), é de cerca de 5,7 pontos percentuais para mais ou para menos em relação aos totais da amostra. Nível Econômico: IBGE (Censo/2010) - Observação: Conforme informações obtidas do Instituto Brasileiro de Geografia e Estatística, o IBGE, não divulgou - e não tem previsão - de data para divulgação do perfil econômico (nível econômico) da população brasileira; portanto, os dados quanto ao nível econômico obtidos no Censo 2022, não podem ser utilizados, pois não foram publicados.""";"Para a realização da pesquisa, utiliza-se uma equipe de entrevistadores e supervisores credenciados devidamente treinados pela empresa para esse tipo de pesquisa. Após os trabalhos de campo, 100% dos questionários são criticados e passam por uma fiscalização de cerca de 20% (vinte por cento) dos questionários aplicados por cada entrevistador; para verificação da consistência das respostas e da adequação dos entrevistados aos parâmetros amostrais.";"#NULO#"
"28/09/2026";"05:46:54";2026;81;"Eleições Gerais 2026";"GO";"GO";"GOIÁS";"GO073712026";"2026-09-26 13:07:06";"N";"44826961000125";"SMS - DIRECT PESQUISAS E MARKETING LTDA";"DIRECT PESQUISAS";"Governador, Senador, Deputado Federal, Deputado Estadual";"2026-09-26 00:00:00";"2026-09-27 00:00:00";"2026-10-02 00:00:00";500;"10526";"Jose Dos Reis Cunha Filho";"5000,00";"Pesquisa quantitativa com abordagem porta a porta, com eleitores que votam e/ou residem no município de Uruaçu no estado de Goiás, consistindo na realização de entrevistas pessoais e individuais, com a aplicação de questionário estruturado junto a uma amostra representativa do eleitorado em estudo. Devido a ordem probabilística da amostra, nesta pesquisa será considerada apenas os eleitores residentes dentro do município ou que no dia da entrevista estejam nele. Todas as entrevistas são espontâneas e os dados são sigilosos, guardados no banco de dados do instituto para tabulação e apresentação gráfica e analítica.";"Trata-se de uma amostra probabilística estratificada, com abordagem aleatória simples através de cotas de sexo, idade e escolaridade, ponderadas de acordo com a estatística do Eleitorado do TSE, 2026 (https://sig.tse.jus.br) e renda ponderada de acordo com registro do último senso estratificado do IBGE (https://cidades.ibge.gov.br) de acordo com a Resolução do TSE 23.600/2019, complementada pela Resolução 23.676/2021, com entrevistas domiciliares aos eleitores de 16 anos ou mais que exerça seu voto no município de Uruaçu. Totalizando uma população eleitoral de 30.502e amostra de 500, a um nível de confiança = 95%; Nível de significância = 5%; Margem de erro = 4,35%, com P = 0,5.
SEXO: Masculino (46,72%), Feminino (53,28%); FAIXA ETÁRIA: até 24 anos (12,09%), de 25 a 34 anos (18,40%), de 35 a 44 anos (19,03%), de 45 a 59 anos (26,98%), 60 anos ou mais (23,50%); ESCOLARIDADE: Analfabeto (2,28%), Lê e escreve (8,45%), 1º Grau inc/comp (25,64%), 2º Grau inc/comp (45,33%), 3º Grau inc/comp (18,30%); RENDA: Até 1 salário (17,60%), entre 1 e 2 salários (23,95%), entre 2 e 5 salários (37,42%), entre 5 e 10 salários (14,56%), Mais de 10 salários (6,48%).";"Os questionários são aplicados com uso de equipamentos eletrônicos, supervisão in loco e via GPS, passarão por conferência através de novo contato até 20% dos entrevistados, todas as regiões pesquisadas foram selecionadas proporcionalmente.";"Os bairros serão anexados de acordo com a resolução."
"28/09/2026";"05:46:54";2026;81;"Eleições Gerais 2026";"GO";"GO";"GOIÁS";"GO008862026";"2026-09-22 23:09:18";"N";"49702717000174";"DATAPOP - INSTITUTO DE PESQUISA E MARKETING LTDA";"DATA POP PESQUISA";"Governador, Senador, Deputado Federal, Deputado Estadual";"2026-09-21 00:00:00";"2026-09-23 00:00:00";"2026-09-28 00:00:00";500;"10526";"Jose Dos Reis Cunha Filho";"7500,00";"Pesquisa quantitativa com abordagem porta a porta, com eleitores que votam e/ou residem no município de Planaltina no estado de Goiás, consistindo na realização de entrevistas pessoais e individuais, com a aplicação de questionário estruturado junto a uma amostra representativa do eleitorado em estudo. Devido a ordem probabilística da amostra, nesta pesquisa será considerada apenas os eleitores residentes dentro do município ou que no dia da entrevista estejam nele. Todas as entrevistas são espontâneas e os dados são sigilosos, guardados no banco de dados do instituto para tabulação e apresentação gráfica e analítica.";"Trata-se de uma amostra probabilística estratificada, com abordagem aleatória simples através de cotas de sexo, idade e escolaridade, ponderadas de acordo com a estatística do Eleitorado do TSE, 2026 (https://sig.tse.jus.br) e renda ponderada de acordo com registro do último senso estratificado do IBGE (https://cidades.ibge.gov.br) de acordo com a Resolução do TSE 23.600/2019, complementada pela Resolução 23.676/2021, com entrevistas domiciliares aos eleitores de 16 anos ou mais que exerça seu voto no município de Planaltina. Totalizando uma população eleitoral de 66.628 e amostra de 500, a um nível de confiança = 95%; Nível de significância = 5%; Margem de erro = 4,37%, com P = 0,5.
SEXO: Masculino (46,47%), Feminino (53,53%); FAIXA ETÁRIA: até 24 anos (12,52%), de 25 a 34 anos (20,86%), de 35 a 44 anos (20,39%), de 45 a 59 anos (25,42%), 60 anos ou mais (20,81%); ESCOLARIDADE: Analfabeto (2,61%), Lê e escreve (7,20%), 1º Grau inc/comp (30,96%), 2º Grau inc/comp (48,59%), 3º Grau inc/comp (10,64%); RENDA: Até 1 salário (18,08%), entre 1 e 2 salários (26,59%), entre 2 e 5 salários (40,14%), entre 5 e 10 salários (11,89%), Mais de 10 salários (3,31%).";"Os questionários são aplicados com uso de equipamentos eletrônicos, supervisão in loco e via GPS, passarão por conferência através de novo contato até 20% dos entrevistados, todas as regiões pesquisadas foram selecionadas proporcionalmente.";"Os bairros serão anexados de acordo com a resolução."
"28/09/2026";"05:46:54";2026;81;"Eleições Gerais 2026";"GO";"GO";"GOIÁS";"GO020702026";"2026-05-12 15:58:40";"N";"81908345000140";"INSTITUTO PARANA DE PESQUISAS E ANALISE DE CONSUMIDOR LTDA";"#NULO#";"Governador, Senador";"2026-05-15 00:00:00";"2026-05-17 00:00:00";"2026-05-18 00:00:00";1350;"10245 - 4ª Região";"Tatiani Cristina Ara";"45000,00";"Pesquisa com metodologia quantitativa, com a realização de entrevistas pessoais, domiciliares e presenciais, utilizando questionário estruturado junto a uma amostra representativa do eleitorado do Estado de Goiás.


";"""A amostra será representativa do eleitorado da área pesquisada e será selecionada em três etapas. Na primeira etapa realiza-se um sorteio probabilístico dos municípios onde as entrevistas serão realizadas através do método PPT (Probabilidade Proporcional ao Tamanho), considerando a população eleitora com 16 anos ou mais residente nos municípios como base para essa seleção. Na segunda etapa, faz-se um sorteio probabilístico das localidades, onde as entrevistas serão realizadas, através do método PPT (Probabilidade Proporcional ao Tamanho), tomando a população eleitora de 16 anos ou mais residente nas localidades como base para essa seleção. Na terceira etapa, a seleção do entrevistado dentro da localidade, será feita utilizando-se quotas amostrais proporcionais, em função das seguintes variáveis:
GÊNERO: TSE Abril 2026 (https://sig.tse.jus.br/ords/dwapr/r/seai/sig-eleitor-eleitorado-mensal/cruzamento-eleitorado-mensal?p24_metricas=E&p24_back=22&p24_cruzamento_1=ds_sexo&clear=24&p0_uf=GO&p0_mes=4&debug=LEVEL5&session=312990078978641)
Masculino - 47%; |
Feminino - 53%; |
FAIXA ETÁRIA: TSE Abril 2026 (https://sig.tse.jus.br/ords/dwapr/r/seai/sig-eleitor-eleitorado-mensal/cruzamento-eleitorado-mensal?p24_cruzamento_1=ds_faixa_etaria&p24_metricas=E&p24_back=22&clear=24&p0_uf=GO&p0_mes=4&debug=LEVEL5&session=8904950028837)
Entre 16 e 24 anos: 13%; |
Entre 25 e 34 anos: 20%; |
Entre 35 e 44 anos: 20%; |
Entre 45 e 59 anos: 26%; |
Com 60 anos ou mais: 21%; |
ESCOLARIDADE: TSE Abril 2026 (https://sig.tse.jus.br/ords/dwapr/r/seai/sig-eleitor-eleitorado-mensal/cruzamento-eleitorado-mensal?p24_cruzamento_1=ds_grau_instrucao&p24_metricas=E&p24_back=22&clear=24&p0_uf=GO&p0_mes=4&debug=LEVEL5&session=309383598034615)
De analfabeto até ensino fundamental completo: 34%; |
Ensino médio incompleto ou completo: 47% |
Ensino superior incompleto ou completo: 19% |
RENDA DOMICILIAR MENSAL:  (https://cidades.ibge.gov.br/brasil/go/pesquisa/23/24304) IBGE - Censo 2010. Observação: Conforme informações obtidas do Instituto Brasileiro de Geografia e Estatística, o IBGE, não divulgou - e não tem previsão - de data para divulgação do perfil econômico (nível econômico) da população brasileira; portanto, os dados quanto ao nível econômico obtidos no Censo 2022, não podem ser utilizados, pois não foram publicados. (https://censo2022.ibge.gov.br/panorama/)
Sem rendimentos até 2 salários mínimos: 43% |
Mais de 2 a 5 salários mínimos: 37% |
Mais de 5 salários mínimos: 20% |
Está prevista eventual ponderação para correção das variáveis gênero e faixa etária, com base nos percentuais acima apresentados, caso ocorram diferenças superiores a 3,0 (três) pontos percentuais entre o previsto na amostra e a coleta realizada; para as variáveis escolaridade e renda domiciliar mensal, o fator de ponderação é igual a 1 (resultados obtidos no campo). O nível de confiança estimado é de 95% (noventa e cinco por cento) para uma margem de erro estimada, considerando uma técnica de amostragem aleatória simples, de aproximadamente 2,7 (dois vírgula sete) pontos percentuais para mais ou para menos sobre os resultados obtidos.""





";"""As entrevistas serão conduzidas por uma equipe de entrevistadores e supervisores devidamente qualificados pelo Instituto Paraná Pesquisas, todos com experiência e treinamento específico em pesquisas de opinião pública. 
Controle: O controle do processo será realizado por meio de um software de coleta de dados, o qual permitirá o monitoramento garantindo o cumprimento das cotas amostrais.
Conferência e Fiscalização: Durante a coleta de dados os questionários aplicados são fiscalizados e conferidos através de um supervisor.   
Adicionalmente, pelo menos 30% dos questionários passarão por uma verificação posterior, que avaliará a precisão na aplicação e a adequação dos entrevistados às variáveis das quotas amostrais. Ou seja, no mínimo 405 entrevistas desta pesquisa serão auditadas pela equipe de qualidade do Instituto Paraná Pesquisas, podendo essa auditoria ser solicitada ao Instituto a qualquer momento.
Verificação: Após a coleta, os questionários passam por uma etapa de verificação e validação dos dados, para garantir a integridade e precisão dos dados coletados.""





";" ""A pesquisa será realizada no Estado de Goiás, a relação dos dados relativos aos municípios e às localidades será apresentada até o dia seguinte à data a partir da qual a pesquisa puder ser divulgada, conforme §7º do art. 2º da Resolução-TSE nº. 23.600/2019""





"
"28/09/2026";"05:46:54";2026;81;"Eleições Gerais 2026";"GO";"GO";"GOIÁS";"GO030622026";"2026-07-27 19:35:48";"N";"44826961000125";"SMS - DIRECT PESQUISAS E MARKETING LTDA";"DIRECT PESQUISAS";"Governador, Senador, Deputado Federal, Deputado Estadual";"2026-07-28 00:00:00";"2026-07-31 00:00:00";"2026-08-02 00:00:00";2000;"10526";"Jose Dos Reis Cunha Filho";"20000,00";"Pesquisa quantitativa com abordagem porta a porta, com eleitores que votam e/ou residem no estado de Goiás, consistindo na realização de entrevistas pessoais e individuais, com a aplicação de questionário estruturado junto a uma amostra representativa do eleitorado em estudo. Devido a ordem probabilística da amostra, nesta pesquisa será considerada apenas os eleitores residentes dentro do município ou que no dia da entrevista estejam nele. Todas as entrevistas são espontâneas e os dados são sigilosos, guardados no banco de dados do instituto para tabulação e apresentação gráfica e analítica.";"Trata-se de uma amostra probabilística estratificada, com abordagem aleatória simples através de cotas de sexo, idade e escolaridade, ponderadas de acordo com a estatística do Eleitorado do TSE, 2026 (https://sig.tse.jus.br) e renda ponderada de acordo com registro do último senso estratificado do IBGE (https://cidades.ibge.gov.br) e em conformidade com a Resolução do TSE 23.600/2019, complementada pela Resolução 23.676/2021, com entrevistas domiciliares aos eleitores de 16 anos ou mais que exerça seu voto no estado de Goiás. Totalizando uma população eleitoral de 5.081.043 e amostra de 2.000, a um nível de confiança = 95%; Nível de significância = 5%; Margem de erro = 2,19%, com P = 0,5.
SEXO: Masculino (47,02%), Feminino (52,98%); FAIXA ETÁRIA: até 24 anos (12,92%), de 25 a 34 anos (19,41%), de 35 a 44 anos (20,12%), de 45 a 59 anos (26,20%), 60 anos ou mais (21,35%); ESCOLARIDADE: Analfabeto (2,41%), Lê e escreve (5,48%), 1º Grau inc/comp (26,26%), 2º Grau inc/comp (47,23%), 3º Grau inc/comp (18,62%); RENDA: Até 1 salário (15,67%), entre 1 e 2 salários (21,92%), entre 2 e 5 salários (38,15%), entre 5 e 10 salários (15,58%), Mais de 10 salários (8,68%).
";"Os questionários são aplicados com uso de equipamentos eletrônicos, supervisão in loco e via GPS, passarão por conferência através de novo contato até 20% dos entrevistados, todas as regiões pesquisadas foram selecionadas proporcionalmente.";"Os municípios serão anexados de acordo com a resolução."
"28/09/2026";"05:46:54";2026;81;"Eleições Gerais 2026";"GO";"GO";"GOIÁS";"GO029012026";"2026-02-24 22:26:10";"N";"44826961000125";"SMS - DIRECT PESQUISAS E MARKETING LTDA";"DIRECT PESQUISAS";"Governador, Senador, Deputado Federal, Deputado Estadual";"2026-02-25 00:00:00";"2026-02-26 00:00:00";"2026-03-02 00:00:00";400;"10526";"José Dos Reis Cunha Filho";"3500,00";"Pesquisa quantitativa com abordagem porta a porta, com eleitores que votam e/ou residem no município de Mineiros no estado de Goiás, consistindo na realização de entrevistas pessoais e individuais, com a aplicação de questionário estruturado junto a uma amostra representativa do eleitorado em estudo. Devido a ordem probabilística da amostra, nesta pesquisa será considerada apenas os eleitores residentes dentro do município ou que no dia da entrevista estejam nele. Todas as entrevistas são espontâneas e os dados são sigilosos, guardados no banco de dados do instituto para tabulação e apresentação gráfica e analítica.";"Trata-se de uma amostra probabilística estratificada, com abordagem aleatória simples através de cotas de sexo, idade e escolaridade, ponderadas de acordo com a estatística do Eleitorado do TSE, 2026 (https://sig.tse.jus.br) e renda ponderada de acordo com registro do último senso estratificado do IBGE (https://cidades.ibge.gov.br) e em conformidade com a Resolução do TSE 23.600/2019, complementada pela Resolução 23.676/2021, com entrevistas domiciliares aos eleitores de 16 anos ou mais que exerça seu voto no município de Mineiros. Totalizando uma população eleitoral de 50.531 e amostra de 400, a um nível de confiança = 95%; Nível de significância = 5%; Margem de erro = 4,88%, com P = 0,5.
SEXO: Masculino (47,49%), Feminino (52,51%); FAIXA ETÁRIA: até 24 anos (13,40%), de 25 a 34 anos (21,27%), de 35 a 44 anos (22,31%), de 45 a 59 anos (23,66%), 60 anos ou mais (19,35%); ESCOLARIDADE: Analfabeto (3,41%), Lê e escreve (4,19%), 1º Grau inc/comp (30,51%), 2º Grau inc/comp (40,69%), 3º Grau inc/comp (21,20%); RENDA: Até 1 salário (13,15%), entre 1 e 2 salários (18,91%), entre 2 e 5 salários (39,99%), entre 5 e 10 salários (19,01%), Mais de 10 salários (8,94%).
";"Os questionários são aplicados com uso de equipamentos eletrônicos, supervisão in loco e via GPS, passarão por conferência através de novo contato até 20% dos entrevistados, todas as regiões pesquisadas foram selecionadas proporcionalmente.";"Os bairros serão anexados de acordo com a resolução."
"28/09/2026";"05:46:54";2026;81;"Eleições Gerais 2026";"GO";"GO";"GOIÁS";"GO025072026";"2026-07-11 19:25:53";"S";"00654576000172";"INSTITUTO VERITA LTDA";"VERITA";"Governador, Senador";"2026-07-12 00:00:00";"2026-07-16 00:00:00";"2026-07-17 00:00:00";1525;"10699";"Guilherme Alvarenga Laia";"117425,00";"Pesquisa quantitativa, que consiste na realização de entrevistas, com a aplicação de questionário estruturado junto a uma amostra representativa do eleitorado desta Unidade da Federação.";"ESTUDO REPRESENTATIVO DO ELEITORADO DO ESTADO DE GOIÁS - MÉTODO PPT (Probabilidade Proporcional ao Tamanho) - PLANO AMOSTRAL E PONDERAÇÃO QUANTO A SEXO, IDADE, GRAU DE INSTRUÇÃO E NÍVEL ECONÔMICO DO ENTREVISTADO; INTERVALO DE CONFIANÇA E MARGEM DE ERRO: Representativo do eleitorado da área em estudo, elaborada, em vários estágios, da seguinte forma: - 1. Divisão da UF em estratos proporcionais de municípios. 2. Ordenação dos municípios de cada estrato segundo o porte. 3. Sorteio dos municípios de cada estrato. 4. Os respondentes são selecionados através de quotas amostrais proporcionais em função de variáveis significativas, a saber: GÊNERO / FAIXA ETÁRIA - FEMININO E MASCULINO 16 A 34 ANOS 17% E 15,5%, 35 A 54 ANOS 20,4% E 18,2%, 55 ANOS OU MAIS 15,6% E 13,4%. GRAU DE INSTRUÇÃO ¿ FEMININO E MASCULINO Sem instrução até Ensino Médio completo 60,8%, Ensino superior incompleto e completo 39,2% NÍVEL ECONÔMICO - FEMININO população não economicamente ativa 46,5% população economicamente ativa 53,5% MASCULINO população não economicamente ativa 27,2% população economicamente ativa 72,8%. RENDA FAMILIAR DO DOMICÍLIO renda familiar de até 2 salários-mínimos 30,7%; de 2 a 5 salários-mínimos 44,2%, acima de 5 salários-mínimos 25,1%. Está prevista eventual ponderação para correção das variáveis, com base nos percentuais anteriormente mencionados, caso ocorram diferenças superiores a margem de erro da pesquisa previsto entre a amostra e a coleta de dados realizada. O fator previsto para ponderação é 1 (resultados obtidos na coleta de dados). O intervalo de confiança estimado é de 95% e a margem de erro máxima estimada considerando um modelo de amostragem aleatório simples, é de aproximadamente 2,5 pontos percentuais para mais ou para menos sobre os resultados encontrados no total da amostra. FONTE DOS DADOS: IBGE/Censo 2022 para fins de densidade demográfica, setores censitários e alocação da amostra. IBGE/PNAD/PNADC/MEC/INEP para fins de Nível Econômico e Escolaridade. TSE JUNHO/2026 para fins de Sexo, Faixa Etária e eleitorado por município ou regiões previamente definidas (importante ressaltar para o público leigo que os dados do TSE são os únicos corretos para gênero, idade dos eleitores e quantitativo de eleitores por municípios já que a base de dados se atualiza automaticamente, PORÉM, dados de escolaridade e nível econômico NÃO são corretos e confiáveis devido a desatualização que ocorre naturalmente com o passar dos anos). Definição de margem de erro e intervalo de confiança: Margem de erro e intervalo de confiança não são grandezas diretamente proporcionais. A SOMA NÃO TEM QUE RESULTAR 100%. ";"Após os trabalhos de coleta de dados, os questionários são submetidos a uma fiscalização, conferência e checagem de cerca de 20% (vinte por cento) dos questionários aplicados.";"A relação dos municípios sorteados ou selecionados para esta pesquisa será apresentada em arquivo anexo até 1 (um) dia após a divulgação desta pesquisa conforme §7º. do art. 2º. da Resolução-TSE nº. 23.600/2019. A área de abrangência desta pesquisa é o Estado DE GOIÁS."
"28/09/2026";"05:46:54";2026;81;"Eleições Gerais 2026";"GO";"GO";"GOIÁS";"GO089802026";"2026-09-25 22:01:55";"N";"31884294000195";"VILANI E BARBOSA NEGOCIOS LTDA";"DATA RD";"Deputado Federal, Deputado Estadual";"2026-09-26 00:00:00";"2026-09-29 00:00:00";"2026-10-01 00:00:00";600;"10808";"JERFSON BRUNO DO NASCIMENTO HONORIO";"6800,00";"Apresentam-se os dados da pesquisa eleitoral de opinião pública a ser conduzida no Município de Trindade, estado Goiás. Esta pesquisa quantitativa será realizada por meio de entrevistas pessoais e domiciliares, utilizando questionários estruturados e padronizados, aplicados a uma amostra representativa da população alvo. A coleta de dados será conduzida por meio de dispositivos eletrônicos, tais como smartphones e tablets.

Nota 1: Pode ocorrer que o total da linha não corresponda exatamente ao somatório das células individuais devido ao arredondamento computacional. No entanto, essas diferenças são compensadas em outras linhas, sem perda da representatividade da amostra. É normal que algumas células apresentem mais entrevistas do que o registrado, pois arredondamos números para refletir a realidade da pesquisa. Por exemplo, se a distribuição resultar em 1,5 entrevistas, arredondamos para 2 entrevistas, pois não é possível realizar uma fração de entrevista. Logo, o somatório pode apresentar uma soma superior ao registrado.

Nota 2: É importante destacar que o registro é exclusivamente para fins de divulgação, o que significa que uma pesquisa pode ser realizada antes ou depois da data de registro. Este requisito está claramente estabelecido no Artigo 10 da resolução. Art. 10. Na divulgação dos resultados de pesquisas, ATUAIS OU NÃO, serão obrigatoriamente informados: I - o período de realização da coleta de dados; II - a margem de erro; III - o nível de confiança; IV - o número de entrevistas; V - o nome da entidade ou da empresa que a realizou e, se for o caso, de quem a contratou; VI - o número de registro da pesquisa.

Nota 3: Ao registrar uma pesquisa, é comum cometer erros de digitação ou outros equívocos. O TSE permite a correção ou exclusão de registros no sistema PesqEle até 5 dias após a data de registro. Quando uma modificação é realizada, o sistema gera um novo número de registro e atualiza a data para a data da modificação, conforme o artigo 8 da resolução. Em relação à exclusão, o sistema permite a remoção total do registro. Após os 5 dias, o sistema impede quaisquer modificações ou exclusões. É importante observar que é possível excluir um registro e refazê-lo com as mesmas informações do registro excluído, como questionário, nota fiscal, entre outros. Art. 8o O registro da pesquisa poderá ser alterado desde que não expirado o prazo de 5 (cinco) dias para a divulgação do seu resultado. § 1o A alteração de que trata o caput implica a atribuição de novo número de identificação à pesquisa e o reinício da contagem do prazo previsto no caput do art. 2o desta Resolução, a partir do recebimento das alterações com a indicação, pelo sistema, da nova data a partir da qual será permitida a divulgação da pesquisa. § 3o ...a pesquisa ser cancelada pela própria usuária ou pelo próprio usuário, sem prejuízo da apresentação de um novo registro.

Nota 4: Pagante(S) Do Trabalho Em Branco: Quando o campo 'pagante' está em branco, isso ocorre porque o contratante é também o pagante da pesquisa. O sistema do TSE presume que qualquer pessoa com um mínimo de interesse verificará facilmente a origem dos recursos ao lado do nome do contratante, fora que a nota fiscal também está disponível para qualquer pessoa. A informação de pagante só é preenchida quando há duas partes envolvidas: um contratante e um pagante";"I) Público Pesquisado: Eleitores no município de Trindade, estado Goiás. Modalidade de aplicação: entrevistas presenciais.

II) Tipo de Amostra: A amostra é representativa do eleitorado municipal, selecionada em três estágios. No primeiro estágio, os setores censitários são sorteados de forma probabilística utilizando o método da probabilidade proporcional ao tamanho (PPT), com base na população residente de cada setor. No segundo estágio, as ruas e/ou sítios dentro dos setores sorteados são selecionados aleatoriamente para conduzir as entrevistas. No terceiro estágio, os entrevistados são escolhidos dentro das ruas e/ou sítios selecionados, utilizando cotas proporcionais aos atributos de sexo, faixa etária, grau de instrução e renda, de acordo com o perfil do eleitorado em estudo. Fonte de Dados: Tribunal Superior Eleitoral (TSE, September/2026) e Instituto Brasileiro de Geografia e Estatística (IBGE, CENSO 2022).

III) Tamanho da Amostra: 600 entrevistas.

IV) Ponderação: A ponderação é realizada considerando 53.9% para o sexo feminino e 46.1% para o sexo masculino. Em relação às faixas etárias, a distribuição é a seguinte: 13% de 16 a 24 anos, 19.9% de 25 a 34 anos, 21.3% de 35 a 44 anos, 26.2% de 45 a 59 anos e 19.6% com 60 anos ou mais. Para o grau de instrução, são utilizadas as seguintes categorias: 7.3% de Analfabeto/Lê e Escreve, 27.6% até o ensino fundamental, 51.4% até o ensino médio e 13.6% até a faculdade ou mais. Em relação à renda, são utilizadas as seguintes categorias: 62.8% até 1 salário mínimo, 25.4% de 1 a 2 salários mínimos e 11.8% acima de 2 salários mínimos. Está prevista uma ponderação para correção de variáveis de sexo e faixa etária, com base nos percentuais acima apresentados, de acordo com o previsto na amostra (TSE) e a coleta realizada. Para as variáveis de escolaridade e renda domiciliar mensal, o fator de ponderação será igual a 1, conforme os resultados obtidos em campo.

V) Área Física de Realização da Pesquisa: A amostra será coletada em toda a extensão geográfica do município de Trindade, estado Goiás.

VI) Intervalo de Confiança/Margem de Erro: O intervalo de confiança estimado é de 95% com uma margem de erro de 3.99% para mais ou para menos sobre os resultados encontrados no total da amostra. Este grau de confiança e margem de erro não devem ser considerados para resultados dentro de cada estrato, nem para os resultados gerados pelos cruzamentos de variáveis. Os percentuais que não totalizam 100% são devido a arredondamentos ou a múltiplas alternativas de resposta. O cálculo amostral é realizado pela proporção [estimador = p e (1-p) ou p e q).

VII) O modelo de questionário aplicado está disponível em anexo (com as alternativas aleatorizadas por software e por disco).

VIII) Na elaboração de todos os questionários emitidos pela empresa DATARD, é implementado um sistema de aleatorização para a ordem das respostas de cada uma das perguntas. Para isso, são disponibilizados discos para cada uma das questões que necessitam de aleatoriedade. Essa prática é essencial para evitar possíveis vieses que poderiam surgir caso as respostas fossem sempre apresentadas na mesma ordem. Ao aleatorizar as respostas, garantimos que todos os participantes tenham a mesma oportunidade de encontrar cada resposta em diferentes posições do questionário. Isso contribui significativamente para minimizar qualquer influência que a ordem das perguntas possa ter sobre as respostas.";"Para a realização da pesquisa utiliza-se uma equipe de entrevistadores e coordenadores de campo devidamente treinado para o trabalho pela empresa DATARD. Durante a realização dos trabalhos de campo, os entrevistadores são submetidos a uma fiscalização permanente por parte dos coordenadores de campo e são realizadas checagem de 20% da amostra para atestar a realização das entrevistas e a fidedignidade dos dados, garantindo-se dessa forma, robustez na precisão dos estimadores dos parâmetros populacionais.";"Em anexo"
"28/09/2026";"05:46:54";2026;81;"Eleições Gerais 2026";"GO";"GO";"GOIÁS";"GO087742026";"2026-05-30 23:23:33";"S";"14293213000163";"NUMEN DATA PESQUISA E CONSULTORIA LTDA";"NUMEN DATA";"Governador, Senador";"2026-06-01 00:00:00";"2026-06-02 00:00:00";"2026-06-05 00:00:00";1500;"9531";"Lorena Maurícia Neris Silva";"21000,00";"Pesquisa probabilística estratificada quantitativa por amostragem. Aplicação de questionário estruturado por meio IVR, ligações telefonicas. O universo da pesquisa é o conjunto de eleitoras e eleitores com 16 anos ou mais no estado de Goiás.";"Universo: 5.126.435 eleitoras e eleitores residentes no Goiás com 16 anos de idade ou mais. Tamanho da amostra: 1100 entrevistas. Técnica de amostragem: estratificada a partir da base de dados do IBGE, estimativa populacional 2025 e TSE 2026 para o estado de Goiás. Os números relativos a sexo e faixa etária são do TSE 2026: Sexo: (Masculino 48% e Feminino: 52%). Faixa Etária: (16 a 24 anos 13%, 25 a 44 anos 41%, 45 a 59 anos 26% e 60 anos ou mais 20%). Grau de Instrução: até nível fundamental completo ou incompleto (inclui os sem escolaridade e analfabetos) =36%, nível médio (inclui incompleto)=46% e nível superior (inclui superior incompleto) = 18%. Nível Econômico, será utilizada a o CENSO 2010 e 2022, fonte IBGE, com crusamentos de dados primários da base de dados da Numen Data de pesquisas anteriores (Até 2 salários mínimos 43%, mais de 2 salários mínimos 57%).A margem de erro máxima prevista é de 3 pontos percentuais para mais ou para menos, considerando um nível de confiança de 95%.";"A verificação e conferência é realizada maneira automática pelo sistema de pesquisa com cerca de 20% dos respondentes que completaram o formulário.";"A área de abrangência da coleta é o estado de Goiás, A relação do quantitativo das localidades selecionadas para aplicação da amostra será apresentada até o 7º dia seguinte ao registro da pesquisa, conforme expresso no art. 2º, §7º da Resolução 23.600/2019 do TSE."
"28/09/2026";"05:46:54";2026;81;"Eleições Gerais 2026";"GO";"GO";"GOIÁS";"GO080462026";"2026-02-22 20:36:14";"N";"44826961000125";"SMS - DIRECT PESQUISAS E MARKETING LTDA";"DIRECT PESQUISAS";"Governador, Senador, Deputado Federal, Deputado Estadual";"2026-02-22 00:00:00";"2026-02-24 00:00:00";"2026-02-28 00:00:00";600;"10526";"José Dos Reis Cunha Filho";"5000,00";"Pesquisa quantitativa com abordagem porta a porta, com eleitores que votam e/ou residem no município de Rio Verde no estado de Goiás, consistindo na realização de entrevistas pessoais e individuais, com a aplicação de questionário estruturado junto a uma amostra representativa do eleitorado em estudo. Devido a ordem probabilística da amostra, nesta pesquisa será considerada apenas os eleitores residentes dentro do município ou que no dia da entrevista estejam nele. Todas as entrevistas são espontâneas e os dados são sigilosos, guardados no banco de dados do instituto para tabulação e apresentação gráfica e analítica.";"Trata-se de uma amostra probabilística estratificada, com abordagem aleatória simples através de cotas de sexo, idade e escolaridade, ponderadas de acordo com a estatística do Eleitorado do TSE, 2026 (https://sig.tse.jus.br) e renda ponderada de acordo com registro do último senso estratificado do IBGE (https://cidades.ibge.gov.br) e em conformidade com a Resolução do TSE 23.600/2019, complementada pela Resolução 23.676/2021, com entrevistas domiciliares aos eleitores de 16 anos ou mais que exerça seu voto no município de Rio Verde. Totalizando uma população eleitoral de 148.607 e amostra de 600, a um nível de confiança = 95%; Nível de significância = 5%; Margem de erro = 3,99%, com P = 0,5.
SEXO: Masculino (47,13%), Feminino (52,87%); FAIXA ETÁRIA: até 24 anos (12,51%), de 25 a 34 anos (21,23%), de 35 a 44 anos (23,73%), de 45 a 59 anos (24,88%), 60 anos ou mais (17,65%); ESCOLARIDADE: Analfabeto (2,09%), Lê e escreve (6,38%), 1º Grau inc/comp (23,82%), 2º Grau inc/comp (46,72%), 3º Grau inc/comp (20,99%); RENDA: Até 1 salário (13,70%), entre 1 e 2 salários (18,42%), entre 2 e 5 salários (39,64%), entre 5 e 10 salários (18,82%), Mais de 10 salários (9,42%).
";"Os questionários são aplicados com uso de equipamentos eletrônicos, supervisão in loco e via GPS, passarão por conferência através de novo contato até 20% dos entrevistados, todas as regiões pesquisadas foram selecionadas proporcionalmente.";"Os bairros serão anexados de acordo com a resolução."
"28/09/2026";"05:46:54";2026;81;"Eleições Gerais 2026";"GO";"GO";"GOIÁS";"GO056862026";"2026-09-15 11:11:19";"N";"04851508000154";"INSTITUTO GAZETA LTDA";"IGAPE- INSTITUTO GAZETA DE PEQUISAS";"Governador, Senador, Deputado Federal, Deputado Estadual";"2026-09-16 00:00:00";"2026-09-19 00:00:00";"2026-09-21 00:00:00";800;"10394";"Filipe Moreira Martine";"6000,00";"A metodologia utilizada é Survey quantitativo, com realização das entrevistas de maneira pessoal em domicílio, com aplicação de questionário estruturado e padronizado em plataformadigital (tablet ou computador) junto a uma amostra representativa dos eleitores de Aparecida de Goiânia";"Plano amostral e ponderação quanto a sexo, idade, grau de instrução e nível econômico do entrevistado; intervalo de confiança e margem de erro: O universo da pesquisa é composto por eleitores de Aparecida de Goiânia, com idade a partir de 16 anos. A amostra prevista será de 800 entrevistas. A Seleção da amostra será realizada utilizando-se quotas amostrais proporcionais, em função das seguintes variáveis. SEXO: Masculino: (46%); Feminino: (54%) - IDADE: 16 a 29 anos (24%); 30 a 44 anos: (33%); 45 a 59 anos: (26%); 60 anos ou mais: (17%) -ESCOLARIDADE: Analfabeto/Lê e escreve: (6%); Fundamental completo ou incompleto: (26%); Médio completo ou incompleto: (54%); Superior completo ou incompleto: (14%); RENDA INDIVIDUAL:Até 1 SM: (29%); De 1 a 2 SM: (41%); Acima de 2 SM (30%). Está prevista eventual ponderação para correção das variáveis, com base nos percentuais acima apresentados - Área física: Município de Aparecida de Goiânia - GO. Margem de Erro:A margem de erro máxima prevista para o total da amostra é de 3,5 pontos percentuais para mais ou para menos, considerando um nível de confiança de 95%. Fonte de Dados: TSE: Estatísticas do Eleitorado 2026 e IBGE Censo 2022.";"A coleta de dados é realizada por entrevistadores, orientados por coordenadores de campo. Todos os questionários preenchidos recebem crítica para avaliação da consistência dos dados coletados, sendo que 20% dos questionários serão submetidos à conferência através de novos contatos com os entrevistados, medida sempre adotada que visa garantir a qualidade e fidelidade dos dados coletados. Conforme §6º. do art. 2º. da Resolução-TSE nº. 23.549";"#NULO#"
"28/09/2026";"05:46:54";2026;81;"Eleições Gerais 2026";"GO";"GO";"GOIÁS";"GO059272026";"2026-09-15 11:40:08";"N";"04851508000154";"INSTITUTO GAZETA LTDA";"IGAPE- INSTITUTO GAZETA DE PEQUISAS";"Governador, Senador, Deputado Federal, Deputado Estadual";"2026-09-16 00:00:00";"2026-09-19 00:00:00";"2026-09-21 00:00:00";1000;"10394";"Filipe Moreira Martine";"8000,00";"A metodologia utilizada é Survey quantitativo, com realização das entrevistas de maneira pessoal em domicílio, com aplicação de questionário estruturado e padronizado em plataforma digital (tablet ou computador) junto a uma amostra representativa dos eleitores de Goiânia";"
O universo da pesquisa é composto por eleitores de Goiânia, com idade a partir de 16 anos. A amostra prevista será de 1000 entrevistas. A Seleção da amostra será realizada utilizando-se quotas amostrais proporcionais, em função das seguintes variáveis. SEXO: Masculino: (45); Feminino: (55%) - IDADE: 16 a 29 anos (21%); 30 a 44 anos: (32%); 45 a 59 anos: (27%); 60 anos ou mais: (20%) - ESCOLARIDADE: Analfabeto/Lê e escreve: (3%); Fundamental completo ou incompleto: (19%); Médio completo ou incompleto: (48%); Superior completo ou incompleto: (30%); RENDA: Até 1 SM: (38%); De 1 A 2 SM: (33%); Acima de 2 SM (29%) - Área física: Município de Goiânia. Margem de Erro: A margem de erro máxima prevista para o total da amostra é de 3,1 pontos percentuais para mais ou para menos, considerando um nível de confiança de 95%. Fonte de Dados: TSE: Estatísticas do Eleitorado 2026 e IBGE Censo 2022.";"A coleta de dados é realizada por entrevistadores, orientados por coordenadores de campo. Todos os questionários preenchidos recebem crítica para avaliação da consistência dos dados coletados, sendo que 20% dos questionários serão submetidos à conferência através de novos contatos com os entrevistados, medida sempre adotada que visa garantir a qualidade e fidelidade dos dados coletados. Conforme §6º. do art. 2º. da Resolução-TSE nº. 23.549, o pedido de registro poderá ser complementado pela entrega destes dados ao Tribunal Eleitoral até o sétimo dia seguinte ao registro da pesquisa. Serão enviados os dados relativos aos bairros abrangidos, na ausência de delimitação dos bairros, será identificada a área em que foi realizada)";"#NULO#"
"28/09/2026";"05:46:54";2026;81;"Eleições Gerais 2026";"GO";"GO";"GOIÁS";"GO007342026";"2026-05-21 23:35:44";"S";"39147895000127";"AGENCIA CALCULU'S DE PESQUISA E JORNALISMO LTDA";"JORNAL LIDER";"Governador, Deputado Federal, Deputado Estadual";"2026-05-19 00:00:00";"2026-05-20 00:00:00";"2026-05-27 00:00:00";452;"8745";"CLEUDIMAR NOBRE DANTAS";"3000,00";"Pesquisa quantitativa, do tipo survey, com realização de entrevistas diretas, por meio da aplicação de questionário estruturado, em uma amostra significativa da população em estudo, composta pelo eleitorado do município de Município de Itumbiara/GO com total de 74.295 eleitores em abril de 2026. A pesquisa foi realizada nos dias 19 a 20 de maio de 2026.";"O universo pesquisado (ou população de estudo) é o eleitorado do Município de Itumbiara/GO com total de 74.295 eleitores em abril de 2026, com 16 anos ou mais, que esteja apto a votar. O tamanho da amostra prevista é de 452 entrevistas, com uma margem de erro de 4,6% e confiabilidade de 95%. A amostra foi calculada pelo método de amostragem aleatória simples, essa amostra é estratificada, urbana, com as cotas de ponderação segundo as variáveis sexo, idade, grau de instrução e nível econômico do eleitorado. O tamanho dos estratos será proporcional a esses segmentos, de acordo com as informações de estatística do eleitorado fornecidas pelo Tribunal Superior Eleitoral ¿ TSE (dados do eleitorado de abril/2026) e, para as classes de rendimento, dados do Censo Demográfico 2010 realizado pelo Instituto Brasileiro de Geografia e Estatística - IBGE. Os tamanhos desses segmentos são:
1. Sexo (Feminino: 53,7% / Masculino: 46,3%); 2. Faixa etária (16-24 anos: 11,6% / 25-34 anos: 17,7% / 35-44 anos: 19,1% / 45-59 anos: 27,0% / 60 anos ou mais: 24,6%); 3. Escolaridade (Analfabeto: 2,5% / Lê e escreve: 4,8% / Ensino Fundamental (incompleto/completo): 26,3% / Ensino Médio (incompleto/completo): 45,8% / Ensino Superior (incompleto/completo): 20,6%; 4. Renda familiar (até 1 salário mínimo: 55,1% / De 1 a 2 salários mínimos: 23,3% / De 2 a 3 salários mínimos: 8,5% / De 3 a 5 salários mínimos: 6,8% / Acima de 5 salários mínimos: 6,3%). Ao final da pesquisa, será aplicado fator de ponderação de modo a corrigir as possíveis diferenças entre os valores esperados da amostra e aqueles coletados durante o trabalho de campo. ";"A pesquisa foi realizada por uma equipe de 3 (quatro) entrevistadores e 1 (um) supervisor de campo da empresa AGENCIA CALCULU'S DE PESQUISA E JORNALISMO LTDA, devidamente treinados. Os questionários são submetidos a uma fiscalização de, no mínimo, 20% dos questionários aplicados por cada entrevistador. A fiscalização é realizada simultaneamente à coleta de dados em campo.";"A área de abrangência da pesquisa é o Município de Itumbiara/GO. A relação completa dos municípios será encaminhada posteriormente, a partir do dia em que a pesquisa puder ser divulgada e até o dia seguinte, conforme Resolução 23.600/2019 do TSE."
"28/09/2026";"05:46:54";2026;81;"Eleições Gerais 2026";"GO";"GO";"GOIÁS";"GO037842026";"2026-09-15 16:05:32";"S";"56824073000152";"EXATA.GO PESQUISA LTDA";"EXATA.GO";"Governador, Deputado Federal, Deputado Estadual";"2026-09-15 00:00:00";"2026-09-20 00:00:00";"2026-09-21 00:00:00";1540;"7655";"AUGUSTO DA SILVA ROCHA";"20000,00";"A pesquisa será do tipo quantitativo, por amostragem aleatória, com aplicação de questionário estruturado e abordagem de moradores eleitores nos municípios de Luziania, Valparaiso, Cidade Ocidental, Novo Gama, Padre Bernardo, Mimoso, Formosa, Cristalina, Santo Antônio do Descoberto do estado de Goias, em pontos estratégicos de fluxo de pessoal dos municípios e por visitas às residências dos municípios. O conjunto da população dessas localidades com 16 anos ou mais e que são votantes no referido estado foi tomado como universo da pesquisa.";"A amostra será representativa do eleitorado da área pesquisada e será selecionada em três etapas. Na primeira etapa realiza-se um sorteio probabilístico dos municípios onde as entrevistas serão realizadas através do método PPT (Probabilidade Proporcional ao Tamanho), considerando a população eleitora com 16 anos ou mais residente nos municípios como base para essa seleção. Na segunda etapa, faz-se um sorteio probabilístico das localidades, onde as entrevistas serão realizadas, através do método PPT (Probabilidade Proporcional ao Tamanho), tomando a população eleitora de 16 anos ou mais residente nas localidades como base para essa seleção. Na terceira etapa, a seleção do entrevistado dentro da localidade, será feita utilizando-se quotas amostrais proporcionais, em função das variáveis sexo, faixa etária, grau de instrução e Nível socioeconômico (renda mensal familiar). Por fim, os entrevistados são selecionados aleatoriamente para responder ao questionário, de acordo com cotas: SEXO: FEMININO 53,0% ; MASCULINO 47,0% ; Faixa Etária: 16 a 24 anos 12,51% ; 25 a 34 anos 19,37% ; 35 a 44 anos 20,04% ; 45 a 59 anos 26,35% ; 60 anos ou mais 21,73% ; Grau de instrução: ANALFABETO 2,41% ; ENSINO FUNDAMENTAL COMPLETO 5,61% ; ENSINO FUNDAMENTAL INCOMPLETO 20,65% ; ENSINO MÉDIO COMPLETO 29,41% ; ENSINO MÉDIO INCOMPLETO 17,82% ; LÊ E ESCREVE 5,48% ; SUPERIOR COMPLETO 11,72% SUPERIOR INCOMPLETO 6,90% ; Nível econômico (renda mensal familiar): Até 1/2 salário mínimo 1,5% ; Mais de 1/2 a 1 salário mínimo 13,6% ; Mais de 1 a 2 salários mínimos 24,4% ; Mais de 2 a 5 salários mínimos 36,6% ; Mais de 5 a 10 salários mínimos 13,6% ; Mais de 10 a 20 salários mínimos 4,8% ; Mais de 20 salários mínimos 2,0% ; Sem rendimento 3,5% ; Fonte pública dos dados IBGE IBGE | Cidades@ | Goiás | Pesquisa | Censo 2010 | Universo - Características da população e dos domicílios; https://cidades.ibge.gov.br/brasil/go/pesquisa/23/24304?detalhes=true; (TSE/JULHO2026): https://sig.tse.jus.br/ords/dwapr/r/seai/sig-eleitor-eleitorado-mensal/cruzamento-eleitorado-mensal?p24_metricas=E&p24_back=22&p24_cruzamento_1=ds_sexo&clear=24&session=302250298393783 ; https://sig.tse.jus.br/ords/dwapr/r/seai/sig-eleitor-eleitorado-mensal/cruzamento-eleitorado-mensal?p24_cruzamento_1=ds_faixa_etaria&p24_metricas=E&p24_back=22&clear=24&session=302250298393783 ; https://sig.tse.jus.br/ords/dwapr/r/seai/sig-eleitor-eleitorado-mensal/cruzamento-eleitorado-mensal?p24_cruzamento_1=ds_grau_instrucao&p24_metricas=E&p24_back=22&clear=24&session=302250298393783; Ano=2026; Mês = JULHO; UF= GO; Observação: Conforme informações disponibilizadas pelo Instituto Brasileiro de Geografia e Estatística (IBGE), não houve nem há previsão de divulgação do perfil econômico (nível econômico) da população brasileira no âmbito do Censo Demográfico de 2022 (https://censo2022.ibge.gov.br/panorama/), para essa variável será adotado o fator de ponderação igual a 1, correspondente aos resultados obtidos em campo, caso seja verificada diferença superior à margem de erro prevista no estudo entre a projeção da amostra baseada nos dados do IBGE 2010 e os dados efetivamente coletados. Para as variáveis de sexo, idade e grau de instrução, está previsto uma eventual ponderação, nos limites da margem de erro, para correção nos tamanhos das variáveis, caso ocorra uma diferença entre a previsão da amostra e a coleta dos dados realizados sobre a faixa de eleitores acima de 16 anos. Margem de Erro: A margem de erro máxima prevista é de 2,5 pontos percentuais para mais ou para menos, considerando um nível de confiança de 95%.";"Os entrevistadores envolvidos na realização desta pesquisa são treinados pelo Instituto e recebem instruções específicas para cada projeto realizado. A coleta será feita com a utilização de questionário impresso, que serão computados posteriormente à pesquisa de campo. Os pesquisadores são supervisionados por um coordenador que estará em campo juntamente com a equipe garantindo a lisura da pesquisa. Internamente, todo o material é verificado e codificado. Antes do processamento final e emissão dos resultados, realiza-se processo de consistência dos dados. Os dados coletados e tratados nesta pesquisa atendem às exigências da LGPD, Lei Geral de Proteção de Dados, garantindo ao respondente o sigilo de sua identidade e o correto tratamento de suas respostas.";"#NULO#"
"28/09/2026";"05:46:54";2026;81;"Eleições Gerais 2026";"GO";"GO";"GOIÁS";"GO004482026";"2026-09-25 16:34:55";"S";"13805175000118";"CERRADO PESQUISAS PRODUCOES E EVENTOS LTDA";"CERRADO PESQUISAS E CONSULTORIA";"Governador, Senador, Deputado Federal, Deputado Estadual";"2026-09-28 00:00:00";"2026-09-30 00:00:00";"2026-10-01 00:00:00";706;"8631";"Alexandre Vasconcelos Lima";"3000,00";"Pesquisa com metodologia quantitativa, com a realização de entrevistas pessoais, face-a-face, utilizando questionário estruturado junto a uma amostra representativa do eleitorado do município de Anápolis-GO. A pesquisa foi realizada junto as pessoas que residem no município, que possuem idade igual ou superior a 16 (dezesseis) anos e que votam no município.";"Tamanho do universo: 290567. Tamanho da amostra: 706 eleitores. Nível de confiança: 95%. Margem de Erro Amostral: Máxima de 3,5 pontos percentuais para mais ou para menos nos dados da amostra global. Nos dados das amostras parciais (estratos), essa poderá ser maior. Tipo de amostra: Amostragem por quotas proporcionais às existentes no universo de acordo com as variáveis sexo, faixa etária, nível de instrução e nível sócio-econômico. A seleção do eleitor no domicílio (um por domicílio) é acidental de acordo com as quotas de ponderação. Ponderação quanto ao sexo: 46% do sexo Masculino e 54% do sexo Feminino. Ponderação quanto à faixa etária: 12% de 16 a 24 anos, 19% de 25 a 34 anos, 20% de 35 a 44 anos, 26% de 45 a 59 anos e 23% de 60 anos ou mais. Ponderação quanto ao nível de instrução: 30% até Ensino Fundamental, 48% de Ensino Médio e 22% de Ensino Superior. Ponderação quanto à renda: 52% até 2 salários mínimos, 40% de 2 a 5 salários mínimos e 8% acima de 5 salários mínimos. Fontes: 1) Estatística do Eleitorado/TSE, data-base de agosto/2026; 2) Censo 2010/IBGE (para ponderação quando à renda)";"O trabalho de campo será supervisionado in loco pelo contratado. Ainda, Os pesquisadores envolvidos na realização desta pesquisa são treinados pelo Instituto e recebem instruções específicas para cada projeto realizado. São checados, no mínimo, 10% dos questionários de cada pesquisador, seja in loco por supervisores de campo ou, posteriormente, por telefone. Internamente, todo o material é verificado, codificado, digitado e, antes do processamento final, realiza-se a conferência da digitação (consistência dos dados).";"A pesquisa foi realizada em Anapólis-GO, conforme distribuição anexa."
"28/09/2026";"05:46:54";2026;81;"Eleições Gerais 2026";"GO";"GO";"GOIÁS";"GO046692026";"2026-08-21 22:09:54";"N";"49875610000128";"BRASMARKET ANALISE E INVESTIGACAO DE MERCADO LTDA";"BRASMARKET";"Governador, Senador";"2026-08-20 00:00:00";"2026-08-21 00:00:00";"2026-08-27 00:00:00";1200;"8151";"Juliane Silveira Freire da Silva";"40000,00";"A pesquisa é quantitativa de opinião pública, realizada por meio de entrevistas telefônicas, com aplicação de questionário estruturado e padronizado, utilizando sistema de entrevistas assistidas por computador (CATI). A coleta é monitorada para controle de cotas e filtragem de inconsistências. ";"Universo: eleitores com 16 anos ou mais, aptos a votar no Estado de Goiás, conforme dados do Tribunal Superior Eleitoral (TSE), com base no eleitorado mais recente disponível. 
Tamanho da amostra: 1200 entrevistas.  
Técnica de amostragem: A amostra é estruturada de forma a representar o eleitorado do Estado de Goiás. Após o estabelecimento do contato telefônico, a seleção do entrevistado observará as cotas amostrais proporcionais às características sociodemográficas do universo, em função das seguintes variáveis:
¿ Sexo: masculino (47%) e feminino (53%), conforme dados do TSE (julho 2026); 
¿ Faixa etária: 16 a 24 anos (13%); 25 a 34 anos (19%); 35 a 44 anos (20%); 45 a 59 anos (26%); 60 anos ou mais (22%), conforme dados do TSE (julho 2026); 
¿ Grau de instrução: analfabeto/lê e escreve (8%); Fundamental (incompleto/completo) (26%); Ensino Médio (incompleto/completo) (47%); Superior (incompleto/completo) (19%), conforme dados do TSE (julho 2026);
¿ Nível econômico (renda familiar): sem rendimento/até 1 salário-mínimo (19%); acima de 1 a 2 salários-mínimos (24%); acima de 2 a 5 salários-mínimos (37%); acima de 5 salários-mínimos (20%), (IBGE 2010). Observação: Para a variável nível econômico, foram utilizados como referência os dados do Censo Demográfico 2010 do Instituto Brasileiro de Geografia e Estatística (IBGE), considerando a indisponibilidade de dados mais recentes com a mesma estrutura de classificação.  Não está prevista a aplicação de ponderação para essa variável, sendo adotado fator igual a 1 (resultados obtidos em campo). 
Está prevista a aplicação de ponderação para correção de eventuais desvios entre a distribuição observada na amostra e os parâmetros populacionais, para as variáveis sexo, idade e grau de instrução, sempre que necessário. Para a variável nível econômico, não está prevista ponderação. 
ÁREA FÍSICA DE REALIZAÇÃO DO TRABALHO 
A área física de realização da pesquisa corresponde ao Estado de Goiás, sendo as entrevistas realizadas por meio telefônico junto a eleitores residentes no estado. 
A distribuição geográfica da amostra é realizada de forma a refletir a composição do eleitorado do Estado de Goiás, considerando a proporcionalidade entre regiões e/ou conjuntos de municípios, com base em dados oficiais do TSE e do IBGE. 
Os contatos telefônicos são gerados por processo de discagem aleatória (Random Digit Dialing ¿ RDD), observada a distribuição geográfica prevista no plano amostral.

INTERVALO DE CONFIANÇA E MARGEM DE ERRO 
A margem de erro máxima estimada é de 2,84 pontos percentuais, para mais ou para menos, considerando um nível de confiança de 95%. 
Essa estimativa é calculada com base em um modelo de amostragem aleatório simples, sendo adotada como referência para interpretação dos resultados da pesquisa, não sendo aplicável a subgrupos da amostra. 
Os intervalos de confiança são estimados considerando nível de confiança de 95%. 
";"Sistema interno de controle e verificação, conferência e fiscalização da coleta de dados e do trabalho de campo: Para a realização da pesquisa utiliza-se uma equipe de entrevistadores/atendentes e coordenadores devidamente treinados para o trabalho da BRASMARKET. As entrevistas são telefônicas, feitas por meio de questionário estruturado, aplicando-se apenas um questionário por entrevistado, respeitando as cotas pré-determinadas. Durante a realização dos trabalhos, os entrevistadores são submetidos a uma fiscalização permanente por parte dos coordenadores e são realizadas checagem de 20% da amostra para atestar a realização das entrevistas e a fidedignidade dos dados apurados, garantindo-se dessa forma, o grau de precisão dos estimadores, em função dos parâmetros previamente estabelecidos. ";"A área de abrangência da coleta é o Estado de Goiás. A relação dos municípios de residência dos entrevistados constará em anexo a ser apresentado até o dia seguinte à data a partir da qual a pesquisa puder ser divulgada."
"28/09/2026";"05:46:54";2026;81;"Eleições Gerais 2026";"GO";"GO";"GOIÁS";"GO083382026";"2026-08-24 22:15:52";"N";"44826961000125";"SMS - DIRECT PESQUISAS E MARKETING LTDA";"DIRECT PESQUISAS";"Governador, Senador, Deputado Federal, Deputado Estadual";"2026-08-25 00:00:00";"2026-08-26 00:00:00";"2026-08-30 00:00:00";500;"10526";"Jose Dos Reis Cunha Filho";"6000,00";"Pesquisa quantitativa com abordagem porta a porta, com eleitores que votam e/ou residem no município de Valparaíso de Goiás no estado de Goiás, consistindo na realização de entrevistas pessoais e individuais, com a aplicação de questionário estruturado junto a uma amostra representativa do eleitorado em estudo. Devido a ordem probabilística da amostra, nesta pesquisa será considerada apenas os eleitores residentes dentro do município ou que no dia da entrevista estejam nele. Todas as entrevistas são espontâneas e os dados são sigilosos, guardados no banco de dados do instituto para tabulação e apresentação gráfica e analítica.";"Trata-se de uma amostra probabilística estratificada, com abordagem aleatória simples através de cotas de sexo, idade e escolaridade, ponderadas de acordo com a estatística do Eleitorado do TSE, 2025 (https://sig.tse.jus.br) e renda ponderada de acordo com registro do último senso do IBGE 2010 (https://cidades.ibge.gov.br) de acordo com a Resolução do TSE 23.600/2019, complementada pela Resolução 23.676/2021, com entrevistas domiciliares aos eleitores de 16 anos ou mais que exerça seu voto no município de Valparaíso de Goiás. Totalizando uma população eleitoral de 99.348 e amostra de 500, a um nível de confiança = 95%; Nível de significância = 5%; Margem de erro = 4,37%, com P = 0,5.
SEXO: Masculino (45,58%), Feminino (54,42%); FAIXA ETÁRIA: até 24 anos (16,79%), de 25 a 34 anos (22,09%), de 35 a 44 anos (21,84%), de 45 a 59 anos (25,26%), 60 anos ou mais (14,03%); ESCOLARIDADE: Analfabeto (1,17%), Lê e escreve (2,59%), 1º Grau inc/comp (21,00%), 2º Grau inc/comp (56,22%), 3º Grau inc/comp (19,02%); RENDA: Até 1 salário (14,61%), entre 1 e 2 salários (19,23%), entre 2 e 5 salários (37,99%), entre 5 e 10 salários (18,33%), Mais de 10 salários (9,84%).
";"Os questionários são aplicados com uso de equipamentos eletrônicos, supervisão in loco e via GPS, passarão por conferência através de novo contato até 20% dos entrevistados, todas as regiões pesquisadas foram selecionadas proporcionalmente.";"Os bairros serão anexados de acordo com a resolução."
"28/09/2026";"05:46:54";2026;81;"Eleições Gerais 2026";"GO";"GO";"GOIÁS";"GO071772026";"2026-09-12 00:19:05";"N";"01403730000104";"E P P EMPRESA DE PESQUISA E CONSULTORIA LTDA";"E P P";"Governador, Senador, Deputado Federal, Deputado Estadual";"2026-08-22 00:00:00";"2026-08-24 00:00:00";"2026-09-18 00:00:00";601;"8745";"Cleudimar Nobre Dantas";"5000,00";"Pesquisa quantitativa, do tipo survey, com realização de entrevistas diretas, por meio da aplicação de questionário estruturado, em uma amostra significativa da população em estudo, composta pelo eleitorado do Município de Porangatu/GO com total de 31.023 eleitores em julho de 2026. A pesquisa foi realizada nos dias 22 a 24 de agosto de 2026.";"O universo pesquisado (ou população de estudo) é o eleitorado do Município de Porangatu/GO com total de 31.023 eleitores em julho de 2026, com 16 anos ou mais, que esteja apto a votar. O tamanho da amostra prevista é de 601 entrevistas, com uma margem de erro de 4% e confiabilidade de 95%. A amostra foi calculada pelo método de amostragem aleatória simples, essa amostra é estratificada, urbana, com as cotas de ponderação segundo as variáveis sexo, idade, grau de instrução e nível econômico do eleitorado. O tamanho dos estratos será proporcional a esses segmentos, de acordo com as informações de estatística do eleitorado fornecidas pelo Tribunal Superior Eleitoral ¿ TSE (dados do eleitorado de julho/2026) e, para as classes de rendimento, dados do Censo Demográfico 2010 realizado pelo Instituto Brasileiro de Geografia e Estatística - IBGE. Os tamanhos desses segmentos são:
1. Sexo (Feminino: 52,8% / Masculino: 47,2%); 2. Faixa etária (16-24 anos: 12,7% / 25-34 anos: 17,7% / 35-44 anos: 17,9% / 45-59 anos: 26,7% / 60 anos ou mais: 25%); 3. Escolaridade (Analfabeto: 3,8% / Lê e escreve: 5,3% / Ensino Fundamental (incompleto/completo): 29,1% / Ensino Médio (incompleto/completo): 42,8% / Ensino Superior (incompleto/completo): 19%; 4. Renda familiar (até 1 salário mínimo: 68,7% / De 1 a 2 salários mínimos: 17,7% / De 2 a 5 salários mínimos: 8,7% / De 5 a 10 salários mínimos: 3,6% / Acima de 10 salários mínimos: 1,3%). Ao final da pesquisa, será aplicado fator de ponderação de modo a corrigir as possíveis diferenças entre os valores esperados da amostra e aqueles coletados durante o trabalho de campo.";"A pesquisa foi realizada por uma equipe de 4 (quatro) entrevistadores e 1 (um) supervisor de campo da empresa EPP EMPRESA DE PESQUISA E CONSULTORIA LTDA - ME, devidamente treinados. Os questionários são submetidos a uma fiscalização de, no mínimo, 20% dos questionários aplicados por cada entrevistador. A fiscalização é realizada simultaneamente à coleta de dados em campo.";"A área de abrangência da pesquisa é o Município de Porangatu/GO. A relação completa dos municípios será encaminhada posteriormente, a partir do dia em que a pesquisa puder ser divulgada e até o dia seguinte, conforme Resolução 23.600/2019 do TSE."
"28/09/2026";"05:46:54";2026;81;"Eleições Gerais 2026";"GO";"GO";"GOIÁS";"GO081332026";"2026-09-21 18:58:02";"N";"04851508000154";"INSTITUTO GAZETA LTDA";"IGAPE- INSTITUTO GAZETA DE PEQUISAS";"Governador, Senador, Deputado Federal, Deputado Estadual";"2026-09-22 00:00:00";"2026-09-26 00:00:00";"2026-09-27 00:00:00";2000;"10394";"Filipe Moreira Martine";"15000,00";"A metodologia utilizada é Survey quantitativo, com realização das entrevistas de maneira pessoal em domicílio, com aplicação de questionário estruturado e padronizado em plataforma digital (tablet ou computador), junto a uma amostra representativa dos eleitores do Estado de Goiás.";"O universo da pesquisa é composto por eleitores de Goiás, com idade a partir de 16 anos. A amostra prevista será de 2.000 entrevistas. A seleção da amostra será realizada utilizando-se quotas amostrais proporcionais, em função das seguintes variáveis: SEXO: Masculino (47%); Feminino (53%). IDADE: 16 a 29 anos (21%); 30 a 44 anos (28%); 45 a 59 anos (26%); 60 anos ou mais (25%). ESCOLARIDADE: Analfabeto/Lê e escreve (11%); Fundamental completo ou incompleto (30%); Médio completo ou incompleto (42%); Superior completo ou incompleto (17%). RENDA INDIVIDUAL: Até 1 SM (28%); Acima de 1 a 2 SM (36%); Acima de 2 SM (36%). Está prevista eventual ponderação para correção das variáveis, com base nos percentuais apresentados. Área física de realização: Unidade Federativa de Goiás.. A amostra será distribuída territorialmente entre bairros e setores censitários do estado de Goiás, buscando proporcionalidade com a distribuição do eleitorado e da população. Margem de erro: a margem de erro máxima prevista para o total da amostra é de aproximadamente 2,2 pontos percentuais para mais ou para menos, considerando um nível de confiança de 95%. Fonte de dados: TSE: Estatísticas do Eleitorado e IBGE: Censo Demográfico 2022.";"A coleta de dados será realizada por entrevistadores devidamente treinados e orientados por coordenadores de campo, responsáveis pelo acompanhamento, supervisão e controle da execução da pesquisa. Todos os questionários preenchidos serão submetidos à crítica e à análise de consistência, com o objetivo de identificar eventuais erros, incompatibilidades, omissões ou inconsistências nas informações coletadas. Como procedimento adicional de controle de qualidade, 20% (vinte por cento) dos questionários aplicados serão submetidos à conferência e auditoria interna do trabalho realizado pelos entrevistadores, de acordo com os procedimentos de controle adotados pelo instituto. A medida tem por finalidade verificar a regularidade da aplicação dos questionários e assegurar a qualidade, consistência, integridade e fidelidade dos dados coletados. O sistema interno de controle e verificação compreende, portanto, o treinamento e orientação dos entrevistadores, a supervisão pelos coordenadores de campo, a crítica e análise de consistência dos questionários e a auditoria de 20% das entrevistas realizadas. Nos termos do art. 2º, § 7º, da Resolução-TSE nº 23.600/2019, com a redação vigente para as Eleições 2026, a partir do dia em que a pesquisa puder ser divulgada e até o dia seguinte, o registro será complementado no Sistema de Registro de Pesquisas Eleitorais ¿ PesqEle com as informações exigidas pela Justiça Eleitoral relativas à área efetivamente abrangida pela pesquisa. Na hipótese de pesquisa relativa às eleições gerais, serão informados os municípios e bairros abrangidos ou, na ausência de delimitação formal do bairro, a área em que a pesquisa foi realizada, bem como o número de eleitoras e eleitores pesquisados em cada setor censitário e a composição da amostra final quanto a gênero, idade, grau de instrução e nível econômico das pessoas entrevistadas. A delimitação geográfica dos bairros e demais áreas abrangidas observará a divisão político-administrativa estabelecida em ato normativo oficial do respectivo ente federativo. Na inexistência de divisão territorial formalmente estabelecida, será utilizada fonte pública idônea, nos termos do art. 2º, § 7º-E, da Resolução-TSE nº 23.600/2019. Caso a metodologia utilizada impossibilite tecnicamente a identificação das entrevistas por setor censitário, será apresentada a justificativa técnica prevista no art. 2º, § 7º-F, com a indicação da unidade territorial efetivamente utilizada e dos respectivos procedimentos de controle e ponderação.";"#NULO#"
"28/09/2026";"05:46:54";2026;81;"Eleições Gerais 2026";"GO";"GO";"GOIÁS";"GO043182026";"2026-09-18 12:43:35";"N";"04851508000154";"INSTITUTO GAZETA LTDA";"IGAPE- INSTITUTO GAZETA DE PEQUISAS";"Governador, Senador, Deputado Federal, Deputado Estadual";"2026-09-19 00:00:00";"2026-09-22 00:00:00";"2026-09-24 00:00:00";1000;"10394";"Filipe Moreira Martine";"8000,00";"A metodologia utilizada é Survey quantitativo, com realização das entrevistas de maneira pessoal em domicílio, com aplicação de questionário estruturado e padronizado em plataforma digital (tablet ou computador) junto a uma amostra representativa dos eleitores dos municípios de Goiás ao entorno do Distrito Federal.";"O universo da pesquisa é composto por eleitores dos municípios de Goiás ao entorno do Distrito Federal, com idade a partir de 16 anos. A amostra prevista será de 1.000 entrevistas. A Seleção da amostra será realizada utilizando-se quotas amostrais proporcionais, em função das seguintes variáveis. SEXO: Masculino: (46%); Feminino: (54%) - IDADE: 16 a 29 anos (28%); 30 a 44 anos: (32%); 45 a 59 anos: (26%); 60 anos ou mais: (14%) - ESCOLARIDADE: Analfabeto/Lê e escreve e Fundamental completo ou incompleto: (34%); Médio completo ou incompleto: (51%); Superior completo ou incompleto: (15%) ¿ RENDA FAMILIAR: Até 1 SM: (37%); De 1 a 2 SM: (41%); Acima de 2 SM (22%). Está prevista eventual ponderação para correção das variáveis, com base nos percentuais acima apresentados - Área física: Municípios de Goiás localizados ao Entorno do Distrito Federal. Margem de Erro: A margem de erro máxima prevista para o total da amostra é de 3,1 pontos percentuais para mais ou para menos, considerando um nível de confiança de 95%. Fonte de Dados: TSE ¿ Estatísticas do Eleitorado 2026 e IBGE Censo 2022.";"A coleta de dados é realizada por entrevistadores, orientados por coordenadores de campo. Todos os questionários preenchidos recebem crítica para avaliação da consistência dos dados coletados, sendo que 20% dos questionários serão submetidos à conferência através de novos contatos com os entrevistados, medida sempre adotada que visa garantir a qualidade e fidelidade dos dados coletados.";"#NULO#"
"28/09/2026";"05:46:54";2026;81;"Eleições Gerais 2026";"GO";"GO";"GOIÁS";"GO010082026";"2026-09-16 16:09:50";"N";"46143549000136";"INSTITUTO DE PESQUISA GOYAZES LTDA";"INSTITUTO DE PESQUISA GOYAZES";"Governador, Senador, Deputado Federal, Deputado Estadual";"2026-09-13 00:00:00";"2026-09-17 00:00:00";"2026-09-22 00:00:00";800;"10809";"ESTENIO DA COSTA SANTOS";"16000,00";"A pesquisa será do tipo quantitativo, por amostragem aleatória, com aplicação de questionário estruturado e abordagem de moradores eleitores somente do município de INHUMAS, estado de Goiás, em pontos estratégicos de fluxo de pessoal do município e por visitas às residências do município. Foi tomado como universo da pesquisa o conjunto da população de INHUMAS com 16 anos ou mais e que são votantes na referida cidade.";"O universo da pesquisa se concentra na população do município de INHUMAS, estado de Goiás, com 16 anos ou mais votantes no estado. Tamanho da amostra: A amostra prevista é de 800 entrevistas. Técnica de amostragem: A amostra é representativa do universo pesquisado e selecionada em duas etapas. Na primeira etapa são selecionados os bairros / setores que farão parte da amostra. Numa segunda etapa são sorteados os pontos de abordagem onde serão aplicadas as entrevistas. Por fim, os entrevistados são selecionados aleatoriamente para responder ao questionário, de acordo com cotas de sexo e faixa etária. Os dados relativos a sexo e faixa etária são: Sexo masculino: 46%; Sexo feminino: 54%, Idade: 16 a 24 anos: 10,8%; 25 a 34 anos: 17,9%; 35 a 44 anos: 19,1%; 45 a 59 anos: 26,6% e 60 anos ou mais: 25,6%. Para grau de instrução, os dados utilizados como referência são: Analfabetos: 2,1%; Lê e escreve + Ensino fundamental incompleto: 31,3%; Ensino fundamental completo + Ensino médio incompleto: 25,5%; Ensino médio completo + Ensino superior incompleto: 30,9%, Ensino superior completo ou mais: 10,2%. Os dados utilizados para definição e seleção da amostra são baseados nos dados fornecidos pelo TSE (julho/2026), IBGE (PNAD Contínua, Censo 2010 e Censo 2022) e dados primários de outros levantamentos do instituto. Ponderação dos resultados: Está prevista eventual ponderação para correção nos tamanhos dos estratos, considerando as variáveis sexo, faixa etária e escolaridade, de acordo com os percentuais detalhados anteriormente, casos as diferenças sejam maiores que 3 pontos percentuais. Para o nível econômico do entrevistado (renda individual mensal aproximada declarada) os dados de referência são: até 2 S. M. (salários mínimos) = 57,4%; mais de 2 S. M. e menos de 5 S. M. = 30,0%; mais de 5 S. M. = 12,6%. Para essa variável, o fator previsto para ponderação é 1 (resultados obtidos em campo). Área física: A relação completa das localidades do município incluídas no levantamento será encaminhada a esse tribunal posteriormente, a partir do dia em que a pesquisa puder ser divulgada e até o dia seguinte, conforme a Resoluções 23.600/2019 e 23.747/2026 do TSE. Margem de Erro: A margem de erro máxima prevista é de 3,4 pontos percentuais para mais ou para menos, considerando um nível de confiança de 95% e baseada em uma amostra aleatória.";"Os entrevistadores envolvidos na realização desta pesquisa são treinados pelo Instituto e recebem instruções específicas para cada projeto realizado. A coleta será feita com a utilização de questionário impresso, que serão computados posteriormente à pesquisa de campo. Os pesquisadores são supervisionados por um coordenador que estará em campo juntamente com a equipe garantindo a lisura da pesquisa. Internamente, todo o material é verificado e codificado. Antes do processamento final e emissão dos resultados, realiza-se processo de consistência dos dados. Os dados coletados e tratados nesta pesquisa atendem às exigências da LGPD, Lei Geral de Proteção de Dados, garantindo ao respondente o sigilo de sua identidade e o correto tratamento de suas respostas.";"A relação completa das localidades do município incluídas no levantamento será encaminhada posteriormente, a partir do dia em que a pesquisa puder ser divulgada e até o dia seguinte, conforme a Resoluções 23.600/2019 e 23.747/2026 do TSE."
"28/09/2026";"05:46:54";2026;81;"Eleições Gerais 2026";"GO";"GO";"GOIÁS";"GO042002026";"2026-09-26 21:13:39";"N";"01403730000104";"E P P EMPRESA DE PESQUISA E CONSULTORIA LTDA";"E P P";"Governador, Senador, Deputado Federal, Deputado Estadual";"2026-09-22 00:00:00";"2026-09-23 00:00:00";"2026-10-02 00:00:00";566;"8745";"Cleudimar Nobre Dantas";"10000,00";"Pesquisa quantitativa, do tipo survey, com realização de entrevistas diretas, por meio da aplicação de questionário estruturado, em uma amostra significativa da população em estudo, composta pelo eleitorado do Município de Planaltina/GO com total de 66.628 eleitores em agosto de 2026. A pesquisa foi realizada nos dias 22 e 23 de setembro de 2026.";"O universo pesquisado (ou população de estudo) é o eleitorado do Município de Planaltina /GO com total de 66.628 eleitores em agosto de 2026, com 16 anos ou mais, que esteja apto a votar. O tamanho da amostra prevista é de 566 entrevistas, com uma margem de erro de 4,11% e confiabilidade de 95%. A amostra foi calculada pelo método de amostragem aleatória simples, essa amostra é estratificada, urbana, com as cotas de ponderação segundo as variáveis sexo, idade, grau de instrução e nível econômico do eleitorado. O tamanho dos estratos será proporcional a esses segmentos, de acordo com as informações de estatística do eleitorado fornecidas pelo Tribunal Superior Eleitoral ¿ TSE (dados do eleitorado de agosto/2026) e, para as classes de rendimento, dados do Sistema IBGE de Recuperação Automática - SIDRA /2022 (tabela 10.296). Os tamanhos desses segmentos são:
1. Sexo (Feminino: 53,53% / Masculino: 46,47%); 2. Faixa etária (16-24 anos: 15,68% / 25-34 anos: 22,85% / 35-44 anos: 20,54% / 45-59 anos: 25,65% / 60 anos ou mais: 15,28%); 3. Escolaridade (Analfabeto: 2,61% / Lê e escreve: 7,19% / Ensino Fundamental (incompleto/completo): 30,96% / Ensino Médio (incompleto/completo): 48,59% / Ensino Superior (incompleto/completo): 10,65%; 4. Renda familiar (até 1 salário mínimo: 75,05% / De 1 a 2 salários mínimos: 18,92% / De 2 a 5 salários mínimos: 5,53% / De 5 a 10 salários mínimos: 0,49% / Acima de 10 salários mínimos: 0,01%). Ao final da pesquisa, será aplicado fator de ponderação de modo a corrigir as possíveis diferenças entre os valores esperados da amostra e aqueles coletados durante o trabalho de campo.";"A pesquisa foi realizada por uma equipe de 4 (quatro) entrevistadores e 1 (um) supervisor de campo da empresa EPP EMPRESA DE PESQUISA E CONSULTORIA LTDA - ME, devidamente treinados. Os questionários são submetidos a uma fiscalização de, no mínimo, 20% dos questionários aplicados por cada entrevistador. A fiscalização é realizada simultaneamente à coleta de dados em campo.";"A área de abrangência da pesquisa é o Município de Planaltina/GO. A relação completa dos municípios será encaminhada posteriormente, a partir do dia em que a pesquisa puder ser divulgada e até o dia seguinte, conforme Resolução 23.600/2019 do TSE."
"28/09/2026";"05:46:54";2026;81;"Eleições Gerais 2026";"GO";"GO";"GOIÁS";"GO084632026";"2026-09-21 21:07:18";"S";"56824073000152";"EXATA.GO PESQUISA LTDA";"EXATA.GO";"Governador, Deputado Federal, Deputado Estadual";"2026-09-22 00:00:00";"2026-09-26 00:00:00";"2026-09-27 00:00:00";350;"7655";"AUGUSTO DA SILVA ROCHA";"10000,00";"A pesquisa cobrirá o município envolvendo todas regiões do município de Senador Canedo/GO Universo da pesquisa será dos eleitores com 16 anos ou mais. A amostra representará os eleitores do Município, selecionados em 2(dois) estágios. No primeiro estágio, os setores censitários, onde as entrevistas serão realizadas, foram selecionadas, probabilisticamente, através do método PPT - Probabilidade Proporcional ao Tamanho, tomando o número de eleitores como base para seleção. No segundo estágio, a seleção do entrevistado, dentro do setor censitário, será feita utilizando-se quotas proporcionais, e a abordagem será domiciliar.";"Utilizamos quotas proporcionais, em função das seguintes variáveis:

Gênero: FEMININO 53,47% ;
MASCULINO 46,53% ;

Faixa etária: 16 a 24 anos 14,85% ;
25 a 34 anos 22,31% ;
35 a 44 anos 23,41% ;
45 a 59 anos 25,33% ;
60 anos ou mais 14,10% ;

Grau de instrução: Analfabeto 1,23% ;
Ensino Fundamental Completo 6,06% ;
Ensino Fundamental Incompleto 21,60% ;
Ensino Médio Completo 34,21% ;
Ensino Médio Incompleto 21,48% ;
Lê E Escreve 3,46% ;
Superior Completo 6,63% ;
Superior Incompleto 5,33% ;

Fonte dos dados: TSE-Tribunal Superior Eleitoral/julhagosto2026; Cruzamento Eleitorado Mensal https://sig.tse.jus.br/ords/dwapr/r/seai/sig-eleitor-eleitorado-mensal/cruzamento-eleitorado-mensal?p0_municipio=SENADOR%20CANEDO&p0_uf=GO&session=202784928018108 ;


Ano=2026; Mês = agosto; UF= GO; MUNICIPIO = Senador Canedo;

Renda familiar (A variável ¿classe de rendimento nominal mensal domiciliar¿ corresponde à classificação dos domicílios segundo a soma dos rendimentos nominais mensais de seus moradores, expressa em faixas de salários mínimos vigentes no período de referência do Censo Demográfico 2010. Trata-se da renda total do domicílio, não dividida pelo número de moradores, não devendo ser confundida com rendimento domiciliar per capita. Para fins de planejamento amostral e ponderação, foram preservadas as categorias e os percentuais originalmente disponibilizados pelo IBGE, sem reagrupamento ou recálculo das faixas.): Até 1/2 salário mínimo 1,10% ;
Mais de 1/2 a 1 salário mínimo 13,96% ;
Mais de 1 a 2 salários mínimos 26,17% ;
Mais de 2 a 5 salários mínimos 42,94% ;
Mais de 5 a 10 salários mínimos 10,60% ;
Mais de 10 a 20 salários mínimos 1,74% ;
Mais de 20 salários mínimos 0,33% ;
Sem rendimento 3,16% ;


Fonte dos dados: IBGE-Censo 2010-IBGE-CENSO 2022 (IBGE/Censo 2010 - Classe de rendimento nominal mensal domiciliar) ; https://cidades.ibge.gov.br/brasil/go/senador-canedo/pesquisa/23/24304

""Está prevista eventual ponderação da amostra para correção das variáveis sexo, idade, renda familiar e escolaridade com base nos percentuais anteriormente mencionados, caso ocorram diferenças entre os percentuais previstos na amostra e a coleta de dados realizada. O nível de confiança estimado é de 95% e a margem de erro máxima prevista, baseada em uma amostra aleatória simples (AAS), é de cerca de 5,2 pontos percentuais para mais ou para menos em relação aos totais da amostra. Nível Econômico: IBGE (Censo/2010) - Observação: Conforme informações obtidas do Instituto Brasileiro de Geografia e Estatística, o IBGE, não divulgou - e não tem previsão - de data para divulgação do perfil econômico (nível econômico) da população brasileira; portanto, os dados quanto ao nível econômico obtidos no Censo 2022, não podem ser utilizados, pois não foram publicados.""";"Para a realização da pesquisa, utiliza-se uma equipe de entrevistadores e supervisores credenciados devidamente treinados pela empresa para esse tipo de pesquisa. Após os trabalhos de campo, 100% dos questionários são criticados e passam por uma fiscalização de cerca de 20% (vinte por cento) dos questionários aplicados por cada entrevistador; para verificação da consistência das respostas e da adequação dos entrevistados aos parâmetros amostrais.";"#NULO#"
"28/09/2026";"05:46:54";2026;81;"Eleições Gerais 2026";"GO";"GO";"GOIÁS";"GO029092026";"2026-09-26 21:57:41";"S";"00654576000172";"INSTITUTO VERITA LTDA";"VERITA";"Governador, Senador";"2026-09-26 00:00:00";"2026-10-01 00:00:00";"2026-10-02 00:00:00";1525;"10699";"Guilherme Alvarenga Laia";"117425,00";"Estudo quantitativo voltado às Eleições 2026, realizado por meio de entrevistas individuais, aplicadas mediante questionário eletrônico estruturado e Unidade Automatizada de Respostas Audíveis e Auditáveis, por meio de ligações para telefones móveis (celulares). A inteligência artificial é empregada exclusivamente para a transcrição automatizada das respostas em áudio, não interferindo na formulação das perguntas, na condução das entrevistas, na coleta das informações, na interpretação das respostas ou no tratamento estatístico dos dados.

A participação dos eleitores é voluntária, espontânea e não remunerada. As respostas são prestadas por autodeclaração, sendo, em sua maioria, registradas por meio de códigos numéricos correspondentes às alternativas previamente definidas no questionário.

A utilização de sistema eletrônico automatizado para a coleta e o registro das respostas proporciona elevado nível de padronização operacional, reduz a possibilidade de interferência humana durante a realização das entrevistas, amplia a rastreabilidade e a auditabilidade de todo o processo de coleta e contribui para maior precisão, consistência e confiabilidade dos dados obtidos.

O plano amostral foi elaborado para assegurar a representatividade estatística do eleitorado da respectiva Unidade da Federação, observando critérios técnicos de seleção, distribuição e ponderação da amostra, quando aplicáveis.";"A pesquisa foi planejada para produzir uma amostra estatisticamente representativa do eleitorado do estado DE GOIÁS, utilizando o método de Probabilidade Proporcional ao Tamanho (PPT), com plano amostral em múltiplos estágios. Na primeira etapa, esta Unidade da Federação é dividida em macrorregiões, de forma a assegurar adequada distribuição territorial da amostra e representação das diferentes características geográficas, demográficas e eleitorais. Na segunda etapa, os municípios de cada estrato são ordenados segundo seu porte populacional e eleitoral e sorteados. Na terceira etapa, os respondentes são selecionados entre os eleitores aptos residentes nos municípios sorteados, observando-se a distribuição proporcional da amostra e as cotas estabelecidas para as variáveis de sexo, faixa etária, grau de instrução e nível econômico. As cotas são estabelecidas para a pesquisa completa, considerando a composição do eleitorado e os parâmetros oficiais de referência, não sendo aplicadas isoladamente a cada município selecionado.

SEXO E FAIXA ETÁRIA - Fonte: Tribunal Superior Eleitoral (TSE), Perfil do Eleitorado, junho de 2026. Feminino de 16 a 34 anos: 17%; Masculino de 16 a 34 anos: 15,5%; Feminino de 35 a 54 anos: 20,4%; Masculino de 35 a 54 anos: 18,2%; Feminino com 55 anos ou mais: 15,6%; Masculino com 55 anos ou mais: 13,4%. Os parâmetros de sexo e idade têm como referência o cadastro eleitoral brasileiro atualizado pelo Tribunal Superior Eleitoral, considerando o universo de eleitores aptos com 16 anos ou mais.

GRAU DE INSTRUÇÃO - Fonte: IBGE - PNAD Contínua Anual 2025. A distribuição é: sem instrução 3,6%; ensino fundamental incompleto ou equivalente 21,9%; ensino fundamental completo ou equivalente 7,9%; ensino médio incompleto ou equivalente 8,9%; ensino médio completo ou equivalente 33,4%; ensino superior incompleto ou equivalente 6,1%; ensino superior completo 18,1%. Para não confundir os respondentes as faixas de escolaridade no questionário foram agrupadas em 3 faixas: até ensino fundamental incompleto e completo, ensino médio incompleto e completo e superior incompleto, completo ou mais. A PNAD Contínua é utilizada como referência por constituir a fonte oficial mais atualizada para a mensuração do nível de instrução da população brasileira, sua utilização também corrige limitações decorrentes da ausência de atualização obrigatória e contínua das informações de escolaridade no cadastro eleitoral do Tribunal Superior Eleitoral.

NÍVEL ECONÔMICO - RENDA FAMILIAR DO DOMICÍLIO - Fonte: IBGE - PNAD Contínua Anual 2025. Considera-se a renda domiciliar total, compreendendo rendimentos provenientes de trabalho formal e informal, aposentadorias, pensões, benefícios sociais e demais fontes de renda existentes no domicílio. observando-se a seguinte distribuição: renda familiar de até 2 salários-mínimos 38%; de 2 a 5 salários-mínimos 41,3%, acima de 5 salários-mínimos 20,7%.

PONDERAÇÃO E CALIBRAÇÃO DA AMOSTRA - Prevê-se eventual ponderação das variáveis de sexo, faixa etária, grau de instrução e nível econômico, caso sejam verificadas diferenças relevantes entre a distribuição da amostra efetivamente coletada e os parâmetros populacionais de referência adotados. Inicialmente, o fator de ponderação é igual a 1 (um), podendo ser recalculado sempre que necessário para assegurar a representatividade estatística da amostra.
INTERVALO DE CONFIANÇA E MARGEM DE ERRO - O intervalo de confiança adotado é de 95%, com margem máxima estimada de erro de aproximadamente 2,5 pontos percentuais, para mais ou para menos, sobre os resultados do total da amostra, calculada segundo o modelo de amostragem aleatória simples e a hipótese de máxima variabilidade.";"Após os trabalhos de coleta de dados, os questionários são submetidos a uma fiscalização, conferência e checagem de cerca de 20% (vinte por cento) dos questionários aplicados. Todas as entrevistas são integralmente registradas em áudio, permanecendo auditáveis e rastreáveis, permitindo a verificação da integridade do processo de coleta, preservado o sigilo das informações pessoais dos entrevistados e observadas as disposições da Lei Geral de Proteção de Dados Pessoais (Lei nº 13.709/2018).";"Em observância ao art. 2º, § 7º, da Resolução TSE nº 23.600/2019, com redação dada pela Resolução TSE nº 23.747/2026, a presente pesquisa terá seu registro complementado no Sistema de Registro de Pesquisas Eleitorais a partir da data em que sua divulgação for permitida e até o dia seguinte, com a identificação dos municípios em que foram realizadas as entrevistas, bem como da composição final da amostra quanto a gênero, idade, grau de instrução e nível econômico, na forma exigida pela legislação eleitoral vigente."
"28/09/2026";"05:46:54";2026;81;"Eleições Gerais 2026";"GO";"GO";"GOIÁS";"GO055782026";"2026-09-18 23:36:25";"N";"04851508000154";"INSTITUTO GAZETA LTDA";"IGAPE- INSTITUTO GAZETA DE PEQUISAS";"Governador, Senador, Deputado Federal, Deputado Estadual";"2026-09-19 00:00:00";"2026-09-21 00:00:00";"2026-09-24 00:00:00";600;"10394";"FILIPE MOREIRA MARTINE";"5000,00";"A metodologia utilizada é Survey quantitativo, com realização das entrevistas de maneira pessoal em domicílio, com aplicação de questionário estruturado e padronizado em plataforma digital (tablet ou computador) junto a uma amostra representativa dos eleitores de Rio Verde.";"O universo da pesquisa é composto por eleitores de Rio Verde, com idade a partir de 16 anos. A amostra prevista será de 600 entrevistas. A Seleção da amostra será realizada utilizando-se quotas amostrais proporcionais, em função das seguintes variáveis. SEXO: Masculino: (48%); Feminino: (52%) - IDADE: 16 a 29 anos (25%); 30 a 44 anos: (36%); 45 a 59 anos: (24%); 60 anos ou mais: (15%) - ESCOLARIDADE: Analfabeto/Lê e escreve: (9%); Fundamental completo ou incompleto: (26%); Médio completo ou incompleto: (44%); Superior completo ou incompleto: (21%) ¿ RENDA: Até 1 SM: (43%); De 1 A 2 SM: (44%); Acima de 2 SM (13%). Está prevista eventual ponderação para correção das variáveis, com base nos percentuais acima apresentados - Área física: Município de Rio Verde - GO. Margem de Erro: A margem de erro máxima prevista para o total da amostra é de 4 pontos percentuais para mais ou para menos, considerando um nível de confiança de 95%. Fonte de Dados: TSE - Estatísticas do Eleitorado 2026 e IBGE Censo 2022.";"A coleta de dados é realizada por entrevistadores, orientados por coordenadores de campo. Todos os questionários preenchidos recebem crítica para avaliação da consistência dos dados coletados, sendo que 20% dos questionários serão submetidos à conferência através de novos contatos com os entrevistados, medida sempre adotada que visa garantir a qualidade e fidelidade dos dados coletados.

Conforme o § 7º do art. 2º da Resolução-TSE nº 23.600/2019, com redação vigente para as Eleições 2026, a partir do dia em que a pesquisa puder ser divulgada e até o dia seguinte o registro deverá ser complementado com os dados relativos aos municípios e bairros abrangidos e, na amostra final, com o número de eleitoras e eleitores pesquisados em cada setor censitário e a composição quanto a gênero, idade, grau de instrução e nível econômico das pessoas entrevistadas.";"#NULO#"
"28/09/2026";"05:46:54";2026;81;"Eleições Gerais 2026";"GO";"GO";"GOIÁS";"GO010192026";"2026-04-17 21:31:53";"N";"44826961000125";"SMS - DIRECT PESQUISAS E MARKETING LTDA";"DIRECT PESQUISAS";"Governador, Senador, Deputado Federal, Deputado Estadual";"2026-04-17 00:00:00";"2026-04-18 00:00:00";"2026-04-23 00:00:00";600;"10526";"José Dos Reis Cunha Filho";"5000,00";"Pesquisa quantitativa com abordagem porta a porta, com eleitores que votam e/ou residem no município de Goianésia no estado de Goiás, consistindo na realização de entrevistas pessoais e individuais, com a aplicação de questionário estruturado junto a uma amostra representativa do eleitorado em estudo. Devido a ordem probabilística da amostra, nesta pesquisa será considerada apenas os eleitores residentes dentro do município ou que no dia da entrevista estejam nele. Todas as entrevistas são espontâneas e os dados são sigilosos, guardados no banco de dados do instituto para tabulação e apresentação gráfica e analítica.";"Trata-se de uma amostra probabilística estratificada, com abordagem aleatória simples através de cotas de sexo, idade e escolaridade, ponderadas de acordo com a estatística do Eleitorado do TSE, 2026 (https://sig.tse.jus.br) e renda ponderada de acordo com registro do último senso estratificado do IBGE (https://cidades.ibge.gov.br) e em conformidade com a Resolução do TSE 23.600/2019, complementada pela Resolução 23.676/2021, com entrevistas domiciliares aos eleitores de 16 anos ou mais que exerça seu voto no município de Goianésia. Totalizando uma população eleitoral de 58.596 e amostra de 600, a um nível de confiança = 95%; Nível de significância = 5%; Margem de erro = 3,98%, com P = 0,5.
SEXO: Masculino (46,90%), Feminino (53,10%); FAIXA ETÁRIA: até 24 anos (13,37%), de 25 a 34 anos (20,60%), de 35 a 44 anos (19,99%), de 45 a 59 anos (25,63%), 60 anos ou mais (20,40%); ESCOLARIDADE: Analfabeto (3,62%), Lê e escreve (7,42%), 1º Grau inc/comp (27,49%), 2º Grau inc/comp (44,94%), 3º Grau inc/comp (16,52%); RENDA: Até 1 salário (12,82%), entre 1 e 2 salários (19,72%), entre 2 e 5 salários (42,99%), entre 5 e 10 salários (17,23%), Mais de 10 salários (7,25%).
";"Os questionários são aplicados com uso de equipamentos eletrônicos, supervisão in loco e via GPS, passarão por conferência através de novo contato até 20% dos entrevistados, todas as regiões pesquisadas foram selecionadas proporcionalmente.";"Os bairros serão anexados de acordo com a resolução."
"28/09/2026";"05:46:54";2026;81;"Eleições Gerais 2026";"GO";"GO";"GOIÁS";"GO008402026";"2026-09-05 12:44:39";"S";"00654576000172";"INSTITUTO VERITA LTDA";"VERITA";"Governador, Senador";"2026-09-05 00:00:00";"2026-09-10 00:00:00";"2026-09-11 00:00:00";1525;"10699";"Guilherme Alvarenga Laia";"117425,00";"Estudo quantitativo voltado às Eleições 2026, realizado por meio de entrevistas individuais, aplicadas mediante questionário eletrônico estruturado e Unidade Automatizada de Respostas Audíveis e Auditáveis, por meio de ligações para telefones móveis (celulares). A inteligência artificial é empregada exclusivamente para a transcrição automatizada das respostas em áudio, não interferindo na formulação das perguntas, na condução das entrevistas, na coleta das informações, na interpretação das respostas ou no tratamento estatístico dos dados.

A participação dos eleitores é voluntária, espontânea e não remunerada. As respostas são prestadas por autodeclaração, sendo, em sua maioria, registradas por meio de códigos numéricos correspondentes às alternativas previamente definidas no questionário.

A utilização de sistema eletrônico automatizado para a coleta e o registro das respostas proporciona elevado nível de padronização operacional, reduz a possibilidade de interferência humana durante a realização das entrevistas, amplia a rastreabilidade e a auditabilidade de todo o processo de coleta e contribui para maior precisão, consistência e confiabilidade dos dados obtidos.

O plano amostral foi elaborado para assegurar a representatividade estatística do eleitorado da respectiva Unidade da Federação, observando critérios técnicos de seleção, distribuição e ponderação da amostra, quando aplicáveis.";"A pesquisa foi planejada para produzir uma amostra estatisticamente representativa do eleitorado do estado DE GOIÁS, utilizando o método de Probabilidade Proporcional ao Tamanho (PPT), com plano amostral em múltiplos estágios. Na primeira etapa, esta Unidade da Federação é dividida em macrorregiões, de forma a assegurar adequada distribuição territorial da amostra e representação das diferentes características geográficas, demográficas e eleitorais. Na segunda etapa, os municípios de cada estrato são ordenados segundo seu porte populacional e eleitoral e sorteados. Na terceira etapa, os respondentes são selecionados entre os eleitores aptos residentes nos municípios sorteados, observando-se a distribuição proporcional da amostra e as cotas estabelecidas para as variáveis de sexo, faixa etária, grau de instrução e nível econômico. As cotas são estabelecidas para a pesquisa completa, considerando a composição do eleitorado e os parâmetros oficiais de referência, não sendo aplicadas isoladamente a cada município selecionado.

SEXO E FAIXA ETÁRIA - Fonte: Tribunal Superior Eleitoral (TSE), Perfil do Eleitorado, junho de 2026. Feminino de 16 a 34 anos: 17%; Masculino de 16 a 34 anos: 15,5%; Feminino de 35 a 54 anos: 20,4%; Masculino de 35 a 54 anos: 18,2%; Feminino com 55 anos ou mais: 15,6%; Masculino com 55 anos ou mais: 13,4%. Os parâmetros de sexo e idade têm como referência o cadastro eleitoral brasileiro atualizado pelo Tribunal Superior Eleitoral, considerando o universo de eleitores aptos com 16 anos ou mais.

GRAU DE INSTRUÇÃO - Fonte: IBGE - PNAD Contínua Anual 2025. A distribuição é: sem instrução 3,6%; ensino fundamental incompleto ou equivalente 21,9%; ensino fundamental completo ou equivalente 7,9%; ensino médio incompleto ou equivalente 8,9%; ensino médio completo ou equivalente 33,4%; ensino superior incompleto ou equivalente 6,1%; ensino superior completo 18,1%. Para não confundir os respondentes as faixas de escolaridade no questionário foram agrupadas em 3 faixas: até ensino fundamental incompleto e completo, ensino médio incompleto e completo e superior incompleto, completo ou mais. A PNAD Contínua é utilizada como referência por constituir a fonte oficial mais atualizada para a mensuração do nível de instrução da população brasileira, sua utilização também corrige limitações decorrentes da ausência de atualização obrigatória e contínua das informações de escolaridade no cadastro eleitoral do Tribunal Superior Eleitoral.

NÍVEL ECONÔMICO - RENDA FAMILIAR DO DOMICÍLIO - Fonte: IBGE - PNAD Contínua Anual 2025. Considera-se a renda domiciliar total, compreendendo rendimentos provenientes de trabalho formal e informal, aposentadorias, pensões, benefícios sociais e demais fontes de renda existentes no domicílio. observando-se a seguinte distribuição: renda familiar de até 2 salários-mínimos 38%; de 2 a 5 salários-mínimos 41,3%, acima de 5 salários-mínimos 20,7%.

PONDERAÇÃO E CALIBRAÇÃO DA AMOSTRA - Prevê-se eventual ponderação das variáveis de sexo, faixa etária, grau de instrução e nível econômico, caso sejam verificadas diferenças relevantes entre a distribuição da amostra efetivamente coletada e os parâmetros populacionais de referência adotados. Inicialmente, o fator de ponderação é igual a 1 (um), podendo ser recalculado sempre que necessário para assegurar a representatividade estatística da amostra.
INTERVALO DE CONFIANÇA E MARGEM DE ERRO - O intervalo de confiança adotado é de 95%, com margem máxima estimada de erro de aproximadamente 3 pontos percentuais, para mais ou para menos, sobre os resultados do total da amostra, calculada segundo o modelo de amostragem aleatória simples e a hipótese de máxima variabilidade.";"Após os trabalhos de coleta de dados, os questionários são submetidos a uma fiscalização, conferência e checagem de cerca de 20% (vinte por cento) dos questionários aplicados. Todas as entrevistas são integralmente registradas em áudio, permanecendo auditáveis e rastreáveis, permitindo a verificação da integridade do processo de coleta, preservado o sigilo das informações pessoais dos entrevistados e observadas as disposições da Lei Geral de Proteção de Dados Pessoais (Lei nº 13.709/2018).";"Em observância ao art. 2º, § 7º, da Resolução TSE nº 23.600/2019, com redação dada pela Resolução TSE nº 23.747/2026, a presente pesquisa terá seu registro complementado no Sistema de Registro de Pesquisas Eleitorais a partir da data em que sua divulgação for permitida e até o dia seguinte, com a identificação dos municípios em que foram realizadas as entrevistas, bem como da composição final da amostra quanto a gênero, idade, grau de instrução e nível econômico, na forma exigida pela legislação eleitoral vigente."
"28/09/2026";"05:46:54";2026;81;"Eleições Gerais 2026";"GO";"GO";"GOIÁS";"GO055142026";"2026-04-25 20:39:02";"S";"00654576000172";"INSTITUTO VERITA LTDA";"VERITA";"Governador, Senador";"2026-04-26 00:00:00";"2026-04-30 00:00:00";"2026-05-01 00:00:00";1525;"10699";"GUILHERME ALVARENGA LAIA";"117425,00";"Pesquisa quantitativa, que consiste na realização de entrevistas, com a aplicação de questionário estruturado junto a uma amostra representativa do eleitorado desta Unidade da Federação.";"ESTUDO REPRESENTATIVO DO ELEITORADO DO ESTADO DE GOIÁS - MÉTODO PPT (Probabilidade Proporcional ao Tamanho) - PLANO AMOSTRAL E PONDERAÇÃO QUANTO A SEXO, IDADE, GRAU DE INSTRUÇÃO E NÍVEL ECONÔMICO DO ENTREVISTADO; INTERVALO DE CONFIANÇA E MARGEM DE ERRO: Representativo do eleitorado da área em estudo, elaborada, em vários estágios, da seguinte forma: - 1. Divisão da UF em estratos proporcionais de municípios. 2. Ordenação dos municípios de cada estrato segundo o porte. 3. Sorteio dos municípios de cada estrato. 4. Os respondentes são selecionados através de quotas amostrais proporcionais em função de variáveis significativas, a saber: GÊNERO / FAIXA ETÁRIA - FEMININO E MASCULINO 16 A 34 ANOS 16,7% E 15,2%, 35 A 54 ANOS 20,6% E 18,4%, 55 ANOS OU MAIS 15,7% E 13,5%. GRAU DE INSTRUÇÃO ¿ FEMININO E MASCULINO Sem instrução até Ensino Médio completo 60,8%, Ensino superior incompleto e completo 39,2% NÍVEL ECONÔMICO - FEMININO população não economicamente ativa 46,5% população economicamente ativa 53,5% MASCULINO população não economicamente ativa 27,2% população economicamente ativa 72,8%. RENDA FAMILIAR DO DOMICÍLIO renda familiar de até 2 salários-mínimos 30,7%; de 2 a 5 salários-mínimos 44,2%, acima de 5 salários-mínimos 25,1%. Está prevista eventual ponderação para correção das variáveis, com base nos percentuais anteriormente mencionados, caso ocorram diferenças superiores a margem de erro da pesquisa previsto entre a amostra e a coleta de dados realizada. O fator previsto para ponderação é 1 (resultados obtidos na coleta de dados). O intervalo de confiança estimado é de 95% e a margem de erro máxima estimada considerando um modelo de amostragem aleatório simples, é de aproximadamente 2,5 pontos percentuais para mais ou para menos sobre os resultados encontrados no total da amostra. FONTE DOS DADOS: IBGE/Censo 2022 para fins de densidade demográfica, setores censitários e alocação da amostra. IBGE/PNAD/PNADC/MEC/INEP para fins de Nível Econômico e Escolaridade. TSE FEVEREIRO/2026 para fins de Sexo, Faixa Etária e eleitorado por município ou regiões previamente definidas (importante ressaltar para o público leigo que os dados do TSE são os únicos corretos para gênero, idade dos eleitores e quantitativo de eleitores por municípios já que a base de dados se atualiza automaticamente, PORÉM, dados de escolaridade e nível econômico NÃO são corretos e confiáveis devido a desatualização que ocorre naturalmente com o passar dos anos). Definição de margem de erro e intervalo de confiança: Margem de erro e intervalo de confiança não são grandezas diretamente proporcionais. A SOMA NÃO TEM QUE RESULTAR 100%. ";"Após os trabalhos de coleta de dados, os questionários são submetidos a uma fiscalização, conferência e checagem de cerca de 20% (vinte por cento) dos questionários aplicados.";"A relação dos municípios sorteados ou selecionados para esta pesquisa será apresentada em arquivo anexo até 1 (um) dia após a divulgação desta pesquisa conforme §7º. do art. 2º. da Resolução-TSE nº. 23.600/2019. A área de abrangência desta pesquisa é o Estado DE GOIÁS"
"28/09/2026";"05:46:54";2026;81;"Eleições Gerais 2026";"GO";"GO";"GOIÁS";"GO023952026";"2026-03-07 19:40:06";"N";"56824073000152";"EXATA.GO PESQUISA LTDA";"EXATA.GO";"Governador, Senador";"2026-03-08 00:00:00";"2026-03-12 00:00:00";"2026-03-13 00:00:00";3200;"10809";"ESTENIO DA COSTA SANTOS";"15000,00";"A pesquisa será do tipo quantitativo, por amostragem aleatória, com aplicação de questionário estruturado e abordagem de moradores eleitores em 55 municípios do estado de Goiás, divididos em 09 (nove) regiões, em pontos estratégicos de fluxo de pessoal dos municípios e por visitas às residências dos municípios. O conjunto da população de estado de Goiás, com 16 anos ou mais e que são votantes no referido estado foi tomado como universo da pesquisa.";"O universo da pesquisa se concentra na população do município de em 55 municípios do estado de Goiás, divididos em 09 (nove) regiões (listados em anexo) com 16 anos ou mais votantes no estado. Tamanho da amostra: A amostra prevista é de 3.200 entrevistas. Técnica de amostragem: A amostra é representativa do universo pesquisado e selecionada em duas etapas. Na primeira etapa são definidos os municípios que farão parte da amostra. Numa segunda etapa são sorteados os pontos de abordagem onde serão aplicadas as entrevistas. Por fim, os entrevistados são selecionados aleatoriamente para responder ao questionário, de acordo com cotas de sexo e faixa etária. Os dados relativos a sexo e faixa etária são: Sexo masculino: 48%; Sexo feminino: 52%, Idade: 16 a 24 anos: 13,22%; 25 a 34 anos: 20,47%; 35 a 44 anos: 20,84%; 45 a 59 anos: 25,70% e 60 anos ou mais: 19,77%. Para grau de instrução, os dados utilizados como referência são: Analfabetos: 2,4%; Lê e escreve + Ensino fundamental incompleto: 27,5%; Ensino fundamental completo + Ensino médio incompleto: 23,0%; Ensino médio completo + Ensino superior incompleto: 35,5%, Ensino superior completo ou mais: 11,6%. Os dados utilizados para definição e seleção da amostra são baseados nos dados fornecidos pelo TSE (setembro/2025), IBGE (PNAD Contínua, Censo 2010 e Censo 2022) e dados primários de outros levantamentos do instituto. Ponderação dos resultados: Está prevista eventual ponderação para correção nos tamanhos dos estratos, considerando as variáveis sexo, faixa etária e escolaridade, de acordo com os percentuais detalhados anteriormente, casos as diferenças sejam maiores que 3 pontos percentuais. Para o nível econômico do entrevistado (renda individual mensal aproximada declarada) os dados de referência são: até 2 S. M. (salários mínimos) = 37,58%; mais de 2 S. M. e menos de 5 S. M. = 38,17%; mais de 5 S. M. = 24,25%. Para essa variável, o fator previsto para ponderação é 1 (resultados obtidos em campo). Área física: A relação completa dos municípios incluídos no levantamento será encaminhada a esse tribunal posteriormente, a partir do dia em que a pesquisa puder ser divulgada e até o dia seguinte, conforme a Resoluções 23.600/2019, no art.2º §7º e 23.727/2024 do TSE. Margem de Erro: A margem de erro máxima prevista é de 1,74 pontos percentuais para mais ou para menos, considerando um nível de confiança de 95% e baseada em uma amostra aleatória.";"Os entrevistadores envolvidos na realização desta pesquisa são treinados pelo Instituto e recebem instruções específicas para cada projeto realizado. A coleta será feita com a utilização de questionário impresso, que serão computados posteriormente à pesquisa de campo. Os pesquisadores são supervisionados por um coordenador que estará em campo juntamente com a equipe garantindo a lisura da pesquisa. Internamente, todo o material é verificado e codificado. Antes do processamento final e emissão dos resultados, realiza-se processo de consistência dos dados. Os dados coletados e tratados nesta pesquisa atendem às exigências da LGPD, Lei Geral de Proteção de Dados, garantindo ao respondente o sigilo de sua identidade e o correto tratamento de suas respostas.";"A relação completa dos municípios incluídos no levantamento será encaminhada posteriormente, a partir do dia em que a pesquisa puder ser divulgada e até o dia seguinte, conforme a Resoluções 23.600/2019 e 23.727/2024 do TSE."
"28/09/2026";"05:46:54";2026;81;"Eleições Gerais 2026";"GO";"GO";"GOIÁS";"GO072232026";"2026-09-26 15:02:53";"N";"31884294000195";"VILANI E BARBOSA NEGOCIOS LTDA";"DATA RD";"Governador, Senador";"2026-09-27 00:00:00";"2026-09-30 00:00:00";"2026-10-02 00:00:00";1495;"10808";"JERFSON BRUNO DO NASCIMENTO HONORIO";"12870,00";"Apresentam-se os dados da pesquisa eleitoral de opinião pública a ser conduzida no estado de Goiás. Esta pesquisa quantitativa será realizada por meio de entrevistas telefônicas, utilizando questionários estruturados e padronizados, aplicados a uma amostra representativa da população alvo. A coleta de dados será conduzida por entrevistadores treinados, utilizando o sistema CATI (Computer-Assisted Telephone Interviewing), com apoio de dispositivos eletrônicos para registro das respostas.

Nota 1: Pode ocorrer que o total da linha não corresponda exatamente ao somatório das células individuais devido ao arredondamento computacional. No entanto, essas diferenças são compensadas em outras linhas, sem perda da representatividade da amostra. É normal que algumas células apresentem mais entrevistas do que o registrado, pois arredondamos números para refletir a realidade da pesquisa. Por exemplo, se a distribuição resultar em 1,5 entrevistas, arredondamos para 2 entrevistas, pois não é possível realizar uma fração de entrevista. Logo, o somatório pode apresentar uma soma superior ao registrado.

Nota 2: É importante destacar que o registro é exclusivamente para fins de divulgação, o que significa que uma pesquisa pode ser realizada antes ou depois da data de registro. Este requisito está claramente estabelecido no Artigo 10 da resolução. Art. 10. Na divulgação dos resultados de pesquisas, ATUAIS OU NÃO, serão obrigatoriamente informados: I - o período de realização da coleta de dados; II - a margem de erro; III - o nível de confiança; IV - o número de entrevistas; V - o nome da entidade ou da empresa que a realizou e, se for o caso, de quem a contratou; VI - o número de registro da pesquisa.

Nota 3: Ao registrar uma pesquisa, é comum cometer erros de digitação ou outros equívocos. O TSE permite a correção ou exclusão de registros no sistema PesqEle até 5 dias após a data de registro. Quando uma modificação é realizada, o sistema gera um novo número de registro e atualiza a data para a data da modificação, conforme o artigo 8 da resolução. Em relação à exclusão, o sistema permite a remoção total do registro. Após os 5 dias, o sistema impede quaisquer modificações ou exclusões. É importante observar que é possível excluir um registro e refazê-lo com as mesmas informações do registro excluído, como questionário, nota fiscal, entre outros. Art. 8o O registro da pesquisa poderá ser alterado desde que não expirado o prazo de 5 (cinco) dias para a divulgação do seu resultado. § 1o A alteração de que trata o caput implica a atribuição de novo número de identificação à pesquisa e o reinício da contagem do prazo previsto no caput do art. 2o desta Resolução, a partir do recebimento das alterações com a indicação, pelo sistema, da nova data a partir da qual será permitida a divulgação da pesquisa. § 3o ...a pesquisa ser cancelada pela própria usuária ou pelo próprio usuário, sem prejuízo da apresentação de um novo registro.

Nota 4: Pagante(S) Do Trabalho Em Branco: Quando o campo 'pagante' está em branco, isso ocorre porque o contratante é também o pagante da pesquisa. O sistema do TSE presume que qualquer pessoa com um mínimo de interesse verificará facilmente a origem dos recursos ao lado do nome do contratante, fora que a nota fiscal também está disponível para qualquer pessoa. A informação de pagante só é preenchida quando há duas partes envolvidas: um contratante e um pagante";"I) Público Pesquisado: Eleitores no estado de Goiás. Modalidade de aplicação: entrevistas telefônicas.

II) Tipo de Amostra: A amostra é representativa do eleitorado estadual, selecionada em três estágios. No primeiro estágio, os estados são selecionados de forma probabilística utilizando o método da probabilidade proporcional ao tamanho (PPT), com base no total do eleitorado de cada unidade federativa, garantindo que estados com maior contingente eleitoral contribuam proporcionalmente com maior volume de contatos. No segundo estágio, dentro de cada estado selecionado, os números de telefone são selecionados por meio de discagem aleatória (RDD ¿ Random Digit Dialing), abrangendo linhas fixas e móveis (celulares) ativas no estado alvo, assegurando cobertura do universo de eleitores com acesso a telefone. No terceiro estágio, dentro de cada contato estabelecido, o entrevistado é selecionado por cotas proporcionais aos atributos de sexo, faixa etária, grau de instrução e renda, de acordo com o perfil do eleitorado em estudo. Fonte de Dados: Tribunal Superior Eleitoral (TSE, September/2026) e Instituto Brasileiro de Geografia e Estatística (IBGE, CENSO 2022).

III) Tamanho da Amostra: 1495 entrevistas.

IV) Ponderação: A ponderação é realizada considerando 53% para o sexo feminino e 47% para o sexo masculino. Em relação às faixas etárias, a distribuição é a seguinte: 12.5% de 16 a 24 anos, 19.4% de 25 a 34 anos, 20% de 35 a 44 anos, 26.4% de 45 a 59 anos e 21.7% com 60 anos ou mais. Para o grau de instrução, são utilizadas as seguintes categorias: 7.9% de Analfabeto/Lê e Escreve, 26.3% até o ensino fundamental, 47.2% até o ensino médio e 18.6% até a faculdade ou mais. Em relação à renda, são utilizadas as seguintes categorias: 56.3% até 1 salário mínimo, 26.8% de 1 a 2 salários mínimos e 16.8% acima de 2 salários mínimos. Está prevista uma ponderação para correção de variáveis de sexo e faixa etária, com base nos percentuais acima apresentados, de acordo com o previsto na amostra (TSE) e a coleta realizada. Para as variáveis de escolaridade e renda domiciliar mensal, o fator de ponderação será igual a 1, conforme os resultados obtidos em campo.

V) Área Física de Realização da Pesquisa: A amostra será coletada em toda a extensão geográfica do estado de Goiás.

VI) Intervalo de Confiança/Margem de Erro: O intervalo de confiança estimado é de 95% com uma margem de erro de 2.53% para mais ou para menos sobre os resultados encontrados no total da amostra. Este grau de confiança e margem de erro não devem ser considerados para resultados dentro de cada estrato, nem para os resultados gerados pelos cruzamentos de variáveis. Os percentuais que não totalizam 100% são devido a arredondamentos ou a múltiplas alternativas de resposta. O cálculo amostral é realizado pela proporção [estimador = p e (1-p) ou p e q).

VII) O modelo de questionário aplicado está disponível em anexo.

VIII) Na elaboração de todos os questionários emitidos pela empresa DataRD, é implementado um sistema de aleatorização para a ordem das respostas de cada uma das perguntas. Essa prática é essencial para evitar possíveis vieses que poderiam surgir caso as respostas fossem sempre apresentadas na mesma ordem. Ao aleatorizar as respostas, garantimos que todos os participantes tenham a mesma oportunidade de encontrar cada resposta em diferentes posições do questionário. Isso contribui significativamente para minimizar qualquer influência que a ordem das perguntas possa ter sobre as respostas. No contexto telefônico, a leitura das alternativas pelo entrevistador segue ordem definida por sorteio sistematizado pelo software de coleta.";"Para a realização da pesquisa utiliza-se uma equipe de entrevistadores e coordenadores de campo devidamente treinados para o trabalho pela empresa DataRD. As entrevistas são gravadas mediante consentimento do entrevistado, para fins de controle de qualidade. Durante a realização dos trabalhos de campo, os entrevistadores são submetidos a uma fiscalização permanente por parte dos coordenadores e são realizadas checagem de 20% da amostra para atestar a realização das entrevistas e a fidedignidade dos dados, garantindo-se dessa forma, robustez na precisão dos estimadores dos parâmetros populacionais.";"#NULO#"
"28/09/2026";"05:46:54";2026;81;"Eleições Gerais 2026";"GO";"GO";"GOIÁS";"GO053082026";"2026-09-17 21:14:03";"N";"04851508000154";"INSTITUTO GAZETA LTDA";"IGAPE- INSTITUTO GAZETA DE PEQUISAS";"Governador, Senador, Deputado Federal, Deputado Estadual";"2026-09-19 00:00:00";"2026-09-20 00:00:00";"2026-09-23 00:00:00";400;"10394";"FILIPE MOREIRA MARTINE";"5000,00";"A metodologia utilizada é Survey quantitativo, com realização das entrevistas de maneira pessoal em domicílio, com aplicação de questionário estruturado e padronizado em plataforma digital (tablet ou computador) junto a uma amostra representativa dos eleitores do município da cidade de Goiás.";"O universo da pesquisa é composto por eleitores do município de Goiás, com idade a partir de 16 anos. A amostra prevista será de 400 entrevistas. A seleção da amostra será realizada utilizando-se quotas amostrais proporcionais, em função das seguintes variáveis. SEXO: Masculino: (48%); Feminino: (52%) - IDADE: 16 a 29 anos (18%); 30 a 44 anos (24%); 45 a 59 anos (27%); 60 anos ou mais (31%) - ESCOLARIDADE: Analfabeto/Lê e escreve: (11%); Fundamental completo ou incompleto: (27%); Médio completo ou incompleto: (39%); Superior completo ou incompleto: (23%) - RENDA INDIVIDUAL: Até 1 SM: (44%); De 1 A 2 SM: (29%); Acima de 2 SM: (26%). Está prevista eventual ponderação para correção das variáveis, com base nos percentuais acima apresentados - Área física: Goiás - GO. Margem de Erro: A margem de erro máxima prevista para o total da amostra é de 4,9 pontos percentuais para mais ou para menos, considerando um nível de confiança de 95%. Fonte de Dados: TSE - Estatísticas do Eleitorado 2026 e IBGE Censo 2022.";"A coleta de dados é realizada por entrevistadores, orientados por coordenadores de campo. Todos os questionários preenchidos recebem crítica para avaliação da consistência dos dados coletados, sendo que 20% dos questionários serão submetidos à conferência através de novos contatos com os entrevistados, medida sempre adotada que visa garantir a qualidade e fidelidade dos dados coletados.
Conforme o § 7º do art. 2º da Resolução-TSE nº 23.600/2019, com redação vigente para as Eleições 2026, a partir do dia em que a pesquisa puder ser divulgada e até o dia seguinte o registro deverá ser complementado com os dados relativos aos municípios e bairros abrangidos e na amostra final, com o número de eleitoras e eleitores pesquisados em cada setor censitário e a composição quanto a gênero, idade, grau de instrução e nível econômico das pessoas entrevistadas.";"#NULO#"
"28/09/2026";"05:46:54";2026;81;"Eleições Gerais 2026";"GO";"GO";"GOIÁS";"GO098992026";"2026-09-21 22:08:45";"N";"29533384000190";"INSTITUTO GOIAS PESQUISAS LTDA";"GOIAS PESQUISAS";"Governador, Senador";"2026-09-24 00:00:00";"2026-09-25 00:00:00";"2026-09-27 00:00:00";1250;"8956";"Francy Anne Barbosa Cesar";"36000,00";"Pesquisa quantitativa de opinião política, realizada através de entrevistas telefônicas assistidas por computador (CATI) via sistema de Unidade de Resposta Audível. As chamadas são direcionadas para terminais de telefonia fixa e móvel (celulares), utilizando discagem aleatória dentro dos prefixos ativos no estado de Goiás. O sistema opera de forma impessoal, onde o respondente interage com perguntas pré-gravadas utilizando o teclado do aparelho. A coleta é monitorada em tempo real para controle de cotas e filtragem de inconsistências.";"Universo: Eleitores do Estado de Goiás. Tamanho da amostra: A amostra prevista é de 1.250 entrevistas. Técnica de amostragem: A amostra é estratificada por região geográfica intermediária (IBGE- Censo 2022), onde em cada estrato, num primeiro estágio, são sorteados aleatoriamente os municípios que farão parte do levantamento. No segundo estágio, a seleção do entrevistado dentro da localidade será feita utilizando-se quotas amostrais proporcionais as características demográficas do universo, em função das seguintes variáveis: GÊNERO: Masculino 47,02%; Feminino 52,98% | FAIXA ETÁRIA: Entre 16 e 24 anos: 12,49%; Entre 25 e 34 anos: 19,36%; Entre 35 e 44 anos: 20,04%; Entre 45 e 59 anos: 26,36%; 60 anos ou mais: 21,75% | ESCOLARIDADE: De analfabeto até ensino fundamental completo: 34,15%; Ensino médio incompleto ou completo: 47,23% Ensino superior incompleto ou completo: 18,62%. NÍVEL ECONÔMICO: População Economicamente Ativa: 66,38%; População Não Economicamente Ativa: 33,62% (Sem rendimento Até 1 SM - 59,42%; Acima de 1 até 3 SM 31,39%; Acima de 3 até 5 SM 4,99 e Mais de 5 SM 4,20%). Está prevista eventual ponderação para correção das variáveis gênero, faixa etária e escolaridade, com base nos percentuais acima apresentados, caso ocorram diferenças superiores a 3,0 (três) pontos percentuais entre o previsto na amostra e a coleta realizada. Para a variável nível econômico, o fator de ponderação é igual a 1, (resultados obtidos no campo). O nível de confiança estimado é de 95% (noventa e cinco por cento) para uma margem de erro estimada, considerando uma técnica de amostragem aleatória simples, de aproximadamente 2,77 (dois vírgula setenta e sete) pontos percentuais sobre os resultados obtidos. Ressalta-se que esta margem de erro e grau de confiabilidade se aplica ao total da amostra, não devendo ser considerado para os resultados dentro de cada estrato e nem para os resultados gerados pelo cruzamento de variáveis. Fonte de Dados: Para as variáveis de Gênero, Faixa Etária e Grau de Instrução, os dados foram extraídos do repositório de estatísticas do eleitorado do TSE (Tribunal Superior Eleitoral), atualizados em setembro de 2026, referentes ao Estado de Goiás. Para a variável de Nível Econômico, utilizou-se a PNAD Contínua 4º. Trim 2025 (IBGE), no estado de Goiás. Área física: A relação completa dos municípios e bairros pesquisados será encaminhada a esse tribunal posteriormente até o sétimo dia seguinte à data de registro da pesquisa, conforme Resolução 23.600/2019 do TSE, no art.2º §7º.";"O controle de qualidade é realizado diretamente pelo sistema de coleta, que monitora rigorosamente as cotas em tempo real e encerra a entrevista automaticamente caso o perfil já tenha sido preenchido. A verificação da autenticidade é feita através da auditoria integral dos logs de chamadas (comprovação de origem e duração). São aplicados filtros para descarte de outliers de duração e detecção de padrões de resposta repetitivos. Como segunda camada de proteção, é enviado um SMS - Short Message Service (Serviço de Mensagens Curtas) de agradecimento aos participantes que concluíram o questionário, servindo como registro de validação.";"A pesquisa será realizada no Estado de Goiás. A relação dos municípios e bairros pertencentes à amostra será apresentada até o dia seguinte à data a partir da qual a pesquisa puder ser divulgada, conforme §7º do art. 2º da Resolução TSE nº. 23.600/2019."
"28/09/2026";"05:46:54";2026;81;"Eleições Gerais 2026";"GO";"GO";"GOIÁS";"GO032862026";"2026-09-26 11:41:34";"N";"44826961000125";"SMS - DIRECT PESQUISAS E MARKETING LTDA";"DIRECT PESQUISAS";"Governador, Senador, Deputado Federal, Deputado Estadual";"2026-09-27 00:00:00";"2026-09-28 00:00:00";"2026-10-02 00:00:00";500;"10526";"Jose Dos Reis Cunha Filho";"5000,00";"Pesquisa quantitativa com abordagem porta a porta, com eleitores que votam e/ou residem no município de Planaltina no estado de Goiás, consistindo na realização de entrevistas pessoais e individuais, com a aplicação de questionário estruturado junto a uma amostra representativa do eleitorado em estudo. Devido a ordem probabilística da amostra, nesta pesquisa será considerada apenas os eleitores residentes dentro do município ou que no dia da entrevista estejam nele. Todas as entrevistas são espontâneas e os dados são sigilosos, guardados no banco de dados do instituto para tabulação e apresentação gráfica e analítica.";"Trata-se de uma amostra probabilística estratificada, com abordagem aleatória simples através de cotas de sexo, idade e escolaridade, ponderadas de acordo com a estatística do Eleitorado do TSE, 2026 (https://sig.tse.jus.br) e renda ponderada de acordo com registro do último senso estratificado do IBGE (https://cidades.ibge.gov.br) de acordo com a Resolução do TSE 23.600/2019, complementada pela Resolução 23.676/2021, com entrevistas domiciliares aos eleitores de 16 anos ou mais que exerça seu voto no município de Planaltina. Totalizando uma população eleitoral de 66.628 e amostra de 500, a um nível de confiança = 95%; Nível de significância = 5%; Margem de erro = 4,37%, com P = 0,5.
SEXO: Masculino (46,47%), Feminino (53,53%); FAIXA ETÁRIA: até 24 anos (12,52%), de 25 a 34 anos (20,86%), de 35 a 44 anos (20,39%), de 45 a 59 anos (25,42%), 60 anos ou mais (20,81%); ESCOLARIDADE: Analfabeto (2,61%), Lê e escreve (7,20%), 1º Grau inc/comp (30,96%), 2º Grau inc/comp (48,59%), 3º Grau inc/comp (10,64%); RENDA: Até 1 salário (18,08%), entre 1 e 2 salários (26,59%), entre 2 e 5 salários (40,14%), entre 5 e 10 salários (11,89%), Mais de 10 salários (3,31%).";"Os questionários são aplicados com uso de equipamentos eletrônicos, supervisão in loco e via GPS, passarão por conferência através de novo contato até 20% dos entrevistados, todas as regiões pesquisadas foram selecionadas proporcionalmente.";"Os bairros serão anexados de acordo com a resolução."
"28/09/2026";"05:46:54";2026;81;"Eleições Gerais 2026";"GO";"GO";"GOIÁS";"GO041862026";"2026-09-21 23:14:05";"S";"55149265000148";"TWS POLITICA LTDA";"TWS POLITICA";"Governador, Senador, Deputado Federal, Deputado Estadual";"2026-09-22 00:00:00";"2026-09-24 00:00:00";"2026-09-27 00:00:00";1500;"9423";"ROGERIO DA SILVA SANTOS";"10000,00";"A pesquisa eleitoral de opinião pública será realizada no estado de Goiás, por meio de abordagem quantitativa e aplicação de questionário estruturado e padronizado a eleitoras e eleitores com 16 anos ou mais, residentes no estado. A coleta será realizada por entrevistadores previamente treinados, utilizando sistema CATI (Computer-Assisted Telephone Interviewing), que permitirá a aplicação assistida do questionário, o registro eletrônico das respostas, o controle operacional da amostra e o acompanhamento das variáveis de composição durante o trabalho de campo.
O desenho amostral será desenvolvido em múltiplos estágios. No primeiro estágio, serão consideradas as unidades territoriais integrantes dos seis polos definidos no plano amostral, correspondentes às seis Regiões Geográficas Intermediárias do IBGE para Goiás. Em cada polo será adotado um município-sede operacional, com inclusão certa e probabilidade igual a 1; as demais unidades autorrepresentativas serão identificadas conforme o intervalo de seleção e os municípios remanescentes serão selecionados por Probabilidade Proporcional ao Tamanho (PPT) sistemático, utilizando-se o eleitorado municipal como medida de tamanho. O desenho contempla 28 municípios selecionados.
No segundo estágio, os contatos telefônicos serão obtidos mediante Discagem Aleatória de Dígitos ¿ RDD (Random Digit Dialing), por procedimento automatizado e independente da escolha do entrevistador. A residência no estado de Goiás e o município de residência serão confirmados diretamente com a pessoa entrevistada. DDD, prefixo ou numeração telefônica não serão utilizados isoladamente como elementos suficientes para determinar a unidade territorial de residência.
No terceiro estágio, entre os contatos elegíveis, a composição da amostra será controlada segundo município/área geográfica, sexo, faixa etária, grau de instrução e nível econômico, observando-se os parâmetros estabelecidos no plano amostral. Entrevistas de pessoas que não atendam aos critérios de elegibilidade ou que não residam nas unidades territoriais abrangidas pelo desenho não integrarão a amostra válida.
O sistema CATI permitirá o acompanhamento da execução da coleta, das cotas e dos controles amostrais, bem como o registro das informações necessárias aos procedimentos de conferência e validação. Os critérios de seleção territorial, alocação das entrevistas, probabilidades de inclusão e procedimentos de ponderação estão especificados no plano amostral e em sua memória técnica.";"O público pesquisado será constituído por eleitoras e eleitores com 16 anos ou mais, residentes no estado de Goiás. A amostra total será de 1.500 entrevistas.
O desenho contempla seis polos territoriais, correspondentes às Regiões Geográficas Intermediárias definidas pelo IBGE para Goiás ¿ Goiânia, Itumbiara, Rio Verde, São Luís de Montes Belos¿Iporá, Porangatu¿Uruaçu e Luziânia¿Águas Lindas de Goiás. Como municípios-sede operacionais, terão inclusão certa, com probabilidade igual a 1: Goiânia, Itumbiara, Rio Verde, São Luís de Montes Belos, Porangatu e Luziânia. Entre as demais unidades, serão autorrepresentativos os municípios cujo eleitorado seja igual ou superior ao intervalo de seleção do respectivo polo. Após essas inclusões, os municípios remanescentes serão selecionados por Probabilidade Proporcional ao Tamanho (PPT) sistemático, utilizando-se o eleitorado municipal como medida de tamanho. Para cada polo h, o intervalo final será I_h = soma(M_hi)/m_h; para unidades PPT, ¿_hi = M_hi/I_h. O número de municípios por polo foi fixado de modo a compatibilizar dispersão territorial, representatividade eleitoral e viabilidade operacional, preservando-se piso de 30 entrevistas nas unidades selecionadas de menor porte. Assim, m_h = 14 para Goiânia, 2 para Itumbiara, 3 para Rio Verde, 2 para São Luís de Montes Belos¿Iporá, 2 para Porangatu¿Uruaçu e 5 para Luziânia¿Águas Lindas de Goiás, totalizando 28 municípios.
A alocação das 1.500 entrevistas entre os seis polos será proporcional ao eleitorado de cada polo no universo estadual, com conversão dos valores fracionários em inteiros pelo método das maiores frações. A distribuição resultante é: Goiânia, 788 entrevistas; Itumbiara, 98; Rio Verde, 144; São Luís de Montes Belos¿Iporá, 78; Porangatu¿Uruaçu, 127; e Luziânia¿Águas Lindas de Goiás, 265. Os quantitativos municipais n_i serão os previamente fixados no quadro de alocação do plano amostral, com piso operacional de 30 entrevistas nas unidades selecionadas de menor porte, preservando-se as amostras dos polos e o total estadual de 1.500 entrevistas.
A composição da amostra será controlada segundo município/área geográfica, sexo, faixa etária, grau de instrução e nível econômico. Para sexo, faixa etária e grau de instrução, serão utilizados dados oficiais do Tribunal Superior Eleitoral (TSE), referentes ao perfil do eleitorado de Goiás para as Eleições 2026. Sexo: masculino 47,0% e feminino 53,0%. Faixa etária: 16¿24 anos 12,5%; 25¿34 anos 19,4%; 35¿44 anos 20,0%; 45¿59 anos 26,4%; 60+ 21,7%. Grau de instrução: analfabeto 2,41%; lê e escreve 5,48%; fundamental incompleto 20,65%; fundamental completo 5,61%; médio incompleto 17,82%; médio completo 29,41%; superior incompleto 6,90%; superior completo 11,72%.
Para nível econômico, será considerada a renda total mensal do domicílio. Os parâmetros foram estimados a partir dos microdados da amostra do Censo Demográfico 2022 para Goiás, disponibilizados para acesso público pelo IBGE em 31 de agosto de 2026, utilizando-se a variável de rendimento domiciliar e o respectivo peso amostral oficial. A distribuição adotada é: sem rendimento 3,34%; até 2 salários mínimos 38,07%; mais de 2 a 5 salários mínimos 39,97%; acima de 5 salários mínimos 18,63%.
Para n=1.500, nível de confiança de 95% e máxima variabilidade populacional (p=0,50), a margem de erro máxima teórica de referência é de aproximadamente ±2,53 pontos percentuais, calculada sob hipótese de Amostragem Aleatória Simples (AAS). A margem refere-se ao total da amostra; a precisão de subgrupos depende do respectivo número de observações e do desenho efetivamente utilizado.";"Para a realização da pesquisa, será utilizada equipe de entrevistadores e coordenadores de campo previamente treinados pela TWS Política para aplicação do questionário por meio do sistema CATI (Computer-Assisted Telephone Interviewing). Durante o período de coleta, o sistema manterá registros eletrônicos destinados ao controle e à conferência do trabalho de campo, incluindo, quando aplicável, data e horário das tentativas de contato, situação das ligações, identificação operacional do entrevistador, município de residência declarado, critérios de elegibilidade, duração das entrevistas, preenchimento das cotas e respostas registradas no questionário.
As entrevistas serão gravadas mediante consentimento do entrevistado, exclusivamente para fins de controle de qualidade, supervisão, verificação e eventual auditoria, observadas as normas aplicáveis de proteção de dados pessoais. Os entrevistadores serão supervisionados pela coordenação durante a execução da pesquisa, sendo realizada checagem de, no mínimo, 20% das entrevistas concluídas, abrangendo diferentes entrevistadores e unidades territoriais da amostra, mediante procedimento previamente definido de controle de qualidade.
A checagem compreenderá, conforme disponibilidade dos registros, a conferência das gravações e dos dados operacionais, com o objetivo de verificar a efetiva realização da entrevista, a aderência ao questionário registrado, a correta aplicação dos filtros de elegibilidade, a correspondência entre as respostas e os controles amostrais, a adequada identificação do município de residência, o cumprimento das regras de cotas, a duração e a sequência lógica da entrevista, bem como a identificação de eventuais inconsistências ou desvios de procedimento.
Entrevistas que apresentarem inconsistências relevantes poderão ser invalidadas para fins de composição da amostra, permanecendo, contudo, identificadas na base original e nos registros operacionais para fins de rastreabilidade.
Serão preservados, para fins de controle, conferência e eventual auditoria, o plano amostral, o quadro de alocação territorial, os parâmetros populacionais utilizados, as probabilidades de inclusão das unidades territoriais, os parâmetros e controles de cotas, os registros de seleção e contato, as gravações autorizadas, a base original, a base final utilizada nas análises, os registros das entrevistas completas, incompletas, recusadas e inelegíveis, os procedimentos de consistência e validação e os fatores de ponderação territorial efetivamente utilizados.
Qualquer procedimento de exclusão, correção, consistência ou ponderação realizado após a coleta será documentado, preservando-se a base original e permitindo a reconstrução das etapas realizadas até a obtenção da base analítica final.";"Em razão da modalidade de coleta telefônica, realizada por meio de sistema CATI (Computer-Assisted Telephone Interviewing), a moldura de seleção e o número telefônico utilizado para contato não permitem identificar, com precisão e confiabilidade suficientes, o bairro ou o setor censitário de residência da pessoa entrevistada.
Dessa forma, para fins de delimitação, execução, controle e verificação da abrangência territorial da pesquisa, será adotado como unidade territorial operacional compatível o município de residência declarado pelo entrevistado, informação registrada eletronicamente no sistema CATI durante a realização da entrevista.
Na ausência de delimitação intramunicipal do bairro, a área de realização da pesquisa será identificada pelo território do respectivo município de residência informado pelo entrevistado, observada a divisão político-administrativa oficial, nos termos do art. 2º, § 7º-E, da Resolução TSE nº 23.600/2019.
O plano amostral contempla diretamente 28 municípios. distribuídos em seis polos territoriais, Esses municípios correspondem a 11.38% dos 246 municípios do Estado de Goiás e concentram 2.831.456 eleitores. equivalentes a 55,73% do eleitorado estadual de 5.080.755 eleitores considerado na base utilizada para o planejamento amostral,
A estrutura territorial da amostra compreende o Polo Goiânia, com sede operacional em Goiânia; o Polo Itumbiara, com sede operacional em Itumbiara; o Polo Rio Verde, com sede operacional em Rio Verde; o Polo São Luís de Montes Belos¿Iporá, com sede operacional em São Luís de Montes Belos; o Polo Porangatu¿Uruaçu, com sede operacional em Porangatu; e o Polo Luziânia¿Águas Lindas de Goiás, com sede operacional em Luziânia. Os demais municípios integrantes de cada polo encontram-se discriminados no plano amostral e serão identificados conforme a execução efetiva da coleta e a complementação do registro no PesqEle.
Considerando que a metodologia de coleta telefônica não permite a vinculação tecnicamente segura de cada entrevista a um setor censitário, aplica-se o disposto no art. 2º, § 7º-F, da Resolução TSE nº 23.600/2019. O controle territorial da execução será realizado com base no município de residência declarado pelo entrevistado, nos quantitativos municipais definidos no plano amostral e na distribuição da amostra entre os seis polos territoriais. A composição da amostra será ainda acompanhada durante a coleta segundo sexo, faixa etária, grau de instrução e nível econômico. Na consolidação da base final, será aplicada ponderação territorial, considerando o eleitorado utilizado como medida de tamanho, a probabilidade de inclusão da unidade territorial e o número de entrevistas válidas efetivamente realizadas em cada município, com normalização dos fatores para preservação do tamanho da amostra analítica, conforme especificado no plano amostral.
Após a conclusão da coleta, o registro da pesquisa será complementado no Sistema de Registro de Pesquisas Eleitorais (PesqEle), a partir do dia em que a pesquisa puder ser divulgada e até o dia seguinte, com a identificação dos municípios e das áreas abrangidas pela coleta, os quantitativos efetivamente realizados por município, a justificativa técnica relativa à impossibilidade de identificação por setor censitário e a composição final da amostra quanto a gênero, idade, grau de instrução e nível econômico, observada a legislação eleitoral vigente."
"28/09/2026";"05:46:54";2026;81;"Eleições Gerais 2026";"GO";"GO";"GOIÁS";"GO022272026";"2026-03-11 21:59:31";"S";"44826961000125";"SMS - DIRECT PESQUISAS E MARKETING LTDA";"DIRECT PESQUISAS";"Governador, Senador, Deputado Federal, Deputado Estadual";"2026-03-13 00:00:00";"2026-03-15 00:00:00";"2026-03-17 00:00:00";600;"10526";"José Dos Reis Cunha Filho";"5000,00";"Pesquisa quantitativa com abordagem porta a porta, com eleitores que votam e/ou residem no município de Rio Verde no estado de Goiás, consistindo na realização de entrevistas pessoais e individuais, com a aplicação de questionário estruturado junto a uma amostra representativa do eleitorado em estudo. Devido a ordem probabilística da amostra, nesta pesquisa será considerada apenas os eleitores residentes dentro do município ou que no dia da entrevista estejam nele. Todas as entrevistas são espontâneas e os dados são sigilosos, guardados no banco de dados do instituto para tabulação e apresentação gráfica e analítica.";"Trata-se de uma amostra probabilística estratificada, com abordagem aleatória simples através de cotas de sexo, idade e escolaridade, ponderadas de acordo com a estatística do Eleitorado do TSE, 2026 (https://sig.tse.jus.br) e renda ponderada de acordo com registro do último senso estratificado do IBGE (https://cidades.ibge.gov.br) e em conformidade com a Resolução do TSE 23.600/2019, complementada pela Resolução 23.676/2021, com entrevistas domiciliares aos eleitores de 16 anos ou mais que exerça seu voto no município de Rio Verde. Totalizando uma população eleitoral de 149.113 e amostra de 600, a um nível de confiança = 95%; Nível de significância = 5%; Margem de erro = 3,99%, com P = 0,5.
SEXO: Masculino (47,17%), Feminino (52,83%); FAIXA ETÁRIA: até 24 anos (12,55%), de 25 a 34 anos (21,19%), de 35 a 44 anos (23,70%), de 45 a 59 anos (24,89%), 60 anos ou mais (17,67%); ESCOLARIDADE: Analfabeto (2,09%), Lê e escreve (6,35%), 1º Grau inc/comp (23,77%), 2º Grau inc/comp (46,81%), 3º Grau inc/comp (20,98%); RENDA: Até 1 salário (13,70%), entre 1 e 2 salários (18,42%), entre 2 e 5 salários (39,64%), entre 5 e 10 salários (18,82%), Mais de 10 salários (9,42%).
";"Os questionários são aplicados com uso de equipamentos eletrônicos, supervisão in loco e via GPS, passarão por conferência através de novo contato até 20% dos entrevistados, todas as regiões pesquisadas foram selecionadas proporcionalmente.";"Os bairros serão anexados de acordo com a resolução."
"28/09/2026";"05:46:54";2026;81;"Eleições Gerais 2026";"GO";"GO";"GOIÁS";"GO002682026";"2026-09-25 19:04:13";"N";"44826961000125";"SMS - DIRECT PESQUISAS E MARKETING LTDA";"DIRECT PESQUISAS";"Governador, Senador, Deputado Federal, Deputado Estadual";"2026-09-26 00:00:00";"2026-09-27 00:00:00";"2026-10-01 00:00:00";500;"10526";"Jose Dos Reis Cunha Filho";"5000,00";"Pesquisa quantitativa com abordagem porta a porta, com eleitores que votam e/ou residem no município de Formosa no estado de Goiás, consistindo na realização de entrevistas pessoais e individuais, com a aplicação de questionário estruturado junto a uma amostra representativa do eleitorado em estudo. Devido a ordem probabilística da amostra, nesta pesquisa será considerada apenas os eleitores residentes dentro do município ou que no dia da entrevista estejam nele. Todas as entrevistas são espontâneas e os dados são sigilosos, guardados no banco de dados do instituto para tabulação e apresentação gráfica e analítica.";"Trata-se de uma amostra probabilística estratificada, com abordagem aleatória simples através de cotas de sexo, idade e escolaridade, ponderadas de acordo com a estatística do Eleitorado do TSE, 2026 (https://sig.tse.jus.br) e renda ponderada de acordo com registro do último senso estratificado do IBGE (https://cidades.ibge.gov.br) de acordo com a Resolução do TSE 23.600/2019, complementada pela Resolução 23.676/2021, com entrevistas domiciliares aos eleitores de 16 anos ou mais que exerça seu voto no município de Formosa. Totalizando uma população eleitoral de 77.904 e amostra de 500, a um nível de confiança = 95%; Nível de significância = 5%; Margem de erro = 3,98%, com P = 0,5.
SEXO: Masculino (46,41%), Feminino (53,59%); FAIXA ETÁRIA: até 24 anos (13,70%), de 25 a 34 anos (20,22%), de 35 a 44 anos (20,86%), de 45 a 59 anos (26,09%), 60 anos ou mais (19,13%); ESCOLARIDADE: Analfabeto (3,74%), Lê e escreve (4,66%), 1º Grau inc/comp (22,20%), 2º Grau inc/comp (46,49%), 3º Grau inc/comp (22,91%); RENDA: Até 1 salário (18,55%), entre 1 e 2 salários (23,89%), entre 2 e 5 salários (33,41%), entre 5 e 10 salários (14,53%), Mais de 10 salários (9,62%).";"Os questionários são aplicados com uso de equipamentos eletrônicos, supervisão in loco e via GPS, passarão por conferência através de novo contato até 20% dos entrevistados, todas as regiões pesquisadas foram selecionadas proporcionalmente.";"Os bairros serão anexados de acordo com a resolução."
"28/09/2026";"05:46:54";2026;81;"Eleições Gerais 2026";"GO";"GO";"GOIÁS";"GO065992026";"2026-09-26 23:32:20";"N";"01403730000104";"E P P EMPRESA DE PESQUISA E CONSULTORIA LTDA";"E P P";"Governador, Senador, Deputado Federal, Deputado Estadual";"2026-09-24 00:00:00";"2026-09-24 00:00:00";"2026-10-02 00:00:00";511;"8745";"Cleudimar Nobre Dantas";"10000,00";"Pesquisa quantitativa, do tipo survey, com realização de entrevistas diretas, por meio da aplicação de questionário estruturado, em uma amostra significativa da população em estudo, composta pelo eleitorado do Município de Formosa/GO com total de 77.904 eleitores em agosto de 2026. A pesquisa foi realizada no dia 24 de setembro de 2026.";"O universo pesquisado (ou população de estudo) é o eleitorado do Município de Formosa/GO com total de 77.904 eleitores em agosto de 2026, com 16 anos ou mais, que esteja apto a votar. O tamanho da amostra prevista é de 511 entrevistas, com uma margem de erro de 4,32% e confiabilidade de 95%. A amostra foi calculada pelo método de amostragem aleatória simples, essa amostra é estratificada, urbana, com as cotas de ponderação segundo as variáveis sexo, idade, grau de instrução e nível econômico do eleitorado. O tamanho dos estratos será proporcional a esses segmentos, de acordo com as informações de estatística do eleitorado fornecidas pelo Tribunal Superior Eleitoral ¿ TSE (dados do eleitorado de agosto/2026) e, para as classes de rendimento, dados do Sistema IBGE de Recuperação Automática - SIDRA /2022 (tabela 10.296). Os tamanhos desses segmentos são:
1. Sexo (Feminino: 53,59% / Masculino: 46,41%); 2. Faixa etária (16-24 anos: 13,70% / 25-34 anos: 20,22% / 35-44 anos: 20,86% / 45-59 anos: 26,09% / 60 anos ou mais: 19,13%); 3. Escolaridade (Analfabeto: 3,74% / Lê e escreve: 4,66% / Ensino Fundamental (incompleto/completo): 22,19% / Ensino Médio (incompleto/completo): 46,49% / Ensino Superior (incompleto/completo): 22,92%; 4. Renda familiar (até 1 salário mínimo: 59,22% / De 1 a 2 salários mínimos: 23,55% / De 2 a 5 salários mínimos: 14,73% / De 5 a 10 salários mínimos: 2,13% / Acima de 10 salários mínimos: 0,37%). Ao final da pesquisa, será aplicado fator de ponderação de modo a corrigir as possíveis diferenças entre os valores esperados da amostra e aqueles coletados durante o trabalho de campo.";"A pesquisa foi realizada por uma equipe de 4 (quatro) entrevistadores e 1 (um) supervisor de campo da empresa EPP EMPRESA DE PESQUISA E CONSULTORIA LTDA - ME, devidamente treinados. Os questionários são submetidos a uma fiscalização de, no mínimo, 20% dos questionários aplicados por cada entrevistador. A fiscalização é realizada simultaneamente à coleta de dados em campo.";"A área de abrangência da pesquisa é o Município de Formosa/GO. A relação completa dos municípios será encaminhada posteriormente, a partir do dia em que a pesquisa puder ser divulgada e até o dia seguinte, conforme Resolução 23.600/2019 do TSE."
"28/09/2026";"05:46:54";2026;81;"Eleições Gerais 2026";"GO";"GO";"GOIÁS";"GO023712026";"2026-09-26 23:47:55";"N";"64500153000180";"LAIS CRISTINA RODRIGUES DE OLIVEIRA LTDA";"IPSENSUS PESQUISAS";"Governador, Deputado Federal, Deputado Estadual";"2026-09-27 00:00:00";"2026-09-30 00:00:00";"2026-10-02 00:00:00";300;"7655";"AUGUSTO DA SILVA ROCHA";"5000,00";"Pesquisa quantitativa, com realização de entrevistas pessoais e aplicação de questionário estruturado junto a uma amostra representativa do eleitorado do MUNICIPIO DE Águas Lindas de Goiás/GO.";"A amostra será representativa do eleitorado da área de abrangência da pesquisa e será selecionada em três estágios. No primeiro estágio, será realizado o sorteio probabilístico dos municípios onde as entrevistas serão realizadas, por meio do método PPT (Probabilidade Proporcional ao Tamanho), considerando a população eleitora com 16 anos ou mais residente nos municípios como base para essa seleção. No segundo estágio, será realizado o sorteio probabilístico dos setores censitários onde as entrevistas serão realizadas, também por meio do método PPT (Probabilidade Proporcional ao Tamanho), tomando como base a população eleitora de 16 anos ou mais residente nos respectivos setores censitários. No terceiro estágio, a seleção do entrevistado dentro de cada setor censitário será feito por meio de cotas amostrais proporcionais, considerando as seguintes variáveis :
Gênero: FEMININO 53,69% ; MASCULINO 46,31% ; Faixa etária: 16 a 24 anos 15,85% ; 25 a 34 anos 21,06% ; 35 a 44 anos 21,50% ; 45 a 59 anos 24,04% ; 60 anos ou mais 17,55% ; Grau de instrução: Analfabeto 4,34% ; Ensino Fundamental Completo 5,30% ; Ensino Fundamental Incompleto 21,04% ; Ensino Médio Completo 27,34% ; Ensino Médio Incompleto 21,29% ; Lê E Escreve 8,26% ; Superior Completo 7,56% ; Superior Incompleto 4,87% ; Fonte dos dados: TSE-Tribunal Superior Eleitoral/agosto2026; Cruzamento Eleitorado Mensal https://sig.tse.jus.br/ords/dwapr/r/seai/sig-eleitor-eleitorado-mensal/cruzamento-eleitorado-mensal?p0_municipio=TIMON&p0_uf=MA&session=208976630030761; Ano=2026; Mês = agosto; UF= MA; MUNICIPIO = Timon; Renda familiar: Até 1/2 salário mínimo 4,25% ; Mais de 1/2 a 1 salário mínimo 17,72% ; Mais de 1 a 2 salários mínimos 28,33% ; Mais de 2 a 5 salários mínimos 30,49% ; Mais de 5 a 10 salários mínimos 9,86% ; Mais de 10 a 20 salários mínimos 3,30% ; Mais de 20 salários mínimos 1,22% ; Sem rendimento 4,83% ; Fonte dos dados: IBGE-Censo 2010-IBGE-CENSO 2022 (IBGE/Censo 2010 - Classe de rendimento nominal mensal domiciliar) ; https://cidades.ibge.gov.br/brasil/ma/timon/pesquisa/23/24304 ;

Observação: Conforme informações obtidas do Instituto Brasileiro de Geografia e Estatística - IBGE, o instituto não divulgou e não tem previsão de data para divulgação do perfil econômico (nível econômico) da população brasileira; portanto, os dados quanto ao nível econômico obtidos no Censo 2022 não podem ser utilizados, pois não foram publicados. (https://censo2022.ibge.gov.br/panorama/). Está prevista eventual ponderação para correção das variáveis gênero e faixa etária, com base nos percentuais acima apresentados, caso ocorram diferenças superiores a MARGEM DE ERRO definida entre a amostra prevista e a coleta realizada. Para as variáveis escolaridade e renda domiciliar mensal, o fator de ponderação será igual a 1, considerando-se os resultados obtidos em campo. Dentro do público-alvo anteriormente descrito, serão realizadas 300 entrevistas. O nível de confiança estimado é de 95% para uma margem de erro estimada, considerando uma técnica de amostragem aleatória simples (AAS), de aproximadamente 5,7pontos percentuais para mais ou para menos sobre os resultados obtidos.";"Para a realização da pesquisa, serão conduzidas uma equipe de entrevistadores e supervisores credenciados e devidamente treinados pela empresa para esse tipo de pesquisa. Após os trabalhos de coleta dos dados, 100% dos questionários são criticados e passam por uma fiscalização de cerca de 20% (vinte por cento) dos questionários aplicados por cada entrevistador; passam por uma etapa de verificação da consistência das respostas e da adequação dos entrevistados aos parâmetros amostrais";"#NULO#"
"28/09/2026";"05:46:54";2026;81;"Eleições Gerais 2026";"GO";"GO";"GOIÁS";"GO085552026";"2026-09-26 17:42:44";"S";"39147895000127";"AGENCIA CALCULU'S DE PESQUISA E JORNALISMO LTDA";"JORNAL LIDER";"Governador, Senador, Deputado Federal, Deputado Estadual";"2026-09-24 00:00:00";"2026-09-25 00:00:00";"2026-10-02 00:00:00";628;"8745";"Cleudimar Nobre Dantas";"3600,00";"Pesquisa quantitativa, do tipo survey, com realização de entrevistas diretas, por meio da aplicação de questionário estruturado, em uma amostra significativa da população em estudo, composta pelo eleitorado do Município de Itumbiara/GO com total de 75.059 eleitores em agosto de 2026. A pesquisa foi realizada nos dias 24 e 25 de setembro de 2026.";"O universo pesquisado (ou população de estudo) é o eleitorado do Município de Itumbiara/GO com total de 75.059 eleitores em agosto de 2026, com 16 anos ou mais, que esteja apto a votar. O tamanho da amostra prevista é de 628 entrevistas, com uma margem de erro de 3,9% e confiabilidade de 95%. A amostra foi calculada pelo método de amostragem aleatória simples, essa amostra é estratificada, urbana, com as cotas de ponderação segundo as variáveis sexo, idade, grau de instrução e nível econômico do eleitorado. O tamanho dos estratos será proporcional a esses segmentos, de acordo com as informações de estatística do eleitorado fornecidas pelo Tribunal Superior Eleitoral ¿ TSE (dados do eleitorado de agosto/2026) e, para as classes de rendimento, dados do Sistema IBGE de Recuperação Automática - SIDRA /2022 (tabela 10.296). Os tamanhos desses segmentos são:
1. Sexo (Feminino: 53,8% / Masculino: 46,2%); 2. Faixa etária (16-24 anos: 11,8% / 25-34 anos: 17,4% / 35-44 anos: 18,9% / 45-59 anos: 27,0% / 60 anos ou mais: 24,9%); 3. Escolaridade (Analfabeto: 2,4% / Lê e escreve: 4,8% / Ensino Fundamental (incompleto/completo): 26,1% / Ensino Médio (incompleto/completo): 46,2% / Ensino Superior (incompleto/completo): 20,5%; 4. Renda familiar (até 1 salário mínimo: 50,8% / De 1 a 2 salários mínimos: 29,9% / De 2 a 3 salários mínimos: 9,9% / De 3 a 5 salários mínimos: 5,5% / Acima de 5 salários mínimos: 3,9%). Ao final da pesquisa, será aplicado fator de ponderação de modo a corrigir as possíveis diferenças entre os valores esperados da amostra e aqueles coletados durante o trabalho de campo.";"A pesquisa foi realizada por uma equipe de 3 (três) entrevistadores e 1 (um) supervisor de campo da empresa AGENCIA CALCULU'S DE PESQUISA E JORNALISMO LTDA, devidamente treinados. Os questionários são submetidos a uma fiscalização de, no mínimo, 20% dos questionários aplicados por cada entrevistador. A fiscalização é realizada simultaneamente à coleta de dados em campo.";"A área de abrangência da pesquisa é o Município de Itumbiara/GO. A relação completa dos municípios será encaminhada posteriormente, a partir do dia em que a pesquisa puder ser divulgada e até o dia seguinte, conforme Resolução 23.600/2019 do TSE."
"28/09/2026";"05:46:54";2026;81;"Eleições Gerais 2026";"GO";"GO";"GOIÁS";"GO040232026";"2026-09-18 16:58:00";"N";"04851508000154";"INSTITUTO GAZETA LTDA";"IGAPE- INSTITUTO GAZETA DE PEQUISAS";"Governador, Senador, Deputado Federal, Deputado Estadual";"2026-09-19 00:00:00";"2026-09-23 00:00:00";"2026-09-24 00:00:00";600;"10394";"FILIPE MOREIRA MARTINE";"6000,00";"Metodologia utilizada é Survey quantitativo, com realização das entrevistas de maneira pessoal em domicílio, com aplicação de questionário estruturado e padronizado em plataforma digital (tablet ou computador) junto a uma amostra representativa dos eleitores de municipios da Microrregião de Anicuns";"O universo da pesquisa é composto por eleitores da Microrregião de Anicuns. A amostra prevista será de 600 entrevistas. A Seleção da amostra será realizada utilizando-se quotas amostrais proporcionais, em função das seguintes variáveis. SEXO: Masculino: 48,0%; Feminino: 52,0%- IDADE: 16 a 29 anos: 19%; 30 a 44 anos: 26%; 45 a 59 anos: 27%; 60 anos ou mais: 28% - ESCOLARIDADE: Analfabeto/Lê e escreve: 10%; Fundamental completo ou incompleto: 30%; Médio completo ou incompleto: 42%; Superior completo ou incompleto: 18%; RENDA INDIVIDUAL: Até 1 SM: (38%); Acima de 1 a 2 SM: (35%); Acima de 2 SM (27%). Está prevista eventual ponderação para correção das variáveis, com base nos percentuais acima apresentados. Margem de Erro: A margem de erro máxima prevista para o total da amostra é de 4,0 pontos percentuais para mais ou para menos, considerando um nível de confiança de 95%. Fonte de Dados: TSE: Estatísticas do Eleitorado 2026 e IBGE Censo 2022.";"A coleta de dados é realizada por entrevistadores, orientados por coordenadores de campo. Todos os questionários preenchidos recebem crítica para avaliação da consistência dos dados coletados, sendo que 20% dos questionários serão submetidos à conferência através de novos contatos com os entrevistados, medida sempre adotada que visa garantir a qualidade e fidelidade dos dados coletados. Conforme §6º. do art. 2º. da Resolução-TSE nº. 23.549, o pedido de registro poderá ser complementado pela entrega destes dados ao Tribunal Eleitoral até o sétimo dia seguinte ao registro da pesquisa. Serão enviados os dados relativos aos bairros abrangidos, na ausência de delimitação dos bairros, será identificada a área em que foi realizada";"#NULO#"
"28/09/2026";"05:46:54";2026;81;"Eleições Gerais 2026";"GO";"GO";"GOIÁS";"GO087812026";"2026-09-26 21:59:59";"S";"56824073000152";"EXATA.GO PESQUISA LTDA";"EXATA.GO";"Governador, Deputado Estadual";"2026-09-27 00:00:00";"2026-10-01 00:00:00";"2026-10-02 00:00:00";300;"7655";"AUGUSTO DA SILVA ROCHA";"10000,00";"A pesquisa cobrirá o município envolvendo todas regiões do município de Águas Lindas de Goias/GO Universo da pesquisa será dos eleitores com 16 anos ou mais. A amostra representará os eleitores do Município, selecionados em 2(dois) estágios. No primeiro estágio, os setores censitários, onde as entrevistas serão realizadas, foram selecionadas, probabilisticamente, através do método PPT - Probabilidade Proporcional ao Tamanho, tomando o número de eleitores como base para seleção. No segundo estágio, a seleção do entrevistado, dentro do setor censitário, será feita utilizando-se quotas proporcionais, e a abordagem será domiciliar.";"Utilizamos quotas proporcionais, em função das seguintes variáveis: Gênero: FEMININO 53,85% ;
MASCULINO 46,15% ;
Faixa etária: 16 a 24 anos 18,84% ;
25 a 34 anos 23,74% ;
35 a 44 anos 20,72% ;
45 a 59 anos 25,38% ;
60 anos ou mais 11,32% ;
Grau de instrução:
Analfabeto 1,61% ;
Ensino Fundamental Completo 5,74% ;
Ensino Fundamental Incompleto 24,43% ;
Ensino Médio Completo 30,22% ;
Ensino Médio Incompleto 23,55% ;
Lê E Escreve 5,19% ;
Superior Completo 5,42% ;
Superior Incompleto 3,84% ;

Fonte dos dados: TSE-Tribunal Superior Eleitoral/agosto2026; Cruzamento Eleitorado Mensal https://sig.tse.jus.br/ords/dwapr/r/seai/sig-eleitor-eleitorado-mensal/cruzamento-eleitorado-mensal?p0_municipio=%C3%81GUAS%20LINDAS%20DE%20GOI%C3%81S&p0_uf=GO&session=314467251301216 ;
Ano=2026; Mês = agosto; UF= GO; MUNICIPIO = Águas Lindas de Goias;

Renda familiar (A variável ¿classe de rendimento nominal mensal domiciliar¿ corresponde à classificação dos domicílios segundo a soma dos rendimentos nominais mensais de seus moradores, expressa em faixas de salários mínimos vigentes no período de referência do Censo Demográfico 2010. Trata-se da renda total do domicílio, não dividida pelo número de moradores, não devendo ser confundida com rendimento domiciliar per capita. Para fins de planejamento amostral e ponderação, foram preservadas as categorias e os percentuais originalmente disponibilizados pelo IBGE, sem reagrupamento ou recálculo das faixas.):
Até 1/2 salário mínimo 1,42% ;
Mais de 1/2 a 1 salário mínimo 15,18% ;
Mais de 1 a 2 salários mínimos 30,27% ;
Mais de 2 a 5 salários mínimos 39,58% ;
Mais de 5 a 10 salários mínimos 7,68% ;
Mais de 10 a 20 salários mínimos 1,09% ;
Mais de 20 salários mínimos 0,20% ;
Sem rendimento 4,58% ;

Fonte dos dados: IBGE-Censo 2010-IBGE-CENSO 2022 (IBGE/Censo 2010 - Classe de rendimento nominal mensal domiciliar) ; https://cidades.ibge.gov.br/brasil/go/aguas-lindas-de-goias/pesquisa/23/24304 ;
""Está prevista eventual ponderação da amostra para correção das variáveis sexo, idade, renda familiar e escolaridade com base nos percentuais anteriormente mencionados, caso ocorram diferenças entre os percentuais previstos na amostra e a coleta de dados realizada. O nível de confiança estimado é de 95% e a margem de erro máxima prevista, baseada em uma amostra aleatória simples (AAS), é de cerca de 5,7 pontos percentuais para mais ou para menos em relação aos totais da amostra. Nível Econômico: IBGE (Censo/2010) - Observação: Conforme informações obtidas do Instituto Brasileiro de Geografia e Estatística, o IBGE, não divulgou - e não tem previsão - de data para divulgação do perfil econômico (nível econômico) da população brasileira; portanto, os dados quanto ao nível econômico obtidos no Censo 2022, não podem ser utilizados, pois não foram publicados.""";"Para a realização da pesquisa, utiliza-se uma equipe de entrevistadores e supervisores credenciados devidamente treinados pela empresa para esse tipo de pesquisa. Após os trabalhos de campo, 100% dos questionários são criticados e passam por uma fiscalização de cerca de 20% (vinte por cento) dos questionários aplicados por cada entrevistador; para verificação da consistência das respostas e da adequação dos entrevistados aos parâmetros amostrais.";"#NULO#"
"28/09/2026";"05:46:54";2026;81;"Eleições Gerais 2026";"GO";"GO";"GOIÁS";"GO002672026";"2026-03-20 23:20:08";"S";"00654576000172";"INSTITUTO VERITA LTDA";"VERITA";"Governador, Senador, Deputado Federal, Deputado Estadual";"2026-03-21 00:00:00";"2026-03-25 00:00:00";"2026-03-26 00:00:00";1525;"10699";"GUILHERME ALVARENGA LAIA";"117425,00";"Pesquisa quantitativa, que consiste na realização de entrevistas, com a aplicação de questionário estruturado junto a uma amostra representativa do eleitorado desta Unidade da Federação.";"ESTUDO REPRESENTATIVO DO ELEITORADO DO ESTADO DE GOIÁS - MÉTODO PPT (Probabilidade Proporcional ao Tamanho) - PLANO AMOSTRAL E PONDERAÇÃO QUANTO A SEXO, IDADE, GRAU DE INSTRUÇÃO E NÍVEL ECONÔMICO DO ENTREVISTADO; INTERVALO DE CONFIANÇA E MARGEM DE ERRO: Representativo do eleitorado da área em estudo, elaborada, em vários estágios, da seguinte forma: - 1. Divisão da UF em estratos proporcionais de municípios. 2. Ordenação dos municípios de cada estrato segundo o porte. 3. Sorteio dos municípios de cada estrato. 4. Os respondentes são selecionados através de quotas amostrais proporcionais em função de variáveis significativas, a saber: GÊNERO / FAIXA ETÁRIA - FEMININO E MASCULINO 16 A 34 ANOS 16,7% E 15,2%, 35 A 54 ANOS 20,6% E 18,4%, 55 ANOS OU MAIS 15,7% E 13,5%. GRAU DE INSTRUÇÃO - FEMININO Sem instrução até Ensino Médio completo 60,8%, Ensino superior incompleto e completo % NÍVEL ECONÔMICO - FEMININO população não economicamente ativa 46,5% população economicamente ativa 53,5% MASCULINO população não economicamente ativa 27,2% população economicamente ativa 72,8%. RENDA FAMILIAR DO DOMICÍLIO renda familiar de até 2 salários-mínimos 30,7%; de 2 a 5 salários-mínimos 44,2%, acima de 5 salários-mínimos 25,1%. Está prevista eventual ponderação para correção das variáveis, com base nos percentuais anteriormente mencionados, caso ocorram diferenças superiores a margem de erro da pesquisa previsto entre a amostra e a coleta de dados realizada. O fator previsto para ponderação é 1 (resultados obtidos na coleta de dados). O intervalo de confiança estimado é de 95% e a margem de erro máxima estimada considerando um modelo de amostragem aleatório simples, é de aproximadamente 3 pontos percentuais para mais ou para menos sobre os resultados encontrados no total da amostra. FONTE DOS DADOS: IBGE/Censo 2022 para fins de densidade demográfica, setores censitários e alocação da amostra. IBGE/PNAD/PNADC/MEC/INEP para fins de Nível Econômico e Escolaridade. TSE FEVEREIRO/2026 para fins de Sexo, Faixa Etária e eleitorado por município ou regiões previamente definidas (importante ressaltar para o público leigo que os dados do TSE são os únicos corretos para gênero, idade dos eleitores e quantitativo de eleitores por municípios já que a base de dados se atualiza automaticamente, PORÉM, dados de escolaridade e nível econômico NÃO são corretos e confiáveis devido a desatualização que ocorre naturalmente com o passar dos anos). Definição de margem de erro e intervalo de confiança: Margem de erro e intervalo de confiança não são grandezas diretamente proporcionais. A SOMA NÃO TEM QUE RESULTAR 100%. ";"Após os trabalhos de coleta de dados, os questionários são submetidos a uma fiscalização, conferência e checagem de cerca de 20% (vinte por cento) dos questionários aplicados.";"A relação dos municípios sorteados ou selecionados para esta pesquisa será apresentada em arquivo anexo até 1 (um) dia após a divulgação desta pesquisa conforme §7º. do art. 2º. da Resolução-TSE nº. 23.600/2019. A área de abrangência desta pesquisa é o Estado DE GOIÁS"
"28/09/2026";"05:46:54";2026;81;"Eleições Gerais 2026";"GO";"GO";"GOIÁS";"GO073902026";"2026-04-14 21:01:52";"N";"44826961000125";"SMS - DIRECT PESQUISAS E MARKETING LTDA";"DIRECT PESQUISAS";"Governador, Senador, Deputado Federal, Deputado Estadual";"2026-04-15 00:00:00";"2026-04-17 00:00:00";"2026-04-20 00:00:00";800;"10526";"José Dos Reis Cunha Filho";"6000,00";"Pesquisa quantitativa com abordagem porta a porta, com eleitores que votam e/ou residem no município de Anápolis no estado de Goiás, consistindo na realização de entrevistas pessoais e individuais, com a aplicação de questionário estruturado junto a uma amostra representativa do eleitorado em estudo. Devido a ordem probabilística da amostra, nesta pesquisa será considerada apenas os eleitores residentes dentro do município ou que no dia da entrevista estejam nele. Todas as entrevistas são espontâneas e os dados são sigilosos, guardados no banco de dados do instituto para tabulação e apresentação gráfica e analítica.";"Trata-se de uma amostra probabilística estratificada, com abordagem aleatória simples através de cotas de sexo, idade e escolaridade, ponderadas de acordo com a estatística do Eleitorado do TSE, 2026 (https://sig.tse.jus.br) e renda ponderada de acordo com registro do último senso estratificado do IBGE (https://cidades.ibge.gov.br) e em conformidade com a Resolução do TSE 23.600/2019, complementada pela Resolução 23.676/2021, com entrevistas domiciliares aos eleitores de 16 anos ou mais que exerça seu voto nos municípios de Anápolis. Totalizando uma população eleitoral de 283.464 e amostra de 800, a um nível de confiança = 95%; Nível de significância = 5%; Margem de erro = 3,46%, com P = 0,5.
SEXO: Masculino (46,23%), Feminino (53,77%); FAIXA ETÁRIA: até 24 anos (12,31%), de 25 a 34 anos (19,61%), de 35 a 44 anos (19,86%), de 45 a 59 anos (25,70%), 60 anos ou mais (22,51%); ESCOLARIDADE: Analfabeto (1,28%), Lê e escreve (3,51%), 1º Grau inc/comp (25,15%), 2º Grau inc/comp (48,33%), 3º Grau inc/comp (21,73%); RENDA: Até 1 salário (13,69%), entre 1 e 2 salários (21,05%), entre 2 e 5 salários (39,67%), entre 5 e 10 salários (16,60%), Mais de 10 salários (8,99%).
";"Os questionários são aplicados com uso de equipamentos eletrônicos, supervisão in loco e via GPS, passarão por conferência através de novo contato até 20% dos entrevistados, todas as regiões pesquisadas foram selecionadas proporcionalmente.";"Os bairros serão anexados de acordo com a resolução."
"28/09/2026";"05:46:54";2026;81;"Eleições Gerais 2026";"GO";"GO";"GOIÁS";"GO026572026";"2026-09-21 14:55:36";"S";"15015873000145";"DIAGNOSTICO PESQUISAS DE COMPORTAMENTO EIRELI";"DIAGNOSTICO PESQUISAS DE COMPORTAMENTO";"Governador, Senador, Deputado Federal, Deputado Estadual";"2026-09-15 00:00:00";"2026-09-18 00:00:00";"2026-09-27 00:00:00";1115;"8631";"Alexandre Vasconcelos Lima";"10000,00";"Pesquisa quantitativa tipo SURVEY, com entrevistas pessoais estruturadas em setores da REGIÃO METROPOLITANA: GOIÂNIA - APARECIDA DE GOIÂNIA - TRINDADE E SENADOR CANEDO, seguindo rigorosamente as diretrizes da Resolução TSE nº 23.600/2019 e as boas práticas ABEP.
Foram aplicados 1.115 questionários pelo processo ""intercept"" domiciliar (lado esquerdo, salto um,lado direito), com apenas uma pessoa entrevistada por família ou domicílio abordado. O universo estimado é de 1.016.176 eleitores, tendo como base o Censo IBGE 2022 e TSE 2026.";"Tipo de amostragem: Amostragem por cotas, com seleção randômica dos entrevistados. Cotas segundo as variáveis sexo, faixa etária, escolaridade, renda, garantindo representatividade dapopulação, de forma a reproduzir o perfil do eleitorado do município conforme dados oficiais do IBGE e do TSE. Cotas conforme abaixo
1) Sexo: Masc: 44,9% | Fem: 55,1%;
2) Idade: 16-24: 10,5% | 25-34: 18,8% | 35-44: 20,7% | 45-59: 26,7% | 60+: 23,3%;
3) Instrução: Analfabeto: 0,7% | Lê e Escreve: 2,4% | Fundamental: 18,3% | Médio: 48,6% | Superior: 30,1%;
4) Renda: Até 03 Salários Mínimos: 40,8% | Acima de 03 Salários Mínimos: 59,2%.
Está prevista eventual ponderação para correção das variáveis gênero, faixa etária e escolaridade, com base nos percentuais acima apresentados, caso ocorram diferenças superiores a 3,0 (três) pontos percentuais entre o previsto na amostra e a coleta realizada. Para a variável nível econômico, o fator de ponderação é igual a 1 (resultados obtidos no campo).
Modo de coleta: Coleta presencial (face a face), realizada por entrevistadores em domicílios e/ou pontos de fluxo, mediante aplicação de questionário estruturado, sem interferência nas respostas dos entrevistados.
Margem de erro e confiança: O nível de confiança estimado é de 95% (noventa e cinco por cento) para uma margem de erro estimada, considerando uma técnica de amostragem aleatória simples, de 2,93 (dois vírgula noventa e três) pontos percentuais sobre os resultados obtidos. Ressalta-se que esta margem de erro e grau de confiabilidade se aplica ao total da amostra, não devendo ser considerado para os resultados dentro de cada estrato e nem para os resultados gerados pelo cruzamento de variáveis.
Fonte dos dados: TSE - estatística do eleitorado e no Censo/IBGE.";"Trabalho de campo executado por 01 equipe, com 04 entrevistadores, sob a supervisão de 01 coordenador, no período de: 15 a 18 de setembro de 2026.
Aproximadamente 20% das entrevistas passaram por verificação in loco (reentrevista por amostragem aleatória) e 100% dos formulários sofreram consistência lógica e auditoria de dados (validação de duração mínima, coerência entre respostas, checagem de outliers).";"Goiânia: centro, sul, bueno, vila mutirão, jardim Curitiba, finsocial, balneário meia ponte, Capuava, Pedroso, dom Fernando, novo mundo, universitário, Guanabara, vila nova, sudoeste, pedro ludovico, serrinha, três marias, presidente, novo horizonte, vila boa, moinho dos ventos, Campinas, coimbrã, Santa Helena, parque Amazônia, parque Anhanguera, Faicalville e Santa Rita;
Aparecida: centro, cidade livre, tiradentes, colina azul, Veiga jardim, vila Brasília, Cruzeiro do Sul, Santa Luzia, parque das nações, independência mançoes, bairro Cardoso, Garavelo, aeroporto sul, retiro do bosque nova Olinda, jardim Ipiranga;
Senador Canedo: vila Galvão, Valéria perilo, morada do morro, todos os Santos, Prado, São Sebastião, jd das oliveiras, paraíso, primavera, uirapuru, Nova Goiânia, Boa Vista, estrela do Sul e morada do Sol;
Trindade: Maysa I e Maysa 2, jd Marista, pontakaiana, Garavelo decolores, vila Maria, pai eterno, vida nova, monte Sinai, Serra dourada, imperial I, estrela do oriente, sol dourado, st Cristina II.
"
"28/09/2026";"05:46:54";2026;81;"Eleições Gerais 2026";"GO";"GO";"GOIÁS";"GO013082026";"2026-05-10 20:04:34";"N";"04851508000154";"INSTITUTO GAZETA LTDA";"IGAPE- INSTITUTO GAZETA DE PEQUISAS";"Governador, Senador, Deputado Federal, Deputado Estadual";"2026-05-11 00:00:00";"2026-05-15 00:00:00";"2026-05-16 00:00:00";500;"10394";"FILIPE MOREIRA MARTINE";"3000,00";"A metodologia utilizada é Survey quantitativo, com realização das entrevistas de maneira pessoal em domicílio, com aplicação de questionário estruturado e padronizado em plataforma digital (tablet ou computador) junto a uma amostra representativa dos eleitores de Itumbiara.";"O universo da pesquisa é composto por eleitores de Itumbiara, com idade a partir de 16 anos. A amostra prevista será de 500 entrevistas. A Seleção da amostra será realizada utilizando-se quotas amostrais proporcionais, em função das seguintes variáveis. SEXO: Masculino: (46%); Feminino: (54%) - IDADE: 16 a 29 anos (20%); 30 a 44 anos: (28%); 45 a 59 anos: (27%); 60 anos ou mais: (25%) - ESCOLARIDADE: Analfabeto/Lê e escreve: (7%); Fundamental completo ou incompleto: (27%); Médio completo ou incompleto: (45%); Superior completo ou incompleto: (21%); RENDA INDIVIDUAL: Até 1 SM: (30%); De 1 a 2 SM: (32%); Acima de 2 SM (38%). Está prevista eventual ponderação para correção das variáveis, com base nos percentuais acima apresentados - Área física: Município de Itumbiara - GO. Margem de Erro: A margem de erro máxima prevista para o total da amostra é de 4,3 pontos percentuais para mais ou para menos, considerando um nível de confiança de 95%. Fonte de Dados: TSE: Estatísticas do Eleitorado 2026 e IBGE Censo 2022.";"A coleta de dados é realizada por entrevistadores, orientados por coordenadores de campo. Todos os questionários preenchidos recebem crítica para avaliação da consistência dos dados coletados, sendo que 20% dos questionários serão submetidos à conferência através de novos contatos com os entrevistados, medida sempre adotada que visa garantir a qualidade e fidelidade dos dados coletados. Conforme §6º. do art. 2º. da Resolução-TSE nº. 23.549, o pedido de registro poderá ser complementado pela entrega destes dados ao Tribunal Eleitoral até o sétimo dia seguinte ao registro da pesquisa. Serão enviados os dados relativos aos bairros abrangidos, na ausência de delimitação dos bairros, será identificada a área em que foi realizada)";"CENTRO, JARDIM LIBERDADE, AFONSO PENA, VILA VITORIA, PLANALTO, SETOR NOSSA SENHORA DA SAUDE, CONJ. HAB. DONA NORMA GIBALDI, JARDIM LEONORA, SETOR SANTOS DUMONT, VILA DE FURNAS, ALTO DA BOA VISTA, NOVA AURORA, SETOR BURITYS, SETOR PARANAIBA, PARQUE DOS BURITIS, NOVA VENEZA, SETOR DONA MAROLINA, VILA MUTIRÃO"
"28/09/2026";"05:46:54";2026;81;"Eleições Gerais 2026";"GO";"GO";"GOIÁS";"GO069672026";"2026-01-21 09:36:53";"N";"01403730000104";"E P P EMPRESA DE PESQUISA E CONSULTORIA LTDA";"E P P";"Governador, Senador, Deputado Federal, Deputado Estadual";"2026-01-12 00:00:00";"2026-01-14 00:00:00";"2026-01-27 00:00:00";593;"8745";"Cleudimar Nobre Dantas";"15000,00";"Pesquisa quantitativa, do tipo survey, com realização de entrevistas diretas, por meio da aplicação de questionário estruturado, em uma amostra significativa da população em estudo, composta pelo eleitorado do município de Município de Porangatu/GO com total de 30.370 eleitores em dezembro de 2025. A pesquisa foi realizada nos dias 12 a 14 de janeiro de 2026.";"O universo pesquisado (ou população de estudo) é o eleitorado do município de Município de Porangatu/GO com total de 30.370 eleitores em dezembro de 2025, com 16 anos ou mais, que esteja apto a votar. O tamanho da amostra prevista é de 593 entrevistas, com uma margem de erro de 4% e confiabilidade de 95%. A amostra foi calculada pelo método de amostragem aleatória simples, essa amostra é estratificada, urbana, com as cotas de ponderação segundo as variáveis sexo, idade, grau de instrução e nível econômico do eleitorado. O tamanho dos estratos será proporcional a esses segmentos, de acordo com as informações de estatística do eleitorado fornecidas pelo Tribunal Superior Eleitoral ¿ TSE (dados do eleitorado de dezembro/2025) e, para as classes de rendimento, dados do Censo Demográfico 2010 realizado pelo Instituto Brasileiro de Geografia e Estatística - IBGE. Os tamanhos desses segmentos são:
1. Sexo (Feminino: 53% / Masculino: 47%); 2. Faixa etária (16-24 anos: 12% / 25-34 anos: 18% / 35-44 anos: 18% / 45-59 anos: 27% / 60 anos ou mais: 25%); 3. Escolaridade (Analfabeto: 4% / Lê e escreve: 5% / Ensino Fundamental (incompleto/completo): 30% / Ensino Médio (incompleto/completo): 42% / Ensino Superior (incompleto/completo): 19%; 4. Renda familiar (até 1 salário mínimo: 68% / De 1 a 2 salários mínimos: 18% / De 2 a 5 salários mínimos: 9% / De 5 a 10 salários mínimos: 4% / Acima de 10 salários mínimos: 1%). Ao final da pesquisa, será aplicado fator de ponderação de modo a corrigir as possíveis diferenças entre os valores esperados da amostra e aqueles coletados durante o trabalho de campo.";"A pesquisa foi realizada por uma equipe de 4 (quatro) entrevistadores e 1 (um) supervisor de campo da empresa EPP EMPRESA DE PESQUISA E CONSULTORIA LTDA - ME, devidamente treinados. Os questionários são submetidos a uma fiscalização de, no mínimo, 20% dos questionários aplicados por cada entrevistador. A fiscalização é realizada simultaneamente à coleta de dados em campo.";"A área de abrangência da pesquisa é o município de Município de Porangatu/GO. A relação completa dos municípios será encaminhada posteriormente, a partir do dia em que a pesquisa puder ser divulgada e até o dia seguinte, conforme Resolução 23.600/2019 do TSE."
"28/09/2026";"05:46:54";2026;81;"Eleições Gerais 2026";"GO";"GO";"GOIÁS";"GO047102026";"2026-03-11 22:06:17";"S";"44826961000125";"SMS - DIRECT PESQUISAS E MARKETING LTDA";"DIRECT PESQUISAS";"Governador, Senador, Deputado Federal, Deputado Estadual";"2026-03-14 00:00:00";"2026-03-15 00:00:00";"2026-03-17 00:00:00";350;"10526";"José Dos Reis Cunha Filho";"4000,00";"Pesquisa quantitativa com abordagem porta a porta, com eleitores que votam e/ou residem no município de Mineiros no estado de Goiás, consistindo na realização de entrevistas pessoais e individuais, com a aplicação de questionário estruturado junto a uma amostra representativa do eleitorado em estudo. Devido a ordem probabilística da amostra, nesta pesquisa será considerada apenas os eleitores residentes dentro do município ou que no dia da entrevista estejam nele. Todas as entrevistas são espontâneas e os dados são sigilosos, guardados no banco de dados do instituto para tabulação e apresentação gráfica e analítica.";"Trata-se de uma amostra probabilística estratificada, com abordagem aleatória simples através de cotas de sexo, idade e escolaridade, ponderadas de acordo com a estatística do Eleitorado do TSE, 2026 (https://sig.tse.jus.br) e renda ponderada de acordo com registro do último senso estratificado do IBGE (https://cidades.ibge.gov.br) e em conformidade com a Resolução do TSE 23.600/2019, complementada pela Resolução 23.676/2021, com entrevistas domiciliares aos eleitores de 16 anos ou mais que exerça seu voto no município de Mineiros. Totalizando uma população eleitoral de 50.728 e amostra de 350, a um nível de confiança = 95%; Nível de significância = 5%; Margem de erro = 5,22%, com P = 0,5.
SEXO: Masculino (47,51%), Feminino (52,49%); FAIXA ETÁRIA: até 24 anos (13,42%), de 25 a 34 anos (21,21%), de 35 a 44 anos (22,33%), de 45 a 59 anos (23,66%), 60 anos ou mais (19,38%); ESCOLARIDADE: Analfabeto (3,40%), Lê e escreve (4,19%), 1º Grau inc/comp (30,43%), 2º Grau inc/comp (40,80%), 3º Grau inc/comp (21,18%); RENDA: Até 1 salário (13,15%), entre 1 e 2 salários (18,91%), entre 2 e 5 salários (39,99%), entre 5 e 10 salários (19,01%), Mais de 10 salários (8,94%).
";"Os questionários são aplicados com uso de equipamentos eletrônicos, supervisão in loco e via GPS, passarão por conferência através de novo contato até 20% dos entrevistados, todas as regiões pesquisadas foram selecionadas proporcionalmente.";"Os bairros serão anexados de acordo com a resolução."
"28/09/2026";"05:46:54";2026;81;"Eleições Gerais 2026";"GO";"GO";"GOIÁS";"GO090032026";"2026-02-18 22:05:12";"N";"04851508000154";"INSTITUTO GAZETA LTDA";"IGAPE- INSTITUTO GAZETA DE PEQUISAS";"Governador, Senador, Deputado Federal, Deputado Estadual, Deputado Distrital";"2026-02-20 00:00:00";"2026-02-22 00:00:00";"2026-02-24 00:00:00";600;"10394";"FILIPE MOREIRA MARTINE";"3000,00";"A metodologia utilizada é Survey quantitativo, com realização das entrevistas de maneira pessoal em domicílio, com aplicação de questionário estruturado e padronizado em plataforma digital (tablet ou computador) junto a uma amostra representativa dos eleitores de Aparecida de Goiânia.";"O universo da pesquisa é composto por eleitores de Aparecida de Goiânia, com idade a partir de 16 anos. A amostra prevista será de 600 entrevistas. A Seleção da amostra será realizada utilizando-se quotas amostrais proporcionais, em função das seguintes variáveis. SEXO: Masculino: (46%); Feminino: (54%) - IDADE: 16 a 29 anos (24%); 30 a 44 anos: (33%); 45 a 59 anos: (26%); 60 anos ou mais: (17%) - ESCOLARIDADE: Analfabeto/Lê e escreve: (6%); Fundamental completo ou incompleto: (26%); Médio completo ou incompleto: (54%); Superior completo ou incompleto: (14%); RENDA INDIVIDUAL: Até 1 SM: (29%); De 1 a 2 SM: (41%); Acima de 2 SM (30%). Está prevista eventual ponderação para correção das variáveis, com base nos percentuais acima apresentados - Área física: Município de Aparecida de Goiânia - GO. Margem de Erro: A margem de erro máxima prevista para o total da amostra é de 4,0 pontos percentuais para mais ou para menos, considerando um nível de confiança de 95%. Fonte de Dados: TSE: Estatísticas do Eleitorado 2026 e IBGE Censo 2022.";"A coleta de dados é realizada por entrevistadores, orientados por coordenadores de campo. Todos os questionários preenchidos recebem crítica para avaliação da consistência dos dados coletados, sendo que 20% dos questionários serão submetidos à conferência através de novos contatos com os entrevistados, medida sempre adotada que visa garantir a qualidade e fidelidade dos dados coletados. Conforme §6º. do art. 2º. da Resolução-TSE nº. 23.549, o pedido de registro poderá ser complementado pela entrega destes dados ao Tribunal Eleitoral até o sétimo dia seguinte ao registro da pesquisa. Serão enviados os dados relativos aos bairros abrangidos, na ausência de delimitação dos bairros, será identificada a área em que foi realizada)";"SEGUE EM ANEXO, CONFORME LEGISLAÇÃO VIGENTE"
"28/09/2026";"05:46:54";2026;81;"Eleições Gerais 2026";"GO";"GO";"GOIÁS";"GO095612026";"2026-09-10 16:15:35";"N";"04851508000154";"INSTITUTO GAZETA LTDA";"IGAPE- INSTITUTO GAZETA DE PEQUISAS";"Governador, Senador, Deputado Federal, Deputado Estadual";"2026-09-10 00:00:00";"2026-09-11 00:00:00";"2026-09-16 00:00:00";500;"10394";"Filipe Moreira Martine";"5000,00";"A metodologia utilizada é Survey quantitativo, com realização das entrevistas de maneira pessoal em domicílio, com aplicação de questionário estruturado e padronizado em plataforma digital (tablet ou computador) junto a uma amostra representativa dos eleitores de Valparaíso de Goiás";"O universo da pesquisa é composto por eleitores de Valparaíso de Goiás, com idade a partir de 16 anos. A amostra prevista será de 500 entrevistas. A Seleção da amostra será realizada utilizando-se quotas amostrais proporcionais, em função das seguintes variáveis. SEXO: Masculino: (45%); Feminino: (55%) - IDADE: 16 a 29 anos (20%); 30 a 44 anos: (30%); 45 a 59 anos: (27%); 60 anos ou mais: (23%) - ESCOLARIDADE: Analfabeto/Lê e escreve: (3%); Fundamental completo ou incompleto: (19%); Médio completo ou incompleto: (48%); Superior completo ou incompleto: (30%); RENDA INDIVIDUAL: Até 1 SM: (27%); De 1 a 2 SM: (40%); Acima de 2 SM (33%). Está prevista eventual ponderação para correção das variáveis, com base nos percentuais acima apresentados - Área física: Município de Valparaíso de Goiás - GO. Margem de Erro: A margem de erro máxima prevista para o total da amostra é de 4,4 pontos percentuais para mais ou para menos, considerando um nível de confiança de 95%. Fonte de Dados: TSE: Estatísticas do Eleitorado 2026 e IBGE Censo 2022.";"A coleta de dados é realizada por entrevistadores, orientados por coordenadores de campo. Todos os questionários preenchidos recebem crítica para avaliação da consistência dos dados coletados, sendo que 20% dos questionários serão submetidos à conferência através de novos contatos com os entrevistados, medida sempre adotada que visa garantir a qualidade e fidelidade dos dados coletados. Conforme §6º. do art. 2º. da Resolução-TSE nº. 23.549, o pedido de registro poderá ser complementado pela entrega destes dados ao Tribunal Eleitoral até o sétimo dia seguinte ao registro da pesquisa. Serão enviados os dados relativos aos bairros abrangidos, na ausência de delimitação dos bairros, será identificada a área em que foi realizada)";"#NULO#"
"28/09/2026";"05:46:54";2026;81;"Eleições Gerais 2026";"GO";"GO";"GOIÁS";"GO085632026";"2026-09-10 17:05:41";"N";"04851508000154";"INSTITUTO GAZETA LTDA";"IGAPE- INSTITUTO GAZETA DE PEQUISAS";"Governador, Senador, Deputado Federal, Deputado Estadual";"2026-09-11 00:00:00";"2026-09-14 00:00:00";"2026-09-16 00:00:00";1000;"10394";"Filipe Moreira Martine";"8000,00";"A metodologia utilizada é Survey quantitativo, com realização das entrevistas de maneira pessoal em domicílio, com aplicação de questionário estruturado e padronizado em plataforma digital (tablet ou computador) junto a uma amostra representativa dos eleitores da Região Imediata de Itapuranga - GO";"O universo da pesquisa é composto por eleitores da Região Geográfica Imediata de Itapuranga-GO, com idade a partir de 16 anos. A amostra prevista será de 1000 entrevistas. A Seleção da amostra será realizada utilizando-se quotas amostrais proporcionais, em função das seguintes variáveis. SEXO: Masculino: (49%); Feminino: (51%) - IDADE: 16 a 29 anos (20%); 30 a 44 anos: (27%); 45 a 59 anos: (28%); 60 anos ou mais: (26%) - ESCOLARIDADE: Analfabeto/Lê e escreve: (13%); Fundamental completo ou incompleto: (33%); Médio completo ou incompleto: (39%); Superior completo ou incompleto: (15%); RENDA INDIVIDUAL: Até 1 SM: (39%); Acima de 1 a 2 SM: (35%); Acima de 2 SM (27%). Está prevista eventual ponderação para correção das variáveis, com base nos percentuais acima apresentados - Área física da Região Geográfica Imediata de Itapuranga-GO. Margem de Erro: A margem de erro máxima prevista para o total da amostra é de 3,1 pontos percentuais para mais ou para menos, considerando um nível de confiança de 95%. Fonte de Dados: TSE: Estatísticas do Eleitorado 2026 e IBGE Censo 2022";"A coleta de dados é realizada por entrevistadores, orientados por coordenadores de campo. Todos os questionários preenchidos recebem crítica para avaliação da consistência dos dados coletados, sendo que 20% dos questionários serão submetidos à conferência através de novos contatos com os entrevistados, medida sempre adotada que visa garantir a qualidade e fidelidade dos dados coletados. Conforme §6º. do art. 2º. da Resolução-TSE nº. 23.549, o pedido de registro poderá ser complementado pela entrega destes dados ao Tribunal Eleitoral até o sétimo dia seguinte ao registro da pesquisa. Serão enviados os dados relativos aos bairros abrangidos, na ausência de delimitação dos bairros, será identificada a área em que foi realizada)";"#NULO#"
"28/09/2026";"05:46:54";2026;81;"Eleições Gerais 2026";"GO";"GO";"GOIÁS";"GO089632026";"2026-06-23 21:58:00";"N";"26757039000141";"M.V. DE ALENCAR ISAAC INSTITUTO LUPA";"LUPA INSTITUTO DE PESQUISA";"Governador";"2026-06-24 00:00:00";"2026-06-30 00:00:00";"2026-06-29 00:00:00";1000;"8956";"Francy Anne Barbosa César";"22000,00";"Objetivos: O intuito da pesquisa é averiguar a intenção de votos dos candidatos em/no GOIÁS - BR. Utilizou-se a pesquisa quantitativa, por meio de questionários, Plano amostral e ponderação quanto a sexo, idade, grau de instrução e nível econômico do entrevistado; Nível de confiança e margem de erro.";"Calculou-se a amostra com nível de confiança de 95,00% e margem de erro de 3,1 pontos percentuais para mais ou para menos. O tamanho da população alvo (número de eleitores de(o) GOIÁS - BR) é igual a 5.080.088 eleitores, conforme o Tribunal Superior Eleitoral. Com base no tamanho populacional, nível de confiança e margem de erro chegou-se à amostra de 1000 eleitores de(o) GOIÁS - BR. O eleitor é selecionado aleatoriamente, um por domicílio. Ponderou-se a amostra conforme sexo, idade, grau de instrução, nível econômico e regiões. Os dados referentes a sexo, idade e grau de instrução foram retirados no site do TSE (Tribunal Superior Eleitoral), por meio da url- https://sig.tse.jus.br/ords/dwapr/r/seai/sig-eleitor-eleitorado-mensal/home, tendo como mês e ano de referência. A fonte dos dados relacionados ao nível econômico é do IBGE (Instituto Brasileiro de Geografia e Estatística). Acessado pelo site na data deste plano amostral por meio da url https://sidra.ibge.gov.br/Tabela/1161. Ambas as fontes foram pesquisadas em 23/06/2026. Ponderação quanto ao sexo: masculino - 47,03%; feminino - 52,97% e não informado - 0,00% Ponderação quanto à faixa etária: 16 a 24 anos - 13,05%; 25 a 34 anos - 19,42%; 35 a 44 anos - 20,13%; 45 a 59 anos - 26,14%; 60 anos ou mais - 21,25% e Inválida/Não se aplica/Não informada - 0,00% Ponderação quanto ao grau de escolaridade: Analfabeto - 2,41%; lê e escreve - 5,49%; ensino fundamental - 26,27%; ensino médio - 47,19%; ensino superior - 18,63% e não informado - 0,00%. Ponderação quanto ao nível econômico: Sem rendimento - até 1 salário mínimo - 59,43%; acima de 1 até 3 salários mínimos - 31,39%; acima de 3 até 5 salários mínimos - 4,99%; acima de 5 salários mínimos - 4,20%;";"Todos os entrevistadores são treinados para o trabalho de campo. Cada entrevistador está devidamente identificado com crachá (com foto) e colete do instituto. Os supervisores de campo acompanham in loco a coleta dos dados, garantindo a conferência de todo material coletado. O método é uma entrevista por casa. São entrevistados maiores de 16 anos que votam em GOIÁS - BR. As coletas serão realizadas de forma eletrônica, por meio de tablets, garantindo assim maior agilidade nas informações. Pelo menos 10% dos questionários aplicados pelos entrevistadores são checados pelos supervisores de campo (in loco). Todos os dados são criticados e verificados.";"A área pesquisada será anexada conforme resolução."
"28/09/2026";"05:46:54";2026;81;"Eleições Gerais 2026";"GO";"GO";"GOIÁS";"GO065422026";"2026-05-07 17:11:35";"N";"04851508000154";"INSTITUTO GAZETA LTDA";"IGAPE- INSTITUTO GAZETA DE PEQUISAS";"Governador, Senador, Deputado Federal, Deputado Estadual";"2026-05-08 00:00:00";"2026-05-11 00:00:00";"2026-05-13 00:00:00";1200;"10394";"FILIPE MOREIRA MARTINE";"7500,00";"A metodologia utilizada é Survey quantitativo, com realização das entrevistas de maneira pessoal em domicílio, com aplicação de questionário estruturado e padronizado em plataforma digital (tablet ou computador) junto a uma amostra representativa dos eleitores da Região Imediata de Itapuranga - GO";"O universo da pesquisa é composto por eleitores da Região Geográfica Imediata de Itapuranga-GO, com idade a partir de 16 anos. A amostra prevista será de 1200 entrevistas. A Seleção da amostra será realizada utilizando-se quotas amostrais proporcionais, em função das seguintes variáveis. SEXO: Masculino: (49%); Feminino: (51%) - IDADE: 16 a 29 anos (20%); 30 a 44 anos: (27%); 45 a 59 anos: (28%); 60 anos ou mais: (26%) - ESCOLARIDADE: Analfabeto/Lê e escreve: (13%); Fundamental completo ou incompleto: (33%); Médio completo ou incompleto: (39%); Superior completo ou incompleto: (15%); RENDA INDIVIDUAL: Até 1 SM: (39%); Acima de 1 a 2 SM: (35%); Acima de 2 SM (27%). Está prevista eventual ponderação para correção das variáveis, com base nos percentuais acima apresentados - Área física da Região Geográfica Imediata de Itapuranga-GO. Margem de Erro: A margem de erro máxima prevista para o total da amostra é de 3,0 pontos percentuais para mais ou para menos, considerando um nível de confiança de 95%. Fonte de Dados: TSE: Estatísticas do Eleitorado 2026 e IBGE Censo 2022";"A coleta de dados é realizada por entrevistadores, orientados por coordenadores de campo. Todos os questionários preenchidos recebem crítica para avaliação da consistência dos dados coletados, sendo que 20% dos questionários serão submetidos à conferência através de novos contatos com os entrevistados, medida sempre adotada que visa garantir a qualidade e fidelidade dos dados coletados. Conforme §6º. do art. 2º. da Resolução-TSE nº. 23.549, o pedido de registro poderá ser complementado pela entrega destes dados ao Tribunal Eleitoral até o sétimo dia seguinte ao registro da pesquisa. Serão enviados os dados relativos aos bairros abrangidos, na ausência de delimitação dos bairros, será identificada a área em que foi realizada)";"Região Imediata de Itapuranga, municipios: ( Itapuranga, Goias, Jussara, Mozarlandia, Nova Crixas, Aruanã, Araguapaz, Santa Fé de Goias, Matrichã, Itapirapuã, Britânia)"
"28/09/2026";"05:46:54";2026;81;"Eleições Gerais 2026";"GO";"GO";"GOIÁS";"GO000722026";"2026-05-18 22:38:10";"N";"04851508000154";"INSTITUTO GAZETA LTDA";"IGAPE- INSTITUTO GAZETA DE PEQUISAS";"Governador, Senador, Deputado Federal, Deputado Estadual";"2026-05-19 00:00:00";"2026-05-21 00:00:00";"2026-05-24 00:00:00";800;"10394";"FILIPE MOREIRA MARTINE";"5000,00";"A metodologia utilizada é Survey quantitativo, com realização das entrevistas de maneira pessoal em domicílio, com aplicação de questionário estruturado e padronizado em plataforma digital (tablet ou computador) junto a uma amostra representativa dos eleitores de Jataí.";"O universo da pesquisa é composto por eleitores de Jataí, com idade a partir de 16 anos. A amostra prevista será de 800 entrevistas. A Seleção da amostra será realizada utilizando-se quotas amostrais proporcionais, em função das seguintes variáveis. SEXO: Masculino: (47%); Feminino: (53%) - IDADE: 16 a 29 anos (21%); 30 a 44 anos: (30%); 45 a 59 anos: (26%); 60 anos ou mais: (23%) - ESCOLARIDADE: Analfabeto/Lê e escreve: (8%); Fundamental completo ou incompleto: (27%); Médio completo ou incompleto: (44%); Superior completo ou incompleto: (21%); RENDA INDIVIDUAL: Até 1 SM: (27%); De 1 a 2 SM: (33%); Acima de 2 SM (40%). Está prevista eventual ponderação para correção das variáveis, com base nos percentuais acima apresentados - Área física: Município de Jataí - GO. Margem de Erro: A margem de erro máxima prevista para o total da amostra é de 3,4 pontos percentuais para mais ou para menos, considerando um nível de confiança de 95%. Fonte de Dados: TSE: Estatísticas do Eleitorado 2026 e IBGE Censo 2022.";"A coleta de dados é realizada por entrevistadores, orientados por coordenadores de campo. Todos os questionários preenchidos recebem crítica para avaliação da consistência dos dados coletados, sendo que 20% dos questionários serão submetidos à conferência através de novos contatos com os entrevistados, medida sempre adotada que visa garantir a qualidade e fidelidade dos dados coletados. Conforme §6º. do art. 2º. da Resolução-TSE nº. 23.549, o pedido de registro poderá ser complementado pela entrega destes dados ao Tribunal Eleitoral até o sétimo dia seguinte ao registro da pesquisa. Serão enviados os dados relativos aos bairros abrangidos, na ausência de delimitação dos bairros, será identificada a área em que foi realizada)";"Centro;
Vila Santa Maria;
Setor Oeste;
Conjunto Rio Claro;
Divino Espírito Santo;
Setor Jacutinga;
Vila Progresso;
Vila Olavo;
Setor Epaminondas;
Vila Jardim Rio Claro;
Vila São Pedro;
Setor Estrela Dalva;
Colmeia Park;
Setor Financeiro Fabriny;
Vila Sofia;
Dom Abel;
Setor das Mansões.
"
"28/09/2026";"05:46:54";2026;81;"Eleições Gerais 2026";"GO";"GO";"GOIÁS";"GO098542026";"2026-02-06 20:03:43";"N";"44826961000125";"SMS - DIRECT PESQUISAS E MARKETING LTDA";"DIRECT PESQUISAS";"Governador, Senador, Deputado Federal, Deputado Estadual";"2026-02-09 00:00:00";"2026-02-12 00:00:00";"2026-02-12 00:00:00";350;"10526";"José Dos Reis Cunha Filho";"4000,00";"Pesquisa quantitativa com abordagem porta a porta, com eleitores que votam e/ou residem no município de Uruaçu no estado de Goiás, consistindo na realização de entrevistas pessoais e individuais, com a aplicação de questionário estruturado junto a uma amostra representativa do eleitorado em estudo. Devido a ordem probabilística da amostra, nesta pesquisa será considerada apenas os eleitores residentes dentro do município ou que no dia da entrevista estejam nele. Todas as entrevistas são espontâneas e os dados são sigilosos, guardados no banco de dados do instituto para tabulação e apresentação gráfica e analítica.";"Trata-se de uma amostra probabilística estratificada, com abordagem aleatória simples através de cotas de sexo, idade e escolaridade, ponderadas de acordo com a estatística do Eleitorado do TSE, 2026 (https://sig.tse.jus.br) e renda ponderada de acordo com registro do último senso estratificado do IBGE (https://cidades.ibge.gov.br) de acordo com a Resolução do TSE 23.600/2019, complementada pela Resolução 23.676/2021, com entrevistas domiciliares aos eleitores de 16 anos ou mais que exerça seu voto no município de Uruaçu. Totalizando uma população eleitoral de 29.742 e amostra de 350, a um nível de confiança = 95%; Nível de significância = 5%; Margem de erro = 5,21%, com P = 0,5.
SEXO: Masculino (46,52%), Feminino (53,48%); FAIXA ETÁRIA: até 24 anos (11,78%), de 25 a 34 anos (18,98%), de 35 a 44 anos (19,25%), de 45 a 59 anos (26,86%), 60 anos ou mais (23,12%); ESCOLARIDADE: Analfabeto (2,34%), Lê e escreve (8,71%), 1º Grau inc/comp (25,93%), 2º Grau inc/comp (44,66%), 3º Grau inc/comp (18,36%); RENDA: Até 1 salário (17,60%), entre 1 e 2 salários (23,95%), entre 2 e 5 salários (37,42%), entre 5 e 10 salários (14,56%), Mais de 10 salários (6,48%).
";"Os questionários são aplicados com uso de equipamentos eletrônicos, supervisão in loco e via GPS, passarão por conferência através de novo contato até 20% dos entrevistados, todas as regiões pesquisadas foram selecionadas proporcionalmente.";"Os bairros serão anexados de acordo com a resolução."
"28/09/2026";"05:46:54";2026;81;"Eleições Gerais 2026";"GO";"GO";"GOIÁS";"GO024382026";"2026-09-26 19:18:26";"N";"04851508000154";"INSTITUTO GAZETA LTDA";"IGAPE- INSTITUTO GAZETA DE PEQUISAS";"Governador, Senador, Deputado Federal, Deputado Estadual, Deputado Distrital";"2026-09-28 00:00:00";"2026-09-30 00:00:00";"2026-10-02 00:00:00";500;"10394";"FILIPE MOREIRA MARTINE";"5000,00";"A metodologia utilizada é Survey quantitativo, com realização das entrevistas de maneira pessoal em domicílio, com aplicação de questionário estruturado e padronizado em plataforma digital (tablet ou computador) junto a uma amostra representativa dos eleitores de Valparaíso de Goiás";"O universo da pesquisa é composto por eleitores de Valparaíso de Goiás, com idade a partir de 16 anos. A amostra prevista será de 500 entrevistas. A Seleção da amostra será realizada utilizando-se quotas amostrais proporcionais, em função das seguintes variáveis. SEXO: Masculino: (45%); Feminino: (55%) - IDADE: 16 a 29 anos (20%); 30 a 44 anos: (30%); 45 a 59 anos: (27%); 60 anos ou mais: (23%) - ESCOLARIDADE: Analfabeto/Lê e escreve: (3%); Fundamental completo ou incompleto: (19%); Médio completo ou incompleto: (48%); Superior completo ou incompleto: (30%); RENDA INDIVIDUAL: Até 1 SM: (27%); De 1 a 2 SM: (40%); Acima de 2 SM (33%). Está prevista eventual ponderação para correção das variáveis, com base nos percentuais acima apresentados - Área física: Município de Valparaíso de Goiás - GO. Margem de Erro: A margem de erro máxima prevista para o total da amostra é de 4,4 pontos percentuais para mais ou para menos, considerando um nível de confiança de 95%. Fonte de Dados: TSE: Estatísticas do Eleitorado 2026 e IBGE Censo 2022.";"A coleta de dados será realizada por entrevistadores devidamente treinados e orientados por coordenadores de campo, responsáveis pelo acompanhamento, supervisão e controle da execução da pesquisa. Todos os questionários preenchidos serão submetidos à crítica e à análise de consistência, com o objetivo de identificar eventuais erros, incompatibilidades, omissões ou inconsistências nas informações coletadas. Como procedimento adicional de controle de qualidade, 20% (vinte por cento) dos questionários aplicados serão submetidos à conferência e auditoria interna do trabalho realizado pelos entrevistadores, de acordo com os procedimentos de controle adotados pelo instituto. A medida tem por finalidade verificar a regularidade da aplicação dos questionários e assegurar a qualidade, consistência, integridade e fidelidade dos dados coletados. O sistema interno de controle e verificação compreende, portanto, o treinamento e orientação dos entrevistadores, a supervisão pelos coordenadores de campo, a crítica e análise de consistência dos questionários e a auditoria de 20% das entrevistas realizadas. Nos termos do art. 2º, § 7º, da Resolução-TSE nº 23.600/2019, com a redação vigente para as Eleições 2026, a partir do dia em que a pesquisa puder ser divulgada e até o dia seguinte, o registro será complementado no Sistema de Registro de Pesquisas Eleitorais ¿ PesqEle com as informações exigidas pela Justiça Eleitoral relativas à área efetivamente abrangida pela pesquisa. Na hipótese de pesquisa relativa às eleições gerais, serão informados os municípios e bairros abrangidos ou, na ausência de delimitação formal do bairro, a área em que a pesquisa foi realizada, bem como o número de eleitoras e eleitores pesquisados em cada setor censitário e a composição da amostra final quanto a gênero, idade, grau de instrução e nível econômico das pessoas entrevistadas. A delimitação geográfica dos bairros e demais áreas abrangidas observará a divisão político-administrativa estabelecida em ato normativo oficial do respectivo ente federativo. Na inexistência de divisão territorial formalmente estabelecida, será utilizada fonte pública idônea, nos termos do art. 2º, § 7º-E, da Resolução-TSE nº 23.600/2019. Caso a metodologia utilizada impossibilite tecnicamente a identificação das entrevistas por setor censitário, será apresentada a justificativa técnica prevista no art. 2º, § 7º-F, com a indicação da unidade territorial efetivamente utilizada e dos respectivos procedimentos de controle e ponderação.";"#NULO#"
"28/09/2026";"05:46:54";2026;81;"Eleições Gerais 2026";"GO";"GO";"GOIÁS";"GO079392026";"2026-09-22 23:02:42";"S";"19738088000171";"PLURAL ASSESSORIA DE IMPRENSA, PESQUISA E JORNALISMO LTDA";"PLURAL ASSESSORIA DE IMPRENSA, PESQUISA E JORNALISMO";"Governador, Senador, Deputado Federal, Deputado Estadual";"2026-09-25 00:00:00";"2026-09-26 00:00:00";"2026-09-28 00:00:00";376;"6221";"Rui da Costa Abrantes";"6000,00";"Objetivo é aferir a intenção de voto dos candidatos a governador, senador, deputado federal e deputado estadual no município de Bom Jesus de Goiás (GO). A abordagem utilizada consiste na aplicação de questionário em uma amostragem representativa da população residente no município, com 16 anos ou mais de idade. A amostra é realizada de forma presencial, em entrevistas domiciliares e pontos de fluxo. A escolha dos entrevistados é aleatória, de acordo com o perfil da população em estudo.";"Tamanho do universo: 18.156 eleitores (TSE/Agosto 2026). Tamanho da amostra: 376 eleitores. Nível de confiança: 95%. Margem de Erro Amostral: Máxima de 5,0 pontos percentuais para mais ou para menos nos dados da amostra global. Tipo de amostra: Autoponderada por quotas proporcionais às existentes no universo de acordo com as variáveis sexo, faixa etária, nível de instrução e renda familiar mensal. Ponderação quanto ao sexo: Masculino: 49,46% (186 entrevistas) e Feminino 50,53% (190). Ponderação quanto à faixa etária: 16 a 24 anos 14,89% (56), 25 a 34 anos 19,68% (74), 35 a 44 anos 19,41% (73), 45 a 59 anos 25,79% (97) e 60 anos e acima 20,21% (76). Ponderação quanto ao nível de instrução: Analfabeto/lê e escreve: 8,24% (31), Fundamental 32,97% (124), Médio 44,68% (168) e Superior 14,09% (53). Fonte de dados (TSE/Agosto 2026). Link https://sig.tse.jus.br/ords/dwapr/r/seai/sig-eleitor-eleitorado-mensal/perfil-do-eleitorado-mensal?p0_municipio=BOM%20JESUS&p0_uf=GO&session=307062442246389

Ponderação quanto ao nível socioeconômico: Renda: Até 01 Salário Mínimo: 18,88% (71); De 1 a 2 salários mínimos 24,73% (93); De 2 a 5 salários mínimos 39,62% (149); Acima de 5 salários mínimos 16,75% (63). Fonte de dados: Censo IBGE/2010 https://cidades.ibge.gov.br/brasil/go/bom-jesus-de-goias/pesquisa/23/24304
DOMICÍLIOS PARTICULARES PERMANENTES Classe de rendimento nominal mensal domiciliar
É prevista eventual ponderação para correção das variáveis gênero, faixa etária, grau de instrução e renda entre o previsto na amostra e a coleta realizada.";"O trabalho de coleta de dados é realizado pela equipe de pesquisadores, que recebe treinamento prévio para execução, acompanhados por supervisor de campo. O supervisor tem a responsabilidade e é treinado para distribuir os entrevistadores nos diversos pontos de consulta, realizar coletas, acompanhar, orientar, corrigir ou invalidar o trabalho dos pesquisadores e conferir por si ou por entrevistador designado cerca de 10% das entrevistas. A coleta é feita em tablets e/ou dispositivos eletrônicos e a fiscalização conta com georreferenciamento dos setores pesquisados e checagem de áudio, para verificação e adequação aos parâmetros amostrais.";"A relação dos os dados relativos aos bairros abrangidos pela pesquisa ou a área em que a mesma foi realizada será apresentado até o dia seguinte à data a partir da qual a pesquisa puder ser divulgada, conforme §7º do art. 2º da Resolução-TSE nº. 23.600/2019"
"28/09/2026";"05:46:54";2026;81;"Eleições Gerais 2026";"GO";"GO";"GOIÁS";"GO099922026";"2026-09-25 18:15:37";"N";"02678167000131";"SERPES PESQUISAS DE OPINIAO E MERCADO LTDA";"SERPES";"Governador, Senador, Deputado Federal, Deputado Estadual, Deputado Distrital";"2026-09-23 00:00:00";"2026-09-24 00:00:00";"2026-10-01 00:00:00";510;"6221";"rui da costa abrantes";"13000,00";"A pesquisa eleitoral será realizada pelo Instituto SERPES no município de Catalão/GO, nos dias 23 e 24 de setembro de 2026, com 510 entrevistas, distribuídas em 10 regiões urbanas, sendo 50 entrevistas por região e 10 adicionais no Centro. A coleta será realizada mediante questionário estruturado, contemplando intenção de voto, rejeição eleitoral, prioridades da administração municipal e perfil sociodemográfico dos entrevistados, sob responsabilidade técnica de estatístico habilitado.";"PLANO AMOSTRAL ¿ SERPES
Pesquisa eleitoral ¿ Catalão/GO
A pesquisa foi realizada no município de Catalão, Goiás, com amostra de 510 entrevistas, distribuídas em 10 regiões de coleta, nos dias 23 e 24 de setembro de 2026.
O universo pesquisado corresponde a 75.551 eleitores, conforme base de referência utilizada no planejamento amostral.
A amostra foi estruturada considerando as seguintes proporções populacionais:
Sexo: masculino 47,16% e feminino 52,84%.
Faixa etária: 16 a 24 anos (11,76%); 25 a 34 anos (18,29%); 35 a 49 anos (31,10%); 50 anos ou mais (38,85%).
Escolaridade: ensino fundamental (30,50%); ensino médio (48,60%); ensino superior (20,90%).
A pesquisa adota nível de confiança de 95% e margem de erro aproximada de 4,3 pontos percentuais, para mais ou para menos, sob hipótese de amostragem aleatória simples.";"OpinaX pesquisas";"DADOS DO MUNICÍPIO E BAIRROS PESQUISADOS
A pesquisa eleitoral do Instituto SERPES foi realizada no município de Catalão, Estado de Goiás, nos dias 23 e 24 de setembro de 2026, com um total de 510 entrevistas distribuídas em 10 regiões de coleta, abrangendo os seguintes bairros e setores:
Centro, Nossa Senhora de Fátima, Jardim JK, São João, Mãe de Deus, Boa Sorte, Elias Saflate, Santo Antônio, São Francisco, Lago das Mansões, Santa Terezinha, Vereda dos Buritis, Castelo Branco I e II, Jardim Catalão, Residencial das Águas, Santa Helena I e II, Margon I, II e III, Alto da Boa Vista, Athenas, Village, Vila Liberdade, Jardim Paulista, São José, Vila União, Jardim Imperial, Bairro dos Lucas, Vila Chaud, Bairro das Américas, Jardim Paraíso, Jardim dos Ipês, Paineiras, Jardim das Acácias, Jardim Itália, Setor Aeroporto, Dona Sofia, Santa Mônica, São Lucas, Goianiense, Copacabana, Pontal Norte, Vila Planalto, Jardim Primavera, Vila Wilson Guimarães, Jardim Laranjeiras, Cidade Jardim, Conquista e Ayrton Senna."
"28/09/2026";"05:46:54";2026;81;"Eleições Gerais 2026";"GO";"GO";"GOIÁS";"GO075062026";"2026-06-27 09:45:09";"N";"04851508000154";"INSTITUTO GAZETA LTDA";"IGAPE- INSTITUTO GAZETA DE PEQUISAS";"Governador, Senador, Deputado Federal, Deputado Estadual";"2026-06-26 00:00:00";"2026-07-02 00:00:00";"2026-07-03 00:00:00";3000;"10394";"FILIPE MOREIRA MARTINE";"12000,00";"A metodologia utilizada é Survey quantitativo, com realização das entrevistas através de pesquisa telefônica, com aplicação de questionário estruturado e padronizado em plataforma digital (tablet ou computador) junto a uma amostra representativa dos eleitores do Estado de Goias.";"O universo da pesquisa é composto por eleitores de Goiás, com idade a partir de 16 anos. A amostra prevista será de 3.000 entrevistas. A Seleção da amostra será realizada utilizando-se quotas amostrais proporcionais, em função das seguintes variáveis. SEXO: Masculino: (47%); Feminino: (53%) - IDADE: 16 a 29 anos (22%); 30 a 44 anos: (30%); 45 a 59 anos: (26%); 60 anos ou mais: (22%) - ESCOLARIDADE: Analfabeto/Lê e escreve: (8%); Fundamental completo ou incompleto: (27%); Médio completo ou incompleto: (47%); Superior completo ou incompleto: (18%); RENDA INDIVIDUAL: Até 1 SM: (32%); De 1 a 2 SM: (35%); Acima de 2 SM (33%). Está prevista eventual ponderação para correção das variáveis, com base nos percentuais acima apresentados - Área física: Unidade Federativa de Goiás. Margem de Erro: A margem de erro máxima prevista para o total da amostra é de 1,8 pontos percentuais para mais ou para menos, considerando um nível de confiança de 95%. Fonte de Dados: TSE: Estatísticas do Eleitorado 2026 e IBGE Censo 2022.";"A coleta de dados é realizada por entrevistadores, orientados por coordenadores de campo. Todos os questionários preenchidos recebem crítica para avaliação da consistência dos dados coletados, sendo que 20% dos questionários serão submetidos à conferência através de novos contatos com os entrevistados, medida sempre adotada que visa garantir a qualidade e fidelidade dos dados coletados. Conforme §6º. do art. 2º. da Resolução-TSE nº. 23.549, o pedido de registro poderá ser complementado pela entrega destes dados ao Tribunal Eleitoral até o sétimo dia seguinte ao registro da pesquisa. Serão enviados os dados relativos aos bairros abrangidos, na ausência de delimitação dos bairros, será identificada a área em que foi realizada)";"#NULO#"
"28/09/2026";"05:46:54";2026;81;"Eleições Gerais 2026";"GO";"GO";"GOIÁS";"GO010632026";"2026-05-07 21:58:45";"S";"22345021000181";"REAL TIME MIDIA LTDA";"REAL TIME BIG DATA";"Governador, Senador";"2026-05-11 00:00:00";"2026-05-12 00:00:00";"2026-05-13 00:00:00";1600;"10839";"Isabela Zara Cremoneze";"64000,00";"Pesquisa quantitativa, que consiste na realização de entrevistas pessoais, com a aplicação de questionário estruturado junto a uma amostra representativa do eleitorado em estudo. Pesquisa realizada no Estado de Goiás (GO).";"Representativo do eleitorado da área em estudo, elaborada em três estágios.
No primeiro estágio, realiza-se um sorteio probabilístico dos municípios onde as entrevistas serão realizadas, pelo método PPT (Probabilidade Proporcional ao Tamanho), tomando a população eleitora de 16 anos ou mais residente nos municípios como base para essa seleção.
No segundo estágio, efetua-se um sorteio probabilístico das localidades dentro dos municípios selecionados, também pelo método PPT (Probabilidade Proporcional ao Tamanho), considerando a população eleitora de 16 anos ou mais residente nessas localidades como base para a seleção.
No terceiro e último estágio, dentro das localidades sorteadas, os respondentes são selecionados por meio de quotas amostrais proporcionais, em função de variáveis significativas, a saber:
GÊNERO:
Feminino: 52,97%;
Masculino: 47,03%.
(Fonte: TSE, Abril/2026 -- https://sig.tse.jus.br/ords/dwapr/r/seai/sig-eleitor-eleitorado-mensal/cruzamento-eleitorado-mensal?p24_metricas=E&p24_back=22&p24_cruzamento_1=ds_sexo&clear=24&session=12221024132088)
FAIXA ETÁRIA:
16 anos: 0,31%;
17 anos: 0,64%;
18 a 20 anos: 4,50%;
21 a 24 anos: 7,23%;
25 a 34 anos: 19,50%;
35 a 44 anos: 20,25%;
45 a 59 anos: 26,23%;
60 a 69 anos: 12,00%;
70 a 79 anos: 6,58%;
Superior a 79 anos: 2,75%.
(Fonte: TSE, Abril/2026 -- https://sig.tse.jus.br/ords/dwapr/r/seai/sig-eleitor-eleitorado-mensal/cruzamento-eleitorado-mensal?p24_cruzamento_1=ds_faixa_etaria&p24_metricas=E&p24_back=22&clear=24&session=12221024132088)
ESCOLARIDADE:
Analfabeto: 2,43%;
Lê e Escreve: 5,53%;
Ensino Fundamental Incompleto: 20,76%;
Ensino Fundamental Completo: 5,64%;
Ensino Médio Incompleto: 17,52%;
Ensino Médio Completo: 29,44%;
Ensino Superior Incompleto: 6,90%;
Ensino Superior Completo: 11,78%.
(Fonte: TSE, Abril/2026 -- https://sig.tse.jus.br/ords/dwapr/r/seai/sig-eleitor-eleitorado-mensal/cruzamento-eleitorado-mensal?p24_cruzamento_1=ds_grau_instrucao&p24_metricas=E&p24_back=22&clear=24&session=12221024132088)
RENDA DOMICILIAR MENSAL:
Sem rendimento: 3,44%;
Até 1/2 Salário Mínimo: 1,54%;
Mais de 1/2 a 1 Salário Mínimo: 13,65%;
Mais de 1 a 2 Salários Mínimos: 24,43%;
Mais de 2 a 5 Salários Mínimos: 36,58%;
Mais de 5 a 10 Salários Mínimos: 13,61%;
Mais de 10 a 20 Salários Mínimos: 4,75%;
Mais de 20 Salários Mínimos: 1,99%;
(Fonte: IBGE (CENSO-2010) -- https://cidades.ibge.gov.br/brasil/go/pesquisa/23/26504?detalhes=true
Observação: De acordo com informações do Instituto Brasileiro de Geografia e Estatística (IBGE), não há previsão de data para a divulgação do perfil econômico da população brasileira do CENSO 2022. Portanto, os dados sobre o nível econômico obtidos no Censo 2022 não podem ser utilizados, pois ainda não foram publicados.
Está prevista eventual ponderação para correção das variáveis sexo e idade, com base nos percentuais anteriormente mencionados, caso ocorram diferenças superiores a 3 pontos percentuais entre o previsto na amostra e a coleta de dados realizada. Para as variáveis de grau de instrução e nível econômico do entrevistado, o fator previsto para ponderação é 1 (resultados obtidos em campo). O nível de confiança estimado é de 95% e a margem de erro máxima estimada considerando um modelo de amostragem aleatório simples, é de aproximadamente 2 (dois) pontos percentuais para mais ou para menos sobre os resultados encontrados no total da amostra.

";"O trabalho de coleta de dados é acompanhado presencialmente por supervisores. São selecionados aleatoriamente 15% (quinze por cento) dos questionários para uma verificação posterior com ligações telefônicas para os números indicados nos formulários, em caso de dúvida, o formulário é descartado e o entrevistador chamado para esclarecimentos.";"O anexo do arquivo com os bairros será realizado até o dia seguinte da divulgação conforme indicado no §7º. do art. 2º. da Resolução-TSE nº. 23.600/2019."
"28/09/2026";"05:46:54";2026;81;"Eleições Gerais 2026";"GO";"GO";"GOIÁS";"GO075982026";"2026-02-24 21:54:26";"N";"06288268000157";"PODIUM CONSULTORIA, MARKETING, PESQUISAS E EDITORACAO LTDA";"INSTITUTO PODIUM";"Governador";"2026-02-26 00:00:00";"2026-02-27 00:00:00";"2026-03-02 00:00:00";350;"8631";"Alexandre Vasconcelos Lima";"6000,00";"Pesquisa com metodologia quantitativa, com a realização de entrevistas pessoais, face-a-face, utilizando questionário estruturado junto a uma amostra representativa do eleitorado do município de Acreúna-GO. A pesquisa foi realizada junto as pessoas que residem no município, que possuem idade igual ou superior a 16 (dezesseis) anos e que votam no município.";"Tamanho do universo: 15584. Tamanho da amostra: 350 eleitores. Nível de confiança: 90%. Margem de Erro Amostral: Máxima de 4,3 pontos percentuais para mais ou para menos nos dados da amostra global. Nos dados das amostras parciais (estratos), essa poderá ser maior. Tipo de amostra: Amostragem por quotas proporcionais às existentes no universo de acordo com as variáveis sexo, faixa etária, nível de instrução e nível sócio-econômico. A seleção do eleitor no domicílio (um por domicílio) é acidental de acordo com as quotas de ponderação. Ponderação quanto ao sexo: 49% do sexo Masculino e 51% do sexo Feminino. Ponderação quanto à faixa etária: 13% de 16 a 24 anos, 19% de 25 a 34 anos, 19% de 35 a 44 anos, 27% de 45 a 59 anos e 22% de 60 anos ou mais. Ponderação quanto ao nível de instrução: 58% até Ensino Fundamental Completo, 32% de Ensino Médio Incompleto/Completo e 10% de Ensino Superior Incompleto / Completo. Ponderação quanto à renda: 62% até 1 salário mínimo, 34% de 1 a 5 salários mínimos e 4% acima de 5 salários mínimos. Fontes: 1) Estatística do Eleitorado/TSE, data-base de janeiro/2026; 2) Censo 2010/IBGE (para ponderação quando à renda).";"A coleta de dados foi feita por unidade automatizada de respostas com reconhecimento de voz e transcrição de áudios em textos com utilização de questionário eletrônico elaborado de acordo com os objetivos da pesquisa. Após as entrevistas, os questionários foram filtrados, ocorrendo verificação por amostragem de 20% dos mesmos. Esta verificação se deu através de ligações e/ou visitas aos entrevistados, onde se abordava a veracidade de alguns itens coletados pelos entrevistadores, bem como a aplicação do mesmo. Ressalta-se que os entrevistadores foram treinados previamente a aplicação dos questionários.";"A pesquisa é restrita ao município de Acreúna-GO. Os bairros contemplados foram os seguintes: Setor Central, 
Setor Novo Horizonte,
Setor Sol Nascente, 
Setor Nuria,
Setor Ana Carla,
Setor Sul,
Setor Canada,
Setor Nova Acreuna,
Setor Sudoeste, 
Setor Talita, além do Distrito de Arantina"
"28/09/2026";"05:46:54";2026;81;"Eleições Gerais 2026";"GO";"GO";"GOIÁS";"GO030312026";"2026-04-06 22:42:24";"N";"24091590000173";"DATA POVO INSTITUTO DE PESQUISAS MARKETING E CONSULTORIA LTDA";"DATA POVO CONSULTORIA";"Governador";"2026-04-02 00:00:00";"2026-04-04 00:00:00";"2026-04-12 00:00:00";1000;"10233";"Israel Oliveira da Costa Sousa";"72000,00";"Pesquisa quantitativa, do tipo Survey, com realização de entrevistas diretas, por meio da aplicação de questionário estruturado, em uma amostra significativa da população em estudo, composta pelo eleitorado do Brasil.";"O universo pesquisado é o eleitorado Estado de Goiás, com 16 anos ou mais, que esteja apto a votar. O tamanho da amostra prevista é de 1.000 entrevistas, com uma margem de erro de 3,10% A amostra foi calculada pelo método de amostragem aleatória simples, essa amostra é estratificada com as cotas de ponderação segundo as variáveis sexo, idade, grau de instrução e nível econômico do eleitorado. O tamanho dos estratos será proporcional a esses segmentos, de acordo com as informações de estatística do eleitorado fornecidas pelo Tribunal Superior Eleitoral - TSE (dados do eleitorado de março/2026) e para as classes de rendimento, dados do Censo Demográfico realizado pelo Instituto Brasileiro de Geografia e Estatística - IBGE. Os tamanhos desses segmentos são: SEXO: Masculino (47%) e Feminino (53%); FAIXA ETÁRIA: 16 a 24 anos (12%), 25 a 44 anos (40%), 45 a 59 anos (26%) e 60 anos acima (21%); GRAU DE INSTRUÇÃO: Sem escolaridade/Lê e escreve (8%), Ensino Fundamental Incompleto/Completo (27%), Ensino Médio Incompleto/Completo (46%) e Ensino Superior Incompleto/Completo (19%); NÍVEL ECONÔMICO: Sem rendimento (4%), Até 1 salário mínimo (11%), De 1 a 2 salários mínimos (22%), De 2 a 5 salários mínimos (38%), De 5 a 10 salários mínimos (16%) e Acima de 10 salários mínimos (9%).";"O trabalho de coleta de dados é feito por entrevistadores e acompanhado in loco por supervisores. Após os trabalhos de campo, os questionários são submetidos a uma fiscalização de cerca de 20% (vinte por cento) dos questionários aplicados pelos entrevistadores; para verificação das respostas e da adequação dos entrevistadores aos parâmetros amostrais. Codificação e crítica de 100% dos questionários antes da tabulação.";"Goiânia, Aparecida de Goiânia, Anápolis, Rio Verde, Águas Lindas de Goiás, Luziânia, Valparaíso de Goiás, Senador Canedo, Trindade, Catalão, Formosa, Itumbiara, Planaltina, Jataí, Novo Gama, Caldas Novas, Cristalina, Itaberaí, Padre Bernardo, Posse, Uruaçu, Alexânia, Abadiânia."
"28/09/2026";"05:46:54";2026;81;"Eleições Gerais 2026";"GO";"GO";"GOIÁS";"GO006742026";"2026-09-27 01:26:20";"N";"22445600000104";"QUAEST PESQUISAS, CONSULTORIA E PROJETOS LTDA.";"#NULO#";"Governador, Senador";"2026-10-02 00:00:00";"2026-10-03 00:00:00";"2026-10-03 00:00:00";2004;"6731";"Margarida Maria de Mendonca";"231462,00";"Pesquisa quantitativa, de survey, que consiste na realização de entrevistas pessoais, domiciliares e presenciais, conduzidas por profissionais treinados, com a aplicação de questionários estruturados a uma amostra representativa da população votante de 16 anos ou mais residente no estado de Goiás. O desenho amostral aplicado combina sorteio probabilístico de municípios e de setores censitários fornecidos pelo IBGE (unidades territoriais homogêneas, de tamanho similar a quadras ou blocos), dentro dos quais serão selecionadas pessoas respondentes por meio de cotas amostrais.";"O público pesquisado é composto por eleitores de 16 anos ou mais residentes na área de abrangência da pesquisa. Para produzir uma amostra representativa desse público-alvo, utilizamos um desenho amostral por conglomerados que prevê três estágios. No primeiro estágio, é feito um sorteio probabilístico de municípios para comporem a amostra por meio do método PPT (Probabilidade Proporcional ao Tamanho) a partir de suas populações votantes acima de 16 anos. Dentro da lista de municípios sorteados, no segundo estágio, é realizado um sorteio probabilístico por meio do método PPT (Probabilidade Proporcional ao Tamanho) de setores censitários a serem visitados pelos entrevistadores, sorteio que tem como base o total de habitantes residentes nos setores de acordo com dados do Censo de 2022, o que garante a dispersão aleatória e estatística da amostra dentro dos territórios municipais, independentemente de divisões administrativas. Finalmente, dentro da lista de setores censitários sorteados, no último estágio são selecionados domicílios e pessoas a serem entrevistadas utilizando-se cotas amostrais para as seguintes variáveis: sexo, idade, renda familiar e escolaridade. O perfil da amostra, definido pelas cotas previstas, é o seguinte:

Sexo: Masculino (47%); Feminino (53%).
Faixa etária: 16-34 anos (32%); 35-59 anos (46%); 60 ou mais (22%).
Renda domiciliar total, incluindo pensões, benefícios e rendimentos de trabalhos informais: Até 2 salários-mínimos (24%); Mais de 2 a 5 salários-mínimos (49%); Mais de 5 salários-mínimos (27%).
Nível de instrução: Até Fundamental completo ou médio incompleto (40%); Médio completo ou superior incompleto (42%); Superior completo ou mais (18%).

Fonte dos dados: para a distribuição de sexo e idade, TSE-Tribunal Superior Eleitoral - agosto/2026; para a malha de setores censitários, Censo 2022 (IBGE); para a distribuição de renda domiciliar, PNADc Anual 2025, 1ª visita (IBGE); e, para a distribuição de escolaridade/instrução, PNADc trimestral 2-2026 (IBGE). A PNADc é utilizada por ser a fonte oficial mais atualizada de rendimentos do país, incluindo rendimentos informais, pensões, entre outros, e corrigindo as defasagens temporais do Censo 2022, além de ser a fonte mais atualizada de nível de instrução da população com 16 anos ou mais dada ausência de atualização obrigatória da escolaridade no registro de eleitores do TSE.

Está prevista eventual pós-estratificação da amostra, por meio de algoritmos de calibração (rake) e modelos (MrP e likely voter), para correção (1) de estimativas, (2) das distribuições de variáveis que medem o perfil da população e (3) percentual do eleitorado propenso a votar.

Dentro do público-alvo anteriormente descrito, serão realizadas 2.004 entrevistas. O nível de confiança das estimativas é de 95% e a margem de erro máxima prevista, atendendo às diretivas do TSE e usando o cálculo para amostra aleatória simples (AAS) como aproximação, é de cerca de 2 pontos percentuais para mais ou para menos em relação aos totais da amostra.

Pagante (s) do trabalho: CNPJ: 01534510000101 - TELEVISAO ANHANGUERA S/A";"As entrevistas serão realizadas por uma equipe de entrevistadores devidamente qualificada, com experiência e treinamento em pesquisa de opinião pública. Todo trabalho é feito em tablets ou outros dispositivos eletrônicos. Após a realização da coleta de dados, as entrevistas junto aos respondentes são checadas por meio de procedimentos de consistência e de georreferenciamento dos locais de aplicação em tempo real. Adicionalmente, ao longo e após os trabalhos de campo, é realizada uma fiscalização que consiste na checagem de áudio de uma amostra de 30% dos questionários aplicados para verificação das respostas e da adequação dos entrevistados aos parâmetros amostrais.";"A área de abrangência da coleta é o território do estado de Goiás. A relação do número de pessoas pesquisadas nas áreas de aplicação da pesquisa, discriminadas por município, bairros e setores censitários a partir dos identificadores utilizados pelo IBGE, além da composição do eleitorado entrevistado na área de abrangência quanto a gênero, idade, grau de instrução e nível econômico, constará em anexo. O mapa com os códigos destes setores censitários e as áreas que delimitam no país todo podem ser conferidos na seguinte fonte oficial: https://censo2022.ibge.gov.br/panorama/mapas.html?localidade=&recorte=setores_censitarios"
"28/09/2026";"05:46:54";2026;81;"Eleições Gerais 2026";"GO";"GO";"GOIÁS";"GO019842026";"2026-06-23 18:03:24";"S";"38396085000141";"DANGER COMUNICACAO E MARKETING LTDA";"MEDEIROS COMUNICACAO E ASSESSORIA";"Deputado Federal";"2026-06-15 00:00:00";"2026-06-23 00:00:00";"2026-06-29 00:00:00";1705;"00000";"LUCAS MEDEIROS DE PAIVA";"2000,00";"REDES SOCIAIS/ENQUETE.";"TODOS OS TIPOS DE CONTAS NO INSTAGRAM.";"A PARTIR DE ENQUETE COM PROVA EM REDE SOCIAL ATRAVÉS DO LINK: https://www.instagram.com/p/DZnWyeRRD6a/?igsh=MXR6Z29iOGQxbWs1eQ==";"REGIÃO SUDOESTE GOIANO."
"28/09/2026";"05:46:54";2026;81;"Eleições Gerais 2026";"GO";"GO";"GOIÁS";"GO067542026";"2026-04-08 21:43:59";"S";"00654576000172";"INSTITUTO VERITA LTDA";"VERITA";"Governador, Senador";"2026-04-09 00:00:00";"2026-04-13 00:00:00";"2026-04-14 00:00:00";1525;"10699";"GUILHERME ALVARENGA LAIA";"117425,00";"Pesquisa quantitativa, que consiste na realização de entrevistas, com a aplicação de questionário estruturado junto a uma amostra representativa do eleitorado desta Unidade de Federação.";"ESTUDO REPRESENTATIVO DO ELEITORADO DO ESTADO DE GOIÁS - MÉTODO PPT (Probabilidade Proporcional ao Tamanho) - PLANO AMOSTRAL E PONDERAÇÃO QUANTO A SEXO, IDADE, GRAU DE INSTRUÇÃO E NÍVEL ECONÔMICO DO ENTREVISTADO; INTERVALO DE CONFIANÇA E MARGEM DE ERRO: Representativo do eleitorado da área em estudo, elaborada, em vários estágios, da seguinte forma: - 1. Divisão da UF em estratos proporcionais de municípios. 2. Ordenação dos municípios de cada estrato segundo o porte. 3. Sorteio dos municípios de cada estrato. 4. Os respondentes são selecionados através de quotas amostrais proporcionais em função de variáveis significativas, a saber: GÊNERO / FAIXA ETÁRIA - FEMININO E MASCULINO 16 A 34 ANOS 16,7% E 15,2%, 35 A 54 ANOS 20,6% E 18,4%, 55 ANOS OU MAIS 15,7% E 13,5%. GRAU DE INSTRUÇÃO ¿ FEMININO E MASCULINO Sem instrução até Ensino Médio completo 60,8%, Ensino superior incompleto e completo 39,2% NÍVEL ECONÔMICO - FEMININO população não economicamente ativa 46,5% população economicamente ativa 53,5% MASCULINO população não economicamente ativa 27,2% população economicamente ativa 72,8%. RENDA FAMILIAR DO DOMICÍLIO renda familiar de até 2 salários-mínimos 30,7%; de 2 a 5 salários-mínimos 44,2%, acima de 5 salários-mínimos 25,1%. Está prevista eventual ponderação para correção das variáveis, com base nos percentuais anteriormente mencionados, caso ocorram diferenças superiores a margem de erro da pesquisa prevista entre a amostra e a coleta de dados realizada. O fator previsto para ponderação é 1 (resultados obtidos na coleta de dados). O intervalo de confiança estimado é de 95% e a margem de erro máxima estimada considerando um modelo de amostragem aleatório simples, é de aproximadamente 2,5 pontos percentuais para mais ou para menos sobre os resultados encontrados no total da amostra. FONTE DOS DADOS: IBGE/Censo 2022 para fins de densidade demográfica, setores censitários e alocação da amostra. IBGE/PNAD/PNADC/MEC/INEP para fins de Nível Econômico e Escolaridade. TSE FEVEREIRO/2026 para fins de Sexo, Faixa Etária e eleitorado por município ou regiões previamente definidas (importante ressaltar para o público leigo que os dados do TSE são os únicos corretos para gênero, idade dos eleitores e quantitativo de eleitores por municípios já que a base de dados se atualiza automaticamente, PORÉM, dados de escolaridade e nível econômico NÃO são corretos e confiáveis devido a desatualização que ocorre naturalmente com o passar dos anos). Definição de margem de erro e intervalo de confiança: Margem de erro e intervalo de confiança não são grandezas diretamente proporcionais. A SOMA NÃO TEM QUE RESULTAR 100%. ";"Após os trabalhos de coleta de dados, os questionários são submetidos a uma fiscalização, conferência e checagem de cerca de 20% (vinte por cento) dos questionários aplicados.";"A relação dos municípios sorteados ou selecionados para esta pesquisa será apresentada em arquivo anexo até 1 (um) dia após a divulgação desta pesquisa conforme §7º. do art. 2º. da Resolução-TSE nº. 23.600/2019. A área de abrangência desta pesquisa é o Estado DE GOIÁS."
"28/09/2026";"05:46:54";2026;81;"Eleições Gerais 2026";"GO";"GO";"GOIÁS";"GO034122026";"2026-09-20 19:48:37";"N";"44826961000125";"SMS - DIRECT PESQUISAS E MARKETING LTDA";"DIRECT PESQUISAS";"Governador, Senador, Deputado Federal, Deputado Estadual";"2026-09-21 00:00:00";"2026-09-25 00:00:00";"2026-09-26 00:00:00";2000;"10526";"Jose Dos Reis Cunha Filho";"15000,00";"Pesquisa quantitativa com abordagem porta a porta, com eleitores que votam e/ou residem nos municípios: Uruaçu, Campinorte, Porangatu, Niquelândia, Mara Rosa, Amaralina, Novo Iguaçu, Alto Horizonte, São Luís Do Norte, Hidrolina De Goiás e Estrela Do Norte, consistindo na realização de entrevistas pessoais e individuais, com a aplicação de questionário estruturado junto a uma amostra representativa do eleitorado em estudo. Devido a ordem probabilística da amostra, nesta pesquisa será considerada apenas os eleitores residentes dentro do município ou que no dia da entrevista estejam nele. Todas as entrevistas são espontâneas e os dados são sigilosos, guardados no banco de dados do instituto para tabulação e apresentação gráfica e analítica.";"Trata-se de uma amostra probabilística estratificada, com abordagem aleatória simples através de cotas de sexo, idade e escolaridade, ponderadas de acordo com a estatística do Eleitorado do TSE, 2026 (https://sig.tse.jus.br) e renda ponderada de acordo com registro do último senso estratificado do IBGE (https://cidades.ibge.gov.br) e em conformidade com a Resolução do TSE 23.600/2019, complementada pela Resolução 23.676/2021, com entrevistas domiciliares aos eleitores de 16 anos ou mais que exerça seu voto no estado de Goiás. Totalizando uma população eleitoral de 132.531 e amostra de 2.000, a um nível de confiança = 95%; Nível de significância = 5%; Margem de erro = 2,18%, com P = 0,5.
SEXO: Masculino (48,37%), Feminino (51,63%); FAIXA ETÁRIA: até 24 anos (13,72%), de 25 a 34 anos (17,69%), de 35 a 44 anos (18,81%), de 45 a 59 anos (26,66%), 60 anos ou mais (23,11%); ESCOLARIDADE: Analfabeto (3,93%), Lê e escreve (8,13%), 1º Grau inc/comp (28,48%), 2º Grau inc/comp (44,08%), 3º Grau inc/comp (15,39%); RENDA: Até 1 salário (15,67%), entre 1 e 2 salários (21,92%), entre 2 e 5 salários (38,15%), entre 5 e 10 salários (15,58%), Mais de 10 salários (8,68%).";"Os questionários são aplicados com uso de equipamentos eletrônicos, supervisão in loco e via GPS, passarão por conferência através de novo contato até 20% dos entrevistados, todas as regiões pesquisadas foram selecionadas proporcionalmente.";"Os municípios serão anexados de acordo com a resolução."
"28/09/2026";"05:46:54";2026;81;"Eleições Gerais 2026";"GO";"GO";"GOIÁS";"GO020442026";"2026-02-24 22:33:27";"N";"44826961000125";"SMS - DIRECT PESQUISAS E MARKETING LTDA";"DIRECT PESQUISAS";"Governador, Senador, Deputado Federal, Deputado Estadual";"2026-02-24 00:00:00";"2026-02-25 00:00:00";"2026-03-02 00:00:00";450;"10526";"José Dos Reis Cunha Filho";"4000,00";"Pesquisa quantitativa com abordagem porta a porta, com eleitores que votam e/ou residem no município de Jataí no estado de Goiás, consistindo na realização de entrevistas pessoais e individuais, com a aplicação de questionário estruturado junto a uma amostra representativa do eleitorado em estudo. Devido a ordem probabilística da amostra, nesta pesquisa será considerada apenas os eleitores residentes dentro do município ou que no dia da entrevista estejam nele. Todas as entrevistas são espontâneas e os dados são sigilosos, guardados no banco de dados do instituto para tabulação e apresentação gráfica e analítica.";"Trata-se de uma amostra probabilística estratificada, com abordagem aleatória simples através de cotas de sexo, idade e escolaridade, ponderadas de acordo com a estatística do Eleitorado do TSE, 2026 (https://sig.tse.jus.br) e renda ponderada de acordo com registro do último senso estratificado do IBGE (https://cidades.ibge.gov.br) e em conformidade com a Resolução do TSE 23.600/2019, complementada pela Resolução 23.676/2021, com entrevistas domiciliares aos eleitores de 16 anos ou mais que exerça seu voto no município de Jataí. Totalizando uma população eleitoral de 71.925 e amostra de 450, a um nível de confiança = 95%; Nível de significância = 5%; Margem de erro = 4,61%, com P = 0,5.
SEXO: Masculino (46,74%), Feminino (53,26%); FAIXA ETÁRIA: até 24 anos (11,93%), de 25 a 34 anos (18,97%), de 35 a 44 anos (20,07%), de 45 a 59 anos (26,04%), 60 anos ou mais (22,98%); ESCOLARIDADE: Analfabeto (3,19%), Lê e escreve (5,05%), 1º Grau inc/comp (27,02%), 2º Grau inc/comp (43,49%), 3º Grau inc/comp (21,25%); RENDA: Até 1 salário (12,90%), entre 1 e 2 salários (18,00%), entre 2 e 5 salários (39,50%), entre 5 e 10 salários (18,83%), Mais de 10 salários (10,77%).
";"Os questionários são aplicados com uso de equipamentos eletrônicos, supervisão in loco e via GPS, passarão por conferência através de novo contato até 20% dos entrevistados, todas as regiões pesquisadas foram selecionadas proporcionalmente.";"Os bairros serão anexados de acordo com a resolução."
"28/09/2026";"05:46:54";2026;81;"Eleições Gerais 2026";"GO";"GO";"GOIÁS";"GO050632026";"2026-09-26 21:41:13";"S";"56824073000152";"EXATA.GO PESQUISA LTDA";"EXATA.GO";"Governador, Deputado Federal, Deputado Estadual";"2026-09-27 00:00:00";"2026-10-01 00:00:00";"2026-10-02 00:00:00";400;"7655";"AUGUSTO DA SILVA ROCHA";"10000,00";"A pesquisa cobrirá o município envolvendo todas regiões do município de Rio Verde/GO Universo da pesquisa será dos eleitores com 16 anos ou mais. A amostra representará os eleitores do Município, selecionados em 2(dois) estágios. No primeiro estágio, os setores censitários, onde as entrevistas serão realizadas, foram selecionadas, probabilisticamente, através do método PPT - Probabilidade Proporcional ao Tamanho, tomando o número de eleitores como base para seleção. No segundo estágio, a seleção do entrevistado, dentro do setor censitário, será feita utilizando-se quotas proporcionais, e a abordagem será domiciliar.";"Utilizamos quotas proporcionais, em função das seguintes variáveis: Gênero: FEMININO 52,82% ; MASCULINO 47,18% ; Faixa etária: 16 a 24 anos 12,63% ; 25 a 34 anos 20,89% ; 35 a 44 anos 23,51% ; 45 a 59 anos 25,08% ; 60 anos ou mais 17,89% ; Grau de instrução: Analfabeto 2,07% ; Ensino Fundamental Completo 5,14% ; Ensino Fundamental Incompleto 18,24% ; Ensino Médio Completo 30,84% ; Ensino Médio Incompleto 16,62% ; Lê E Escreve 6,16% ; Superior Completo 12,97% ; Superior Incompleto 7,96% ; Fonte dos dados: TSE-Tribunal Superior Eleitoral/agosto2026; Cruzamento Eleitorado Mensal https://sig.tse.jus.br/ords/dwapr/r/seai/sig-eleitor-eleitorado-mensal/cruzamento-eleitorado-mensal?p0_municipio=RIO%20VERDE&p0_uf=GO&session=202784928018108 ; Ano=2026; Mês = agosto; UF= GO; MUNICIPIO = Rio Verde; Renda familiar (A variável ¿classe de rendimento nominal mensal domiciliar¿ corresponde à classificação dos domicílios segundo a soma dos rendimentos nominais mensais de seus moradores, expressa em faixas de salários mínimos vigentes no período de referência do Censo Demográfico 2010. Trata-se da renda total do domicílio, não dividida pelo número de moradores, não devendo ser confundida com rendimento domiciliar per capita. Para fins de planejamento amostral e ponderação, foram preservadas as categorias e os percentuais originalmente disponibilizados pelo IBGE, sem reagrupamento ou recálculo das faixas.): Até 1/2 salário mínimo 0,83% ; Mais de 1/2 a 1 salário mínimo 10,02% ; Mais de 1 a 2 salários mínimos 21,75% ; Mais de 2 a 5 salários mínimos 40,69% ; Mais de 5 a 10 salários mínimos 15,92% ; Mais de 10 a 20 salários mínimos 5,33% ; Mais de 20 salários mínimos 2,10% ; Sem rendimento 3,36% ; Fonte dos dados: IBGE-Censo 2010-IBGE-CENSO 2022 (IBGE/Censo 2010 - Classe de rendimento nominal mensal domiciliar) ; https://cidades.ibge.gov.br/brasil/go/rio-verde/pesquisa/23/24304 ; ""Está prevista eventual ponderação da amostra para correção das variáveis sexo, idade, renda familiar e escolaridade com base nos percentuais anteriormente mencionados, caso ocorram diferenças entre os percentuais previstos na amostra e a coleta de dados realizada. O nível de confiança estimado é de 95% e a margem de erro máxima prevista, baseada em uma amostra aleatória simples (AAS), é de cerca de 4,9 pontos percentuais para mais ou para menos em relação aos totais da amostra. Nível Econômico: IBGE (Censo/2010) - Observação: Conforme informações obtidas do Instituto Brasileiro de Geografia e Estatística, o IBGE, não divulgou - e não tem previsão - de data para divulgação do perfil econômico (nível econômico) da população brasileira; portanto, os dados quanto ao nível econômico obtidos no Censo 2022, não podem ser utilizados, pois não foram publicados.""";"Para a realização da pesquisa, utiliza-se uma equipe de entrevistadores e supervisores credenciados devidamente treinados pela empresa para esse tipo de pesquisa. Após os trabalhos de campo, 100% dos questionários são criticados e passam por uma fiscalização de cerca de 20% (vinte por cento) dos questionários aplicados por cada entrevistador; para verificação da consistência das respostas e da adequação dos entrevistados aos parâmetros amostrais.";"#NULO#"
"28/09/2026";"05:46:54";2026;81;"Eleições Gerais 2026";"GO";"GO";"GOIÁS";"GO085092026";"2026-08-10 21:09:23";"N";"44826961000125";"SMS - DIRECT PESQUISAS E MARKETING LTDA";"DIRECT PESQUISAS";"Governador, Senador, Deputado Federal, Deputado Estadual";"2026-08-10 00:00:00";"2026-08-15 00:00:00";"2026-08-16 00:00:00";1500;"10526";"Jose Dos Reis Cunha Filho";"12000,00";"Pesquisa quantitativa com abordagem porta a porta, com eleitores que votam e/ou residem nos municípios que compõe o Vale do São Patrício e Região, totalizando 20 cidades, no estado de Goiás, consistindo na realização de entrevistas pessoais e individuais, com a aplicação de questionário estruturado junto a uma amostra representativa do eleitorado em estudo. Devido a ordem probabilística da amostra, nesta pesquisa será considerada apenas os eleitores residentes dentro do município ou que no dia da entrevista estejam nele. Todas as entrevistas são espontâneas e os dados são sigilosos, guardados no banco de dados do instituto para tabulação e apresentação gráfica e analítica.";"Trata-se de uma amostra probabilística estratificada, com abordagem aleatória simples através de cotas de sexo, idade e escolaridade, ponderadas de acordo com a estatística do Eleitorado do TSE, 2026 (https://sig.tse.jus.br) e renda ponderada de acordo com registro do último senso estratificado do IBGE (https://cidades.ibge.gov.br) e em conformidade com a Resolução do TSE 23.600/2019, complementada pela Resolução 23.676/2021, com entrevistas domiciliares aos eleitores de 16 anos ou mais que exerça seu voto nos municípios de Jaraguá, Ceres, Rialma, Santa Isabel, Carmo do Rio Verde, Vila Propicio, Nova Gloria, Ipiranga de Goiás, Uruaçu, Itapaci, São Patricio, Rubiataba, São Luiz do Norte, Hidrolina de Goiás, Nova America, Rianopolis, Uruana, Campinorte, Pilar de Goiás e Morro Aguro de Goiás. Totalizando uma população eleitoral de 190.974 e amostra de 1.500, a um nível de confiança = 95%; Nível de significância = 5%; Margem de erro = 2,52%, com P = 0,5.
SEXO: Masculino (47,42%), Feminino (52,58%); FAIXA ETÁRIA: até 24 anos (11,51%), de 25 a 34 anos (17,87%), de 35 a 44 anos (18,02%), de 45 a 59 anos (27,00%), 60 anos ou mais (25,60%); ESCOLARIDADE: Analfabeto (3,48%), Lê e escreve (8,27%), 1º Grau inc/comp (29,20%), 2º Grau inc/comp (43,71%), 3º Grau inc/comp (15,34%); RENDA: Até 1 salário (15,67%), entre 1 e 2 salários (21,92%), entre 2 e 5 salários (38,15%), entre 5 e 10 salários (15,58%), Mais de 10 salários (8,68%).
";"Os questionários são aplicados com uso de equipamentos eletrônicos, supervisão in loco e via GPS, passarão por conferência através de novo contato até 20% dos entrevistados, todas as regiões pesquisadas foram selecionadas proporcionalmente.";"Os municípios serão anexados de acordo com a resolução."
"28/09/2026";"05:46:54";2026;81;"Eleições Gerais 2026";"GO";"GO";"GOIÁS";"GO060352026";"2026-09-04 21:32:03";"N";"04851508000154";"INSTITUTO GAZETA LTDA";"IGAPE- INSTITUTO GAZETA DE PEQUISAS";"Governador, Senador, Deputado Federal, Deputado Estadual";"2026-08-29 00:00:00";"2026-09-05 00:00:00";"2026-09-10 00:00:00";2000;"10394";"FILIPE MOREIRA MARTINE";"15000,00";"A metodologia utilizada é Survey quantitativo, com realização das entrevistas de maneira pessoal em domicílio, com aplicação de questionário estruturado e padronizado em plataforma digital (tablet ou computador) junto a uma amostra representativa dos eleitores do Estado de Goias.";"O universo da pesquisa é composto por eleitores de Goiás, com idade a partir de 16 anos. A amostra prevista será de 2.000 entrevistas. A Seleção da amostra será realizada utilizando-se quotas amostrais proporcionais, em função das seguintes variáveis. SEXO: Masculino: (47%); Feminino: (53%) - IDADE: 16 a 29 anos (22%); 30 a 44 anos: (30%); 45 a 59 anos: (26%); 60 anos ou mais: (22%) - ESCOLARIDADE: Analfabeto/Lê e escreve: (8%); Fundamental completo ou incompleto: (27%); Médio completo ou incompleto: (47%); Superior completo ou incompleto: (18%); RENDA INDIVIDUAL: Até 1 SM: (32%); De 1 a 2 SM: (35%); Acima de 2 SM (33%). Está prevista eventual ponderação para correção das variáveis, com base nos percentuais acima apresentados - Área física: Unidade Federativa de Goiás. Margem de Erro: A margem de erro máxima prevista para o total da amostra é de 2,2 pontos percentuais para mais ou para menos, considerando um nível de confiança de 95%. Fonte de Dados: TSE: Estatísticas do Eleitorado 2026 e IBGE Censo 2022.";"A coleta de dados é realizada por entrevistadores, orientados por coordenadores de campo. Todos os questionários preenchidos recebem crítica para avaliação da consistência dos dados coletados, sendo que 20% dos questionários serão submetidos à conferência através de novos contatos com os entrevistados, medida sempre adotada que visa garantir a qualidade e fidelidade dos dados coletados. Conforme §6º. do art. 2º. da Resolução-TSE nº. 23.549, o pedido de registro poderá ser complementado pela entrega destes dados ao Tribunal Eleitoral até o sétimo dia seguinte ao registro da pesquisa. Serão enviados os dados relativos aos bairros abrangidos, na ausência de delimitação dos bairros, será identificada a área em que foi realizada)";"#NULO#"
"28/09/2026";"05:46:54";2026;81;"Eleições Gerais 2026";"GO";"GO";"GOIÁS";"GO066102026";"2026-09-26 23:32:10";"N";"04851508000154";"INSTITUTO GAZETA LTDA";"IGAPE- INSTITUTO GAZETA DE PEQUISAS";"Governador, Senador, Deputado Federal, Deputado Estadual";"2026-09-28 00:00:00";"2026-10-01 00:00:00";"2026-10-02 00:00:00";500;"10394";"FILIPE MOREIRA MARTINE";"5000,00";"A metodologia utilizada é Survey quantitativo, com realização das entrevistas de maneira pessoal em domicílio, com aplicação de questionário estruturado e padronizado em plataforma digital (tablet ou computador) junto a uma amostra representativa dos eleitores de Senador Canedo.";"
O universo da pesquisa é composto por eleitores de Senador Canedo, com idade a partir de 16 anos. A amostra prevista será de 500 entrevistas. A Seleção da amostra será realizada utilizando-se quotas amostrais proporcionais, em função das seguintes variáveis. SEXO: Masculino: (46%); Feminino: (54%) - IDADE: 16 a 29 anos (26%); 30 a 44 anos: (35%); 45 a 59 anos: (25%); 60 anos ou mais: (14%) - ESCOLARIDADE: Analfabeto/Lê e escreve: (5%); Fundamental completo ou incompleto: (28%); Médio completo ou incompleto: (55%); Superior completo ou incompleto: (12%); RENDA INDIVIDUAL: Até 1 SM: (31%); De 1 a 2 SM: (42%); Acima de 2 SM (27%). Está prevista eventual ponderação para correção das variáveis, com base nos percentuais acima apresentados - Área física: Município de Senador Canedo - GO. Margem de Erro: A margem de erro máxima prevista para o total da amostra é de 4,3 pontos percentuais para mais ou para menos, considerando um nível de confiança de 95%. Fonte de Dados: TSE: Estatísticas do Eleitorado 2026 e IBGE Censo 2022.";"A coleta de dados será realizada por entrevistadores devidamente treinados e orientados por coordenadores de campo, responsáveis pelo acompanhamento, supervisão e controle da execução da pesquisa. Todos os questionários preenchidos serão submetidos à crítica e à análise de consistência, com o objetivo de identificar eventuais erros, incompatibilidades, omissões ou inconsistências nas informações coletadas. Como procedimento adicional de controle de qualidade, 20% (vinte por cento) dos questionários aplicados serão submetidos à conferência e auditoria interna do trabalho realizado pelos entrevistadores, de acordo com os procedimentos de controle adotados pelo instituto. A medida tem por finalidade verificar a regularidade da aplicação dos questionários e assegurar a qualidade, consistência, integridade e fidelidade dos dados coletados. O sistema interno de controle e verificação compreende, portanto, o treinamento e orientação dos entrevistadores, a supervisão pelos coordenadores de campo, a crítica e análise de consistência dos questionários e a auditoria de 20% das entrevistas realizadas. Nos termos do art. 2º, § 7º, da Resolução-TSE nº 23.600/2019, com a redação vigente para as Eleições 2026, a partir do dia em que a pesquisa puder ser divulgada e até o dia seguinte, o registro será complementado no Sistema de Registro de Pesquisas Eleitorais ¿ PesqEle com as informações exigidas pela Justiça Eleitoral relativas à área efetivamente abrangida pela pesquisa. Na hipótese de pesquisa relativa às eleições gerais, serão informados os municípios e bairros abrangidos ou, na ausência de delimitação formal do bairro, a área em que a pesquisa foi realizada, bem como o número de eleitoras e eleitores pesquisados em cada setor censitário e a composição da amostra final quanto a gênero, idade, grau de instrução e nível econômico das pessoas entrevistadas. A delimitação geográfica dos bairros e demais áreas abrangidas observará a divisão político-administrativa estabelecida em ato normativo oficial do respectivo ente federativo. Na inexistência de divisão territorial formalmente estabelecida, será utilizada fonte pública idônea, nos termos do art. 2º, § 7º-E, da Resolução-TSE nº 23.600/2019. Caso a metodologia utilizada impossibilite tecnicamente a identificação das entrevistas por setor censitário, será apresentada a justificativa técnica prevista no art. 2º, § 7º-F, com a indicação da unidade territorial efetivamente utilizada e dos respectivos procedimentos de controle e ponderação.";"#NULO#"
"28/09/2026";"05:46:54";2026;81;"Eleições Gerais 2026";"GO";"GO";"GOIÁS";"GO012992026";"2026-03-17 23:13:35";"S";"00654576000172";"INSTITUTO VERITA LTDA";"VERITA";"Governador, Senador, Deputado Federal";"2026-03-18 00:00:00";"2026-03-24 00:00:00";"2026-03-23 00:00:00";1525;"10699";"GUILHERME ALVARENGA LAIA";"119350,00";"Pesquisa quantitativa, que consiste na realização de entrevistas, com a aplicação de questionário estruturado junto a uma amostra representativa do eleitorado desta Unidade da Federação.";"ESTUDO REPRESENTATIVO DO ELEITORADO DO ESTADO DE GOIÁS - MÉTODO PPT (Probabilidade Proporcional ao Tamanho) - PLANO AMOSTRAL E PONDERAÇÃO QUANTO A SEXO, IDADE, GRAU DE INSTRUÇÃO E NÍVEL ECONÔMICO DO ENTREVISTADO; INTERVALO DE CONFIANÇA E MARGEM DE ERRO: Representativo do eleitorado da área em estudo, elaborada, em vários estágios, da seguinte forma: - 1. Divisão da UF em estratos proporcionais de municípios. 2. Ordenação dos municípios de cada estrato segundo o porte. 3. Sorteio dos municípios de cada estrato. 4. Os respondentes são selecionados através de quotas amostrais proporcionais em função de variáveis significativas, a saber: GÊNERO / FAIXA ETÁRIA - FEMININO E MASCULINO 16 A 34 ANOS 16,7% E 15,2%, 35 A 54 ANOS 20,6% E 18,4%, 55 ANOS OU MAIS 15,7% E 13,5%. GRAU DE INSTRUÇÃO - FEMININO Sem instrução até Ensino Médio completo 60,8%, Ensino superior incompleto e completo % NÍVEL ECONÔMICO - FEMININO população não economicamente ativa 46,5% população economicamente ativa 53,5% MASCULINO população não economicamente ativa 27,2% população economicamente ativa 72,8%. RENDA FAMILIAR DO DOMICÍLIO renda familiar de até 2 salários-mínimos 30,7%; de 2 a 5 salários-mínimos 44,2%, acima de 5 salários-mínimos 25,1%. Está prevista eventual ponderação para correção das variáveis, com base nos percentuais anteriormente mencionados, caso ocorram diferenças superiores a margem de erro da pesquisa previsto entre a amostra e a coleta de dados realizada. O fator previsto para ponderação é 1 (resultados obtidos na coleta de dados). O intervalo de confiança estimado é de 95% e a margem de erro máxima estimada considerando um modelo de amostragem aleatório simples, é de aproximadamente 3  pontos percentuais para mais ou para menos sobre os resultados encontrados no total da amostra. FONTE DOS DADOS: IBGE/Censo 2022 para fins de densidade demográfica, setores censitários e alocação da amostra. IBGE/PNAD/PNADC/MEC/INEP para fins de Nível Econômico e Escolaridade. TSE FEVEREIRO/2026 para fins de Sexo, Faixa Etária e eleitorado por município ou regiões previamente definidas (importante ressaltar para o público leigo que os dados do TSE são os únicos corretos para gênero, idade dos eleitores e quantitativo de eleitores por municípios já que a base de dados se atualiza automaticamente, PORÉM, dados de escolaridade e nível econômico NÃO são corretos e confiáveis devido a desatualização que ocorre naturalmente com o passar dos anos). Definição de margem de erro e intervalo de confiança: Margem de erro e intervalo de confiança não são grandezas diretamente proporcionais. A SOMA NÃO TEM QUE RESULTAR 100%. ";"Após os trabalhos de coleta de dados, os questionários são submetidos a uma fiscalização, conferência e checagem de cerca de 20% (vinte por cento) dos questionários aplicados.";"A relação dos municípios sorteados ou selecionados para esta pesquisa será apresentada em arquivo anexo até 1 (um) dia após a divulgação desta pesquisa conforme §7º. do art. 2º. da Resolução-TSE nº. 23.600/2019. A área de abrangência desta pesquisa é o Estado DE GOIÁS."
"28/09/2026";"05:46:54";2026;81;"Eleições Gerais 2026";"GO";"GO";"GOIÁS";"GO013202026";"2026-08-18 21:38:22";"S";"00654576000172";"INSTITUTO VERITA LTDA";"VERITA";"Governador, Senador";"2026-08-19 00:00:00";"2026-08-23 00:00:00";"2026-08-24 00:00:00";1525;"10699";"Guilherme Alvarenga Laia";"117425,00";"Estudo quantitativo voltado às Eleições 2026, realizado por meio de entrevistas individuais, aplicadas mediante questionário eletrônico estruturado e Unidade Automatizada de Respostas Audíveis e Auditáveis, por meio de ligações para telefones móveis (celulares). A inteligência artificial é empregada exclusivamente para a transcrição automatizada das respostas em áudio, não interferindo na formulação das perguntas, na condução das entrevistas, na coleta das informações, na interpretação das respostas ou no tratamento estatístico dos dados.

A participação dos eleitores é voluntária, espontânea e não remunerada. As respostas são prestadas por autodeclaração, sendo, em sua maioria, registradas por meio de códigos numéricos correspondentes às alternativas previamente definidas no questionário.

A utilização de sistema eletrônico automatizado para a coleta e o registro das respostas proporciona elevado nível de padronização operacional, reduz a possibilidade de interferência humana durante a realização das entrevistas, amplia a rastreabilidade e a auditabilidade de todo o processo de coleta e contribui para maior precisão, consistência e confiabilidade dos dados obtidos.

O plano amostral foi elaborado para assegurar a representatividade estatística do eleitorado da respectiva Unidade da Federação, observando critérios técnicos de seleção, distribuição e ponderação da amostra, quando aplicáveis.";"A pesquisa foi planejada para produzir uma amostra estatisticamente representativa do eleitorado do estado DE GOIÁS, utilizando o método de Probabilidade Proporcional ao Tamanho (PPT), com plano amostral em múltiplos estágios. Na primeira etapa, esta Unidade da Federação é dividida em macrorregiões, de forma a assegurar adequada distribuição territorial da amostra e representação das diferentes características geográficas, demográficas e eleitorais. Na segunda etapa, os municípios de cada estrato são ordenados segundo seu porte populacional e eleitoral e sorteados. Na terceira etapa, os respondentes são selecionados entre os eleitores aptos residentes nos municípios sorteados, observando-se a distribuição proporcional da amostra e as cotas estabelecidas para as variáveis de sexo, faixa etária, grau de instrução e nível econômico. As cotas são estabelecidas para a pesquisa completa, considerando a composição do eleitorado e os parâmetros oficiais de referência, não sendo aplicadas isoladamente a cada município selecionado.

SEXO E FAIXA ETÁRIA - Fonte: Tribunal Superior Eleitoral (TSE), Perfil do Eleitorado, junho de 2026. Feminino de 16 a 34 anos: 17%; Masculino de 16 a 34 anos: 15,5%; Feminino de 35 a 54 anos: 20,4%; Masculino de 35 a 54 anos: 18,2%; Feminino com 55 anos ou mais: 15,6%; Masculino com 55 anos ou mais: 13,4%. Os parâmetros de sexo e idade têm como referência o cadastro eleitoral brasileiro atualizado pelo Tribunal Superior Eleitoral, considerando o universo de eleitores aptos com 16 anos ou mais.

GRAU DE INSTRUÇÃO - Fonte: IBGE - Pesquisa Nacional por Amostra de Domicílios Contínua - PNAD Contínua, 1º trimestre de 2026. A distribuição é: sem instrução 4,4%; ensino fundamental incompleto ou equivalente 23,9%; ensino fundamental completo ou equivalente 7,2%; ensino médio incompleto ou equivalente 5,7%; ensino médio completo ou equivalente 32,5%; ensino superior incompleto ou equivalente 4,6%; ensino superior completo 21,7%. A PNAD Contínua é utilizada como referência por constituir a fonte oficial mais atualizada para a mensuração do nível de instrução da população brasileira, sua utilização também corrige limitações decorrentes da ausência de atualização obrigatória e contínua das informações de escolaridade no cadastro eleitoral do Tribunal Superior Eleitoral.

NÍVEL ECONÔMICO - RENDA FAMILIAR DO DOMICÍLIO - Fonte: IBGE - PNAD Contínua Anual 2025, 1ª visita.  Considera-se a renda domiciliar total, compreendendo rendimentos provenientes de trabalho formal e informal, aposentadorias, pensões, benefícios sociais e demais fontes de renda existentes no domicílio.  observando-se a seguinte distribuição: renda familiar de até 2 salários-mínimos 38%; de 2 a 5 salários-mínimos 41,3%, acima de 5 salários-mínimos 20,7%.

PONDERAÇÃO E CALIBRAÇÃO DA AMOSTRA - Prevê-se eventual ponderação das variáveis de sexo, faixa etária, grau de instrução e nível econômico, caso sejam verificadas diferenças relevantes entre a distribuição da amostra efetivamente coletada e os parâmetros populacionais de referência adotados. Inicialmente, o fator de ponderação é igual a 1 (um), podendo ser recalculado sempre que necessário para assegurar a representatividade estatística da amostra.
INTERVALO DE CONFIANÇA E MARGEM DE ERRO - O intervalo de confiança adotado é de 95%, com margem máxima estimada de erro de aproximadamente 2,5  pontos percentuais, para mais ou para menos, sobre os resultados do total da amostra, calculada segundo o modelo de amostragem aleatória simples e a hipótese de máxima variabilidade.";"Após os trabalhos de coleta de dados, os questionários são submetidos a uma fiscalização, conferência e checagem de cerca de 20% (vinte por cento) dos questionários aplicados. Todas as entrevistas são integralmente registradas em áudio, permanecendo auditáveis e rastreáveis, permitindo a verificação da integridade do processo de coleta, preservado o sigilo das informações pessoais dos entrevistados e observadas as disposições da Lei Geral de Proteção de Dados Pessoais (Lei nº 13.709/2018).";"Em observância ao art. 2º, § 7º, da Resolução TSE nº 23.600/2019, com redação dada pela Resolução TSE nº 23.747/2026, a presente pesquisa terá seu registro complementado no Sistema de Registro de Pesquisas Eleitorais a partir da data em que sua divulgação for permitida e até o dia seguinte, com a identificação dos municípios em que foram realizadas as entrevistas, bem como da composição final da amostra quanto a gênero, idade, grau de instrução e nível econômico, na forma exigida pela legislação eleitoral vigente."
"28/09/2026";"05:46:54";2026;81;"Eleições Gerais 2026";"GO";"GO";"GOIÁS";"GO077672026";"2026-09-26 22:08:16";"S";"56824073000152";"EXATA.GO PESQUISA LTDA";"EXATA.GO";"Governador, Deputado Federal, Deputado Estadual";"2026-09-27 00:00:00";"2026-10-01 00:00:00";"2026-10-02 00:00:00";300;"7655";"AUGUSTO DA SILVA ROCHA";"10000,00";"A pesquisa cobrirá o município envolvendo todas regiões do município de Valparaíso de Goias/GO Universo da pesquisa será dos eleitores com 16 anos ou mais. A amostra representará os eleitores do Município, selecionados em 2(dois) estágios. No primeiro estágio, os setores censitários, onde as entrevistas serão realizadas, foram selecionadas, probabilisticamente, através do método PPT - Probabilidade Proporcional ao Tamanho, tomando o número de eleitores como base para seleção. No segundo estágio, a seleção do entrevistado, dentro do setor censitário, será feita utilizando-se quotas proporcionais, e a abordagem será domiciliar.";"Utilizamos quotas proporcionais, em função das seguintes variáveis:
Gênero: FEMININO 54,42% ;
MASCULINO 45,58% ;


Faixa etária: 16 a 24 anos 16,80% ;
25 a 34 anos 22,09% ;
35 a 44 anos 21,84% ;
45 a 59 anos 25,26% ;
60 anos ou mais 14,01% ;


Grau de instrução: Analfabeto 1,17% ;
Ensino Fundamental Completo 5,45% ;
Ensino Fundamental Incompleto 15,55% ;
Ensino Médio Completo 37,01% ;
Ensino Médio Incompleto 19,20% ;
Lê E Escreve 2,59% ;
Superior Completo 11,16% ;
Superior Incompleto 7,85% ;


Fonte dos dados: TSE-Tribunal Superior Eleitoral/agosto2026; Cruzamento Eleitorado Mensal https://sig.tse.jus.br/ords/dwapr/r/seai/sig-eleitor-eleitorado-mensal/cruzamento-eleitorado-mensal?p0_municipio=VALPARA%C3%8DSO%20DE%20GOI%C3%81S&p0_uf=GO&session=314467251301216 ;


Ano=2026; Mês = agosto; UF= GO; MUNICIPIO = Valparaíso de Goias;

Renda familiar (A variável ¿classe de rendimento nominal mensal domiciliar¿ corresponde à classificação dos domicílios segundo a soma dos rendimentos nominais mensais de seus moradores, expressa em faixas de salários mínimos vigentes no período de referência do Censo Demográfico 2010. Trata-se da renda total do domicílio, não dividida pelo número de moradores, não devendo ser confundida com rendimento domiciliar per capita. Para fins de planejamento amostral e ponderação, foram preservadas as categorias e os percentuais originalmente disponibilizados pelo IBGE, sem reagrupamento ou recálculo das faixas.): Até 1/2 salário mínimo 0,73% ;
Mais de 1/2 a 1 salário mínimo 10,46% ;
Mais de 1 a 2 salários mínimos 21,75% ;
Mais de 2 a 5 salários mínimos 38,75% ;
Mais de 5 a 10 salários mínimos 16,94% ;
Mais de 10 a 20 salários mínimos 6,30% ;
Mais de 20 salários mínimos 1,47% ;
Sem rendimento 3,60% ;


Fonte dos dados: IBGE-Censo 2010-IBGE-CENSO 2022 (IBGE/Censo 2010 - Classe de rendimento nominal mensal domiciliar) ; https://cidades.ibge.gov.br/brasil/go/valparaiso-de-goias/pesquisa/23/24304 ;


""Está prevista eventual ponderação da amostra para correção das variáveis sexo, idade, renda familiar e escolaridade com base nos percentuais anteriormente mencionados, caso ocorram diferenças entre os percentuais previstos na amostra e a coleta de dados realizada. O nível de confiança estimado é de 95% e a margem de erro máxima prevista, baseada em uma amostra aleatória simples (AAS), é de cerca de 5,7 pontos percentuais para mais ou para menos em relação aos totais da amostra. Nível Econômico: IBGE (Censo/2010) - Observação: Conforme informações obtidas do Instituto Brasileiro de Geografia e Estatística, o IBGE, não divulgou - e não tem previsão - de data para divulgação do perfil econômico (nível econômico) da população brasileira; portanto, os dados quanto ao nível econômico obtidos no Censo 2022, não podem ser utilizados, pois não foram publicados.""";"Para a realização da pesquisa, utiliza-se uma equipe de entrevistadores e supervisores credenciados devidamente treinados pela empresa para esse tipo de pesquisa. Após os trabalhos de campo, 100% dos questionários são criticados e passam por uma fiscalização de cerca de 20% (vinte por cento) dos questionários aplicados por cada entrevistador; para verificação da consistência das respostas e da adequação dos entrevistados aos parâmetros amostrais.";"#NULO#"
"28/09/2026";"05:46:54";2026;81;"Eleições Gerais 2026";"GO";"GO";"GOIÁS";"GO008492026";"2026-08-17 22:47:42";"N";"44826961000125";"SMS - DIRECT PESQUISAS E MARKETING LTDA";"DIRECT PESQUISAS";"Governador, Senador, Deputado Federal, Deputado Estadual";"2026-08-16 00:00:00";"2026-08-18 00:00:00";"2026-08-23 00:00:00";700;"10526";"Jose Dos Reis Cunha Filho";"6000,00";"Pesquisa quantitativa com abordagem porta a porta, com eleitores que votam e/ou residem no município de Aparecida de Goiânia no estado de Goiás, consistindo na realização de entrevistas pessoais e individuais, com a aplicação de questionário estruturado junto a uma amostra representativa do eleitorado em estudo. Devido a ordem probabilística da amostra, nesta pesquisa será considerada apenas os eleitores residentes dentro do município ou que no dia da entrevista estejam nele. Todas as entrevistas são espontâneas e os dados são sigilosos, guardados no banco de dados do instituto para tabulação e apresentação gráfica e analítica.";"Trata-se de uma amostra probabilística estratificada, com abordagem aleatória simples através de cotas de sexo, idade e escolaridade, ponderadas de acordo com a estatística do Eleitorado do TSE, 2025 (https://sig.tse.jus.br) e renda ponderada de acordo com registro do último senso do IBGE 2010 (https://cidades.ibge.gov.br) de acordo com a Resolução do TSE 23.600/2019, complementada pela Resolução 23.676/2021, com entrevistas domiciliares aos eleitores de 16 anos ou mais que exerça seu voto no município de Aparecida de Goiânia. Totalizando uma população eleitoral de 341.039 e amostra de 700, a um nível de confiança = 95%; Nível de significância = 5%; Margem de erro = 3,7%, com P = 0,5.
SEXO: Masculino (46,00%), Feminino (54,00%); FAIXA ETÁRIA: até 24 anos (13,11%), de 25 a 34 anos (21,72%), de 35 a 44 anos (21,87%), de 45 a 59 anos (26,21%), 60 anos ou mais (17,08%); ESCOLARIDADE: Analfabeto (1,35%), Lê e escreve (4,20%), 1º Grau inc/comp (26,15%), 2º Grau inc/comp (54,05%), 3º Grau inc/comp (14,25%); RENDA: Até 1 salário (12,60%), entre 1 e 2 salários (20,22%), entre 2 e 5 salários (43,81%), entre 5 e 10 salários (17,38%), Mais de 10 salários (5,99%).
";"Os questionários são aplicados com uso de equipamentos eletrônicos, supervisão in loco e via GPS, passarão por conferência através de novo contato até 20% dos entrevistados, todas as regiões pesquisadas foram selecionadas proporcionalmente.";"Os bairros serão anexados de acordo com a resolução."
"28/09/2026";"05:46:54";2026;81;"Eleições Gerais 2026";"GO";"GO";"GOIÁS";"GO061862026";"2026-08-21 14:56:11";"N";"22445600000104";"QUAEST PESQUISAS, CONSULTORIA E PROJETOS LTDA.";"#NULO#";"Governador, Senador";"2026-08-23 00:00:00";"2026-08-26 00:00:00";"2026-08-27 00:00:00";804;"6731";"Margarida Maria de Mendonca";"99093,00";"Pesquisa quantitativa, de survey, que consiste na realização de entrevistas pessoais, domiciliares e presenciais, conduzidas por profissionais treinados, com a aplicação de questionários estruturados a uma amostra representativa da população votante de 16 anos ou mais residente no estado de Goiás. O desenho amostral aplicado combina sorteio probabilístico de municípios e de setores censitários fornecidos pelo IBGE (unidades territoriais homogêneas, de tamanho similar a quadras ou blocos), dentro dos quais serão selecionadas pessoas respondentes por meio de cotas amostrais.";"O público pesquisado é composto por eleitores de 16 anos ou mais residentes na área de abrangência da pesquisa. Para produzir uma amostra representativa desse público-alvo, utilizamos um desenho amostral por conglomerados que prevê três estágios. No primeiro estágio, é feito um sorteio probabilístico de municípios para comporem a amostra por meio do método PPT (Probabilidade Proporcional ao Tamanho) a partir de suas populações votantes acima de 16 anos. Dentro da lista de municípios sorteados, no segundo estágio, é realizado um sorteio probabilístico por meio do método PPT (Probabilidade Proporcional ao Tamanho) de setores censitários a serem visitados pelos entrevistadores, sorteio que tem como base o total de habitantes residentes nos setores de acordo com dados do Censo de 2022, o que garante a dispersão aleatória e estatística da amostra dentro dos territórios municipais, independentemente de divisões administrativas. Finalmente, dentro da lista de setores censitários sorteados, no último estágio são selecionados domicílios e pessoas a serem entrevistadas utilizando-se cotas amostrais para as seguintes variáveis: sexo, idade, renda familiar e escolaridade. O perfil da amostra, definido pelas cotas previstas, é o seguinte:

Sexo: Masculino (47%); Feminino (53%). 
Faixa etária: 16-34 anos (32%); 35-59 anos (46%); 60 ou mais (22%). 
Renda domiciliar total, incluindo pensões, benefícios e rendimentos de trabalhos informais: Até 2 salários-mínimos (24%); Mais de 2 a 5 salários-mínimos (49%); Mais de 5 salários-mínimos (27%). 
Nível de instrução: Até Fundamental completo ou médio incompleto (40%); Médio completo ou superior incompleto (41%); Superior completo ou mais (19%). 

Fonte dos dados: para a distribuição de sexo e idade, TSE-Tribunal Superior Eleitoral - julho/2026; para a malha de setores censitários, Censo 2022 (IBGE); para a distribuição de renda domiciliar, PNADc Anual 2025, 1ª visita (IBGE); e, para a distribuição de escolaridade/instrução, PNADc trimestral 1-2026 (IBGE). A PNADc é utilizada por ser a fonte oficial mais atualizada de rendimentos do país, incluindo rendimentos informais, pensões, entre outros, e corrigindo as defasagens temporais do Censo 2022, além de ser a fonte mais atualizada de nível de instrução da população com 16 anos ou mais dada ausência de atualização obrigatória da escolaridade no registro de eleitores do TSE.

Está prevista eventual pós-estratificação da amostra, por meio de algoritmos de calibração (rake) e modelos (MrP), para correção de estimativas e das distribuições das variáveis sexo, idade, renda familiar e escolaridade, com base nos percentuais anteriormente mencionados, caso ocorram diferenças entre os percentuais previstos na amostra e a coleta de dados realizada. 

Dentro do público-alvo anteriormente descrito, serão realizadas 804 entrevistas. O nível de confiança das estimativas é de 95% e a margem de erro máxima prevista, atendendo às diretivas do TSE e usando o cálculo para amostra aleatória simples (AAS) como aproximação, é de cerca de 3 pontos percentuais para mais ou para menos em relação aos totais da amostra.";"As entrevistas serão realizadas por uma equipe de entrevistadores devidamente qualificada, com experiência e treinamento em pesquisa de opinião pública. Todo trabalho é feito em tablets ou outros dispositivos eletrônicos. Após a realização da coleta de dados, as entrevistas junto aos respondentes são checadas por meio de procedimentos de consistência e de georreferenciamento dos locais de aplicação em tempo real. Adicionalmente, ao longo e após os trabalhos de campo, é realizada uma fiscalização que consiste na checagem de áudio de uma amostra de 30% dos questionários aplicados para verificação das respostas e da adequação dos entrevistados aos parâmetros amostrais.";"A área de abrangência da coleta é o território do estado de Goiás. A relação do número de pessoas pesquisadas nas áreas de aplicação da pesquisa, discriminadas por município, bairros e setores censitários a partir dos identificadores utilizados pelo IBGE, além da composição do eleitorado entrevistado na área de abrangência quanto a gênero, idade, grau de instrução e nível econômico, constará em anexo. O mapa com os códigos destes setores censitários e as áreas que delimitam no país todo podem ser conferidos na seguinte fonte oficial: https://censo2022.ibge.gov.br/panorama/mapas.html?localidade=&recorte=setores_censitarios"
"28/09/2026";"05:46:54";2026;81;"Eleições Gerais 2026";"GO";"GO";"GOIÁS";"GO017012026";"2026-07-24 19:09:43";"N";"22445600000104";"QUAEST PESQUISAS, CONSULTORIA E PROJETOS LTDA.";"#NULO#";"Governador, Senador";"2026-07-24 00:00:00";"2026-07-28 00:00:00";"2026-07-30 00:00:00";1104;"6731";"Margarida Maria de Mendonca";"239169,82";"
Pesquisa quantitativa, de survey, que consiste na realização de entrevistas pessoais, domiciliares e presenciais, conduzidas por profissionais treinados, com a aplicação de questionários estruturados a uma amostra representativa da população votante de 16 anos ou mais residente no estado de Goiás. O desenho amostral aplicado combina sorteio probabilístico de municípios e de setores censitários fornecidos pelo IBGE (unidades territoriais homogêneas, de tamanho similar a quadras ou blocos), dentro dos quais serão selecionadas pessoas respondentes por meio de cotas amostrais.";"O público pesquisado é composto por eleitores de 16 anos ou mais residentes na área de abrangência da pesquisa. Para produzir uma amostra representativa desse público-alvo, utilizamos um desenho amostral por conglomerados que prevê três estágios. No primeiro estágio, é feito um sorteio probabilístico de municípios para comporem a amostra por meio do método PPT (Probabilidade Proporcional ao Tamanho) a partir de suas populações votantes acima de 16 anos. Dentro da lista de municípios sorteados, no segundo estágio, é realizado um sorteio probabilístico por meio do método PPT (Probabilidade Proporcional ao Tamanho) de setores censitários a serem visitados pelos entrevistadores, sorteio que tem como base o total de habitantes residentes nos setores de acordo com dados do Censo de 2022, o que garante a dispersão aleatória e estatística da amostra dentro dos territórios municipais, independentemente de divisões administrativas. Finalmente, dentro da lista de setores censitários sorteados, no último estágio são selecionados domicílios e pessoas a serem entrevistadas utilizando-se cotas amostrais para as seguintes variáveis: sexo, idade, renda familiar e escolaridade. O perfil da amostra, definido pelas cotas previstas, é o seguinte:

Sexo: Masculino (47%); Feminino (53%). 
Faixa etária: 16-34 anos (32%); 35-59 anos (46%); 60 ou mais (22%). 
Renda domiciliar total, incluindo pensões, benefícios e rendimentos de trabalhos informais: Até 2 salários-mínimos (24%); Mais de 2 a 5 salários-mínimos (49%); Mais de 5 salários-mínimos (27%). 
Nível de instrução: Até Fundamental completo ou médio incompleto (40%); Médio completo ou superior incompleto (41%); Superior completo ou mais (19%). 

Fonte dos dados: para a distribuição de sexo e idade, TSE-Tribunal Superior Eleitoral - julho/2026; para a malha de setores censitários, Censo 2022 (IBGE); para a distribuição de renda domiciliar, PNADc Anual 2025, 1ª visita (IBGE); e, para a distribuição de escolaridade/instrução, PNADc trimestral 1-2026 (IBGE). A PNADc é utilizada por ser a fonte oficial mais atualizada de rendimentos do país, incluindo rendimentos informais, pensões, entre outros, e corrigindo as defasagens temporais do Censo 2022, além de ser a fonte mais atualizada de nível de instrução da população com 16 anos ou mais dada ausência de atualização obrigatória da escolaridade no registro de eleitores do TSE.

Está prevista eventual pós-estratificação da amostra, por meio de algoritmos de calibração (rake) e modelos (MrP), para correção de estimativas e das distribuições das variáveis sexo, idade, renda familiar e escolaridade, com base nos percentuais anteriormente mencionados, caso ocorram diferenças entre os percentuais previstos na amostra e a coleta de dados realizada. 

Dentro do público-alvo anteriormente descrito, serão realizadas 1.104 entrevistas. O nível de confiança das estimativas é de 95% e a margem de erro máxima prevista, atendendo às diretivas do TSE e usando o cálculo para amostra aleatória simples (AAS) como aproximação, é de cerca de 3 pontos percentuais para mais ou para menos em relação aos totais da amostra.";"As entrevistas serão realizadas por uma equipe de entrevistadores devidamente qualificada, com experiência e treinamento em pesquisa de opinião pública. Todo trabalho é feito em tablets ou outros dispositivos eletrônicos. Após a realização da coleta de dados, as entrevistas junto aos respondentes são checadas por meio de procedimentos de consistência e de georreferenciamento dos locais de aplicação em tempo real. Adicionalmente, ao longo e após os trabalhos de campo, é realizada uma fiscalização que consiste na checagem de áudio de uma amostra de 30% dos questionários aplicados para verificação das respostas e da adequação dos entrevistados aos parâmetros amostrais.";"A área de abrangência da coleta é o território do estado de Goiás. A relação do número de pessoas pesquisadas nas áreas de aplicação da pesquisa, discriminadas por município, bairros e setores censitários a partir dos identificadores utilizados pelo IBGE, além da composição do eleitorado entrevistado na área de abrangência quanto a gênero, idade, grau de instrução e nível econômico, constará em anexo. O mapa com os códigos destes setores censitários e as áreas que delimitam no país todo podem ser conferidos na seguinte fonte oficial: https://censo2022.ibge.gov.br/panorama/mapas.html?localidade=&recorte=setores_censitarios"
"28/09/2026";"05:46:54";2026;81;"Eleições Gerais 2026";"GO";"GO";"GOIÁS";"GO009542026";"2026-08-22 15:12:50";"S";"22345021000181";"REAL TIME MIDIA LTDA";"REAL TIME BIG DATA";"Governador, Senador";"2026-08-24 00:00:00";"2026-08-27 00:00:00";"2026-08-28 00:00:00";1600;"10839";"Isabela Zara Cremoneze";"24000,00";"Pesquisa quantitativa, que consiste na realização de entrevistas com eleitores do universo a ser explorado, feitas em combinação mista por entrevistadores humanos e recursos de inteligência artificial, com a aplicação de questionário estruturado com abordagens telefônicas e digitais junto a uma amostra representativa do eleitorado em estudo. Pesquisa realizada no Estado de Goiás (GO).";"Representativo do eleitorado da área em estudo, elaborada em três estágios.
No primeiro estágio, realiza-se um sorteio probabilístico dos municípios onde as entrevistas serão realizadas, pelo método PPT (Probabilidade Proporcional ao Tamanho), tomando a população eleitora de 16 anos ou mais residente nos municípios como base para essa seleção.
No segundo estágio, efetua-se um sorteio probabilístico das localidades dentro dos municípios selecionados, também pelo método PPT (Probabilidade Proporcional ao Tamanho), considerando a população eleitora de 16 anos ou mais residente nessas localidades como base para a seleção.
No terceiro e último estágio, dentro das localidades sorteadas, os respondentes são selecionados por meio de quotas amostrais proporcionais, em função de variáveis significativas, a saber:
GÊNERO:
Feminino: 52,98%;
Masculino: 47,02%.
(Fonte: TSE, Julho/2026 -- https://sig.tse.jus.br/ords/dwapr/r/seai/sig-eleitor-eleitorado-mensal/cruzamento-eleitorado-mensal?p24_metricas=E&p24_back=22&p24_cruzamento_1=ds_sexo&clear=24&session=12221024132088)
FAIXA ETÁRIA:
16 anos: 0,36%;
17 anos: 0,63%;
18 a 20 anos: 4,31%;
21 a 24 anos: 7,19%;
25 a 34 anos: 19,36%;
35 a 44 anos: 20,04%;
45 a 59 anos: 26,36%;
60 a 69 anos: 12,15%;
70 a 79 anos: 6,71%;
Superior a 79 anos: 2,89%.
(Fonte: TSE, Julho/2026 -- https://sig.tse.jus.br/ords/dwapr/r/seai/sig-eleitor-eleitorado-mensal/cruzamento-eleitorado-mensal?p24_cruzamento_1=ds_faixa_etaria&p24_metricas=E&p24_back=22&clear=24&session=12221024132088)
ESCOLARIDADE:
Analfabeto: 2,41%;
Lê e Escreve: 5,48%;
Ensino Fundamental Incompleto: 20,65%;
Ensino Fundamental Completo: 5,61%;
Ensino Médio Incompleto: 17,82%;
Ensino Médio Completo: 29,41%;
Ensino Superior Incompleto: 6,90%;
Ensino Superior Completo: 11,72%.
(Fonte: TSE, Julho/2026 -- https://sig.tse.jus.br/ords/dwapr/r/seai/sig-eleitor-eleitorado-mensal/cruzamento-eleitorado-mensal?p24_cruzamento_1=ds_grau_instrucao&p24_metricas=E&p24_back=22&clear=24&session=12221024132088)
RENDA DOMICILIAR MENSAL:
Sem rendimento: 3,44%;
Até 1/2 Salário Mínimo: 1,54%;
Mais de 1/2 a 1 Salário Mínimo: 13,65%;
Mais de 1 a 2 Salários Mínimos: 24,43%;
Mais de 2 a 5 Salários Mínimos: 36,58%;
Mais de 5 a 10 Salários Mínimos: 13,61%;
Mais de 10 a 20 Salários Mínimos: 4,75%;
Mais de 20 Salários Mínimos: 1,99%;
(Fonte: IBGE (CENSO-2010) -- https://cidades.ibge.gov.br/brasil/go/pesquisa/23/26504?detalhes=true)
Observação: De acordo com informações do Instituto Brasileiro de Geografia e Estatística (IBGE), não há previsão de data para a divulgação do perfil econômico da população brasileira do CENSO 2022. Portanto, os dados sobre o nível econômico obtidos no Censo 2022 não podem ser utilizados, pois ainda não foram publicados.
Está prevista eventual ponderação para correção das variáveis sexo e idade, com base nos percentuais anteriormente mencionados, caso ocorram diferenças superiores a 3 pontos percentuais entre o previsto na amostra e a coleta de dados realizada. Para as variáveis de grau de instrução e nível econômico do entrevistado, o fator previsto para ponderação é 1 (resultados obtidos em campo). O nível de confiança estimado é de 95% e a margem de erro máxima estimada considerando um modelo de amostragem aleatório simples, é de aproximadamente 2 (dois) pontos percentuais para mais ou para menos sobre os resultados encontrados no total da amostra.

";"O trabalho de coleta de dados é acompanhado por supervisores humanos. São selecionados aleatoriamente 15% (quinze por cento) dos questionários para uma verificação posterior e, em caso de dúvida, o formulário é descartado e o responsável pela coleta chamado para esclarecimentos. Há uma equipe especializada que confere os dados à exaustão com objetivo de averiguar e aferir os resultados coletados.";"O anexo do arquivo com os bairros será realizado até o dia seguinte da divulgação conforme indicado no §7º. do art. 2º. da Resolução-TSE nº. 23.600/2019."
"28/09/2026";"05:46:54";2026;81;"Eleições Gerais 2026";"GO";"GO";"GOIÁS";"GO004112026";"2026-08-29 23:38:45";"N";"04851508000154";"INSTITUTO GAZETA LTDA";"IGAPE- INSTITUTO GAZETA DE PEQUISAS";"Governador, Senador, Deputado Federal, Deputado Estadual";"2026-08-27 00:00:00";"2026-08-31 00:00:00";"2026-09-04 00:00:00";600;"10394";"FILIPE MOREIRA MARTINE";"5000,00";"A metodologia utilizada é Survey quantitativo, com realização das entrevistas de maneira pessoal em domicílio, com aplicação de questionário estruturado e padronizado em plataforma digital (tablet ou computador) junto a uma amostra representativa dos eleitores de Morrinhos.";"O universo da pesquisa é composto por eleitores de Morrinhos, com idade a partir de 16 anos. A amostra prevista será de 600 entrevistas. A Seleção da amostra será realizada utilizando-se quotas amostrais proporcionais, em função das seguintes variáveis. SEXO: Masculino: (52%); Feminino: (48%) - IDADE: 16 a 29 anos (23%); 30 a 44 anos: (29%); 45 a 59 anos: (26%); 60 anos ou mais: (22%) - ESCOLARIDADE: Analfabeto/Lê e escreve: (8%); Fundamental completo ou incompleto: (32%); Médio completo ou incompleto: (41%); Superior completo ou incompleto: (19%) ¿ RENDA INDIVIDUAL: Até 1 SM: (41%); De 1 A2 SM: (40%); Acima de 2 SM (19%).";"Está prevista eventual ponderação para correção das variáveis, com base nos percentuais acima apresentados - Área física: Município de Aparecida de Goiânia - GO. Margem de Erro:A margem de erro máxima prevista para o total da amostra é de 3,5 pontos percentuais para mais ou para menos, considerando um nível de confiança de 95%. Fonte de Dados: TSE: Estatísticas do Eleitorado 2026 e IBGE Censo 2022.";"#NULO#"
"28/09/2026";"05:46:54";2026;81;"Eleições Gerais 2026";"GO";"GO";"GOIÁS";"GO046162026";"2026-09-16 21:43:37";"N";"22345021000181";"REAL TIME MIDIA LTDA";"REAL TIME BIG DATA";"Governador, Senador";"2026-09-17 00:00:00";"2026-09-21 00:00:00";"2026-09-22 00:00:00";1600;"10839";"Isabela Zara Cremoneze";"20000,00";"Pesquisa quantitativa, que consiste na realização de entrevistas com eleitores do universo a ser explorado, feitas em combinação mista por entrevistadores humanos e recursos de inteligência artificial, com a aplicação de questionário estruturado com abordagens telefônicas e digitais junto a uma amostra representativa do eleitorado em estudo. Pesquisa realizada no Estado de Goiás (GO).";"Representativo do eleitorado da área em estudo, elaborada em três estágios.
No primeiro estágio, realiza-se um sorteio probabilístico dos municípios onde as entrevistas serão realizadas, pelo método PPT (Probabilidade Proporcional ao Tamanho), tomando a população eleitora de 16 anos ou mais residente nos municípios como base para essa seleção.
No segundo estágio, efetua-se um sorteio probabilístico das localidades dentro dos municípios selecionados, também pelo método PPT (Probabilidade Proporcional ao Tamanho), considerando a população eleitora de 16 anos ou mais residente nessas localidades como base para a seleção.
No terceiro e último estágio, dentro das localidades sorteadas, os respondentes são selecionados por meio de quotas amostrais proporcionais, em função de variáveis significativas, a saber:
GÊNERO:
Feminino: 52,98%;
Masculino: 47,02%.
(Fonte: TSE, Agosto/2026 -- https://sig.tse.jus.br/ords/dwapr/r/seai/sig-eleitor-eleitorado-mensal/cruzamento-eleitorado-mensal?p24_metricas=E&p24_back=22&p24_cruzamento_1=ds_sexo&clear=24&session=12221024132088)
FAIXA ETÁRIA:
16 anos: 0,36%;
17 anos: 0,63%;
18 a 20 anos: 4,31%;
21 a 24 anos: 7,19%;
25 a 34 anos: 19,36%;
35 a 44 anos: 20,04%;
45 a 59 anos: 26,36%;
60 a 69 anos: 12,15%;
70 a 79 anos: 6,71%;
Superior a 79 anos: 2,89%.
(Fonte: TSE, Agosto/2026 -- https://sig.tse.jus.br/ords/dwapr/r/seai/sig-eleitor-eleitorado-mensal/cruzamento-eleitorado-mensal?p24_cruzamento_1=ds_faixa_etaria&p24_metricas=E&p24_back=22&clear=24&session=12221024132088)
ESCOLARIDADE:
Analfabeto: 2,41%;
Lê e Escreve: 5,48%;
Ensino Fundamental Incompleto: 20,65%;
Ensino Fundamental Completo: 5,61%;
Ensino Médio Incompleto: 17,82%;
Ensino Médio Completo: 29,41%;
Ensino Superior Incompleto: 6,90%;
Ensino Superior Completo: 11,72%.
(Fonte: TSE, Agosto/2026 -- https://sig.tse.jus.br/ords/dwapr/r/seai/sig-eleitor-eleitorado-mensal/cruzamento-eleitorado-mensal?p24_cruzamento_1=ds_grau_instrucao&p24_metricas=E&p24_back=22&clear=24&session=12221024132088)
RENDA DOMICILIAR MENSAL:
Sem rendimento: 3,44%;
Até 1/2 Salário Mínimo: 1,54%;
Mais de 1/2 a 1 Salário Mínimo: 13,65%;
Mais de 1 a 2 Salários Mínimos: 24,43%;
Mais de 2 a 5 Salários Mínimos: 36,58%;
Mais de 5 a 10 Salários Mínimos: 13,61%;
Mais de 10 a 20 Salários Mínimos: 4,75%;
Mais de 20 Salários Mínimos: 1,99%;
(Fonte: IBGE (CENSO-2010) -- https://cidades.ibge.gov.br/brasil/go/pesquisa/23/26504?detalhes=true)
Observação: De acordo com informações do Instituto Brasileiro de Geografia e Estatística (IBGE), não há previsão de data para a divulgação do perfil econômico da população brasileira do CENSO 2022. Portanto, os dados sobre o nível econômico obtidos no Censo 2022 não podem ser utilizados, pois ainda não foram publicados.
Está prevista eventual ponderação para correção das variáveis sexo e idade, com base nos percentuais anteriormente mencionados, caso ocorram diferenças superiores a 3 pontos percentuais entre o previsto na amostra e a coleta de dados realizada. Para as variáveis de grau de instrução e nível econômico do entrevistado, o fator previsto para ponderação é 1 (resultados obtidos em campo). O nível de confiança estimado é de 95% e a margem de erro máxima estimada considerando um modelo de amostragem aleatório simples, é de aproximadamente 2 (dois) pontos percentuais para mais ou para menos sobre os resultados encontrados no total da amostra.
";"O trabalho de coleta de dados é acompanhado por supervisores humanos. São selecionados aleatoriamente 15% (quinze por cento) dos questionários para uma verificação posterior e, em caso de dúvida, o formulário é descartado e o responsável pela coleta chamado para esclarecimentos. Há uma equipe especializada que confere os dados à exaustão com objetivo de averiguar e aferir os resultados coletados.";"O anexo do arquivo com os bairros será realizado até o dia seguinte da divulgação conforme indicado no §7º. do art. 2º. da Resolução-TSE nº. 23.600/2019.

"
"28/09/2026";"05:46:54";2026;81;"Eleições Gerais 2026";"GO";"GO";"GOIÁS";"GO073092026";"2026-09-16 22:33:52";"S";"55149265000148";"TWS POLITICA LTDA";"TWS POLITICA";"Governador, Senador, Deputado Estadual";"2026-09-17 00:00:00";"2026-09-21 00:00:00";"2026-09-22 00:00:00";800;"9450";"JOAO ULISSES BARATA DA SILVA";"6000,00";"Pesquisa quantitativa com coleta aleatória via questionário estruturado web e pós-estratificação da amostra de acordo com as características do eleitorado do município de Rio Verde/GO. A população-alvo é constituída por eleitoras e eleitores com 16 anos ou mais e domicílio eleitoral no município de Rio Verde/GO. Serão realizadas 800 entrevistas, tendo como objeto a aferição da intenção de voto para os cargos de Governador, Senador, Deputado Estadual e Deputado Federal nas Eleições Gerais de 2026.";"Amostra aleatória pós-estratificada via algoritmo iterativo com quotas proporcionais, representando as características do eleitorado do município de Rio Verde/GO, composto por 152.761 eleitores.
SEXO: Feminino: 52,82%; Masculino: 47,18%.
FAIXA ETÁRIA: 16 a 17 anos: 0,88%; 18 a 24 anos: 11,75%; 25 a 34 anos: 20,89%; 35 a 44 anos: 23,51%; 45 a 59 anos: 25,08%; 60 a 69 anos: 10,37%; 70 anos ou mais: 7,53%.
GRAU DE INSTRUÇÃO: Analfabeto: 2,07%; Lê e escreve: 6,16%; Ensino Fundamental incompleto: 18,24%; Ensino Fundamental completo: 5,14%; Ensino Médio incompleto: 16,62%; Ensino Médio completo: 30,84%; Ensino Superior incompleto: 7,97%; Ensino Superior completo: 12,97%.
NÍVEL ECONÔMICO: Sem rendimento: 3,33%; Até 2 salários mínimos: 38,04%; Mais de 2 a 5 salários mínimos: 39,98%; Acima de 5 salários mínimos: 18,65%.
ÁREA FÍSICA DE REALIZAÇÃO: Município de Rio Verde/GO.
Para gênero, faixa etária e grau de instrução, serão utilizados os parâmetros do Perfil do Eleitorado do TSE 2026 referentes ao município de Rio Verde/GO. Para nível econômico, serão utilizados parâmetros referentes ao Estado de Goiás, calculados a partir do Censo Demográfico 2022 do IBGE, considerando a renda total mensal do domicílio e as classes definidas em salários mínimos.
Devido ao arredondamento dos percentuais, poderão ocorrer pequenas diferenças na soma das categorias das variáveis de controle. Na agregação final, serão admitidos desvios de até 3,0 pontos percentuais em relação às quotas estabelecidas para cada variável de ponderação.
A pesquisa terá nível de confiança estimado de 95% e margem de erro máxima estimada de ±3,5 pontos percentuais para o conjunto da amostra.
FONTES DOS DADOS: TSE, Perfil do Eleitorado 2026, para gênero, faixa etária e grau de instrução; IBGE, Censo Demográfico 2022, para nível econômico.";"A coleta será realizada por meio de questionário eletrônico estruturado, com procedimentos específicos para armazenamento seguro dos dados e controle da integridade das entrevistas.
Serão checados manualmente, no mínimo, 20% dos questionários, com o objetivo de identificar possíveis inconsistências, duplicidades, padrões anômalos de resposta ou outras ocorrências que possam comprometer a qualidade da informação.
Antes da consolidação e divulgação dos resultados, será realizada verificação da consistência da base de dados, da composição final da amostra, do atendimento às quotas estabelecidas e dos fatores de ponderação aplicados. Registros considerados inválidos após os procedimentos de controle serão excluídos da base analítica.";"A pesquisa será realizada exclusivamente no município de Rio Verde/GO. Em razão da metodologia de coleta via questionário estruturado web, não será possível identificar as entrevistas por setor censitário, sendo adotado o município de Rio Verde/GO como unidade territorial compatível para fins de delimitação e controle da amostra.
O registro será complementado, no prazo regulamentar, com a identificação dos bairros ou áreas efetivamente abrangidos pela pesquisa e com a composição final da amostra quanto a gênero, idade, grau de instrução e nível econômico, observados os procedimentos de controle e ponderação previstos no plano amostral."
"28/09/2026";"05:46:54";2026;81;"Eleições Gerais 2026";"GO";"GO";"GOIÁS";"GO033672026";"2026-09-27 02:21:52";"S";"19259002000128";"ATLASINTEL TECNOLOGIA DE DADOS LTDA";"ATLASINTEL";"Governador, Senador";"2026-09-27 00:00:00";"2026-10-02 00:00:00";"2026-10-03 00:00:00";1200;"11220";"ANDREI CAMILO DOS SANTOS";"75000,00";"Pesquisa quantitativa com coleta aleatória via questionário estruturado web e pós-estratificação da amostra de acordo com as características do eleitorado de Goiás.";"Amostra aleatória pós-estratificada via algoritmo iterativo com quotas proporcionais, representando as características do eleitorado de Goiás:
SEXO: Masculino: 47.0%; Feminino: 53.0%.
FAIXA ETÁRIA: Entre 16 a 24 anos: 12.5%; Entre 25 a 34 anos: 19.4%; Entre 35 a 44 anos: 20.0%; Entre 45 a 59 anos: 26.4%; 60 ou mais: 21.7%.
ESCOLARIDADE: Até Ensino Médio completo ou incompleto (inclui Ensino Fundamental completo/incompleto e pessoas sem instrução): 72.2%; Ensino Superior completo ou incompleto: 27.8%.
NÍVEL ECONÔMICO: Renda familiar mensal até R$ 2.000: 14.7%; de R$ 2.000 a R$ 3.000: 10.8%; de R$ 3.000 a R$ 5.000: 28.5%; de R$ 5.000 a R$ 10.000: 29.0%; mais de R$ 10.000: 17.1%.
OBS.: devido ao arredondamento, a soma dos percentuais pode variar de 99% a 101%. Na agregação final, para cada variável de ponderação, serão admissíveis desvios de até 3 pontos percentuais em relação às quotas estipuladas. Confiança estimada: 95%, margem de erro: +/- 3.0 pontos percentuais. FONTE DOS DADOS: PNADC 2026 para escolaridade | PNADC 2025 para renda | TSE 2026 para sexo e faixa etária.";"Coleta feita com a utilização de questionário eletrônico com procedimentos específicos para o armazenamento seguro dos dados. São checados manualmente no mínimo 15% dos questionários para detectar possíveis anomalias. Pesquisadores especializados realizam internamente uma verificação exaustiva da consistência dos dados antes da divulgação dos resultados finais.";"#NULO#"
"28/09/2026";"05:46:54";2026;81;"Eleições Gerais 2026";"GO";"GO";"GOIÁS";"GO018242026";"2026-09-23 20:57:15";"N";"04851508000154";"INSTITUTO GAZETA LTDA";"IGAPE- INSTITUTO GAZETA DE PEQUISAS";"Governador, Senador, Deputado Federal, Deputado Estadual";"2026-09-18 00:00:00";"2026-09-21 00:00:00";"2026-09-29 00:00:00";800;"10394";"FILIPE MOREIRA MARTINE";"6000,00";"A metodologia utilizada é Survey quantitativo, com realização das entrevistas de maneira pessoal em domicílio, com aplicação de questionário estruturado e padronizado em plataforma digital (tablet ou computador), junto a uma amostra representativa dos eleitores residentes nos municípios da Região Geográfica Imediata de Itumbiara";"O universo da pesquisa é composto por eleitores, com idade a partir de 16 anos, residentes nos sete municípios pesquisados. A amostra prevista será de 800 entrevistas. A seleção da amostra será realizada utilizando-se quotas amostrais proporcionais, em função das seguintes variáveis. : SEXO: Masculino: (48%); Feminino: (52%); IDADE: 16 a 29 anos: (20%); 30 a 44 anos: (28%); 45 a 59 anos: (27%); 60 anos ou mais: (25%). ESCOLARIDADE: Analfabeto/Lê e escreve/Ensino fundamental completo ou incompleto: (37%); Ensino médio completo ou incompleto: (44%); Ensino superior completo ou incompleto: (19%). NÍVEL ECONÔMICO: até 1 salário mínimo (32%); mais de 1 até 2 salários mínimos (33%); acima de 2 salários mínimos (35%). Está prevista eventual ponderação para correção das variáveis, com base nos percentuais acima apresentados - Área física: Municipios da Região Imediata de Itumbiara. Margem de Erro: A margem de erro máxima prevista para o total da amostra é de 4,9 pontos percentuais para mais ou para menos, considerando um nível de confiança de 95%. Fonte de Dados: TSE - Estatísticas do Eleitorado 2026 e IBGE Censo 2022.";"instrução e nível econômico das pessoas entrA coleta de dados será realizada por entrevistadores devidamente treinados e orientados por coordenadores de campo, responsáveis pelo acompanhamento, supervisão e controle da execução da pesquisa. Todos os questionários preenchidos serão submetidos à crítica e à análise de consistência, com o objetivo de identificar eventuais erros, incompatibilidades, omissões ou inconsistências nas informações coletadas. Como procedimento adicional de controle de qualidade, 20% (vinte por cento) dos questionários aplicados serão submetidos à conferência e auditoria interna do trabalho realizado pelos entrevistadores, de acordo com os procedimentos de controle adotados pelo instituto. A medida tem por finalidade verificar a regularidade da aplicação dos questionários e assegurar a qualidade, consistência, integridade e fidelidade dos dados coletados. O sistema interno de controle e verificação compreende, portanto, o treinamento e orientação dos entrevistadores, a supervisão pelos coordenadores de campo, a crítica e análise de consistência dos questionários e a auditoria de 20% das entrevistas realizadas. Nos termos do art. 2º, § 7º, da Resolução-TSE nº 23.600/2019, com a redação vigente para as Eleições 2026, a partir do dia em que a pesquisa puder ser divulgada e até o dia seguinte, o registro será complementado no Sistema de Registro de Pesquisas Eleitorais ¿ PesqEle com as informações exigidas pela Justiça Eleitoral relativas à área efetivamente abrangida pela pesquisa. Na hipótese de pesquisa relativa às eleições gerais, serão informados os municípios e bairros abrangidos ou, na ausência de delimitação formal do bairro, a área em que a pesquisa foi realizada, bem como o número de eleitoras e eleitores pesquisados em cada setor censitário e a composição da amostra final quanto a gênero, idade, grau de instrução e nível econômico das pessoas entrevistadas. A delimitação geográfica dos bairros e demais áreas abrangidas observará a divisão político-administrativa estabelecida em ato normativo oficial do respectivo ente federativo. Na inexistência de divisão territorial formalmente estabelecida, será utilizada fonte pública idônea, nos termos do art. 2º, § 7º-E, da Resolução-TSE nº 23.600/2019. Caso a metodologia utilizada impossibilite tecnicamente a identificação das entrevistas por setor censitário, será apresentada a justificativa técnica prevista no art. 2º, § 7º-F, com a indicação da unidade territorial efetivamente utilizada e dos respectivos procedimentos de controle e ponderação.evistadas.";"#NULO#"
"28/09/2026";"05:46:54";2026;81;"Eleições Gerais 2026";"GO";"GO";"GOIÁS";"GO020582026";"2026-06-02 21:33:22";"S";"00654576000172";"INSTITUTO VERITA LTDA";"VERITA";"Governador, Senador";"2026-06-02 00:00:00";"2026-06-06 00:00:00";"2026-06-08 00:00:00";1525;"10699";"GUILHERME ALVARENGA LAIA";"117425,00";"Pesquisa quantitativa, que consiste na realização de entrevistas, com a aplicação de questionário estruturado junto a uma amostra representativa do eleitorado desta Unidade da Federação.";"ESTUDO REPRESENTATIVO DO ELEITORADO DO ESTADO DE GOIÁS - MÉTODO PPT (Probabilidade Proporcional ao Tamanho) - PLANO AMOSTRAL E PONDERAÇÃO QUANTO A SEXO, IDADE, GRAU DE INSTRUÇÃO E NÍVEL ECONÔMICO DO ENTREVISTADO; INTERVALO DE CONFIANÇA E MARGEM DE ERRO: Representativo do eleitorado da área em estudo, elaborada, em vários estágios, da seguinte forma: - 1. Divisão da UF em estratos proporcionais de municípios. 2. Ordenação dos municípios de cada estrato segundo o porte. 3. Sorteio dos municípios de cada estrato. 4. Os respondentes são selecionados através de quotas amostrais proporcionais em função de variáveis significativas, a saber: GÊNERO / FAIXA ETÁRIA - FEMININO E MASCULINO 16 A 34 ANOS 16,7% E 15,2%, 35 A 54 ANOS 20,6% E 18,4%, 55 ANOS OU MAIS 15,7% E 13,5%. GRAU DE INSTRUÇÃO ¿ FEMININO E MASCULINO Sem instrução até Ensino Médio completo 60,8%, Ensino superior incompleto e completo 39,2% NÍVEL ECONÔMICO - FEMININO população não economicamente ativa 46,5% população economicamente ativa 53,5% MASCULINO população não economicamente ativa 27,2% população economicamente ativa 72,8%. RENDA FAMILIAR DO DOMICÍLIO renda familiar de até 2 salários-mínimos 30,7%; de 2 a 5 salários-mínimos 44,2%, acima de 5 salários-mínimos 25,1%. Está prevista eventual ponderação para correção das variáveis, com base nos percentuais anteriormente mencionados, caso ocorram diferenças superiores a margem de erro da pesquisa previsto entre a amostra e a coleta de dados realizada. O fator previsto para ponderação é 1 (resultados obtidos na coleta de dados). O intervalo de confiança estimado é de 95% e a margem de erro máxima estimada considerando um modelo de amostragem aleatório simples, é de aproximadamente 2,5 pontos percentuais para mais ou para menos sobre os resultados encontrados no total da amostra. FONTE DOS DADOS: IBGE/Censo 2022 para fins de densidade demográfica, setores censitários e alocação da amostra. IBGE/PNAD/PNADC/MEC/INEP para fins de Nível Econômico e Escolaridade. TSE FEVEREIRO/2026 para fins de Sexo, Faixa Etária e eleitorado por município ou regiões previamente definidas (importante ressaltar para o público leigo que os dados do TSE são os únicos corretos para gênero, idade dos eleitores e quantitativo de eleitores por municípios já que a base de dados se atualiza automaticamente, PORÉM, dados de escolaridade e nível econômico NÃO são corretos e confiáveis devido a desatualização que ocorre naturalmente com o passar dos anos). Definição de margem de erro e intervalo de confiança: Margem de erro e intervalo de confiança não são grandezas diretamente proporcionais. A SOMA NÃO TEM QUE RESULTAR 100%. ";"Após os trabalhos de coleta de dados, os questionários são submetidos a uma fiscalização, conferência e checagem de cerca de 20% (vinte por cento) dos questionários aplicados.";"A relação dos municípios sorteados ou selecionados para esta pesquisa será apresentada em arquivo anexo até 1 (um) dia após a divulgação desta pesquisa conforme §7º. do art. 2º. da Resolução-TSE nº. 23.600/2019. A área de abrangência desta pesquisa é o Estado DE GOIÁS"
"28/09/2026";"05:46:54";2026;81;"Eleições Gerais 2026";"GO";"GO";"GOIÁS";"GO020022026";"2026-09-23 20:02:06";"N";"44826961000125";"SMS - DIRECT PESQUISAS E MARKETING LTDA";"DIRECT PESQUISAS";"Governador, Senador, Deputado Federal, Deputado Estadual";"2026-09-24 00:00:00";"2026-09-25 00:00:00";"2026-09-29 00:00:00";400;"10526";"Jose Dos Reis Cunha Filho";"5000,00";"Pesquisa quantitativa com abordagem porta a porta, com eleitores que votam e/ou residem no município de Cristalina no estado de Goiás, consistindo na realização de entrevistas pessoais e individuais, com a aplicação de questionário estruturado junto a uma amostra representativa do eleitorado em estudo. Devido a ordem probabilística da amostra, nesta pesquisa será considerada apenas os eleitores residentes dentro do município ou que no dia da entrevista estejam nele. Todas as entrevistas são espontâneas e os dados são sigilosos, guardados no banco de dados do instituto para tabulação e apresentação gráfica e analítica.";"Trata-se de uma amostra probabilística estratificada, com abordagem aleatória simples através de cotas de sexo, idade e escolaridade, ponderadas de acordo com a estatística do Eleitorado do TSE, 2026 (https://sig.tse.jus.br) e renda ponderada de acordo com registro do último senso estratificado do IBGE (https://cidades.ibge.gov.br) e em conformidade com a Resolução do TSE 23.600/2019, complementada pela Resolução 23.676/2021, com entrevistas domiciliares aos eleitores de 16 anos ou mais que exerça seu voto no município de Cristalina. Totalizando uma população eleitoral de 39.004 e amostra de 400, a um nível de confiança = 95%; Nível de significância = 5%; Margem de erro = 4,87%, com P = 0,5.
SEXO: Masculino (48,18%), Feminino (51,82%); FAIXA ETÁRIA: até 24 anos (14,65%), de 25 a 34 anos (20,67%), de 35 a 44 anos (20,85%), de 45 a 59 anos (26,10%), 60 anos ou mais (17,73%); ESCOLARIDADE: Analfabeto (3,87%), Lê e escreve (5,07%), 1º Grau inc/comp (31,22%), 2º Grau inc/comp (44,26%), 3º Grau inc/comp (15,58%); RENDA: Até 1 salário (17,37%), entre 1 e 2 salários (25,27%), entre 2 e 5 salários (36,81%), entre 5 e 10 salários (13,81%), Mais de 10 salários (6,74%).";"Os questionários são aplicados com uso de equipamentos eletrônicos, supervisão in loco e via GPS, passarão por conferência através de novo contato até 20% dos entrevistados, todas as regiões pesquisadas foram selecionadas proporcionalmente.";"Os bairros serão anexados de acordo com a resolução."
"28/09/2026";"05:46:54";2026;81;"Eleições Gerais 2026";"GO";"GO";"GOIÁS";"GO005012026";"2026-03-27 17:33:38";"N";"81908345000140";"INSTITUTO PARANA DE PESQUISAS E ANALISE DE CONSUMIDOR LTDA";"#NULO#";"Governador, Senador";"2026-03-28 00:00:00";"2026-03-31 00:00:00";"2026-04-02 00:00:00";1300;"10245 - 4ª Região";"Tatiani Cristina Ara";"45000,00";"Pesquisa com metodologia quantitativa, com a realização de entrevistas pessoais, domiciliares e presenciais, utilizando questionário estruturado junto a uma amostra representativa do eleitorado do Estado de Goiás.


";"""A amostra será representativa do eleitorado da área pesquisada e será selecionada em três etapas. Na primeira etapa realiza-se um sorteio probabilístico dos municípios onde as entrevistas serão realizadas através do método PPT (Probabilidade Proporcional ao Tamanho), considerando a população eleitora com 16 anos ou mais residente nos municípios como base para essa seleção. Na segunda etapa, faz-se um sorteio probabilístico das localidades, onde as entrevistas serão realizadas, através do método PPT (Probabilidade Proporcional ao Tamanho), tomando a população eleitora de 16 anos ou mais residente nas localidades como base para essa seleção. Na terceira etapa, a seleção do entrevistado dentro da localidade, será feita utilizando-se quotas amostrais proporcionais, em função das seguintes variáveis:
GÊNERO: TSE Fevereiro 2026 (https://sig.tse.jus.br/ords/dwapr/r/seai/sig-eleitor-eleitorado-mensal/cruzamento-eleitorado-mensal?p24_metricas=E&p24_back=22&p24_cruzamento_1=ds_sexo&clear=24&p0_uf=GO&p0_mes=2&debug=LEVEL5&session=312990078978641)
Masculino - 47%; |
Feminino - 53%; |
FAIXA ETÁRIA: TSE Fevereiro 2026 (https://sig.tse.jus.br/ords/dwapr/r/seai/sig-eleitor-eleitorado-mensal/cruzamento-eleitorado-mensal?p24_cruzamento_1=ds_faixa_etaria&p24_metricas=E&p24_back=22&clear=24&p0_uf=GO&p0_mes=2&debug=LEVEL5&session=8904950028837)
Entre 16 e 24 anos: 13%; |
Entre 25 e 34 anos: 20%; |
Entre 35 e 44 anos: 20%; |
Entre 45 e 59 anos: 26%; |
Com 60 anos ou mais: 21%; |
ESCOLARIDADE: TSE Fevereiro 2026 (https://sig.tse.jus.br/ords/dwapr/r/seai/sig-eleitor-eleitorado-mensal/cruzamento-eleitorado-mensal?p24_cruzamento_1=ds_grau_instrucao&p24_metricas=E&p24_back=22&clear=24&p0_uf=GO&p0_mes=2&debug=LEVEL5&session=309383598034615)
De analfabeto até ensino fundamental completo: 34%; |
Ensino médio incompleto ou completo: 47% |
Ensino superior incompleto ou completo: 19% |
RENDA DOMICILIAR MENSAL:  (https://cidades.ibge.gov.br/brasil/go/pesquisa/23/24304) IBGE - Censo 2010. Observação: Conforme informações obtidas do Instituto Brasileiro de Geografia e Estatística, o IBGE, não divulgou - e não tem previsão - de data para divulgação do perfil econômico (nível econômico) da população brasileira; portanto, os dados quanto ao nível econômico obtidos no Censo 2022, não podem ser utilizados, pois não foram publicados. (https://censo2022.ibge.gov.br/panorama/)
Sem rendimentos até 2 salários mínimos: 43% |
Mais de 2 a 5 salários mínimos: 37% |
Mais de 5 salários mínimos: 20% |
Está prevista eventual ponderação para correção das variáveis gênero e faixa etária, com base nos percentuais acima apresentados, caso ocorram diferenças superiores a 3,0 (três) pontos percentuais entre o previsto na amostra e a coleta realizada; para as variáveis escolaridade e renda domiciliar mensal, o fator de ponderação é igual a 1 (resultados obtidos no campo). O nível de confiança estimado é de 95% (noventa e cinco por cento) para uma margem de erro estimada, considerando uma técnica de amostragem aleatória simples, de aproximadamente 2,8 (dois vírgula oito) pontos percentuais para mais ou para menos sobre os resultados obtidos.""





";"""As entrevistas serão conduzidas por uma equipe de entrevistadores e supervisores devidamente qualificados pelo Instituto Paraná Pesquisas, todos com experiência e treinamento específico em pesquisas de opinião pública. 
Controle: O controle do processo será realizado por meio de um software de coleta de dados, o qual permitirá o monitoramento garantindo o cumprimento das cotas amostrais.
Conferência e Fiscalização: Durante a coleta de dados os questionários aplicados são fiscalizados e conferidos através de um supervisor.   
Adicionalmente, pelo menos 30% dos questionários passarão por uma verificação posterior, que avaliará a precisão na aplicação e a adequação dos entrevistados às variáveis das quotas amostrais. Ou seja, no mínimo 390 entrevistas desta pesquisa serão auditadas pela equipe de qualidade do Instituto Paraná Pesquisas, podendo essa auditoria ser solicitada ao Instituto a qualquer momento.
Verificação: Após a coleta, os questionários passam por uma etapa de verificação e validação dos dados, para garantir a integridade e precisão dos dados coletados.""





";" ""A pesquisa será realizada no Estado de Goiás, a relação dos dados relativos aos municípios e às localidades será apresentado até o dia seguinte à data a partir da qual a pesquisa puder ser divulgada, conforme §7º do art. 2º da Resolução-TSE nº. 23.600/2019""





"
"28/09/2026";"05:46:54";2026;81;"Eleições Gerais 2026";"GO";"GO";"GOIÁS";"GO050012026";"2026-02-04 13:59:24";"N";"04851508000154";"INSTITUTO GAZETA LTDA";"IGAPE- INSTITUTO GAZETA DE PEQUISAS";"Governador, Senador, Deputado Federal, Deputado Estadual";"2026-02-02 00:00:00";"2026-02-03 00:00:00";"2026-02-10 00:00:00";500;"10394";"FILIPE MOREIRA  MARTINE";"3000,00";"A metodologia utilizada é Survey quantitativo, com realização das entrevistas de maneira pessoal em domicílio, com aplicação de questionário estruturado e padronizado em plataforma digital (tablet ou computador) junto a uma amostra representativa dos eleitores de Senador Canedo.";"O universo da pesquisa é composto por eleitores de Senador Canedo, com idade a partir de 16 anos. A amostra prevista será de 500 entrevistas. A Seleção da amostra será realizada utilizando-se quotas amostrais proporcionais, em função das seguintes variáveis. SEXO: Masculino: (46%); Feminino: (54%) - IDADE: 16 a 29 anos (26%); 30 a 44 anos: (35%); 45 a 59 anos: (25%); 60 anos ou mais: (14%) - ESCOLARIDADE: Analfabeto/Lê e escreve: (5%); Fundamental completo ou incompleto: (28%); Médio completo ou incompleto: (55%); Superior completo ou incompleto: (12%); RENDA INDIVIDUAL: Até 1 SM: (31%); De 1 a 2 SM: (42%); Acima de 2 SM (27%). Está prevista eventual ponderação para correção das variáveis, com base nos percentuais acima apresentados - Área física: Município de Senador Canedo - GO. Margem de Erro: A margem de erro máxima prevista para o total da amostra é de 4,3 pontos percentuais para mais ou para menos, considerando um nível de confiança de 95%. Fonte de Dados: TSE: Estatísticas do Eleitorado 2026 e IBGE Censo 2022.";"A coleta de dados é realizada por entrevistadores, orientados por coordenadores de campo. Todos os questionários preenchidos recebem crítica para avaliação da consistência dos dados coletados, sendo que 20% dos questionários serão submetidos à conferência através de novos contatos com os entrevistados, medida sempre adotada que visa garantir a qualidade e fidelidade dos dados coletados. Conforme §6º. do art. 2º. da Resolução-TSE nº. 23.549, o pedido de registro poderá ser complementado pela entrega destes dados ao Tribunal Eleitoral até o sétimo dia seguinte ao registro da pesquisa. Serão enviados os dados relativos aos bairros abrangidos, na ausência de delimitação dos bairros, será identificada a área em que foi realizada)";"Os bairros serão anexados de acordo com a resolução."
"28/09/2026";"05:46:54";2026;81;"Eleições Gerais 2026";"GO";"GO";"GOIÁS";"GO043682026";"2026-02-02 23:08:17";"S";"44826961000125";"SMS - DIRECT PESQUISAS E MARKETING LTDA";"DIRECT PESQUISAS";"Governador, Senador, Deputado Federal, Deputado Estadual";"2026-02-04 00:00:00";"2026-02-05 00:00:00";"2026-02-08 00:00:00";400;"10526";"José Dos Reis Cunha Filho";"4000,00";"Pesquisa quantitativa com abordagem porta a porta, com eleitores que votam e/ou residem no município de Pontalina no estado de Goiás, consistindo na realização de entrevistas pessoais e individuais, com a aplicação de questionário estruturado junto a uma amostra representativa do eleitorado em estudo. Devido a ordem probabilística da amostra, nesta pesquisa será considerada apenas os eleitores residentes dentro do município ou que no dia da entrevista estejam nele. Todas as entrevistas são espontâneas e os dados são sigilosos, guardados no banco de dados do instituto para tabulação e apresentação gráfica e analítica.";"Trata-se de uma amostra probabilística estratificada, com abordagem aleatória simples através de cotas de sexo, idade e escolaridade, ponderadas de acordo com a estatística do Eleitorado do TSE, 2026 (https://sig.tse.jus.br) e renda ponderada de acordo com registro do último senso estratificado do IBGE (https://cidades.ibge.gov.br) de acordo com a Resolução do TSE 23.600/2019, complementada pela Resolução 23.676/2021, com entrevistas domiciliares aos eleitores de 16 anos ou mais que exerça seu voto no município de Pontalina. Totalizando uma população eleitoral de 14.030 e amostra de 400, a um nível de confiança = 95%; Nível de significância = 5%; Margem de erro = 4,83%, com P = 0,5.
SEXO: Masculino (47,35%), Feminino (52,65%); FAIXA ETÁRIA: até 24 anos (9,89%), de 25 a 34 anos (17,17%), de 35 a 44 anos (17,73%), de 45 a 59 anos (27,87%), 60 anos ou mais (27,35%); ESCOLARIDADE: Analfabeto (2,86%), Lê e escreve (6,00%), 1º Grau inc/comp (35,75%), 2º Grau inc/comp (40,80%), 3º Grau inc/comp (14,59%); RENDA: Até 1 salário (25,91%), entre 1 e 2 salários (24,41%), entre 2 e 5 salários (36,25%), entre 5 e 10 salários (9,10%), Mais de 10 salários (4,32%).
";"Os questionários são aplicados com uso de equipamentos eletrônicos, supervisão in loco e via GPS, passarão por conferência através de novo contato até 20% dos entrevistados, todas as regiões pesquisadas foram selecionadas proporcionalmente.";"Os bairros serão anexados de acordo com a resolução."
"28/09/2026";"05:46:54";2026;81;"Eleições Gerais 2026";"GO";"GO";"GOIÁS";"GO040102026";"2026-01-29 21:44:39";"N";"44826961000125";"SMS - DIRECT PESQUISAS E MARKETING LTDA";"DIRECT PESQUISAS";"Governador, Senador, Deputado Federal, Deputado Estadual";"2026-01-30 00:00:00";"2026-02-01 00:00:00";"2026-02-04 00:00:00";600;"10526";"José Dos Reis Cunha Filho";"6000,00";"Pesquisa quantitativa com abordagem porta a porta, com eleitores que votam e/ou residem no município de Anápolis no estado de Goiás, consistindo na realização de entrevistas pessoais e individuais, com a aplicação de questionário estruturado junto a uma amostra representativa do eleitorado em estudo. Devido a ordem probabilística da amostra, nesta pesquisa será considerada apenas os eleitores residentes dentro do município ou que no dia da entrevista estejam nele. Todas as entrevistas são espontâneas e os dados são sigilosos, guardados no banco de dados do instituto para tabulação e apresentação gráfica e analítica.";"Trata-se de uma amostra probabilística estratificada, com abordagem aleatória simples através de cotas de sexo, idade e escolaridade, ponderadas de acordo com a estatística do Eleitorado do TSE, 2025 (https://sig.tse.jus.br) e renda ponderada de acordo com registro do último senso estratificado do IBGE (https://cidades.ibge.gov.br) de acordo com a Resolução do TSE 23.600/2019, complementada pela Resolução 23.676/2021, com entrevistas domiciliares aos eleitores de 16 anos ou mais que exerça seu voto no município de Anápolis. Totalizando uma população eleitoral de 278.795 e amostra de 600, a um nível de confiança = 95%; Nível de significância = 5%; Margem de erro = 4,00%, com P = 0,5.
SEXO: Masculino (46,19%), Feminino (53,81%); FAIXA ETÁRIA: até 24 anos (11,87%), de 25 a 34 anos (20,02%), de 35 a 44 anos (20,32%), de 45 a 59 anos (26,26%), 60 anos ou mais (21,52%); ESCOLARIDADE: Analfabeto (1,30%), Lê e escreve (3,59%), 1º Grau inc/comp (25,43%), 2º Grau inc/comp (47,79%), 3º Grau inc/comp (21,90%); RENDA: Até 1 salário (13,69%), entre 1 e 2 salários (21,05%), entre 2 e 5 salários (39,67%), entre 5 e 10 salários (16,60%), Mais de 10 salários (8,99%).
";"Os questionários são aplicados com uso de equipamentos eletrônicos, supervisão in loco e via GPS, passarão por conferência através de novo contato até 20% dos entrevistados, todas as regiões pesquisadas foram selecionadas proporcionalmente.";"Os bairros serão anexados de acordo com a resolução."
"28/09/2026";"05:46:54";2026;81;"Eleições Gerais 2026";"GO";"GO";"GOIÁS";"GO008542026";"2026-02-02 22:44:14";"S";"44826961000125";"SMS - DIRECT PESQUISAS E MARKETING LTDA";"DIRECT PESQUISAS";"Governador, Senador, Deputado Federal, Deputado Estadual";"2026-02-03 00:00:00";"2026-02-06 00:00:00";"2026-02-08 00:00:00";1000;"10526";"José Dos Reis Cunha Filho";"15000,00";"Pesquisa quantitativa com abordagem porta a porta, com eleitores que votam e/ou residem no município de Goiânia no estado de Goiás, consistindo na realização de entrevistas pessoais e individuais, com a aplicação de questionário estruturado junto a uma amostra representativa do eleitorado em estudo. Devido a ordem probabilística da amostra, nesta pesquisa será considerada apenas os eleitores residentes dentro do município ou que no dia da entrevista estejam nele. Todas as entrevistas são espontâneas e os dados são sigilosos, guardados no banco de dados do instituto para tabulação e apresentação gráfica e analítica.";"Trata-se de uma amostra probabilística estratificada, com abordagem aleatória simples através de cotas de sexo, idade e escolaridade, ponderadas de acordo com a estatística do Eleitorado do TSE, 2026 (https://sig.tse.jus.br) e renda ponderada de acordo com registro do último senso estratificado do IBGE (https://cidades.ibge.gov.br) de acordo com a Resolução do TSE 23.600/2019, complementada pela Resolução 23.676/2021, com entrevistas domiciliares aos eleitores de 16 anos ou mais que exerça seu voto no município de Goiânia. Totalizando uma população eleitoral de 993.976 e amostra de 1.000, a um nível de confiança = 95%; Nível de significância = 5%; Margem de erro = 3,10%, com P = 0,5.
SEXO: Masculino (44,91%), Feminino (55,09%); FAIXA ETÁRIA: até 24 anos (10,55%), de 25 a 34 anos (19,37%), de 35 a 44 anos (21,36%), de 45 a 59 anos (26,96%), 60 anos ou mais (21,76%); ESCOLARIDADE: Analfabeto (0,69%), Lê e escreve (2,41%), 1º Grau inc/comp (18,57%), 2º Grau inc/comp (48,17%), 3º Grau inc/comp (30,16%); RENDA: Até 1 salário (10,10%), entre 1 e 2 salários (14,30%), entre 2 e 5 salários (35,45%), entre 5 e 10 salários (21,87%), Mais de 10 salários (18,28%).
";"Os questionários são aplicados com uso de equipamentos eletrônicos, supervisão in loco e via GPS, passarão por conferência através de novo contato até 20% dos entrevistados, todas as regiões pesquisadas foram selecionadas proporcionalmente.";"Os bairros serão anexados de acordo com a resolução."
"28/09/2026";"05:46:54";2026;81;"Eleições Gerais 2026";"GO";"GO";"GOIÁS";"GO097102026";"2026-01-13 18:09:01";"S";"44826961000125";"SMS - DIRECT PESQUISAS E MARKETING LTDA";"DIRECT PESQUISAS";"Governador, Senador, Deputado Federal, Deputado Estadual";"2026-01-08 00:00:00";"2026-01-12 00:00:00";"2026-01-19 00:00:00";1200;"10526";"José Dos Reis Cunha Filho";"20000,00";"Pesquisa quantitativa com abordagem porta a porta, com eleitores que votam e/ou residem no estado de Goiás, consistindo na realização de entrevistas pessoais e individuais, com a aplicação de questionário estruturado junto a uma amostra representativa do eleitorado em estudo. Devido a ordem probabilística da amostra, nesta pesquisa será considerada apenas os eleitores residentes dentro do município ou que no dia da entrevista estejam nele. Todas as entrevistas são espontâneas e os dados são sigilosos, guardados no banco de dados do instituto para tabulação e apresentação gráfica e analítica.";"Trata-se de uma amostra probabilística estratificada, com abordagem aleatória simples através de cotas de sexo, idade e escolaridade, ponderadas de acordo com a estatística do Eleitorado do TSE, 2025 (https://sig.tse.jus.br) e renda ponderada de acordo com registro do último senso do IBGE (https://cidades.ibge.gov.br) de acordo com a Resolução do TSE 23.600/2019, complementada pela Resolução 23.676/2021, com entrevistas domiciliares aos eleitores de 16 anos ou mais que exerça seu voto no estado de Goiás. Totalizando uma população eleitoral de 5.126.435 e amostra de 1.200, a um nível de confiança = 95%; Nível de significância = 5%; Margem de erro = 2,83%, com P = 0,5.
SEXO: Masculino (47,59%), Feminino (52,41%); FAIXA ETÁRIA: até 24 anos (13,27%), de 25 a 34 anos (20,54%), de 35 a 44 anos (20,91%), de 45 a 59 anos (25,77%), 60 anos ou mais (19,51%); ESCOLARIDADE: Analfabeto (2,45%), Lê e escreve (5,81%), 1º Grau inc/comp (27,49%), 2º Grau inc/comp (45,94%), 3º Grau inc/comp (18,31%); RENDA: Até 1 salário (15,67%), entre 1 e 2 salários (21,92%), entre 2 e 5 salários (38,15%), entre 5 e 10 salários (15,58%), Mais de 10 salários (8,68%).
";"Os questionários são aplicados com uso de equipamentos eletrônicos, supervisão in loco e via GPS, passarão por conferência através de novo contato até 20% dos entrevistados, todas as regiões pesquisadas foram selecionadas proporcionalmente.";"Os municípios serão anexados de acordo com a resolução."
"28/09/2026";"05:46:54";2026;81;"Eleições Gerais 2026";"GO";"GO";"GOIÁS";"GO009762026";"2026-03-14 20:56:23";"N";"04851508000154";"INSTITUTO GAZETA LTDA";"IGAPE- INSTITUTO GAZETA DE PEQUISAS";"Governador, Senador, Deputado Federal, Deputado Estadual, Deputado Distrital";"2026-03-15 00:00:00";"2026-03-18 00:00:00";"2026-03-20 00:00:00";1000;"10394";"Filipe Moreira Martine";"4000,00";"
A metodologia utilizada é Survey quantitativo, com realização das entrevistas de maneira pessoal em domicílio, com aplicação de questionário estruturado e padronizado em plataforma digital (tablet ou computador) junto a uma amostra representativa dos eleitores de Goiânia.
";"
O universo da pesquisa é composto por eleitores de Goiânia, com idade a partir de 16 anos. A amostra prevista será de 1000 entrevistas. A Seleção da amostra será realizada utilizando-se quotas amostrais proporcionais, em função das seguintes variáveis. SEXO: Masculino: (45); Feminino: (55%) - IDADE: 16 a 29 anos (21%); 30 a 44 anos: (32%); 45 a 59 anos: (27%); 60 anos ou mais: (22%) - ESCOLARIDADE: Analfabeto/Lê e escreve: (3%); Fundamental completo ou incompleto: (19%); Médio completo ou incompleto: (48%); Superior completo ou incompleto: (30%); RENDA: Até 1 SM: (38%); De 1 A 2 SM: (33%); Acima de 2 SM (29%) - Área física: Município de Goiânia. Margem de Erro: A margem de erro máxima prevista para o total da amostra é de 3,1 pontos percentuais para mais ou para menos, considerando um nível de confiança de 95%. Fonte de Dados: TSE: Estatísticas do Eleitorado 2026 e IBGE Censo 2022.
";"A coleta de dados é realizada por entrevistadores, orientados por coordenadores de campo. Todos os questionários preenchidos recebem crítica para avaliação da consistência dos dados coletados, sendo que 20% dos questionários serão submetidos à conferência através de novos contatos com os entrevistados, medida sempre adotada que visa garantir a qualidade e fidelidade dos dados coletados. Conforme §6º. do art. 2º. da Resolução-TSE nº. 23.549, o pedido de registro poderá ser complementado pela entrega destes dados ao Tribunal Eleitoral até o sétimo dia seguinte ao registro da pesquisa. Serão enviados os dados relativos aos bairros abrangidos, na ausência de delimitação dos bairros, será identificada a área em que foi realizada)";"segue em anexo conforme orientação de legislação vigente"
"28/09/2026";"05:46:54";2026;81;"Eleições Gerais 2026";"GO";"GO";"GOIÁS";"GO018952026";"2026-02-04 15:03:21";"N";"04851508000154";"INSTITUTO GAZETA LTDA";"IGAPE- INSTITUTO GAZETA DE PEQUISAS";"Governador, Senador, Deputado Federal, Deputado Estadual";"2026-02-05 00:00:00";"2026-02-07 00:00:00";"2026-02-10 00:00:00";500;"10394";"FILIPE MOREIRA MARTINE";"3000,00";"A metodologia utilizada é Survey quantitativo, com realização das entrevistas de maneira pessoal em domicílio, com aplicação de questionário estruturado e padronizado em plataforma digital (tablet ou computador) junto a uma amostra representativa dos eleitores de Trindade.";"O universo da pesquisa é composto por eleitores de Trindade, com idade a partir de 16 anos. A amostra prevista será de 500 entrevistas. A Seleção da amostra será realizada utilizando-se quotas amostrais proporcionais, em função das seguintes variáveis. SEXO: Masculino: (46%); Feminino: (54%) - IDADE: 16 a 29 anos (23%); 30 a 44 anos: (32%); 45 a 59 anos: (26%); 60 anos ou mais: (19%) - ESCOLARIDADE: Analfabeto/Lê e escreve: (8%); Fundamental completo ou incompleto: (28%); Médio completo ou incompleto: (51%); Superior completo ou incompleto: (13%); RENDA INDIVIDUAL: Até 1 SM: (39%); Acima de 1 a 2 SM: (35%); Acima de 2 SM (27%). Está prevista eventual ponderação para correção das variáveis, com base nos percentuais acima apresentados - Área física: Município de Trindade - GO. Margem de Erro: A margem de erro máxima prevista para o total da amostra é de 4,3 pontos percentuais para mais ou para menos, considerando um nível de confiança de 95%. Fonte de Dados: TSE: Estatísticas do Eleitorado 2026 e IBGE Censo 2022.";"A coleta de dados é realizada por entrevistadores, orientados por coordenadores de campo. Todos os questionários preenchidos recebem crítica para avaliação da consistência dos dados coletados, sendo que 20% dos questionários serão submetidos à conferência através de novos contatos com os entrevistados, medida sempre adotada que visa garantir a qualidade e fidelidade dos dados coletados. Conforme §6º. do art. 2º. da Resolução-TSE nº. 23.549, o pedido de registro poderá ser complementado pela entrega destes dados ao Tribunal Eleitoral até o sétimo dia seguinte ao registro da pesquisa. Serão enviados os dados relativos aos bairros abrangidos, na ausência de delimitação dos bairros, será identificada a área em que foi realizada)";"a relação está em anexo conforme legislação"
"28/09/2026";"05:46:54";2026;81;"Eleições Gerais 2026";"GO";"GO";"GOIÁS";"GO073692026";"2026-02-06 19:26:57";"N";"44826961000125";"SMS - DIRECT PESQUISAS E MARKETING LTDA";"DIRECT PESQUISAS";"Governador, Senador, Deputado Federal, Deputado Estadual";"2026-02-09 00:00:00";"2026-02-11 00:00:00";"2026-02-12 00:00:00";400;"10526";"José Dos Reis Cunha Filho";"4000,00";"Pesquisa quantitativa com abordagem porta a porta, com eleitores que votam e/ou residem no município de Porangatu no estado de Goiás, consistindo na realização de entrevistas pessoais e individuais, com a aplicação de questionário estruturado junto a uma amostra representativa do eleitorado em estudo. Devido a ordem probabilística da amostra, nesta pesquisa será considerada apenas os eleitores residentes dentro do município ou que no dia da entrevista estejam nele. Todas as entrevistas são espontâneas e os dados são sigilosos, guardados no banco de dados do instituto para tabulação e apresentação gráfica e analítica.";"Trata-se de uma amostra probabilística estratificada, com abordagem aleatória simples através de cotas de sexo, idade e escolaridade, ponderadas de acordo com a estatística do Eleitorado do TSE, 2026 (https://sig.tse.jus.br) e renda ponderada de acordo com registro do último senso estratificado do IBGE (https://cidades.ibge.gov.br) de acordo com a Resolução do TSE 23.600/2019, complementada pela Resolução 23.676/2021, com entrevistas domiciliares aos eleitores de 16 anos ou mais que exerça seu voto no município de Porangatu. Totalizando uma população eleitoral de 30.473 e amostra de 400, a um nível de confiança = 95%; Nível de significância = 5%; Margem de erro = 4,87%, com P = 0,5.
SEXO: Masculino (47,18%), Feminino (52,82%); FAIXA ETÁRIA: até 24 anos (12,46%), de 25 a 34 anos (17,88%), de 35 a 44 anos (18,27%), de 45 a 59 anos (26,79%), 60 anos ou mais (24,61%); ESCOLARIDADE: Analfabeto (3,92%), Lê e escreve (5,39%), 1º Grau inc/comp (29,50%), 2º Grau inc/comp (42,08%), 3º Grau inc/comp (19,11%); RENDA: Até 1 salário (24,07%), entre 1 e 2 salários (24,11%), entre 2 e 5 salários (35,28%), entre 5 e 10 salários (11,42%), Mais de 10 salários (5,11%).
";"Os questionários são aplicados com uso de equipamentos eletrônicos, supervisão in loco e via GPS, passarão por conferência através de novo contato até 20% dos entrevistados, todas as regiões pesquisadas foram selecionadas proporcionalmente.";"Os bairros serão anexados de acordo com a resolução."
"28/09/2026";"05:46:54";2026;81;"Eleições Gerais 2026";"GO";"GO";"GOIÁS";"GO064162026";"2026-09-21 20:52:05";"S";"56824073000152";"EXATA.GO PESQUISA LTDA";"EXATA.GO";"Governador, Deputado Federal, Deputado Estadual";"2026-09-22 00:00:00";"2026-09-26 00:00:00";"2026-09-27 00:00:00";400;"7655";"AUGUSTO DA SILVA ROCHA";"10000,00";"A pesquisa cobrirá o município envolvendo todas regiões do município de Rio Verde/GO Universo da pesquisa será dos eleitores com 16 anos ou mais. A amostra representará os eleitores do Município, selecionados em 2(dois) estágios. No primeiro estágio, os setores censitários, onde as entrevistas serão realizadas, foram selecionadas, probabilisticamente, através do método PPT - Probabilidade Proporcional ao Tamanho, tomando o número de eleitores como base para seleção. No segundo estágio, a seleção do entrevistado, dentro do setor censitário, será feita utilizando-se quotas proporcionais, e a abordagem será domiciliar.";"Utilizamos quotas proporcionais, em função das seguintes variáveis:

Gênero: FEMININO 52,82% ;
MASCULINO 47,18% ;


Faixa etária: 16 a 24 anos 12,63% ;
25 a 34 anos 20,89% ;
35 a 44 anos 23,51% ;
45 a 59 anos 25,08% ;
60 anos ou mais 17,89% ;


Grau de instrução: Analfabeto 2,07% ;
Ensino Fundamental Completo 5,14% ;
Ensino Fundamental Incompleto 18,24% ;
Ensino Médio Completo 30,84% ;
Ensino Médio Incompleto 16,62% ;
Lê E Escreve 6,16% ;
Superior Completo 12,97% ;
Superior Incompleto 7,96% ;

Fonte dos dados: TSE-Tribunal Superior Eleitoral/agosto2026; Cruzamento Eleitorado Mensal https://sig.tse.jus.br/ords/dwapr/r/seai/sig-eleitor-eleitorado-mensal/cruzamento-eleitorado-mensal?p0_municipio=RIO%20VERDE&p0_uf=GO&session=202784928018108 ;


Ano=2026; Mês = agosto; UF= GO; MUNICIPIO = Rio Verde;

Renda familiar (A variável ¿classe de rendimento nominal mensal domiciliar¿ corresponde à classificação dos domicílios segundo a soma dos rendimentos nominais mensais de seus moradores, expressa em faixas de salários mínimos vigentes no período de referência do Censo Demográfico 2010. Trata-se da renda total do domicílio, não dividida pelo número de moradores, não devendo ser confundida com rendimento domiciliar per capita. Para fins de planejamento amostral e ponderação, foram preservadas as categorias e os percentuais originalmente disponibilizados pelo IBGE, sem reagrupamento ou recálculo das faixas.): Até 1/2 salário mínimo 0,83% ;
Mais de 1/2 a 1 salário mínimo 10,02% ;
Mais de 1 a 2 salários mínimos 21,75% ;
Mais de 2 a 5 salários mínimos 40,69% ;
Mais de 5 a 10 salários mínimos 15,92% ;
Mais de 10 a 20 salários mínimos 5,33% ;
Mais de 20 salários mínimos 2,10% ;
Sem rendimento 3,36% ;


Fonte dos dados: IBGE-Censo 2010-IBGE-CENSO 2022 (IBGE/Censo 2010 - Classe de rendimento nominal mensal domiciliar) ; https://cidades.ibge.gov.br/brasil/go/rio-verde/pesquisa/23/24304 ;

""Está prevista eventual ponderação da amostra para correção das variáveis sexo, idade, renda familiar e escolaridade com base nos percentuais anteriormente mencionados, caso ocorram diferenças entre os percentuais previstos na amostra e a coleta de dados realizada. O nível de confiança estimado é de 95% e a margem de erro máxima prevista, baseada em uma amostra aleatória simples (AAS), é de cerca de 4,9 pontos percentuais para mais ou para menos em relação aos totais da amostra. Nível Econômico: IBGE (Censo/2010) - Observação: Conforme informações obtidas do Instituto Brasileiro de Geografia e Estatística, o IBGE, não divulgou - e não tem previsão - de data para divulgação do perfil econômico (nível econômico) da população brasileira; portanto, os dados quanto ao nível econômico obtidos no Censo 2022, não podem ser utilizados, pois não foram publicados.""";"Para a realização da pesquisa, utiliza-se uma equipe de entrevistadores e supervisores credenciados devidamente treinados pela empresa para esse tipo de pesquisa. Após os trabalhos de campo, 100% dos questionários são criticados e passam por uma fiscalização de cerca de 20% (vinte por cento) dos questionários aplicados por cada entrevistador; para verificação da consistência das respostas e da adequação dos entrevistados aos parâmetros amostrais.";"#NULO#"
"28/09/2026";"05:46:54";2026;81;"Eleições Gerais 2026";"GO";"GO";"GOIÁS";"GO011612026";"2026-08-24 23:23:27";"N";"04851508000154";"INSTITUTO GAZETA LTDA";"IGAPE- INSTITUTO GAZETA DE PEQUISAS";"Governador, Senador, Deputado Federal, Deputado Estadual";"2026-08-21 00:00:00";"2026-08-24 00:00:00";"2026-08-30 00:00:00";600;"10394";"FILIPE MOREIRA MARTINE";"5000,00";"A metodologia utilizada é Survey quantitativo, com realização das entrevistas de maneira pessoal em domicílio, com aplicação de questionário estruturado e padronizado em plataforma digital (tablet ou computador) junto a uma amostra representativa dos eleitores de Catalão.";"O universo da pesquisa é composto por eleitores de Catalão, com idade a partir de 16 anos. A amostra prevista será de 600 entrevistas. A Seleção da amostra será realizada utilizando-se quotas amostrais proporcionais, em função das seguintes variáveis. SEXO: Masculino: (47%); Feminino: (53%) - IDADE: 16 a 29 anos (21%); 30 a 44 anos: (31%); 45 a 59 anos: (26%); 60 anos ou mais: (22%) - ESCOLARIDADE: Analfabeto/Lê e escreve/ Fundamental completo ou incompleto: (31%); Médio completo ou incompleto: (48%); Superior completo ou incompleto: (21%) ¿ RENDA INDIVIDUAL: Até 1 SM: (24%); De 1 a 2 SM: (36%); Acima de 2 SM (40%). Está prevista eventual ponderação para correção das variáveis, com base nos percentuais acima apresentados - Área física: Catalão - GO. Margem de Erro: A margem de erro máxima prevista para o total da amostra é de 4,0 pontos percentuais para mais ou para menos, considerando um nível de confiança de 95%. Fonte de Dados: TSE ¿ Estatísticas do Eleitorado 2026 e IBGE Censo 2022. ";"A coleta de dados é realizada por entrevistadores, orientados por coordenadores de campo. Todos os questionários preenchidos recebem crítica para avaliação da consistência dos dados coletados, sendo que 20% dos questionários serão submetidos à conferência através de novos contatos com os entrevistados, medida sempre adotada que visa garantir a qualidade e fidelidade dos dados coletados.";"#NULO#"
"28/09/2026";"05:46:54";2026;81;"Eleições Gerais 2026";"GO";"GO";"GOIÁS";"GO079822026";"2026-04-02 06:32:10";"N";"04851508000154";"INSTITUTO GAZETA LTDA";"IGAPE- INSTITUTO GAZETA DE PEQUISAS";"Governador, Senador, Deputado Federal, Deputado Estadual";"2026-04-02 00:00:00";"2026-04-07 00:00:00";"2026-04-08 00:00:00";1500;"10394";"FILIPE MOREIRA MARTINE";"5000,00";"A metodologia utilizada é Survey quantitativo, com realização das entrevistas de maneira pessoal em domicílio, com aplicação de questionário estruturado e padronizado em plataforma digital (tablet ou computador) junto a uma amostra representativa dos eleitores da Região GEOGRAFICA INTERMEDIARIA DE RIO VERDE,  ( Composta por 29 municipios)";"O universo da pesquisa é composto por eleitores da Região Geográfica Intermediaria de Rio Verde, com idade a partir de 16 anos. A amostra prevista será de 1500 entrevistas. A Seleção da amostra será realizada utilizando-se quotas amostrais proporcionais, em função das seguintes variáveis. SEXO: Masculino: (48%); Feminino: (52%) - IDADE: 16 a 29 anos (22%); 30 a 44 anos: (32%); 45 a 59 anos: (26%); 60 anos ou mais: (20%) - ESCOLARIDADE: Analfabeto/Lê e escreve: (10%); Fundamental completo ou incompleto: (28%); Médio completo ou incompleto: (43%); Superior completo ou incompleto: (19%); RENDA INDIVIDUAL: Até 1 SM: (28%); Acima de 1 a 2 SM: (36%); Acima de 2 SM (36%). Está prevista eventual ponderação para correção das variáveis, com base nos percentuais acima apresentados - Área física da  Região Geográfica Intermediaria de Rio Verde. Margem de Erro: A margem de erro máxima prevista para o total da amostra é de 2,5 pontos percentuais para mais ou para menos, considerando um nível de confiança de 95%. Fonte de Dados: TSE: Estatísticas do Eleitorado 2026 e IBGE Censo 2022";"A coleta de dados é realizada por entrevistadores, orientados por coordenadores de campo. Todos os questionários preenchidos recebem crítica para avaliação da consistência dos dados coletados, sendo que 20% dos questionários serão submetidos à conferência através de novos contatos com os entrevistados, medida sempre adotada que visa garantir a qualidade e fidelidade dos dados coletados. Conforme §6º. do art. 2º. da Resolução-TSE nº. 23.549, o pedido de registro poderá ser complementado pela entrega destes dados ao Tribunal Eleitoral até o sétimo dia seguinte ao registro da pesquisa. Serão enviados os dados relativos aos bairros abrangidos, na ausência de delimitação dos bairros, será identificada a área em que foi realizada)";"REGIÃO INTERMÉDIARIA DE RIO VERDE,  (DADOS IBGE). Realizada nos Municípios:
RIO VERDE,
JATAI, 
MINEIROS, 
QUIRINOPOLIS, 
SANTA HELENA, 
CAIAPONIA,
SAO SIMÃO, 
CAÇU, 
DOVERLANDIA, 
PARANAIGUARA, 
CASTELANDIA, 
APARECIDA DO RIO DOCE, 
SERRANOPOLIS, 
APORE, 
TURVELÂNDIA, 
GOUVELANDIA,
INACIOLANDIA, 
CACHOEIRA ALTA, 
MAURILANDIA, 
ITAJA, 
MONTEVIDIU,
ITARUMÃ, 
SANTO ANTONIO DA BARRA, 
CHAPADAO DO CEU. "
"28/09/2026";"05:46:54";2026;81;"Eleições Gerais 2026";"GO";"GO";"GOIÁS";"GO062942026";"2026-09-02 20:34:13";"N";"29533384000190";"INSTITUTO GOIAS PESQUISAS LTDA";"GOIAS PESQUISAS";"Governador, Senador";"2026-09-03 00:00:00";"2026-09-04 00:00:00";"2026-09-08 00:00:00";1250;"8956";"Francy Anne Barbosa Cesar";"36000,00";"Pesquisa quantitativa de opinião política, realizada através de entrevistas telefônicas assistidas por computador (CATI) via sistema de Unidade de Resposta Audível. As chamadas são direcionadas para terminais de telefonia fixa e móvel (celulares), utilizando discagem aleatória dentro dos prefixos ativos no estado de Goiás. O sistema opera de forma impessoal, onde o respondente interage com perguntas pré-gravadas utilizando o teclado do aparelho. A coleta é monitorada em tempo real para controle de cotas e filtragem de inconsistências.";"Universo: Eleitores do Estado de Goiás. Tamanho da amostra: A amostra prevista é de 1.250 entrevistas. Técnica de amostragem: A amostra é estratificada por região geográfica intermediária (IBGE- Censo 2022), onde em cada estrato, num primeiro estágio, são sorteados aleatoriamente os municípios que farão parte do levantamento. No segundo estágio, a seleção do entrevistado dentro da localidade será feita utilizando-se quotas amostrais proporcionais as características demográficas do universo, em função das seguintes variáveis: GÊNERO: Masculino 47,02%; Feminino 52,98% | FAIXA ETÁRIA: Entre 16 e 24 anos: 12,49%; Entre 25 e 34 anos: 19,36%; Entre 35 e 44 anos: 20,04%; Entre 45 e 59 anos: 26,36%; 60 anos ou mais: 21,75% | ESCOLARIDADE: De analfabeto até ensino fundamental completo: 34,15%; Ensino médio incompleto ou completo: 47,23% Ensino superior incompleto ou completo: 18,62%. NÍVEL ECONÔMICO: População Economicamente Ativa: 66,38%; População Não Economicamente Ativa: 33,62% (Sem rendimento Até 1 SM - 59,42%; Acima de 1 até 3 SM 31,39%; Acima de 3 até 5 SM 4,99 e Mais de 5 SM 4,20%). Está prevista eventual ponderação para correção das variáveis gênero, faixa etária e escolaridade, com base nos percentuais acima apresentados, caso ocorram diferenças superiores a 3,0 (três) pontos percentuais entre o previsto na amostra e a coleta realizada. Para a variável nível econômico, o fator de ponderação é igual a 1, (resultados obtidos no campo). O nível de confiança estimado é de 95% (noventa e cinco por cento) para uma margem de erro estimada, considerando uma técnica de amostragem aleatória simples, de aproximadamente 2,77 (dois vírgula setenta e sete) pontos percentuais sobre os resultados obtidos. Ressalta-se que esta margem de erro e grau de confiabilidade se aplica ao total da amostra, não devendo ser considerado para os resultados dentro de cada estrato e nem para os resultados gerados pelo cruzamento de variáveis. Fonte de Dados: Para as variáveis de Gênero, Faixa Etária e Grau de Instrução, os dados foram extraídos do repositório de estatísticas do eleitorado do TSE (Tribunal Superior Eleitoral), atualizados em abril de 2026, referentes ao Estado de Goiás. Para a variável de Nível Econômico, utilizou-se a PNAD Contínua 4º. Trim 2025 (IBGE), no estado de Goiás. Área física: A relação completa dos municípios e bairros pesquisados será encaminhada a esse tribunal posteriormente até o sétimo dia seguinte à data de registro da pesquisa, conforme Resolução 23.600/2019 do TSE, no art.2º §7º.";"O controle de qualidade é realizado diretamente pelo sistema de coleta, que monitora rigorosamente as cotas em tempo real e encerra a entrevista automaticamente caso o perfil já tenha sido preenchido. A verificação da autenticidade é feita através da auditoria integral dos logs de chamadas (comprovação de origem e duração). São aplicados filtros para descarte de outliers de duração e detecção de padrões de resposta repetitivos. Como segunda camada de proteção, é enviado um SMS - Short Message Service (Serviço de Mensagens Curtas) de agradecimento aos participantes que concluíram o questionário, servindo como registro de validação.";"A pesquisa será realizada no Estado de Goiás. A relação dos municípios e bairros pertencentes à amostra será apresentada até o dia seguinte à data a partir da qual a pesquisa puder ser divulgada, conforme §7º do art. 2º da Resolução TSE nº. 23.600/2019"
"28/09/2026";"05:46:54";2026;81;"Eleições Gerais 2026";"GO";"GO";"GOIÁS";"GO002072026";"2026-09-03 21:45:37";"N";"04851508000154";"INSTITUTO GAZETA LTDA";"IGAPE- INSTITUTO GAZETA DE PEQUISAS";"Governador, Senador, Deputado Federal, Deputado Estadual";"2026-09-02 00:00:00";"2026-09-04 00:00:00";"2026-09-09 00:00:00";500;"10394";"FILIPE MOREIRA MARTINE";"5000,00";"A metodologia utilizada é Survey quantitativo, com realização das entrevistas de maneira pessoal em domicílio, com aplicação de questionário estruturado e padronizado em plataforma digital (tablet ou computador) junto a uma amostra representativa dos eleitores de Porangatu - GO";"Plano amostral e ponderação quanto a sexo, idade, grau de instrução e nível econômico do entrevistado; intervalo de confiança e margem de erro: O universo da pesquisa é composto por eleitores de Porangatu, com idade a partir de 16 anos. A amostra prevista será de 500 eleitores A seleção da amostra será realizada utilizando-se quotas amostrais proporcionais, em função das seguintes variáveis, SEXO: Masculino (48%), Feminino (52%) - IDADE: 16 a 29 anos: ( 23%), 30 a 44 anos: (29%), 45 a 59 anos: (25%), de 60 anos a mais:( 23%) - ESCOLARIDADE: Analfabeto/lê e escreve: (9%), Ensino Fundamental completo e incompleto: (31%), Ensino Médio completo e incompleto: (41%), Ensino Superior completo e incompleto: (19%) - RENDA FAMILIAR: Até 1 SM: (42%), de 1 a 2 SM: (39%), acima de 2 SM: (19%). - Área física: Municípios da Região Imediata de Goiânia (IBGE). Margem de Erro: A margem de erro máxima prevista para o total da amostra é de 4,4 pontos percentuais para mais ou para menos, considerando um nível de confiança de 95%. Fonte de Dados: TSE: Estatísticas do Eleitorado 2026 e IBGE Censo 2022.";"A coleta de dados é realizada por entrevistadores, orientados por coordenadores de campo. Todos os questionários preenchidos recebem crítica para avaliação da consistência dos dados coletados, sendo que 20% dos questionários serão submetidos à conferência através de novos contatos com os entrevistados, medida sempre adotada que visa garantir a qualidade e fidelidade dos dados coletados. Conforme §6º. do art. 2º. da Resolução-TSE nº. 23.549, o pedido de registro poderá ser complementado pela entrega destes dados ao Tribunal Eleitoral até o sétimo dia seguinte ao registro da pesquisa. Serão enviados os dados relativos aos bairros abrangidos, na ausência de delimitação dos bairros, será identificada a área em que foi realizada).";"#NULO#"
"28/09/2026";"05:46:54";2026;81;"Eleições Gerais 2026";"GO";"GO";"GOIÁS";"GO013402026";"2026-05-27 09:17:57";"N";"29533384000190";"INSTITUTO GOIAS PESQUISAS LTDA";"GOIAS PESQUISAS";"Governador, Senador";"2026-05-27 00:00:00";"2026-05-30 00:00:00";"2026-06-02 00:00:00";1150;"8956";"Francy Anne Barbosa Cesar";"45000,00";"Pesquisa quantitativa de opinião política, realizada através de entrevistas telefônicas assistidas por computador (CATI) via sistema de Unidade de Resposta Audível. As chamadas são direcionadas para terminais de telefonia fixa e móvel (celulares), utilizando discagem aleatória dentro dos prefixos ativos no estado de Goiás. O sistema opera de forma impessoal, onde o respondente interage com perguntas pré-gravadas utilizando o teclado do aparelho. A coleta é monitorada em tempo real para controle de cotas e filtragem de inconsistências.";"Universo: Eleitores do Estado de Goiás. Tamanho da amostra: A amostra prevista é de 1.150 entrevistas. Técnica de amostragem: A amostra é estratificada por região geográfica intermediária (IBGE- Censo 2022), onde em cada estrato, num primeiro estágio, são sorteados aleatoriamente os municípios que farão parte do levantamento. No segundo estágio, a seleção do entrevistado dentro da localidade será feita utilizando-se quotas amostrais proporcionais as características demográficas do universo, em função das seguintes variáveis: GÊNERO: Masculino 47,03%; Feminino 52,97% | FAIXA ETÁRIA: Entre 16 e 24 anos: 12,68%; Entre 25 e 34 anos: 19,50%; Entre 35 e 44 anos: 20,25%; Entre 45 e 59 anos: 26,23%; 60 anos ou mais: 21,34% | ESCOLARIDADE: De analfabeto até ensino fundamental completo: 34,37%; Ensino médio incompleto ou completo: 46,94% Ensino superior incompleto ou completo: 18,69%. NÍVEL ECONÔMICO: População Economicamente Ativa: 66,38%; População Não Economicamente Ativa: 33,62% (Sem rendimento Até 1 SM - 59,42%; Acima de 1 até 3 SM 31,39%; Acima de 3 até 5 SM 4,99 e Mais de 5 SM 4,20%). Está prevista eventual ponderação para correção das variáveis gênero, faixa etária e escolaridade, com base nos percentuais acima apresentados, caso ocorram diferenças superiores a 3,0 (três) pontos percentuais entre o previsto na amostra e a coleta realizada. Para a variável nível econômico, o fator de ponderação é igual a 1, (resultados obtidos no campo). O nível de confiança estimado é de 95% (noventa e cinco por cento) para uma margem de erro estimada, considerando uma técnica de amostragem aleatória simples, de aproximadamente 2,89 (dois vírgula oitenta e nove) pontos percentuais sobre os resultados obtidos. Ressalta-se que esta margem de erro e grau de confiabilidade se aplica ao total da amostra, não devendo ser considerado para os resultados dentro de cada estrato e nem para os resultados gerados pelo cruzamento de variáveis. Fonte de Dados: Para as variáveis de Gênero, Faixa Etária e Grau de Instrução, os dados foram extraídos do repositório de estatísticas do eleitorado do TSE (Tribunal Superior Eleitoral), atualizados em abril de 2026, referentes ao Estado de Goiás. Para a variável de Nível Econômico, utilizou-se a PNAD Contínua 4º. Trim 2025 (IBGE), no estado de Goiás. Área física: A relação completa dos municípios e bairros pesquisados será encaminhada a esse tribunal posteriormente até o sétimo dia seguinte à data de registro da pesquisa, conforme Resolução 23.600/2019 do TSE, no art.2º §7º.";"O controle de qualidade é realizado diretamente pelo sistema de coleta, que monitora rigorosamente as cotas em tempo real e encerra a entrevista automaticamente caso o perfil já tenha sido preenchido. A verificação da autenticidade é feita através da auditoria integral dos logs de chamadas (comprovação de origem e duração). São aplicados filtros para descarte de outliers de duração e detecção de padrões de resposta repetitivos. Como segunda camada de proteção, é enviado um SMS - Short Message Service (Serviço de Mensagens Curtas) de agradecimento aos participantes que concluíram o questionário, servindo como registro de validação.";"A pesquisa será realizada no Estado de Goiás. A relação dos municípios e bairros pertencentes à amostra será apresentada até o dia seguinte à data a partir da qual a pesquisa puder ser divulgada, conforme §7º do art. 2º da Resolução TSE nº. 23.600/2019."
"28/09/2026";"05:46:54";2026;81;"Eleições Gerais 2026";"GO";"GO";"GOIÁS";"GO038752026";"2026-03-11 22:03:20";"S";"44826961000125";"SMS - DIRECT PESQUISAS E MARKETING LTDA";"DIRECT PESQUISAS";"Governador, Senador, Deputado Federal, Deputado Estadual";"2026-03-13 00:00:00";"2026-03-14 00:00:00";"2026-03-17 00:00:00";400;"10526";"José Dos Reis Cunha Filho";"4000,00";"Pesquisa quantitativa com abordagem porta a porta, com eleitores que votam e/ou residem no município de Jataí no estado de Goiás, consistindo na realização de entrevistas pessoais e individuais, com a aplicação de questionário estruturado junto a uma amostra representativa do eleitorado em estudo. Devido a ordem probabilística da amostra, nesta pesquisa será considerada apenas os eleitores residentes dentro do município ou que no dia da entrevista estejam nele. Todas as entrevistas são espontâneas e os dados são sigilosos, guardados no banco de dados do instituto para tabulação e apresentação gráfica e analítica.";"Trata-se de uma amostra probabilística estratificada, com abordagem aleatória simples através de cotas de sexo, idade e escolaridade, ponderadas de acordo com a estatística do Eleitorado do TSE, 2026 (https://sig.tse.jus.br) e renda ponderada de acordo com registro do último senso estratificado do IBGE (https://cidades.ibge.gov.br) e em conformidade com a Resolução do TSE 23.600/2019, complementada pela Resolução 23.676/2021, com entrevistas domiciliares aos eleitores de 16 anos ou mais que exerça seu voto no município de Jataí. Totalizando uma população eleitoral de 72.283 e amostra de 400, a um nível de confiança = 95%; Nível de significância = 5%; Margem de erro = 4,89%, com P = 0,5.
SEXO: Masculino (46,76%), Feminino (53,24%); FAIXA ETÁRIA: até 24 anos (12,08%), de 25 a 34 anos (18,97%), de 35 a 44 anos (19,99%), de 45 a 59 anos (25,98%), 60 anos ou mais (22,98%); ESCOLARIDADE: Analfabeto (3,18%), Lê e escreve (5,04%), 1º Grau inc/comp (26,95%), 2º Grau inc/comp (43,62%), 3º Grau inc/comp (21,21%); RENDA: Até 1 salário (12,90%), entre 1 e 2 salários (18,00%), entre 2 e 5 salários (39,50%), entre 5 e 10 salários (18,83%), Mais de 10 salários (10,77%).
";"Os questionários são aplicados com uso de equipamentos eletrônicos, supervisão in loco e via GPS, passarão por conferência através de novo contato até 20% dos entrevistados, todas as regiões pesquisadas foram selecionadas proporcionalmente.";"Os bairros serão anexados de acordo com a resolução."
"28/09/2026";"05:46:54";2026;81;"Eleições Gerais 2026";"GO";"GO";"GOIÁS";"GO032762026";"2026-09-22 19:42:23";"S";"19738088000171";"PLURAL ASSESSORIA DE IMPRENSA, PESQUISA E JORNALISMO LTDA";"PLURAL ASSESSORIA DE IMPRENSA, PESQUISA E JORNALISMO";"Governador, Senador, Deputado Federal, Deputado Estadual";"2026-09-23 00:00:00";"2026-09-25 00:00:00";"2026-09-28 00:00:00";382;"6221";"Rui da Costa Abrantes";"9000,00";"Objetivo é aferir a intenção de voto dos candidatos a governador, senador, deputado federal e deputado estadual no município de Itumbiara (GO). A abordagem utilizada consiste na aplicação de questionário em uma amostragem representativa da população residente no município, com 16 anos ou mais de idade. A amostra é realizada de forma presencial, em entrevistas domiciliares e pontos de fluxo. A escolha dos entrevistados é aleatória, de acordo com o perfil da população em estudo.";"Tamanho do universo: 75.059 eleitores (TSE/Agosto 2026). Tamanho da amostra: 382 eleitores. Nível de confiança: 95%. Margem de Erro Amostral: Máxima de 5,0 pontos percentuais para mais ou para menos nos dados da amostra global. Tipo de amostra: Autoponderada por quotas proporcionais às existentes no universo de acordo com as variáveis sexo, faixa etária, nível de instrução e renda familiar mensal.
Ponderação quanto ao sexo: Masculino: 46,33% (177 entrevistas) e Feminino 53,66% (205). Ponderação quanto à faixa etária: 16 a 24 anos 11,78% (45), 25 a 34 anos 17,63% (67), 35 a 44 anos 18,84% (72), 45 a 59 anos 26,96% (103) e 60 anos e acima 24,86% (95).
Ponderação quanto ao nível de instrução: Analfabeto/lê e escreve: 7,06% (27), Fundamental 26,17% (100), Médio 46,07% (176) e Superior 20,68% (79). Fonte de dados (TSE/Agosto 2026). Link https://sig.tse.jus.br/ords/dwapr/r/seai/sig-eleitor-eleitorado-mensal/perfil-do-eleitorado-mensal?p0_municipio=ITUMBIARA&p0_uf=GO&session=102827672833786

Ponderação quanto ao nível socioeconômico: Renda: Até 01 Salário Mínimo: 13,08% (50); De 1 a 2 salários mínimos 20,68% (79); De 2 a 5 salários mínimos 40,83% (156); Acima de 5 salários mínimos 25,39% (97). Fonte de dados: Censo IBGE/2010 https://cidades.ibge.gov.br/brasil/go/itumbiara/pesquisa/23/22787?detalhes=true
DOMICÍLIOS PARTICULARES PERMANENTES Classe de rendimento nominal mensal domiciliar
É prevista eventual ponderação para correção das variáveis gênero, faixa etária, grau de instrução e renda entre o previsto na amostra e a coleta realizada.";"O trabalho de coleta de dados é realizado pela equipe de pesquisadores, que recebe treinamento prévio para execução, acompanhados por supervisor de campo. O supervisor tem a responsabilidade e é treinado para distribuir os entrevistadores nos diversos pontos de consulta, realizar coletas, acompanhar, orientar, corrigir ou invalidar o trabalho dos pesquisadores e conferir por si ou por entrevistador designado cerca de 10% das entrevistas. A coleta é feita em tablets e/ou dispositivos eletrônicos e a fiscalização conta com georreferenciamento dos setores pesquisados e checagem, para verificação e adequação aos parâmetros amostrais.";"A relação dos os dados relativos aos bairros abrangidos pela pesquisa ou a área em que a mesma foi realizada será apresentado até o dia seguinte à data a partir da qual a pesquisa puder ser divulgada, conforme §7º do art. 2º da Resolução-TSE nº. 23.600/2019"
"28/09/2026";"05:46:54";2026;81;"Eleições Gerais 2026";"GO";"GO";"GOIÁS";"GO080752026";"2026-09-17 21:09:51";"N";"04851508000154";"INSTITUTO GAZETA LTDA";"IGAPE- INSTITUTO GAZETA DE PEQUISAS";"Governador, Senador, Deputado Federal, Deputado Estadual";"2026-09-19 00:00:00";"2026-09-21 00:00:00";"2026-09-23 00:00:00";800;"10394";"FILIPE MOREIRA MARTINE";"7000,00";"A metodologia utilizada é Survey quantitativo, com realização das entrevistas de maneira pessoal em domicílio, com aplicação de questionário estruturado e padronizado em plataforma digital (tablet ou computador) junto a uma amostra representativa dos eleitores de Anápolis.";"O universo da pesquisa é composto por eleitores de Anápolis, com idade a partir de 16 anos. A amostra prevista será de 800 entrevistas. A Seleção da amostra será realizada utilizando-se quotas amostrais proporcionais, em função das seguintes variáveis. SEXO: Masculino: (47%); Feminino: (53%) - IDADE: 16 a 29 anos (23%); 30 a 44 anos: (31%); 45 a 59 anos: (25%); 60 anos ou mais: (21%) - ESCOLARIDADE: Analfabeto/Lê e escreve: (5%); Fundamental completo ou incompleto: (27%); Médio completo ou incompleto: (47%); Superior completo ou incompleto: (21%) ¿ RENDA: Até 1 SM: (38%); Acima de 1 até 2 SM: (40%); Acima de 2 SM (22%). Está prevista eventual ponderação para correção das variáveis, com base nos percentuais acima apresentados - Área física: Município de Anápolis - GO. Margem de Erro: A margem de erro máxima prevista para o total da amostra é de 4,0 pontos percentuais para mais ou para menos, considerando um nível de confiança de 95%.Fonte de Dados: TSE: Estatísticas do Eleitorado 2026 e IBGE Censo 2022.
.";"A coleta de dados é realizada por entrevistadores, orientados por coordenadores de campo. Todos os questionários preenchidos recebem crítica para avaliação da consistência dos dados coletados, sendo que 20% dos questionários serão submetidos à conferência através de novos contatos com os entrevistados, medida sempre adotada que visa garantir a qualidade e fidelidade dos dados coletados.
Conforme o § 7º do art. 2º da Resolução-TSE nº 23.600/2019, com redação vigente para as Eleições 2026, a partir do dia em que a pesquisa puder ser divulgada e até o dia seguinte o registro deverá ser complementado com os dados relativos aos municípios e bairros abrangidos e, na amostra final, com o número de eleitoras e eleitores pesquisados em cada setor censitário e a composição quanto a gênero, idade, grau de instrução e nível econômico das pessoas entrevistadas.";"#NULO#"
"28/09/2026";"05:46:54";2026;81;"Eleições Gerais 2026";"GO";"GO";"GOIÁS";"GO003912026";"2026-09-20 23:06:37";"N";"04851508000154";"INSTITUTO GAZETA LTDA";"IGAPE- INSTITUTO GAZETA DE PEQUISAS";"Governador, Senador, Deputado Federal, Deputado Estadual";"2026-09-20 00:00:00";"2026-09-21 00:00:00";"2026-09-26 00:00:00";400;"10394";"FILIPE MOREIRA MARTINE";"5000,00";"A metodologia utilizada é Survey quantitativo, com realização das entrevistas de maneira pessoal em domicílio, com aplicação de questionário estruturado e padronizado em plataforma digital (tablet ou computador), junto a uma amostra representativa dos eleitores do município de Santa Helena de Goiás ¿ GO.";"O universo da pesquisa é composto por eleitores do município de Santa Helena de Goiás, com idade a partir de 16 anos. A amostra prevista será de 400 entrevistas. A seleção da amostra será realizada utilizando-se quotas amostrais proporcionais, em função das seguintes variáveis: SEXO: Masculino (47%); Feminino (53%). IDADE: 16 a 29 anos (21%); 30 a 44 anos (28%); 45 a 59 anos (26%); 60 anos ou mais (25%). ESCOLARIDADE: Analfabeto/Lê e escreve (11%); Fundamental completo ou incompleto (30%); Médio completo ou incompleto (42%); Superior completo ou incompleto (17%). RENDA INDIVIDUAL: Até 1 SM (28%); Acima de 1 a 2 SM (36%); Acima de 2 SM (36%). Está prevista eventual ponderação para correção das variáveis, com base nos percentuais apresentados. Área física de realização: município de Santa Helena de Goiás ¿ GO. A amostra será distribuída territorialmente entre bairros e setores censitários do município, buscando proporcionalidade com a distribuição do eleitorado e da população. Margem de erro: a margem de erro máxima prevista para o total da amostra é de aproximadamente 4,9 pontos percentuais para mais ou para menos, considerando um nível de confiança de 95%. Fonte de dados: TSE ¿ Estatísticas do Eleitorado e IBGE ¿ Censo Demográfico 2022.";"A coleta de dados será realizada por entrevistadores devidamente treinados e orientados por coordenadores de campo, responsáveis pelo acompanhamento, supervisão e controle da execução da pesquisa.
Todos os questionários preenchidos serão submetidos à crítica e à análise de consistência, com o objetivo de identificar eventuais erros, incompatibilidades, omissões ou inconsistências nas informações coletadas.
Como procedimento adicional de controle de qualidade, 20% (vinte por cento) dos questionários aplicados serão submetidos à conferência e auditoria interna do trabalho realizado pelos entrevistadores, de acordo com os procedimentos de controle adotados pelo instituto. A medida tem por finalidade verificar a regularidade da aplicação dos questionários e assegurar a qualidade, consistência, integridade e fidelidade dos dados coletados.
O sistema interno de controle e verificação compreende, portanto, o treinamento e orientação dos entrevistadores, a supervisão pelos coordenadores de campo, a crítica e análise de consistência dos questionários e a auditoria de 20% das entrevistas realizadas.
Nos termos do art. 2º, § 7º, da Resolução-TSE nº 23.600/2019, com a redação vigente para as Eleições 2026, a partir do dia em que a pesquisa puder ser divulgada e até o dia seguinte, o registro será complementado no Sistema de Registro de Pesquisas Eleitorais ¿ PesqEle com as informações exigidas pela Justiça Eleitoral relativas à área efetivamente abrangida pela pesquisa.
Na hipótese de pesquisa relativa às eleições gerais, serão informados os municípios e bairros abrangidos ou, na ausência de delimitação formal do bairro, a área em que a pesquisa foi realizada, bem como o número de eleitoras e eleitores pesquisados em cada setor censitário e a composição da amostra final quanto a gênero, idade, grau de instrução e nível econômico das pessoas entrevistadas.
A delimitação geográfica dos bairros e demais áreas abrangidas observará a divisão político-administrativa estabelecida em ato normativo oficial do respectivo ente federativo. Na inexistência de divisão territorial formalmente estabelecida, será utilizada fonte pública idônea, nos termos do art. 2º, § 7º-E, da Resolução-TSE nº 23.600/2019.
Caso a metodologia utilizada impossibilite tecnicamente a identificação das entrevistas por setor censitário, será apresentada a justificativa técnica prevista no art. 2º, § 7º-F, com a indicação da unidade territorial efetivamente utilizada e dos respectivos procedimentos de controle e ponderação.";"#NULO#"
"28/09/2026";"05:46:54";2026;81;"Eleições Gerais 2026";"GO";"GO";"GOIÁS";"GO039742026";"2026-08-18 22:30:54";"N";"49702717000174";"DATAPOP - INSTITUTO DE PESQUISA E MARKETING LTDA";"DATA POP PESQUISA";"Governador, Senador, Deputado Federal, Deputado Estadual";"2026-08-19 00:00:00";"2026-08-20 00:00:00";"2026-08-24 00:00:00";600;"10526";"Jose Dos Reis Cunha Filho";"8000,00";"Pesquisa quantitativa com abordagem porta a porta, com eleitores que votam e/ou residem no município de Formosa no estado de Goiás, consistindo na realização de entrevistas pessoais e individuais, com a aplicação de questionário estruturado junto a uma amostra representativa do eleitorado em estudo. Devido a ordem probabilística da amostra, nesta pesquisa será considerada apenas os eleitores residentes dentro do município ou que no dia da entrevista estejam nele. Todas as entrevistas são espontâneas e os dados são sigilosos, guardados no banco de dados do instituto para tabulação e apresentação gráfica e analítica.";"Trata-se de uma amostra probabilística estratificada, com abordagem aleatória simples através de cotas de sexo, idade e escolaridade, ponderadas de acordo com a estatística do Eleitorado do TSE, 2026 (https://sig.tse.jus.br) e renda ponderada de acordo com registro do último senso estratificado do IBGE (https://cidades.ibge.gov.br) de acordo com a Resolução do TSE 23.600/2019, complementada pela Resolução 23.676/2021, com entrevistas domiciliares aos eleitores de 16 anos ou mais que exerça seu voto no município de Formosa. Totalizando uma população eleitoral de 77.904 e amostra de 600, a um nível de confiança = 95%; Nível de significância = 5%; Margem de erro = 3,99%, com P = 0,5.
SEXO: Masculino (46,41%), Feminino (53,59%); FAIXA ETÁRIA: até 24 anos (14,23%), de 25 a 34 anos (20,21%), de 35 a 44 anos (20,93%), de 45 a 59 anos (25,86%), 60 anos ou mais (18,77%); ESCOLARIDADE: Analfabeto (3,74%), Lê e escreve (4,66%), 1º Grau inc/comp (22,20%), 2º Grau inc/comp (46,49%), 3º Grau inc/comp (22,91%); RENDA: Até 1 salário (18,55%), entre 1 e 2 salários (23,89%), entre 2 e 5 salários (33,41%), entre 5 e 10 salários (14,53%), Mais de 10 salários (9,62%).
";"Os questionários são aplicados com uso de equipamentos eletrônicos, supervisão in loco e via GPS, passarão por conferência através de novo contato até 20% dos entrevistados, todas as regiões pesquisadas foram selecionadas proporcionalmente.";"Os bairros serão anexados de acordo com a resolução."
"28/09/2026";"05:46:54";2026;81;"Eleições Gerais 2026";"GO";"GO";"GOIÁS";"GO087032026";"2026-09-19 22:48:30";"N";"00654576000172";"INSTITUTO VERITA LTDA";"VERITA";"Governador, Senador";"2026-09-20 00:00:00";"2026-09-24 00:00:00";"2026-09-25 00:00:00";1525;"10699";"Guilherme Alvarenga Laia";"37037,04";"Estudo quantitativo voltado às Eleições 2026, realizado por meio de entrevistas individuais, aplicadas mediante questionário eletrônico estruturado e Unidade Automatizada de Respostas Audíveis e Auditáveis, por meio de ligações para telefones móveis (celulares). A inteligência artificial é empregada exclusivamente para a transcrição automatizada das respostas em áudio, não interferindo na formulação das perguntas, na condução das entrevistas, na coleta das informações, na interpretação das respostas ou no tratamento estatístico dos dados.

A participação dos eleitores é voluntária, espontânea e não remunerada. As respostas são prestadas por autodeclaração, sendo, em sua maioria, registradas por meio de códigos numéricos correspondentes às alternativas previamente definidas no questionário.

A utilização de sistema eletrônico automatizado para a coleta e o registro das respostas proporciona elevado nível de padronização operacional, reduz a possibilidade de interferência humana durante a realização das entrevistas, amplia a rastreabilidade e a auditabilidade de todo o processo de coleta e contribui para maior precisão, consistência e confiabilidade dos dados obtidos.

O plano amostral foi elaborado para assegurar a representatividade estatística do eleitorado da respectiva Unidade da Federação, observando critérios técnicos de seleção, distribuição e ponderação da amostra, quando aplicáveis.";"A pesquisa foi planejada para produzir uma amostra estatisticamente representativa do eleitorado do estado DE GOIÁS, utilizando o método de Probabilidade Proporcional ao Tamanho (PPT), com plano amostral em múltiplos estágios. Na primeira etapa, esta Unidade da Federação é dividida em macrorregiões, de forma a assegurar adequada distribuição territorial da amostra e representação das diferentes características geográficas, demográficas e eleitorais. Na segunda etapa, os municípios de cada estrato são ordenados segundo seu porte populacional e eleitoral e sorteados. Na terceira etapa, os respondentes são selecionados entre os eleitores aptos residentes nos municípios sorteados, observando-se a distribuição proporcional da amostra e as cotas estabelecidas para as variáveis de sexo, faixa etária, grau de instrução e nível econômico. As cotas são estabelecidas para a pesquisa completa, considerando a composição do eleitorado e os parâmetros oficiais de referência, não sendo aplicadas isoladamente a cada município selecionado.

SEXO E FAIXA ETÁRIA - Fonte: Tribunal Superior Eleitoral (TSE), Perfil do Eleitorado, junho de 2026. Feminino de 16 a 34 anos: 17%; Masculino de 16 a 34 anos: 15,5%; Feminino de 35 a 54 anos: 20,4%; Masculino de 35 a 54 anos: 18,2%; Feminino com 55 anos ou mais: 15,6%; Masculino com 55 anos ou mais: 13,4%. Os parâmetros de sexo e idade têm como referência o cadastro eleitoral brasileiro atualizado pelo Tribunal Superior Eleitoral, considerando o universo de eleitores aptos com 16 anos ou mais.

GRAU DE INSTRUÇÃO - Fonte: IBGE - PNAD Contínua Anual 2025. A distribuição é: sem instrução 3,6%; ensino fundamental incompleto ou equivalente 21,9%; ensino fundamental completo ou equivalente 7,9%; ensino médio incompleto ou equivalente 8,9%; ensino médio completo ou equivalente 33,4%; ensino superior incompleto ou equivalente 6,1%; ensino superior completo 18,1%. Para não confundir os respondentes as faixas de escolaridade no questionário foram agrupadas em 3 faixas: até ensino fundamental incompleto e completo, ensino médio incompleto e completo e superior incompleto, completo ou mais. A PNAD Contínua é utilizada como referência por constituir a fonte oficial mais atualizada para a mensuração do nível de instrução da população brasileira, sua utilização também corrige limitações decorrentes da ausência de atualização obrigatória e contínua das informações de escolaridade no cadastro eleitoral do Tribunal Superior Eleitoral.

NÍVEL ECONÔMICO - RENDA FAMILIAR DO DOMICÍLIO - Fonte: IBGE - PNAD Contínua Anual 2025. Considera-se a renda domiciliar total, compreendendo rendimentos provenientes de trabalho formal e informal, aposentadorias, pensões, benefícios sociais e demais fontes de renda existentes no domicílio. observando-se a seguinte distribuição: renda familiar de até 2 salários-mínimos 38%; de 2 a 5 salários-mínimos 41,3%, acima de 5 salários-mínimos 20,7%.

PONDERAÇÃO E CALIBRAÇÃO DA AMOSTRA - Prevê-se eventual ponderação das variáveis de sexo, faixa etária, grau de instrução e nível econômico, caso sejam verificadas diferenças relevantes entre a distribuição da amostra efetivamente coletada e os parâmetros populacionais de referência adotados. Inicialmente, o fator de ponderação é igual a 1 (um), podendo ser recalculado sempre que necessário para assegurar a representatividade estatística da amostra.
INTERVALO DE CONFIANÇA E MARGEM DE ERRO - O intervalo de confiança adotado é de 95%, com margem máxima estimada de erro de aproximadamente 2,5 pontos percentuais, para mais ou para menos, sobre os resultados do total da amostra, calculada segundo o modelo de amostragem aleatória simples e a hipótese de máxima variabilidade.";"Após os trabalhos de coleta de dados, os questionários são submetidos a uma fiscalização, conferência e checagem de cerca de 20% (vinte por cento) dos questionários aplicados. Todas as entrevistas são integralmente registradas em áudio, permanecendo auditáveis e rastreáveis, permitindo a verificação da integridade do processo de coleta, preservado o sigilo das informações pessoais dos entrevistados e observadas as disposições da Lei Geral de Proteção de Dados Pessoais (Lei nº 13.709/2018).";"Em observância ao art. 2º, § 7º, da Resolução TSE nº 23.600/2019, com redação dada pela Resolução TSE nº 23.747/2026, a presente pesquisa terá seu registro complementado no Sistema de Registro de Pesquisas Eleitorais a partir da data em que sua divulgação for permitida e até o dia seguinte, com a identificação dos municípios em que foram realizadas as entrevistas, bem como da composição final da amostra quanto a gênero, idade, grau de instrução e nível econômico, na forma exigida pela legislação eleitoral vigente."
"28/09/2026";"05:46:54";2026;81;"Eleições Gerais 2026";"GO";"GO";"GOIÁS";"GO013922026";"2026-09-27 20:38:09";"S";"56824073000152";"EXATA.GO PESQUISA LTDA";"EXATA.GO";"Governador, Senador";"2026-09-28 00:00:00";"2026-10-01 00:00:00";"2026-10-03 00:00:00";1200;"7655";"AUGUSTO DA SILVA ROCHA";"15000,00";"A pesquisa será do tipo quantitativo, por amostragem aleatória, com aplicação de questionário estruturado e abordagem de moradores eleitores nos municípios do estado de Goias, em pontos estratégicos de fluxo de pessoal dos municípios e por visitas às residências dos municípios. O conjunto da população dessas localidades com 16 anos ou mais e que são votantes no referido estado foi tomado como universo da pesquisa.";"A amostra será representativa do eleitorado da área pesquisada e será selecionada em três etapas. Na primeira etapa realiza-se um sorteio probabilístico dos municípios onde as entrevistas serão realizadas através do método PPT (Probabilidade Proporcional ao Tamanho), considerando a população eleitora com 16 anos ou mais residente nos municípios como base para essa seleção. Na segunda etapa, faz-se um sorteio probabilístico das localidades, onde as entrevistas serão realizadas, através do método PPT (Probabilidade Proporcional ao Tamanho), tomando a população eleitora de 16 anos ou mais residente nas localidades como base para essa seleção. Na terceira etapa, a seleção do entrevistado dentro da localidade, será feita utilizando-se quotas amostrais proporcionais, em função das variáveis sexo, faixa etária, grau de instrução e Nível socioeconômico (renda mensal familiar). Por fim, os entrevistados são selecionados aleatoriamente para responder ao questionário, de acordo com cotas: SEXO: FEMININO 53,0% ; MASCULINO 47,0% ; Faixa Etária: 16 a 24 anos 12,51% ; 25 a 34 anos 19,37% ; 35 a 44 anos 20,04% ; 45 a 59 anos 26,35% ; 60 anos ou mais 21,73% ; Grau de instrução: ANALFABETO 2,41% ; ENSINO FUNDAMENTAL COMPLETO 5,61% ; ENSINO FUNDAMENTAL INCOMPLETO 20,65% ; ENSINO MÉDIO COMPLETO 29,41% ; ENSINO MÉDIO INCOMPLETO 17,82% ; LÊ E ESCREVE 5,48% ; SUPERIOR COMPLETO 11,72% SUPERIOR INCOMPLETO 6,90% ; Nível econômico (renda mensal familiar): Até 1/2 salário mínimo 1,5% ; Mais de 1/2 a 1 salário mínimo 13,6% ; Mais de 1 a 2 salários mínimos 24,4% ; Mais de 2 a 5 salários mínimos 36,6% ; Mais de 5 a 10 salários mínimos 13,6% ; Mais de 10 a 20 salários mínimos 4,8% ; Mais de 20 salários mínimos 2,0% ; Sem rendimento 3,5% ; Fonte pública dos dados IBGE IBGE | Cidades@ | Goiás | Pesquisa | Censo 2010 | Universo - Características da população e dos domicílios; https://cidades.ibge.gov.br/brasil/go/pesquisa/23/24304?detalhes=true; (TSE/JULHO2026): https://sig.tse.jus.br/ords/dwapr/r/seai/sig-eleitor-eleitorado-mensal/cruzamento-eleitorado-mensal?p24_metricas=E&p24_back=22&p24_cruzamento_1=ds_sexo&clear=24&session=302250298393783 ; https://sig.tse.jus.br/ords/dwapr/r/seai/sig-eleitor-eleitorado-mensal/cruzamento-eleitorado-mensal?p24_cruzamento_1=ds_faixa_etaria&p24_metricas=E&p24_back=22&clear=24&session=302250298393783 ; https://sig.tse.jus.br/ords/dwapr/r/seai/sig-eleitor-eleitorado-mensal/cruzamento-eleitorado-mensal?p24_cruzamento_1=ds_grau_instrucao&p24_metricas=E&p24_back=22&clear=24&session=302250298393783; Ano=2026; Mês = JULHO; UF= GO; Observação: Conforme informações disponibilizadas pelo Instituto Brasileiro de Geografia e Estatística (IBGE), não houve nem há previsão de divulgação do perfil econômico (nível econômico) da população brasileira no âmbito do Censo Demográfico de 2022 (https://censo2022.ibge.gov.br/panorama/), para essa variável será adotado o fator de ponderação igual a 1, correspondente aos resultados obtidos em campo, caso seja verificada diferença superior à margem de erro prevista no estudo entre a projeção da amostra baseada nos dados do IBGE 2010 e os dados efetivamente coletados. Para as variáveis de sexo, idade e grau de instrução, está previsto uma eventual ponderação, nos limites da margem de erro, para correção nos tamanhos das variáveis, caso ocorra uma diferença entre a previsão da amostra e a coleta dos dados realizados sobre a faixa de eleitores acima de 16 anos. Margem de Erro: A margem de erro máxima prevista é de 2,8 pontos percentuais para mais ou para menos, considerando um nível de confiança de 95%.";"Os entrevistadores envolvidos na realização desta pesquisa são treinados pelo Instituto e recebem instruções específicas para cada projeto realizado. A coleta será feita com a utilização de questionário impresso, que serão computados posteriormente à pesquisa de campo. Os pesquisadores são supervisionados por um coordenador que estará em campo juntamente com a equipe garantindo a lisura da pesquisa. Internamente, todo o material é verificado e codificado. Antes do processamento final e emissão dos resultados, realiza-se processo de consistência dos dados. Os dados coletados e tratados nesta pesquisa atendem às exigências da LGPD, Lei Geral de Proteção de Dados, garantindo ao respondente o sigilo de sua identidade e o correto tratamento de suas respostas.";"#NULO#"
"28/09/2026";"05:46:54";2026;81;"Eleições Gerais 2026";"GO";"GO";"GOIÁS";"GO030962026";"2026-09-05 21:53:38";"N";"81908345000140";"INSTITUTO PARANA DE PESQUISAS E ANALISE DE CONSUMIDOR LTDA";"#NULO#";"Governador, Senador";"2026-09-08 00:00:00";"2026-09-10 00:00:00";"2026-09-11 00:00:00";1248;"10245 - 4ª";"Tatiani Cristina Ara";"45000,00";"Pesquisa com metodologia quantitativa, com a realização de entrevistas pessoais, domiciliares e presenciais, utilizando questionário estruturado junto a uma amostra representativa do eleitorado do Estado de Goiás.
";"""A amostra será representativa do eleitorado da área pesquisada e será selecionada em três etapas. Na primeira etapa realiza-se um sorteio probabilístico dos municípios onde as entrevistas serão realizadas através do método PPT (Probabilidade Proporcional ao Tamanho), considerando a população eleitora com 16 anos ou mais residente nos municípios como base para essa seleção. Na segunda etapa, faz-se um sorteio probabilístico das localidades, onde as entrevistas serão realizadas, através do método PPT (Probabilidade Proporcional ao Tamanho), tomando a população eleitora de 16 anos ou mais residente nas localidades como base para essa seleção. Na terceira etapa, a seleção do entrevistado dentro da localidade, será feita utilizando-se quotas amostrais proporcionais, em função das seguintes variáveis:
GÊNERO: TSE Agosto 2026 (https://sig.tse.jus.br/ords/dwapr/r/seai/sig-eleitor-eleitorado-mensal/cruzamento-eleitorado-mensal?p24_metricas=E&p24_back=22&p24_cruzamento_1=ds_sexo&clear=24&p0_uf=GO&p0_mes=8&debug=LEVEL5&session=312990078978641)
Masculino - 47%; |
Feminino - 53%; |
FAIXA ETÁRIA: TSE Agosto 2026 (https://sig.tse.jus.br/ords/dwapr/r/seai/sig-eleitor-eleitorado-mensal/cruzamento-eleitorado-mensal?p24_cruzamento_1=ds_faixa_etaria&p24_metricas=E&p24_back=22&clear=24&p0_uf=GO&p0_mes=8&debug=LEVEL5&session=8904950028837)
Entre 16 e 24 anos: 13%; |
Entre 25 e 34 anos: 19%; |
Entre 35 e 44 anos: 20%; |
Entre 45 e 59 anos: 26%; |
Com 60 anos ou mais: 22%; |
ESCOLARIDADE: TSE Agosto 2026 (https://sig.tse.jus.br/ords/dwapr/r/seai/sig-eleitor-eleitorado-mensal/cruzamento-eleitorado-mensal?p24_cruzamento_1=ds_grau_instrucao&p24_metricas=E&p24_back=22&clear=24&p0_uf=GO&p0_mes=8&debug=LEVEL5&session=309383598034615) Observação: Conforme informações obtidas no site do Tribunal Superior Eleitoral, o TSE, (https://dadosabertos.tse.jus.br/group/about/eleitorado) """"Os registros de grau de escolaridade podem apresentar dados defasados, pois refletem a situação do eleitor na ocasião do cadastramento.""""
De analfabeto até ensino fundamental completo: 34%; |
Ensino médio incompleto ou completo: 47% |
Ensino superior incompleto ou completo: 19% |
RENDA DOMICILIAR MENSAL: (https://cidades.ibge.gov.br/brasil/go/pesquisa/23/24304) IBGE - Censo 2010. Observação: Conforme informações obtidas do Instituto Brasileiro de Geografia e Estatística, o IBGE, não divulgou - e não tem previsão - de data para divulgação do perfil econômico (nível econômico) da população brasileira; portanto, os dados quanto ao nível econômico obtidos no Censo 2022, não podem ser utilizados, pois não foram publicados. (https://censo2022.ibge.gov.br/panorama/)
Sem rendimentos até 2 salários mínimos: 43% |
Mais de 2 a 5 salários mínimos: 37% |
Mais de 5 salários mínimos: 20% |
Está prevista eventual ponderação para correção das variáveis gênero e faixa etária, com base nos percentuais acima apresentados, caso ocorram diferenças superiores a 3,0 (três) pontos percentuais entre o previsto na amostra e a coleta realizada; para as variáveis escolaridade e renda domiciliar mensal, o fator de ponderação é igual a 1 (resultados obtidos no campo). O nível de confiança estimado é de 95% (noventa e cinco por cento) para uma margem de erro estimada, considerando uma técnica de amostragem aleatória simples, de aproximadamente 2,8 (dois vírgula oito) pontos percentuais para mais ou para menos sobre os resultados obtidos.""



";"""As entrevistas serão conduzidas por uma equipe de entrevistadores e supervisores devidamente qualificados pelo Instituto Paraná Pesquisas, todos com experiência e treinamento específico em pesquisas de opinião pública.
Controle: O controle do processo será realizado por meio de um software de coleta de dados.
Conferência e Fiscalização: Durante a coleta de dados os questionários aplicados são fiscalizados e conferidos através de um supervisor.
Adicionalmente, pelo menos 30% dos questionários passarão por uma verificação posterior, que avaliará a precisão na aplicação e a adequação dos entrevistados às variáveis das quotas amostrais. Ou seja, no mínimo 375 entrevistas desta pesquisa serão auditadas pela equipe de qualidade do Instituto Paraná Pesquisas, podendo essa auditoria ser solicitada ao Instituto a qualquer momento.
Verificação: Após a coleta, os questionários passam por uma etapa de verificação e validação dos dados, para garantir a integridade e precisão dos dados coletados.""



";"""A pesquisa será realizada no Estado de Goiás, a relação dos dados relativos aos municípios e às localidades será apresentado até o dia seguinte à data a partir da qual a pesquisa puder ser divulgada, conforme §7º do art. 2º da Resolução-TSE nº. 23.600/2019""


"
"28/09/2026";"05:46:54";2026;81;"Eleições Gerais 2026";"GO";"GO";"GOIÁS";"GO058062026";"2026-08-18 12:38:07";"N";"15015873000145";"DIAGNOSTICO PESQUISAS DE COMPORTAMENTO EIRELI";"DIAGNOSTICO PESQUISAS DE COMPORTAMENTO";"Governador, Senador, Deputado Federal, Deputado Estadual";"2026-08-19 00:00:00";"2026-08-20 00:00:00";"2026-08-24 00:00:00";627;"8631";"Alexandre Vasconcelos Lima";"12000,00";"Tipo de Pesquisa: Quantitativa, descritiva e de opinião pública.Técnica de Coleta: Entrevistas pessoais e individuais, aplicadas de forma presencial por meio de questionário estruturado, realizadas por entrevistadores treinados pelo Instituto. Universo da Pesquisa (População-Alvo): Eleitores residentes na cidade de Caldas Novas, estado de Goiás, com idade igual ou superior a 16 anos, aptos a votar no pleito de 2026. Locais de Realização: A coleta será realizada em domicílios e/ou pontos de fluxo populacional, cobrindo uma amostra representativa da cidade de Caldas Novas-GO";"O plano amostral aplicado consiste em uma amostragem por cotas segundo as variáveis sexo, faixa etária, grau de instrução e renda (conforme dados disponíveis no site do TSE - estatística do eleitorado e no Censo/IBGE). Nesse sentido, a seleção do entrevistado dentro da localidade será feita utilizando-se quotas amostrais proporcionais as características demográficas do universo, em função das seguintes variáveis: Sexo: Masculino 46,9% e Feminino 53,1%. Faixa Etária: Entre 16 e 24 anos: 12,8%; Entre 25 e 34 anos: 19,6%; Entre 35 e 44 anos: 20,5%; Entre 45 e 59 anos: 26,8% e 60 anos ou mais: 20,3%. Escolaridade: De analfabeto até ensino fundamental completo: 33,1%; Ensino médio incompleto ou completo: 48,8% e Ensino superior incompleto ou completo: 18,1%. Nível Econômico (familiar): Sem rendimento até 3 SM: 51,5%; Acima de 3 SM: 48,5%. Está prevista eventual ponderação para correção das variáveis gênero, faixa etária e escolaridade, com base nos percentuais acima apresentados, caso ocorram diferenças superiores a 3,0 (três) pontos percentuais entre o previsto na amostra e a coleta realizada. Para a variável nível econômico, o fator de ponderação é igual a 1 (resultados obtidos no campo).O nível de confiança estimado é de 95% (noventa e cinco por cento) para uma margem de erro estimada, considerando uma técnica de amostragem aleatória simples, de 4 (quatro) pontos percentuais sobre os resultados obtidos. Ressalta-se que esta margem de erro e grau de confiabilidade se aplica ao total da amostra, não devendo ser considerado para os resultados dentro de cada estrato e nem para os resultados gerados pelo cruzamento de variáveis. As variáveis de Gênero, Faixa Etária e Grau de Instrução possuem dados extraídos do repositório de estatísticas do eleitorado do TSE (Tribunal Superior Eleitoral), atualizados em junho de 2026, referentes ao Estado de Goiás. Para a variável de Nível Econômico, utilizou-se o Censo 2010.";"Os pesquisadores envolvidos na realização desta pesquisa são treinados pelo Instituto e recebem instruções específicas para a realização da coleta de dados. São checados, no mínimo, 10% dos questionários de cada pesquisador, seja in loco por supervisores de campo ou, posteriormente, por telefone. Internamente, todo o material é verificado, codificado, digitado e, antes do processamento final, realiza-se a conferência da digitação (consistência dos dados).";"A pesquisa será realizada na cidade de Caldas Novas, conforme distribuição em anexo. "
"28/09/2026";"05:46:54";2026;81;"Eleições Gerais 2026";"GO";"GO";"GOIÁS";"GO062742026";"2026-01-27 23:24:36";"N";"44826961000125";"SMS - DIRECT PESQUISAS E MARKETING LTDA";"DIRECT PESQUISAS";"Governador, Senador, Deputado Federal, Deputado Estadual, Deputado Distrital";"2026-01-28 00:00:00";"2026-01-30 00:00:00";"2026-02-02 00:00:00";800;"10526";"José Dos Reis Cunha Filho";"6000,00";"Pesquisa quantitativa com abordagem porta a porta, com eleitores que votam e/ou residem no município de Aparecida de Goiânia no estado de Goiás, consistindo na realização de entrevistas pessoais e individuais, com a aplicação de questionário estruturado junto a uma amostra representativa do eleitorado em estudo. Devido a ordem probabilística da amostra, nesta pesquisa será considerada apenas os eleitores residentes dentro do município ou que no dia da entrevista estejam nele. Todas as entrevistas são espontâneas e os dados são sigilosos, guardados no banco de dados do instituto para tabulação e apresentação gráfica e analítica.";"Trata-se de uma amostra probabilística estratificada, com abordagem aleatória simples através de cotas de sexo, idade e escolaridade, ponderadas de acordo com a estatística do Eleitorado do TSE, 2025 (https://sig.tse.jus.br) e renda ponderada de acordo com registro do último senso do IBGE 2010 (https://cidades.ibge.gov.br) de acordo com a Resolução do TSE 23.600/2019, complementada pela Resolução 23.676/2021, com entrevistas domiciliares aos eleitores de 16 anos ou mais que exerça seu voto no município de Aparecida de Goiânia. Totalizando uma população eleitoral de 330.667 e amostra de 800, a um nível de confiança = 95%; Nível de significância = 5%; Margem de erro = 3,46%, com P = 0,5.
SEXO: Masculino (46,03%), Feminino (53,97%); FAIXA ETÁRIA: até 24 anos (13,20%), de 25 a 34 anos (22,16%), de 35 a 44 anos (22,37%), de 45 a 59 anos (26,19%), 60 anos ou mais (16,08%); ESCOLARIDADE: Analfabeto (1,36%), Lê e escreve (4,30%), 1º Grau inc/comp (26,58%), 2º Grau inc/comp (53,47%), 3º Grau inc/comp (14,29%); RENDA: Até 1 salário (12,60%), entre 1 e 2 salários (20,22%), entre 2 e 5 salários (43,81%), entre 5 e 10 salários (17,38%), Mais de 10 salários (5,99%).
";"Os questionários são aplicados com uso de equipamentos eletrônicos, supervisão in loco e via GPS, passarão por conferência através de novo contato até 20% dos entrevistados, todas as regiões pesquisadas foram selecionadas proporcionalmente.";"Os bairros serão anexados de acordo com a resolução."
"28/09/2026";"05:46:54";2026;81;"Eleições Gerais 2026";"GO";"GO";"GOIÁS";"GO036522026";"2026-09-26 17:04:37";"N";"04851508000154";"INSTITUTO GAZETA LTDA";"IGAPE- INSTITUTO GAZETA DE PEQUISAS";"Governador";"2026-09-29 00:00:00";"2026-10-02 00:00:00";"2026-10-02 00:00:00";2000;"10394";"FILIPE MOREIRA MARTINE";"10000,00";"A metodologia utilizada é Survey quantitativo, com realização das entrevistas de maneira pessoal em domicílio, com aplicação de questionário estruturado e padronizado em plataforma digital (tablet ou computador), junto a uma amostra representativa dos eleitores do Estado de Goiás.";"O universo da pesquisa é composto por eleitores do Estado de Goiás, com idade a partir de 16 anos. A amostra prevista será de 2.000 entrevistas. A seleção da amostra será realizada utilizando-se quotas amostrais proporcionais, em função das seguintes variáveis: SEXO: Masculino (47%); Feminino (53%). IDADE: 16 a 29 anos (21%); 30 a 44 anos (28%); 45 a 59 anos (26%); 60 anos ou mais (25%). ESCOLARIDADE: Analfabeto/Lê e escreve (11%); Fundamental completo ou incompleto (30%); Médio completo ou incompleto (42%); Superior completo ou incompleto (17%). RENDA INDIVIDUAL: Até 1 SM (28%); Acima de 1 a 2 SM (36%); Acima de 2 SM (36%). Está prevista eventual ponderação para correção das variáveis, com base nos percentuais apresentados. Área física de realização: Unidade Federativa de Goiás. A amostra será distribuída territorialmente entre bairros e setores censitários de municipios do estado de Goiás, buscando proporcionalidade com a distribuição do eleitorado e da população. Margem de erro: a margem de erro máxima prevista para o total da amostra é de aproximadamente 2,2 pontos percentuais para mais ou para menos, considerando um nível de confiança de 95%. Fonte de dados: TSE: Estatísticas do Eleitorado e IBGE: Censo Demográfico 2022.";"A coleta de dados será realizada por entrevistadores devidamente treinados e orientados por coordenadores de campo, responsáveis pelo acompanhamento, supervisão e controle da execução da pesquisa. Todos os questionários preenchidos serão submetidos à crítica e à análise de consistência, com o objetivo de identificar eventuais erros, incompatibilidades, omissões ou inconsistências nas informações coletadas. Como procedimento adicional de controle de qualidade, 20% (vinte por cento) dos questionários aplicados serão submetidos à conferência e auditoria interna do trabalho realizado pelos entrevistadores, de acordo com os procedimentos de controle adotados pelo instituto. A medida tem por finalidade verificar a regularidade da aplicação dos questionários e assegurar a qualidade, consistência, integridade e fidelidade dos dados coletados. O sistema interno de controle e verificação compreende, portanto, o treinamento e orientação dos entrevistadores, a supervisão pelos coordenadores de campo, a crítica e análise de consistência dos questionários e a auditoria de 20% das entrevistas realizadas. Nos termos do art. 2º, § 7º, da Resolução-TSE nº 23.600/2019, com a redação vigente para as Eleições 2026, a partir do dia em que a pesquisa puder ser divulgada e até o dia seguinte, o registro será complementado no Sistema de Registro de Pesquisas Eleitorais ¿ PesqEle com as informações exigidas pela Justiça Eleitoral relativas à área efetivamente abrangida pela pesquisa. Na hipótese de pesquisa relativa às eleições gerais, serão informados os municípios e bairros abrangidos ou, na ausência de delimitação formal do bairro, a área em que a pesquisa foi realizada, bem como o número de eleitoras e eleitores pesquisados em cada setor censitário e a composição da amostra final quanto a gênero, idade, grau de instrução e nível econômico das pessoas entrevistadas. A delimitação geográfica dos bairros e demais áreas abrangidas observará a divisão político-administrativa estabelecida em ato normativo oficial do respectivo ente federativo. Na inexistência de divisão territorial formalmente estabelecida, será utilizada fonte pública idônea, nos termos do art. 2º, § 7º-E, da Resolução-TSE nº 23.600/2019. Caso a metodologia utilizada impossibilite tecnicamente a identificação das entrevistas por setor censitário, será apresentada a justificativa técnica prevista no art. 2º, § 7º-F, com a indicação da unidade territorial efetivamente utilizada e dos respectivos procedimentos de controle e ponderação.";"#NULO#"
"28/09/2026";"05:46:54";2026;81;"Eleições Gerais 2026";"GO";"GO";"GOIÁS";"GO020212026";"2026-09-26 16:35:39";"S";"19738088000171";"PLURAL ASSESSORIA DE IMPRENSA, PESQUISA E JORNALISMO LTDA";"PLURAL ASSESSORIA DE IMPRENSA, PESQUISA E JORNALISMO";"Governador, Senador, Deputado Federal, Deputado Estadual";"2026-09-28 00:00:00";"2026-09-29 00:00:00";"2026-10-02 00:00:00";379;"6221";"Rui da Costa Abrantes";"9000,00";"Objetivo é aferir a intenção de voto dos candidatos a governador, senador, deputado federal e deputado estadual no município de Morrinhos (GO). A abordagem utilizada consiste na aplicação de questionário em uma amostragem representativa da população residente no município, com 16 anos ou mais de idade. A amostra é realizada de forma presencial, em entrevistas domiciliares e pontos de fluxo. A escolha dos entrevistados é aleatória, de acordo com o perfil da população em estudo.";"Tamanho do universo: 37.220 eleitores (TSE/Julho 2026). Tamanho da amostra: 379 eleitores. Nível de confiança: 95%. Margem de Erro Amostral: Máxima de 5,0 pontos percentuais para mais ou para menos nos dados da amostra global. Tipo de amostra: Autoponderada por quotas proporcionais às existentes no universo de acordo com as variáveis sexo, faixa etária, nível de instrução e renda familiar mensal. Ponderação quanto ao sexo: Masculino: 47,22% (179 entrevistas) e Feminino 52,77% (200). Ponderação quanto à faixa etária: 16 a 24 anos 11,60% (44), 25 a 34 anos 17,67% (67), 35 a 44 anos 18,73% (71), 45 a 59 anos 26,64% (101) e 60 anos e acima 25,32% (96). Ponderação quanto ao nível de instrução: Analfabeto/lê e escreve: 7,38% (28), Fundamental 30,07% (114), Médio 42,21% (160) e Superior 20,31% (77). Fonte de dados (TSE/Julho 2026). Link https://sig.tse.jus.br/ords/dwapr/r/seai/sig-eleitor-eleitorado-mensal/perfil-do-eleitorado-mensal?p0_municipio=MORRINHOS&p0_uf=GO&session=203482301826231 Ponderação quanto ao nível socioeconômico: Renda: Até 01 Salário Mínimo: 14,21% (54); De 1 a 2 salários mínimos 22,95% (87); De 2 a 5 salários mínimos 41,95% (159); Acima de 5 salários mínimos 20,84% (79). Fonte de dados: Censo IBGE/2010 https://cidades.ibge.gov.br/brasil/go/morrinhos/pesquisa/23/22787?detalhes=true DOMICÍLIOS PARTICULARES PERMANENTES Classe de rendimento nominal mensal domiciliar É prevista eventual ponderação para correção das variáveis gênero, faixa etária, grau de instrução e renda entre o previsto na amostra e a coleta realizada.";"O trabalho de coleta de dados é acompanhado in loco por supervisor de campo. O supervisor tem a responsabilidade e é treinado para distribuir os entrevistadores nos diversos pontos de consulta, realizar coletas, acompanhar, orientar, corrigir ou invalidar o trabalho dos pesquisadores e conferir por si ou por entrevistador designado cerca de 10% das entrevistas.";"A relação dos os dados relativos aos bairros abrangidos pela pesquisa ou a área em que a mesma foi realizada será apresentado até o dia seguinte à data a partir da qual a pesquisa puder ser divulgada, conforme §7º do art. 2º da Resolução-TSE nº. 23.600/2019"
"28/09/2026";"05:46:54";2026;81;"Eleições Gerais 2026";"GO";"GO";"GOIÁS";"GO068862026";"2026-08-08 22:10:02";"N";"29533384000190";"INSTITUTO GOIAS PESQUISAS LTDA";"GOIAS PESQUISAS";"Governador, Senador";"2026-08-10 00:00:00";"2026-08-12 00:00:00";"2026-08-14 00:00:00";1150;"8956";"Francy Anne Barbosa Cesar";"45000,00";"Pesquisa quantitativa de opinião política, realizada através de entrevistas telefônicas assistidas por computador (CATI) via sistema de Unidade de Resposta Audível. As chamadas são direcionadas para terminais de telefonia fixa e móvel (celulares), utilizando discagem aleatória dentro dos prefixos ativos no estado de Goiás. O sistema opera de forma impessoal, onde o respondente interage com perguntas pré-gravadas utilizando o teclado do aparelho. A coleta é monitorada em tempo real para controle de cotas e filtragem de inconsistências.";"Universo: Eleitores do Estado de Goiás. Tamanho da amostra: A amostra prevista é de 1.150 entrevistas. Técnica de amostragem: A amostra é estratificada por região geográfica intermediária (IBGE- Censo 2022), onde em cada estrato, num primeiro estágio, são sorteados aleatoriamente os municípios que farão parte do levantamento. No segundo estágio, a seleção do entrevistado dentro da localidade será feita utilizando-se quotas amostrais proporcionais as características demográficas do universo, em função das seguintes variáveis: GÊNERO: Masculino 47,02%; Feminino 52,98% | FAIXA ETÁRIA: Entre 16 e 24 anos: 12,49%; Entre 25 e 34 anos: 19,36%; Entre 35 e 44 anos: 20,04%; Entre 45 e 59 anos: 26,36%; 60 anos ou mais: 21,75% | ESCOLARIDADE: De analfabeto até ensino fundamental completo: 34,15%; Ensino médio incompleto ou completo: 47,23% Ensino superior incompleto ou completo: 18,62%. NÍVEL ECONÔMICO: População Economicamente Ativa: 66,38%; População Não Economicamente Ativa: 33,62% (Sem rendimento Até 1 SM - 59,42%; Acima de 1 até 3 SM 31,39%; Acima de 3 até 5 SM 4,99 e Mais de 5 SM 4,20%). Está prevista eventual ponderação para correção das variáveis gênero, faixa etária e escolaridade, com base nos percentuais acima apresentados, caso ocorram diferenças superiores a 3,0 (três) pontos percentuais entre o previsto na amostra e a coleta realizada. Para a variável nível econômico, o fator de ponderação é igual a 1, (resultados obtidos no campo). O nível de confiança estimado é de 95% (noventa e cinco por cento) para uma margem de erro estimada, considerando uma técnica de amostragem aleatória simples, de aproximadamente 2,89 (dois vírgula oitenta e nove) pontos percentuais sobre os resultados obtidos. Ressalta-se que esta margem de erro e grau de confiabilidade se aplica ao total da amostra, não devendo ser considerado para os resultados dentro de cada estrato e nem para os resultados gerados pelo cruzamento de variáveis. Fonte de Dados: Para as variáveis de Gênero, Faixa Etária e Grau de Instrução, os dados foram extraídos do repositório de estatísticas do eleitorado do TSE (Tribunal Superior Eleitoral), atualizados em agosto de 2026, referentes ao Estado de Goiás. Para a variável de Nível Econômico, utilizou-se a PNAD Contínua 4º. Trim 2025 (IBGE), no estado de Goiás. Área física: A relação completa dos municípios e bairros pesquisados será encaminhada a esse tribunal posteriormente até o sétimo dia seguinte à data de registro da pesquisa, conforme Resolução 23.600/2019 do TSE, no art.2º §7º.
";"O controle de qualidade é realizado diretamente pelo sistema de coleta, que monitora rigorosamente as cotas em tempo real e encerra a entrevista automaticamente caso o perfil já tenha sido preenchido. A verificação da autenticidade é feita através da auditoria integral dos logs de chamadas (comprovação de origem e duração). São aplicados filtros para descarte de outliers de duração e detecção de padrões de resposta repetitivos. Como segunda camada de proteção, é enviado um SMS - Short Message Service (Serviço de Mensagens Curtas) de agradecimento aos participantes que concluíram o questionário, servindo como registro de validação.";"A pesquisa será realizada no Estado de Goiás. A relação dos municípios e bairros pertencentes à amostra será apresentada até o dia seguinte à data a partir da qual a pesquisa puder ser divulgada, conforme §7º do art. 2º da Resolução TSE nº. 23.600/2019."
"28/09/2026";"05:46:54";2026;81;"Eleições Gerais 2026";"GO";"GO";"GOIÁS";"GO076702026";"2026-07-29 00:20:15";"N";"04851508000154";"INSTITUTO GAZETA LTDA";"IGAPE- INSTITUTO GAZETA DE PEQUISAS";"Governador, Senador, Deputado Federal, Deputado Estadual";"2026-07-23 00:00:00";"2026-07-25 00:00:00";"2026-08-04 00:00:00";500;"10394";"FILIPE MOREIRA MARTINE";"3500,00";"A metodologia utilizada é Survey quantitativo, com realização das entrevistas de maneira pessoal em domicílio, com aplicação de questionário estruturado e padronizado em plataforma digital (tablet ou computador) junto a uma amostra representativa dos eleitores de Novo Gama.";"O universo da pesquisa é composto por eleitores de Novo Gama, com idade a partir de 16 anos. A amostra prevista será de 500 entrevistas. A Seleção da amostra será realizada utilizando-se quotas amostrais proporcionais, em função das seguintes variáveis. SEXO: Masculino: (46%); Feminino: (54%) - IDADE: 16 a 29 anos (28%); 30 a 44 anos: (32%); 45 a 59 anos: (26%); 60 anos ou mais: (12%) - ESCOLARIDADE: Analfabeto/Lê e escreve e Fundamental completo ou incompleto: (37%); Médio completo ou incompleto: (51%); Superior completo ou incompleto: (12%) ¿ RENDA FAMILIAR: Até 1 SM: (41%); De 1 a 2 SM: (41%); Acima de 2 SM (18%). Está prevista eventual ponderação para correção das variáveis, com base nos percentuais acima apresentados - Área física: Município de Novo Gama - GO. Margem de Erro: A margem de erro máxima prevista para o total da amostra é de 4,3 pontos percentuais para mais ou para menos, considerando um nível de confiança de 95%. Fonte de Dados: TSE ¿ Estatísticas do Eleitorado 2026 e IBGE Censo 2022. ";"A coleta de dados é realizada por entrevistadores, orientados por coordenadores de campo. Todos os questionários preenchidos recebem crítica para avaliação da consistência dos dados coletados, sendo que 20% dos questionários serão submetidos à conferência através de novos contatos com os entrevistados, medida sempre adotada que visa garantir a qualidade e fidelidade dos dados coletados.";"Conforme §6º. do art. 2º. da Resolução-TSE nº. 23.549, o pedido de registro poderá ser complementado pela entrega destes dados ao Tribunal Eleitoral até o sétimo dia seguinte ao registro da pesquisa. Serão enviados os dados relativos aos bairros abrangidos, na ausência de delimitação dos bairros, será identificada a área em que foi realizada)"
"28/09/2026";"05:46:54";2026;81;"Eleições Gerais 2026";"GO";"GO";"GOIÁS";"GO094442026";"2026-09-08 22:02:55";"N";"44826961000125";"SMS - DIRECT PESQUISAS E MARKETING LTDA";"DIRECT PESQUISAS";"Governador, Senador, Deputado Federal, Deputado Estadual";"2026-09-09 00:00:00";"2026-09-13 00:00:00";"2026-09-14 00:00:00";1200;"10526";"Jose Dos Reis Cunha Filho";"18000,00";"Pesquisa quantitativa com abordagem porta a porta, com eleitores que votam e/ou residem no estado de Goiás, consistindo na realização de entrevistas pessoais e individuais, com a aplicação de questionário estruturado junto a uma amostra representativa do eleitorado em estudo. Devido a ordem probabilística da amostra, nesta pesquisa será considerada apenas os eleitores residentes dentro do município ou que no dia da entrevista estejam nele. Todas as entrevistas são espontâneas e os dados são sigilosos, guardados no banco de dados do instituto para tabulação e apresentação gráfica e analítica.";"Trata-se de uma amostra probabilística estratificada, com abordagem aleatória simples através de cotas de sexo, idade e escolaridade, ponderadas de acordo com a estatística do Eleitorado do TSE, 2026 (https://sig.tse.jus.br) e renda ponderada de acordo com registro do último senso estratificado do IBGE (https://cidades.ibge.gov.br) e em conformidade com a Resolução do TSE 23.600/2019, complementada pela Resolução 23.676/2021, com entrevistas domiciliares aos eleitores de 16 anos ou mais que exerça seu voto no estado de Goiás. Totalizando uma população eleitoral de 5.081.043 e amostra de 1.200, a um nível de confiança = 95%; Nível de significância = 5%; Margem de erro = 2,83%, com P = 0,5.
SEXO: Masculino (47,02%), Feminino (52,98%); FAIXA ETÁRIA: até 24 anos (12,92%), de 25 a 34 anos (19,41%), de 35 a 44 anos (20,12%), de 45 a 59 anos (26,20%), 60 anos ou mais (21,35%); ESCOLARIDADE: Analfabeto (2,41%), Lê e escreve (5,48%), 1º Grau inc/comp (26,26%), 2º Grau inc/comp (47,23%), 3º Grau inc/comp (18,62%); RENDA: Até 1 salário (15,67%), entre 1 e 2 salários (21,92%), entre 2 e 5 salários (38,15%), entre 5 e 10 salários (15,58%), Mais de 10 salários (8,68%).";"Os questionários são aplicados com uso de equipamentos eletrônicos, supervisão in loco e via GPS, passarão por conferência através de novo contato até 20% dos entrevistados, todas as regiões pesquisadas foram selecionadas proporcionalmente.";"Os municípios serão anexados de acordo com a resolução."
"28/09/2026";"05:46:54";2026;81;"Eleições Gerais 2026";"GO";"GO";"GOIÁS";"GO014212026";"2026-09-09 22:19:15";"S";"56824073000152";"EXATA.GO PESQUISA LTDA";"EXATA.GO";"Governador, Senador";"2026-09-10 00:00:00";"2026-09-14 00:00:00";"2026-09-15 00:00:00";1700;"7655";"AUGUSTO DA SILVA ROCHA";"40000,00";"A pesquisa será do tipo quantitativo, por amostragem aleatória, com aplicação de questionário estruturado e abordagem de moradores eleitores nos municípios do estado de Goias, divididos nas regiões dentro do estado, em pontos estratégicos de fluxo de pessoal dos municípios e por visitas às residências dos municípios. O conjunto da população do Estado de Goias com 16 anos ou mais e que são votantes no referido estado foi tomado como universo da pesquisa.";"A amostra será representativa do eleitorado da área pesquisada e será selecionada em três etapas. Na primeira etapa realiza-se um sorteio probabilístico dos municípios onde as entrevistas serão realizadas através do método PPT (Probabilidade Proporcional ao Tamanho), considerando a população eleitora com 16 anos ou mais residente nos municípios como base para essa seleção. Na segunda etapa, faz-se um sorteio probabilístico das localidades, onde as entrevistas serão realizadas, através do método PPT (Probabilidade Proporcional ao Tamanho), tomando a população eleitora de 16 anos ou mais residente nas localidades como base para essa seleção. Na terceira etapa, a seleção do entrevistado dentro da localidade, será feita utilizando-se quotas amostrais proporcionais, em função das variáveis sexo, faixa etária, grau de instrução e Nível socioeconômico (renda mensal familiar). Por fim, os entrevistados são selecionados aleatoriamente para responder ao questionário, de acordo com cotas: SEXO: FEMININO 53,0% ; MASCULINO 47,0% ; Faixa Etária: 16 a 24 anos 12,51% ; 25 a 34 anos 19,37% ; 35 a 44 anos 20,04% ; 45 a 59 anos 26,35% ; 60 anos ou mais 21,73% ; Grau de instrução: ANALFABETO 2,41% ; ENSINO FUNDAMENTAL COMPLETO 5,61% ; ENSINO FUNDAMENTAL INCOMPLETO 20,65% ; ENSINO MÉDIO COMPLETO 29,41% ; ENSINO MÉDIO INCOMPLETO 17,82% ; LÊ E ESCREVE 5,48% ; SUPERIOR COMPLETO 11,72% SUPERIOR INCOMPLETO 6,90% ; Nível econômico (renda mensal familiar): Até 1/2 salário mínimo 1,5% ; Mais de 1/2 a 1 salário mínimo 13,6% ; Mais de 1 a 2 salários mínimos 24,4% ; Mais de 2 a 5 salários mínimos 36,6% ; Mais de 5 a 10 salários mínimos 13,6% ; Mais de 10 a 20 salários mínimos 4,8% ; Mais de 20 salários mínimos 2,0% ; Sem rendimento 3,5% ; Fonte pública dos dados IBGE IBGE | Cidades@ | Goiás | Pesquisa | Censo 2010 | Universo - Características da população e dos domicílios; https://cidades.ibge.gov.br/brasil/go/pesquisa/23/24304?detalhes=true; (TSE/JULHO2026): https://sig.tse.jus.br/ords/dwapr/r/seai/sig-eleitor-eleitorado-mensal/cruzamento-eleitorado-mensal?p24_metricas=E&p24_back=22&p24_cruzamento_1=ds_sexo&clear=24&session=302250298393783 ; https://sig.tse.jus.br/ords/dwapr/r/seai/sig-eleitor-eleitorado-mensal/cruzamento-eleitorado-mensal?p24_cruzamento_1=ds_faixa_etaria&p24_metricas=E&p24_back=22&clear=24&session=302250298393783 ; https://sig.tse.jus.br/ords/dwapr/r/seai/sig-eleitor-eleitorado-mensal/cruzamento-eleitorado-mensal?p24_cruzamento_1=ds_grau_instrucao&p24_metricas=E&p24_back=22&clear=24&session=302250298393783; Ano=2026; Mês = JULHO; UF= GO; Observação: Conforme informações disponibilizadas pelo Instituto Brasileiro de Geografia e Estatística (IBGE), não houve nem há previsão de divulgação do perfil econômico (nível econômico) da população brasileira no âmbito do Censo Demográfico de 2022 (https://censo2022.ibge.gov.br/panorama/), para essa variável será adotado o fator de ponderação igual a 1, correspondente aos resultados obtidos em campo, caso seja verificada diferença superior à margem de erro prevista no estudo entre a projeção da amostra baseada nos dados do IBGE 2010 e os dados efetivamente coletados. Para as variáveis de sexo, idade e grau de instrução, está previsto uma eventual ponderação, nos limites da margem de erro, para correção nos tamanhos das variáveis, caso ocorra uma diferença entre a previsão da amostra e a coleta dos dados realizados sobre a faixa de eleitores acima de 16 anos. Margem de Erro: A margem de erro máxima prevista é de 1,7 pontos percentuais para mais ou para menos, considerando um nível de confiança de 95%.";"Os entrevistadores envolvidos na realização desta pesquisa são treinados pelo Instituto e recebem instruções específicas para cada projeto realizado. A coleta será feita com a utilização de questionário impresso, que serão computados posteriormente à pesquisa de campo. Os pesquisadores são supervisionados por um coordenador que estará em campo juntamente com a equipe garantindo a lisura da pesquisa. Internamente, todo o material é verificado e codificado. Antes do processamento final e emissão dos resultados, realiza-se processo de consistência dos dados. Os dados coletados e tratados nesta pesquisa atendem às exigências da LGPD, Lei Geral de Proteção de Dados, garantindo ao respondente o sigilo de sua identidade e o correto tratamento de suas respostas.";"#NULO#"
"28/09/2026";"05:46:54";2026;81;"Eleições Gerais 2026";"GO";"GO";"GOIÁS";"GO013362026";"2026-05-15 16:34:45";"N";"04851508000154";"INSTITUTO GAZETA LTDA";"IGAPE- INSTITUTO GAZETA DE PEQUISAS";"Governador, Senador, Deputado Federal, Deputado Estadual";"2026-05-16 00:00:00";"2026-05-21 00:00:00";"2026-05-21 00:00:00";2000;"10394";"FILIPE MOREIRA MARTINE";"8000,00";"A metodologia utilizada é Survey quantitativo, com realização das entrevistas de maneira pessoal em domicílio, com aplicação de questionário estruturado e padronizado em plataforma digital (tablet ou computador) junto a uma amostra representativa dos eleitores da Região Imediata de Goiânia (IBGE).";"O universo da pesquisa é composto por eleitores da Região Imediata de Goiânia (IBGE), com idade a partir de 16 anos. A amostra prevista será de 2000 entrevistas. A Seleção da amostra será realizada utilizando-se quotas amostrais proporcionais, em função das seguintes variáveis. SEXO: Masculino: (46); Feminino: (54%) - IDADE: 16 a 29 anos (21%); 30 a 44 anos: (32%); 45 a 59 anos: (26%); 60 anos ou mais: (21%) - ESCOLARIDADE: Analfabeto/Lê e escreve: (5%); Fundamental completo ou incompleto: (23%); Médio completo ou incompleto: (50%); Superior completo ou incompleto: (23%); RENDA: Até 1 SM: (37%); De 1 A 2 SM: (39%); Acima de 2 SM (25%) - Área física: Municípios da Região Imediata de Goiânia (IBGE). Margem de Erro: A margem de erro máxima prevista para o total da amostra é de 2,0 pontos percentuais para mais ou para menos, considerando um nível de confiança de 95%. Fonte de Dados: TSE: Estatísticas do Eleitorado 2026 e IBGE Censo 2022.";"A coleta de dados é realizada por entrevistadores, orientados por coordenadores de campo. Todos os questionários preenchidos recebem crítica para avaliação da consistência dos dados coletados, sendo que 20% dos questionários serão submetidos à conferência através de novos contatos com os entrevistados, medida sempre adotada que visa garantir a qualidade e fidelidade dos dados coletados. Conforme §6º. do art. 2º. da Resolução-TSE nº. 23.549, o pedido de registro poderá ser complementado pela entrega destes dados ao Tribunal Eleitoral até o sétimo dia seguinte ao registro da pesquisa. Serão enviados os dados relativos aos bairros abrangidos, na ausência de delimitação dos bairros, será identificada a área em que foi realizada).";"#NULO#"
"28/09/2026";"05:46:54";2026;81;"Eleições Gerais 2026";"GO";"GO";"GOIÁS";"GO075692026";"2026-03-12 16:40:25";"S";"22345021000181";"REAL TIME MIDIA LTDA";"REAL TIME BIG DATA";"Governador, Senador";"2026-03-16 00:00:00";"2026-03-17 00:00:00";"2026-03-18 00:00:00";1500;"10839";"Isabela Zara Cremoneze";"60000,00";"Pesquisa quantitativa, que consiste na realização de entrevistas pessoais, com a aplicação de questionário estruturado junto a uma amostra representativa do eleitorado em estudo. Pesquisa realizada no Estado de Goiás (GO).";"Representativo do eleitorado da área em estudo, elaborada em três estágios.
No primeiro estágio, realiza-se um sorteio probabilístico dos municípios onde as entrevistas serão realizadas, pelo método PPT (Probabilidade Proporcional ao Tamanho), tomando a população eleitora de 16 anos ou mais residente nos municípios como base para essa seleção.
No segundo estágio, efetua-se um sorteio probabilístico das localidades dentro dos municípios selecionados, também pelo método PPT (Probabilidade Proporcional ao Tamanho), considerando a população eleitora de 16 anos ou mais residente nessas localidades como base para a seleção.
No terceiro e último estágio, dentro das localidades sorteadas, os respondentes são selecionados por meio de quotas amostrais proporcionais, em função de variáveis significativas, a saber:
GÊNERO:
Feminino: 52,97%;
Masculino: 47,03%;
(Fonte: TSE, Fevereiro/2026 -- https://sig.tse.jus.br/ords/dwapr/r/seai/sig-eleitor-eleitorado-mensal/cruzamento-eleitorado-mensal?p24_metricas=E&p24_back=22&p24_cruzamento_1=ds_sexo&clear=24&session=214426107809130)
FAIXA ETÁRIA:
16 anos: 0,14%;
17 anos: 0,52%;
18 a 20 anos: 4,46%;
21 a 24 anos: 7,24%;
25 a 34 anos: 19,60%;
35 a 44 anos: 20,37%;
45 a 59 anos: 26,32%;
60 a 69 anos: 12,02%;
70 a 79 anos: 6,58%;
Superior a 79 anos: 2,74%;
(Fonte: TSE, Fevereiro/2026 -- https://sig.tse.jus.br/ords/dwapr/r/seai/sig-eleitor-eleitorado-mensal/cruzamento-eleitorado-mensal?p24_cruzamento_1=ds_faixa_etaria&p24_metricas=E&p24_back=22&clear=24&session=214426107809130)
ESCOLARIDADE:
Analfabeto: 2,45%;
Lê e Escreve: 5,60%;
Ensino Fundamental Incompleto: 20,89%;
Ensino Fundamental Completo: 5,67%;
Ensino Médio Incompleto: 17,22%;
Ensino Médio Completo: 29,44%;
Ensino Superior Incompleto: 6,90%;
Ensino Superior Completo: 11,84%;
(Fonte: TSE, Fevereiro /2026 -- https://sig.tse.jus.br/ords/dwapr/r/seai/sig-eleitor-eleitorado-mensal/cruzamento-eleitorado-mensal?p24_cruzamento_1=ds_grau_instrucao&p24_metricas=E&p24_back=22&clear=24&session=214426107809130)
RENDA DOMICILIAR MENSAL:
Sem rendimento: 3,44%;
Até 1/2 Salário Mínimo: 1,54%;
Mais de 1/2 a 1 Salário Mínimo: 13,65%;
Mais de 1 a 2 Salários Mínimos: 24,43%;
Mais de 2 a 5 Salários Mínimos: 36,58%;
Mais de 5 a 10 Salários Mínimos: 13,61%;
Mais de 10 a 20 Salários Mínimos: 4,75%;
Mais de 20 Salários Mínimos: 1,99%;
(Fonte: IBGE (CENSO-2010) -- https://cidades.ibge.gov.br/brasil/go/pesquisa/23/26504?detalhes=true
Observação: De acordo com informações do Instituto Brasileiro de Geografia e Estatística (IBGE), não há previsão de data para a divulgação do perfil econômico da população brasileira do CENSO 2022. Portanto, os dados sobre o nível econômico obtidos no Censo 2022 não podem ser utilizados, pois ainda não foram publicados.
Está prevista eventual ponderação para correção das variáveis sexo e idade, com base nos percentuais anteriormente mencionados, caso ocorram diferenças superiores a 3 pontos percentuais entre o previsto na amostra e a coleta de dados realizada. Para as variáveis de grau de instrução e nível econômico do entrevistado, o fator previsto para ponderação é 1 (resultados obtidos em campo). O nível de confiança estimado é de 95% e a margem de erro máxima estimada considerando um modelo de amostragem aleatório simples, é de aproximadamente 2 (dois) pontos percentuais para mais ou para menos sobre os resultados encontrados no total da amostra.

";"O trabalho de coleta de dados é acompanhado presencialmente por supervisores. São selecionados aleatoriamente 15% (quinze por cento) dos questionários para uma verificação posterior com ligações telefônicas para os números indicados nos formulários, em caso de dúvida, o formulário é descartado e o entrevistador chamado para esclarecimentos.";"O anexo do arquivo com os bairros será realizado até o dia seguinte da divulgação conforme indicado no §7º. do art. 2º. da Resolução-TSE nº. 23.600/2019."
"28/09/2026";"05:46:54";2026;81;"Eleições Gerais 2026";"GO";"GO";"GOIÁS";"GO087822026";"2026-09-02 23:37:33";"N";"04851508000154";"INSTITUTO GAZETA LTDA";"IGAPE- INSTITUTO GAZETA DE PEQUISAS";"Governador, Senador, Deputado Federal, Deputado Estadual";"2026-09-03 00:00:00";"2026-09-08 00:00:00";"2026-09-08 00:00:00";1200;"10394";"FILIPE MOREIRA MARTINE";"8000,00";"A metodologia utilizada é Survey quantitativo, com realização das entrevistas de maneira pessoal em domicílio, com aplicação de questionário estruturado e padronizado em plataforma digital (tablet ou computador) junto a uma amostra representativa dos eleitores da Região Imediata de Goiânia (IBGE)";"O universo da pesquisa é composto por eleitores da Região Imediata de Goiânia (IBGE), com idade a partir de 16 anos. A amostra prevista será de 1200 entrevistas. A Seleção da amostra será realizada utilizando-se quotas amostrais proporcionais, em função das seguintes variáveis. SEXO: Masculino: (46); Feminino: (54%) - IDADE: 16 a 29 anos (21%); 30 a 44 anos: (32%); 45 a 59 anos: (26%); 60 anos ou mais: (21%) - ESCOLARIDADE: Analfabeto/Lê e escreve: (5%); Fundamental completo ou incompleto: (23%); Médio completo ou incompleto: (50%); Superior completo ou incompleto: (23%); RENDA: Até 1 SM: (37%); De 1 A 2 SM: (39%); Acima de 2 SM (25%) - Área física: Municípios da Região Imediata de Goiânia (IBGE). Margem de Erro: A margem de erro máxima prevista para o total da amostra é de 2,8 pontos percentuais para mais ou para menos, considerando um nível de confiança de 95%. Fonte de Dados: TSE: Estatísticas do Eleitorado 2026 e IBGE Censo 2022.";"A coleta de dados é realizada por entrevistadores, orientados por coordenadores de campo. Todos os questionários preenchidos recebem crítica para avaliação da consistência dos dados coletados, sendo que 20% dos questionários serão submetidos à conferência através de novos contatos com os entrevistados, medida sempre adotada que visa garantir a qualidade e fidelidade dos dados coletados. Conforme §6º. do art. 2º. da Resolução-TSE nº. 23.549, o pedido de registro poderá ser complementado pela entrega destes dados ao Tribunal Eleitoral até o sétimo dia seguinte ao registro da pesquisa. Serão enviados os dados relativos aos bairros abrangidos, na ausência de delimitação dos bairros, será identificada a área em que foi realizada).";"#NULO#"
"28/09/2026";"05:46:54";2026;81;"Eleições Gerais 2026";"GO";"GO";"GOIÁS";"GO078592026";"2026-05-27 13:59:20";"N";"31884294000195";"VILANI E BARBOSA NEGOCIOS LTDA";"DATA RD";"Governador, Senador";"2026-05-27 00:00:00";"2026-05-29 00:00:00";"2026-06-02 00:00:00";1509;"10808";"CP-Brasil AC Certisign RFB G5 A1 17334115000115 JERFSON BRUNO DO NASCIMENTO HONORIO";"19700,00";"Apresentam-se os dados da pesquisa eleitoral de opinião pública a ser conduzida no estado do Goiás. Esta pesquisa quantitativa será realizada por meio de entrevistas telefônicas, utilizando questionários estruturados e padronizados, aplicados a uma amostra representativa da população alvo. A coleta de dados será conduzida por entrevistadores treinados, utilizando o sistema CATI (Computer-Assisted Telephone Interviewing), com apoio de dispositivos eletrônicos para registro das respostas. 
 
Nota 1: até a presente data de registro, os dados de renda mais atualizado são do Censo de 2010, visto que o IBGE ainda não divulgou tal atualização para o censo 2022. No mais, os dados de tamanho de população de cada bairro, seguem os dados já disponibilizadas no censo de 2022. 
 
Nota 2: Pode ocorrer que o total da linha não corresponda exatamente ao somatório das células individuais devido ao arredondamento computacional. No entanto, essas diferenças são compensadas em outras linhas, sem perda da representatividade da amostra. É normal que algumas células apresentem mais entrevistas do que o registrado, pois arredondamos números para refletir a realidade da pesquisa. Por exemplo, se a distribuição resultar em 1,5 entrevistas, arredondamos para 2 entrevistas, pois não é possível realizar uma fração de entrevista. Logo, o somatório pode apresentar uma soma superior ao registrado. 
 
Nota 3: É importante destacar que o registro é exclusivamente para fins de divulgação, o que significa que uma pesquisa pode ser realizada antes ou depois da data de registro. Este requisito está claramente estabelecido no Artigo 10 da resolução. Art. 10. Na divulgação dos resultados de pesquisas, ATUAIS OU NÃO, serão obrigatoriamente informados: I - o período de realização da coleta de dados; II - a margem de erro; III - o nível de confiança; IV - o número de entrevistas; V - o nome da entidade ou da empresa que a realizou e, se for o caso, de quem a contratou; VI - o número de registro da pesquisa. 
 
Nota 4: Ao registrar uma pesquisa, é comum cometer erros de digitação ou outros equívocos. O TSE permite a correção ou exclusão de registros no sistema PesqEle até 5 dias após a data de registro. Quando uma modificação é realizada, o sistema gera um novo número de registro e atualiza a data para a data da modificação, conforme o artigo 8 da resolução. Em relação à exclusão, o sistema permite a remoção total do registro. Após os 5 dias, o sistema impede quaisquer modificações ou exclusões. É importante observar que é possível excluir um registro e refazê-lo com as mesmas informações do registro excluído, como questionário, nota fiscal, entre outros. Art. 8o O registro da pesquisa poderá ser alterado desde que não expirado o prazo de 5 (cinco) dias para a divulgação do seu resultado. § 1o A alteração de que trata o caput implica a atribuição de novo número de identificação à pesquisa e o reinício da contagem do prazo previsto no caput do art. 2o desta Resolução, a partir do recebimento das alterações com a indicação, pelo sistema, da nova data a partir da qual será permitida a divulgação da pesquisa. § 3o ...a pesquisa ser cancelada pela própria usuária ou pelo próprio usuário, sem prejuízo da apresentação de um novo registro. 
 
Nota 5: Pagante(S) Do Trabalho Em Branco: Quando o campo 'pagante' está em branco, isso ocorre porque o contratante é também o pagante da pesquisa. O sistema do TSE presume que qualquer pessoa com um mínimo de interesse verificará facilmente a origem dos recursos ao lado do nome do contratante, fora que a nota fiscal também está disponível para qualquer pessoa. A informação de pagante só é preenchida quando há duas partes envolvidas: um contratante e um pagante 
 ";"I) Público Pesquisado: Eleitores no estado do Goiás. 
 
II) Tipo de Amostra: A amostra é representativa do eleitorado estadual, selecionada em três estágios. No primeiro estágio, os municípios são selecionados de forma probabilística utilizando o método da probabilidade proporcional ao tamanho (PPT), com base no total do eleitorado de cada município do estado, garantindo que municípios com maior contingente eleitoral contribuam proporcionalmente com maior volume de contatos. No segundo estágio, dentro de cada município selecionado, os números de telefone são selecionados por meio de discagem aleatória (RDD ¿ Random Digit Dialing), abrangendo linhas fixas e móveis (celulares) ativas no município alvo, assegurando cobertura do universo de eleitores com acesso a telefone. No terceiro estágio, dentro de cada contato estabelecido, o entrevistado é selecionado por cotas proporcionais aos atributos de sexo, faixa etária, grau de instrução e renda, de acordo com o perfil do eleitorado em estudo. Fonte de Dados: Tribunal Superior Eleitoral (TSE, ABRIL/2026 DE 2024) e Instituto Brasileiro de Geografia e Estatística (IBGE, CENSO 2010/2022) 
 
III) Tamanho da Amostra: 1509 entrevistas. 
 
IV) Ponderação: A ponderação é realizada considerando 52.97% para o sexo feminino e 47.03% para o sexo masculino. Em relação às faixas etárias, a distribuição é a seguinte: 12.68% de 16 a 24 anos, 19.50% de 25 a 34 anos, 20.25% de 35 a 44 anos, 26.23% de 45 a 59 anos e 21.33% com 60 anos ou mais. Para o grau de instrução, são utilizadas as seguintes distribuições: 7.96% de Analfabeto/Lê e Escreve, 26.41% do Ensino Fundamental Incompleto/Completo, 46.94% do Ensino Médio Incompleto/Completo e 18.69% do Ensino Superior Incompleto/Completo. Em relação à renda, as distribuições são as seguintes: 43.1% com até 2 salários mínimos, 36.6% acima de 2 salários mínimos até 5 salários mínimos e 20.4% acima de 5 salários mínimos. Está prevista uma ponderação para correção de variáveis de sexo e faixa etária, com base nos percentuais acima apresentados, de acordo com o previsto na amostra (TSE) e a coleta realizada. Para as variáveis de escolaridade e renda domiciliar mensal, o fator de ponderação será igual a 1, conforme os resultados obtidos em campo. 
 
V) Área Física de Realização da Pesquisa: A amostra será coletada em toda a extensão geográfica do estado do Goiás.
 
VI) Intervalo de Confiança/Margem de Erro: O intervalo de confiança estimado é de 95,0% com uma margem de erro de 2.52% para mais ou para menos sobre os resultados encontrados no total da amostra. Este grau de confiança e margem de erro não devem ser considerados para resultados dentro de cada estrato, nem para os resultados gerados pelos cruzamentos de variáveis. Os percentuais que não totalizam 100% são devido a arredondamentos ou a múltiplas alternativas de resposta. O cálculo amostral é realizado pela proporção [estimador = p e (1-p) ou p e q). 
 
VII) O modelo de questionário aplicado está disponível em anexo. 
 
VIII) Na elaboração de todos os questionários emitidos pela empresa DataRD, é implementado um sistema de aleatorização para a ordem das respostas de cada uma das perguntas. Essa prática é essencial para evitar possíveis vieses que poderiam surgir caso as respostas fossem sempre apresentadas na mesma ordem. Ao aleatorizar as respostas, garantimos que todos os participantes tenham a mesma oportunidade de encontrar cada resposta em diferentes posições do questionário. Isso contribui significativamente para minimizar qualquer influência que a ordem das perguntas possa ter sobre as respostas. No contexto telefônico, a leitura das alternativas pelo entrevistador segue ordem definida por sorteio sistematizado pelo software de coleta. 
 ";"Para a realização da pesquisa utiliza-se uma equipe de entrevistadores e coordenadores de campo devidamente treinados para o trabalho pelo DataRD. As entrevistas são gravadas mediante consentimento do entrevistado, para fins de controle de qualidade. Durante a realização dos trabalhos de campo, os entrevistadores são submetidos a uma fiscalização permanente por parte dos coordenadores e são realizadas checagem de 20% da amostra para atestar a realização das entrevistas e a fidedignidade dos dados, garantindo-se dessa forma, robustez na precisão dos estimadores dos parâmetros populacionais. ";"Conforme disposto no § 7° do art. 2° da Resolução-TSE n° 23.600/2019, que a partir do dia em que a pesquisa puder ser divulgada e até o dia seguinte, o registro deverá ser complementado, sob pena de ser a pesquisa considerada não registrada, com os dados relativos à sua abrangência (incisos I, II e III)."
"28/09/2026";"05:46:54";2026;81;"Eleições Gerais 2026";"GO";"GO";"GOIÁS";"GO068172026";"2026-05-22 15:26:39";"S";"14293213000163";"NUMEN DATA PESQUISA E CONSULTORIA LTDA";"NUMEN DATA";"Governador, Senador";"2026-05-25 00:00:00";"2026-05-26 00:00:00";"2026-05-28 00:00:00";1500;"9531";"Lorena Maurícia Neris Silva";"21000,00";"Pesquisa probabilística estratificada quantitativa por amostragem. Aplicação de questionário estruturado por meio IVR, ligações telefonicas. O universo da pesquisa é o conjunto de eleitoras e eleitores com 16 anos ou mais no estado de Goiás.";"Universo: 5.126.435 eleitoras e eleitores residentes no Goiás com 16 anos de idade ou mais. Tamanho da amostra: 1100 entrevistas. Técnica de amostragem: estratificada a partir da base de dados do IBGE, estimativa populacional 2025 e TSE 2026 para o estado de Goiás. Os números relativos a sexo e faixa etária são do TSE 2026: Sexo: (Masculino 48% e Feminino: 52%). Faixa Etária: (16 a 24 anos 13%, 25 a 44 anos 41%, 45 a 59 anos 26% e 60 anos ou mais 20%). Grau de Instrução: até nível fundamental completo ou incompleto (inclui os sem escolaridade e analfabetos) =36%, nível médio (inclui incompleto)=46% e nível superior (inclui superior incompleto) = 18%. Nível Econômico, será utilizada a o CENSO 2010 e 2022, fonte IBGE, com crusamentos de dados primários da base de dados da Numen Data de pesquisas anteriores (Até 2 salários mínimos 43%, mais de 2 salários mínimos 57%).A margem de erro máxima prevista é de 3 pontos percentuais para mais ou para menos, considerando um nível de confiança de 95%.";"A verificação e conferência é realizada maneira automática pelo sistema de pesquisa com cerca de 20% dos respondentes que completaram o formulário.";"A área de abrangência da coleta é o estado de Goiás, A relação do quantitativo das localidades selecionadas para aplicação da amostra será apresentada até o 7º dia seguinte ao registro da pesquisa, conforme expresso no art. 2º, §7º da Resolução 23.600/2019 do TSE."
"28/09/2026";"05:46:54";2026;81;"Eleições Gerais 2026";"GO";"GO";"GOIÁS";"GO036392026";"2026-08-26 13:42:58";"N";"19738088000171";"PLURAL ASSESSORIA DE IMPRENSA, PESQUISA E JORNALISMO LTDA";"PLURAL ASSESSORIA DE IMPRENSA, PESQUISA E JORNALISMO";"Governador, Senador, Deputado Federal, Deputado Estadual";"2026-08-27 00:00:00";"2026-08-28 00:00:00";"2026-09-01 00:00:00";382;"6221";"Rui da Costa Abrantes";"10500,00";"Objetivo é aferir a intenção de voto dos candidatos a governador, senador, deputado federal e deputado estadual no município de Catalão (GO). A abordagem utilizada consiste na aplicação de questionário em uma amostragem representativa da população residente no município, com 16 anos ou mais de idade. A amostra é realizada de forma presencial, em entrevistas domiciliares e pontos de fluxo. A escolha dos entrevistados é aleatória, de acordo com o perfil da população em estudo.";"Tamanho do universo: 75.553 eleitores (TSE/Julho 2026). Tamanho da amostra: 382 eleitores. Nível de confiança: 95%. Margem de Erro Amostral: Máxima de 5,0 pontos percentuais para mais ou para menos nos dados da amostra global. Tipo de amostra: Autoponderada por quotas proporcionais às existentes no universo de acordo com as variáveis sexo, faixa etária, nível de instrução e renda familiar mensal. 
Ponderação quanto ao sexo: Masculino: 47,12% (180 entrevistas) e Feminino 52,87% (202). Ponderação quanto à faixa etária: 16 a 24 anos 11,78% (45), 25 a 34 anos 18,32% (70), 35 a 44 anos 20,68% (79), 45 a 59 anos 26,70% (102) e 60 anos e acima 22,51% (86). 
Ponderação quanto ao nível de instrução: Analfabeto/lê e escreve: 4,71% (18), Fundamental 25,91% (99), Médio 48,42% (185) e Superior 20,94% (80). Fonte de dados (TSE/Julho 2026). Link https://sig.tse.jus.br/ords/dwapr/r/seai/sig-eleitor-eleitorado-mensal/perfil-do-eleitorado-mensal?p0_municipio=CATAL%C3%83O&p0_uf=GO&session=104708531347618
Ponderação quanto ao nível socioeconômico: Renda: Até 01 Salário Mínimo: 9,16% (35); De 1 a 2 salários mínimos 17,01% (65); De 2 a 5 salários mínimos 41,36% (158); Acima de 5 salários mínimos 32,46% (124). Fonte de dados: Censo IBGE/2010 https://cidades.ibge.gov.br/brasil/go/catalao/pesquisa/23/22787?detalhes=true DOMICÍLIOS PARTICULARES PERMANENTES Classe de rendimento nominal mensal domiciliar
É prevista eventual ponderação para correção das variáveis gênero, faixa etária, grau de instrução e renda entre o previsto na amostra e a coleta realizada.
";"O trabalho de coleta de dados é realizado pela equipe de pesquisadores, que recebe treinamento prévio para execução, acompanhados por supervisor de campo. O supervisor tem a responsabilidade e é treinado para distribuir os entrevistadores nos diversos pontos de consulta, realizar coletas, acompanhar, orientar, corrigir ou invalidar o trabalho dos pesquisadores e conferir por si ou por entrevistador designado cerca de 10% das entrevistas. A coleta é feita em tablets e/ou dispositivos eletrônicos e a fiscalização conta com georreferenciamento dos setores pesquisados e checagem, para verificação e adequação aos parâmetros amostrais.";"A relação dos os dados relativos aos bairros abrangidos pela pesquisa ou a área em que a mesma foi realizada será apresentado até o dia seguinte à data a partir da qual a pesquisa puder ser divulgada, conforme §7º do art. 2º da Resolução-TSE nº. 23.600/2019"
"28/09/2026";"05:46:54";2026;81;"Eleições Gerais 2026";"GO";"GO";"GOIÁS";"GO071632026";"2026-08-14 22:55:19";"N";"04851508000154";"INSTITUTO GAZETA LTDA";"IGAPE- INSTITUTO GAZETA DE PEQUISAS";"Governador, Senador, Deputado Federal, Deputado Estadual";"2026-08-14 00:00:00";"2026-08-18 00:00:00";"2026-08-20 00:00:00";2200;"10394";"FILIPE MOREIRA MARTINE";"8000,00";"A metodologia utilizada é Survey quantitativo, com realização das entrevistas de maneira pessoal em domicílio, com aplicação de questionário estruturado e padronizado em plataforma digital (tablet ou computador) junto a uma amostra representativa dos eleitores da Região Imediata de Goiânia (IBGE)";"O universo da pesquisa é composto por eleitores da Região Imediata de Goiânia (IBGE), com idade a partir de 16 anos. A amostra prevista será de 2200 entrevistas. A Seleção da amostra será realizada utilizando-se quotas amostrais proporcionais, em função das seguintes variáveis. SEXO: Masculino: (46); Feminino: (54%) - IDADE: 16 a 29 anos (21%); 30 a 44 anos: (32%); 45 a 59 anos: (26%); 60 anos ou mais: (21%) - ESCOLARIDADE: Analfabeto/Lê e escreve: (5%); Fundamental completo ou incompleto: (23%); Médio completo ou incompleto: (50%); Superior completo ou incompleto: (23%); RENDA: Até 1 SM: (37%); De 1 A 2 SM: (39%); Acima de 2 SM (25%) - Área física: Municípios da Região Imediata de Goiânia (IBGE). Margem de Erro: A margem de erro máxima prevista para o total da amostra é de 2,0 pontos percentuais para mais ou para menos, considerando um nível de confiança de 95%. Fonte de Dados: TSE: Estatísticas do Eleitorado 2026 e IBGE Censo 2022.";"A coleta de dados é realizada por entrevistadores, orientados por coordenadores de campo. Todos os questionários preenchidos recebem crítica para avaliação da consistência dos dados coletados, sendo que 20% dos questionários serão submetidos à conferência através de novos contatos com os entrevistados, medida sempre adotada que visa garantir a qualidade e fidelidade dos dados coletados. Conforme §6º. do art. 2º. da Resolução-TSE nº. 23.549, o pedido de registro poderá ser complementado pela entrega destes dados ao Tribunal Eleitoral até o sétimo dia seguinte ao registro da pesquisa. Serão enviados os dados relativos aos bairros abrangidos, na ausência de delimitação dos bairros, será identificada a área em que foi realizada).";"#NULO#"
"28/09/2026";"05:46:54";2026;81;"Eleições Gerais 2026";"GO";"GO";"GOIÁS";"GO081422026";"2026-07-30 22:41:44";"N";"31884294000195";"VILANI E BARBOSA NEGOCIOS LTDA";"DATA RD";"Governador, Senador";"2026-07-31 00:00:00";"2026-08-04 00:00:00";"2026-08-05 00:00:00";1509;"10808";"JERFSON BRUNO DO NASCIMENTO HONORIO";"19700,00";"Apresentam-se os dados da pesquisa eleitoral de opinião pública a ser conduzida no estado de Goiás. Esta pesquisa quantitativa será realizada por meio de entrevistas telefônicas, utilizando questionários estruturados e padronizados, aplicados a uma amostra representativa da população alvo. A coleta de dados será conduzida por entrevistadores treinados, utilizando o sistema CATI (Computer-Assisted Telephone Interviewing), com apoio de dispositivos eletrônicos para registro das respostas.

Nota 1: Pode ocorrer que o total da linha não corresponda exatamente ao somatório das células individuais devido ao arredondamento computacional. No entanto, essas diferenças são compensadas em outras linhas, sem perda da representatividade da amostra. É normal que algumas células apresentem mais entrevistas do que o registrado, pois arredondamos números para refletir a realidade da pesquisa. Por exemplo, se a distribuição resultar em 1,5 entrevistas, arredondamos para 2 entrevistas, pois não é possível realizar uma fração de entrevista. Logo, o somatório pode apresentar uma soma superior ao registrado.

Nota 2: É importante destacar que o registro é exclusivamente para fins de divulgação, o que significa que uma pesquisa pode ser realizada antes ou depois da data de registro. Este requisito está claramente estabelecido no Artigo 10 da resolução. Art. 10. Na divulgação dos resultados de pesquisas, ATUAIS OU NÃO, serão obrigatoriamente informados: I - o período de realização da coleta de dados; II - a margem de erro; III - o nível de confiança; IV - o número de entrevistas; V - o nome da entidade ou da empresa que a realizou e, se for o caso, de quem a contratou; VI - o número de registro da pesquisa.

Nota 3: Ao registrar uma pesquisa, é comum cometer erros de digitação ou outros equívocos. O TSE permite a correção ou exclusão de registros no sistema PesqEle até 5 dias após a data de registro. Quando uma modificação é realizada, o sistema gera um novo número de registro e atualiza a data para a data da modificação, conforme o artigo 8 da resolução. Em relação à exclusão, o sistema permite a remoção total do registro. Após os 5 dias, o sistema impede quaisquer modificações ou exclusões. É importante observar que é possível excluir um registro e refazê-lo com as mesmas informações do registro excluído, como questionário, nota fiscal, entre outros. Art. 8o O registro da pesquisa poderá ser alterado desde que não expirado o prazo de 5 (cinco) dias para a divulgação do seu resultado. § 1o A alteração de que trata o caput implica a atribuição de novo número de identificação à pesquisa e o reinício da contagem do prazo previsto no caput do art. 2o desta Resolução, a partir do recebimento das alterações com a indicação, pelo sistema, da nova data a partir da qual será permitida a divulgação da pesquisa. § 3o ...a pesquisa ser cancelada pela própria usuária ou pelo próprio usuário, sem prejuízo da apresentação de um novo registro.

Nota 4: Pagante(S) Do Trabalho Em Branco: Quando o campo 'pagante' está em branco, isso ocorre porque o contratante é também o pagante da pesquisa. O sistema do TSE presume que qualquer pessoa com um mínimo de interesse verificará facilmente a origem dos recursos ao lado do nome do contratante, fora que a nota fiscal também está disponível para qualquer pessoa. A informação de pagante só é preenchida quando há duas partes envolvidas: um contratante e um pagante";"I) Público Pesquisado: Eleitores no estado de Goiás. Modalidade de aplicação: entrevistas telefônicas.

II) Tipo de Amostra: A amostra é representativa do eleitorado estadual, selecionada em três estágios. No primeiro estágio, os estados são selecionados de forma probabilística utilizando o método da probabilidade proporcional ao tamanho (PPT), com base no total do eleitorado de cada unidade federativa, garantindo que estados com maior contingente eleitoral contribuam proporcionalmente com maior volume de contatos. No segundo estágio, dentro de cada estado selecionado, os números de telefone são selecionados por meio de discagem aleatória (RDD ¿ Random Digit Dialing), abrangendo linhas fixas e móveis (celulares) ativas no estado alvo, assegurando cobertura do universo de eleitores com acesso a telefone. No terceiro estágio, dentro de cada contato estabelecido, o entrevistado é selecionado por cotas proporcionais aos atributos de sexo, faixa etária, grau de instrução e renda, de acordo com o perfil do eleitorado em estudo. Fonte de Dados: Tribunal Superior Eleitoral (TSE, July/2026) e Instituto Brasileiro de Geografia e Estatística (IBGE, CENSO 2022).

III) Tamanho da Amostra: 1509 entrevistas.

IV) Ponderação: A ponderação é realizada considerando 53% para o sexo feminino e 47% para o sexo masculino. Em relação às faixas etárias, a distribuição é a seguinte: 12.9% de 16 a 24 anos, 19.4% de 25 a 34 anos, 20.1% de 35 a 44 anos, 26.2% de 45 a 59 anos e 21.3% com 60 anos ou mais. Para o grau de instrução, são utilizadas as seguintes categorias: 7.9% de Analfabeto/Lê e Escreve, 26.3% até o ensino fundamental, 47.2% até o ensino médio e 18.6% até a faculdade ou mais. Em relação à renda, são utilizadas as seguintes categorias: 56.3% até 1 salário mínimo, 26.8% de 1 a 2 salários mínimos e 16.8% acima de 2 salários mínimos. Está prevista uma ponderação para correção de variáveis de sexo e faixa etária, com base nos percentuais acima apresentados, de acordo com o previsto na amostra (TSE) e a coleta realizada. Para as variáveis de escolaridade e renda domiciliar mensal, o fator de ponderação será igual a 1, conforme os resultados obtidos em campo.

V) Área Física de Realização da Pesquisa: A amostra será coletada em toda a extensão geográfica do estado de Goiás.

VI) Intervalo de Confiança/Margem de Erro: O intervalo de confiança estimado é de 95% com uma margem de erro de 2.52% para mais ou para menos sobre os resultados encontrados no total da amostra. Este grau de confiança e margem de erro não devem ser considerados para resultados dentro de cada estrato, nem para os resultados gerados pelos cruzamentos de variáveis. Os percentuais que não totalizam 100% são devido a arredondamentos ou a múltiplas alternativas de resposta. O cálculo amostral é realizado pela proporção [estimador = p e (1-p) ou p e q).

VII) O modelo de questionário aplicado está disponível em anexo.

VIII) Na elaboração de todos os questionários emitidos pela empresa Conecta, é implementado um sistema de aleatorização para a ordem das respostas de cada uma das perguntas. Essa prática é essencial para evitar possíveis vieses que poderiam surgir caso as respostas fossem sempre apresentadas na mesma ordem. Ao aleatorizar as respostas, garantimos que todos os participantes tenham a mesma oportunidade de encontrar cada resposta em diferentes posições do questionário. Isso contribui significativamente para minimizar qualquer influência que a ordem das perguntas possa ter sobre as respostas. No contexto telefônico, a leitura das alternativas pelo entrevistador segue ordem definida por sorteio sistematizado pelo software de coleta.";"Para a realização da pesquisa utiliza-se uma equipe de entrevistadores e coordenadores de campo devidamente treinados para o trabalho pela empresa Conecta. As entrevistas são gravadas mediante consentimento do entrevistado, para fins de controle de qualidade. Durante a realização dos trabalhos de campo, os entrevistadores são submetidos a uma fiscalização permanente por parte dos coordenadores e são realizadas checagem de 20% da amostra para atestar a realização das entrevistas e a fidedignidade dos dados, garantindo-se dessa forma, robustez na precisão dos estimadores dos parâmetros populacionais.";"#NULO#"
"28/09/2026";"05:46:54";2026;81;"Eleições Gerais 2026";"GO";"GO";"GOIÁS";"GO010582026";"2026-09-01 20:00:10";"N";"44826961000125";"SMS - DIRECT PESQUISAS E MARKETING LTDA";"DIRECT PESQUISAS";"Governador, Senador, Deputado Federal, Deputado Estadual";"2026-08-31 00:00:00";"2026-09-01 00:00:00";"2026-09-07 00:00:00";450;"10526";"Jose Dos Reis Cunha Filho";"5000,00";"Pesquisa quantitativa com abordagem porta a porta, com eleitores que votam e/ou residem no município de Formosa no estado de Goiás, consistindo na realização de entrevistas pessoais e individuais, com a aplicação de questionário estruturado junto a uma amostra representativa do eleitorado em estudo. Devido a ordem probabilística da amostra, nesta pesquisa será considerada apenas os eleitores residentes dentro do município ou que no dia da entrevista estejam nele. Todas as entrevistas são espontâneas e os dados são sigilosos, guardados no banco de dados do instituto para tabulação e apresentação gráfica e analítica.";"Trata-se de uma amostra probabilística estratificada, com abordagem aleatória simples através de cotas de sexo, idade e escolaridade, ponderadas de acordo com a estatística do Eleitorado do TSE, 2026 (https://sig.tse.jus.br) e renda ponderada de acordo com registro do último senso estratificado do IBGE (https://cidades.ibge.gov.br) de acordo com a Resolução do TSE 23.600/2019, complementada pela Resolução 23.676/2021, com entrevistas domiciliares aos eleitores de 16 anos ou mais que exerça seu voto no município de Formosa. Totalizando uma população eleitoral de 77.904 e amostra de 450, a um nível de confiança = 95%; Nível de significância = 5%; Margem de erro = 4,61%, com P = 0,5.
SEXO: Masculino (46,41%), Feminino (53,59%); FAIXA ETÁRIA: até 24 anos (13,70%), de 25 a 34 anos (20,22%), de 35 a 44 anos (20,86%), de 45 a 59 anos (26,09%), 60 anos ou mais (19,13%); ESCOLARIDADE: Analfabeto (3,74%), Lê e escreve (4,66%), 1º Grau inc/comp (22,20%), 2º Grau inc/comp (46,49%), 3º Grau inc/comp (22,91%); RENDA: Até 1 salário (18,55%), entre 1 e 2 salários (23,89%), entre 2 e 5 salários (33,41%), entre 5 e 10 salários (14,53%), Mais de 10 salários (9,62%).";"Os questionários são aplicados com uso de equipamentos eletrônicos, supervisão in loco e via GPS, passarão por conferência através de novo contato até 20% dos entrevistados, todas as regiões pesquisadas foram selecionadas proporcionalmente.";"Os bairros serão anexados de acordo com a resolução."
"28/09/2026";"05:46:54";2026;81;"Eleições Gerais 2026";"GO";"GO";"GOIÁS";"GO031452026";"2026-05-12 18:52:04";"N";"44826961000125";"SMS - DIRECT PESQUISAS E MARKETING LTDA";"DIRECT PESQUISAS";"Governador, Senador, Deputado Federal, Deputado Estadual";"2026-05-12 00:00:00";"2026-05-16 00:00:00";"2026-05-18 00:00:00";1200;"10526";"José Dos Reis Cunha Filho";"25000,00";"Pesquisa quantitativa com abordagem porta a porta, com eleitores que votam e/ou residem no estado de Goiás, consistindo na realização de entrevistas pessoais e individuais, com a aplicação de questionário estruturado junto a uma amostra representativa do eleitorado em estudo. Devido a ordem probabilística da amostra, nesta pesquisa será considerada apenas os eleitores residentes dentro do município ou que no dia da entrevista estejam nele. Todas as entrevistas são espontâneas e os dados são sigilosos, guardados no banco de dados do instituto para tabulação e apresentação gráfica e analítica.";"Trata-se de uma amostra probabilística estratificada, com abordagem aleatória simples através de cotas de sexo, idade e escolaridade, ponderadas de acordo com a estatística do Eleitorado do TSE, 2026 (https://sig.tse.jus.br) e renda ponderada de acordo com registro do último senso estratificado do IBGE (https://cidades.ibge.gov.br) e em conformidade com a Resolução do TSE 23.600/2019, complementada pela Resolução 23.676/2021, com entrevistas domiciliares aos eleitores de 16 anos ou mais que exerça seu voto no estado de Goiás. Totalizando uma população eleitoral de 5.037.772 e amostra de 1.200, a um nível de confiança = 95%; Nível de significância = 5%; Margem de erro = 2,83%, com P = 0,5.
SEXO: Masculino (47,03%), Feminino (52,97%); FAIXA ETÁRIA: até 24 anos (12,68%), de 25 a 34 anos (19,50%), de 35 a 44 anos (20,25%), de 45 a 59 anos (26,23%), 60 anos ou mais (21,33%); ESCOLARIDADE: Analfabeto (2,43%), Lê e escreve (5,53%), 1º Grau inc/comp (26,40%), 2º Grau inc/comp (46,96%), 3º Grau inc/comp (18,68%); RENDA: Até 1 salário (15,67%), entre 1 e 2 salários (21,92%), entre 2 e 5 salários (38,15%), entre 5 e 10 salários (15,58%), Mais de 10 salários (8,68%).
Sistema interno de controle e verificação, conferência e fiscalização da coleta de dados e do trabalho de campo*: 
";"Os questionários são aplicados com uso de equipamentos eletrônicos, supervisão in loco e via GPS, passarão por conferência através de novo contato até 20% dos entrevistados, todas as regiões pesquisadas foram selecionadas proporcionalmente.";"Os municípios serão anexados de acordo com a resolução."
"28/09/2026";"05:46:54";2026;81;"Eleições Gerais 2026";"GO";"GO";"GOIÁS";"GO038442026";"2026-08-13 21:58:21";"N";"56824073000152";"EXATA.GO PESQUISA LTDA";"EXATA.GO";"Governador, Senador";"2026-08-10 00:00:00";"2026-08-15 00:00:00";"2026-08-19 00:00:00";3200;"7655";"AUGUSTO DA SILVA ROCHA";"20000,00";"A pesquisa será do tipo quantitativo, por amostragem aleatória, com aplicação de questionário estruturado e abordagem de moradores eleitores nos municípios do estado de Goias, divididos nas regiões dentro do estado, em pontos estratégicos de fluxo de pessoal dos municípios e por visitas às residências dos municípios. O conjunto da população do Estado de Goias com 16 anos ou mais e que são votantes no referido estado foi tomado como universo da pesquisa.";"A amostra será representativa do eleitorado da área pesquisada e será selecionada em três etapas. Na primeira etapa realiza-se um sorteio probabilístico dos municípios onde as entrevistas serão realizadas através do método PPT (Probabilidade Proporcional ao Tamanho), considerando a população eleitora com 16 anos ou mais residente nos municípios como base para essa seleção. Na segunda etapa, faz-se um sorteio probabilístico das localidades, onde as entrevistas serão realizadas, através do método PPT (Probabilidade Proporcional ao Tamanho), tomando a população eleitora de 16 anos ou mais residente nas localidades como base para essa seleção. Na terceira etapa, a seleção do entrevistado dentro da localidade, será feita utilizando-se quotas amostrais proporcionais, em função das variáveis sexo, faixa etária, grau de instrução e Nível socioeconômico (renda mensal familiar). Por fim, os entrevistados são selecionados aleatoriamente para responder ao questionário, de acordo com cotas: 
SEXO:   FEMININO	53,0%	;
MASCULINO	47,0%	;

Faixa Etária:    16 a 24 anos	12,51%	;
  25 a 34 anos	19,37%	;
  35 a 44 anos	20,04%	;
  45 a 59 anos	26,35%	;
60 anos ou mais	21,73%	;

Grau de instrução: ANALFABETO	2,41%	;
ENSINO FUNDAMENTAL COMPLETO	5,61%	;
ENSINO FUNDAMENTAL INCOMPLETO	20,65%	;
ENSINO MÉDIO COMPLETO	29,41%	;
ENSINO MÉDIO INCOMPLETO	17,82%	;
LÊ E ESCREVE	5,48%	;
SUPERIOR COMPLETO	11,72%	
SUPERIOR INCOMPLETO	6,90%	;
 Nível econômico (renda mensal familiar): Até 1/2 salário mínimo 1,5% ; Mais de 1/2 a 1 salário mínimo 13,6% ; Mais de 1 a 2 salários mínimos 24,4% ; Mais de 2 a 5 salários mínimos 36,6% ; Mais de 5 a 10 salários mínimos 13,6% ; Mais de 10 a 20 salários mínimos 4,8% ; Mais de 20 salários mínimos 2,0% ; Sem rendimento 3,5% ; Fonte pública dos dados IBGE IBGE | Cidades@ | Goiás | Pesquisa | Censo 2010 | Universo - Características da população e dos domicílios; https://cidades.ibge.gov.br/brasil/go/pesquisa/23/24304?detalhes=true; (TSE/JULHO2026): https://sig.tse.jus.br/ords/dwapr/r/seai/sig-eleitor-eleitorado-mensal/cruzamento-eleitorado-mensal?p24_metricas=E&p24_back=22&p24_cruzamento_1=ds_sexo&clear=24&session=302250298393783
;  https://sig.tse.jus.br/ords/dwapr/r/seai/sig-eleitor-eleitorado-mensal/cruzamento-eleitorado-mensal?p24_cruzamento_1=ds_faixa_etaria&p24_metricas=E&p24_back=22&clear=24&session=302250298393783
; https://sig.tse.jus.br/ords/dwapr/r/seai/sig-eleitor-eleitorado-mensal/cruzamento-eleitorado-mensal?p24_cruzamento_1=ds_grau_instrucao&p24_metricas=E&p24_back=22&clear=24&session=302250298393783; Ano=2026; Mês = JULHO; UF= GO; Observação: Conforme informações disponibilizadas pelo Instituto Brasileiro de Geografia e Estatística (IBGE), não houve nem há previsão de divulgação do perfil econômico (nível econômico) da população brasileira no âmbito do Censo Demográfico de 2022 (https://censo2022.ibge.gov.br/panorama/), para essa variável será adotado o fator de ponderação igual a 1, correspondente aos resultados obtidos em campo, caso seja verificada diferença superior à margem de erro prevista no estudo entre a projeção da amostra baseada nos dados do IBGE 2010 e os dados efetivamente coletados. Para as variáveis de sexo, idade e grau de instrução, está previsto uma eventual ponderação, nos limites da margem de erro, para correção nos tamanhos das variáveis, caso ocorra uma diferença entre a previsão da amostra e a coleta dos dados realizados sobre a faixa de eleitores acima de 16 anos. Margem de Erro: A margem de erro máxima prevista é de 1,7 pontos percentuais para mais ou para menos, considerando um nível de confiança de 95%.";"Os entrevistadores envolvidos na realização desta pesquisa são treinados pelo Instituto e recebem instruções específicas para cada projeto realizado. A coleta será feita com a utilização de questionário impresso, que serão computados posteriormente à pesquisa de campo. Os pesquisadores são supervisionados por um coordenador que estará em campo juntamente com a equipe garantindo a lisura da pesquisa. Internamente, todo o material é verificado e codificado. Antes do processamento final e emissão dos resultados, realiza-se processo de consistência dos dados. Os dados coletados e tratados nesta pesquisa atendem às exigências da LGPD, Lei Geral de Proteção de Dados, garantindo ao respondente o sigilo de sua identidade e o correto tratamento de suas respostas.";"#NULO#"
"28/09/2026";"05:46:54";2026;81;"Eleições Gerais 2026";"GO";"GO";"GOIÁS";"GO058362026";"2026-08-07 21:07:26";"N";"44826961000125";"SMS - DIRECT PESQUISAS E MARKETING LTDA";"DIRECT PESQUISAS";"Governador, Senador, Deputado Federal, Deputado Estadual";"2026-08-08 00:00:00";"2026-08-09 00:00:00";"2026-08-13 00:00:00";500;"10526";"Jose Dos Reis Cunha Filho";"6000,00";"Pesquisa quantitativa com abordagem porta a porta, com eleitores que votam e/ou residem no município de Goianésia no estado de Goiás, consistindo na realização de entrevistas pessoais e individuais, com a aplicação de questionário estruturado junto a uma amostra representativa do eleitorado em estudo. Devido a ordem probabilística da amostra, nesta pesquisa será considerada apenas os eleitores residentes dentro do município ou que no dia da entrevista estejam nele. Todas as entrevistas são espontâneas e os dados são sigilosos, guardados no banco de dados do instituto para tabulação e apresentação gráfica e analítica.";"Trata-se de uma amostra probabilística estratificada, com abordagem aleatória simples através de cotas de sexo, idade e escolaridade, ponderadas de acordo com a estatística do Eleitorado do TSE, 2026 (https://sig.tse.jus.br) e renda ponderada de acordo com registro do último senso estratificado do IBGE (https://cidades.ibge.gov.br) e em conformidade com a Resolução do TSE 23.600/2019, complementada pela Resolução 23.676/2021, com entrevistas domiciliares aos eleitores de 16 anos ou mais que exerça seu voto no município de Goianésia. Totalizando uma população eleitoral de 59.506 e amostra de 500, a um nível de confiança = 95%; Nível de significância = 5%; Margem de erro = 4,36%, com P = 0,5.
SEXO: Masculino (46,93%), Feminino (53,07%); FAIXA ETÁRIA: até 24 anos (13,34%), de 25 a 34 anos (20,44%), de 35 a 44 anos (19,74%), de 45 a 59 anos (25,70%), 60 anos ou mais (20,77%); ESCOLARIDADE: Analfabeto (3,59%), Lê e escreve (7,28%), 1º Grau inc/comp (27,21%), 2º Grau inc/comp (45,47%), 3º Grau inc/comp (16,45%); RENDA: Até 1 salário (12,82%), entre 1 e 2 salários (19,72%), entre 2 e 5 salários (42,99%), entre 5 e 10 salários (17,23%), Mais de 10 salários (7,25%).
";"Os questionários são aplicados com uso de equipamentos eletrônicos, supervisão in loco e via GPS, passarão por conferência através de novo contato até 20% dos entrevistados, todas as regiões pesquisadas foram selecionadas proporcionalmente.";"Os bairros serão anexados de acordo com a resolução."
"28/09/2026";"05:46:54";2026;81;"Eleições Gerais 2026";"GO";"GO";"GOIÁS";"GO077582026";"2026-05-23 18:38:20";"S";"44826961000125";"SMS - DIRECT PESQUISAS E MARKETING LTDA";"DIRECT PESQUISAS";"Governador, Senador, Deputado Federal, Deputado Estadual";"2026-05-24 00:00:00";"2026-05-26 00:00:00";"2026-05-29 00:00:00";1500;"10526";"José Dos Reis Cunha Filho";"12000,00";"Pesquisa quantitativa com abordagem porta a porta, com eleitores que votam e/ou residem no município de Goiânia no estado de Goiás, consistindo na realização de entrevistas pessoais e individuais, com a aplicação de questionário estruturado junto a uma amostra representativa do eleitorado em estudo. Devido a ordem probabilística da amostra, nesta pesquisa será considerada apenas os eleitores residentes dentro do município ou que no dia da entrevista estejam nele. Todas as entrevistas são espontâneas e os dados são sigilosos, guardados no banco de dados do instituto para tabulação e apresentação gráfica e analítica.";"Trata-se de uma amostra probabilística estratificada, com abordagem aleatória simples através de cotas de sexo, idade e escolaridade, ponderadas de acordo com a estatística do Eleitorado do TSE, 2026 (https://sig.tse.jus.br) e renda ponderada de acordo com registro do último senso estratificado do IBGE (https://cidades.ibge.gov.br) de acordo com a Resolução do TSE 23.600/2019, complementada pela Resolução 23.676/2021, com entrevistas domiciliares aos eleitores de 16 anos ou mais que exerça seu voto no município de Goiânia. Totalizando uma população eleitoral de 1.008.569 e amostra de 1.500, a um nível de confiança = 95%; Nível de significância = 5%; Margem de erro = 2,53%, com P = 0,5.
SEXO: Masculino (44,94%), Feminino (55,06%); FAIXA ETÁRIA: até 24 anos (10,81%), de 25 a 34 anos (18,95%), de 35 a 44 anos (20,90%), de 45 a 59 anos (26,48%), 60 anos ou mais (22,86%); ESCOLARIDADE: Analfabeto (0,68%), Lê e escreve (2,39%), 1º Grau inc/comp (18,39%), 2º Grau inc/comp (48,47%), 3º Grau inc/comp (30,08%); RENDA: Até 1 salário (10,10%), entre 1 e 2 salários (14,30%), entre 2 e 5 salários (35,45%), entre 5 e 10 salários (21,87%), Mais de 10 salários (18,28%).
";"Os questionários são aplicados com uso de equipamentos eletrônicos, supervisão in loco e via GPS, passarão por conferência através de novo contato até 20% dos entrevistados, todas as regiões pesquisadas foram selecionadas proporcionalmente.";"Os bairros serão anexados de acordo com a resolução."
"28/09/2026";"05:46:54";2026;81;"Eleições Gerais 2026";"GO";"GO";"GOIÁS";"GO088332026";"2026-07-18 11:24:28";"N";"44826961000125";"SMS - DIRECT PESQUISAS E MARKETING LTDA";"DIRECT PESQUISAS";"Governador, Senador, Deputado Federal, Deputado Estadual";"2026-07-17 00:00:00";"2026-07-21 00:00:00";"2026-07-24 00:00:00";1500;"10526";"Jose Dos Reis Cunha Filho";"12000,00";"Pesquisa quantitativa com abordagem porta a porta, com eleitores que votam e/ou residem nos municípios selecionados na região nordeste do estado de Goiás, totalizando 08 cidades, consistindo na realização de entrevistas pessoais e individuais, com a aplicação de questionário estruturado junto a uma amostra representativa do eleitorado em estudo. Devido a ordem probabilística da amostra, nesta pesquisa será considerada apenas os eleitores residentes dentro do município ou que no dia da entrevista estejam nele. Todas as entrevistas são espontâneas e os dados são sigilosos, guardados no banco de dados do instituto para tabulação e apresentação gráfica e analítica.";"Trata-se de uma amostra probabilística estratificada, com abordagem aleatória simples através de cotas de sexo, idade e escolaridade, ponderadas de acordo com a estatística do Eleitorado do TSE, 2026 (https://sig.tse.jus.br) e renda ponderada de acordo com registro do último senso estratificado do IBGE (https://cidades.ibge.gov.br) e em conformidade com a Resolução do TSE 23.600/2019, complementada pela Resolução 23.676/2021, com entrevistas domiciliares aos eleitores de 16 anos ou mais que exerça seu voto nos municípios de Campos Belos, Cavalcante, São João da Aliança, Alto Paraiso, São Domingos, Monte Alegre, Agua Fria de Goiás, Divinopolis de Goiás e Teresina de Goiás. Totalizando uma população eleitoral de 64.945 e amostra de 1.500, a um nível de confiança = 95%; Nível de significância = 5%; Margem de erro = 2,501%, com P = 0,5.
SEXO: Masculino (49,54%), Feminino (50,46%); FAIXA ETÁRIA: até 24 anos (14,74%), de 25 a 34 anos (19,22%), de 35 a 44 anos (20,76%), de 45 a 59 anos (24,61%), 60 anos ou mais (20,67%); ESCOLARIDADE: Analfabeto (6,22%), Lê e escreve (10,68%), 1º Grau inc/comp (24,87%), 2º Grau inc/comp (44,10%), 3º Grau inc/comp (14,13%); RENDA: Até 1 salário (34,29%), entre 1 e 2 salários (27,33%), entre 2 e 5 salários (27,23%), entre 5 e 10 salários (7,50%), Mais de 10 salários (3,65%).
";"Os questionários são aplicados com uso de equipamentos eletrônicos, supervisão in loco e via GPS, passarão por conferência através de novo contato até 20% dos entrevistados, todas as regiões pesquisadas foram selecionadas proporcionalmente.";"Os municípios serão anexados de acordo com a resolução."
"28/09/2026";"05:46:54";2026;81;"Eleições Gerais 2026";"GO";"GO";"GOIÁS";"GO052072026";"2026-09-01 21:05:09";"S";"44826961000125";"SMS - DIRECT PESQUISAS E MARKETING LTDA";"DIRECT PESQUISAS";"Governador, Senador, Deputado Federal, Deputado Estadual";"2026-09-01 00:00:00";"2026-09-04 00:00:00";"2026-09-07 00:00:00";1000;"10526";"Jose Dos Reis Cunha Filho";"6000,00";"Pesquisa quantitativa com abordagem porta a porta, com eleitores que votam e/ou residem nos municípios que compõe a região da estrada de ferro, totalizando 11 cidades, no estado de Goiás, consistindo na realização de entrevistas pessoais e individuais, com a aplicação de questionário estruturado junto a uma amostra representativa do eleitorado em estudo. Devido a ordem probabilística da amostra, nesta pesquisa será considerada apenas os eleitores residentes dentro do município ou que no dia da entrevista estejam nele. Todas as entrevistas são espontâneas e os dados são sigilosos, guardados no banco de dados do instituto para tabulação e apresentação gráfica e analítica.";"Trata-se de uma amostra probabilística estratificada, com abordagem aleatória simples através de cotas de sexo, idade e escolaridade, ponderadas de acordo com a estatística do Eleitorado do TSE, 2026 (https://sig.tse.jus.br) e renda ponderada de acordo com registro do último senso estratificado do IBGE (https://cidades.ibge.gov.br) e em conformidade com a Resolução do TSE 23.600/2019, complementada pela Resolução 23.676/2021, com entrevistas domiciliares aos eleitores de 16 anos ou mais que exerça seu voto nos municípios de Bonifinopolis, Leopoldo de Bulhoes, Silvânia, Gameleira de Goiás, Vianópolis, Orizona, Pires do Rio, Urutaí, Santa Cruz de Goiás, Cristianopolis e São Miguel do Passa Quatro. Totalizando uma população eleitoral de 96.532 e amostra de 1.000, a um nível de confiança = 95%; Nível de significância = 5%; Margem de erro = 3,08%, com P = 0,5.
SEXO: Masculino (46,20%), Feminino (53,80%); FAIXA ETÁRIA: até 24 anos (11,38%), de 25 a 34 anos (17,76%), de 35 a 44 anos (18,21%), de 45 a 59 anos (27,22%), 60 anos ou mais (25,44%); ESCOLARIDADE: Analfabeto (2,80%), Lê e escreve (7,50%), 1º Grau inc/comp (31,48%), 2º Grau inc/comp (40,62%), 3º Grau inc/comp (17,60%); RENDA: Até 1 salário (15,67%), entre 1 e 2 salários (21,92%), entre 2 e 5 salários (38,15%), entre 5 e 10 salários (15,58%), Mais de 10 salários (8,68%).";"Os questionários são aplicados com uso de equipamentos eletrônicos, supervisão in loco e via GPS, passarão por conferência através de novo contato até 20% dos entrevistados, todas as regiões pesquisadas foram selecionadas proporcionalmente.";"Os municípios serão anexados de acordo com a resolução."
"28/09/2026";"05:46:54";2026;81;"Eleições Gerais 2026";"GO";"GO";"GOIÁS";"GO082242026";"2026-09-01 20:22:14";"N";"44826961000125";"SMS - DIRECT PESQUISAS E MARKETING LTDA";"DIRECT PESQUISAS";"Governador, Senador, Deputado Federal, Deputado Estadual";"2026-09-02 00:00:00";"2026-09-04 00:00:00";"2026-09-07 00:00:00";600;"10526";"Jose Dos Reis Cunha Filho";"6000,00";"Pesquisa quantitativa com abordagem porta a porta, com eleitores que votam e/ou residem no município de Rio Verde no estado de Goiás, consistindo na realização de entrevistas pessoais e individuais, com a aplicação de questionário estruturado junto a uma amostra representativa do eleitorado em estudo. Devido a ordem probabilística da amostra, nesta pesquisa será considerada apenas os eleitores residentes dentro do município ou que no dia da entrevista estejam nele. Todas as entrevistas são espontâneas e os dados são sigilosos, guardados no banco de dados do instituto para tabulação e apresentação gráfica e analítica.";"Trata-se de uma amostra probabilística estratificada, com abordagem aleatória simples através de cotas de sexo, idade e escolaridade, ponderadas de acordo com a estatística do Eleitorado do TSE, 2025 (https://sig.tse.jus.br) e renda ponderada de acordo com registro do último senso do IBGE 2010 (https://cidades.ibge.gov.br) de acordo com a Resolução do TSE 23.600/2019, complementada pela Resolução 23.676/2021, com entrevistas domiciliares aos eleitores de 16 anos ou mais que exerça seu voto no município de Rio Verde. Totalizando uma população eleitoral de 152.767 e amostra de 600, a um nível de confiança = 95%; Nível de significância = 5%; Margem de erro = 3,99%, com P = 0,5.
SEXO: Masculino (47,18%), Feminino (52,82%); FAIXA ETÁRIA: até 24 anos (12,63%), de 25 a 34 anos (20,89%), de 35 a 44 anos (23,51%), de 45 a 59 anos (25,08%), 60 anos ou mais (17,90%); ESCOLARIDADE: Analfabeto (2,06%), Lê e escreve (6,16%), 1º Grau inc/comp (23,38%), 2º Grau inc/comp (47,46%), 3º Grau inc/comp (20,94%); RENDA: Até 1 salário (13,70%), entre 1 e 2 salários (18,42%), entre 2 e 5 salários (39,64%), entre 5 e 10 salários (18,82%), Mais de 10 salários (9,42%).";"Os questionários são aplicados com uso de equipamentos eletrônicos, supervisão in loco e via GPS, passarão por conferência através de novo contato até 20% dos entrevistados, todas as regiões pesquisadas foram selecionadas proporcionalmente.";"Os bairros serão anexados de acordo com a resolução."
"28/09/2026";"05:46:54";2026;81;"Eleições Gerais 2026";"GO";"GO";"GOIÁS";"GO013662026";"2026-06-30 18:59:18";"N";"81908345000140";"INSTITUTO PARANA DE PESQUISAS E ANALISE DE CONSUMIDOR LTDA";"#NULO#";"Governador, Senador";"2026-07-03 00:00:00";"2026-07-05 00:00:00";"2026-07-06 00:00:00";1300;"10245 - 4ª";"Tatiani Cristina Ara";"45000,00";"Pesquisa com metodologia quantitativa, com a realização de entrevistas pessoais, domiciliares e presenciais, utilizando questionário estruturado junto a uma amostra representativa do eleitorado do Estado de Goiás.


";"""A amostra será representativa do eleitorado da área pesquisada e será selecionada em três etapas. Na primeira etapa realiza-se um sorteio probabilístico dos municípios onde as entrevistas serão realizadas através do método PPT (Probabilidade Proporcional ao Tamanho), considerando a população eleitora com 16 anos ou mais residente nos municípios como base para essa seleção. Na segunda etapa, faz-se um sorteio probabilístico das localidades, onde as entrevistas serão realizadas, através do método PPT (Probabilidade Proporcional ao Tamanho), tomando a população eleitora de 16 anos ou mais residente nas localidades como base para essa seleção. Na terceira etapa, a seleção do entrevistado dentro da localidade, será feita utilizando-se quotas amostrais proporcionais, em função das seguintes variáveis:
GÊNERO: TSE Maio 2026 (https://sig.tse.jus.br/ords/dwapr/r/seai/sig-eleitor-eleitorado-mensal/cruzamento-eleitorado-mensal?p24_metricas=E&p24_back=22&p24_cruzamento_1=ds_sexo&clear=24&p0_uf=GO&p0_mes=5&debug=LEVEL5&session=312990078978641)
Masculino - 47%; |
Feminino - 53%; |
FAIXA ETÁRIA: TSE Maio 2026 (https://sig.tse.jus.br/ords/dwapr/r/seai/sig-eleitor-eleitorado-mensal/cruzamento-eleitorado-mensal?p24_cruzamento_1=ds_faixa_etaria&p24_metricas=E&p24_back=22&clear=24&p0_uf=GO&p0_mes=5&debug=LEVEL5&session=8904950028837)
Entre 16 e 24 anos: 13%; |
Entre 25 e 34 anos: 20%; |
Entre 35 e 44 anos: 20%; |
Entre 45 e 59 anos: 26%; |
Com 60 anos ou mais: 21%; |
ESCOLARIDADE: TSE Maio 2026 (https://sig.tse.jus.br/ords/dwapr/r/seai/sig-eleitor-eleitorado-mensal/cruzamento-eleitorado-mensal?p24_cruzamento_1=ds_grau_instrucao&p24_metricas=E&p24_back=22&clear=24&p0_uf=GO&p0_mes=5&debug=LEVEL5&session=309383598034615)
De analfabeto até ensino fundamental completo: 34%; |
Ensino médio incompleto ou completo: 47% |
Ensino superior incompleto ou completo: 19% |
RENDA DOMICILIAR MENSAL:  (https://cidades.ibge.gov.br/brasil/go/pesquisa/23/24304) IBGE - Censo 2010. Observação: Conforme informações obtidas do Instituto Brasileiro de Geografia e Estatística, o IBGE, não divulgou - e não tem previsão - de data para divulgação do perfil econômico (nível econômico) da população brasileira; portanto, os dados quanto ao nível econômico obtidos no Censo 2022, não podem ser utilizados, pois não foram publicados. (https://censo2022.ibge.gov.br/panorama/)
Sem rendimentos até 2 salários mínimos: 43% |
Mais de 2 a 5 salários mínimos: 37% |
Mais de 5 salários mínimos: 20% |
Está prevista eventual ponderação para correção das variáveis gênero e faixa etária, com base nos percentuais acima apresentados, caso ocorram diferenças superiores a 3,0 (três) pontos percentuais entre o previsto na amostra e a coleta realizada; para as variáveis escolaridade e renda domiciliar mensal, o fator de ponderação é igual a 1 (resultados obtidos no campo). O nível de confiança estimado é de 95% (noventa e cinco por cento) para uma margem de erro estimada, considerando uma técnica de amostragem aleatória simples, de aproximadamente 2,8 (dois vírgula oito) pontos percentuais para mais ou para menos sobre os resultados obtidos.""









";"""As entrevistas serão conduzidas por uma equipe de entrevistadores e supervisores devidamente qualificados pelo Instituto Paraná Pesquisas, todos com experiência e treinamento específico em pesquisas de opinião pública. 
Controle: O controle do processo será realizado por meio de um software de coleta de dados, o qual permitirá o monitoramento garantindo o cumprimento das cotas amostrais.
Conferência e Fiscalização: Durante a coleta de dados os questionários aplicados são fiscalizados e conferidos através de um supervisor.   
Adicionalmente, pelo menos 30% dos questionários passarão por uma verificação posterior, que avaliará a precisão na aplicação e a adequação dos entrevistados às variáveis das quotas amostrais. Ou seja, no mínimo 390 entrevistas desta pesquisa serão auditadas pela equipe de qualidade do Instituto Paraná Pesquisas, podendo essa auditoria ser solicitada ao Instituto a qualquer momento.
Verificação: Após a coleta, os questionários passam por uma etapa de verificação e validação dos dados, para garantir a integridade e precisão dos dados coletados.""











";" ""A pesquisa será realizada no Estado de Goiás, a relação dos dados relativos aos municípios e às localidades será apresentado até o dia seguinte à data a partir da qual a pesquisa puder ser divulgada, conforme §7º do art. 2º da Resolução-TSE nº. 23.600/2019""





"
"28/09/2026";"05:46:54";2026;81;"Eleições Gerais 2026";"GO";"GO";"GOIÁS";"GO050742026";"2026-06-23 17:40:59";"S";"38396085000141";"DANGER COMUNICACAO E MARKETING LTDA";"MEDEIROS COMUNICACAO E ASSESSORIA";"Deputado Estadual";"2026-06-13 00:00:00";"2026-06-22 00:00:00";"2026-06-29 00:00:00";2195;"00000";"LUCAS MEDEIROS DE PAIVA";"50,00";"ENQUETE EM REDES SOCIAIS. ";"CONFIANÇA 100%, SÃO PESSOAS REAIS. 

MARGEM DE ERRO 0,5 PARA MAIS OU MENOS. ";"O PRÓPRIO INSTAGRAM: https://www.instagram.com/p/DZhrYHnxay6/?igsh=MThsN3pzb2diNzJsZw== ";"SUDOESTE GOIANO "
"28/09/2026";"05:46:54";2026;81;"Eleições Gerais 2026";"GO";"GO";"GOIÁS";"GO055292026";"2026-09-25 16:38:21";"N";"04851508000154";"INSTITUTO GAZETA LTDA";"IGAPE- INSTITUTO GAZETA DE PEQUISAS";"Governador, Senador, Deputado Federal, Deputado Estadual";"2026-09-25 00:00:00";"2026-09-27 00:00:00";"2026-10-01 00:00:00";800;"10394";"FILIPE MOREIRA MARTINE";"6000,00";"A metodologia utilizada é Survey quantitativo, com realização das entrevistas de maneira pessoal em domicílio, com aplicação de questionário estruturado e padronizado em plataforma digital (tablet ou computador) junto a uma amostra representativa de municipios da região imediata de Ceres-Rialma-Goianésia (IBGE).";"A metodologia utilizada é Survey quantitativo, com realização das entrevistas de maneira pessoal em domicílio, com aplicação de questionário estruturado e padronizado em plataforma digital (tablet ou computador) junto a uma amostra representativa dos eleitores da região imediata de Ceres-Rialma-Goianésia (IBGE.
Plano amostral e ponderação quanto a sexo, idade, grau de instrução e nível econômico do entrevistado; intervalo de confiança e margem de erro:
O universo da pesquisa é composto por eleitores de Catalão, com idade a partir de 16 anos. A amostra prevista será de 800 entrevistas. A Seleção da amostra será realizada utilizando-se quotas amostrais proporcionais, em função das seguintes variáveis. SEXO: Masculino: (49%); Feminino: (51%) - IDADE: 16 a 29 anos (23); 30 a 44 anos: (28%); 45 a 59 anos: (26%); 60 anos ou mais: (23%) - ESCOLARIDADE: Analfabeto/Lê e escreve/ Fundamental completo ou incompleto: (42%); Médio completo ou incompleto: (43%); Superior completo ou incompleto: (15%) ; RENDA INDIVIDUAL: Até 1 SM: (38%); De 1 a 2 SM: (35%); Acima de 2 SM (27%). Está prevista eventual ponderação para correção das variáveis, com base nos percentuais acima apresentados - Area fisica: municipios da região imediata de Ceres-Rialma-Goianésia (IBGE). Margem de Erro: A margem de erro máxima prevista para o total da amostra é de 3,5 pontos percentuais para mais ou para menos, considerando um nível de confiança de 95%. Fonte de Dados: TSE ; Estatísticas do Eleitorado 2026 e IBGE Censo 2022.";"A coleta de dados será realizada por entrevistadores devidamente treinados e orientados por coordenadores de campo, responsáveis pelo acompanhamento, supervisão e controle da execução da pesquisa. Todos os questionários preenchidos serão submetidos à crítica e à análise de consistência, com o objetivo de identificar eventuais erros, incompatibilidades, omissões ou inconsistências nas informações coletadas. Como procedimento adicional de controle de qualidade, 20% (vinte por cento) dos questionários aplicados serão submetidos à conferência e auditoria interna do trabalho realizado pelos entrevistadores, de acordo com os procedimentos de controle adotados pelo instituto. A medida tem por finalidade verificar a regularidade da aplicação dos questionários e assegurar a qualidade, consistência, integridade e fidelidade dos dados coletados. O sistema interno de controle e verificação compreende, portanto, o treinamento e orientação dos entrevistadores, a supervisão pelos coordenadores de campo, a crítica e análise de consistência dos questionários e a auditoria de 20% das entrevistas realizadas. Nos termos do art. 2º, § 7º, da Resolução-TSE nº 23.600/2019, com a redação vigente para as Eleições 2026, a partir do dia em que a pesquisa puder ser divulgada e até o dia seguinte, o registro será complementado no Sistema de Registro de Pesquisas Eleitorais ¿ PesqEle com as informações exigidas pela Justiça Eleitoral relativas à área efetivamente abrangida pela pesquisa. Na hipótese de pesquisa relativa às eleições gerais, serão informados os municípios e bairros abrangidos ou, na ausência de delimitação formal do bairro, a área em que a pesquisa foi realizada, bem como o número de eleitoras e eleitores pesquisados em cada setor censitário e a composição da amostra final quanto a gênero, idade, grau de instrução e nível econômico das pessoas entrevistadas. A delimitação geográfica dos bairros e demais áreas abrangidas observará a divisão político-administrativa estabelecida em ato normativo oficial do respectivo ente federativo. Na inexistência de divisão territorial formalmente estabelecida, será utilizada fonte pública idônea, nos termos do art. 2º, § 7º-E, da Resolução-TSE nº 23.600/2019. Caso a metodologia utilizada impossibilite tecnicamente a identificação das entrevistas por setor censitário, será apresentada a justificativa técnica prevista no art. 2º, § 7º-F, com a indicação da unidade territorial efetivamente utilizada e dos respectivos procedimentos de controle e ponderação.";"#NULO#"
"28/09/2026";"05:46:54";2026;81;"Eleições Gerais 2026";"GO";"GO";"GOIÁS";"GO052912026";"2026-09-26 14:20:06";"S";"44826961000125";"SMS - DIRECT PESQUISAS E MARKETING LTDA";"DIRECT PESQUISAS";"Governador, Senador, Deputado Federal, Deputado Estadual";"2026-09-27 00:00:00";"2026-09-29 00:00:00";"2026-10-02 00:00:00";500;"10526";"Jose Dos Reis Cunha Filho";"5000,00";"Pesquisa quantitativa com abordagem porta a porta, com eleitores que votam e/ou residem no município de Aparecida de Goiânia no estado de Goiás, consistindo na realização de entrevistas pessoais e individuais, com a aplicação de questionário estruturado junto a uma amostra representativa do eleitorado em estudo. Devido a ordem probabilística da amostra, nesta pesquisa será considerada apenas os eleitores residentes dentro do município ou que no dia da entrevista estejam nele. Todas as entrevistas são espontâneas e os dados são sigilosos, guardados no banco de dados do instituto para tabulação e apresentação gráfica e analítica.";"Trata-se de uma amostra probabilística estratificada, com abordagem aleatória simples através de cotas de sexo, idade e escolaridade, ponderadas de acordo com a estatística do Eleitorado do TSE, 2025 (https://sig.tse.jus.br) e renda ponderada de acordo com registro do último senso do IBGE 2010 (https://cidades.ibge.gov.br) de acordo com a Resolução do TSE 23.600/2019, complementada pela Resolução 23.676/2021, com entrevistas domiciliares aos eleitores de 16 anos ou mais que exerça seu voto no município de Aparecida de Goiânia. Totalizando uma população eleitoral de 341.039 e amostra de 500, a um nível de confiança = 95%; Nível de significância = 5%; Margem de erro = 4,38%, com P = 0,5.
SEXO: Masculino (46,00%), Feminino (54,00%); FAIXA ETÁRIA: até 24 anos (13,11%), de 25 a 34 anos (21,72%), de 35 a 44 anos (21,87%), de 45 a 59 anos (26,21%), 60 anos ou mais (17,08%); ESCOLARIDADE: Analfabeto (1,35%), Lê e escreve (4,20%), 1º Grau inc/comp (26,15%), 2º Grau inc/comp (54,05%), 3º Grau inc/comp (14,25%); RENDA: Até 1 salário (12,60%), entre 1 e 2 salários (20,22%), entre 2 e 5 salários (43,81%), entre 5 e 10 salários (17,38%), Mais de 10 salários (5,99%).";"Os questionários são aplicados com uso de equipamentos eletrônicos, supervisão in loco e via GPS, passarão por conferência através de novo contato até 20% dos entrevistados, todas as regiões pesquisadas foram selecionadas proporcionalmente.";"Os bairros serão anexados de acordo com a resolução."
"28/09/2026";"05:46:54";2026;81;"Eleições Gerais 2026";"GO";"GO";"GOIÁS";"GO098402026";"2026-09-26 23:24:21";"N";"04851508000154";"INSTITUTO GAZETA LTDA";"IGAPE- INSTITUTO GAZETA DE PEQUISAS";"Governador, Senador, Deputado Federal, Deputado Estadual";"2026-09-27 00:00:00";"2026-09-29 00:00:00";"2026-10-02 00:00:00";500;"10394";"FILIPE MOREIRA MARTINE";"5000,00";"A metodologia utilizada é Survey quantitativo, com realização das entrevistas de maneira pessoal em domicílio, com aplicação de questionário estruturado e padronizado em plataforma digital (tablet ou computador) junto a uma amostra representativa dos eleitores de Caldas Novas.";"O universo da pesquisa é composto por eleitores de Caldas Novas, com idade a partir de 16 anos. A amostra prevista será de 500 entrevistas. A Seleção da amostra será realizada utilizando-se quotas amostrais proporcionais, em função das seguintes variáveis. SEXO: Masculino: (47%); Feminino: (53%) - IDADE: 16 a 29 anos (22%); 30 a 44 anos: (31%); 45 a 59 anos: (27%); 60 anos ou mais: (20%) - ESCOLARIDADE: Analfabeto/Lê e escreve/ Fundamental completo ou incompleto: (34%); Médio completo ou incompleto: (48%); Superior completo ou incompleto: (18%) ; RENDA INDIVIDUAL: Até 1 SM: (29%); De 1 a 2 SM: (42%); Acima de 2 SM (29%). Está prevista eventual ponderação para correção das variáveis, com base nos percentuais acima apresentados - Área física: Caldas Novas - GO. Margem de Erro: A margem de erro máxima prevista para o total da amostra é de 4,3 pontos percentuais para mais ou para menos, considerando um nível de confiança de 95%. Fonte de Dados: TSE; Estatísticas do Eleitorado 2026 e IBGE Censo 2022.";"A coleta de dados será realizada por entrevistadores devidamente treinados e orientados por coordenadores de campo, responsáveis pelo acompanhamento, supervisão e controle da execução da pesquisa. Todos os questionários preenchidos serão submetidos à crítica e à análise de consistência, com o objetivo de identificar eventuais erros, incompatibilidades, omissões ou inconsistências nas informações coletadas. Como procedimento adicional de controle de qualidade, 20% (vinte por cento) dos questionários aplicados serão submetidos à conferência e auditoria interna do trabalho realizado pelos entrevistadores, de acordo com os procedimentos de controle adotados pelo instituto. A medida tem por finalidade verificar a regularidade da aplicação dos questionários e assegurar a qualidade, consistência, integridade e fidelidade dos dados coletados. O sistema interno de controle e verificação compreende, portanto, o treinamento e orientação dos entrevistadores, a supervisão pelos coordenadores de campo, a crítica e análise de consistência dos questionários e a auditoria de 20% das entrevistas realizadas. Nos termos do art. 2º, § 7º, da Resolução-TSE nº 23.600/2019, com a redação vigente para as Eleições 2026, a partir do dia em que a pesquisa puder ser divulgada e até o dia seguinte, o registro será complementado no Sistema de Registro de Pesquisas Eleitorais ¿ PesqEle com as informações exigidas pela Justiça Eleitoral relativas à área efetivamente abrangida pela pesquisa. Na hipótese de pesquisa relativa às eleições gerais, serão informados os municípios e bairros abrangidos ou, na ausência de delimitação formal do bairro, a área em que a pesquisa foi realizada, bem como o número de eleitoras e eleitores pesquisados em cada setor censitário e a composição da amostra final quanto a gênero, idade, grau de instrução e nível econômico das pessoas entrevistadas. A delimitação geográfica dos bairros e demais áreas abrangidas observará a divisão político-administrativa estabelecida em ato normativo oficial do respectivo ente federativo. Na inexistência de divisão territorial formalmente estabelecida, será utilizada fonte pública idônea, nos termos do art. 2º, § 7º-E, da Resolução-TSE nº 23.600/2019. Caso a metodologia utilizada impossibilite tecnicamente a identificação das entrevistas por setor censitário, será apresentada a justificativa técnica prevista no art. 2º, § 7º-F, com a indicação da unidade territorial efetivamente utilizada e dos respectivos procedimentos de controle e ponderação.";"#NULO#"
"28/09/2026";"05:46:54";2026;81;"Eleições Gerais 2026";"GO";"GO";"GOIÁS";"GO034932026";"2026-06-16 11:27:22";"N";"15015873000145";"DIAGNOSTICO PESQUISAS DE COMPORTAMENTO EIRELI";"DIAGNOSTICO PESQUISAS DE COMPORTAMENTO";"Governador, Senador, Deputado Federal, Deputado Estadual";"2026-06-15 00:00:00";"2026-06-18 00:00:00";"2026-06-22 00:00:00";1100;"8631";"Alexandre Vasconcelos Lima";"65000,00";"Tipo de Pesquisa: Quantitativa, descritiva e de opinião pública.Técnica de Coleta: Entrevistas pessoais e individuais, aplicadas de forma presencial por meio de questionário estruturado. Universo da Pesquisa (População-Alvo): Eleitores residentes no estado de Goiás, com idade igual ou superior a 16 anos, aptos a votar no pleito de 2026. Locais de Realização: A coleta será realizada em domicílios e/ou pontos de fluxo populacional, cobrindo uma amostra representativa dos 48 municípios selecionados, divididos e distribuídos proporcionalmente pelas mesorregiões do estado de Goiás.";"A amostra é estratificada por região geográfica intermediária (IBGE - Censo 2022), onde em cada estrato, num primeiro estágio, são sorteados aleatoriamente os municípios que farão parte do levantamento. No segundo estágio, a seleção do entrevistado dentro da localidade será feita utilizando-se quotas amostrais proporcionais as características demográficas do universo, em função das seguintes variáveis:Gênero: Masculino 47,0% e Feminino 53,0%. Faixa Etária: Entre 16 e 24 anos: 13,1%; Entre 25 e 34 anos: 19,4%; Entre 35 e 44 anos: 20,1%; Entre 45 e 59 anos: 26,1% e 60 anos ou mais: 21,2%. Escolaridade: De analfabeto até ensino fundamental completo: 34,2%; Ensino médio incompleto ou completo: 47,2% e Ensino superior incompleto ou completo: 18,6%. Nível Econômico: Sem rendimento até 3 SM: 89,9%; Acima de 3 SM: 10,1%). Está prevista eventual ponderação para correção das variáveis gênero, faixa etária e escolaridade, com base nos percentuais acima apresentados, caso ocorram diferenças superiores a 3,0 (três) pontos percentuais entre o previsto na amostra e a coleta realizada. Para a variável nível econômico, o fator de ponderação é igual a 1 (resultados obtidos no campo).O nível de confiança estimado é de 95% (noventa e cinco por cento) para uma margem de erro estimada, considerando uma técnica de amostragem aleatória simples, de 3 (três) pontos percentuais sobre os resultados obtidos. Ressalta-se que esta margem de erro e grau de confiabilidade se aplica ao total da amostra, não devendo ser considerado para os resultados dentro de cada estrato e nem para os resultados gerados pelo cruzamento de variáveis.As variáveis de Gênero, Faixa Etária e Grau de Instrução possuem dados extraídos do repositório de estatísticas do eleitorado do TSE (Tribunal Superior Eleitoral), atualizados em maio de 2026, referentes ao Estado de Goiás. Para a variável de Nível Econômico, utilizou-se o Censo 2010, disponível em https://cidades.ibge.gov.br/brasil/go/pesquisa/23/24304?detalhes=true.";"Os pesquisadores envolvidos na realização desta pesquisa são treinados pelo Instituto e recebem instruções específicas para a realização da coleta de dados. São checados e auditados, no mínimo, 20% dos questionários de cada pesquisador, seja in loco por supervisores de campo ou, posteriormente, por telefone. 
Crítica integral dos questionários, que consiste em checagem da coerência das respostas individuais e a integridade do preenchimento de todos os blocos de perfil e intenção de voto. Caso seja identificada qualquer irregularidade ou fraude em um questionário auditado, o lote correspondente ao trabalho daquele entrevistador na localidade é anulado e descartado, sendo imediatamente substituído por novas coletas para manter o tamanho e o equilíbrio do plano amostral.";"Cidades: Goiania, Aparecida de Goiânia, Senador Canedo, Trindade, Anápolis, Jaragua, Goianesia, Ceres, Rialma, Nova Gloria, Campinorte, Uruaçu, Porangatu, Minaçu, Posse, Iaciara, Campos Belos, Luziania, Formosa, Valparaiso de Goiás, Água Lindas de Goiás, Cidade Ocidental, Novo Gama, Cristalina,  Rio Verde, Santa Helena, Quirinópolis, Jatai, Mineiros, Itaruma, São Simão, Palmeiras de Goiás,  Acreuna, Itumbiara, Goiatuba, Morrinhos, Caldas Novas, Catalão, Ipameri, Pires do Rio, Três Ranchos, Itaberai, Ipora, São Luis dos Montes Belos, Goiás, Caiapônia, Jussara, São Miguel do Araguaia."
"28/09/2026";"05:46:54";2026;81;"Eleições Gerais 2026";"GO";"GO";"GOIÁS";"GO033102026";"2026-07-21 22:22:50";"N";"15015873000145";"DIAGNOSTICO PESQUISAS DE COMPORTAMENTO EIRELI";"DIAGNOSTICO PESQUISAS DE COMPORTAMENTO";"Governador, Senador, Deputado Estadual";"2026-07-23 00:00:00";"2026-07-24 00:00:00";"2026-07-27 00:00:00";1100;"8631";"Alexandre Vasconcelos Lima";"10000,00";"Tipo de Pesquisa: Quantitativa, descritiva e de opinião pública.Técnica de Coleta: Entrevistas pessoais e individuais, aplicadas de forma presencial por meio de questionário estruturado. Universo da Pesquisa (População-Alvo): Eleitores residentes na cidade de Goiânia, estado de Goiás, com idade igual ou superior a 16 anos, aptos a votar no pleito de 2026. Locais de Realização: A coleta será realizada em domicílios e/ou pontos de fluxo populacional, cobrindo uma amostra representativa da cidade de Goiânia-GO";"O plano amostral aplicado consiste em uma amostragem por cotas segundo as variáveis sexo, faixa etária, grau de instrução e renda (conforme dados disponíveis no site do TSE - estatística do eleitorado e no Censo/IBGE).  Nesse sentido, a seleção do entrevistado dentro da localidade será feita utilizando-se quotas amostrais proporcionais as características demográficas do universo, em função das seguintes variáveis: Sexo: Masculino 45% e Feminino 55%. Faixa Etária: Entre 16 e 24 anos: 11%; Entre 25 e 34 anos: 19%; Entre 35 e 44 anos: 21%; Entre 45 e 59 anos: 26% e 60 anos ou mais: 23%. Escolaridade: De analfabeto até ensino fundamental completo: 21%; Ensino médio incompleto ou completo: 49% e Ensino superior incompleto ou completo: 30%. Nível Econômico: Sem rendimento até 3 SM: 82%; Acima de 3 SM: 18%. Está prevista eventual ponderação para correção das variáveis gênero, faixa etária e escolaridade, com base nos percentuais acima apresentados, caso ocorram diferenças superiores a 3,0 (três) pontos percentuais entre o previsto na amostra e a coleta realizada. Para a variável nível econômico, o fator de ponderação é igual a 1 (resultados obtidos no campo).O nível de confiança estimado é de 95% (noventa e cinco por cento) para uma margem de erro estimada, considerando uma técnica de amostragem aleatória simples, de 3 (três) pontos percentuais sobre os resultados obtidos. Ressalta-se que esta margem de erro e grau de confiabilidade se aplica ao total da amostra, não devendo ser considerado para os resultados dentro de cada estrato e nem para os resultados gerados pelo cruzamento de variáveis. As variáveis de Gênero, Faixa Etária e Grau de Instrução possuem dados extraídos do repositório de estatísticas do eleitorado do TSE (Tribunal Superior Eleitoral), atualizados em junho de 2026, referentes ao Estado de Goiás. Para a variável de Nível Econômico, utilizou-se o Censo 2010, disponível em https://cidades.ibge.gov.br/brasil/go/goiania/pesquisa/23/24304.";"Os pesquisadores envolvidos na realização desta pesquisa são treinados pelo Instituto e recebem instruções específicas para a realização da coleta de dados. São checados, no mínimo, 10% dos questionários de cada pesquisador, seja in loco por supervisores de campo ou, posteriormente, por telefone. Internamente, todo o material é verificado, codificado, digitado e, antes do processamento final, realiza-se a conferência da digitação (consistência dos dados).";"A pesquisa será realizada na cidade de Goiânia. 
Abrangendo os bairros: Setor Aeroporto, Setor Marista, Setor Central, Setor dos Funcionários, Norte Ferroviário , Leste Vila Nova, Negrão de Lima, Crimeia Leste, Nova Vila, Crimeia Oeste, Urias Magalhães, Jardim Goiás, Setor Bueno, Setor Pedro Ludovico, Setor Sul, Setor Oeste, Jardim América, Parque Amazônia, Nova Suíça, Universitário, Jaó, Jardim Novo Mundo, Vila Pedroso, Jardim das Amendoeiras, Jardim Aroeiras, Dom Fernando, Santo Hilário, Conjunto Caiçara, Vila Concordia, Vila Morais, Guanabara, Santa Genoveva, Sonho Dourado, Balneário Meia Ponte, Parque das Flores, Vale das Pombas, Vila Mutirão, Curitiba, São Carlos, Bairro da Vitoria, Finsocial, Nova Esperança, Setor Centro Oeste, Parque Tremendão, Cândida de Moraes, Bairro Goiá, Vila Luciana, Vila Mauá, Bairro Ipiranga, Celina Park, João Vaz, Vera Cruz, Carolina Park, Lorena Park, Goiânia Viva, Residencial Buena Vista, Jardim Petrópolis, Capuava, Cidade Jardim, Sudoeste, Vila União, Parque Atheneu, Santa Cruz, Parque Anhanguera, Novo Horizonte, Vila Redenção, Alto da Gloria, Parque das Laranjeiras, Setor Coimbra, Campinas, Santa Helena, Vila São Jose, Eldorado, João Brás, Jardim Petrópolis, Jardim Presidente, Eli Forte, Jardim Presidente, Três Marias, Bairro Feliz, Vila Abaja, Itatiaia, Jardim Pompeia, São Judas Tadeu, Goiânia 2, Residencial Jardim Cerrado, Moinho dos Ventos, Marechal Rondon, Maria Dilce, Alto da Glória, Conjunto Riviera, Aruanã, Jardim Brasil, Vila Montecelli."
"28/09/2026";"05:46:54";2026;81;"Eleições Gerais 2026";"GO";"GO";"GOIÁS";"GO098852026";"2026-04-01 22:00:39";"N";"81908345000140";"INSTITUTO PARANA DE PESQUISAS E ANALISE DE CONSUMIDOR LTDA";"#NULO#";"Governador, Senador";"2026-04-01 00:00:00";"2026-04-03 00:00:00";"2026-04-07 00:00:00";1310;"10245 - 4ª Região";"Tatiani Cristina Ara";"45000,00";"Pesquisa com metodologia quantitativa, com a realização de entrevistas pessoais, domiciliares e presenciais, utilizando questionário estruturado junto a uma amostra representativa do eleitorado do Estado de Goiás.


";"""A amostra será representativa do eleitorado da área pesquisada e será selecionada em três etapas. Na primeira etapa realiza-se um sorteio probabilístico dos municípios onde as entrevistas serão realizadas através do método PPT (Probabilidade Proporcional ao Tamanho), considerando a população eleitora com 16 anos ou mais residente nos municípios como base para essa seleção. Na segunda etapa, faz-se um sorteio probabilístico das localidades, onde as entrevistas serão realizadas, através do método PPT (Probabilidade Proporcional ao Tamanho), tomando a população eleitora de 16 anos ou mais residente nas localidades como base para essa seleção. Na terceira etapa, a seleção do entrevistado dentro da localidade, será feita utilizando-se quotas amostrais proporcionais, em função das seguintes variáveis:
GÊNERO: TSE Março 2026 (https://sig.tse.jus.br/ords/dwapr/r/seai/sig-eleitor-eleitorado-mensal/cruzamento-eleitorado-mensal?p24_metricas=E&p24_back=22&p24_cruzamento_1=ds_sexo&clear=24&p0_uf=GO&p0_mes=3&debug=LEVEL5&session=312990078978641)
Masculino - 47%; |
Feminino - 53%; |
FAIXA ETÁRIA: TSE Março 2026 (https://sig.tse.jus.br/ords/dwapr/r/seai/sig-eleitor-eleitorado-mensal/cruzamento-eleitorado-mensal?p24_cruzamento_1=ds_faixa_etaria&p24_metricas=E&p24_back=22&clear=24&p0_uf=GO&p0_mes=3&debug=LEVEL5&session=8904950028837)
Entre 16 e 24 anos: 13%; |
Entre 25 e 34 anos: 20%; |
Entre 35 e 44 anos: 20%; |
Entre 45 e 59 anos: 26%; |
Com 60 anos ou mais: 21%; |
ESCOLARIDADE: TSE Março 2026 (https://sig.tse.jus.br/ords/dwapr/r/seai/sig-eleitor-eleitorado-mensal/cruzamento-eleitorado-mensal?p24_cruzamento_1=ds_grau_instrucao&p24_metricas=E&p24_back=22&clear=24&p0_uf=GO&p0_mes=3&debug=LEVEL5&session=309383598034615)
De analfabeto até ensino fundamental completo: 34%; |
Ensino médio incompleto ou completo: 47% |
Ensino superior incompleto ou completo: 19% |
RENDA DOMICILIAR MENSAL:  (https://cidades.ibge.gov.br/brasil/go/pesquisa/23/24304) IBGE - Censo 2010. Observação: Conforme informações obtidas do Instituto Brasileiro de Geografia e Estatística, o IBGE, não divulgou - e não tem previsão - de data para divulgação do perfil econômico (nível econômico) da população brasileira; portanto, os dados quanto ao nível econômico obtidos no Censo 2022, não podem ser utilizados, pois não foram publicados. (https://censo2022.ibge.gov.br/panorama/)
Sem rendimentos até 2 salários mínimos: 43% |
Mais de 2 a 5 salários mínimos: 37% |
Mais de 5 salários mínimos: 20% |
Está prevista eventual ponderação para correção das variáveis gênero e faixa etária, com base nos percentuais acima apresentados, caso ocorram diferenças superiores a 3,0 (três) pontos percentuais entre o previsto na amostra e a coleta realizada; para as variáveis escolaridade e renda domiciliar mensal, o fator de ponderação é igual a 1 (resultados obtidos no campo). O nível de confiança estimado é de 95% (noventa e cinco por cento) para uma margem de erro estimada, considerando uma técnica de amostragem aleatória simples, de aproximadamente 2,8 (dois vírgula oito) pontos percentuais para mais ou para menos sobre os resultados obtidos.""





";"""As entrevistas serão conduzidas por uma equipe de entrevistadores e supervisores devidamente qualificados pelo Instituto Paraná Pesquisas, todos com experiência e treinamento específico em pesquisas de opinião pública. 
Controle: O controle do processo será realizado por meio de um software de coleta de dados, o qual permitirá o monitoramento garantindo o cumprimento das cotas amostrais.
Conferência e Fiscalização: Durante a coleta de dados os questionários aplicados são fiscalizados e conferidos através de um supervisor.   
Adicionalmente, pelo menos 30% dos questionários passarão por uma verificação posterior, que avaliará a precisão na aplicação e a adequação dos entrevistados às variáveis das quotas amostrais. Ou seja, no mínimo 393 entrevistas desta pesquisa serão auditadas pela equipe de qualidade do Instituto Paraná Pesquisas, podendo essa auditoria ser solicitada ao Instituto a qualquer momento.
Verificação: Após a coleta, os questionários passam por uma etapa de verificação e validação dos dados, para garantir a integridade e precisão dos dados coletados.""





";" ""A pesquisa será realizada no Estado de Goiás, a relação dos dados relativos aos municípios e às localidades será apresentado até o dia seguinte à data a partir da qual a pesquisa puder ser divulgada, conforme §7º do art. 2º da Resolução-TSE nº. 23.600/2019""





"
"28/09/2026";"05:46:54";2026;81;"Eleições Gerais 2026";"GO";"GO";"GOIÁS";"GO019812026";"2026-01-30 22:15:41";"N";"44826961000125";"SMS - DIRECT PESQUISAS E MARKETING LTDA";"DIRECT PESQUISAS";"Governador, Senador, Deputado Federal, Deputado Estadual";"2026-02-02 00:00:00";"2026-02-03 00:00:00";"2026-02-05 00:00:00";500;"10526";"José Dos Reis Cunha Filho";"4000,00";"Pesquisa quantitativa com abordagem porta a porta, com eleitores que votam e/ou residem no município de Trindade no estado de Goiás, consistindo na realização de entrevistas pessoais e individuais, com a aplicação de questionário estruturado junto a uma amostra representativa do eleitorado em estudo. Devido a ordem probabilística da amostra, nesta pesquisa será considerada apenas os eleitores residentes dentro do município ou que no dia da entrevista estejam nele. Todas as entrevistas são espontâneas e os dados são sigilosos, guardados no banco de dados do instituto para tabulação e apresentação gráfica e analítica.";"Trata-se de uma amostra probabilística estratificada, com abordagem aleatória simples através de cotas de sexo, idade e escolaridade, ponderadas de acordo com a estatística do Eleitorado do TSE, 2025 (https://sig.tse.jus.br) e renda ponderada de acordo com registro do último senso estratificado do IBGE (https://cidades.ibge.gov.br) de acordo com a Resolução do TSE 23.600/2019, complementada pela Resolução 23.676/2021, com entrevistas domiciliares aos eleitores de 16 anos ou mais que exerça seu voto no município de Trindade. Totalizando uma população eleitoral de 92.299 e amostra de 500, a um nível de confiança = 95%; Nível de significância = 5%; Margem de erro = 4,37%, com P = 0,5.
SEXO: Masculino (47,18%), Feminino (52,82%); FAIXA ETÁRIA: até 24 anos (22,83%), de 25 a 34 anos (21,07%), de 35 a 44 anos (20,82%), de 45 a 59 anos (22,52%), 60 anos ou mais (12,76%); ESCOLARIDADE: Analfabeto (1,83%), Lê e escreve (5,74%), 1º Grau inc/comp (28,17%), 2º Grau inc/comp (50,61%), 3º Grau inc/comp (13,65%); RENDA: Até 1 salário (16,23%), entre 1 e 2 salários (24,05%), entre 2 e 5 salários (43,22%), entre 5 e 10 salários (12,77%), Mais de 10 salários (3,74%).
";"Os questionários são aplicados com uso de equipamentos eletrônicos, supervisão in loco e via GPS, passarão por conferência através de novo contato até 20% dos entrevistados, todas as regiões pesquisadas foram selecionadas proporcionalmente.";"Os bairros serão anexados de acordo com a resolução."
"28/09/2026";"05:46:54";2026;81;"Eleições Gerais 2026";"GO";"GO";"GOIÁS";"GO071722026";"2026-07-31 21:32:29";"N";"04851508000154";"INSTITUTO GAZETA LTDA";"IGAPE- INSTITUTO GAZETA DE PEQUISAS";"Governador, Senador";"2026-07-31 00:00:00";"2026-08-04 00:00:00";"2026-08-06 00:00:00";500;"10394";"FILIPE MOREIRA MARTINE";"4000,00";"A metodologia utilizada é Survey quantitativo, com realização das entrevistas de maneira pessoal em domicílio, com aplicação de questionário estruturado e padronizado em plataforma digital (tablet ou computador) junto a uma amostra representativa dos eleitores de Caldas Novas.";"O universo da pesquisa é composto por eleitores de Caldas Novas, com idade a partir de 16 anos. A amostra prevista será de 500 entrevistas. A Seleção da amostra será realizada utilizando-se quotas amostrais proporcionais, em função das seguintes variáveis. SEXO: Masculino: (47%); Feminino: (53%) - IDADE: 16 a 29 anos (22%); 30 a 44 anos: (31%); 45 a 59 anos: (27%); 60 anos ou mais: (20%) - ESCOLARIDADE: Analfabeto/Lê e escreve/ Fundamental completo ou incompleto: (34%); Médio completo ou incompleto: (48%); Superior completo ou incompleto: (18%) ¿ RENDA INDIVIDUAL: Até 1 SM: (29%); De 1 a 2 SM: (42%); Acima de 2 SM (29%). Está prevista eventual ponderação para correção das variáveis, com base nos percentuais acima apresentados - Área física: Caldas Novas - GO. Margem de Erro: A margem de erro máxima prevista para o total da amostra é de 4,3 pontos percentuais para mais ou para menos, considerando um nível de confiança de 95%. Fonte de Dados: TSE ¿ Estatísticas do Eleitorado 2026 e IBGE Censo 2022. ";"A coleta de dados é realizada por entrevistadores, orientados por coordenadores de campo. Todos os questionários preenchidos recebem crítica para avaliação da consistência dos dados coletados, sendo que 20% dos questionários serão submetidos à conferência através de novos contatos com os entrevistados, medida sempre adotada que visa garantir a qualidade e fidelidade dos dados coletados.";"Conforme §6º. do art. 2º. da Resolução-TSE nº. 23.549, o pedido de registro poderá ser complementado pela entrega destes dados ao Tribunal Eleitoral até o sétimo dia seguinte ao registro da pesquisa. Serão enviados os dados relativos aos bairros abrangidos, na ausência de delimitação dos bairros, será identificada a área em que foi realizada)"
"28/09/2026";"05:46:54";2026;81;"Eleições Gerais 2026";"GO";"GO";"GOIÁS";"GO006792026";"2026-09-07 19:01:27";"N";"06288268000157";"PODIUM CONSULTORIA, MARKETING, PESQUISAS E EDITORACAO LTDA";"INSTITUTO PODIUM";"Governador, Senador, Deputado Federal, Deputado Estadual";"2026-09-08 00:00:00";"2026-09-10 00:00:00";"2026-09-13 00:00:00";600;"8631";"Alexandre Vasconcelos Lima";"6000,00";"Tipo de Pesquisa: Quantitativa, descritiva e de opinião pública.Técnica de Coleta: Entrevistas pessoais e individuais (face-a-face), aplicadas de forma presencial por meio de questionário estruturado, realizadas por entrevistadores treinados pelo Instituto. Universo da Pesquisa (População-Alvo): Eleitores residentes na cidade de Trindade, estado de Goiás, com idade igual ou superior a 16 anos, aptos a votar no pleito de 2026. Locais de Realização: A coleta será realizada em domicílios e/ou pontos de fluxo populacional, cobrindo uma amostra representativa da cidade de Trindade-GO";"O plano amostral aplicado consiste em uma amostragem por cotas segundo as variáveis sexo, faixa etária, grau de instrução e renda (conforme dados disponíveis no site do TSE - estatística do eleitorado e no Censo/IBGE). Nesse sentido, a seleção do entrevistado dentro da localidade será feita utilizando-se quotas amostrais proporcionais as características demográficas do universo, em função das seguintes variáveis: Sexo: Masculino 46% e Feminino 54%. Faixa Etária: Entre 16 e 24 anos: 13%; Entre 25 e 34 anos: 20%; Entre 35 e 44 anos: 21%; Entre 45 e 59 anos: 26% e 60 anos ou mais: 20%. Escolaridade: De analfabeto até ensino fundamental completo: 35%; Ensino médio incompleto ou completo: 51% e Ensino superior incompleto ou completo: 14%. Nível Econômico (familiar, aproximado pela renda total do domicílio disponível no Censo/IBGE): Sem rendimento até 1 SM: 16%; De 1 a 5 SM: 67%; Acima de 5 SM: 17%. Está prevista eventual ponderação para correção das variáveis gênero, faixa etária e escolaridade, com base nos percentuais acima apresentados, caso ocorram diferenças superiores a 3,0 (três) pontos percentuais entre o previsto na amostra e a coleta realizada. Para a variável nível econômico, o fator de ponderação é igual a 1 (resultados obtidos no campo). A pesquisa por quotas é não-probabilística e por isso não permite o cálculo de margem de erro. Nesse sentido, o cálculo foi aproximado como se fosse uma amostragem aleatória simples (AAS). Dessa forma, o nível de confiança estimado é de 95% (noventa e cinco por cento) para uma margem de erro estimada, considerando uma técnica de amostragem aleatória simples, de 4 (quatro) pontos percentuais sobre os resultados obtidos. Ressalta-se que esta margem de erro e grau de confiabilidade se aplica ao total da amostra, não devendo ser considerado para os resultados dentro de cada estrato e nem para os resultados gerados pelo cruzamento de variáveis. As variáveis de Gênero, Faixa Etária e Grau de Instrução possuem dados extraídos do repositório de estatísticas do eleitorado do TSE (Tribunal Superior Eleitoral), atualizados em junho de 2026, referentes ao Estado de Goiás. Para a variável de Nível Econômico, utilizou-se o Censo 2010 (https://cidades.ibge.gov.br/brasil/go/trindade/pesquisa/23/22787?detalhes=true).";"Para a realização da pesquisa, utiliza-se uma equipe de entrevistadores e supervisores credenciados devidamente treinados pela empresa para esse tipo de pesquisa. Após os trabalhos de campo, 100% dos questionários são criticados e passam por uma fiscalização de cerca de 20% (vinte por cento) dos questionários aplicados por cada entrevistador; para verificação da consistência das respostas e da adequação dos entrevistados aos parâmetros amostrais.";"A pesquisa será realizada em Trindade nas seguintes localidades:
REGIÃO 1: Setor Palmares, Res. São Bernardo II, Residencial Araguaia;
REGIÃO 2: Setor Maysa I, Jardim das Oliveiras, Chac. Jardim das Oliveiras, Chac. Setor Maysa, Res. Renata Park, Jardim Floresta, Jardim Ipanema, Jardim da Luz, Rio Vermelho;
REGIÃO 3: Conj. Dona Iris I, Conj. Dona Iris II, Jardim Scala, Setor dos Bandeirantes, Cond. Estancia Aroeira, Chac. Dona Iris II;
REGIÃO 4: Setor Soares, Setor Cristina, Setor Barcelos, Jardim California, Jardim Marista, Morada do Bosque, Mansoes, Parque Serra Branca, Chac. Setor Barcelos, Chac. Jardim Marista;
REGIÃO 5: Setor Pontakayana, Conj. Prive Elias, Res. Maria Monteiro, Nucleo Anhanguera;
REGIÃO 6: Vila Pai Eterno 2, Setor Samarah, Chac. Santa Luzia, Parque Cristo Redentor, Setor Serra Dourada, Manacá, Setor Bela Vista, Setor Mariapolis, Jardim Decolores, Res. Garavelo I, Res. Garavelo II, Res. Vieira, Res. Terra Santa, Res. Nova Morada;
REGIÃO 7: Centro, Jardim Primavera, Vila Willian, Vila Santa Ines, Vila Pai Eterno, Vila Jardim Salvador, Vila João Braz, Setor Santo Onofre, Setor Abrão Manoel, Vila Padre Renato, Vila Perpetuo Socorro, Setor das Mansões;
REGIÃO 8: Bairro Santuário, Setor Ana Rosa, Setor Sol Dourado, Vila Arco Iris, Chac. São Sebastião, Res. Monte Cristo, Jardim Tamareiras, Conj. Sol Dourado, Setor Cristina II, Vila Roberto Monteiro, Recanto do Lago, Setor Morada do Lago, Setor Maria Eduarda, Setor Cristina II Expansão;
REGIÃO 9: Vila Augusta, Vila Carvelo, Vila Redenção, Setor Oeste, Vila Guilherme, Vila Amador, Setor Sul, Vila Santo Afonso, Setor Jussara, Jardim Imperial, Estrela do Oriente, Jardim Imperial 2, Nova Canaã, Setor Novo Paraíso, Chac. Jardim Imperial, Setor Solange;
REGIÃO 10: Vila Maria, Vila Emanuel, Setor Laguna Park, Res. Santa Fé, Res. Rosa Morena, Setor Guarujá Park, Residencial Melk, Residencial Moraes, Setor Monte Sinai, Setor Vida Nova."
"28/09/2026";"05:46:54";2026;81;"Eleições Gerais 2026";"GO";"GO";"GOIÁS";"GO006302026";"2026-09-25 16:39:31";"N";"04851508000154";"INSTITUTO GAZETA LTDA";"IGAPE- INSTITUTO GAZETA DE PEQUISAS";"Governador, Senador, Deputado Federal, Deputado Estadual";"2026-09-27 00:00:00";"2026-09-29 00:00:00";"2026-10-01 00:00:00";500;"10394";"Filipe Moreira Martine";"5000,00";"A metodologia utilizada é Survey quantitativo, com realização das entrevistas de maneira pessoal em domicílio, com aplicação de questionário estruturado e padronizado em plataforma digital (tablet ou computador) junto a uma amostra representativa dos eleitores de Catalão.";"O universo da pesquisa é composto por eleitores de Catalão. A amostra prevista será de 500 entrevistas. A Seleção da amostra será realizada utilizando-se quotas amostrais proporcionais, em função das seguintes variáveis. SEXO: Masculino: (47%); Feminino: (53%) - IDADE: 16 a 29 anos (21); 30 a 44 anos: (31%); 45 a 59 anos: (26%); 60 anos ou mais: (22%) - ESCOLARIDADE: Analfabeto/Lê e escreve/ Fundamental completo ou incompleto: (31%); Médio completo ou incompleto: (48%); Superior completo ou incompleto: (21%); RENDA INDIVIDUAL: Até 1 SM: (24%); De 1 a 2 SM: (36%); Acima de 2 SM (40%). Está prevista eventual ponderação para correção das variáveis, com base nos percentuais acima apresentados - Area fisica: Catalão - GO. Margem de Erro: A margem de erro máxima prevista para o total da amostra é de 4,4 pontos percentuais para mais ou para menos, considerando um nível de confiança de 95%. Fonte de Dados: TSE; Estatísticas do Eleitorado 2026 e IBGE Censo 2022.";"A coleta de dados será realizada por entrevistadores devidamente treinados e orientados por coordenadores de campo, responsáveis pelo acompanhamento, supervisão e controle da execução da pesquisa. Todos os questionários preenchidos serão submetidos à crítica e à análise de consistência, com o objetivo de identificar eventuais erros, incompatibilidades, omissões ou inconsistências nas informações coletadas. Como procedimento adicional de controle de qualidade, 20% (vinte por cento) dos questionários aplicados serão submetidos à conferência e auditoria interna do trabalho realizado pelos entrevistadores, de acordo com os procedimentos de controle adotados pelo instituto. A medida tem por finalidade verificar a regularidade da aplicação dos questionários e assegurar a qualidade, consistência, integridade e fidelidade dos dados coletados. O sistema interno de controle e verificação compreende, portanto, o treinamento e orientação dos entrevistadores, a supervisão pelos coordenadores de campo, a crítica e análise de consistência dos questionários e a auditoria de 20% das entrevistas realizadas. Nos termos do art. 2º, § 7º, da Resolução-TSE nº 23.600/2019, com a redação vigente para as Eleições 2026, a partir do dia em que a pesquisa puder ser divulgada e até o dia seguinte, o registro será complementado no Sistema de Registro de Pesquisas Eleitorais ¿ PesqEle com as informações exigidas pela Justiça Eleitoral relativas à área efetivamente abrangida pela pesquisa. Na hipótese de pesquisa relativa às eleições gerais, serão informados os municípios e bairros abrangidos ou, na ausência de delimitação formal do bairro, a área em que a pesquisa foi realizada, bem como o número de eleitoras e eleitores pesquisados em cada setor censitário e a composição da amostra final quanto a gênero, idade, grau de instrução e nível econômico das pessoas entrevistadas. A delimitação geográfica dos bairros e demais áreas abrangidas observará a divisão político-administrativa estabelecida em ato normativo oficial do respectivo ente federativo. Na inexistência de divisão territorial formalmente estabelecida, será utilizada fonte pública idônea, nos termos do art. 2º, § 7º-E, da Resolução-TSE nº 23.600/2019. Caso a metodologia utilizada impossibilite tecnicamente a identificação das entrevistas por setor censitário, será apresentada a justificativa técnica prevista no art. 2º, § 7º-F, com a indicação da unidade territorial efetivamente utilizada e dos respectivos procedimentos de controle e ponderação.";"#NULO#"
"28/09/2026";"05:46:54";2026;81;"Eleições Gerais 2026";"GO";"GO";"GOIÁS";"GO042142026";"2026-09-14 20:27:19";"N";"04851508000154";"INSTITUTO GAZETA LTDA";"IGAPE- INSTITUTO GAZETA DE PEQUISAS";"Governador, Senador, Deputado Federal, Deputado Estadual";"2026-09-14 00:00:00";"2026-09-19 00:00:00";"2026-09-20 00:00:00";2000;"10394";"Filipe Moreira Martine";"15000,00";"A metodologia utilizada é Survey quantitativo, com realização das entrevistas de maneira pessoal em domicílio, com aplicação de questionário estruturado e padronizado em plataforma digital (tablet ou computador) junto a uma amostra representativa dos eleitores do Estado de Goias.";"O universo da pesquisa é composto por eleitores de Goiás, com idade a partir de 16 anos. A amostra prevista será de 2.000 entrevistas. A Seleção da amostra será realizada utilizando-se quotas amostrais proporcionais, em função das seguintes variáveis. SEXO: Masculino: (47%); Feminino: (53%) - IDADE: 16 a 29 anos (22%); 30 a 44 anos: (30%); 45 a 59 anos: (26%); 60 anos ou mais: (22%) - ESCOLARIDADE: Analfabeto/Lê e escreve: (8%); Fundamental completo ou incompleto: (27%); Médio completo ou incompleto: (47%); Superior completo ou incompleto: (18%); RENDA INDIVIDUAL: Até 1 SM: (32%); De 1 a 2 SM: (35%); Acima de 2 SM (33%). Está prevista eventual ponderação para correção das variáveis, com base nos percentuais acima apresentados - Área física: Unidade Federativa de Goiás. Margem de Erro: A margem de erro máxima prevista para o total da amostra é de 2,2 pontos percentuais para mais ou para menos, considerando um nível de confiança de 95%. Fonte de Dados: TSE: Estatísticas do Eleitorado 2026 e IBGE Censo 2022.";"A coleta de dados é realizada por entrevistadores, orientados por coordenadores de campo. Todos os questionários preenchidos recebem crítica para avaliação da consistência dos dados coletados, sendo que 20% dos questionários serão submetidos à conferência através de novos contatos com os entrevistados, medida sempre adotada que visa garantir a qualidade e fidelidade dos dados coletados. Conforme §6º. do art. 2º. da Resolução-TSE nº. 23.549, o pedido de registro poderá ser complementado pela entrega destes dados ao Tribunal Eleitoral até o sétimo dia seguinte ao registro da pesquisa. Serão enviados os dados relativos aos bairros abrangidos, na ausência de delimitação dos bairros, será identificada a área em que foi realizada)";"#NULO#"
"28/09/2026";"05:46:54";2026;81;"Eleições Gerais 2026";"GO";"GO";"GOIÁS";"GO014752026";"2026-07-15 15:53:52";"N";"41296892000105";"INSTITUTO MAIS";"INSTITUTO MAIS";"Governador, Senador";"2026-07-16 00:00:00";"2026-07-20 00:00:00";"2026-07-21 00:00:00";1200;"7655";"Augusto da Silva Rocha";"25000,00";"A pesquisa será do tipo quantitativo, por amostragem aleatória, com aplicação de questionário estruturado e abordagem de moradores eleitores nos municípios do estado de Goias, divididos nas regiões dentro do estado. O conjunto da população do Estado de Goias com 16 anos ou mais e que são votantes no referido estado foi tomado como universo da pesquisa.";"A amostra será representativa do eleitorado da área pesquisada e será selecionada em três etapas. Na primeira etapa realiza-se um sorteio probabilístico dos municípios onde as entrevistas serão realizadas através do método PPT (Probabilidade Proporcional ao Tamanho), considerando a população eleitora com 16 anos ou mais residente nos municípios como base para essa seleção. Na segunda etapa, faz-se um sorteio probabilístico das localidades, onde as entrevistas serão realizadas, através do método PPT (Probabilidade Proporcional ao Tamanho), tomando a população eleitora de 16 anos ou mais residente nas localidades como base para essa seleção. Na terceira etapa, a seleção do entrevistado dentro da localidade, será feita utilizando-se quotas amostrais proporcionais, em função das variáveis sexo, faixa etária, grau de instrução e Nível socioeconômico (renda mensal familiar). Por fim, os entrevistados são selecionados aleatoriamente para responder ao questionário, de acordo com cotas: SEXO: FEMININO 52,97% ; MASCULINO 47,03% ; Faixa Etária: 16 a 24 anos 13,12% ; 25 a 34 anos 19,40% ; 35 a 44 anos 20,12% ; 45 a 59 anos 26,12% ; 60 anos ou mais 21,24% ; Grau de instrução: ANALFABETO 2,43% ; LÊ E ESCREVE 5,53% ; ENSINO FUNDAMENTAL COMPLETO 5,64% ; ENSINO FUNDAMENTAL INCOMPLETO 20,76% ; ENSINO MÉDIO COMPLETO 29,44% ; ENSINO MÉDIO INCOMPLETO 17,52% ; SUPERIOR COMPLETO 11,78% ; SUPERIOR INCOMPLETO 6,90% ; Nível econômico (renda mensal familiar): Até 1/2 salário mínimo 1,5% ; Mais de 1/2 a 1 salário mínimo 13,6% ; Mais de 1 a 2 salários mínimos 24,4% ; Mais de 2 a 5 salários mínimos 36,6% ; Mais de 5 a 10 salários mínimos 13,6% ; Mais de 10 a 20 salários mínimos 4,8% ; Mais de 20 salários mínimos 2,0% ; Sem rendimento 3,5% ; Fonte pública dos dados IBGE IBGE | Cidades@ | Goiás | Pesquisa | Censo 2010 | Universo - Características da população e dos domicílios; https://cidades.ibge.gov.br/brasil/go/pesquisa/23/24304?detalhes=true; (TSE/MAIO2026): https://sig.tse.jus.br/ords/dwapr/r/seai/sig-eleitor-eleitorado-mensal/cruzamento-eleitorado-mensal?p24_metricas=E&p24_back=22&p24_cruzamento_1=ds_sexo&clear=24&session=314327461887677 Ano=2026; Mês = MAIO; UF= GO; Observação: Conforme informações disponibilizadas pelo Instituto Brasileiro de Geografia e Estatística (IBGE), não houve nem há previsão de divulgação do perfil econômico (nível econômico) da população brasileira no âmbito do Censo Demográfico de 2022 (https://censo2022.ibge.gov.br/panorama/), para essa variável será adotado o fator de ponderação igual a 1, correspondente aos resultados obtidos em campo, caso seja verificada diferença superior à margem de erro prevista no estudo entre a projeção da amostra baseada nos dados do IBGE 2010 e os dados efetivamente coletados. Para as variáveis de sexo, idade e grau de instrução, está previsto uma eventual ponderação, nos limites da margem de erro, para correção nos tamanhos das variáveis, caso ocorra uma diferença entre a previsão da amostra e a coleta dos dados realizados sobre a faixa de eleitores acima de 16 anos. Margem de Erro: A margem de erro máxima prevista é de 2,8 pontos percentuais para mais ou para menos, considerando um nível de confiança de 95%.";"Os entrevistadores envolvidos na realização desta pesquisa são treinados pelo Instituto e recebem instruções específicas para cada projeto realizado. A coleta será feita com a utilização de questionário impresso, que serão computados posteriormente à pesquisa de campo. Os pesquisadores são supervisionados por um coordenador que estará em campo juntamente com a equipe garantindo a lisura da pesquisa. Internamente, todo o material é verificado e codificado. Antes do processamento final e emissão dos resultados, realiza-se processo de consistência dos dados. Os dados coletados e tratados nesta pesquisa atendem às exigências da LGPD, Lei Geral de Proteção de Dados, garantindo ao respondente o sigilo de sua identidade e o correto tratamento de suas respostas.";"#NULO#"
"28/09/2026";"05:46:54";2026;81;"Eleições Gerais 2026";"GO";"GO";"GOIÁS";"GO039862026";"2026-01-15 20:41:51";"S";"44826961000125";"SMS - DIRECT PESQUISAS E MARKETING LTDA";"DIRECT PESQUISAS";"Governador, Senador, Deputado Federal, Deputado Estadual, Deputado Distrital";"2026-01-15 00:00:00";"2026-01-16 00:00:00";"2026-01-21 00:00:00";500;"10526";"José Dos Reis Cunha Filho";"3500,00";"Pesquisa quantitativa com abordagem porta a porta, com eleitores que votam e/ou residem no município de Goianésia no estado de Goiás, consistindo na realização de entrevistas pessoais e individuais, com a aplicação de questionário estruturado junto a uma amostra representativa do eleitorado em estudo. Devido a ordem probabilística da amostra, nesta pesquisa será considerada apenas os eleitores residentes dentro do município ou que no dia da entrevista estejam nele. Todas as entrevistas são espontâneas e os dados são sigilosos, guardados no banco de dados do instituto para tabulação e apresentação gráfica e analítica.";"Trata-se de uma amostra probabilística estratificada, com abordagem aleatória simples através de cotas de sexo, idade e escolaridade, ponderadas de acordo com a estatística do Eleitorado do TSE, 2025 (https://sig.tse.jus.br) e renda ponderada de acordo com registro do último senso do IBGE 2010 (https://cidades.ibge.gov.br) de acordo com a Resolução do TSE 23.600/2019, complementada pela Resolução 23.676/2021, com entrevistas domiciliares aos eleitores de 16 anos ou mais que exerça seu voto no município de Goianésia. Totalizando uma população eleitoral de 58.128 e amostra de 500, a um nível de confiança = 95%; Nível de significância = 5%; Margem de erro = 4,36%, com P = 0,5.
SEXO: Masculino (46,89%), Feminino (53,11%); FAIXA ETÁRIA: até 24 anos (13,39%), de 25 a 34 anos (20,98%), de 35 a 44 anos (20,38%), de 45 a 59 anos (25,96%), 60 anos ou mais (19,29%); ESCOLARIDADE: Analfabeto (3,65%), Lê e escreve (7,55%), 1º Grau inc/comp (27,72%), 2º Grau inc/comp (44,53%), 3º Grau inc/comp (16,55%); RENDA: Até 1 salário (12,81%), entre 1 e 2 salários (19,72%), entre 2 e 5 salários (42,99%), entre 5 e 10 salários (17,23%), Mais de 10 salários (7,25%).
";"Os questionários são aplicados com uso de equipamentos eletrônicos, supervisão in loco e via GPS, passarão por conferência através de novo contato até 20% dos entrevistados, todas as regiões pesquisadas foram selecionadas proporcionalmente.";"Os municipios serão anexados de acordo com a resolução."
"28/09/2026";"05:46:54";2026;81;"Eleições Gerais 2026";"GO";"GO";"GOIÁS";"GO034282026";"2026-01-30 21:58:43";"N";"44826961000125";"SMS - DIRECT PESQUISAS E MARKETING LTDA";"DIRECT PESQUISAS";"Governador, Senador, Deputado Federal, Deputado Estadual";"2026-02-03 00:00:00";"2026-02-04 00:00:00";"2026-02-05 00:00:00";500;"10526";"José Dos Reis Cunha Filho";"4000,00";"Pesquisa quantitativa com abordagem porta a porta, com eleitores que votam e/ou residem no município de Senador Canedo no estado de Goiás, consistindo na realização de entrevistas pessoais e individuais, com a aplicação de questionário estruturado junto a uma amostra representativa do eleitorado em estudo. Devido a ordem probabilística da amostra, nesta pesquisa será considerada apenas os eleitores residentes dentro do município ou que no dia da entrevista estejam nele. Todas as entrevistas são espontâneas e os dados são sigilosos, guardados no banco de dados do instituto para tabulação e apresentação gráfica e analítica.";"Trata-se de uma amostra probabilística estratificada, com abordagem aleatória simples através de cotas de sexo, idade e escolaridade, ponderadas de acordo com a estatística do Eleitorado do TSE, 2025 (https://sig.tse.jus.br) e renda ponderada de acordo com registro do último senso estratificado do IBGE (https://cidades.ibge.gov.br) de acordo com a Resolução do TSE 23.600/2019, complementada pela Resolução 23.676/2021, com entrevistas domiciliares aos eleitores de 16 anos ou mais que exerça seu voto no município de Senador Canedo. Totalizando uma população eleitoral de 91.489 e amostra de 500, a um nível de confiança = 95%; Nível de significância = 5%; Margem de erro = 4,37%, com P = 0,5.
SEXO: Masculino (46,44%), Feminino (53,56%); FAIXA ETÁRIA: até 24 anos (14,87%), de 25 a 34 anos (22,74%), de 35 a 44 anos (23,83%), de 45 a 59 anos (25,02%), 60 anos ou mais (13,54%); ESCOLARIDADE: Analfabeto (1,25%), Lê e escreve (3,60%), 1º Grau inc/comp (28,27%), 2º Grau inc/comp (55,00%), 3º Grau inc/comp (11,88%); RENDA: Até 1 salário (13,35%), entre 1 e 2 salários (23,38%), entre 2 e 5 salários (45,36%), entre 5 e 10 salários (14,00%), Mais de 10 salários (3,91%).
";"Os questionários são aplicados com uso de equipamentos eletrônicos, supervisão in loco e via GPS, passarão por conferência através de novo contato até 20% dos entrevistados, todas as regiões pesquisadas foram selecionadas proporcionalmente.";"Os bairros serão anexados de acordo com a resolução."
"28/09/2026";"05:46:54";2026;81;"Eleições Gerais 2026";"GO";"GO";"GOIÁS";"GO097442026";"2026-09-16 19:44:39";"S";"44826961000125";"SMS - DIRECT PESQUISAS E MARKETING LTDA";"DIRECT PESQUISAS";"Governador, Senador, Deputado Estadual";"2026-09-16 00:00:00";"2026-09-19 00:00:00";"2026-09-22 00:00:00";1000;"10526";"Jose Dos Reis Cunha Filho";"10000,00";"Pesquisa quantitativa com abordagem porta a porta, com eleitores que votam e/ou residem nos municípios que compõe o Vale do São Patrício e Região, totalizando 20 cidades, no estado de Goiás, consistindo na realização de entrevistas pessoais e individuais, com a aplicação de questionário estruturado junto a uma amostra representativa do eleitorado em estudo. Devido a ordem probabilística da amostra, nesta pesquisa será considerada apenas os eleitores residentes dentro do município ou que no dia da entrevista estejam nele. Todas as entrevistas são espontâneas e os dados são sigilosos, guardados no banco de dados do instituto para tabulação e apresentação gráfica e analítica.";"Trata-se de uma amostra probabilística estratificada, com abordagem aleatória simples através de cotas de sexo, idade e escolaridade, ponderadas de acordo com a estatística do Eleitorado do TSE, 2026 (https://sig.tse.jus.br) e renda ponderada de acordo com registro do último senso estratificado do IBGE (https://cidades.ibge.gov.br) e em conformidade com a Resolução do TSE 23.600/2019, complementada pela Resolução 23.676/2021, com entrevistas domiciliares aos eleitores de 16 anos ou mais que exerça seu voto nos municípios de Jaraguá, Ceres, Rialma, Santa Isabel, Carmo do Rio Verde, Vila Propicio, Nova Gloria, Ipiranga de Goiás, Uruaçu, Itapaci, São Patricio, Rubiataba, São Luiz do Norte, Hidrolina de Goiás, Nova América, Rianápolis, Uruana, Campinorte, Pilar de Goiás e Morro Agudo de Goiás. Totalizando uma população eleitoral de 190.974 e amostra de 1.000, a um nível de confiança = 95%; Nível de significância = 5%; Margem de erro = 3,09%, com P = 0,5.
SEXO: Masculino (47,42%), Feminino (52,58%); FAIXA ETÁRIA: até 24 anos (11,51%), de 25 a 34 anos (17,87%), de 35 a 44 anos (18,02%), de 45 a 59 anos (27,00%), 60 anos ou mais (25,60%); ESCOLARIDADE: Analfabeto (3,48%), Lê e escreve (8,27%), 1º Grau inc/comp (29,20%), 2º Grau inc/comp (43,71%), 3º Grau inc/comp (15,34%); RENDA: Até 1 salário (15,67%), entre 1 e 2 salários (21,92%), entre 2 e 5 salários (38,15%), entre 5 e 10 salários (15,58%), Mais de 10 salários (8,68%).";"Os questionários são aplicados com uso de equipamentos eletrônicos, supervisão in loco e via GPS, passarão por conferência através de novo contato até 20% dos entrevistados, todas as regiões pesquisadas foram selecionadas proporcionalmente.";"Os municípios serão anexados de acordo com a resolução."
"28/09/2026";"05:46:54";2026;81;"Eleições Gerais 2026";"GO";"GO";"GOIÁS";"GO093132026";"2026-09-26 21:34:48";"S";"56824073000152";"EXATA.GO PESQUISA LTDA";"EXATA.GO";"Governador, Deputado Federal, Deputado Estadual";"2026-09-27 00:00:00";"2026-10-01 00:00:00";"2026-10-02 00:00:00";350;"7655";"AUGUSTO DA SILVA ROCHA";"10000,00";"A pesquisa cobrirá o município envolvendo todas regiões do município de Senador Canedo/GO Universo da pesquisa será dos eleitores com 16 anos ou mais. A amostra representará os eleitores do Município, selecionados em 2(dois) estágios. No primeiro estágio, os setores censitários, onde as entrevistas serão realizadas, foram selecionadas, probabilisticamente, através do método PPT - Probabilidade Proporcional ao Tamanho, tomando o número de eleitores como base para seleção. No segundo estágio, a seleção do entrevistado, dentro do setor censitário, será feita utilizando-se quotas proporcionais, e a abordagem será domiciliar.";"Utilizamos quotas proporcionais, em função das seguintes variáveis: Gênero: FEMININO 53,47% ; MASCULINO 46,53% ; Faixa etária: 16 a 24 anos 14,85% ; 25 a 34 anos 22,31% ; 35 a 44 anos 23,41% ; 45 a 59 anos 25,33% ; 60 anos ou mais 14,10% ; Grau de instrução: Analfabeto 1,23% ; Ensino Fundamental Completo 6,06% ; Ensino Fundamental Incompleto 21,60% ; Ensino Médio Completo 34,21% ; Ensino Médio Incompleto 21,48% ; Lê E Escreve 3,46% ; Superior Completo 6,63% ; Superior Incompleto 5,33% ; Fonte dos dados: TSE-Tribunal Superior Eleitoral/julhagosto2026; Cruzamento Eleitorado Mensal https://sig.tse.jus.br/ords/dwapr/r/seai/sig-eleitor-eleitorado-mensal/cruzamento-eleitorado-mensal?p0_municipio=SENADOR%20CANEDO&p0_uf=GO&session=202784928018108 ; Ano=2026; Mês = agosto; UF= GO; MUNICIPIO = Senador Canedo; Renda familiar (A variável ¿classe de rendimento nominal mensal domiciliar¿ corresponde à classificação dos domicílios segundo a soma dos rendimentos nominais mensais de seus moradores, expressa em faixas de salários mínimos vigentes no período de referência do Censo Demográfico 2010. Trata-se da renda total do domicílio, não dividida pelo número de moradores, não devendo ser confundida com rendimento domiciliar per capita. Para fins de planejamento amostral e ponderação, foram preservadas as categorias e os percentuais originalmente disponibilizados pelo IBGE, sem reagrupamento ou recálculo das faixas.): Até 1/2 salário mínimo 1,10% ; Mais de 1/2 a 1 salário mínimo 13,96% ; Mais de 1 a 2 salários mínimos 26,17% ; Mais de 2 a 5 salários mínimos 42,94% ; Mais de 5 a 10 salários mínimos 10,60% ; Mais de 10 a 20 salários mínimos 1,74% ; Mais de 20 salários mínimos 0,33% ; Sem rendimento 3,16% ; Fonte dos dados: IBGE-Censo 2010-IBGE-CENSO 2022 (IBGE/Censo 2010 - Classe de rendimento nominal mensal domiciliar) ; https://cidades.ibge.gov.br/brasil/go/senador-canedo/pesquisa/23/24304 ""Está prevista eventual ponderação da amostra para correção das variáveis sexo, idade, renda familiar e escolaridade com base nos percentuais anteriormente mencionados, caso ocorram diferenças entre os percentuais previstos na amostra e a coleta de dados realizada. O nível de confiança estimado é de 95% e a margem de erro máxima prevista, baseada em uma amostra aleatória simples (AAS), é de cerca de 5,2 pontos percentuais para mais ou para menos em relação aos totais da amostra. Nível Econômico: IBGE (Censo/2010) - Observação: Conforme informações obtidas do Instituto Brasileiro de Geografia e Estatística, o IBGE, não divulgou - e não tem previsão - de data para divulgação do perfil econômico (nível econômico) da população brasileira; portanto, os dados quanto ao nível econômico obtidos no Censo 2022, não podem ser utilizados, pois não foram publicados.""";"Para a realização da pesquisa, utiliza-se uma equipe de entrevistadores e supervisores credenciados devidamente treinados pela empresa para esse tipo de pesquisa. Após os trabalhos de campo, 100% dos questionários são criticados e passam por uma fiscalização de cerca de 20% (vinte por cento) dos questionários aplicados por cada entrevistador; para verificação da consistência das respostas e da adequação dos entrevistados aos parâmetros amostrais.";"#NULO#"
"28/09/2026";"05:46:54";2026;81;"Eleições Gerais 2026";"GO";"GO";"GOIÁS";"GO070402026";"2026-09-22 23:26:00";"N";"81908345000140";"INSTITUTO PARANA DE PESQUISAS E ANALISE DE CONSUMIDOR LTDA";"#NULO#";"Governador";"2026-09-25 00:00:00";"2026-09-27 00:00:00";"2026-09-28 00:00:00";1352;"10245 - 4ª";"Tatiani Cristina Ara";"45000,00";"Pesquisa com metodologia quantitativa, com a realização de entrevistas pessoais, domiciliares e presenciais, utilizando questionário estruturado junto a uma amostra representativa do eleitorado do Estado de Goiás.
";"""A amostra será representativa do eleitorado da área pesquisada e será selecionada em três etapas. Na primeira etapa realiza-se um sorteio probabilístico dos municípios onde as entrevistas serão realizadas através do método PPT (Probabilidade Proporcional ao Tamanho), considerando a população eleitora com 16 anos ou mais residente nos municípios como base para essa seleção. Na segunda etapa, faz-se um sorteio probabilístico das localidades, onde as entrevistas serão realizadas, através do método PPT (Probabilidade Proporcional ao Tamanho), tomando a população eleitora de 16 anos ou mais residente nas localidades como base para essa seleção. Na terceira etapa, a seleção do entrevistado dentro da localidade, será feita utilizando-se quotas amostrais proporcionais, em função das seguintes variáveis:
GÊNERO: TSE Agosto 2026 (https://sig.tse.jus.br/ords/dwapr/r/seai/sig-eleitor-eleitorado-mensal/cruzamento-eleitorado-mensal?p24_metricas=E&p24_back=22&p24_cruzamento_1=ds_sexo&clear=24&p0_uf=GO&p0_mes=8&debug=LEVEL5&session=312990078978641)
Masculino - 47%; |
Feminino - 53%; |
FAIXA ETÁRIA: TSE Agosto 2026 (https://sig.tse.jus.br/ords/dwapr/r/seai/sig-eleitor-eleitorado-mensal/cruzamento-eleitorado-mensal?p24_cruzamento_1=ds_faixa_etaria&p24_metricas=E&p24_back=22&clear=24&p0_uf=GO&p0_mes=8&debug=LEVEL5&session=8904950028837)
Entre 16 e 24 anos: 13%; |
Entre 25 e 34 anos: 19%; |
Entre 35 e 44 anos: 20%; |
Entre 45 e 59 anos: 26%; |
Com 60 anos ou mais: 22%; |
ESCOLARIDADE: TSE Agosto 2026 (https://sig.tse.jus.br/ords/dwapr/r/seai/sig-eleitor-eleitorado-mensal/cruzamento-eleitorado-mensal?p24_cruzamento_1=ds_grau_instrucao&p24_metricas=E&p24_back=22&clear=24&p0_uf=GO&p0_mes=8&debug=LEVEL5&session=309383598034615) Observação: Conforme informações obtidas no site do Tribunal Superior Eleitoral, o TSE, (https://dadosabertos.tse.jus.br/group/about/eleitorado) """"Os registros de grau de escolaridade podem apresentar dados defasados, pois refletem a situação do eleitor na ocasião do cadastramento.""""
De analfabeto até ensino fundamental completo: 34%; |
Ensino médio incompleto ou completo: 47% |
Ensino superior incompleto ou completo: 19% |
RENDA DOMICILIAR MENSAL: (https://cidades.ibge.gov.br/brasil/go/pesquisa/23/24304) IBGE - Censo 2010. Observação: Conforme informações obtidas do Instituto Brasileiro de Geografia e Estatística, o IBGE não divulgou - e não tem previsão de data - para divulgação do perfil econômico (nível econômico) da população brasileira nos parâmetros metodológicos utilizados pela Paraná Pesquisas (renda domiciliar mensal), tendo sido divulgados apenas a renda per capita; portanto, os dados divulgados pelo IBGE, por exemplo, em 2022 e 2025 quanto ao nível econômico, não podem ser utilizados pois não correspondem aos parâmetros metodológicos utilizados pela Paraná Pesquisas.
Sem rendimentos até 2 salários mínimos: 43% |
Mais de 2 a 5 salários mínimos: 37% |
Mais de 5 salários mínimos: 20% |
Está prevista eventual ponderação para correção das variáveis gênero e faixa etária, com base nos percentuais acima apresentados, caso ocorram diferenças superiores a 3,0 (três) pontos percentuais entre o previsto na amostra e a coleta realizada; para as variáveis escolaridade e renda domiciliar mensal, o fator de ponderação é igual a 1 (resultados obtidos no campo). O nível de confiança estimado é de 95% (noventa e cinco por cento) para uma margem de erro estimada, considerando uma técnica de amostragem aleatória simples, de aproximadamente 2,7 (dois vírgula sete) pontos percentuais para mais ou para menos sobre os resultados obtidos.""



";"""As entrevistas serão conduzidas por uma equipe de entrevistadores e supervisores devidamente qualificados pelo Instituto Paraná Pesquisas, todos com experiência e treinamento específico em pesquisas de opinião pública.
Controle: O controle do processo será realizado por meio de um software de coleta de dados.
Conferência e Fiscalização: Durante a coleta de dados os questionários aplicados são fiscalizados e conferidos através de um supervisor.
Adicionalmente, pelo menos 30% dos questionários passarão por uma verificação posterior, que avaliará a precisão na aplicação e a adequação dos entrevistados às variáveis das quotas amostrais. Ou seja, no mínimo 406 entrevistas desta pesquisa serão auditadas pela equipe de qualidade do Instituto Paraná Pesquisas, podendo essa auditoria ser solicitada ao Instituto a qualquer momento.
Verificação: Após a coleta, os questionários passam por uma etapa de verificação e validação dos dados, para garantir a integridade e precisão dos dados coletados.""



";"""A pesquisa será realizada no Estado de Goiás, a relação dos dados relativos aos municípios e às localidades será apresentado até o dia seguinte à data a partir da qual a pesquisa puder ser divulgada, conforme §7º do art. 2º da Resolução-TSE nº. 23.600/2019""



"
"28/09/2026";"05:46:54";2026;81;"Eleições Gerais 2026";"GO";"GO";"GOIÁS";"GO029482026";"2026-09-25 18:37:24";"N";"44826961000125";"SMS - DIRECT PESQUISAS E MARKETING LTDA";"DIRECT PESQUISAS";"Governador, Senador, Deputado Federal, Deputado Estadual";"2026-09-24 00:00:00";"2026-09-25 00:00:00";"2026-10-01 00:00:00";600;"10526";"Jose Dos Reis Cunha Filho";"7000,00";"Pesquisa quantitativa com abordagem porta a porta, com eleitores que votam e/ou residem no município de Luziânia no estado de Goiás, consistindo na realização de entrevistas pessoais e individuais, com a aplicação de questionário estruturado junto a uma amostra representativa do eleitorado em estudo. Devido a ordem probabilística da amostra, nesta pesquisa será considerada apenas os eleitores residentes dentro do município ou que no dia da entrevista estejam nele. Todas as entrevistas são espontâneas e os dados são sigilosos, guardados no banco de dados do instituto para tabulação e apresentação gráfica e analítica.";"Trata-se de uma amostra probabilística estratificada, com abordagem aleatória simples através de cotas de sexo, idade e escolaridade, ponderadas de acordo com a estatística do Eleitorado do TSE, 2026 (https://sig.tse.jus.br) e renda ponderada de acordo com registro do último senso estratificado do IBGE (https://cidades.ibge.gov.br) e em conformidade com a Resolução do TSE 23.600/2019, complementada pela Resolução 23.676/2021, com entrevistas domiciliares aos eleitores de 16 anos ou mais que exerça seu voto no município de Luziânia. Totalizando uma população eleitoral de 136.507 e amostra de 600, a um nível de confiança = 95%; Nível de significância = 5%; Margem de erro = 3,99%, com P = 0,5.
SEXO: Masculino (46,39%), Feminino (53,61%); FAIXA ETÁRIA: até 24 anos (14,79%), de 25 a 34 anos (22,11%), de 35 a 44 anos (20,15%), de 45 a 59 anos (26,38%), 60 anos ou mais (16,56%); ESCOLARIDADE: Analfabeto (2,77%), Lê e escreve (5,52%), 1º Grau inc/comp (26,63%), 2º Grau inc/comp (51,33%), 3º Grau inc/comp (13,75%); RENDA: Até 1 salário (16,65%), entre 1 e 2 salários (25,27%), entre 2 e 5 salários (38,82%), entre 5 e 10 salários (13,35%), Mais de 10 salários (5,91%).";"Os questionários são aplicados com uso de equipamentos eletrônicos, supervisão in loco e via GPS, passarão por conferência através de novo contato até 20% dos entrevistados, todas as regiões pesquisadas foram selecionadas proporcionalmente.";"Os bairros serão anexados de acordo com a resolução."
"28/09/2026";"05:46:54";2026;81;"Eleições Gerais 2026";"GO";"GO";"GOIÁS";"GO047722026";"2026-09-15 23:27:17";"N";"49702717000174";"DATAPOP - INSTITUTO DE PESQUISA E MARKETING LTDA";"DATA POP PESQUISA";"Governador, Senador, Deputado Federal, Deputado Estadual";"2026-09-16 00:00:00";"2026-09-19 00:00:00";"2026-09-21 00:00:00";1500;"10526";"Jose Dos Reis Cunha Filho";"15000,00";"Pesquisa quantitativa com abordagem porta a porta, com eleitores que votam e/ou residem nos municípios: Goiânia, Anápolis, Aparecida de Goiânia, Bela Vista de Goiás, Trindade, Senador Canedo, Inhumas, Nerópolis, Catalão, Itumbiara, Goiatuba, Morrinhos, Caldas Novas, Ipameri, Rio Verde, Mineiros, Jatai, Quirinópolis, Santa Helena de Goiás, Acreúna, Palmeiras de Goiás, Goianésia, Uruaçu, Jaraguá, Niquelândia, Porangatu, Minaçu, Luziânia, Valparaiso de Goiás, Novo Gama, Formosa de Goiás, Padre Bernardo, Planaltina de Goiás, Aguas Lindas de Goiás, São Miguel do Araguaia, Mozarlândia, Cidade de Goiás, Iporá, São Luiz de Montes Belos e Aragarças no estado de Goiás, consistindo na realização de entrevistas pessoais e individuais, com a aplicação de questionário estruturado junto a uma amostra representativa do eleitorado em estudo. Devido a ordem probabilística da amostra, nesta pesquisa será considerada apenas os eleitores residentes dentro do município ou que no dia da entrevista estejam nele. Todas as entrevistas são espontâneas e os dados são sigilosos, guardados no banco de dados do instituto para tabulação e apresentação gráfica e analítica.";"Trata-se de uma amostra probabilística estratificada, com abordagem aleatória simples através de cotas de sexo, idade e escolaridade, ponderadas de acordo com a estatística do Eleitorado do TSE, 2026 (https://sig.tse.jus.br) e renda ponderada de acordo com registro do último senso estratificado do IBGE (https://cidades.ibge.gov.br) e em conformidade com a Resolução do TSE 23.600/2019, complementada pela Resolução 23.676/2021, com entrevistas domiciliares aos eleitores de 16 anos ou mais que exerça seu voto no estado de Goiás. Totalizando uma população eleitoral de 3.517.470 e amostra de 1.500, a um nível de confiança = 95%; Nível de significância = 5%; Margem de erro = 2,53%, com P = 0,5.
SEXO: Masculino (46,17%), Feminino (53,83%); FAIXA ETÁRIA: até 24 anos (12,73%), de 25 a 34 anos (19,83%), de 35 a 44 anos (20,56%), de 45 a 59 anos (26,19%), 60 anos ou mais (20,69%); ESCOLARIDADE: Analfabeto (1,81%), Lê e escreve (4,41%), 1º Grau inc/comp (24,37%), 2º Grau inc/comp (48,71%), 3º Grau inc/comp (20,70%); RENDA: Até 1 salário (15,67%), entre 1 e 2 salários (21,92%), entre 2 e 5 salários (38,15%), entre 5 e 10 salários (15,58%), Mais de 10 salários (8,68%).";"Os questionários são aplicados com uso de equipamentos eletrônicos, supervisão in loco e via GPS, passarão por conferência através de novo contato até 20% dos entrevistados, todas as regiões pesquisadas foram selecionadas proporcionalmente.";"Os municípios serão anexados de acordo com a resolução."
"28/09/2026";"05:46:54";2026;81;"Eleições Gerais 2026";"GO";"GO";"GOIÁS";"GO091522026";"2026-09-08 22:27:37";"N";"04851508000154";"INSTITUTO GAZETA LTDA";"IGAPE- INSTITUTO GAZETA DE PEQUISAS";"Governador, Senador, Deputado Federal, Deputado Estadual";"2026-09-09 00:00:00";"2026-09-13 00:00:00";"2026-09-14 00:00:00";1200;"10394";"FILIPE MOREIRA MARTINE";"10000,00";"A metodologia utilizada é Survey quantitativo, com realização das entrevistas de maneira pessoal em domicílio, com aplicação de questionário estruturado e padronizado em plataforma digital (tablet ou computador) junto a uma amostra representativa dos eleitores da Região GEOGRAFICA INTERMEDIARIA DE RIO VERDE (IBGE)";"O universo da pesquisa é composto por eleitores da Região Geográfica Intermediaria de Rio Verde, com idade a partir de 16 anos. A amostra prevista será de 1200 entrevistas. A Seleção da amostra será realizada utilizando-se quotas amostrais proporcionais, em função das seguintes variáveis. SEXO: Masculino: (48%); Feminino: (52%) - IDADE: 16 a 29 anos (22%); 30 a 44 anos: (32%); 45 a 59 anos: (26%); 60 anos ou mais: (20%) - ESCOLARIDADE: Analfabeto/Lê e escreve: (10%); Fundamental completo ou incompleto: (28%); Médio completo ou incompleto: (43%); Superior completo ou incompleto: (19%); RENDA INDIVIDUAL: Até 1 SM: (28%); Acima de 1 a 2 SM: (36%); Acima de 2 SM (36%). Está prevista eventual ponderação para correção das variáveis, com base nos percentuais acima apresentados - Área física da Região Geográfica Intermediaria de Rio Verde. Margem de Erro: A margem de erro máxima prevista para o total da amostra é de 2,8 pontos percentuais para mais ou para menos, considerando um nível de confiança de 95%. Fonte de Dados: TSE: Estatísticas do Eleitorado 2026 e IBGE Censo 2022";"A coleta de dados é realizada por entrevistadores, orientados por coordenadores de campo. Todos os questionários preenchidos recebem crítica para avaliação da consistência dos dados coletados, sendo que 20% dos questionários serão submetidos à conferência através de novos contatos com os entrevistados, medida sempre adotada que visa garantir a qualidade e fidelidade dos dados coletados. Conforme §6º. do art. 2º. da Resolução-TSE nº. 23.549, o pedido de registro poderá ser complementado pela entrega destes dados ao Tribunal Eleitoral até o sétimo dia seguinte ao registro da pesquisa. Serão enviados os dados relativos aos bairros abrangidos, na ausência de delimitação dos bairros, será identificada a área em que foi realizada)";"#NULO#"
"28/09/2026";"05:46:54";2026;81;"Eleições Gerais 2026";"GO";"GO";"GOIÁS";"GO076832026";"2026-06-10 09:02:32";"N";"56824073000152";"EXATA.GO PESQUISA LTDA";"EXATA.GO";"Governador, Senador";"2026-06-08 00:00:00";"2026-06-13 00:00:00";"2026-06-16 00:00:00";3600;"7655";"AUGUSTO DA SILVA ROCHA";"20000,00";"A pesquisa será do tipo quantitativo, por amostragem aleatória, com aplicação de questionário estruturado e abordagem de moradores eleitores nos municípios do estado de Goias, divididos nas regiões dentro do estado, em pontos estratégicos de fluxo de pessoal dos municípios e por visitas às residências dos municípios. O conjunto da população do Estado de Goias com 16 anos ou mais e que são votantes no referido estado foi tomado como universo da pesquisa.";"A amostra será representativa do eleitorado da área pesquisada e será selecionada em três etapas. Na primeira etapa realiza-se um sorteio probabilístico dos municípios onde as entrevistas serão realizadas através do método PPT (Probabilidade Proporcional ao Tamanho), considerando a população eleitora com 16 anos ou mais residente nos municípios como base para essa seleção. Na segunda etapa, faz-se um sorteio probabilístico das localidades, onde as entrevistas serão realizadas, através do método PPT (Probabilidade Proporcional ao Tamanho), tomando a população eleitora de 16 anos ou mais residente nas localidades como base para essa seleção. Na terceira etapa, a seleção do entrevistado dentro da localidade, será feita utilizando-se quotas amostrais proporcionais, em função das variáveis sexo, faixa etária, grau de instrução e Nível socioeconômico (renda mensal familiar). Por fim, os entrevistados são selecionados aleatoriamente para responder ao questionário, de acordo com cotas: 

SEXO: FEMININO  	52,97%	;
MASCULINO  	47,03%	;

Faixa Etária: 16 a 24 anos	13,12%	;
25 a 34 anos	19,40%	;
35 a 44 anos	20,12%	;
45 a 59 anos	26,12%	;
60 anos ou mais	21,24%	;

Grau de instrução: ANALFABETO	2,43%	;
LÊ E ESCREVE	5,53%	;
ENSINO FUNDAMENTAL COMPLETO	5,64%	;
ENSINO FUNDAMENTAL INCOMPLETO	20,76%	;
ENSINO MÉDIO COMPLETO	29,44%	;
ENSINO MÉDIO INCOMPLETO	17,52%	;
SUPERIOR COMPLETO	11,78%	;
SUPERIOR INCOMPLETO	6,90%	;



Nível econômico (renda mensal familiar): Até 1/2 salário mínimo 1,5% ; Mais de 1/2 a 1 salário mínimo 13,6% ; Mais de 1 a 2 salários mínimos 24,4% ; Mais de 2 a 5 salários mínimos 36,6% ; Mais de 5 a 10 salários mínimos 13,6% ; Mais de 10 a 20 salários mínimos 4,8% ; Mais de 20 salários mínimos 2,0% ; Sem rendimento 3,5% ; Fonte pública dos dados IBGE IBGE | Cidades@ | Goiás | Pesquisa | Censo 2010 | Universo - Características da população e dos domicílios; https://cidades.ibge.gov.br/brasil/go/pesquisa/23/24304?detalhes=true; 
(TSE/MAIO2026): https://sig.tse.jus.br/ords/dwapr/r/seai/sig-eleitor-eleitorado-mensal/cruzamento-eleitorado-mensal?p24_metricas=E&p24_back=22&p24_cruzamento_1=ds_sexo&clear=24&session=314327461887677 Ano=2026; Mês = MAIO; UF= GO; 
Observação: Conforme informações disponibilizadas pelo Instituto Brasileiro de Geografia e Estatística (IBGE), não houve nem há previsão de divulgação do perfil econômico (nível econômico) da população brasileira no âmbito do Censo Demográfico de 2022 (https://censo2022.ibge.gov.br/panorama/), para essa variável será adotado o fator de ponderação igual a 1, correspondente aos resultados obtidos em campo, caso seja verificada diferença superior à margem de erro prevista no estudo entre a projeção da amostra baseada nos dados do IBGE 2010 e os dados efetivamente coletados. Para as variáveis de sexo, idade e grau de instrução, está previsto uma eventual ponderação, nos limites da margem de erro, para correção nos tamanhos das variáveis, caso ocorra uma diferença entre a previsão da amostra e a coleta dos dados realizados sobre a faixa de eleitores acima de 16 anos. Margem de Erro: A margem de erro máxima prevista é de 1,63 pontos percentuais para mais ou para menos, considerando um nível de confiança de 95%.";"Os entrevistadores envolvidos na realização desta pesquisa são treinados pelo Instituto e recebem instruções específicas para cada projeto realizado. A coleta será feita com a utilização de questionário impresso, que serão computados posteriormente à pesquisa de campo. Os pesquisadores são supervisionados por um coordenador que estará em campo juntamente com a equipe garantindo a lisura da pesquisa. Internamente, todo o material é verificado e codificado. Antes do processamento final e emissão dos resultados, realiza-se processo de consistência dos dados. Os dados coletados e tratados nesta pesquisa atendem às exigências da LGPD, Lei Geral de Proteção de Dados, garantindo ao respondente o sigilo de sua identidade e o correto tratamento de suas respostas.";"#NULO#"
"28/09/2026";"05:46:54";2026;81;"Eleições Gerais 2026";"GO";"GO";"GOIÁS";"GO018142026";"2026-09-09 22:47:04";"N";"04851508000154";"INSTITUTO GAZETA LTDA";"IGAPE- INSTITUTO GAZETA DE PEQUISAS";"Governador, Senador, Deputado Federal, Deputado Estadual";"2026-09-09 00:00:00";"2026-09-14 00:00:00";"2026-09-15 00:00:00";2000;"10394";"FILIPE MOREIRA MARTINE";"15000,00";"A metodologia utilizada é Survey quantitativo, com realização das entrevistas de maneira pessoal em domicílio, com aplicação de questionário estruturado e padronizado em plataforma digital (tablet ou computador) junto a uma amostra representativa dos eleitores do Estado de Goias.";"O universo da pesquisa é composto por eleitores de Goiás, com idade a partir de 16 anos. A amostra prevista será de 2.000 entrevistas. A Seleção da amostra será realizada utilizando-se quotas amostrais proporcionais, em função das seguintes variáveis. SEXO: Masculino: (47%); Feminino: (53%) - IDADE: 16 a 29 anos (22%); 30 a 44 anos: (30%); 45 a 59 anos: (26%); 60 anos ou mais: (22%) - ESCOLARIDADE: Analfabeto/Lê e escreve: (8%); Fundamental completo ou incompleto: (27%); Médio completo ou incompleto: (47%); Superior completo ou incompleto: (18%); RENDA INDIVIDUAL: Até 1 SM: (32%); De 1 a 2 SM: (35%); Acima de 2 SM (33%). Está prevista eventual ponderação para correção das variáveis, com base nos percentuais acima apresentados - Área física: Unidade Federativa de Goiás. Margem de Erro: A margem de erro máxima prevista para o total da amostra é de 2,2 pontos percentuais para mais ou para menos, considerando um nível de confiança de 95%. Fonte de Dados: TSE: Estatísticas do Eleitorado 2026 e IBGE Censo 2022.";"A coleta de dados é realizada por entrevistadores, orientados por coordenadores de campo. Todos os questionários preenchidos recebem crítica para avaliação da consistência dos dados coletados, sendo que 20% dos questionários serão submetidos à conferência através de novos contatos com os entrevistados, medida sempre adotada que visa garantir a qualidade e fidelidade dos dados coletados. Conforme §6º. do art. 2º. da Resolução-TSE nº. 23.549, o pedido de registro poderá ser complementado pela entrega destes dados ao Tribunal Eleitoral até o sétimo dia seguinte ao registro da pesquisa. Serão enviados os dados relativos aos bairros abrangidos, na ausência de delimitação dos bairros, será identificada a área em que foi realizada)";"#NULO#"
"28/09/2026";"05:46:54";2026;81;"Eleições Gerais 2026";"GO";"GO";"GOIÁS";"GO020802026";"2026-09-07 22:12:31";"N";"04851508000154";"INSTITUTO GAZETA LTDA";"IGAPE- INSTITUTO GAZETA DE PEQUISAS";"Governador, Senador, Deputado Federal, Deputado Estadual";"2026-09-09 00:00:00";"2026-09-12 00:00:00";"2026-09-13 00:00:00";1000;"10394";"FILIPE MOREIRA MARTINE";"8000,00";"A metodologia utilizada é Survey quantitativo, com realização das entrevistas de maneira pessoal em domicílio, com aplicação de questionário estruturado e padronizado em plataforma digital (tablet ou computador) junto a uma amostra representativa dos eleitores de Goiânia";"O universo da pesquisa é composto por eleitores de Goiânia, com idade a partir de 16 anos. A amostra prevista será de 1000 entrevistas. A Seleção da amostra será realizada utilizando-se quotas amostrais proporcionais, em função das seguintes variáveis. SEXO: Masculino: (45); Feminino: (55%) - IDADE: 16 a 29 anos (21%); 30 a 44 anos: (32%); 45 a 59 anos: (27%); 60 anos ou mais: (22%) - ESCOLARIDADE: Analfabeto/Lê e escreve: (3%); Fundamental completo ou incompleto: (19%); Médio completo ou incompleto: (48%); Superior completo ou incompleto: (30%); RENDA: Até 1 SM: (38%); De 1 A 2 SM: (33%); Acima de 2 SM (29%) - Área física: Município de Goiânia. Margem de Erro: A margem de erro máxima prevista para o total da amostra é de 3,1 pontos percentuais para mais ou para menos, considerando um nível de confiança de 95%. Fonte de Dados: TSE: Estatísticas do Eleitorado 2026 e IBGE Censo 2022.";"A coleta de dados é realizada por entrevistadores, orientados por coordenadores de campo. Todos os questionários preenchidos recebem crítica para avaliação da consistência dos dados coletados, sendo que 20% dos questionários serão submetidos à conferência através de novos contatos com os entrevistados, medida sempre adotada que visa garantir a qualidade e fidelidade dos dados coletados. Conforme §6º. do art. 2º. da Resolução-TSE nº. 23.549, o pedido de registro poderá ser complementado pela entrega destes dados ao Tribunal Eleitoral até o sétimo dia seguinte ao registro da pesquisa. Serão enviados os dados relativos aos bairros abrangidos, na ausência de delimitação dos bairros, será identificada a área em que foi realizada)";"#NULO#"
"28/09/2026";"05:46:54";2026;81;"Eleições Gerais 2026";"GO";"GO";"GOIÁS";"GO055532026";"2026-04-06 21:21:02";"N";"44826961000125";"SMS - DIRECT PESQUISAS E MARKETING LTDA";"DIRECT PESQUISAS";"Governador, Senador, Deputado Federal, Deputado Estadual";"2026-04-07 00:00:00";"2026-04-10 00:00:00";"2026-04-12 00:00:00";1000;"10526";"José Dos Reis Cunha Filho";"10000,00";"Pesquisa quantitativa com abordagem porta a porta, com eleitores que votam e/ou residem no município de Goiânia no estado de Goiás, consistindo na realização de entrevistas pessoais e individuais, com a aplicação de questionário estruturado junto a uma amostra representativa do eleitorado em estudo. Devido a ordem probabilística da amostra, nesta pesquisa será considerada apenas os eleitores residentes dentro do município ou que no dia da entrevista estejam nele. Todas as entrevistas são espontâneas e os dados são sigilosos, guardados no banco de dados do instituto para tabulação e apresentação gráfica e analítica.";"Trata-se de uma amostra probabilística estratificada, com abordagem aleatória simples através de cotas de sexo, idade e escolaridade, ponderadas de acordo com a estatística do Eleitorado do TSE, 2026 (https://sig.tse.jus.br) e renda ponderada de acordo com registro do último senso estratificado do IBGE (https://cidades.ibge.gov.br) de acordo com a Resolução do TSE 23.600/2019, complementada pela Resolução 23.676/2021, com entrevistas domiciliares aos eleitores de 16 anos ou mais que exerça seu voto no município de Goiânia. Totalizando uma população eleitoral de 1.001.969 e amostra de 1.000, a um nível de confiança = 95%; Nível de significância = 5%; Margem de erro = 3,10%, com P = 0,5.
SEXO: Masculino (44,93%), Feminino (55,07%); FAIXA ETÁRIA: até 24 anos (10,61%), de 25 a 34 anos (19,01%), de 35 a 44 anos (20,96%), de 45 a 59 anos (26,52%), 60 anos ou mais (22,89%); ESCOLARIDADE: Analfabeto (0,68%), Lê e escreve (2,40%), 1º Grau inc/comp (18,46%), 2º Grau inc/comp (48,37%), 3º Grau inc/comp (30,09%); RENDA: Até 1 salário (10,10%), entre 1 e 2 salários (14,30%), entre 2 e 5 salários (35,45%), entre 5 e 10 salários (21,87%), Mais de 10 salários (18,28%).
";"Os questionários são aplicados com uso de equipamentos eletrônicos, supervisão in loco e via GPS, passarão por conferência através de novo contato até 20% dos entrevistados, todas as regiões pesquisadas foram selecionadas proporcionalmente.";"Os bairros serão anexados de acordo com a resolução."
"28/09/2026";"05:46:54";2026;81;"Eleições Gerais 2026";"GO";"GO";"GOIÁS";"GO044452026";"2026-08-12 19:24:34";"N";"44826961000125";"SMS - DIRECT PESQUISAS E MARKETING LTDA";"DIRECT PESQUISAS";"Governador, Senador, Deputado Federal, Deputado Estadual";"2026-08-10 00:00:00";"2026-08-11 00:00:00";"2026-08-18 00:00:00";400;"10526";"Jose Dos Reis Cunha Filho";"8000,00";"Pesquisa quantitativa com abordagem porta a porta, com eleitores que votam e/ou residem no município de Cristalina no estado de Goiás, consistindo na realização de entrevistas pessoais e individuais, com a aplicação de questionário estruturado junto a uma amostra representativa do eleitorado em estudo. Devido a ordem probabilística da amostra, nesta pesquisa será considerada apenas os eleitores residentes dentro do município ou que no dia da entrevista estejam nele. Todas as entrevistas são espontâneas e os dados são sigilosos, guardados no banco de dados do instituto para tabulação e apresentação gráfica e analítica.";"Trata-se de uma amostra probabilística estratificada, com abordagem aleatória simples através de cotas de sexo, idade e escolaridade, ponderadas de acordo com a estatística do Eleitorado do TSE, 2026 (https://sig.tse.jus.br) e renda ponderada de acordo com registro do último senso estratificado do IBGE (https://cidades.ibge.gov.br) e em conformidade com a Resolução do TSE 23.600/2019, complementada pela Resolução 23.676/2021, com entrevistas domiciliares aos eleitores de 16 anos ou mais que exerça seu voto no município de Cristalina. Totalizando uma população eleitoral de 39.004 e amostra de 400, a um nível de confiança = 95%; Nível de significância = 5%; Margem de erro = 4,87%, com P = 0,5.
SEXO: Masculino (48,18%), Feminino (51,82%); FAIXA ETÁRIA: até 24 anos (14,65%), de 25 a 34 anos (20,67%), de 35 a 44 anos (20,85%), de 45 a 59 anos (26,10%), 60 anos ou mais (17,73%); ESCOLARIDADE: Analfabeto (3,87%), Lê e escreve (5,07%), 1º Grau inc/comp (31,22%), 2º Grau inc/comp (44,26%), 3º Grau inc/comp (15,58%); RENDA: Até 1 salário (17,37%), entre 1 e 2 salários (25,27%), entre 2 e 5 salários (36,81%), entre 5 e 10 salários (13,81%), Mais de 10 salários (6,74%).
";"Os questionários são aplicados com uso de equipamentos eletrônicos, supervisão in loco e via GPS, passarão por conferência através de novo contato até 20% dos entrevistados, todas as regiões pesquisadas foram selecionadas proporcionalmente.";"Os bairros serão anexados de acordo com a resolução."
"28/09/2026";"05:46:54";2026;81;"Eleições Gerais 2026";"GO";"GO";"GOIÁS";"GO059032026";"2026-09-25 18:49:27";"N";"44826961000125";"SMS - DIRECT PESQUISAS E MARKETING LTDA";"DIRECT PESQUISAS";"Governador, Senador, Deputado Federal, Deputado Estadual";"2026-09-27 00:00:00";"2026-09-30 00:00:00";"2026-10-01 00:00:00";1200;"10526";"Jose Dos Reis Cunha Filho";"20000,00";"Pesquisa quantitativa com abordagem porta a porta, com eleitores que votam e/ou residem no estado de Goiás, nos municípios Goiânia, Aparecida De Goiás, Anápolis, Senador Canedo, Trindade, Goianira, Pirenópolis, Abadiânia, Luziânia, Aguas Lindas, Santo Antônio Do descoberto, Novo Gama, Valparaiso De Goiás, Planaltina De Goiás, Formosa De Goiás, Cidade Ocidental, Rio Verde, Jatai, Quirinópolis, Santa helena De Goiás, Mineiros, Palmeiras De Goiás, Itumbiara, Caldas Novas, Morrinhos, Goiatuba, Catalão, Ipameri, Pires Do Rio. Goianesia, Porangatu, Uruaçu, Jaraguá, Niquelândia, Ceres, São Miguel Do Araguaia, Itaberaí, Cidade De Goiás, Iporá São Luiz Montes Belos, Cidade De posse, Alto Paraiso De Goiás, Campos Belos E Alvorada Do Norte, consistindo na realização de entrevistas pessoais e individuais, com a aplicação de questionário estruturado junto a uma amostra representativa do eleitorado em estudo. Devido a ordem probabilística da amostra, nesta pesquisa será considerada apenas os eleitores residentes dentro do município ou que no dia da entrevista estejam nele. Todas as entrevistas são espontâneas e os dados são sigilosos, guardados no banco de dados do instituto para tabulação e apresentação gráfica e analítica.";"Trata-se de uma amostra probabilística estratificada, com abordagem aleatória simples através de cotas de sexo, idade e escolaridade, ponderadas de acordo com a estatística do Eleitorado do TSE, 2026 (https://sig.tse.jus.br) e renda ponderada de acordo com registro do último senso estratificado do IBGE (https://cidades.ibge.gov.br) e em conformidade com a Resolução do TSE 23.600/2019, complementada pela Resolução 23.676/2021, com entrevistas domiciliares aos eleitores de 16 anos ou mais que exerça seu voto no estado de Goiás. Totalizando uma população eleitoral de 5.081.043 e amostra de 1.200, a um nível de confiança = 95%; Nível de significância = 5%; Margem de erro = 2,83%, com P = 0,5.
SEXO: Masculino (47,02%), Feminino (52,98%); FAIXA ETÁRIA: até 24 anos (12,92%), de 25 a 34 anos (19,41%), de 35 a 44 anos (20,12%), de 45 a 59 anos (26,20%), 60 anos ou mais (21,35%); ESCOLARIDADE: Analfabeto (2,41%), Lê e escreve (5,48%), 1º Grau inc/comp (26,26%), 2º Grau inc/comp (47,23%), 3º Grau inc/comp (18,62%); RENDA: Até 1 salário (15,67%), entre 1 e 2 salários (21,92%), entre 2 e 5 salários (38,15%), entre 5 e 10 salários (15,58%), Mais de 10 salários (8,68%).";"Os questionários são aplicados com uso de equipamentos eletrônicos, supervisão in loco e via GPS, passarão por conferência através de novo contato até 20% dos entrevistados, todas as regiões pesquisadas foram selecionadas proporcionalmente.";"Os municípios serão anexados de acordo com a resolução."
"28/09/2026";"05:46:54";2026;81;"Eleições Gerais 2026";"GO";"GO";"GOIÁS";"GO053382026";"2026-09-15 21:03:27";"N";"44826961000125";"SMS - DIRECT PESQUISAS E MARKETING LTDA";"DIRECT PESQUISAS";"Governador, Senador, Deputado Federal, Deputado Estadual";"2026-09-16 00:00:00";"2026-09-17 00:00:00";"2026-09-21 00:00:00";400;"10526";"Jose Dos Reis Cunha Filho";"7000,00";"Pesquisa quantitativa com abordagem porta a porta, com eleitores que votam e/ou residem no município de Mineiros no estado de Goiás, consistindo na realização de entrevistas pessoais e individuais, com a aplicação de questionário estruturado junto a uma amostra representativa do eleitorado em estudo. Devido a ordem probabilística da amostra, nesta pesquisa será considerada apenas os eleitores residentes dentro do município ou que no dia da entrevista estejam nele. Todas as entrevistas são espontâneas e os dados são sigilosos, guardados no banco de dados do instituto para tabulação e apresentação gráfica e analítica.";"Trata-se de uma amostra probabilística estratificada, com abordagem aleatória simples através de cotas de sexo, idade e escolaridade, ponderadas de acordo com a estatística do Eleitorado do TSE, 2025 (https://sig.tse.jus.br) e renda ponderada de acordo com registro do último senso do IBGE 2010 (https://cidades.ibge.gov.br) de acordo com a Resolução do TSE 23.600/2019, complementada pela Resolução 23.676/2021, com entrevistas domiciliares aos eleitores de 16 anos ou mais que exerça seu voto no município de Mineiros. Totalizando uma população eleitoral de 51.835 e amostra de 400, a um nível de confiança = 95%; Nível de significância = 5%; Margem de erro = 4,88%, com P = 0,5.
SEXO: Masculino (47,46%), Feminino (52,54%); FAIXA ETÁRIA: até 24 anos (13,56%), de 25 a 34 anos (20,90%), de 35 a 44 anos (22,02%), de 45 a 59 anos (23,91%), 60 anos ou mais (19,60%); ESCOLARIDADE: Analfabeto (3,40%), Lê e escreve (4,07%), 1º Grau inc/comp (29,89%), 2º Grau inc/comp (41,34%), 3º Grau inc/comp (21,30%); RENDA: Até 1 salário (13,15%), entre 1 e 2 salários (18,91%), entre 2 e 5 salários (39,99%), entre 5 e 10 salários (19,01%), Mais de 10 salários (8,94%).";"Os questionários são aplicados com uso de equipamentos eletrônicos, supervisão in loco e via GPS, passarão por conferência através de novo contato até 20% dos entrevistados, todas as regiões pesquisadas foram selecionadas proporcionalmente.";"Os bairros serão anexados de acordo com a resolução."
"28/09/2026";"05:46:54";2026;81;"Eleições Gerais 2026";"GO";"GO";"GOIÁS";"GO085562026";"2026-09-16 22:34:33";"N";"04851508000154";"INSTITUTO GAZETA LTDA";"IGAPE- INSTITUTO GAZETA DE PEQUISAS";"Governador, Senador, Deputado Federal, Deputado Estadual";"2026-09-18 00:00:00";"2026-09-19 00:00:00";"2026-09-22 00:00:00";600;"10394";"Filipe Moreira Martine";"6000,00";"metodologia utilizada é Survey quantitativo, com realização das entrevistas de maneira pessoal em domicílio, com aplicação de questionário estruturado e padronizado em plataforma digital (tablet ou computador) junto a uma amostra representativa dos eleitores de Trindade.";"O universo da pesquisa é composto por eleitores de Trindade, com idade a partir de 16 anos. A amostra prevista será de 500 entrevistas. A Seleção da amostra será realizada utilizando-se quotas amostrais proporcionais, em função das seguintes variáveis. SEXO: Masculino: (46%); Feminino: (54%) - IDADE: 16 a 29 anos (23%); 30 a 44 anos: (32%); 45 a 59 anos: (26%); 60 anos ou mais: (19%) - ESCOLARIDADE: Analfabeto/Lê e escreve: (8%); Fundamental completo ou incompleto: (28%); Médio completo ou incompleto: (51%); Superior completo ou incompleto: (13%); RENDA INDIVIDUAL: Até 1 SM: (39%); Acima de 1 a 2 SM: (35%); Acima de 2 SM (27%). Está prevista eventual ponderação para correção das variáveis, com base nos percentuais acima apresentados - Área física: Município de Trindade - GO. Margem de Erro: A margem de erro máxima prevista para o total da amostra é de 4,3 pontos percentuais para mais ou para menos, considerando um nível de confiança de 95%. Fonte de Dados: TSE: Estatísticas do Eleitorado 2026 e IBGE Censo 2022.";"A coleta de dados é realizada por entrevistadores, orientados por coordenadores de campo. Todos os questionários preenchidos recebem crítica para avaliação da consistência dos dados coletados, sendo que 20% dos questionários serão submetidos à conferência através de novos contatos com os entrevistados, medida sempre adotada que visa garantir a qualidade e fidelidade dos dados coletados. Conforme §6º. do art. 2º. da Resolução-TSE nº. 23.549, o pedido de registro poderá ser complementado pela entrega destes dados ao Tribunal Eleitoral até o sétimo dia seguinte ao registro da pesquisa. Serão enviados os dados relativos aos bairros abrangidos, na ausência de delimitação dos bairros, será identificada a área em que foi realizada)";"#NULO#"
"28/09/2026";"05:46:54";2026;81;"Eleições Gerais 2026";"GO";"GO";"GOIÁS";"GO045602026";"2026-09-18 12:42:26";"N";"04851508000154";"INSTITUTO GAZETA LTDA";"IGAPE- INSTITUTO GAZETA DE PEQUISAS";"Governador, Senador, Deputado Federal, Deputado Estadual";"2026-09-19 00:00:00";"2026-09-20 00:00:00";"2026-09-24 00:00:00";500;"10394";"Filipe Moreira Martine";"5000,00";"A metodologia utilizada é Survey quantitativo, com realização das entrevistas de maneira pessoal em domicílio, com aplicação de questionário estruturado e padronizado em plataforma digital (tablet ou computador) junto a uma amostra representativa dos eleitores de Senador Canedo.";"O universo da pesquisa é composto por eleitores de Senador Canedo, com idade a partir de 16 anos. A amostra prevista será de 500 entrevistas. A Seleção da amostra será realizada utilizando-se quotas amostrais proporcionais, em função das seguintes variáveis. SEXO: Masculino: (46%); Feminino: (54%) - IDADE: 16 a 29 anos (26%); 30 a 44 anos: (35%); 45 a 59 anos: (25%); 60 anos ou mais: (14%) - ESCOLARIDADE: Analfabeto/Lê e escreve: (5%); Fundamental completo ou incompleto: (28%); Médio completo ou incompleto: (55%); Superior completo ou incompleto: (12%); RENDA INDIVIDUAL: Até 1 SM: (31%); De 1 a 2 SM: (42%); Acima de 2 SM (27%). Está prevista eventual ponderação para correção das variáveis, com base nos percentuais acima apresentados - Área física: Município de Senador Canedo - GO. Margem de Erro: A margem de erro máxima prevista para o total da amostra é de 4,3 pontos percentuais para mais ou para menos, considerando um nível de confiança de 95%. Fonte de Dados: TSE: Estatísticas do Eleitorado 2026 e IBGE Censo 2022.";"A coleta de dados é realizada por entrevistadores, orientados por coordenadores de campo. Todos os questionários preenchidos recebem crítica para avaliação da consistência dos dados coletados, sendo que 20% dos questionários serão submetidos à conferência através de novos contatos com os entrevistados, medida sempre adotada que visa garantir a qualidade e fidelidade dos dados coletados. Conforme §6º. do art. 2º. da Resolução-TSE nº. 23.549, o pedido de registro poderá ser complementado pela entrega destes dados ao Tribunal Eleitoral até o sétimo dia seguinte ao registro da pesquisa. Serão enviados os dados relativos aos bairros abrangidos, na ausência de delimitação dos bairros, será identificada a área em que foi realizada)";"#NULO#"
"28/09/2026";"05:46:54";2026;81;"Eleições Gerais 2026";"GO";"GO";"GOIÁS";"GO058782026";"2026-07-18 12:35:51";"N";"44826961000125";"SMS - DIRECT PESQUISAS E MARKETING LTDA";"DIRECT PESQUISAS";"Governador, Senador, Deputado Federal, Deputado Estadual";"2026-07-20 00:00:00";"2026-07-21 00:00:00";"2026-07-24 00:00:00";500;"10526";"Jose Dos Reis Cunha Filho";"5000,00";"Pesquisa quantitativa com abordagem porta a porta, com eleitores que votam e/ou residem no município de Formosa no estado de Goiás, consistindo na realização de entrevistas pessoais e individuais, com a aplicação de questionário estruturado junto a uma amostra representativa do eleitorado em estudo. Devido a ordem probabilística da amostra, nesta pesquisa será considerada apenas os eleitores residentes dentro do município ou que no dia da entrevista estejam nele. Todas as entrevistas são espontâneas e os dados são sigilosos, guardados no banco de dados do instituto para tabulação e apresentação gráfica e analítica.";"Trata-se de uma amostra probabilística estratificada, com abordagem aleatória simples através de cotas de sexo, idade e escolaridade, ponderadas de acordo com a estatística do Eleitorado do TSE, 2026 (https://sig.tse.jus.br) e renda ponderada de acordo com registro do último senso estratificado do IBGE (https://cidades.ibge.gov.br) de acordo com a Resolução do TSE 23.600/2019, complementada pela Resolução 23.676/2021, com entrevistas domiciliares aos eleitores de 16 anos ou mais que exerça seu voto no município de Formosa. Totalizando uma população eleitoral de 77.904 e amostra de 500, a um nível de confiança = 95%; Nível de significância = 5%; Margem de erro = 4,37%, com P = 0,5.
SEXO: Masculino (46,41%), Feminino (53,59%); FAIXA ETÁRIA: até 24 anos (14,23%), de 25 a 34 anos (20,21%), de 35 a 44 anos (20,93%), de 45 a 59 anos (25,86%), 60 anos ou mais (18,77%); ESCOLARIDADE: Analfabeto (3,74%), Lê e escreve (4,66%), 1º Grau inc/comp (22,20%), 2º Grau inc/comp (46,49%), 3º Grau inc/comp (22,91%); RENDA: Até 1 salário (18,55%), entre 1 e 2 salários (23,89%), entre 2 e 5 salários (33,41%), entre 5 e 10 salários (14,53%), Mais de 10 salários (9,62%).
";"Os questionários são aplicados com uso de equipamentos eletrônicos, supervisão in loco e via GPS, passarão por conferência através de novo contato até 20% dos entrevistados, todas as regiões pesquisadas foram selecionadas proporcionalmente.";"Os bairros serão anexados de acordo com a resolução."
"28/09/2026";"05:46:54";2026;81;"Eleições Gerais 2026";"GO";"GO";"GOIÁS";"GO072252026";"2026-08-28 00:20:36";"N";"31884294000195";"VILANI E BARBOSA NEGOCIOS LTDA";"DATA RD";"Governador, Senador";"2026-08-30 00:00:00";"2026-09-02 00:00:00";"2026-09-03 00:00:00";1495;"10808";"JERFSON BRUNO DO NASCIMENTO HONORIO";"12870,00";"Apresentam-se os dados da pesquisa eleitoral de opinião pública a ser conduzida no estado de Goiás. Esta pesquisa quantitativa será realizada por meio de entrevistas telefônicas, utilizando questionários estruturados e padronizados, aplicados a uma amostra representativa da população alvo. A coleta de dados será conduzida por entrevistadores treinados, utilizando o sistema CATI (Computer-Assisted Telephone Interviewing), com apoio de dispositivos eletrônicos para registro das respostas.

Nota 1: Pode ocorrer que o total da linha não corresponda exatamente ao somatório das células individuais devido ao arredondamento computacional. No entanto, essas diferenças são compensadas em outras linhas, sem perda da representatividade da amostra. É normal que algumas células apresentem mais entrevistas do que o registrado, pois arredondamos números para refletir a realidade da pesquisa. Por exemplo, se a distribuição resultar em 1,5 entrevistas, arredondamos para 2 entrevistas, pois não é possível realizar uma fração de entrevista. Logo, o somatório pode apresentar uma soma superior ao registrado.

Nota 2: É importante destacar que o registro é exclusivamente para fins de divulgação, o que significa que uma pesquisa pode ser realizada antes ou depois da data de registro. Este requisito está claramente estabelecido no Artigo 10 da resolução. Art. 10. Na divulgação dos resultados de pesquisas, ATUAIS OU NÃO, serão obrigatoriamente informados: I - o período de realização da coleta de dados; II - a margem de erro; III - o nível de confiança; IV - o número de entrevistas; V - o nome da entidade ou da empresa que a realizou e, se for o caso, de quem a contratou; VI - o número de registro da pesquisa.

Nota 3: Ao registrar uma pesquisa, é comum cometer erros de digitação ou outros equívocos. O TSE permite a correção ou exclusão de registros no sistema PesqEle até 5 dias após a data de registro. Quando uma modificação é realizada, o sistema gera um novo número de registro e atualiza a data para a data da modificação, conforme o artigo 8 da resolução. Em relação à exclusão, o sistema permite a remoção total do registro. Após os 5 dias, o sistema impede quaisquer modificações ou exclusões. É importante observar que é possível excluir um registro e refazê-lo com as mesmas informações do registro excluído, como questionário, nota fiscal, entre outros. Art. 8o O registro da pesquisa poderá ser alterado desde que não expirado o prazo de 5 (cinco) dias para a divulgação do seu resultado. § 1o A alteração de que trata o caput implica a atribuição de novo número de identificação à pesquisa e o reinício da contagem do prazo previsto no caput do art. 2o desta Resolução, a partir do recebimento das alterações com a indicação, pelo sistema, da nova data a partir da qual será permitida a divulgação da pesquisa. § 3o ...a pesquisa ser cancelada pela própria usuária ou pelo próprio usuário, sem prejuízo da apresentação de um novo registro.

Nota 4: Pagante(S) Do Trabalho Em Branco: Quando o campo 'pagante' está em branco, isso ocorre porque o contratante é também o pagante da pesquisa. O sistema do TSE presume que qualquer pessoa com um mínimo de interesse verificará facilmente a origem dos recursos ao lado do nome do contratante, fora que a nota fiscal também está disponível para qualquer pessoa. A informação de pagante só é preenchida quando há duas partes envolvidas: um contratante e um pagante";"I) Público Pesquisado: Eleitores no estado de Goiás. Modalidade de aplicação: entrevistas telefônicas.

II) Tipo de Amostra: A amostra é representativa do eleitorado estadual, selecionada em três estágios. No primeiro estágio, os estados são selecionados de forma probabilística utilizando o método da probabilidade proporcional ao tamanho (PPT), com base no total do eleitorado de cada unidade federativa, garantindo que estados com maior contingente eleitoral contribuam proporcionalmente com maior volume de contatos. No segundo estágio, dentro de cada estado selecionado, os números de telefone são selecionados por meio de discagem aleatória (RDD ¿ Random Digit Dialing), abrangendo linhas fixas e móveis (celulares) ativas no estado alvo, assegurando cobertura do universo de eleitores com acesso a telefone. No terceiro estágio, dentro de cada contato estabelecido, o entrevistado é selecionado por cotas proporcionais aos atributos de sexo, faixa etária, grau de instrução e renda, de acordo com o perfil do eleitorado em estudo. Fonte de Dados: Tribunal Superior Eleitoral (TSE, August/2026) e Instituto Brasileiro de Geografia e Estatística (IBGE, CENSO 2022).

III) Tamanho da Amostra: 1495 entrevistas.

IV) Ponderação: A ponderação é realizada considerando 53% para o sexo feminino e 47% para o sexo masculino. Em relação às faixas etárias, a distribuição é a seguinte: 12.5% de 16 a 24 anos, 19.4% de 25 a 34 anos, 20% de 35 a 44 anos, 26.4% de 45 a 59 anos e 21.7% com 60 anos ou mais. Para o grau de instrução, são utilizadas as seguintes categorias: 7.9% de Analfabeto/Lê e Escreve, 26.3% até o ensino fundamental, 47.2% até o ensino médio e 18.6% até a faculdade ou mais. Em relação à renda, são utilizadas as seguintes categorias: 15.7% até 1 salário mínimo, 25.3% de 1 a 2 salários mínimos e 59% acima de 2 salários mínimos. Está prevista uma ponderação para correção de variáveis de sexo e faixa etária, com base nos percentuais acima apresentados, de acordo com o previsto na amostra (TSE) e a coleta realizada. Para as variáveis de escolaridade e renda domiciliar mensal, o fator de ponderação será igual a 1, conforme os resultados obtidos em campo.

V) Área Física de Realização da Pesquisa: A amostra será coletada em toda a extensão geográfica do estado de Goiás.

VI) Intervalo de Confiança/Margem de Erro: O intervalo de confiança estimado é de 95% com uma margem de erro de 2.53% para mais ou para menos sobre os resultados encontrados no total da amostra. Este grau de confiança e margem de erro não devem ser considerados para resultados dentro de cada estrato, nem para os resultados gerados pelos cruzamentos de variáveis. Os percentuais que não totalizam 100% são devido a arredondamentos ou a múltiplas alternativas de resposta. O cálculo amostral é realizado pela proporção [estimador = p e (1-p) ou p e q).

VII) O modelo de questionário aplicado está disponível em anexo.

VIII) Na elaboração de todos os questionários emitidos pela empresa DataRD, é implementado um sistema de aleatorização para a ordem das respostas de cada uma das perguntas. Essa prática é essencial para evitar possíveis vieses que poderiam surgir caso as respostas fossem sempre apresentadas na mesma ordem. Ao aleatorizar as respostas, garantimos que todos os participantes tenham a mesma oportunidade de encontrar cada resposta em diferentes posições do questionário. Isso contribui significativamente para minimizar qualquer influência que a ordem das perguntas possa ter sobre as respostas. No contexto telefônico, a leitura das alternativas pelo entrevistador segue ordem definida por sorteio sistematizado pelo software de coleta.";"Para a realização da pesquisa utiliza-se uma equipe de entrevistadores e coordenadores de campo devidamente treinados para o trabalho pela empresa DataRD. As entrevistas são gravadas mediante consentimento do entrevistado, para fins de controle de qualidade. Durante a realização dos trabalhos de campo, os entrevistadores são submetidos a uma fiscalização permanente por parte dos coordenadores e são realizadas checagem de 20% da amostra para atestar a realização das entrevistas e a fidedignidade dos dados, garantindo-se dessa forma, robustez na precisão dos estimadores dos parâmetros populacionais.";"Em anexo"
"28/09/2026";"05:46:54";2026;81;"Eleições Gerais 2026";"GO";"GO";"GOIÁS";"GO052932026";"2026-08-27 21:45:47";"S";"19259002000128";"ATLASINTEL TECNOLOGIA DE DADOS LTDA";"ATLASINTEL";"Governador, Senador";"2026-08-27 00:00:00";"2026-09-01 00:00:00";"2026-09-02 00:00:00";1200;"11220";"ANDREI CAMILO DOS SANTOS";"65000,00";"Pesquisa quantitativa com coleta aleatória via questionário estruturado web e pós-estratificação da amostra de acordo com as características do eleitorado de Goiás.";"Amostra aleatória pós-estratificada via algoritmo iterativo com quotas proporcionais, representando características do eleitorado de Goiás: SEXO: Masculino: 47.0%; Feminino: 53.0%. FAIXA ETÁRIA: Entre 16 a 24 anos: 12.9%; Entre 25 a 34 anos: 19.4%; Entre 35 a 44 anos: 20.1%; Entre 45 a 59 anos: 26.2%; 60 ou mais: 21.3%. ESCOLARIDADE: Ensino Fundamental completo ou incompleto e eleitores sem educação formal: 31.9%; Ensino Médio completo ou incompleto: 41.6%; Ensino Superior completo ou incompleto: 26.5%. NÍVEL ECONÔMICO: Renda familiar mensal até R$2000: 17.7%; Mais de R$2.000 a R$3.000: 16.9%; Mais de R$3.000 a R$5.000: 25.1%; Mais de R$5.000 a R$10.000: 26.4%; Mais de R$10.000: 13.8%. OBS.: devido ao arredondamento, a soma dos percentuais pode variar de 99% a 101%. Na agregação final, para cada variável de ponderação, serão admissíveis desvios de até 3.0 pontos percentuais em relação às quotas estipuladas. Confiança estimada: 95%, margem de erro: +/- 3.0 pontos percentuais. FONTE DOS DADOS: PNADC 2024 para escolaridade e nível econômico | TSE 2026 para sexo e faixa etária.";"Coleta feita com a utilização de questionário eletrônico com procedimentos específicos para o armazenamento seguro dos dados. São checados manualmente no mínimo 15% dos questionários para detectar possíveis anomalias. Pesquisadores especializados realizam internamente uma verificação exaustiva da consistência dos dados antes da divulgação dos resultados finais.";"#NULO#"
"28/09/2026";"05:46:54";2026;81;"Eleições Gerais 2026";"GO";"GO";"GOIÁS";"GO017912026";"2026-08-12 18:43:10";"N";"81908345000140";"INSTITUTO PARANA DE PESQUISAS E ANALISE DE CONSUMIDOR LTDA";"#NULO#";"Governador, Senador";"2026-08-14 00:00:00";"2026-08-17 00:00:00";"2026-08-18 00:00:00";1240;"10245 - 4ª";"Tatiani Cristina Ara";"45000,00";"Pesquisa com metodologia quantitativa, com a realização de entrevistas pessoais, domiciliares e presenciais, utilizando questionário estruturado junto a uma amostra representativa do eleitorado do Estado de Goiás.


";"""A amostra será representativa do eleitorado da área pesquisada e será selecionada em três etapas. Na primeira etapa realiza-se um sorteio probabilístico dos municípios onde as entrevistas serão realizadas através do método PPT (Probabilidade Proporcional ao Tamanho), considerando a população eleitora com 16 anos ou mais residente nos municípios como base para essa seleção. Na segunda etapa, faz-se um sorteio probabilístico das localidades, onde as entrevistas serão realizadas, através do método PPT (Probabilidade Proporcional ao Tamanho), tomando a população eleitora de 16 anos ou mais residente nas localidades como base para essa seleção. Na terceira etapa, a seleção do entrevistado dentro da localidade, será feita utilizando-se quotas amostrais proporcionais, em função das seguintes variáveis:
GÊNERO: TSE Julho 2026 (https://sig.tse.jus.br/ords/dwapr/r/seai/sig-eleitor-eleitorado-mensal/cruzamento-eleitorado-mensal?p24_metricas=E&p24_back=22&p24_cruzamento_1=ds_sexo&clear=24&p0_uf=GO&p0_mes=7&debug=LEVEL5&session=312990078978641)
Masculino - 47%; |
Feminino - 53%; |
FAIXA ETÁRIA: TSE Julho 2026 (https://sig.tse.jus.br/ords/dwapr/r/seai/sig-eleitor-eleitorado-mensal/cruzamento-eleitorado-mensal?p24_cruzamento_1=ds_faixa_etaria&p24_metricas=E&p24_back=22&clear=24&p0_uf=GO&p0_mes=7&debug=LEVEL5&session=8904950028837) 
Entre 16 e 24 anos: 13%; |
Entre 25 e 34 anos: 19%; |
Entre 35 e 44 anos: 20%; |
Entre 45 e 59 anos: 26%; |
Com 60 anos ou mais: 22%; |
ESCOLARIDADE: TSE Julho 2026 (https://sig.tse.jus.br/ords/dwapr/r/seai/sig-eleitor-eleitorado-mensal/cruzamento-eleitorado-mensal?p24_cruzamento_1=ds_grau_instrucao&p24_metricas=E&p24_back=22&clear=24&p0_uf=GO&p0_mes=7&debug=LEVEL5&session=309383598034615) Observação: Conforme informações obtidas no site do Tribunal Superior Eleitoral, o TSE, (https://dadosabertos.tse.jus.br/group/about/eleitorado) """"Os registros de grau de escolaridade podem apresentar dados defasados, pois refletem a situação do eleitor na ocasião do cadastramento.""""
De analfabeto até ensino fundamental completo: 34%; |
Ensino médio incompleto ou completo: 47% |
Ensino superior incompleto ou completo: 19% |
RENDA DOMICILIAR MENSAL:  (https://cidades.ibge.gov.br/brasil/go/pesquisa/23/24304) IBGE - Censo 2010. Observação: Conforme informações obtidas do Instituto Brasileiro de Geografia e Estatística, o IBGE, não divulgou - e não tem previsão - de data para divulgação do perfil econômico (nível econômico) da população brasileira; portanto, os dados quanto ao nível econômico obtidos no Censo 2022, não podem ser utilizados, pois não foram publicados. (https://censo2022.ibge.gov.br/panorama/)
Sem rendimentos até 2 salários mínimos: 43% |
Mais de 2 a 5 salários mínimos: 37% |
Mais de 5 salários mínimos: 20% |
Está prevista eventual ponderação para correção das variáveis gênero e faixa etária, com base nos percentuais acima apresentados, caso ocorram diferenças superiores a 3,0 (três) pontos percentuais entre o previsto na amostra e a coleta realizada; para as variáveis escolaridade e renda domiciliar mensal, o fator de ponderação é igual a 1 (resultados obtidos no campo). O nível de confiança estimado é de 95% (noventa e cinco por cento) para uma margem de erro estimada, considerando uma técnica de amostragem aleatória simples, de aproximadamente 2,8 (dois vírgula oito) pontos percentuais para mais ou para menos sobre os resultados obtidos.""





";"""As entrevistas serão conduzidas por uma equipe de entrevistadores e supervisores devidamente qualificados pelo Instituto Paraná Pesquisas, todos com experiência e treinamento específico em pesquisas de opinião pública. 
Controle: O controle do processo será realizado por meio de um software de coleta de dados.
Conferência e Fiscalização: Durante a coleta de dados os questionários aplicados são fiscalizados e conferidos através de um supervisor.   
Adicionalmente, pelo menos 30% dos questionários passarão por uma verificação posterior, que avaliará a precisão na aplicação e a adequação dos entrevistados às variáveis das quotas amostrais. Ou seja, no mínimo 372 entrevistas desta pesquisa serão auditadas pela equipe de qualidade do Instituto Paraná Pesquisas, podendo essa auditoria ser solicitada ao Instituto a qualquer momento.
Verificação: Após a coleta, os questionários passam por uma etapa de verificação e validação dos dados, para garantir a integridade e precisão dos dados coletados.""





";" ""A pesquisa será realizada no Estado de Goiás, a relação dos dados relativos aos municípios e às localidades será apresentado até o dia seguinte à data a partir da qual a pesquisa puder ser divulgada, conforme §7º do art. 2º da Resolução-TSE nº. 23.600/2019""





"
"28/09/2026";"05:46:54";2026;81;"Eleições Gerais 2026";"GO";"GO";"GOIÁS";"GO093022026";"2026-08-24 23:03:31";"N";"04851508000154";"INSTITUTO GAZETA LTDA";"IGAPE- INSTITUTO GAZETA DE PEQUISAS";"Governador, Senador, Deputado Federal, Deputado Estadual";"2026-08-20 00:00:00";"2026-08-29 00:00:00";"2026-08-30 00:00:00";3000;"10394";"FILIPE MOREIRA MARTINE";"15000,00";"A metodologia utilizada é Survey quantitativo, com realização das entrevistas através de pesquisa telefônica, com aplicação de questionário estruturado e padronizado em plataforma digital (tablet ou computador) junto a uma amostra representativa dos eleitores do Estado de Goias.";"O universo da pesquisa é composto por eleitores de Goiás, com idade a partir de 16 anos. A amostra prevista será de 3.000 entrevistas. A Seleção da amostra será realizada utilizando-se quotas amostrais proporcionais, em função das seguintes variáveis. SEXO: Masculino: (47%); Feminino: (53%) - IDADE: 16 a 29 anos (22%); 30 a 44 anos: (30%); 45 a 59 anos: (26%); 60 anos ou mais: (22%) - ESCOLARIDADE: Analfabeto/Lê e escreve: (8%); Fundamental completo ou incompleto: (27%); Médio completo ou incompleto: (47%); Superior completo ou incompleto: (18%); RENDA INDIVIDUAL: Até 1 SM: (32%); De 1 a 2 SM: (35%); Acima de 2 SM (33%). Está prevista eventual ponderação para correção das variáveis, com base nos percentuais acima apresentados - Área física: Unidade Federativa de Goiás. Margem de Erro: A margem de erro máxima prevista para o total da amostra é de 1,8 pontos percentuais para mais ou para menos, considerando um nível de confiança de 95%. Fonte de Dados: TSE: Estatísticas do Eleitorado 2026 e IBGE Censo 2022.";"A coleta de dados é realizada por entrevistadores, orientados por coordenadores de campo. Todos os questionários preenchidos recebem crítica para avaliação da consistência dos dados coletados, sendo que 20% dos questionários serão submetidos à conferência através de novos contatos com os entrevistados, medida sempre adotada que visa garantir a qualidade e fidelidade dos dados coletados. Conforme §6º. do art. 2º. da Resolução-TSE nº. 23.549, o pedido de registro poderá ser complementado pela entrega destes dados ao Tribunal Eleitoral até o sétimo dia seguinte ao registro da pesquisa. Serão enviados os dados relativos aos bairros abrangidos, na ausência de delimitação dos bairros, será identificada a área em que foi realizada)";"#NULO#"
"28/09/2026";"05:46:54";2026;81;"Eleições Gerais 2026";"GO";"GO";"GOIÁS";"GO023982026";"2026-08-25 22:04:29";"N";"04851508000154";"INSTITUTO GAZETA LTDA";"IGAPE- INSTITUTO GAZETA DE PEQUISAS";"Governador, Senador, Deputado Federal, Deputado Estadual";"2026-08-22 00:00:00";"2026-08-26 00:00:00";"2026-08-31 00:00:00";800;"10394";"FILIPE MOREIRA MARTINE";"5000,00";"A metodologia utilizada é Survey quantitativo, com realização das entrevistas de maneira pessoal em domicílio, com aplicação de questionário estruturado e padronizado em plataforma digital (tablet ou computador) junto a uma amostra representativa dos eleitores de Anápolis.";"O universo da pesquisa é composto por eleitores de Anápolis, com idade a partir de 16 anos. A amostra prevista será de 800 entrevistas. A Seleção da amostra será realizada utilizando-se quotas amostrais proporcionais, em função das seguintes variáveis. SEXO: Masculino: (47%); Feminino: (53%) - IDADE: 16 a 29 anos (23%); 30 a 44 anos: (31%); 45 a 59 anos: (25%); 60 anos ou mais: (21%) - ESCOLARIDADE: Analfabeto/Lê e escreve: (5%); Fundamental completo ou incompleto: (27%); Médio completo ou incompleto: (47%); Superior completo ou incompleto: (21%) ; RENDA INDIVIDUAL: Até 1 SM: (38%);  de 1 até 2 SM: (40%); Acima de 2 SM (22%). Está prevista eventual ponderação para correção das variáveis, com base nos percentuais acima apresentados - Área física: Município de Anápolis. Margem de Erro: A margem de erro máxima prevista para o total da amostra é de 3,5 pontos percentuais para mais ou para menos, considerando um nível de confiança de 95%. Fonte de Dados: TSE ; Estatísticas do Eleitorado 2026 e IBGE Censo 2022.";"A coleta de dados é realizada por entrevistadores, orientados por coordenadores de campo. Todos os questionários preenchidos recebem crítica para avaliação da consistência dos dados coletados, sendo que 20% dos questionários serão submetidos à conferência através de novos contatos com os entrevistados, medida sempre adotada que visa garantir a qualidade e fidelidade dos dados coletados.";"#NULO#"
"28/09/2026";"05:46:54";2026;81;"Eleições Gerais 2026";"GO";"GO";"GOIÁS";"GO037512026";"2026-07-03 18:23:46";"S";"22345021000181";"REAL TIME MIDIA LTDA";"REAL TIME BIG DATA";"Governador, Senador";"2026-07-07 00:00:00";"2026-07-08 00:00:00";"2026-07-09 00:00:00";1600;"10839";"Isabela Zara Cremoneze";"64000,00";"Pesquisa quantitativa, que consiste na realização de entrevistas com eleitores do universo a ser explorado, feitas em combinação mista por entrevistadores humanos e recursos de inteligência artificial, com a aplicação de questionário estruturado com abordagens telefônicas e digitais junto a uma amostra representativa do eleitorado em estudo. Pesquisa realizada no Estado de Goiás (GO).";"Representativo do eleitorado da área em estudo, elaborada em três estágios.
No primeiro estágio, realiza-se um sorteio probabilístico dos municípios onde as entrevistas serão realizadas, pelo método PPT (Probabilidade Proporcional ao Tamanho), tomando a população eleitora de 16 anos ou mais residente nos municípios como base para essa seleção.
No segundo estágio, efetua-se um sorteio probabilístico das localidades dentro dos municípios selecionados, também pelo método PPT (Probabilidade Proporcional ao Tamanho), considerando a população eleitora de 16 anos ou mais residente nessas localidades como base para a seleção.
No terceiro e último estágio, dentro das localidades sorteadas, os respondentes são selecionados por meio de quotas amostrais proporcionais, em função de variáveis significativas, a saber:
GÊNERO:
Feminino: 52,98%;
Masculino: 47,02%.
(Fonte: TSE, Junho/2026 -- https://sig.tse.jus.br/ords/dwapr/r/seai/sig-eleitor-eleitorado-mensal/cruzamento-eleitorado-mensal?p24_metricas=E&p24_back=22&p24_cruzamento_1=ds_sexo&clear=24&session=12221024132088)
FAIXA ETÁRIA:
16 anos: 0,44%;
17 anos: 0,76%;
18 a 20 anos: 4,51%;
21 a 24 anos: 7,21%;
25 a 34 anos: 19,41%;
35 a 44 anos: 20,12%;
45 a 59 anos: 26,20%;
60 a 69 anos: 11,99%;
70 a 79 anos: 6,58%;
Superior a 79 anos: 2,78%.
(Fonte: TSE, Junho/2026 -- https://sig.tse.jus.br/ords/dwapr/r/seai/sig-eleitor-eleitorado-mensal/cruzamento-eleitorado-mensal?p24_cruzamento_1=ds_faixa_etaria&p24_metricas=E&p24_back=22&clear=24&session=12221024132088)
ESCOLARIDADE:
Analfabeto: 2,41%;
Lê e Escreve: 5,48%;
Ensino Fundamental Incompleto: 20,65%;
Ensino Fundamental Completo: 5,61%;
Ensino Médio Incompleto: 17,82%;
Ensino Médio Completo: 29,41%;
Ensino Superior Incompleto: 6,90%;
Ensino Superior Completo: 11,72%.
(Fonte: TSE, Junho/2026 -- https://sig.tse.jus.br/ords/dwapr/r/seai/sig-eleitor-eleitorado-mensal/cruzamento-eleitorado-mensal?p24_cruzamento_1=ds_grau_instrucao&p24_metricas=E&p24_back=22&clear=24&session=12221024132088)
RENDA DOMICILIAR MENSAL:
Sem rendimento: 3,44%;
Até 1/2 Salário Mínimo: 1,54%;
Mais de 1/2 a 1 Salário Mínimo: 13,65%;
Mais de 1 a 2 Salários Mínimos: 24,43%;
Mais de 2 a 5 Salários Mínimos: 36,58%;
Mais de 5 a 10 Salários Mínimos: 13,61%;
Mais de 10 a 20 Salários Mínimos: 4,75%;
Mais de 20 Salários Mínimos: 1,99%;
(Fonte: IBGE (CENSO-2010) -- https://cidades.ibge.gov.br/brasil/go/pesquisa/23/26504?detalhes=true
Observação: De acordo com informações do Instituto Brasileiro de Geografia e Estatística (IBGE), não há previsão de data para a divulgação do perfil econômico da população brasileira do CENSO 2022. Portanto, os dados sobre o nível econômico obtidos no Censo 2022 não podem ser utilizados, pois ainda não foram publicados.
Está prevista eventual ponderação para correção das variáveis sexo e idade, com base nos percentuais anteriormente mencionados, caso ocorram diferenças superiores a 3 pontos percentuais entre o previsto na amostra e a coleta de dados realizada. Para as variáveis de grau de instrução e nível econômico do entrevistado, o fator previsto para ponderação é 1 (resultados obtidos em campo). O nível de confiança estimado é de 95% e a margem de erro máxima estimada considerando um modelo de amostragem aleatório simples, é de aproximadamente 2 (dois) pontos percentuais para mais ou para menos sobre os resultados encontrados no total da amostra.

";"O trabalho de coleta de dados é acompanhado por supervisores humanos. São selecionados aleatoriamente 15% (quinze por cento) dos questionários para uma verificação posterior e, em caso de dúvida, o formulário é descartado e o responsável pela coleta chamado para esclarecimentos. Há uma equipe especializada que confere os dados à exaustão com objetivo de averiguar e aferir os resultados coletados.";"O anexo do arquivo com os bairros será realizado até o dia seguinte da divulgação conforme indicado no §7º. do art. 2º. da Resolução-TSE nº. 23.600/2019.

"
"28/09/2026";"05:46:54";2026;81;"Eleições Gerais 2026";"GO";"GO";"GOIÁS";"GO054432026";"2026-07-06 21:13:58";"N";"31884294000195";"VILANI E BARBOSA NEGOCIOS LTDA";"DATA RD";"Governador, Senador";"2026-07-07 00:00:00";"2026-07-09 00:00:00";"2026-07-12 00:00:00";1509;"10808";"JERFSON BRUNO DO NASCIMENTO HONORIO";"19700,00";"Apresentam-se os dados da pesquisa eleitoral de opinião pública a ser conduzida no estado de Goiás. Esta pesquisa quantitativa será realizada por meio de entrevistas telefônicas, utilizando questionários estruturados e padronizados, aplicados a uma amostra representativa da população alvo. A coleta de dados será conduzida por entrevistadores treinados, utilizando o sistema CATI (Computer-Assisted Telephone Interviewing), com apoio de dispositivos eletrônicos para registro das respostas.

Nota 1: Pode ocorrer que o total da linha não corresponda exatamente ao somatório das células individuais devido ao arredondamento computacional. No entanto, essas diferenças são compensadas em outras linhas, sem perda da representatividade da amostra. É normal que algumas células apresentem mais entrevistas do que o registrado, pois arredondamos números para refletir a realidade da pesquisa. Por exemplo, se a distribuição resultar em 1,5 entrevistas, arredondamos para 2 entrevistas, pois não é possível realizar uma fração de entrevista. Logo, o somatório pode apresentar uma soma superior ao registrado.

Nota 2: É importante destacar que o registro é exclusivamente para fins de divulgação, o que significa que uma pesquisa pode ser realizada antes ou depois da data de registro. Este requisito está claramente estabelecido no Artigo 10 da resolução. Art. 10. Na divulgação dos resultados de pesquisas, ATUAIS OU NÃO, serão obrigatoriamente informados: I - o período de realização da coleta de dados; II - a margem de erro; III - o nível de confiança; IV - o número de entrevistas; V - o nome da entidade ou da empresa que a realizou e, se for o caso, de quem a contratou; VI - o número de registro da pesquisa.

Nota 3: Ao registrar uma pesquisa, é comum cometer erros de digitação ou outros equívocos. O TSE permite a correção ou exclusão de registros no sistema PesqEle até 5 dias após a data de registro. Quando uma modificação é realizada, o sistema gera um novo número de registro e atualiza a data para a data da modificação, conforme o artigo 8 da resolução. Em relação à exclusão, o sistema permite a remoção total do registro. Após os 5 dias, o sistema impede quaisquer modificações ou exclusões. É importante observar que é possível excluir um registro e refazê-lo com as mesmas informações do registro excluído, como questionário, nota fiscal, entre outros. Art. 8o O registro da pesquisa poderá ser alterado desde que não expirado o prazo de 5 (cinco) dias para a divulgação do seu resultado. § 1o A alteração de que trata o caput implica a atribuição de novo número de identificação à pesquisa e o reinício da contagem do prazo previsto no caput do art. 2o desta Resolução, a partir do recebimento das alterações com a indicação, pelo sistema, da nova data a partir da qual será permitida a divulgação da pesquisa. § 3o ...a pesquisa ser cancelada pela própria usuária ou pelo próprio usuário, sem prejuízo da apresentação de um novo registro.

Nota 4: Pagante(S) Do Trabalho Em Branco: Quando o campo 'pagante' está em branco, isso ocorre porque o contratante é também o pagante da pesquisa. O sistema do TSE presume que qualquer pessoa com um mínimo de interesse verificará facilmente a origem dos recursos ao lado do nome do contratante, fora que a nota fiscal também está disponível para qualquer pessoa. A informação de pagante só é preenchida quando há duas partes envolvidas: um contratante e um pagante
";"I) Público Pesquisado: Eleitores no estado de Goiás. Modalidade de aplicação: entrevistas telefônicas.

II) Tipo de Amostra: A amostra é representativa do eleitorado estadual, selecionada em três estágios. No primeiro estágio, os estados são selecionados de forma probabilística utilizando o método da probabilidade proporcional ao tamanho (PPT), com base no total do eleitorado de cada unidade federativa, garantindo que estados com maior contingente eleitoral contribuam proporcionalmente com maior volume de contatos. No segundo estágio, dentro de cada estado selecionado, os números de telefone são selecionados por meio de discagem aleatória (RDD ? Random Digit Dialing), abrangendo linhas fixas e móveis (celulares) ativas no estado alvo, assegurando cobertura do universo de eleitores com acesso a telefone. No terceiro estágio, dentro de cada contato estabelecido, o entrevistado é selecionado por cotas proporcionais aos atributos de sexo, faixa etária, grau de instrução e renda, de acordo com o perfil do eleitorado em estudo. Fonte de Dados: Tribunal Superior Eleitoral (TSE, July/2026) e Instituto Brasileiro de Geografia e Estatística (IBGE, CENSO 2022).

III) Tamanho da Amostra: 1509 entrevistas.

IV) Ponderação: A ponderação é realizada considerando 53% para o sexo feminino e 47% para o sexo masculino. Em relação às faixas etárias, a distribuição é a seguinte: 13.1% de 16 a 24 anos, 19.4% de 25 a 34 anos, 20.1% de 35 a 44 anos, 26.1% de 45 a 59 anos e 21.3% com 60 anos ou mais. Para o grau de instrução, são utilizadas as seguintes categorias: 7.9% de Analfabeto/Lê e Escreve, 26.3% até o ensino fundamental, 47.2% até o ensino médio e 18.6% até a faculdade ou mais. Em relação à renda, são utilizadas as seguintes categorias: 15.7% até 1 salário mínimo, 25.3% de 1 a 2 salários mínimos e 59% acima de 2 salários mínimos. Está prevista uma ponderação para correção de variáveis de sexo e faixa etária, com base nos percentuais acima apresentados, de acordo com o previsto na amostra (TSE) e a coleta realizada. Para as variáveis de escolaridade e renda domiciliar mensal, o fator de ponderação será igual a 1, conforme os resultados obtidos em campo.

V) Área Física de Realização da Pesquisa: A amostra será coletada em toda a extensão geográfica do estado de Goiás.

VI) Intervalo de Confiança/Margem de Erro: O intervalo de confiança estimado é de 95% com uma margem de erro de 2.52% para mais ou para menos sobre os resultados encontrados no total da amostra. Este grau de confiança e margem de erro não devem ser considerados para resultados dentro de cada estrato, nem para os resultados gerados pelos cruzamentos de variáveis. Os percentuais que não totalizam 100% são devido a arredondamentos ou a múltiplas alternativas de resposta. O cálculo amostral é realizado pela proporção [estimador = p e (1-p) ou p e q).

VII) O modelo de questionário aplicado está disponível em anexo.

VIII) Na elaboração de todos os questionários emitidos pela empresa Conecta, é implementado um sistema de aleatorização para a ordem das respostas de cada uma das perguntas. Essa prática é essencial para evitar possíveis vieses que poderiam surgir caso as respostas fossem sempre apresentadas na mesma ordem. Ao aleatorizar as respostas, garantimos que todos os participantes tenham a mesma oportunidade de encontrar cada resposta em diferentes posições do questionário. Isso contribui significativamente para minimizar qualquer influência que a ordem das perguntas possa ter sobre as respostas. No contexto telefônico, a leitura das alternativas pelo entrevistador segue ordem definida por sorteio sistematizado pelo software de coleta.";"Para a realização da pesquisa utiliza-se uma equipe de entrevistadores e coordenadores de campo devidamente treinados para o trabalho pela empresa Conecta. As entrevistas são gravadas mediante consentimento do entrevistado, para fins de controle de qualidade. Durante a realização dos trabalhos de campo, os entrevistadores são submetidos a uma fiscalização permanente por parte dos coordenadores e são realizadas checagem de 20% da amostra para atestar a realização das entrevistas e a fidedignidade dos dados, garantindo-se dessa forma, robustez na precisão dos estimadores dos parâmetros populacionais.";"#NULO#"
"28/09/2026";"05:46:54";2026;81;"Eleições Gerais 2026";"GO";"GO";"GOIÁS";"GO021182026";"2026-08-07 12:49:30";"N";"04851508000154";"INSTITUTO GAZETA LTDA";"IGAPE- INSTITUTO GAZETA DE PEQUISAS";"Governador, Senador, Deputado Federal, Deputado Estadual";"2026-08-08 00:00:00";"2026-08-11 00:00:00";"2026-08-13 00:00:00";800;"10394";"FILIPE MOREIRA MARTINE";"5000,00";"A metodologia utilizada é Survey quantitativo, com realização das entrevistas de maneira pessoal em domicílio, com aplicação de questionário estruturado e padronizado em plataformadigital (tablet ou computador) junto a uma amostra representativa dos eleitores de Aparecida de Goiânia";"Plano amostral e ponderação quanto a sexo, idade, grau de instrução e nível econômico do entrevistado; intervalo de confiança e margem de erro: O universo da pesquisa é composto por eleitores de Aparecida de Goiânia, com idade a partir de 16 anos. A amostra prevista será de 800 entrevistas. A Seleção da amostra será realizada utilizando-se quotas amostrais proporcionais, em função das seguintes variáveis. SEXO: Masculino: (46%); Feminino: (54%) - IDADE: 16 a 29 anos (24%); 30 a 44 anos: (33%); 45 a 59 anos: (26%); 60 anos ou mais: (17%) -ESCOLARIDADE: Analfabeto/Lê e escreve: (6%); Fundamental completo ou incompleto: (26%); Médio completo ou incompleto: (54%); Superior completo ou incompleto: (14%); RENDA INDIVIDUAL:Até 1 SM: (29%); De 1 a 2 SM: (41%); Acima de 2 SM (30%). Está prevista eventual
ponderação para correção das variáveis, com base nos percentuais acima apresentados - Área física: Município de Aparecida de Goiânia - GO. Margem de Erro:A margem de erro máxima prevista para o total da amostra é de 3,5 pontos percentuais para mais ou para menos, considerando um nível de confiança de 95%. Fonte de Dados: TSE: Estatísticas do Eleitorado 2026 e IBGE Censo 2022.";"A coleta de dados é realizada por entrevistadores, orientados por coordenadores de campo. Todos os questionários preenchidos recebem crítica para avaliação da consistência dos dados coletados, sendo que 20% dos questionários serão submetidos à conferência através de novos contatos com os entrevistados, medida sempre adotada que visa garantir a qualidade e fidelidade dos dados coletados. Conforme §6º. do art. 2º. da Resolução-TSE nº. 23.549";"o pedido de registro poderá ser complementado pela entrega destes dados ao Tribunal Eleitoral até o sétimo dia seguinte ao registro da pesquisa. Serão enviados os dados relativos aos bairros abrangidos, na ausência de delimitação dos bairros, será identificada a área em que foi realizada)"
"28/09/2026";"05:46:54";2026;81;"Eleições Gerais 2026";"GO";"GO";"GOIÁS";"GO031162026";"2026-06-12 20:23:36";"N";"04851508000154";"INSTITUTO GAZETA LTDA";"IGAPE- INSTITUTO GAZETA DE PEQUISAS";"Governador, Senador, Deputado Federal, Deputado Estadual";"2026-06-09 00:00:00";"2026-06-11 00:00:00";"2026-06-18 00:00:00";600;"10394";"FILIPE MOREIRA MARTINE";"4000,00";"A metodologia utilizada é Survey quantitativo, com realização das entrevistas de maneira pessoal em domicílio, com aplicação de questionário estruturado e padronizado em plataforma digital (tablet ou computador) junto a uma amostra representativa dos eleitores de Valparaíso de Goiás";"O universo da pesquisa é composto por eleitores de Valparaíso de Goiás, com idade a partir de 16 anos. A amostra prevista será de 600 entrevistas. A Seleção da amostra será realizada utilizando-se quotas amostrais proporcionais, em função das seguintes variáveis. SEXO: Masculino: (45%); Feminino: (55%) - IDADE: 16 a 29 anos (20%); 30 a 44 anos: (30%); 45 a 59 anos: (27%); 60 anos ou mais: (23%) - ESCOLARIDADE: Analfabeto/Lê e escreve: (3%); Fundamental completo ou incompleto: (19%); Médio completo ou incompleto: (48%); Superior completo ou incompleto: (30%); RENDA INDIVIDUAL: Até 1 SM: (27%); De 1 a 2 SM: (40%); Acima de 2 SM (33%). Está prevista eventual ponderação para correção das variáveis, com base nos percentuais acima apresentados - Área física: Município de Valparaíso de Goiás - GO. Margem de Erro: A margem de erro máxima prevista para o total da amostra é de 4,0 pontos percentuais para mais ou para menos, considerando um nível de confiança de 95%. Fonte de Dados: TSE: Estatísticas do Eleitorado 2026 e IBGE Censo 2022.";"A coleta de dados é realizada por entrevistadores, orientados por coordenadores de campo. Todos os questionários preenchidos recebem crítica para avaliação da consistência dos dados coletados, sendo que 20% dos questionários serão submetidos à conferência através de novos contatos com os entrevistados, medida sempre adotada que visa garantir a qualidade e fidelidade dos dados coletados. Conforme §6º. do art. 2º. da Resolução-TSE nº. 23.549, o pedido de registro poderá ser complementado pela entrega destes dados ao Tribunal Eleitoral até o sétimo dia seguinte ao registro da pesquisa. Serão enviados os dados relativos aos bairros abrangidos, na ausência de delimitação dos bairros, será identificada a área em que foi realizada)";"Céu Azul III ;
Parque Esplanada;
 Céu Azul I ;
Céu Azul II ;
Parque Araruama ;
Sítio Chácara Anhanguera; 
Valparaíso - Etapa B; 
Valparaíso - Etapa A ;
Valparaíso - Etapa D ;
Valparaíso - Etapa E; 
Ipanema; 
Morada 18; 
Jardim Oriente; 
Valparaíso - Etapa C ;
Santa Rita; 
Vila Izabel ;
Jardim dos Ipês; 
Jardim Jockey Clube; 
Parque Rio Branco ;
Parque Marajó ;
Cidade Jardim;"
"28/09/2026";"05:46:54";2026;81;"Eleições Gerais 2026";"GO";"GO";"GOIÁS";"GO093612026";"2026-05-05 22:25:50";"N";"44826961000125";"SMS - DIRECT PESQUISAS E MARKETING LTDA";"DIRECT PESQUISAS";"Governador, Senador, Deputado Federal, Deputado Estadual";"2026-05-06 00:00:00";"2026-05-08 00:00:00";"2026-05-11 00:00:00";700;"10526";"José Dos Reis Cunha Filho";"8000,00";"Pesquisa quantitativa com abordagem porta a porta, com eleitores que votam e/ou residem no município de Anápolis no estado de Goiás, consistindo na realização de entrevistas pessoais e individuais, com a aplicação de questionário estruturado junto a uma amostra representativa do eleitorado em estudo. Devido a ordem probabilística da amostra, nesta pesquisa será considerada apenas os eleitores residentes dentro do município ou que no dia da entrevista estejam nele. Todas as entrevistas são espontâneas e os dados são sigilosos, guardados no banco de dados do instituto para tabulação e apresentação gráfica e analítica.";"Trata-se de uma amostra probabilística estratificada, com abordagem aleatória simples através de cotas de sexo, idade e escolaridade, ponderadas de acordo com a estatística do Eleitorado do TSE, 2026 (https://sig.tse.jus.br) e renda ponderada de acordo com registro do último senso estratificado do IBGE (https://cidades.ibge.gov.br) e em conformidade com a Resolução do TSE 23.600/2019, complementada pela Resolução 23.676/2021, com entrevistas domiciliares aos eleitores de 16 anos ou mais que exerça seu voto nos municípios de Anápolis. Totalizando uma população eleitoral de 285.753 e amostra de 700, a um nível de confiança = 95%; Nível de significância = 5%; Margem de erro = 3,7%, com P = 0,5.
SEXO: Masculino (46,21%), Feminino (53,79%); FAIXA ETÁRIA: até 24 anos (12,52%), de 25 a 34 anos (20,86%), de 35 a 44 anos (20,39%), de 45 a 59 anos (25,42%), 60 anos ou mais (20,81%); ESCOLARIDADE: Analfabeto (1,27%), Lê e escreve (3,48%), 1º Grau inc/comp (25,04%), 2º Grau inc/comp (48,51%), 3º Grau inc/comp (21,70%); RENDA: Até 1 salário (13,69%), entre 1 e 2 salários (21,05%), entre 2 e 5 salários (39,67%), entre 5 e 10 salários (16,60%), Mais de 10 salários (8,99%).
";"Os questionários são aplicados com uso de equipamentos eletrônicos, supervisão in loco e via GPS, passarão por conferência através de novo contato até 20% dos entrevistados, todas as regiões pesquisadas foram selecionadas proporcionalmente.";"Os bairros serão anexados de acordo com a resolução."
"28/09/2026";"05:46:54";2026;81;"Eleições Gerais 2026";"GO";"GO";"GOIÁS";"GO016672026";"2026-09-18 18:40:40";"N";"22445600000104";"QUAEST PESQUISAS, CONSULTORIA E PROJETOS LTDA.";"#NULO#";"Governador, Senador";"2026-09-20 00:00:00";"2026-09-23 00:00:00";"2026-09-24 00:00:00";804;"6731";"Margarida Maria de Mendonca";"99093,00";"Pesquisa quantitativa, de survey, que consiste na realização de entrevistas pessoais, domiciliares e presenciais, conduzidas por profissionais treinados, com a aplicação de questionários estruturados a uma amostra representativa da população votante de 16 anos ou mais residente no estado de Goiás. O desenho amostral aplicado combina sorteio probabilístico de municípios e de setores censitários fornecidos pelo IBGE (unidades territoriais homogêneas, de tamanho similar a quadras ou blocos), dentro dos quais serão selecionadas pessoas respondentes por meio de cotas amostrais.";"O público pesquisado é composto por eleitores de 16 anos ou mais residentes na área de abrangência da pesquisa. Para produzir uma amostra representativa desse público-alvo, utilizamos um desenho amostral por conglomerados que prevê três estágios. No primeiro estágio, é feito um sorteio probabilístico de municípios para comporem a amostra por meio do método PPT (Probabilidade Proporcional ao Tamanho) a partir de suas populações votantes acima de 16 anos. Dentro da lista de municípios sorteados, no segundo estágio, é realizado um sorteio probabilístico por meio do método PPT (Probabilidade Proporcional ao Tamanho) de setores censitários a serem visitados pelos entrevistadores, sorteio que tem como base o total de habitantes residentes nos setores de acordo com dados do Censo de 2022, o que garante a dispersão aleatória e estatística da amostra dentro dos territórios municipais, independentemente de divisões administrativas. Finalmente, dentro da lista de setores censitários sorteados, no último estágio são selecionados domicílios e pessoas a serem entrevistadas utilizando-se cotas amostrais para as seguintes variáveis: sexo, idade, renda familiar e escolaridade. O perfil da amostra, definido pelas cotas previstas, é o seguinte:

Sexo: Masculino (47%); Feminino (53%).
Faixa etária: 16-34 anos (32%); 35-59 anos (46%); 60 ou mais (22%).
Renda domiciliar total, incluindo pensões, benefícios e rendimentos de trabalhos informais: Até 2 salários-mínimos (24%); Mais de 2 a 5 salários-mínimos (49%); Mais de 5 salários-mínimos (27%).
Nível de instrução: Até Fundamental completo ou médio incompleto (40%); Médio completo ou superior incompleto (42%); Superior completo ou mais (18%).

Fonte dos dados: para a distribuição de sexo e idade, TSE-Tribunal Superior Eleitoral - agosto/2026; para a malha de setores censitários, Censo 2022 (IBGE); para a distribuição de renda domiciliar, PNADc Anual 2025, 1ª visita (IBGE); e, para a distribuição de escolaridade/instrução, PNADc trimestral 2-2026 (IBGE). A PNADc é utilizada por ser a fonte oficial mais atualizada de rendimentos do país, incluindo rendimentos informais, pensões, entre outros, e corrigindo as defasagens temporais do Censo 2022, além de ser a fonte mais atualizada de nível de instrução da população com 16 anos ou mais dada ausência de atualização obrigatória da escolaridade no registro de eleitores do TSE.

Está prevista eventual pós-estratificação da amostra, por meio de algoritmos de calibração (rake) e modelos (MrP), para correção (1) de estimativas e (2) das distribuições de variáveis que medem o perfil da população.

Dentro do público-alvo anteriormente descrito, serão realizadas 804 entrevistas. O nível de confiança das estimativas é de 95% e a margem de erro máxima prevista, atendendo às diretivas do TSE e usando o cálculo para amostra aleatória simples (AAS) como aproximação, é de cerca de 3 pontos percentuais para mais ou para menos em relação aos totais da amostra.";"As entrevistas serão realizadas por uma equipe de entrevistadores devidamente qualificada, com experiência e treinamento em pesquisa de opinião pública. Todo trabalho é feito em tablets ou outros dispositivos eletrônicos. Após a realização da coleta de dados, as entrevistas junto aos respondentes são checadas por meio de procedimentos de consistência e de georreferenciamento dos locais de aplicação em tempo real. Adicionalmente, ao longo e após os trabalhos de campo, é realizada uma fiscalização que consiste na checagem de áudio de uma amostra de 30% dos questionários aplicados para verificação das respostas e da adequação dos entrevistados aos parâmetros amostrais.";"A área de abrangência da coleta é o território do estado de Goiás. A relação do número de pessoas pesquisadas nas áreas de aplicação da pesquisa, discriminadas por município, bairros e setores censitários a partir dos identificadores utilizados pelo IBGE, além da composição do eleitorado entrevistado na área de abrangência quanto a gênero, idade, grau de instrução e nível econômico, constará em anexo. O mapa com os códigos destes setores censitários e as áreas que delimitam no país todo podem ser conferidos na seguinte fonte oficial: https://censo2022.ibge.gov.br/panorama/mapas.html?localidade=&recorte=setores_censitarios"
"28/09/2026";"05:46:54";2026;81;"Eleições Gerais 2026";"GO";"GO";"GOIÁS";"GO033052026";"2026-07-27 08:37:58";"N";"44826961000125";"SMS - DIRECT PESQUISAS E MARKETING LTDA";"DIRECT PESQUISAS";"Governador, Senador, Deputado Federal, Deputado Estadual";"2026-07-27 00:00:00";"2026-07-30 00:00:00";"2026-08-02 00:00:00";1500;"10526";"Jose Dos Reis Cunha Filho";"8000,00";"Pesquisa quantitativa com abordagem porta a porta, com eleitores que votam e/ou residem no município de Goiânia no estado de Goiás, consistindo na realização de entrevistas pessoais e individuais, com a aplicação de questionário estruturado junto a uma amostra representativa do eleitorado em estudo. Devido a ordem probabilística da amostra, nesta pesquisa será considerada apenas os eleitores residentes dentro do município ou que no dia da entrevista estejam nele. Todas as entrevistas são espontâneas e os dados são sigilosos, guardados no banco de dados do instituto para tabulação e apresentação gráfica e analítica.";"Trata-se de uma amostra probabilística estratificada, com abordagem aleatória simples através de cotas de sexo, idade e escolaridade, ponderadas de acordo com a estatística do Eleitorado do TSE, 2026 (https://sig.tse.jus.br) e renda ponderada de acordo com registro do último senso estratificado do IBGE (https://cidades.ibge.gov.br) de acordo com a Resolução do TSE 23.600/2019, complementada pela Resolução 23.676/2021, com entrevistas domiciliares aos eleitores de 16 anos ou mais que exerça seu voto no município de Goiânia. Totalizando uma população eleitoral de 1.016.176 e amostra de 1.500, a um nível de confiança = 95%; Nível de significância = 5%; Margem de erro = 2,53%, com P = 0,5.
SEXO: Masculino (44,94%), Feminino (55,06%); FAIXA ETÁRIA: até 24 anos (10,93%), de 25 a 34 anos (18,93%), de 35 a 44 anos (20,77%), de 45 a 59 anos (26,48%), 60 anos ou mais (22,88%); ESCOLARIDADE: Analfabeto (0,68%), Lê e escreve (2,36%), 1º Grau inc/comp (18,26%), 2º Grau inc/comp (48,63%), 3º Grau inc/comp (30,07%); RENDA: Até 1 salário (10,10%), entre 1 e 2 salários (14,30%), entre 2 e 5 salários (35,45%), entre 5 e 10 salários (21,87%), Mais de 10 salários (18,28%).
";"Os questionários são aplicados com uso de equipamentos eletrônicos, supervisão in loco e via GPS, passarão por conferência através de novo contato até 20% dos entrevistados, todas as regiões pesquisadas foram selecionadas proporcionalmente.";"Os bairros serão anexados de acordo com a resolução."
"28/09/2026";"05:46:54";2026;81;"Eleições Gerais 2026";"GO";"GO";"GOIÁS";"GO058262026";"2026-09-11 23:22:15";"S";"39147895000127";"AGENCIA CALCULU'S DE PESQUISA E JORNALISMO LTDA";"JORNAL LIDER";"Governador, Senador, Deputado Federal, Deputado Estadual";"2026-09-10 00:00:00";"2026-09-11 00:00:00";"2026-09-17 00:00:00";452;"8745";"Cleudimar Nobre Dantas";"3000,00";"Pesquisa quantitativa, do tipo survey, com realização de entrevistas diretas, por meio da aplicação de questionário estruturado, em uma amostra significativa da população em estudo, composta pelo eleitorado do município de Município de Itumbiara/GO com total de 75.059 eleitores em agosto de 2026. A pesquisa foi realizada nos dias 10 e 11 de setembro de 2026.";"O universo pesquisado (ou população de estudo) é o eleitorado do Município de Itumbiara/GO com total de 75.059 eleitores em abril de 2026, com 16 anos ou mais, que esteja apto a votar. O tamanho da amostra prevista é de 452 entrevistas, com uma margem de erro de 4,6% e confiabilidade de 95%. A amostra foi calculada pelo método de amostragem aleatória simples, essa amostra é estratificada, urbana, com as cotas de ponderação segundo as variáveis sexo, idade, grau de instrução e nível econômico do eleitorado. O tamanho dos estratos será proporcional a esses segmentos, de acordo com as informações de estatística do eleitorado fornecidas pelo Tribunal Superior Eleitoral ¿ TSE (dados do eleitorado de agosto/2026) e, para as classes de rendimento, dados do Censo Demográfico 2010 realizado pelo Instituto Brasileiro de Geografia e Estatística - IBGE. Os tamanhos desses segmentos são:
1. Sexo (Feminino: 53,8% / Masculino: 46,2%); 2. Faixa etária (16-24 anos: 11,8% / 25-34 anos: 17,4% / 35-44 anos: 18,9% / 45-59 anos: 27,0% / 60 anos ou mais: 24,9%); 3. Escolaridade (Analfabeto: 2,4% / Lê e escreve: 4,7% / Ensino Fundamental (incompleto/completo): 26,1% / Ensino Médio (incompleto/completo): 46,2% / Ensino Superior (incompleto/completo): 20,5%; 4. Renda familiar (até 1 salário mínimo: 55,1% / De 1 a 2 salários mínimos: 23,3% / De 2 a 3 salários mínimos: 8,5% / De 3 a 5 salários mínimos: 6,8% / Acima de 5 salários mínimos: 6,3%). Ao final da pesquisa, será aplicado fator de ponderação de modo a corrigir as possíveis diferenças entre os valores esperados da amostra e aqueles coletados durante o trabalho de campo.";"A pesquisa foi realizada por uma equipe de 3 (três) entrevistadores e 1 (um) supervisor de campo da empresa AGENCIA CALCULU'S DE PESQUISA E JORNALISMO LTDA, devidamente treinados. Os questionários são submetidos a uma fiscalização de, no mínimo, 20% dos questionários aplicados por cada entrevistador. A fiscalização é realizada simultaneamente à coleta de dados em campo.";"A ¿rea de abrang¿ncia da pesquisa ¿ o Munic¿pio de Itumbiara/GO. A rela¿¿o completa dos munic¿pios ser¿ encaminhada posteriormente, a partir do dia em que a pesquisa puder ser divulgada e at¿ o dia seguinte, conforme Resolu¿¿o 23.600/2019 do TSE."
"28/09/2026";"05:46:54";2026;81;"Eleições Gerais 2026";"GO";"GO";"GOIÁS";"GO087202026";"2026-09-12 18:20:54";"N";"44826961000125";"SMS - DIRECT PESQUISAS E MARKETING LTDA";"DIRECT PESQUISAS";"Governador, Senador, Deputado Federal, Deputado Estadual";"2026-09-11 00:00:00";"2026-09-12 00:00:00";"2026-09-18 00:00:00";400;"10526";"Jose Dos Reis Cunha Filho";"6000,00";"Pesquisa quantitativa com abordagem porta a porta, com eleitores que votam e/ou residem no município de Porangatu no estado de Goiás, consistindo na realização de entrevistas pessoais e individuais, com a aplicação de questionário estruturado junto a uma amostra representativa do eleitorado em estudo. Devido a ordem probabilística da amostra, nesta pesquisa será considerada apenas os eleitores residentes dentro do município ou que no dia da entrevista estejam nele. Todas as entrevistas são espontâneas e os dados são sigilosos, guardados no banco de dados do instituto para tabulação e apresentação gráfica e analítica.";"Trata-se de uma amostra probabilística estratificada, com abordagem aleatória simples através de cotas de sexo, idade e escolaridade, ponderadas de acordo com a estatística do Eleitorado do TSE, 2025 (https://sig.tse.jus.br) e renda ponderada de acordo com registro do último senso do IBGE 2010 (https://cidades.ibge.gov.br) de acordo com a Resolução do TSE 23.600/2019, complementada pela Resolução 23.676/2021, com entrevistas domiciliares aos eleitores de 16 anos ou mais que exerça seu voto no município de Porangatu. Totalizando uma população eleitoral de 31.023 e amostra de 400, a um nível de confiança = 95%; Nível de significância = 5%; Margem de erro = 4,87%, com P = 0,5.
SEXO: Masculino (47,15%), Feminino (52,85%); FAIXA ETÁRIA: até 24 anos (12,71%), de 25 a 34 anos (17,68%), de 35 a 44 anos (17,93%), de 45 a 59 anos (26,66%), 60 anos ou mais (25,02%); ESCOLARIDADE: Analfabeto (3,83%), Lê e escreve (5,29%), 1º Grau inc/comp (29,15%), 2º Grau inc/comp (42,78%), 3º Grau inc/comp (18,95%); RENDA: Até 1 salário (24,07%), entre 1 e 2 salários (24,11%), entre 2 e 5 salários (35,28%), entre 5 e 10 salários (11,42%), Mais de 10 salários (5,11%).";"Os questionários são aplicados com uso de equipamentos eletrônicos, supervisão in loco e via GPS, passarão por conferência através de novo contato até 20% dos entrevistados, todas as regiões pesquisadas foram selecionadas proporcionalmente.";"Os bairros serão anexados de acordo com a resolução."
"28/09/2026";"05:46:54";2026;81;"Eleições Gerais 2026";"GO";"GO";"GOIÁS";"GO055132026";"2026-09-08 22:31:52";"N";"04851508000154";"INSTITUTO GAZETA LTDA";"IGAPE- INSTITUTO GAZETA DE PEQUISAS";"Governador, Senador, Deputado Federal";"2026-09-09 00:00:00";"2026-09-10 00:00:00";"2026-09-14 00:00:00";500;"10394";"FILIPE MOREIRA MARTINE";"5000,00";"A metodologia utilizada é Survey quantitativo, com realização das entrevistas de maneira pessoal em domicílio, com aplicação de questionário estruturado e padronizado em plataforma digital (tablet ou computador) junto a uma amostra representativa dos eleitores de Silvânia";"O universo da pesquisa é composto por eleitores de Silvânia, com idade a partir de 16 anos. A amostra prevista será de 500 entrevistas. A Seleção da amostra será realizada utilizando-se quotas amostrais proporcionais, em função das seguintes variáveis. SEXO: Masculino: (49%); Feminino: (51%) - IDADE: 16 a 29 anos (21%); 30 a 44 anos: (28%); 45 a 59 anos: (28%); 60 anos ou mais: (23%) - ESCOLARIDADE: Analfabeto/Lê e escreve: (9%); Fundamental completo ou incompleto: (32%); Médio completo ou incompleto: (38%); Superior completo ou incompleto: (21%) ¿ RENDA INDIVIDUAL: Até 1 SM: (46%); Acima de 1 até 2 SM: (37%); Acima de 2 SM (17%). Está prevista eventual ponderação para correção das variáveis, com base nos percentuais acima apresentados - Área física: Município de Silvânia - GO. Margem de Erro: A margem de erro máxima prevista para o total da amostra é de 4,4 pontos percentuais para mais ou para menos, considerando um nível de confiança de 95%. Fonte de Dados: TSE: Estatísticas do Eleitorado 2026 e IBGE Censo 2022.";"A coleta de dados é realizada por entrevistadores, orientados por coordenadores de campo. Todos os questionários preenchidos recebem crítica para avaliação da consistência dos dados coletados, sendo que 20% dos questionários serão submetidos à conferência através de novos contatos com os entrevistados, medida sempre adotada que visa garantir a qualidade e fidelidade dos dados coletados. Conforme §6º. do art. 2º. da Resolução-TSE nº. 23.549, o pedido de registro poderá ser complementado pela entrega destes dados ao Tribunal Eleitoral até o sétimo dia seguinte ao registro da pesquisa. Serão enviados os dados relativos aos bairros abrangidos, na ausência de delimitação dos bairros, será identificada a área em que foi realizada)";"#NULO#"
"28/09/2026";"05:46:54";2026;81;"Eleições Gerais 2026";"GO";"GO";"GOIÁS";"GO062582026";"2026-09-08 22:30:37";"N";"04851508000154";"INSTITUTO GAZETA LTDA";"IGAPE- INSTITUTO GAZETA DE PEQUISAS";"Governador, Senador, Deputado Federal, Deputado Estadual";"2026-09-10 00:00:00";"2026-09-12 00:00:00";"2026-09-14 00:00:00";500;"10394";"FILIPE MOREIRA MARTINE";"5000,00";"A metodologia utilizada é Survey quantitativo, com realização das entrevistas de maneira pessoal em domicílio, com aplicação de questionário estruturado e padronizado em plataforma digital (tablet ou computador) junto a uma amostra representativa dos eleitores de Caldas Novas";"O universo da pesquisa é composto por eleitores de Caldas Novas, com idade a partir de 16 anos. A amostra prevista será de 500 entrevistas. A Seleção da amostra será realizada utilizando-se quotas amostrais proporcionais, em função das seguintes variáveis. SEXO: Masculino: (47%); Feminino: (53%) - IDADE: 16 a 29 anos (22%); 30 a 44 anos: (31%); 45 a 59 anos: (27%); 60 anos ou mais: (20%) - ESCOLARIDADE: Analfabeto/Lê e escreve/ Fundamental completo ou incompleto: (34%); Médio completo ou incompleto: (48%); Superior completo ou incompleto: (18%) ; RENDA INDIVIDUAL: Até 1 SM: (29%); De 1 a 2 SM: (42%); Acima de 2 SM (29%). Está prevista eventual ponderação para correção das variáveis, com base nos percentuais acima apresentados - Área física: Caldas Novas - GO. Margem de Erro: A margem de erro máxima prevista para o total da amostra é de 4,3 pontos percentuais para mais ou para menos, considerando um nível de confiança de 95%. Fonte de Dados: TSE; Estatísticas do Eleitorado 2026 e IBGE Censo 2022.";"A coleta de dados é realizada por entrevistadores, orientados por coordenadores de campo. Todos os questionários preenchidos recebem crítica para avaliação da consistência dos dados coletados, sendo que 20% dos questionários serão submetidos à conferência através de novos contatos com os entrevistados, medida sempre adotada que visa garantir a qualidade e fidelidade dos dados coletados.";"#NULO#"
"28/09/2026";"05:46:54";2026;81;"Eleições Gerais 2026";"GO";"GO";"GOIÁS";"GO071392026";"2026-09-11 19:59:21";"S";"00654576000172";"INSTITUTO VERITA LTDA";"VERITA";"Governador, Senador";"2026-09-12 00:00:00";"2026-09-17 00:00:00";"2026-09-17 00:00:00";1525;"10699";"Guilherme Alvarenga Laia";"117425,00";"Estudo quantitativo voltado às Eleições 2026, realizado por meio de entrevistas individuais, aplicadas mediante questionário eletrônico estruturado e Unidade Automatizada de Respostas Audíveis e Auditáveis, por meio de ligações para telefones móveis (celulares). A inteligência artificial é empregada exclusivamente para a transcrição automatizada das respostas em áudio, não interferindo na formulação das perguntas, na condução das entrevistas, na coleta das informações, na interpretação das respostas ou no tratamento estatístico dos dados.

A participação dos eleitores é voluntária, espontânea e não remunerada. As respostas são prestadas por autodeclaração, sendo, em sua maioria, registradas por meio de códigos numéricos correspondentes às alternativas previamente definidas no questionário.

A utilização de sistema eletrônico automatizado para a coleta e o registro das respostas proporciona elevado nível de padronização operacional, reduz a possibilidade de interferência humana durante a realização das entrevistas, amplia a rastreabilidade e a auditabilidade de todo o processo de coleta e contribui para maior precisão, consistência e confiabilidade dos dados obtidos.

O plano amostral foi elaborado para assegurar a representatividade estatística do eleitorado da respectiva Unidade da Federação, observando critérios técnicos de seleção, distribuição e ponderação da amostra, quando aplicáveis.";"A pesquisa foi planejada para produzir uma amostra estatisticamente representativa do eleitorado do estado DE GOIÁS, utilizando o método de Probabilidade Proporcional ao Tamanho (PPT), com plano amostral em múltiplos estágios. Na primeira etapa, esta Unidade da Federação é dividida em macrorregiões, de forma a assegurar adequada distribuição territorial da amostra e representação das diferentes características geográficas, demográficas e eleitorais. Na segunda etapa, os municípios de cada estrato são ordenados segundo seu porte populacional e eleitoral e sorteados. Na terceira etapa, os respondentes são selecionados entre os eleitores aptos residentes nos municípios sorteados, observando-se a distribuição proporcional da amostra e as cotas estabelecidas para as variáveis de sexo, faixa etária, grau de instrução e nível econômico. As cotas são estabelecidas para a pesquisa completa, considerando a composição do eleitorado e os parâmetros oficiais de referência, não sendo aplicadas isoladamente a cada município selecionado.

SEXO E FAIXA ETÁRIA - Fonte: Tribunal Superior Eleitoral (TSE), Perfil do Eleitorado, junho de 2026. Feminino de 16 a 34 anos: 17%; Masculino de 16 a 34 anos: 15,5%; Feminino de 35 a 54 anos: 20,4%; Masculino de 35 a 54 anos: 18,2%; Feminino com 55 anos ou mais: 15,6%; Masculino com 55 anos ou mais: 13,4%. Os parâmetros de sexo e idade têm como referência o cadastro eleitoral brasileiro atualizado pelo Tribunal Superior Eleitoral, considerando o universo de eleitores aptos com 16 anos ou mais.

GRAU DE INSTRUÇÃO - Fonte: IBGE - PNAD Contínua Anual 2025. A distribuição é: sem instrução 3,6%; ensino fundamental incompleto ou equivalente 21,9%; ensino fundamental completo ou equivalente 7,9%; ensino médio incompleto ou equivalente 8,9%; ensino médio completo ou equivalente 33,4%; ensino superior incompleto ou equivalente 6,1%; ensino superior completo 18,1%. Para não confundir os respondentes as faixas de escolaridade no questionário foram agrupadas em 3 faixas: até ensino fundamental incompleto e completo, ensino médio incompleto e completo e superior incompleto, completo ou mais. A PNAD Contínua é utilizada como referência por constituir a fonte oficial mais atualizada para a mensuração do nível de instrução da população brasileira, sua utilização também corrige limitações decorrentes da ausência de atualização obrigatória e contínua das informações de escolaridade no cadastro eleitoral do Tribunal Superior Eleitoral.

NÍVEL ECONÔMICO - RENDA FAMILIAR DO DOMICÍLIO - Fonte: IBGE - PNAD Contínua Anual 2025. Considera-se a renda domiciliar total, compreendendo rendimentos provenientes de trabalho formal e informal, aposentadorias, pensões, benefícios sociais e demais fontes de renda existentes no domicílio. observando-se a seguinte distribuição: renda familiar de até 2 salários-mínimos 38%; de 2 a 5 salários-mínimos 41,3%, acima de 5 salários-mínimos 20,7%.

PONDERAÇÃO E CALIBRAÇÃO DA AMOSTRA - Prevê-se eventual ponderação das variáveis de sexo, faixa etária, grau de instrução e nível econômico, caso sejam verificadas diferenças relevantes entre a distribuição da amostra efetivamente coletada e os parâmetros populacionais de referência adotados. Inicialmente, o fator de ponderação é igual a 1 (um), podendo ser recalculado sempre que necessário para assegurar a representatividade estatística da amostra.
INTERVALO DE CONFIANÇA E MARGEM DE ERRO - O intervalo de confiança adotado é de 95%, com margem máxima estimada de erro de aproximadamente 2,5 pontos percentuais, para mais ou para menos, sobre os resultados do total da amostra, calculada segundo o modelo de amostragem aleatória simples e a hipótese de máxima variabilidade.";"Após os trabalhos de coleta de dados, os questionários são submetidos a uma fiscalização, conferência e checagem de cerca de 20% (vinte por cento) dos questionários aplicados. Todas as entrevistas são integralmente registradas em áudio, permanecendo auditáveis e rastreáveis, permitindo a verificação da integridade do processo de coleta, preservado o sigilo das informações pessoais dos entrevistados e observadas as disposições da Lei Geral de Proteção de Dados Pessoais (Lei nº 13.709/2018).";"Em observância ao art. 2º, § 7º, da Resolução TSE nº 23.600/2019, com redação dada pela Resolução TSE nº 23.747/2026, a presente pesquisa terá seu registro complementado no Sistema de Registro de Pesquisas Eleitorais a partir da data em que sua divulgação for permitida e até o dia seguinte, com a identificação dos municípios em que foram realizadas as entrevistas, bem como da composição final da amostra quanto a gênero, idade, grau de instrução e nível econômico, na forma exigida pela legislação eleitoral vigente."
"28/09/2026";"05:46:54";2026;81;"Eleições Gerais 2026";"GO";"GO";"GOIÁS";"GO041332026";"2026-08-25 19:54:14";"N";"56824073000152";"EXATA.GO PESQUISA LTDA";"EXATA.GO";"Governador, Deputado Federal, Deputado Estadual";"2026-08-25 00:00:00";"2026-08-26 00:00:00";"2026-08-31 00:00:00";400;"7655";"AUGUSTO DA SILVA ROCHA";"10000,00";"A pesquisa cobrirá o município envolvendo todas regiões do município de Águas Lindas de Goiás/GO Universo da pesquisa será dos eleitores com 16 anos ou mais. A amostra representará os eleitores do Município, selecionados em 2(dois) estágios. No primeiro estágio, os setores censitários, onde as entrevistas serão realizadas, foram selecionadas, probabilisticamente, através do método PPT - Probabilidade Proporcional ao Tamanho, tomando o número de eleitores como base para seleção. No segundo estágio, a seleção do entrevistado, dentro do setor censitário, será feita utilizando-se quotas proporcionais, e a abordagem será domiciliar.";"Utilizamos quotas proporcionais, em função das seguintes variáveis: Gênero: 
MASCULINO	46,2%;
FEMININO	53,8%
 ; 
Faixa etária:  16 a 24 anos	18,8%
25 a 34 anos	23,7%
35 a 44 anos	20,7%
45 a 59 anos	25,4%
60 anos ou mais	11,4%
 ;

Grau de instrução: ; 
ANALFABETO	1,6%;
LÊ E ESCREVE	5,2%;
ENSINO FUNDAMENTAL INCOMPLETO	24,4%;
ENSINO FUNDAMENTAL COMPLETO	5,7%;
ENSINO MÉDIO INCOMPLETO	23,5%;
ENSINO MÉDIO COMPLETO	30,2%;
SUPERIOR INCOMPLETO	3,8%;
SUPERIOR COMPLETO	5,6%;
Fonte dos dados: TSE-Tribunal Superior Eleitoral/julho2026; 
https://sig.tse.jus.br/ords/dwapr/r/seai/sig-eleitor-eleitorado-mensal/cruzamento-eleitorado-mensal?p24_metricas=E&p24_back=22&p24_cruzamento_1=ds_sexo&clear=24&session=11669997365393	;
https://sig.tse.jus.br/ords/dwapr/r/seai/sig-eleitor-eleitorado-mensal/cruzamento-eleitorado-mensal?p24_cruzamento_1=ds_faixa_etaria&p24_metricas=E&p24_back=22&clear=24&session=11669997365393	;
https://sig.tse.jus.br/ords/dwapr/r/seai/sig-eleitor-eleitorado-mensal/cruzamento-eleitorado-mensal?p24_cruzamento_1=ds_grau_instrucao&p24_metricas=E&p24_back=22&clear=24&session=11669997365393	;
Ano=2026; Mês = JULHO; UF= GO; MUNICIPIO = Águas Lindas de Goiás; 

Renda familiar: 
Até 1/2 salário mínimo	1,42%	;
Mais de 1/2 a 1 salário mínimo	15,18%	;
Mais de 1 a 2 salários mínimos	30,27%	;
Mais de 2 a 5 salários mínimos	39,58%	;
Mais de 5 a 10 salários mínimos	7,68%	;
Mais de 10 a 20 salários mínimos	1,09%	;
Mais de 20 salários mínimos	0,20%	;
Sem rendimento	4,58%	;
 
Fonte dos dados: TSE-Tribunal Superior Eleitoral/ abril2026; IBGE-Censo 2010-IBGE-CENSO 2022 (IBGE/Censo 2010 - Classe de rendimento nominal mensal domiciliar) ; https://cidades.ibge.gov.br/brasil/go/aguas-lindas-de-goias/pesquisa/23/24304; ""Está prevista eventual ponderação da amostra para correção das variáveis sexo, idade, renda familiar e escolaridade com base nos percentuais anteriormente mencionados, caso ocorram diferenças entre os percentuais previstos na amostra e a coleta de dados realizada. Dentro do público-alvo, serão realizadas 400 entrevistas. O nível de confiança estimado é de 95% e a margem de erro máxima prevista, baseada em uma amostra aleatória simples (AAS), é de cerca de 4,9 pontos percentuais para mais ou para menos em relação aos totais da amostra. Nível Econômico: IBGE (Censo/2010) - Observação: Conforme informações obtidas do Instituto Brasileiro de Geografia e Estatística, o IBGE, não divulgou - e não tem previsão - de data para divulgação do perfil econômico (nível econômico) da população brasileira; portanto, os dados quanto ao nível econômico obtidos no Censo 2022, não podem ser utilizados, pois não foram publicados.""";"Para a realização da pesquisa, utiliza-se uma equipe de entrevistadores e supervisores credenciados devidamente treinados pela empresa para esse tipo de pesquisa. Após os trabalhos de campo, 100% dos questionários são criticados e passam por uma fiscalização de cerca de 20% (vinte por cento) dos questionários aplicados por cada entrevistador; para verificação da consistência das respostas e da adequação dos entrevistados aos parâmetros amostrais.";"#NULO#"
"28/09/2026";"05:46:54";2026;81;"Eleições Gerais 2026";"GO";"GO";"GOIÁS";"GO004372026";"2026-09-11 22:48:38";"N";"44826961000125";"SMS - DIRECT PESQUISAS E MARKETING LTDA";"DIRECT PESQUISAS";"Governador, Senador, Deputado Federal, Deputado Estadual";"2026-09-13 00:00:00";"2026-09-15 00:00:00";"2026-09-17 00:00:00";700;"10526";"Jose Dos Reis Cunha Filho";"8000,00";"Pesquisa quantitativa com abordagem porta a porta, com eleitores que votam e/ou residem no município de Anápolis no estado de Goiás, consistindo na realização de entrevistas pessoais e individuais, com a aplicação de questionário estruturado junto a uma amostra representativa do eleitorado em estudo. Devido a ordem probabilística da amostra, nesta pesquisa será considerada apenas os eleitores residentes dentro do município ou que no dia da entrevista estejam nele. Todas as entrevistas são espontâneas e os dados são sigilosos, guardados no banco de dados do instituto para tabulação e apresentação gráfica e analítica.";"Trata-se de uma amostra probabilística estratificada, com abordagem aleatória simples através de cotas de sexo, idade e escolaridade, ponderadas de acordo com a estatística do Eleitorado do TSE, 2026 (https://sig.tse.jus.br) e renda ponderada de acordo com registro do último senso estratificado do IBGE (https://cidades.ibge.gov.br) e em conformidade com a Resolução do TSE 23.600/2019, complementada pela Resolução 23.676/2021, com entrevistas domiciliares aos eleitores de 16 anos ou mais que exerça seu voto nos municípios de Anápolis. Totalizando uma população eleitoral de 285.893 e amostra de 700, a um nível de confiança = 95%; Nível de significância = 5%; Margem de erro = 3,7%, com P = 0,5.
SEXO: Masculino (46,19%), Feminino (53,81%); FAIXA ETÁRIA: até 24 anos (12,52%), de 25 a 34 anos (20,86%), de 35 a 44 anos (20,39%), de 45 a 59 anos (25,42%), 60 anos ou mais (20,81%); ESCOLARIDADE: Analfabeto (1,26%), Lê e escreve (3,44%), 1º Grau inc/comp (24,92%), 2º Grau inc/comp (48,72%), 3º Grau inc/comp (21,66%); RENDA: Até 1 salário (13,69%), entre 1 e 2 salários (21,05%), entre 2 e 5 salários (39,67%), entre 5 e 10 salários (16,60%), Mais de 10 salários (8,99%).";"Os questionários são aplicados com uso de equipamentos eletrônicos, supervisão in loco e via GPS, passarão por conferência através de novo contato até 20% dos entrevistados, todas as regiões pesquisadas foram selecionadas proporcionalmente.";"Os bairros serão anexados de acordo com a resolução."
"28/09/2026";"05:46:54";2026;81;"Eleições Gerais 2026";"GO";"GO";"GOIÁS";"GO029982026";"2026-08-21 14:07:40";"N";"19738088000171";"PLURAL ASSESSORIA DE IMPRENSA, PESQUISA E JORNALISMO LTDA";"PLURAL ASSESSORIA DE IMPRENSA, PESQUISA E JORNALISMO";"Governador, Senador, Deputado Federal, Deputado Estadual";"2026-08-24 00:00:00";"2026-08-25 00:00:00";"2026-08-27 00:00:00";379;"6221";"Rui da Costa Abrantes";"9000,00";"Objetivo é aferir a intenção de voto dos candidatos a governador, senador, deputado federal e deputado estadual no município de Morrinhos (GO). A abordagem utilizada consiste na aplicação de questionário em uma amostragem representativa da população residente no município, com 16 anos ou mais de idade. A amostra é realizada de forma presencial, em entrevistas domiciliares e pontos de fluxo. A escolha dos entrevistados é aleatória, de acordo com o perfil da população em estudo.";"Tamanho do universo: 37.220 eleitores (TSE/Julho 2026). Tamanho da amostra: 379 eleitores. Nível de confiança: 95%. Margem de Erro Amostral: Máxima de 5,0 pontos percentuais para mais ou para menos nos dados da amostra global. Tipo de amostra: Autoponderada por quotas proporcionais às existentes no universo de acordo com as variáveis sexo, faixa etária, nível de instrução e renda familiar mensal. Ponderação quanto ao sexo: Masculino: 47,22% (179 entrevistas) e Feminino 52,77% (200). Ponderação quanto à faixa etária: 16 a 24 anos 11,60% (44), 25 a 34 anos 17,67% (67), 35 a 44 anos 18,73% (71), 45 a 59 anos 26,64% (101) e 60 anos e acima 25,32% (96). Ponderação quanto ao nível de instrução: Analfabeto/lê e escreve: 7,38% (28), Fundamental 30,07% (114), Médio 42,21% (160) e Superior 20,31% (77). Fonte de dados (TSE/Julho 2026). Link https://sig.tse.jus.br/ords/dwapr/r/seai/sig-eleitor-eleitorado-mensal/perfil-do-eleitorado-mensal?p0_municipio=MORRINHOS&p0_uf=GO&session=203482301826231
Ponderação quanto ao nível socioeconômico: Renda: Até 01 Salário Mínimo: 14,21% (54); De 1 a 2 salários mínimos 22,95% (87); De 2 a 5 salários mínimos 41,95% (159); Acima de 5 salários mínimos 20,84% (79). Fonte de dados: Censo IBGE/2010 https://cidades.ibge.gov.br/brasil/go/morrinhos/pesquisa/23/22787?detalhes=true DOMICÍLIOS PARTICULARES PERMANENTES Classe de rendimento nominal mensal domiciliar
É prevista eventual ponderação para correção das variáveis gênero, faixa etária, grau de instrução e renda entre o previsto na amostra e a coleta realizada.
";"O trabalho de coleta de dados é acompanhado in loco por supervisor de campo. O supervisor tem a responsabilidade e é treinado para distribuir os entrevistadores nos diversos pontos de consulta, realizar coletas, acompanhar, orientar, corrigir ou invalidar o trabalho dos pesquisadores e conferir por si ou por entrevistador designado cerca de 10% das entrevistas.";"A rela&#65533;&#65533;o dos os dados relativos aos bairros abrangidos pela pesquisa ou a &#65533;rea em que a mesma foi realizada ser&#65533; apresentado at&#65533; o dia seguinte &#65533; data a partir da qual a pesquisa puder ser divulgada, conforme &#65533;7&#65533; do art. 2&#65533; da Resolu&#65533;&#65533;o-TSE n&#65533;. 23.600/2019"
