"DT_GERACAO";"HH_GERACAO";"AA_ELEICAO";"CD_ELEICAO";"NM_ELEICAO";"SG_UF";"SG_UE";"NM_UE";"NR_PROTOCOLO_REGISTRO";"DT_REGISTRO";"ST_PESQUISA_PROPRIA";"NR_CNPJ_EMPRESA";"NM_EMPRESA";"NM_EMPRESA_FANTASIA";"DS_CARGO";"DT_INICIO_PESQUISA";"DT_FIM_PESQUISA";"DT_DIVULGACAO";"QT_ENTREVISTADO";"CD_CONRE";"NM_ESTATISTICO_RESP";"VR_PESQUISA";"DS_METODOLOGIA_PESQUISA";"DS_PLANO_AMOSTRAL";"DS_SISTEMA_CONTROLE";"DS_DADO_MUNICIPIO"
"28/09/2026";"05:46:54";2026;81;"Eleições Gerais 2026";"AC";"AC";"ACRE";"AC078152026";"2026-07-28 16:39:07";"N";"19259002000128";"ATLASINTEL TECNOLOGIA DE DADOS LTDA";"ATLASINTEL";"Governador, Senador";"2026-07-28 00:00:00";"2026-08-02 00:00:00";"2026-08-03 00:00:00";1000;"11220";"Andrei Camilo dos Santos";"39000,00";"Pesquisa quantitativa com coleta aleatória via questionário estruturado web e pós-estratificação da amostra de acordo com as características do eleitorado de Acre.";"Amostra aleatória pós-estratificada via algoritmo iterativo com quotas proporcionais, representando características do eleitorado de Acre: SEXO: Masculino: 48.4%; Feminino: 51.6%. FAIXA ETÁRIA: Entre 16 a 24 anos: 18.8%; Entre 25 a 34 anos: 22.7%; Entre 35 a 44 anos: 20.1%; Entre 45 a 59 anos: 22.8%; 60 ou mais: 15.6%. ESCOLARIDADE: Ensino Fundamental completo ou incompleto e eleitores sem educação formal: 37.8%; Ensino Médio completo ou incompleto: 41.0%; Ensino Superior completo ou incompleto: 21.2%. NÍVEL ECONÔMICO: Renda familiar mensal até R$2000: 35.8%; Mais de R$2.000 a R$3.000: 22.4%; Mais de R$3.000 a R$5.000: 20.4%; Mais de R$5.000 a R$10.000: 13.7%; Mais de R$10.000: 7.8%. OBS.: devido ao arredondamento, a soma dos percentuais pode variar de 99% a 101%. Na agregação final, para cada variável de ponderação, serão admissíveis desvios de até 3.0 pontos percentuais em relação às quotas estipuladas. Confiança estimada: 95%, margem de erro: +/- 3.0 pontos percentuais. FONTE DOS DADOS: PNADC 2024 para escolaridade e nível econômico | TSE 2026 para sexo e faixa etária.";"Coleta feita com a utilização de questionário eletrônico com procedimentos específicos para o armazenamento seguro dos dados. São checados manualmente no mínimo 15% dos questionários para detectar possíveis anomalias. Pesquisadores especializados realizam internamente uma verificação exaustiva da consistência dos dados antes da divulgação dos resultados finais.";"#NULO#"
"28/09/2026";"05:46:54";2026;81;"Eleições Gerais 2026";"AC";"AC";"ACRE";"AC016992026";"2026-09-15 22:51:26";"N";"22345021000181";"REAL TIME MIDIA LTDA";"REAL TIME BIG DATA";"Governador, Senador";"2026-09-16 00:00:00";"2026-09-19 00:00:00";"2026-09-21 00:00:00";1600;"10839";"Isabela Zara Cremoneze";"20000,00";"Pesquisa quantitativa, que consiste na realização de entrevistas com eleitores do universo a ser explorado, feitas em combinação mista por entrevistadores humanos e recursos de inteligência artificial, com a aplicação de questionário estruturado com abordagens telefônicas e digitais junto a uma amostra representativa do eleitorado em estudo. Pesquisa realizada no Estado do Acre (AC).";"Representativo do eleitorado da área em estudo, elaborada em três estágios.
No primeiro estágio, realiza-se um sorteio probabilístico dos municípios onde as entrevistas serão realizadas, pelo método PPT (Probabilidade Proporcional ao Tamanho), tomando a população eleitora de 16 anos ou mais residente nos municípios como base para essa seleção.
No segundo estágio, efetua-se um sorteio probabilístico das localidades dentro dos municípios selecionados, também pelo método PPT (Probabilidade Proporcional ao Tamanho), considerando a população eleitora de 16 anos ou mais residente nessas localidades como base para a seleção.
No terceiro e último estágio, dentro das localidades sorteadas, os respondentes são selecionados por meio de quotas amostrais proporcionais, em função de variáveis significativas, a saber:
GÊNERO:
Feminino: 51,64%;
Masculino: 48,36%.
(Fonte: TSE, Agosto/2026 -- https://sig.tse.jus.br/ords/dwapr/r/seai/sig-eleitor-eleitorado-mensal/cruzamento-eleitorado-mensal?p24_metricas=E&p24_back=22&p24_cruzamento_1=ds_sexo&clear=24&session=210546579963076)
FAIXA ETÁRIA:
16 anos: 0,87%;
17 anos: 1,41%;
18 a 20 anos: 6,48%;
21 a 24 anos: 9,55%;
25 a 34 anos: 22,76%;
35 a 44 anos: 20,02%;
45 a 59 anos: 22,97%;
60 a 69 anos: 8,81%;
70 a 79 anos: 4,88%;
Superior a 79 anos: 2,22%.
(Fonte: TSE, Agosto/2026 -- https://sig.tse.jus.br/ords/dwapr/r/seai/sig-eleitor-eleitorado-mensal/cruzamento-eleitorado-mensal?p24_cruzamento_1=ds_faixa_etaria&p24_metricas=E&p24_back=22&clear=24&session=210546579963076)
ESCOLARIDADE:
Analfabeto: 7,37%;
Lê e Escreve: 8,87%;
Ensino Fundamental Incompleto: 19,14%;
Ensino Fundamental Completo: 4,68%;
Ensino Médio Incompleto: 20,27%;
Ensino Médio Completo: 24,09%;
Ensino Superior Incompleto: 6,05%;
Ensino Superior Completo: 9,54%.
(Fonte: TSE, Agosto/2026 -- https://sig.tse.jus.br/ords/dwapr/r/seai/sig-eleitor-eleitorado-mensal/cruzamento-eleitorado-mensal?p24_cruzamento_1=ds_grau_instrucao&p24_metricas=E&p24_back=22&clear=24&session=210546579963076)
RENDA DOMICILIAR MENSAL:
Sem rendimento: 7,27%;
Até 1/2 Salário Mínimo: 6,47%;
Mais de 1/2 a 1 Salário Mínimo: 19,49%;
Mais de 1 a 2 Salários Mínimos: 24,93%;
Mais de 2 a 5 Salários Mínimos: 26,48%;
Mais de 5 a 10 Salários Mínimos: 10,03%;
Mais de 10 a 20 Salários Mínimos: 3,84%;
Mais de 20 Salários Mínimos: 1,49%.
(Fonte: IBGE (Censo/2010) - https://cidades.ibge.gov.br/brasil/ac/pesquisa/23/24304?detalhes=true)

Observação: De acordo com informações do Instituto Brasileiro de Geografia e Estatística (IBGE), não há previsão de data para a divulgação do perfil econômico da população brasileira do CENSO 2022. Portanto, os dados sobre o nível econômico obtidos no Censo 2022 não podem ser utilizados, pois ainda não foram publicados.
Está prevista eventual ponderação para correção das variáveis sexo e idade, com base nos percentuais anteriormente mencionados, caso ocorram diferenças superiores a 3 pontos percentuais entre o previsto na amostra e a coleta de dados realizada. Para as variáveis de grau de instrução e nível econômico do entrevistado, o fator previsto para ponderação é 1 (resultados obtidos em campo). O nível de confiança estimado é de 95% e a margem de erro máxima estimada considerando um modelo de amostragem aleatório simples, é de aproximadamente 2 (dois) pontos percentuais para mais ou para menos sobre os resultados encontrados no total da amostra.";"O trabalho de coleta de dados é acompanhado por supervisores humanos. São selecionados aleatoriamente 15% (quinze por cento) dos questionários para uma verificação posterior e, em caso de dúvida, o formulário é descartado e o responsável pela coleta chamado para esclarecimentos. Há uma equipe especializada que confere os dados à exaustão com objetivo de averiguar e aferir os resultados coletados.";"O anexo do arquivo com os bairros será realizado até o dia seguinte da divulgação conforme indicado no §7º. do art. 2º. da Resolução-TSE nº. 23.600/2019."
"28/09/2026";"05:46:54";2026;81;"Eleições Gerais 2026";"AC";"AC";"ACRE";"AC072342026";"2026-04-22 22:47:11";"S";"00654576000172";"INSTITUTO VERITA LTDA";"VERITA";"Governador, Senador";"2026-04-23 00:00:00";"2026-04-27 00:00:00";"2026-04-28 00:00:00";1030;"10699";"GUILHERME ALVARENGA LAIA";"79310,00";"Pesquisa quantitativa, que consiste na realização de entrevistas, com a aplicação de questionário estruturado junto a uma amostra representativa do eleitorado desta Unidade da Federação.";"ESTUDO REPRESENTATIVO DO ELEITORADO DO ESTADO DO ACRE - MÉTODO PPT (Probabilidade Proporcional ao Tamanho) - PLANO AMOSTRAL E PONDERAÇÃO QUANTO A SEXO, IDADE, GRAU DE INSTRUÇÃO E NÍVEL ECONÔMICO DO ENTREVISTADO; INTERVALO DE CONFIANÇA E MARGEM DE ERRO: Representativo do eleitorado da área em estudo, elaborada, em vários estágios, da seguinte forma: - 1. Divisão da UF em estratos proporcionais de municípios. 2. Ordenação dos municípios de cada estrato segundo o porte. 3. Sorteio dos municípios de cada estrato. 4. Os respondentes são selecionados através de quotas amostrais proporcionais em função de variáveis significativas, a saber: GÊNERO / FAIXA ETÁRIA - FEMININO E MASCULINO 16 A 34 ANOS 21,2% E 19,7%, 35 A 54 ANOS 19,4% E 17,9%, 55 ANOS OU MAIS 11,2% E 10,6%. GRAU DE INSTRUÇÃO ¿ FEMININO E MASCULINO Sem instrução até Ensino Médio completo 65,2%, Ensino superior incompleto e completo 34,8% NÍVEL ECONÔMICO - FEMININO população não economicamente ativa 46,5% população economicamente ativa 53,5% MASCULINO população não economicamente ativa 27,2% população economicamente ativa 72,8%. RENDA FAMILIAR DO DOMICÍLIO renda familiar de até 2 salários-mínimos 30,7%; de 2 a 5 salários-mínimos 44,2%, acima de 5 salários-mínimos 25,1%. Está prevista eventual ponderação para correção das variáveis, com base nos percentuais anteriormente mencionados, caso ocorram diferenças superiores a margem de erro da pesquisa previsto entre a amostra e a coleta de dados realizada. O fator previsto para ponderação é 1 (resultados obtidos na coleta de dados). O intervalo de confiança estimado é de 95% e a margem de erro máxima estimada considerando um modelo de amostragem aleatório simples, é de aproximadamente 3,5 pontos percentuais para mais ou para menos sobre os resultados encontrados no total da amostra. FONTE DOS DADOS: IBGE/Censo 2022 para fins de densidade demográfica, setores censitários e alocação da amostra. IBGE/PNAD/PNADC/MEC/INEP para fins de Nível Econômico e Escolaridade. TSE FEVEREIRO/2026 para fins de Sexo, Faixa Etária e eleitorado por município ou regiões previamente definidas (importante ressaltar para o público leigo que os dados do TSE são os únicos corretos para gênero, idade dos eleitores e quantitativo de eleitores por municípios já que a base de dados se atualiza automaticamente, PORÉM, dados de escolaridade e nível econômico NÃO são corretos e confiáveis devido a desatualização que ocorre naturalmente com o passar dos anos). Definição de margem de erro e intervalo de confiança: Margem de erro e intervalo de confiança não são grandezas diretamente proporcionais. A SOMA NÃO TEM QUE RESULTAR 100%. ";"Após os trabalhos de coleta de dados, os questionários são submetidos a uma fiscalização, conferência e checagem de cerca de 20% (vinte por cento) dos questionários aplicados.";"A relação dos municípios sorteados ou selecionados para esta pesquisa será apresentada em arquivo anexo até 1 (um) dia após a divulgação desta pesquisa conforme §7º. do art. 2º. da Resolução-TSE nº. 23.600/2019. A área de abrangência desta pesquisa é o Estado DO ACRE."
"28/09/2026";"05:46:54";2026;81;"Eleições Gerais 2026";"AC";"AC";"ACRE";"AC034662026";"2026-03-26 00:01:41";"N";"02170847000140";"DATA CONTROL INSTITUTO DE PESQUISA LTDA - ME";"DATA CONTROL INSTITUTO DE PESQUISA";"Governador, Senador";"2026-03-22 00:00:00";"2026-03-29 00:00:00";"2026-04-01 00:00:00";1354;"11239";"JOSÉ AILTON ALENCAR DA SILVA";"35000,00";"Será realizada pesquisa quantitativa, com objetivo  de caracterizar a opinião política do público-alvo e quantificar a intenção de voto para as eleições Gerais de 2026. Para consecução da pesquisa, será aplicado questionário padrão survey 100% digital e geolocalizado contendo perguntas espontâneas e estimuladas, conforme as necessidades requeridas. As entrevistas são pessoais e individuais, face-a-face, ao público-alvo determinado no plano amostral, com coleta de dados em zonas de trânsito de pessoas e/ou em residências. Será coletada uma amostra proporcional às estatísticas demográficas (cotas/zoneamento/ponderação) do estado do Acre (AC) em conformidade às áreas geográficas previamente determinadas, utilizando assim uma amostragem representativa da população eleitora (cidadão) residente e que irá votar no  estado do Acre (AC) com idade acima dos 16 anos, de ambos os sexos, dos vários graus de instrução (escolaridade) e das classes de rendimentos familiares, aptas ao voto em 2026. A coleta em campo é realizada por equipe competente e treinada para execução deste tipo de pesquisa.
";"O público-alvo são os Eleitores com 16 anos ou mais, residentes nos municípios selecionados para a pesquisa , do estado do Acre (AC). A amostra necessária para esta pesquisa é de 1354(mil trezentos e cinquenta e quatro) eleitores do Acre (AC), considerando uma margem de erro de 2,6 pontos percentuais e 95% de confiança. A margem de erro informada é uma estimativa teórica baseada no tamanho da amostra e no nível de confiança adotado, devendo ser interpretada como referência. A inferência de resultados passa a ser condicionada a este desenho amostral. A amostragem é feita em várias etapas, considerando os dados do eleitorado para o estado do Acre, conforme parâmetros oficiais do TSE. Os eleitores foram estratificados conforme os municípios selecionados. Em cada município selecionado, a amostra foi alocada proporcional ao tamanho do eleitorado daquele município em relação ao total do eleitorado do estado. Finalmente, os entrevistados são selecionados para responder ao questionário, de acordo com cotas de sexo, faixa etária, grau de instrução e rendimentos. Atributos de cotas: Masculino (48,2%), Feminino (51,8%); IDADE: [16 a 24 (242|17,9%), , 25 a 34 (312|23,1%), 35 a 44 (278|20,5%), 45 a 59 (310|22,9%), 60 ou + (212|15,6%)]; GRAU DE INSTRUÇÃO: [Analfabeto (102|7,5%), Lê e Escreve (123|9,1%), Ensino Fundamental Incompleto (261|19,3%), Ensino Fundamental Completo (65|4,8%), Ensino Médio Incompleto (262|19,4%), Ensino Médio Completo (328|24,3%), Superior Incompleto (83|6,1%), Superior Completo (130|9,6%)]; RENDA FAMILIAR: [Até R$ 3.242,00 (até 2 S.M.) (742|54,8%), , Acima de R$ 3.242,00 a R$ 8.105,00 (mais de 2 a 5 S.M.) (431|31,8%), Acima de R$ 8.105,00 a R$ 16.210,00 (mais de 5 a 10 S.M.) (125|9,2%), Mais de R$ 16.210,00 (mais de 10 S.M.) (56|4,1%)]. Onde: S.M.: salários-mínimos.Com o objetivo de assegurar maior aderência da amostra às características da população, há a possibilidade de aplicar o procedimento de ponderação estatística (peso amostral), ajustando as proporções dos estratos conforme parâmetros populacionais. Os pesos amostrais foram calculados considerando exclusivamente o eleitorado desses municípios, de forma a respeitar o plano amostral efetivamente executado . A definição e seleção da amostra fundamentam-se em dados do IBGE( incluindo o Censo 2022, a PNADc Anual 2024 5ª visita  e a Estimativa Populacional 2025 ), além de Estatísticas mensais: Eleitorado mensal: TSE 2026 (Última atualização TSE: 01.03.2026 - 20:46 )  e Cálculos estatísticos para definição da amostra e seu particionamento.
";"Os pesquisadores envolvidos na realização desta pesquisa são treinados pelo Instituto de Pesquisa e recebem instruções específicas para cada projeto realizado. São checados, no mínimo, 20% dos questionários aplicados, seja in loco por supervisores de campo ou, posteriormente, por telefone. Internamente, todo o material é verificado, codificado, digitado e, antes do processamento final, realiza-se a conferência da tabulação (consistência dos dados).
";"Baseado nas características do público-alvo, para 1354(mil trezentos e cinquenta e quatro) eleitores do Acre (AC), considerando uma margem de erro de 2,6 pontos percentuais e 95% de confiança. A margem de erro informada é uma estimativa teórica baseada no tamanho da amostra e no nível de confiança adotado, devendo ser interpretada como referência. A inferência de resultados passa a ser condicionada a este desenho amostral. A coleta de amostras proporcionas ocorrerá nas  seguintes localidades: RIO BRANCO, CRUZEIRO DO SUL, SENA MADUREIRA, TARAUACÁ, FEIJÓ, BRASILÉIA, PORTO ACRE, MÂNCIO LIMA, EPITACIOLÂNDIA, XAPURI, PLÁCIDO DE CASTRO, RODRIGUES ALVES, BUJARI, ACRELÂNDIA, MANOEL URBANO, CAPIXABA, ASSIS BRASIL.
"
"28/09/2026";"05:46:54";2026;81;"Eleições Gerais 2026";"AC";"AC";"ACRE";"AC093462026";"2026-09-14 12:40:27";"N";"08984712000102";"F. FACANHA DE ALMEIDA";"DELTA AGENCIA DE PESQUISA";"Governador, Senador";"2026-09-14 00:00:00";"2026-09-19 00:00:00";"2026-09-20 00:00:00";1201;"8631";"Alexandre Vasconcelos Lima";"30000,00";"Pesquisa quantitativa de opinião pública realizada com eleitores residentes no estado de Acre, com 16 anos ou mais. A coleta de dados será realizada por entrevistas presenciais (face a face) em 18 municípios do estado. As entrevistas presenciais serão conduzidas por entrevistadores devidamente treinados pelo Instituto, utilizando questionário estruturado.";"Quantitativo eleitoral: 572.627 eleitores (Fonte: Tribunal Superior Eleitoral, em janeiro/2026). Margem de erro: A margem de erro considerada para essa pesquisa é de 3,0 pontos percentuais. O intervalo de confiança é de 95%. Coleta de dados: Entrevistas pessoais através de questionário estruturado, contendo perguntas filtro a fim de entrevistar somente o público-alvo desejado. Os entrevistadores serão contratados e treinados pela empresa. O processo de coleta de dados será monitorado pelos supervisores. Análise dos dados: A análise estatística dos dados será feita em duas etapas. Em primeiro lugar, será elaborada a análise exploratória dos dados, análise univariada e bivariada dos dados. Após a primeira etapa, serão feitas a inferência estatística e as análises filtradas por sexo e outras variáveis de perfil. Tamanho da amostra: Serão entrevistados 1201 (hum mil duzentos e um) eleitores distribuídos proporcionalmente os critérios município, sexo e faixa etária (arquivo anexo). Sendo: 1) 16 a 24 anos, masculino 8,6%, feminino 8,8%; 2) 25 a 34 anos, masculino 10,8%, feminino 12,2%; 3) 35 a 44 anos, masculino 9,7%%, feminino 10,8%; 4) 45 a 59 anos, masculino 11,2%, feminino 12,0%; 5) 60 anos ou +, masculino 7,7%, feminino 8,2%. A pesquisa é autoponderada em relação às variáveis: grau de instrução e renda, ou seja, a proporção do universo pesquisa é o mesmo daquele encontrado na amostra não sendo necessário nenhum tipo de ponderação.";"Sistema interno de controle e verificação, conferência e fiscalização da coleta de dados e do trabalho de campo: Após a coleta de dados é realizada uma fiscalização, na sede da empresa, através de contato telefônico, que consiste na checagem de 10% das entrevistas aplicadas, tendo a finalidade de verificar a veracidade e os procedimentos adotados pelo pesquisador durante a aplicação da entrevista, checando as respostas e os parâmetros amostrais. Constatando-se irregularidades, volta-se a campo para corrigi-las. Internamente todo material é criticado, codificado, digitado e, antes do processamento final, realiza-se a conferência da digitação.";"Relação de municípios e a respectiva distribuição da amostra em anexo."
"28/09/2026";"05:46:54";2026;81;"Eleições Gerais 2026";"AC";"AC";"ACRE";"AC068442026";"2026-09-10 21:05:49";"S";"00654576000172";"INSTITUTO VERITA LTDA";"VERITA";"Governador, Senador";"2026-09-10 00:00:00";"2026-09-15 00:00:00";"2026-09-16 00:00:00";1030;"10699";"Guilherme Alvarenga Laia";"79310,00";"Estudo quantitativo voltado às Eleições 2026, realizado por meio de entrevistas individuais, aplicadas mediante questionário eletrônico estruturado e Unidade Automatizada de Respostas Audíveis e Auditáveis, por meio de ligações para telefones móveis (celulares). A inteligência artificial é empregada exclusivamente para a transcrição automatizada das respostas em áudio, não interferindo na formulação das perguntas, na condução das entrevistas, na coleta das informações, na interpretação das respostas ou no tratamento estatístico dos dados.

A participação dos eleitores é voluntária, espontânea e não remunerada. As respostas são prestadas por autodeclaração, sendo, em sua maioria, registradas por meio de códigos numéricos correspondentes às alternativas previamente definidas no questionário.

A utilização de sistema eletrônico automatizado para a coleta e o registro das respostas proporciona elevado nível de padronização operacional, reduz a possibilidade de interferência humana durante a realização das entrevistas, amplia a rastreabilidade e a auditabilidade de todo o processo de coleta e contribui para maior precisão, consistência e confiabilidade dos dados obtidos.

O plano amostral foi elaborado para assegurar a representatividade estatística do eleitorado da respectiva Unidade da Federação, observando critérios técnicos de seleção, distribuição e ponderação da amostra, quando aplicáveis.";"A pesquisa foi planejada para produzir uma amostra estatisticamente representativa do eleitorado do estado DO ACRE, utilizando o método de Probabilidade Proporcional ao Tamanho (PPT), com plano amostral em múltiplos estágios. Na primeira etapa, esta Unidade da Federação é dividida em macrorregiões, de forma a assegurar adequada distribuição territorial da amostra e representação das diferentes características geográficas, demográficas e eleitorais. Na segunda etapa, os municípios de cada estrato são ordenados segundo seu porte populacional e eleitoral e sorteados. Na terceira etapa, os respondentes são selecionados entre os eleitores aptos residentes nos municípios sorteados, observando-se a distribuição proporcional da amostra e as cotas estabelecidas para as variáveis de sexo, faixa etária, grau de instrução e nível econômico. As cotas são estabelecidas para a pesquisa completa, considerando a composição do eleitorado e os parâmetros oficiais de referência, não sendo aplicadas isoladamente a cada município selecionado.

SEXO E FAIXA ETÁRIA - Fonte: Tribunal Superior Eleitoral (TSE), Perfil do Eleitorado, junho de 2026. Feminino de 16 a 34 anos: 21,5%; Masculino de 16 a 34 anos: 20,2%; Feminino de 35 a 54 anos: 19%; Masculino de 35 a 54 anos: 17,6%; Feminino com 55 anos ou mais: 11,1%; Masculino com 55 anos ou mais: 10,6%. Os parâmetros de sexo e idade têm como referência o cadastro eleitoral brasileiro atualizado pelo Tribunal Superior Eleitoral, considerando o universo de eleitores aptos com 16 anos ou mais.

GRAU DE INSTRUÇÃO - Fonte: IBGE - PNAD Contínua Anual 2025. A distribuição é: sem instrução 7,5%; ensino fundamental incompleto ou equivalente 25,6%; ensino fundamental completo ou equivalente 8,6%; ensino médio incompleto ou equivalente 9,8%; ensino médio completo ou equivalente 28,5%; ensino superior incompleto ou equivalente 5,4%; ensino superior completo 14,7%. Para não confundir os respondentes as faixas de escolaridade no questionário foram agrupadas em 3 faixas: até ensino fundamental incompleto e completo, ensino médio incompleto e completo e superior incompleto, completo ou mais. A PNAD Contínua é utilizada como referência por constituir a fonte oficial mais atualizada para a mensuração do nível de instrução da população brasileira, sua utilização também corrige limitações decorrentes da ausência de atualização obrigatória e contínua das informações de escolaridade no cadastro eleitoral do Tribunal Superior Eleitoral.

NÍVEL ECONÔMICO - RENDA FAMILIAR DO DOMICÍLIO - Fonte: IBGE - PNAD Contínua Anual 2025. Considera-se a renda domiciliar total, compreendendo rendimentos provenientes de trabalho formal e informal, aposentadorias, pensões, benefícios sociais e demais fontes de renda existentes no domicílio. observando-se a seguinte distribuição: renda familiar de até 2 salários-mínimos 59,5%; de 2 a 5 salários-mínimos 28,4%, acima de 5 salários-mínimos 12,1%.

PONDERAÇÃO E CALIBRAÇÃO DA AMOSTRA - Prevê-se eventual ponderação das variáveis de sexo, faixa etária, grau de instrução e nível econômico, caso sejam verificadas diferenças relevantes entre a distribuição da amostra efetivamente coletada e os parâmetros populacionais de referência adotados. Inicialmente, o fator de ponderação é igual a 1 (um), podendo ser recalculado sempre que necessário para assegurar a representatividade estatística da amostra.
INTERVALO DE CONFIANÇA E MARGEM DE ERRO - O intervalo de confiança adotado é de 95%, com margem máxima estimada de erro de aproximadamente 3,5 pontos percentuais, para mais ou para menos, sobre os resultados do total da amostra, calculada segundo o modelo de amostragem aleatória simples e a hipótese de máxima variabilidade.";"Após os trabalhos de coleta de dados, os questionários são submetidos a uma fiscalização, conferência e checagem de cerca de 20% (vinte por cento) dos questionários aplicados. Todas as entrevistas são integralmente registradas em áudio, permanecendo auditáveis e rastreáveis, permitindo a verificação da integridade do processo de coleta, preservado o sigilo das informações pessoais dos entrevistados e observadas as disposições da Lei Geral de Proteção de Dados Pessoais (Lei nº 13.709/2018).";"Em observância ao art. 2º, § 7º, da Resolução TSE nº 23.600/2019, com redação dada pela Resolução TSE nº 23.747/2026, a presente pesquisa terá seu registro complementado no Sistema de Registro de Pesquisas Eleitorais a partir da data em que sua divulgação for permitida e até o dia seguinte, com a identificação dos municípios em que foram realizadas as entrevistas, bem como da composição final da amostra quanto a gênero, idade, grau de instrução e nível econômico, na forma exigida pela legislação eleitoral vigente."
"28/09/2026";"05:46:54";2026;81;"Eleições Gerais 2026";"AC";"AC";"ACRE";"AC079002026";"2026-09-01 15:26:15";"N";"28343797000149";"INSTITUTO TRAVESSIA DIAGNOSTICO LTDA";"#NULO#";"Governador, Senador";"2026-09-02 00:00:00";"2026-09-05 00:00:00";"2026-09-06 00:00:00";800;"010831";"Ana Paula da Silva Prado";"32000,00";"Pesquisa quantitativa de opinião por meio de um questionário estruturado aplicado no estado do Acre. Uma amostra representativa da população-alvo será criada usando a metodologia, que levará em consideração as informações demográficas e geográficas relevantes. A coleta de dados será realizada por meio de entrevistas telefônicas operadas por humanos.";"Foi utilizada uma amostragem probabilística estratificada com o objetivo de refletir a heterogeneidade da população, composta pelos residentes do estado do Acre contemplando diferentes faixas etárias, gêneros, grau de escolaridade, níveis socioeconômicos e áreas geográficas. Serão realizados 800 entrevistas, esta pesquisa possui intervalo de confiança de 95% com uma margem de erro aproximada de 4%, o desenho da amostra foi feito de acordo com as seguintes distribuições: sexo 48% Masculino e 52% Feminino, sendo 19% de 16 a 24 anos, 23% de 25 a 34 anos, 20% de 35 a 44 anos, 23% de 45 a 59 anos e 15% de 60 anos ou mais, com o grau de escolaridade de 38% até ensino fundamental completo, 41% com Ensino Médio Incompleto/Completo e 21% com Ensino Superior Incompleto/Completo, que possuem renda domiciliar mensal de 58% até 2 salários mínimos, 27% mais de 2 até 5 salários mínimos e 15% acima de 5 salários mínimos. Está prevista eventual ponderação para correção das variáveis gênero e faixa etária, com base nos percentuais acima apresentados, caso ocorram diferenças superiores a 3 pontos percentuais entre o previsto na amostra e a coleta realizada, para as variáveis de escolaridade e renda domiciliar mensal, o fator de ponderação é igual a 1 (resultados obtidos no campo). Fonte de dados: Censo 2010 / TSE 2026.";"Para a realização da pesquisa, utiliza-se entrevistadores e supervisores devidamente treinados e qualificados para a operacionalização do trabalho. Após os trabalhos de coleta, os questionários serão submetidos a uma fiscalização de cerca de 15% dos questionários aplicados pelos entrevistadores, para verificação das respostas e da adequação dos entrevistados aos parâmetros amostrais.";"O anexo do arquivo com os bairros será realizado até o dia seguinte da divulgação conforme indicado no §7º. do art. 2º. da Resolução-TSE nº. 23.600/2019."
"28/09/2026";"05:46:54";2026;81;"Eleições Gerais 2026";"AC";"AC";"ACRE";"AC058492026";"2026-09-03 22:05:17";"S";"00654576000172";"INSTITUTO VERITA LTDA";"VERITA";"Governador, Senador";"2026-09-04 00:00:00";"2026-09-09 00:00:00";"2026-09-09 00:00:00";1030;"10699";"Guilherme Alvarenga Laia";"79310,00";"Estudo quantitativo voltado às Eleições 2026, realizado por meio de entrevistas individuais, aplicadas mediante questionário eletrônico estruturado e Unidade Automatizada de Respostas Audíveis e Auditáveis, por meio de ligações para telefones móveis (celulares). A inteligência artificial é empregada exclusivamente para a transcrição automatizada das respostas em áudio, não interferindo na formulação das perguntas, na condução das entrevistas, na coleta das informações, na interpretação das respostas ou no tratamento estatístico dos dados.

A participação dos eleitores é voluntária, espontânea e não remunerada. As respostas são prestadas por autodeclaração, sendo, em sua maioria, registradas por meio de códigos numéricos correspondentes às alternativas previamente definidas no questionário.

A utilização de sistema eletrônico automatizado para a coleta e o registro das respostas proporciona elevado nível de padronização operacional, reduz a possibilidade de interferência humana durante a realização das entrevistas, amplia a rastreabilidade e a auditabilidade de todo o processo de coleta e contribui para maior precisão, consistência e confiabilidade dos dados obtidos.

O plano amostral foi elaborado para assegurar a representatividade estatística do eleitorado da respectiva Unidade da Federação, observando critérios técnicos de seleção, distribuição e ponderação da amostra, quando aplicáveis.";"A pesquisa foi planejada para produzir uma amostra estatisticamente representativa do eleitorado do estado DO ACRE, utilizando o método de Probabilidade Proporcional ao Tamanho (PPT), com plano amostral em múltiplos estágios. Na primeira etapa, esta Unidade da Federação é dividida em macrorregiões, de forma a assegurar adequada distribuição territorial da amostra e representação das diferentes características geográficas, demográficas e eleitorais. Na segunda etapa, os municípios de cada estrato são ordenados segundo seu porte populacional e eleitoral e sorteados. Na terceira etapa, os respondentes são selecionados entre os eleitores aptos residentes nos municípios sorteados, observando¿se a distribuição proporcional da amostra e as cotas estabelecidas para as variáveis de sexo, faixa etária, grau de instrução e nível econômico. As cotas são estabelecidas para a pesquisa completa, considerando a composição do eleitorado e os parâmetros oficiais de referência, não sendo aplicadas isoladamente a cada município selecionado.

SEXO E FAIXA ETÁRIA ¿ Fonte: Tribunal Superior Eleitoral (TSE), Perfil do Eleitorado, junho de 2026. Feminino de 16 a 34 anos: 21,5%; Masculino de 16 a 34 anos: 20,2%; Feminino de 35 a 54 anos: 19%; Masculino de 35 a 54 anos: 17,6%; Feminino com 55 anos ou mais: 11,1%; Masculino com 55 anos ou mais: 10,6%. Os parâmetros de sexo e idade têm como referência o cadastro eleitoral brasileiro atualizado pelo Tribunal Superior Eleitoral, considerando o universo de eleitores aptos com 16 anos ou mais.

GRAU DE INSTRUÇÃO ¿ Fonte: IBGE ¿ PNAD Contínua Anual 2025. A distribuição é: sem instrução 7,5%; ensino fundamental incompleto ou equivalente 25,6%; ensino fundamental completo ou equivalente 8,6%; ensino médio incompleto ou equivalente 9,8%; ensino médio completo ou equivalente 28,5%; ensino superior incompleto ou equivalente 5,4%; ensino superior completo 14,7%. Para não confundir os respondentes as faixas de escolaridade no questionário foram agrupadas em 3 faixas: até ensino fundamental incompleto e completo, ensino médio incompleto e completo e superior incompleto, completo ou mais. A PNAD Contínua é utilizada como referência por constituir a fonte oficial mais atualizada para a mensuração do nível de instrução da população brasileira, sua utilização também corrige limitações decorrentes da ausência de atualização obrigatória e contínua das informações de escolaridade no cadastro eleitoral do Tribunal Superior Eleitoral.

NÍVEL ECONÔMICO ¿ RENDA FAMILIAR DO DOMICÍLIO ¿ Fonte: IBGE ¿ PNAD Contínua Anual 2025. Considera¿se a renda domiciliar total, compreendendo rendimentos provenientes de trabalho formal e informal, aposentadorias, pensões, benefícios sociais e demais fontes de renda existentes no domicílio. observando¿se a seguinte distribuição: renda familiar de até 2 salários¿mínimos 59,5%; de 2 a 5 salários¿mínimos 28,4%, acima de 5 salários¿mínimos 12,1%.

PONDERAÇÃO E CALIBRAÇÃO DA AMOSTRA ¿ Prevê¿se eventual ponderação das variáveis de sexo, faixa etária, grau de instrução e nível econômico, caso sejam verificadas diferenças relevantes entre a distribuição da amostra efetivamente coletada e os parâmetros populacionais de referência adotados. Inicialmente, o fator de ponderação é igual a 1 (um), podendo ser recalculado sempre que necessário para assegurar a representatividade estatística da amostra.
INTERVALO DE CONFIANÇA E MARGEM DE ERRO ¿ O intervalo de confiança adotado é de 95%, com margem máxima estimada de erro de aproximadamente 3,5 pontos percentuais, para mais ou para menos, sobre os resultados do total da amostra, calculada segundo o modelo de amostragem aleatória simples e a hipótese de máxima variabilidade.";"Após os trabalhos de coleta de dados, os questionários são submetidos a uma fiscalização, conferência e checagem de cerca de 20% (vinte por cento) dos questionários aplicados. Todas as entrevistas são integralmente registradas em áudio, permanecendo auditáveis e rastreáveis, permitindo a verificação da integridade do processo de coleta, preservado o sigilo das informações pessoais dos entrevistados e observadas as disposições da Lei Geral de Proteção de Dados Pessoais (Lei nº 13.709/2018).";"Em observância ao art. 2º, § 7º, da Resolução TSE nº 23.600/2019, com redação dada pela Resolução TSE nº 23.747/2026, a presente pesquisa terá seu registro complementado no Sistema de Registro de Pesquisas Eleitorais a partir da data em que sua divulgação for permitida e até o dia seguinte, com a identificação dos municípios em que foram realizadas as entrevistas, bem como da composição final da amostra quanto a gênero, idade, grau de instrução e nível econômico, na forma exigida pela legislação eleitoral vigente."
"28/09/2026";"05:46:54";2026;81;"Eleições Gerais 2026";"AC";"AC";"ACRE";"AC011822026";"2026-05-28 19:18:28";"S";"81908345000140";"INSTITUTO PARANA DE PESQUISAS E ANALISE DE CONSUMIDOR LTDA";"#NULO#";"Governador, Senador, Deputado Federal";"2026-05-31 00:00:00";"2026-06-02 00:00:00";"2026-06-03 00:00:00";1000;"10245 - 4ª Região";"Tatiani Cristina Ara";"40000,00";"Pesquisa com metodologia quantitativa, com a realização de entrevistas pessoais, domiciliares e presenciais, utilizando questionário estruturado junto a uma amostra representativa do eleitorado do Estado do Acre.


";"""A amostra será representativa do eleitorado da área pesquisada e será selecionada em três etapas. Na primeira etapa realiza-se um sorteio probabilístico dos municípios onde as entrevistas serão realizadas através do método PPT (Probabilidade Proporcional ao Tamanho), considerando a população eleitora com 16 anos ou mais residente nos municípios como base para essa seleção. Na segunda etapa, faz-se um sorteio probabilístico das localidades, onde as entrevistas serão realizadas, através do método PPT (Probabilidade Proporcional ao Tamanho), tomando a população eleitora de 16 anos ou mais residente nas localidades como base para essa seleção. Na terceira etapa, a seleção do entrevistado dentro da localidade, será feita utilizando-se quotas amostrais proporcionais, em função das seguintes variáveis:
GÊNERO: TSE Abril 2026 (https://sig.tse.jus.br/ords/dwapr/r/seai/sig-eleitor-eleitorado-mensal/cruzamento-eleitorado-mensal?p24_metricas=E&p24_back=22&p24_cruzamento_1=ds_sexo&clear=24&p0_uf=AC&p0_mes=4&debug=LEVEL5&session=312990078978641)
Masculino - 48%; |
Feminino - 52%; |
FAIXA ETÁRIA: TSE Abril 2026 (https://sig.tse.jus.br/ords/dwapr/r/seai/sig-eleitor-eleitorado-mensal/cruzamento-eleitorado-mensal?p24_cruzamento_1=ds_faixa_etaria&p24_metricas=E&p24_back=22&clear=24&p0_uf=AC&p0_mes=4&debug=LEVEL5&session=8904950028837)
Entre 16 e 24 anos: 19%; |
Entre 25 e 34 anos: 23%; |
Entre 35 e 44 anos: 20%; |
Entre 45 e 59 anos: 23%; |
Com 60 anos ou mais: 15%; |
ESCOLARIDADE: TSE Abril 2026 (https://sig.tse.jus.br/ords/dwapr/r/seai/sig-eleitor-eleitorado-mensal/cruzamento-eleitorado-mensal?p24_cruzamento_1=ds_grau_instrucao&p24_metricas=E&p24_back=22&clear=24&p0_uf=AC&p0_mes=4&debug=LEVEL5&session=309383598034615)
De analfabeto até ensino fundamental completo: 40%; |
Ensino médio incompleto ou completo: 44% |
Ensino superior incompleto ou completo: 16% |
RENDA DOMICILIAR MENSAL:  (https://cidades.ibge.gov.br/brasil/ac/pesquisa/23/24304) IBGE - Censo 2010. Observação: Conforme informações obtidas do Instituto Brasileiro de Geografia e Estatística, o IBGE, não divulgou - e não tem previsão - de data para divulgação do perfil econômico (nível econômico) da população brasileira; portanto, os dados quanto ao nível econômico obtidos no Censo 2022, não podem ser utilizados, pois não foram publicados. (https://censo2022.ibge.gov.br/panorama/)
Sem rendimentos até 2 salários mínimos: 58% |
Mais de 2 a 5 salários mínimos: 27% |
Mais de 5 salários mínimos: 15% |
Está prevista eventual ponderação para correção das variáveis gênero e faixa etária, com base nos percentuais acima apresentados, caso ocorram diferenças superiores a 3,0 (três) pontos percentuais entre o previsto na amostra e a coleta realizada; para as variáveis escolaridade e renda domiciliar mensal, o fator de ponderação é igual a 1 (resultados obtidos no campo). O nível de confiança estimado é de 95% (noventa e cinco por cento) para uma margem de erro estimada, considerando uma técnica de amostragem aleatória simples, de aproximadamente 3,2 (três vírgula dois) pontos percentuais para mais ou para menos sobre os resultados obtidos.""





";"""As entrevistas serão conduzidas por uma equipe de entrevistadores e supervisores devidamente qualificados pelo Instituto Paraná Pesquisas, todos com experiência e treinamento específico em pesquisas de opinião pública. 
Controle: O controle do processo será realizado por meio de um software de coleta de dados, o qual permitirá o monitoramento garantindo o cumprimento das cotas amostrais.
Conferência e Fiscalização: Durante a coleta de dados os questionários aplicados são fiscalizados e conferidos através de um supervisor.   
Adicionalmente, pelo menos 30% dos questionários passarão por uma verificação posterior, que avaliará a precisão na aplicação e a adequação dos entrevistados às variáveis das quotas amostrais. Ou seja, no mínimo 300 entrevistas desta pesquisa serão auditadas pela equipe de qualidade do Instituto Paraná Pesquisas, podendo essa auditoria ser solicitada ao Instituto a qualquer momento.
Verificação: Após a coleta, os questionários passam por uma etapa de verificação e validação dos dados, para garantir a integridade e precisão dos dados coletados.""





";" ""A pesquisa será realizada no Estado do Acre, a relação dos dados relativos aos municípios e às localidades será apresentado até o dia seguinte à data a partir da qual a pesquisa puder ser divulgada, conforme §7º do art. 2º da Resolução-TSE nº. 23.600/2019""





"
"28/09/2026";"05:46:54";2026;81;"Eleições Gerais 2026";"AC";"AC";"ACRE";"AC089682026";"2026-09-19 17:19:22";"N";"22445600000104";"QUAEST PESQUISAS, CONSULTORIA E PROJETOS LTDA.";"#NULO#";"Governador, Senador";"2026-09-21 00:00:00";"2026-09-24 00:00:00";"2026-09-25 00:00:00";804;"6731";"Margarida Maria de Mendonca";"134871,00";"Pesquisa quantitativa, de survey, que consiste na realização de entrevistas pessoais, domiciliares e presenciais, conduzidas por profissionais treinados, com a aplicação de questionários estruturados a uma amostra representativa da população votante de 16 anos ou mais residente no estado do Acre. O desenho amostral aplicado combina sorteio probabilístico de municípios e de setores censitários fornecidos pelo IBGE (unidades territoriais homogêneas, de tamanho similar a quadras ou blocos), dentro dos quais serão selecionadas pessoas respondentes por meio de cotas amostrais.";"O público pesquisado é composto por eleitores de 16 anos ou mais residentes na área de abrangência da pesquisa. Para produzir uma amostra representativa desse público-alvo, utilizamos um desenho amostral por conglomerados que prevê três estágios. No primeiro estágio, é feito um sorteio probabilístico de municípios para comporem a amostra por meio do método PPT (Probabilidade Proporcional ao Tamanho) a partir de suas populações votantes acima de 16 anos. Dentro da lista de municípios sorteados, no segundo estágio, é realizado um sorteio probabilístico por meio do método PPT (Probabilidade Proporcional ao Tamanho) de setores censitários a serem visitados pelos entrevistadores, sorteio que tem como base o total de habitantes residentes nos setores de acordo com dados do Censo de 2022, o que garante a dispersão aleatória e estatística da amostra dentro dos territórios municipais, independentemente de divisões administrativas. Finalmente, dentro da lista de setores censitários sorteados, no último estágio são selecionados domicílios e pessoas a serem entrevistadas utilizando-se cotas amostrais para as seguintes variáveis: sexo, idade, renda familiar e escolaridade. O perfil da amostra, definido pelas cotas previstas, é o seguinte:

Sexo: Masculino (48%); Feminino (52%).
Faixa etária: 16-34 anos (41%); 35-59 anos (43%); 60 ou mais (16%).
Renda domiciliar total, incluindo pensões, benefícios e rendimentos de trabalhos informais: Até 2 salários-mínimos (48%); Mais de 2 a 5 salários-mínimos (37%); Mais de 5 salários-mínimos (15%).
Nível de instrução: Até Fundamental completo ou médio incompleto (45%); Médio completo ou superior incompleto (37%); Superior completo ou mais (18%).

Fonte dos dados: para a distribuição de sexo e idade, TSE-Tribunal Superior Eleitoral - agosto/2026; para a malha de setores censitários, Censo 2022 (IBGE); para a distribuição de renda domiciliar, PNADc Anual 2025, 1ª visita (IBGE); e, para a distribuição de escolaridade/instrução, PNADc trimestral 2-2026 (IBGE). A PNADc é utilizada por ser a fonte oficial mais atualizada de rendimentos do país, incluindo rendimentos informais, pensões, entre outros, e corrigindo as defasagens temporais do Censo 2022, além de ser a fonte mais atualizada de nível de instrução da população com 16 anos ou mais dada ausência de atualização obrigatória da escolaridade no registro de eleitores do TSE.

Está prevista eventual pós-estratificação da amostra, por meio de algoritmos de calibração (rake) e modelos (MrP), para correção (1) de estimativas e (2) das distribuições de variáveis que medem o perfil da população.

Dentro do público-alvo anteriormente descrito, serão realizadas 804 entrevistas. O nível de confiança das estimativas é de 95% e a margem de erro máxima prevista, atendendo às diretivas do TSE e usando o cálculo para amostra aleatória simples (AAS) como aproximação, é de cerca de 3 pontos percentuais para mais ou para menos em relação aos totais da amostra.";"As entrevistas serão realizadas por uma equipe de entrevistadores devidamente qualificada, com experiência e treinamento em pesquisa de opinião pública. Todo trabalho é feito em tablets ou outros dispositivos eletrônicos. Após a realização da coleta de dados, as entrevistas junto aos respondentes são checadas por meio de procedimentos de consistência e de georreferenciamento dos locais de aplicação em tempo real. Adicionalmente, ao longo e após os trabalhos de campo, é realizada uma fiscalização que consiste na checagem de áudio de uma amostra de 30% dos questionários aplicados para verificação das respostas e da adequação dos entrevistados aos parâmetros amostrais.";"A área de abrangência da coleta é o território do estado do Acre. A relação do número de pessoas pesquisadas nas áreas de aplicação da pesquisa, discriminadas por município, bairros e setores censitários a partir dos identificadores utilizados pelo IBGE, além da composição do eleitorado entrevistado na área de abrangência quanto a gênero, idade, grau de instrução e nível econômico, constará em anexo. O mapa com os códigos destes setores censitários e as áreas que delimitam no país todo podem ser conferidos na seguinte fonte oficial: https://censo2022.ibge.gov.br/panorama/mapas.html?localidade=&recorte=setores_censitarios"
"28/09/2026";"05:46:54";2026;81;"Eleições Gerais 2026";"AC";"AC";"ACRE";"AC032562026";"2026-09-27 20:19:30";"S";"56824073000152";"EXATA.GO PESQUISA LTDA";"EXATA.GO";"Governador";"2026-09-27 00:00:00";"2026-10-02 00:00:00";"2026-10-03 00:00:00";1000;"11564";"GIOVANA RILLARY DA SILVA ROCHA";"11000,00";"Pesquisa quantitativa, com realização de entrevistas pessoais e aplicação de questionário estruturado junto a uma amostra representativa do eleitorado do estado do Acre.";"A amostra será representativa do eleitorado da área de abrangência da pesquisa e será selecionada em três estágios. No primeiro estágio, será realizado o sorteio probabilístico dos municípios onde as entrevistas serão realizadas, por meio do método PPT (Probabilidade Proporcional ao Tamanho), considerando a população eleitora com 16 anos ou mais residente nos municípios como base para essa seleção. No segundo estágio, será realizado o sorteio probabilístico dos setores censitários onde as entrevistas serão realizadas, também por meio do método PPT (Probabilidade Proporcional ao Tamanho), tomando como base a população eleitora de 16 anos ou mais residente nos respectivos setores censitários. No terceiro estágio, a seleção do entrevistado dentro de cada setor censitário será feito por meio de cotas amostrais proporcionais, considerando as seguintes variáveis : GÊNERO: FEMININO 51,64% ; MASCULINO 48,36% ; FAIXA ETÁRIA: Entre 16 a 24 anos 18,34% ; Entre 25 a 34 anos 22,76% ; Entre 35 a 44 anos 20,02% ; Entre 45 a 59 anos 22,97% ; Com 60 anos ou mais 15,91% ; GRAU DE INSTRUÇÃO: Analfabeto 7,37% ; Ensino Fundamental Completo 4,68% ; Ensino Fundamental Incompleto 19,14% ; Ensino Médio Completo 24,09% ; Ensino Médio Incompleto 20,27% ; Lê E Escreve 8,87% ; Superior Completo 9,54% ; Superior Incompleto 6,04% ; Fonte tse/ago2026 https://sig.tse.jus.br/ords/dwapr/r/seai/sig-eleitor-eleitorado-mensal/cruzamento-eleitorado-mensal?p0_uf=AC&session=5076731800070 ; RENDA DOMICILIAR MENSAL: IBGE - Censo 2.010): (fonte: https://cidades.ibge.gov.br/brasil/ac/pesquisa/23/24304) . Até 1/2 salário mínimo 6,47% ; Mais de 1/2 a 1 salário mínimo 19,49% ; Mais de 1 a 2 salários mínimos 24,93% ; Mais de 2 a 5 salários mínimos 26,48% ; Mais de 5 a 10 salários mínimos 10,03% ; Mais de 10 a 20 salários mínimos 3,84% ; Mais de 20 salários mínimos 1,49% ; Sem rendimento 7,27% ; Observação: Conforme informações obtidas do Instituto Brasileiro de Geografia e Estatística - IBGE, o instituto não divulgou e não tem previsão de data para divulgação do perfil econômico (nível econômico) da população brasileira; portanto, os dados quanto ao nível econômico obtidos no Censo 2022 não podem ser utilizados, pois não foram publicados. (https://censo2022.ibge.gov.br/panorama/). Está prevista eventual ponderação para correção das variáveis gênero e faixa etária, com base nos percentuais acima apresentados, caso ocorram diferenças superiores a MARGEM DE ERRO definida entre a amostra prevista e a coleta realizada. Para as variáveis escolaridade e renda domiciliar mensal, o fator de ponderação será igual a 1, considerando-se os resultados obtidos em campo. Dentro do público-alvo anteriormente descrito, serão realizadas 1.000 entrevistas. O nível de confiança estimado é de 95% para uma margem de erro estimada, considerando uma técnica de amostragem aleatória simples (AAS), de aproximadamente 3,1 pontos percentuais para mais ou para menos sobre os resultados obtidos.";"Para a realização da pesquisa, utiliza-se uma equipe de entrevistadores e supervisores credenciados devidamente treinados pela empresa para esse tipo de pesquisa. Após os trabalhos de campo, 100% dos questionários são criticados e passam por uma fiscalização de cerca de 20% (vinte por cento) dos questionários aplicados por cada entrevistador; para verificação da consistência das respostas e da adequação dos entrevistados aos parâmetros amostrais";"#NULO#"
"28/09/2026";"05:46:54";2026;81;"Eleições Gerais 2026";"AC";"AC";"ACRE";"AC075312026";"2026-09-19 21:22:30";"N";"00654576000172";"INSTITUTO VERITA LTDA";"VERITA";"Governador, Senador";"2026-09-20 00:00:00";"2026-09-24 00:00:00";"2026-09-25 00:00:00";1030;"10699";"Guilherme Alvarenga Laia";"37037,04";"Estudo quantitativo voltado às Eleições 2026, realizado por meio de entrevistas individuais, aplicadas mediante questionário eletrônico estruturado e Unidade Automatizada de Respostas Audíveis e Auditáveis, por meio de ligações para telefones móveis (celulares). A inteligência artificial é empregada exclusivamente para a transcrição automatizada das respostas em áudio, não interferindo na formulação das perguntas, na condução das entrevistas, na coleta das informações, na interpretação das respostas ou no tratamento estatístico dos dados. A participação dos eleitores é voluntária, espontânea e não remunerada. As respostas são prestadas por autodeclaração, sendo, em sua maioria, registradas por meio de códigos numéricos correspondentes às alternativas previamente definidas no questionário. A utilização de sistema eletrônico automatizado para a coleta e o registro das respostas proporciona elevado nível de padronização operacional, reduz a possibilidade de interferência humana durante a realização das entrevistas, amplia a rastreabilidade e a auditabilidade de todo o processo de coleta e contribui para maior precisão, consistência e confiabilidade dos dados obtidos. O plano amostral foi elaborado para assegurar a representatividade estatística do eleitorado da respectiva Unidade da Federação, observando critérios técnicos de seleção, distribuição e ponderação da amostra, quando aplicáveis.";"A pesquisa foi planejada para produzir uma amostra estatisticamente representativa do eleitorado do estado DO ACRE, utilizando o método de Probabilidade Proporcional ao Tamanho (PPT), com plano amostral em múltiplos estágios. Na primeira etapa, esta Unidade da Federação é dividida em macrorregiões, de forma a assegurar adequada distribuição territorial da amostra e representação das diferentes características geográficas, demográficas e eleitorais. Na segunda etapa, os municípios de cada estrato são ordenados segundo seu porte populacional e eleitoral e sorteados. Na terceira etapa, os respondentes são selecionados entre os eleitores aptos residentes nos municípios sorteados, observando-se a distribuição proporcional da amostra e as cotas estabelecidas para as variáveis de sexo, faixa etária, grau de instrução e nível econômico. As cotas são estabelecidas para a pesquisa completa, considerando a composição do eleitorado e os parâmetros oficiais de referência, não sendo aplicadas isoladamente a cada município selecionado.

SEXO E FAIXA ETÁRIA - Fonte: Tribunal Superior Eleitoral (TSE), Perfil do Eleitorado, junho de 2026. Feminino de 16 a 34 anos: 21,5%; Masculino de 16 a 34 anos: 20,2%; Feminino de 35 a 54 anos: 19%; Masculino de 35 a 54 anos: 17,6%; Feminino com 55 anos ou mais: 11,1%; Masculino com 55 anos ou mais: 10,6%. Os parâmetros de sexo e idade têm como referência o cadastro eleitoral brasileiro atualizado pelo Tribunal Superior Eleitoral, considerando o universo de eleitores aptos com 16 anos ou mais.

GRAU DE INSTRUÇÃO - Fonte: IBGE - PNAD Contínua Anual 2025. A distribuição é: sem instrução 7,5%; ensino fundamental incompleto ou equivalente 25,6%; ensino fundamental completo ou equivalente 8,6%; ensino médio incompleto ou equivalente 9,8%; ensino médio completo ou equivalente 28,5%; ensino superior incompleto ou equivalente 5,4%; ensino superior completo 14,7%. Para não confundir os respondentes as faixas de escolaridade no questionário foram agrupadas em 3 faixas: até ensino fundamental incompleto e completo, ensino médio incompleto e completo e superior incompleto, completo ou mais. A PNAD Contínua é utilizada como referência por constituir a fonte oficial mais atualizada para a mensuração do nível de instrução da população brasileira, sua utilização também corrige limitações decorrentes da ausência de atualização obrigatória e contínua das informações de escolaridade no cadastro eleitoral do Tribunal Superior Eleitoral.

NÍVEL ECONÔMICO - RENDA FAMILIAR DO DOMICÍLIO - Fonte: IBGE - PNAD Contínua Anual 2025. Considera-se a renda domiciliar total, compreendendo rendimentos provenientes de trabalho formal e informal, aposentadorias, pensões, benefícios sociais e demais fontes de renda existentes no domicílio. observando-se a seguinte distribuição: renda familiar de até 2 salários-mínimos 59,5%; de 2 a 5 salários-mínimos 28,4%, acima de 5 salários-mínimos 12,1%.

PONDERAÇÃO E CALIBRAÇÃO DA AMOSTRA - Prevê-se eventual ponderação das variáveis de sexo, faixa etária, grau de instrução e nível econômico, caso sejam verificadas diferenças relevantes entre a distribuição da amostra efetivamente coletada e os parâmetros populacionais de referência adotados. Inicialmente, o fator de ponderação é igual a 1 (um), podendo ser recalculado sempre que necessário para assegurar a representatividade estatística da amostra.
INTERVALO DE CONFIANÇA E MARGEM DE ERRO - O intervalo de confiança adotado é de 95%, com margem máxima estimada de erro de aproximadamente 3,5 pontos percentuais, para mais ou para menos, sobre os resultados do total da amostra, calculada segundo o modelo de amostragem aleatória simples e a hipótese de máxima variabilidade.";"Após os trabalhos de coleta de dados, os questionários são submetidos a uma fiscalização, conferência e checagem de cerca de 20% (vinte por cento) dos questionários aplicados. Todas as entrevistas são integralmente registradas em áudio, permanecendo auditáveis e rastreáveis, permitindo a verificação da integridade do processo de coleta, preservado o sigilo das informações pessoais dos entrevistados e observadas as disposições da Lei Geral de Proteção de Dados Pessoais (Lei nº 13.709/2018).";"Em observância ao art. 2º, § 7º, da Resolução TSE nº 23.600/2019, com redação dada pela Resolução TSE nº 23.747/2026, a presente pesquisa terá seu registro complementado no Sistema de Registro de Pesquisas Eleitorais a partir da data em que sua divulgação for permitida e até o dia seguinte, com a identificação dos municípios em que foram realizadas as entrevistas, bem como da composição final da amostra quanto a gênero, idade, grau de instrução e nível econômico, na forma exigida pela legislação eleitoral vigente."
"28/09/2026";"05:46:54";2026;81;"Eleições Gerais 2026";"AC";"AC";"ACRE";"AC090682026";"2026-09-23 22:34:42";"S";"02170847000140";"DATA CONTROL INSTITUTO DE PESQUISA LTDA - ME";"DATA CONTROL INSTITUTO DE PESQUISA";"Governador, Senador, Deputado Federal, Deputado Estadual";"2026-09-24 00:00:00";"2026-09-30 00:00:00";"2026-09-29 00:00:00";1000;"11239";"JOSE AILTON ALENCAR DA SILVA";"15000,00";"Será realizada uma pesquisa de natureza quantitativa e qualitativa, com o objetivo de caracterizar o perfil ideológico do público-alvo e mensurar a intenção de voto para as Eleições Gerais de 2026. A metodologia adotada consiste em um levantamento padrão survey, totalmente digital e geolocalizado, aplicado de forma pessoal e individual, face-a-face, ao público-alvo determinado no plano amostral, com coleta de dados em zonas de trânsito de pessoas e/ou em residências, contendo questões espontâneas e estimuladas. A amostra será estratificada e proporcional aos dados demográficos do estado do Acre (AC), respeitando critérios de gênero, faixa etária (acima de 16 anos), nível de instrução e faixas de renda familiar. A coleta de dados seguirá o zoneamento geográfico previamente estabelecido, garantindo a representatividade do eleitorado residente e apto a votar, sendo executada por uma equipe técnica especializada e treinada para este fim.";"O público-alvo desta pesquisa engloba o eleitorado do estado do Acre (AC) com idade igual ou superior a 16 anos. A amostra necessária para esta pesquisa é de 1000 (um mil) eleitores do Acre (AC), considerando uma margem de erro de 3,1 pontos percentuais e 95% de confiança. A margem de erro informada é uma estimativa teórica baseada no tamanho de uma amostra aleatória e no nível de confiança adotado, devendo ser interpretada como referência aproximada. A inferência de resultados passa a ser condicionada a este desenho amostral. A amostragem é definida com base nos dados oficiais do eleitorado do estado do Acre, estratificados conforme os parâmetros do Tribunal Superior Eleitoral (TSE), e feita em várias etapas. Os municípios selecionados concentram os maiores contingentes do eleitorado do estado, garantindo que uma parcela significativa do eleitorado total tenha a possibilidade de ser contemplada pela pesquisa. Em cada município selecionado, a amostra foi alocada proporcionalmente ao tamanho do seu eleitorado em relação ao total do eleitorado do conjunto de municípios abrangidos pela pesquisa. Finalmente, os entrevistados são selecionados para responder ao questionário, de acordo com cotas proporcionais de sexo, faixa etária, grau de instrução e nível de rendimentos, garantindo a representatividade demográfica da amostra. Atributos de cotas: Masculino (484|48,4%), Feminino (516|51,6%); IDADE: [16 a 24 (183|18,3%), 25 a 34 (228|22,8%), 35 a 44 (200|20,0%), 45 a 59 (230|23,0%), 60 ou + (159|15,9%)]; GRAU DE INSTRUÇÃO: [Analfabeto/ Lê e Escreve (79|7,9%),Ensino Fundamental Completo/ Incompleto (304|30,4%), Ensino Médio Completo/ Incompleto (402|40,2%), Superior Completo/ Incompleto (215|21,5%)]; RENDA FAMILIAR: [Até R$ 3.242,00 (até 2 S.M.) (532|53,2%), Acima de R$ 3.242,00 a R$ 8.105,00 (mais de 2 a 5 S.M.) (312|31,2%), Acima de R$ 8.105,00 a R$ 16.210,00 (mais de 5 a 10 S.M.) (116|11,6%), Mais de R$ 16.210,00 (mais de 10 S.M.) (40|4,0%)]. Onde: S.M.: salários-mínimos. Com o objetivo de assegurar maior aderência da amostra às características da população, prevê-se a aplicação da ponderação estatística (atribuição de pesos amostrais), ajustando as proporções dos estratos conforme parâmetros populacionais das variáveis: Sexo, Faixa Etária, Escolaridade, Renda e Município. Os pesos amostrais calculados consideram o eleitorado do público-alvo desta pesquisa. A definição e seleção da amostra fundamentam-se em dados do IBGE (incluindo o Censo 2022, a PNADc Anual 2025, 1ª visita, e a Estimativa Populacional 2025), além de Estatísticas mensais: Eleitorado mensal: TSE 2026 (última atualização: 01.09.2026 - 15:17) e cálculos estatísticos para definição da amostra e seu particionamento. A escolha da PNAD Contínua como referência para obter a composição do eleitorado segundo grau de instrução se justifica por ela representar a fonte oficial mais recente disponível para mensurar o nível de instrução da população brasileira. Além disso, seu uso permite contornar as limitações associadas à falta de atualização obrigatória e periódica dos dados de escolaridade constantes no cadastro eleitoral do Tribunal Superior Eleitoral.";"O controle estatístico e qualitativo da pesquisa será baseado na verificação dos dados coletados pelo Instituto de Pesquisa, que poderá, a qualquer momento, solicitar informações, acompanhar a aplicação dos questionários e submeter os dados coletados a análises e controles estatísticos e qualitativos, com a finalidade de validar ou não as entrevistas realizadas. Os pesquisadores envolvidos na realização desta pesquisa são treinados pelo Instituto de Pesquisa e recebem instruções específicas para cada projeto realizado, com foco na aplicação dos critérios e procedimentos destinados a garantir a qualidade metodológica e o controle estatístico dos resultados. São checados, no mínimo, 20% dos questionários aplicados, seja in loco por supervisores de campo, seja posteriormente por telefone. Internamente, todo o material é verificado, codificado e digitado. Antes do processamento final, realiza-se a conferência da tabulação para verificação da consistência dos dados, bem como a anonimização dos usuários desde a fonte dos dados, assegurando que a apresentação e a manipulação das informações ocorram somente de forma agregada. Dessa forma, são garantidos o consentimento informado, o anonimato e a proteção dos dados dos participantes.";"Baseado nas características do público-alvo, para 1000 (um mil ) eleitores do Acre (AC), considerando uma margem de erro de 3,1 pontos percentuais e 95% de confiança. A margem de erro informada é uma estimativa teórica baseada no tamanho de uma amostra aleatória e no nível de confiança adotado, devendo ser interpretada como referência aproximada. A inferência de resultados passa a ser condicionada a este desenho amostral. A coleta de amostras proporcionais ocorrerá nas seguintes localidades: BRASILÉIA (4,1%), CRUZEIRO DO SUL (13,2%), FEIJÓ (5,0%), MÂNCIO LIMA (3,0%), RIO BRANCO (55,7%), SENA MADUREIRA (6,4%), SENADOR GUIOMARD (3,8%), TARAUACÁ (6,2%), XAPURI (2,6%)."
"28/09/2026";"05:46:54";2026;81;"Eleições Gerais 2026";"AC";"AC";"ACRE";"AC088822026";"2026-03-17 23:05:51";"S";"00654576000172";"INSTITUTO VERITA LTDA";"VERITA";"Governador, Senador, Deputado Federal, Deputado Estadual";"2026-03-18 00:00:00";"2026-03-24 00:00:00";"2026-03-23 00:00:00";1030;"10699";"GUILHERME ALVARENGA LAIA";"79310,00";"Pesquisa quantitativa, que consiste na realização de entrevistas, com a aplicação de questionário estruturado junto a uma amostra representativa do eleitorado desta Unidade da Federação.";"ESTUDO REPRESENTATIVO DO ELEITORADO DO ESTADO DO ACRE - MÉTODO PPT (Probabilidade Proporcional ao Tamanho) - PLANO AMOSTRAL E PONDERAÇÃO QUANTO A SEXO, IDADE, GRAU DE INSTRUÇÃO E NÍVEL ECONÔMICO DO ENTREVISTADO; INTERVALO DE CONFIANÇA E MARGEM DE ERRO: Representativo do eleitorado da área em estudo, elaborada, em vários estágios, da seguinte forma: - 1. Divisão da UF em estratos proporcionais de municípios. 2. Ordenação dos municípios de cada estrato segundo o porte. 3. Sorteio dos municípios de cada estrato. 4. Os respondentes são selecionados através de quotas amostrais proporcionais em função de variáveis significativas, a saber: GÊNERO / FAIXA ETÁRIA - FEMININO E MASCULINO 16 A 34 ANOS 21,2% E 19,7%, 35 A 54 ANOS 19,4% E 17,9%, 55 ANOS OU MAIS 11,2% E 10,6%. GRAU DE INSTRUÇÃO - FEMININO Sem instrução até Ensino Médio completo 65,2%, Ensino superior incompleto e completo % NÍVEL ECONÔMICO - FEMININO população não economicamente ativa 46,5% população economicamente ativa 53,5% MASCULINO população não economicamente ativa 27,2% população economicamente ativa 72,8%. RENDA FAMILIAR DO DOMICÍLIO renda familiar de até 2 salários-mínimos 30,7%; de 2 a 5 salários-mínimos 44,2%, acima de 5 salários-mínimos 25,1%. Está prevista eventual ponderação para correção das variáveis, com base nos percentuais anteriormente mencionados, caso ocorram diferenças superiores a margem de erro da pesquisa previsto entre a amostra e a coleta de dados realizada. O fator previsto para ponderação é 1 (resultados obtidos na coleta de dados). O intervalo de confiança estimado é de 95% e a margem de erro máxima estimada considerando um modelo de amostragem aleatório simples, é de aproximadamente 3,5 pontos percentuais para mais ou para menos sobre os resultados encontrados no total da amostra. FONTE DOS DADOS: IBGE/Censo 2022 para fins de densidade demográfica, setores censitários e alocação da amostra. IBGE/PNAD/PNADC/MEC/INEP para fins de Nível Econômico e Escolaridade. TSE FEVEREIRO/2026 para fins de Sexo, Faixa Etária e eleitorado por município ou regiões previamente definidas (importante ressaltar para o público leigo que os dados do TSE são os únicos corretos para gênero, idade dos eleitores e quantitativo de eleitores por municípios já que a base de dados se atualiza automaticamente, PORÉM, dados de escolaridade e nível econômico NÃO são corretos e confiáveis devido a desatualização que ocorre naturalmente com o passar dos anos). Definição de margem de erro e intervalo de confiança: Margem de erro e intervalo de confiança não são grandezas diretamente proporcionais. A SOMA NÃO TEM QUE RESULTAR 100%. ";"Após os trabalhos de coleta de dados, os questionários são submetidos a uma fiscalização, conferência e checagem de cerca de 20% (vinte por cento) dos questionários aplicados.";"A relação dos municípios sorteados ou selecionados para esta pesquisa será apresentada em arquivo anexo até 1 (um) dia após a divulgação desta pesquisa conforme §7º. do art. 2º. da Resolução-TSE nº. 23.600/2019. A área de abrangência desta pesquisa é o Estado DO ACRE."
"28/09/2026";"05:46:54";2026;81;"Eleições Gerais 2026";"AC";"AC";"ACRE";"AC019612026";"2026-09-25 19:53:26";"N";"19306841000150";"FRANCO & RODRIGUES COMUNICACAO SOCIAL  E EMPREENDIMENTOS LTDA";"JORNAL CORREIO CONTINENTAL RO";"Governador";"2026-09-26 00:00:00";"2026-09-30 00:00:00";"2026-10-01 00:00:00";1200;"11564";"GIOVANA RILLARY DA SILVA ROCHA";"10000,00";"Pesquisa quantitativa, com realização de entrevistas pessoais e aplicação de questionário estruturado junto a uma amostra representativa do eleitorado do estado do Acre.";"A amostra será representativa do eleitorado da área de abrangência da pesquisa e será selecionada em três estágios. No primeiro estágio, será realizado o sorteio probabilístico dos municípios onde as entrevistas serão realizadas, por meio do método PPT (Probabilidade Proporcional ao Tamanho), considerando a população eleitora com 16 anos ou mais residente nos municípios como base para essa seleção. No segundo estágio, será realizado o sorteio probabilístico dos setores censitários onde as entrevistas serão realizadas, também por meio do método PPT (Probabilidade Proporcional ao Tamanho), tomando como base a população eleitora de 16 anos ou mais residente nos respectivos setores censitários. No terceiro estágio, a seleção do entrevistado dentro de cada setor censitário será feito por meio de cotas amostrais proporcionais, considerando as seguintes variáveis :
GÊNERO: FEMININO 51,64% ; MASCULINO 48,36% ; FAIXA ETÁRIA: Entre 16 a 24 anos 18,34% ; Entre 25 a 34 anos 22,76% ; Entre 35 a 44 anos 20,02% ; Entre 45 a 59 anos 22,97% ; Com 60 anos ou mais 15,91% ; GRAU DE INSTRUÇÃO: Analfabeto 7,37% ; Ensino Fundamental Completo 4,68% ; Ensino Fundamental Incompleto 19,14% ; Ensino Médio Completo 24,09% ; Ensino Médio Incompleto 20,27% ; Lê E Escreve 8,87% ; Superior Completo 9,54% ; Superior Incompleto 6,04% ; Fonte tse/ago2026 https://sig.tse.jus.br/ords/dwapr/r/seai/sig-eleitor-eleitorado-mensal/cruzamento-eleitorado-mensal?p0_uf=AC&session=5076731800070 ;

RENDA DOMICILIAR MENSAL: IBGE - Censo 2.010): (fonte: https://cidades.ibge.gov.br/brasil/ac/pesquisa/23/24304) . Até 1/2 salário mínimo 6,47% ; Mais de 1/2 a 1 salário mínimo 19,49% ; Mais de 1 a 2 salários mínimos 24,93% ; Mais de 2 a 5 salários mínimos 26,48% ; Mais de 5 a 10 salários mínimos 10,03% ; Mais de 10 a 20 salários mínimos 3,84% ; Mais de 20 salários mínimos 1,49% ; Sem rendimento 7,27% ;

Observação: Conforme informações obtidas do Instituto Brasileiro de Geografia e Estatística - IBGE, o instituto não divulgou e não tem previsão de data para divulgação do perfil econômico (nível econômico) da população brasileira; portanto, os dados quanto ao nível econômico obtidos no Censo 2022 não podem ser utilizados, pois não foram publicados. (https://censo2022.ibge.gov.br/panorama/). Está prevista eventual ponderação para correção das variáveis gênero e faixa etária, com base nos percentuais acima apresentados, caso ocorram diferenças superiores a MARGEM DE ERRO definida entre a amostra prevista e a coleta realizada. Para as variáveis escolaridade e renda domiciliar mensal, o fator de ponderação será igual a 1, considerando-se os resultados obtidos em campo. Dentro do público-alvo anteriormente descrito, serão realizadas 1.200 entrevistas. O nível de confiança estimado é de 95% para uma margem de erro estimada, considerando uma técnica de amostragem aleatória simples (AAS), de aproximadamente 2,8 pontos percentuais para mais ou para menos sobre os resultados obtidos.";"Os entrevistadores envolvidos na realização desta pesquisa são treinados pelo Instituto e recebem instruções específicas para cada projeto realizado. Os pesquisadores são supervisionados por um coordenador que estará em campo juntamente com a equipe garantindo a lisura da pesquisa. Internamente, todo o material é verificado e codificado. Antes do processamento final e emissão dos resultados, realiza-se processo de consistência dos dados. Os dados coletados e tratados nesta pesquisa atendem às exigências da LGPD, Lei Geral de Proteção de Dados, garantindo ao respondente o sigilo de sua identidade e o correto tratamento de suas respostas.";"#NULO#"
"28/09/2026";"05:46:54";2026;81;"Eleições Gerais 2026";"AC";"AC";"ACRE";"AC053222026";"2026-09-27 15:40:44";"N";"08984712000102";"F. FACANHA DE ALMEIDA";"DELTA AGENCIA DE PESQUISA";"Governador, Senador";"2026-09-28 00:00:00";"2026-10-02 00:00:00";"2026-10-03 00:00:00";1000;"8631";"Alexandre Vasconcelos Lima";"30000,00";"Pesquisa do tipo quantitativa (survey), por amostragem por cotas, com aplicação de questionário face-a-face estruturado por entrevistadores treinados. O conjunto do eleitorado do Estado do Acre-AC com 16 anos ou mais foi tomado como universo da pesquisa.";"Quantitativo eleitoral: 572.627 eleitores (Fonte: Tribunal Superior Eleitoral, em janeiro/2026). Margem de erro: A margem de erro considerada para essa pesquisa é de 3,1 pontos percentuais. O intervalo de confiança é de 95%. Coleta de dados: Entrevistas pessoais através de questionário estruturado, contendo perguntas filtro a fim de entrevistar somente o público-alvo desejado. Os entrevistadores serão contratados e treinados pela empresa. O processo de coleta de dados será monitorado pelos supervisores. Análise dos dados: A análise estatística dos dados será feita em duas etapas. Em primeiro lugar, será elaborada a análise exploratória dos dados, análise univariada e bivariada dos dados. Após a primeira etapa, serão feitas a inferência estatística e as análises filtradas por sexo e outras variáveis de perfil. Tamanho da amostra: Serão entrevistados 100 (hum mil) eleitores distribuídos proporcionalmente os critérios município (15 municípios do Estado), sexo e faixa etária (arquivo anexo). Sendo: 1) 16 a 24 anos, masculino 8,6%, feminino 8,8%; 2) 25 a 34 anos, masculino 10,8%, feminino 12,2%; 3) 35 a 44 anos, masculino 9,7%%, feminino 10,8%; 4) 45 a 59 anos, masculino 11,2%, feminino 12,0%; 5) 60 anos ou +, masculino 7,7%, feminino 8,2%. A pesquisa é autoponderada em relação às variáveis: grau de instrução e renda, ou seja, a proporção do universo pesquisa é o mesmo daquele encontrado na amostra não sendo necessário nenhum tipo de ponderação.";"Sistema interno de controle e verificação, conferência e fiscalização da coleta de dados e do trabalho de campo: Após a coleta de dados é realizada uma fiscalização, na sede da empresa, através de contato telefônico, que consiste na checagem de 10% das entrevistas aplicadas, tendo a finalidade de verificar a veracidade e os procedimentos adotados pelo pesquisador durante a aplicação da entrevista, checando as respostas e os parâmetros amostrais. Constatando-se irregularidades, volta-se a campo para corrigi-las. Internamente todo material é criticado, codificado, digitado e, antes do processamento final, realiza-se a conferência da digitação.";"Relação de municípios e a respectiva distribuição da amostra em anexo."
"28/09/2026";"05:46:54";2026;81;"Eleições Gerais 2026";"AC";"AC";"ACRE";"AC025792026";"2026-09-27 19:17:03";"N";"64500153000180";"LAIS CRISTINA RODRIGUES DE OLIVEIRA LTDA";"IPSENSUS PESQUISAS";"Governador, Senador";"2026-09-27 00:00:00";"2026-10-02 00:00:00";"2026-10-03 00:00:00";1000;"7655";"AUGUSTO DA SILVA ROCHA";"10000,00";"A pesquisa será do tipo quantitativo, por amostragem aleatória, com aplicação de questionário estruturado e abordagem de moradores eleitores nos municípios do estado do Acre, divididos nas regiões dentro do estado. O conjunto da população do Estado do Acre com 16 anos ou mais e que são votantes no referido estado foi tomado como universo da pesquisa.";"A amostra será representativa do eleitorado da área pesquisada e será selecionada em três etapas. Na primeira etapa realiza-se um sorteio probabilístico dos municípios onde as entrevistas serão realizadas através do método PPT (Probabilidade Proporcional ao Tamanho), considerando a população eleitora com 16 anos ou mais residente nos municípios como base para essa seleção. Na segunda etapa, faz-se um sorteio probabilístico das localidades, onde as entrevistas serão realizadas, através do método PPT (Probabilidade Proporcional ao Tamanho), tomando a população eleitora de 16 anos ou mais residente nas localidades como base para essa seleção. Na terceira etapa, a seleção do entrevistado dentro da localidade, será feita utilizando-se quotas amostrais proporcionais, em função das variáveis sexo, faixa etária, grau de instrução e Nível socioeconômico (renda mensal familiar). Por fim, os entrevistados são selecionados aleatoriamente para responder ao questionário, de acordo com cotas: GÊNERO: FEMININO 51,64% ; MASCULINO 48,36% ; FAIXA ETÁRIA: Entre 16 a 24 anos 18,34% ; Entre 25 a 34 anos 22,76% ; Entre 35 a 44 anos 20,02% ; Entre 45 a 59 anos 22,97% ; Com 60 anos ou mais 15,91% ; GRAU DE INSTRUÇÃO: Analfabeto 7,37% ; Ensino Fundamental Completo 4,68% ; Ensino Fundamental Incompleto 19,14% ; Ensino Médio Completo 24,09% ; Ensino Médio Incompleto 20,27% ; Lê E Escreve 8,87% ; Superior Completo 9,54% ; Superior Incompleto 6,04% ; Fonte tse/ago2026 https://sig.tse.jus.br/ords/dwapr/r/seai/sig-eleitor-eleitorado-mensal/cruzamento-eleitorado-mensal?p0_uf=AC&session=5076731800070 ; Renda familiar (A variável ¿classe de rendimento nominal mensal domiciliar¿ corresponde à classificação dos domicílios segundo a soma dos rendimentos nominais mensais de seus moradores, expressa em faixas de salários mínimos vigentes no período de referência do Censo Demográfico 2010. Trata-se da renda total do domicílio, não dividida pelo número de moradores, não devendo ser confundida com rendimento domiciliar per capita. Para fins de planejamento amostral e ponderação, foram preservadas as categorias e os percentuais originalmente disponibilizados pelo IBGE, sem reagrupamento ou recálculo das faixas.): IBGE - Censo 2.010 - (fonte: https://cidades.ibge.gov.br/brasil/ac/pesquisa/23/24304) . Até 1/2 salário mínimo 6,47% ; Mais de 1/2 a 1 salário mínimo 19,49% ; Mais de 1 a 2 salários mínimos 24,93% ; Mais de 2 a 5 salários mínimos 26,48% ; Mais de 5 a 10 salários mínimos 10,03% ; Mais de 10 a 20 salários mínimos 3,84% ; Mais de 20 salários mínimos 1,49% ; Sem rendimento 7,27% ; . Observação: Conforme informações disponibilizadas pelo Instituto Brasileiro de Geografia e Estatística (IBGE), não houve nem há previsão de divulgação do perfil econômico (nível econômico) da população brasileira no âmbito do Censo Demográfico de 2022 (https://censo2022.ibge.gov.br/panorama/), para essa variável será adotado o fator de ponderação igual a 1, correspondente aos resultados obtidos em campo, caso seja verificada diferença superior à margem de erro prevista no estudo entre a projeção da amostra baseada nos dados do IBGE 2010 e os dados efetivamente coletados. Para as variáveis de sexo, idade e grau de instrução, está previsto uma eventual ponderação, nos limites da margem de erro, para correção nos tamanhos das variáveis, caso ocorra uma diferença entre a previsão da amostra e a coleta dos dados realizados sobre a faixa de eleitores acima de 16 anos. Margem de Erro: A margem de erro máxima prevista é de 3,1 pontos percentuais para mais ou para menos, considerando um nível de confiança de 95%.";"Os entrevistadores envolvidos na realização desta pesquisa são treinados pelo Instituto e recebem instruções específicas para cada projeto realizado. Os pesquisadores são supervisionados por um coordenador que estará em campo juntamente com a equipe garantindo a lisura da pesquisa. Internamente, todo o material é verificado e codificado. Antes do processamento final e emissão dos resultados, realiza-se processo de consistência dos dados. Os dados coletados e tratados nesta pesquisa atendem às exigências da LGPD, Lei Geral de Proteção de Dados, garantindo ao respondente o sigilo de sua identidade e o correto tratamento de suas respostas.";"#NULO#"
"28/09/2026";"05:46:54";2026;81;"Eleições Gerais 2026";"AC";"AC";"ACRE";"AC046712026";"2026-09-26 12:36:19";"N";"64500153000180";"LAIS CRISTINA RODRIGUES DE OLIVEIRA LTDA";"IPSENSUS PESQUISAS";"Governador, Senador";"2026-09-26 00:00:00";"2026-09-28 00:00:00";"2026-10-02 00:00:00";1000;"7655";"AUGUSTO DA SILVA ROCHA";"10000,00";"A pesquisa será do tipo quantitativo, por amostragem aleatória, com aplicação de questionário estruturado e abordagem de moradores eleitores nos municípios do estado do Acre, divididos nas regiões dentro do estado. O conjunto da população do Estado do Acre com 16 anos ou mais e que são votantes no referido estado foi tomado como universo da pesquisa.";"A amostra será representativa do eleitorado da área pesquisada e será selecionada em três etapas. Na primeira etapa realiza-se um sorteio probabilístico dos municípios onde as entrevistas serão realizadas através do método PPT (Probabilidade Proporcional ao Tamanho), considerando a população eleitora com 16 anos ou mais residente nos municípios como base para essa seleção. Na segunda etapa, faz-se um sorteio probabilístico das localidades, onde as entrevistas serão realizadas, através do método PPT (Probabilidade Proporcional ao Tamanho), tomando a população eleitora de 16 anos ou mais residente nas localidades como base para essa seleção. Na terceira etapa, a seleção do entrevistado dentro da localidade, será feita utilizando-se quotas amostrais proporcionais, em função das variáveis sexo, faixa etária, grau de instrução e Nível socioeconômico (renda mensal familiar). Por fim, os entrevistados são selecionados aleatoriamente para responder ao questionário, de acordo com cotas: GÊNERO: FEMININO 51,64% ; MASCULINO 48,36% ; FAIXA ETÁRIA: Entre 16 a 24 anos 18,34% ; Entre 25 a 34 anos 22,76% ; Entre 35 a 44 anos 20,02% ; Entre 45 a 59 anos 22,97% ; Com 60 anos ou mais 15,91% ; GRAU DE INSTRUÇÃO: Analfabeto 7,37% ; Ensino Fundamental Completo 4,68% ; Ensino Fundamental Incompleto 19,14% ; Ensino Médio Completo 24,09% ; Ensino Médio Incompleto 20,27% ; Lê E Escreve 8,87% ; Superior Completo 9,54% ; Superior Incompleto 6,04% ; Fonte tse/ago2026 https://sig.tse.jus.br/ords/dwapr/r/seai/sig-eleitor-eleitorado-mensal/cruzamento-eleitorado-mensal?p0_uf=AC&session=5076731800070 ; Renda familiar (A variável ¿classe de rendimento nominal mensal domiciliar¿ corresponde à classificação dos domicílios segundo a soma dos rendimentos nominais mensais de seus moradores, expressa em faixas de salários mínimos vigentes no período de referência do Censo Demográfico 2010. Trata-se da renda total do domicílio, não dividida pelo número de moradores, não devendo ser confundida com rendimento domiciliar per capita. Para fins de planejamento amostral e ponderação, foram preservadas as categorias e os percentuais originalmente disponibilizados pelo IBGE, sem reagrupamento ou recálculo das faixas.): IBGE - Censo 2.010 - (fonte: https://cidades.ibge.gov.br/brasil/ac/pesquisa/23/24304) . Até 1/2 salário mínimo 6,47% ; Mais de 1/2 a 1 salário mínimo 19,49% ; Mais de 1 a 2 salários mínimos 24,93% ; Mais de 2 a 5 salários mínimos 26,48% ; Mais de 5 a 10 salários mínimos 10,03% ; Mais de 10 a 20 salários mínimos 3,84% ; Mais de 20 salários mínimos 1,49% ; Sem rendimento 7,27% ; . Observação: Conforme informações disponibilizadas pelo Instituto Brasileiro de Geografia e Estatística (IBGE), não houve nem há previsão de divulgação do perfil econômico (nível econômico) da população brasileira no âmbito do Censo Demográfico de 2022 (https://censo2022.ibge.gov.br/panorama/), para essa variável será adotado o fator de ponderação igual a 1, correspondente aos resultados obtidos em campo, caso seja verificada diferença superior à margem de erro prevista no estudo entre a projeção da amostra baseada nos dados do IBGE 2010 e os dados efetivamente coletados. Para as variáveis de sexo, idade e grau de instrução, está previsto uma eventual ponderação, nos limites da margem de erro, para correção nos tamanhos das variáveis, caso ocorra uma diferença entre a previsão da amostra e a coleta dos dados realizados sobre a faixa de eleitores acima de 16 anos. Margem de Erro: A margem de erro máxima prevista é de 3,1 pontos percentuais para mais ou para menos, considerando um nível de confiança de 95%.";"Os entrevistadores envolvidos na realização desta pesquisa são treinados pelo Instituto e recebem instruções específicas para cada projeto realizado. Os pesquisadores são supervisionados por um coordenador que estará em campo juntamente com a equipe garantindo a lisura da pesquisa. Internamente, todo o material é verificado e codificado. Antes do processamento final e emissão dos resultados, realiza-se processo de consistência dos dados. Os dados coletados e tratados nesta pesquisa atendem às exigências da LGPD, Lei Geral de Proteção de Dados, garantindo ao respondente o sigilo de sua identidade e o correto tratamento de suas respostas.";"#NULO#"
"28/09/2026";"05:46:54";2026;81;"Eleições Gerais 2026";"AC";"AC";"ACRE";"AC026992026";"2026-02-02 10:38:37";"N";"02170847000140";"DATA CONTROL INSTITUTO DE PESQUISA LTDA - ME";"DATA CONTROL INSTITUTO DE PESQUISA";"Governador, Senador";"2026-01-30 00:00:00";"2026-02-03 00:00:00";"2026-02-08 00:00:00";800;"11239";"JOSÉ AILTON ALENCAR DA SILVA";"15000,00";"Será realizada pesquisa quantitativa, com objetivo  de caracterizar a opinião política do público-alvo e quantificar a intenção de voto para as eleições Gerais de 2026. Para consecução da pesquisa, será aplicado questionário padrão survey 100% digital e geolocalizado contendo perguntas espontâneas e estimuladas, conforme as necessidades requeridas. As entrevistas são pessoais e individuais, face-a-face, ao público-alvo determinado no plano amostral, com coleta de dados em zonas de trânsito de pessoas e/ou em residências. Será coletada uma amostra proporcional às estatísticas demográficas (cotas/zoneamento/ponderação) do estado do Acre (AC) em conformidade às áreas geográficas previamente determinadas, utilizando assim uma amostragem representativa da população eleitora (cidadão) residente e que irá votar no estado do Acre (AC) com idade acima dos 16 anos, de ambos os sexos, dos vários graus de instrução (escolaridade) e das classes de rendimentos familiares, aptas ao voto em 2026. A coleta em campo é realizada por equipe competente e treinada para execução deste tipo de pesquisa.";"O público-alvo são os Eleitores com 16 anos ou mais, residentes nos municípios selecionados para a pesquisa , do estado do Acre (AC). A amostra necessária para esta pesquisa é de 800(oitocentos) eleitores do Acre (AC), considerando uma margem de erro de 3,5 pontos percentuais e 95% de confiança. A margem de erro informada é uma estimativa teórica baseada no tamanho da amostra e no nível de confiança adotado, devendo ser interpretada como referência. A inferência de resultados passa a ser condicionada a este desenho amostral. A amostragem é feita em várias etapas, considerando os dados do eleitorado para o estado do Acre, conforme parâmetros oficiais do TSE. Os eleitores foram estratificados conforme os municípios selecionados. Em cada município selecionado, a amostra foi alocada proporcional ao tamanho do eleitorado daquele município em relação ao total do eleitorado do estado. Finalmente, os entrevistados são selecionados para responder ao questionário, de acordo com cotas de sexo, faixa etária, grau de instrução e rendimentos. Atributos de cotas: Masculino (48,2%), Feminino (51,8%); IDADE: [16 a 24 (142|17,8%), , 25 a 34 (185|23,1%), 35 a 44 (165|20,6%), 45 a 59 (184|23,0%), 60 ou + (124|15,5%)]; GRAU DE INSTRUÇÃO: [Analfabeto (61|7,6%), Lê e Escreve (73|9,1%), Ensino Fundamental Incompleto (154|19,3%), Ensino Fundamental Completo (38|4,8%), Ensino Médio Incompleto (154|19,3%), Ensino Médio Completo (194|24,3%), Superior Incompleto (49|6,1%), Superior Completo (77|9,6%)]; RENDA FAMILIAR: [Até R$ 3.242,00 (até 2 S.M.) (719|89,9%), , Acima de R$ 3.242,00 a R$ 8.105,00 (mais de 2 a 5 S.M.) (69|8,6%), Acima de R$ 8.105,00 a R$ 16.210,00 (mais de 5 a 10 S.M.) (10|1,3%), Mais de R$ 16.210,00 (mais de 10 S.M.) (2|0,3%)]. Onde: S.M.: salários-mínimos. Com o objetivo de assegurar maior aderência da amostra às características da população, foi aplicado procedimento de ponderação estatística (peso amostral), ajustando as proporções dos estratos conforme parâmetros populacionais. Os pesos amostrais foram calculados considerando exclusivamente o eleitorado desses municípios, para respeitar o plano amostral efetivamente executado. A definição e seleção da amostra fundamentam-se em dados do IBGE( incluindo o Censo 2022, a PNADC 2024 e a Estimativa Populacional 2025 ), além de Estatísticas mensais: Eleitorado mensal: TSE 2026 (Última atualização TSE: 01.01.2026 - 05:40)  e Cálculos estatísticos para definição da amostra e seu particionamento.. 
";"Os pesquisadores envolvidos na realização desta pesquisa são treinados pelo Instituto de Pesquisa e recebem instruções específicas para cada projeto realizado. São checados, no mínimo, 20% dos questionários aplicados, seja in loco por supervisores de campo ou, posteriormente, por telefone. Internamente, todo o material é verificado, codificado, digitado e, antes do processamento final, realiza-se a conferência da tabulação (consistência dos dados).
";"Baseado nas características do público-alvo, para 800(oitocentos) eleitores do Acre (AC), considerando uma margem de erro de 3,5 pontos percentuais e 95% de confiança. A margem de erro informada é uma estimativa teórica baseada no tamanho da amostra e no nível de confiança adotado, devendo ser interpretada como referência. A inferência de resultados passa a ser condicionada a este desenho amostral, a coleta de amostras proporcionas ocorrerá nas seguintes localidades: Acrelândia, Brasiléia, Cruzeiro do Sul, Feijó, Rio Branco, Senador Guiomard, Sena Madureira, Tarauacá, Xapuri.
"
"28/09/2026";"05:46:54";2026;81;"Eleições Gerais 2026";"AC";"AC";"ACRE";"AC033332026";"2026-05-21 20:51:14";"S";"00654576000172";"INSTITUTO VERITA LTDA";"VERITA";"Governador, Senador";"2026-05-22 00:00:00";"2026-05-26 00:00:00";"2026-05-27 00:00:00";1030;"10699";"GUILHERME ALVARENGA LAIA";"79310,00";"Pesquisa quantitativa, que consiste na realização de entrevistas, com a aplicação de questionário estruturado junto a uma amostra representativa do eleitorado desta Unidade da Federação.";"ESTUDO REPRESENTATIVO DO ELEITORADO DO ESTADO DO ACRE - MÉTODO PPT (Probabilidade Proporcional ao Tamanho) - PLANO AMOSTRAL E PONDERAÇÃO QUANTO A SEXO, IDADE, GRAU DE INSTRUÇÃO E NÍVEL ECONÔMICO DO ENTREVISTADO; INTERVALO DE CONFIANÇA E MARGEM DE ERRO: Representativo do eleitorado da área em estudo, elaborada, em vários estágios, da seguinte forma: - 1. Divisão da UF em estratos proporcionais de municípios. 2. Ordenação dos municípios de cada estrato segundo o porte. 3. Sorteio dos municípios de cada estrato. 4. Os respondentes são selecionados através de quotas amostrais proporcionais em função de variáveis significativas, a saber: GÊNERO / FAIXA ETÁRIA - FEMININO E MASCULINO 16 A 34 ANOS 21,2% E 19,7%, 35 A 54 ANOS 19,4% E 17,9%, 55 ANOS OU MAIS 11,2% E 10,6%. GRAU DE INSTRUÇÃO ¿ FEMININO E MASCULINO Sem instrução até Ensino Médio completo 65,2%, Ensino superior incompleto e completo 34,8% NÍVEL ECONÔMICO - FEMININO população não economicamente ativa 46,5% população economicamente ativa 53,5% MASCULINO população não economicamente ativa 27,2% população economicamente ativa 72,8%. RENDA FAMILIAR DO DOMICÍLIO renda familiar de até 2 salários-mínimos 30,7%; de 2 a 5 salários-mínimos 44,2%, acima de 5 salários-mínimos 25,1%. Está prevista eventual ponderação para correção das variáveis, com base nos percentuais anteriormente mencionados, caso ocorram diferenças superiores a margem de erro da pesquisa previsto entre a amostra e a coleta de dados realizada. O fator previsto para ponderação é 1 (resultados obtidos na coleta de dados). O intervalo de confiança estimado é de 95% e a margem de erro máxima estimada considerando um modelo de amostragem aleatório simples, é de aproximadamente 3,5 pontos percentuais para mais ou para menos sobre os resultados encontrados no total da amostra. FONTE DOS DADOS: IBGE/Censo 2022 para fins de densidade demográfica, setores censitários e alocação da amostra. IBGE/PNAD/PNADC/MEC/INEP para fins de Nível Econômico e Escolaridade. TSE FEVEREIRO/2026 para fins de Sexo, Faixa Etária e eleitorado por município ou regiões previamente definidas (importante ressaltar para o público leigo que os dados do TSE são os únicos corretos para gênero, idade dos eleitores e quantitativo de eleitores por municípios já que a base de dados se atualiza automaticamente, PORÉM, dados de escolaridade e nível econômico NÃO são corretos e confiáveis devido a desatualização que ocorre naturalmente com o passar dos anos). Definição de margem de erro e intervalo de confiança: Margem de erro e intervalo de confiança não são grandezas diretamente proporcionais. A SOMA NÃO TEM QUE RESULTAR 100%. ";"Após os trabalhos de coleta de dados, os questionários são submetidos a uma fiscalização, conferência e checagem de cerca de 20% (vinte por cento) dos questionários aplicados.";"A relação dos municípios sorteados ou selecionados para esta pesquisa será apresentada em arquivo anexo até 1 (um) dia após a divulgação desta pesquisa conforme §7º. do art. 2º. da Resolução-TSE nº. 23.600/2019. A área de abrangência desta pesquisa é o Estado DO ACRE"
"28/09/2026";"05:46:54";2026;81;"Eleições Gerais 2026";"AC";"AC";"ACRE";"AC029342026";"2026-09-26 20:42:42";"S";"00654576000172";"INSTITUTO VERITA LTDA";"VERITA";"Governador, Senador";"2026-09-26 00:00:00";"2026-10-01 00:00:00";"2026-10-02 00:00:00";1030;"10699";"Guilherme Alvarenga Laia";"79310,00";"Estudo quantitativo voltado às Eleições 2026, realizado por meio de entrevistas individuais, aplicadas mediante questionário eletrônico estruturado e Unidade Automatizada de Respostas Audíveis e Auditáveis, por meio de ligações para telefones móveis (celulares). A inteligência artificial é empregada exclusivamente para a transcrição automatizada das respostas em áudio, não interferindo na formulação das perguntas, na condução das entrevistas, na coleta das informações, na interpretação das respostas ou no tratamento estatístico dos dados. A participação dos eleitores é voluntária, espontânea e não remunerada. As respostas são prestadas por autodeclaração, sendo, em sua maioria, registradas por meio de códigos numéricos correspondentes às alternativas previamente definidas no questionário. A utilização de sistema eletrônico automatizado para a coleta e o registro das respostas proporciona elevado nível de padronização operacional, reduz a possibilidade de interferência humana durante a realização das entrevistas, amplia a rastreabilidade e a auditabilidade de todo o processo de coleta e contribui para maior precisão, consistência e confiabilidade dos dados obtidos. O plano amostral foi elaborado para assegurar a representatividade estatística do eleitorado da respectiva Unidade da Federação, observando critérios técnicos de seleção, distribuição e ponderação da amostra, quando aplicáveis.";"A pesquisa foi planejada para produzir uma amostra estatisticamente representativa do eleitorado do estado DO ACRE, utilizando o método de Probabilidade Proporcional ao Tamanho (PPT), com plano amostral em múltiplos estágios. Na primeira etapa, esta Unidade da Federação é dividida em macrorregiões, de forma a assegurar adequada distribuição territorial da amostra e representação das diferentes características geográficas, demográficas e eleitorais. Na segunda etapa, os municípios de cada estrato são ordenados segundo seu porte populacional e eleitoral e sorteados. Na terceira etapa, os respondentes são selecionados entre os eleitores aptos residentes nos municípios sorteados, observando-se a distribuição proporcional da amostra e as cotas estabelecidas para as variáveis de sexo, faixa etária, grau de instrução e nível econômico. As cotas são estabelecidas para a pesquisa completa, considerando a composição do eleitorado e os parâmetros oficiais de referência, não sendo aplicadas isoladamente a cada município selecionado.

SEXO E FAIXA ETÁRIA - Fonte: Tribunal Superior Eleitoral (TSE), Perfil do Eleitorado, junho de 2026. Feminino de 16 a 34 anos: 21,5%; Masculino de 16 a 34 anos: 20,2%; Feminino de 35 a 54 anos: 19%; Masculino de 35 a 54 anos: 17,6%; Feminino com 55 anos ou mais: 11,1%; Masculino com 55 anos ou mais: 10,6%. Os parâmetros de sexo e idade têm como referência o cadastro eleitoral brasileiro atualizado pelo Tribunal Superior Eleitoral, considerando o universo de eleitores aptos com 16 anos ou mais.

GRAU DE INSTRUÇÃO - Fonte: IBGE - PNAD Contínua Anual 2025. A distribuição é: sem instrução 7,5%; ensino fundamental incompleto ou equivalente 25,6%; ensino fundamental completo ou equivalente 8,6%; ensino médio incompleto ou equivalente 9,8%; ensino médio completo ou equivalente 28,5%; ensino superior incompleto ou equivalente 5,4%; ensino superior completo 14,7%. Para não confundir os respondentes as faixas de escolaridade no questionário foram agrupadas em 3 faixas: até ensino fundamental incompleto e completo, ensino médio incompleto e completo e superior incompleto, completo ou mais. A PNAD Contínua é utilizada como referência por constituir a fonte oficial mais atualizada para a mensuração do nível de instrução da população brasileira, sua utilização também corrige limitações decorrentes da ausência de atualização obrigatória e contínua das informações de escolaridade no cadastro eleitoral do Tribunal Superior Eleitoral.

NÍVEL ECONÔMICO - RENDA FAMILIAR DO DOMICÍLIO - Fonte: IBGE - PNAD Contínua Anual 2025. Considera-se a renda domiciliar total, compreendendo rendimentos provenientes de trabalho formal e informal, aposentadorias, pensões, benefícios sociais e demais fontes de renda existentes no domicílio. observando-se a seguinte distribuição: renda familiar de até 2 salários-mínimos 59,5%; de 2 a 5 salários-mínimos 28,4%, acima de 5 salários-mínimos 12,1%.

PONDERAÇÃO E CALIBRAÇÃO DA AMOSTRA - Prevê-se eventual ponderação das variáveis de sexo, faixa etária, grau de instrução e nível econômico, caso sejam verificadas diferenças relevantes entre a distribuição da amostra efetivamente coletada e os parâmetros populacionais de referência adotados. Inicialmente, o fator de ponderação é igual a 1 (um), podendo ser recalculado sempre que necessário para assegurar a representatividade estatística da amostra.
INTERVALO DE CONFIANÇA E MARGEM DE ERRO - O intervalo de confiança adotado é de 95%, com margem máxima estimada de erro de aproximadamente 3,5 pontos percentuais, para mais ou para menos, sobre os resultados do total da amostra, calculada segundo o modelo de amostragem aleatória simples e a hipótese de máxima variabilidade.";"Após os trabalhos de coleta de dados, os questionários são submetidos a uma fiscalização, conferência e checagem de cerca de 20% (vinte por cento) dos questionários aplicados. Todas as entrevistas são integralmente registradas em áudio, permanecendo auditáveis e rastreáveis, permitindo a verificação da integridade do processo de coleta, preservado o sigilo das informações pessoais dos entrevistados e observadas as disposições da Lei Geral de Proteção de Dados Pessoais (Lei nº 13.709/2018).";"Em observância ao art. 2º, § 7º, da Resolução TSE nº 23.600/2019, com redação dada pela Resolução TSE nº 23.747/2026, a presente pesquisa terá seu registro complementado no Sistema de Registro de Pesquisas Eleitorais a partir da data em que sua divulgação for permitida e até o dia seguinte, com a identificação dos municípios em que foram realizadas as entrevistas, bem como da composição final da amostra quanto a gênero, idade, grau de instrução e nível econômico, na forma exigida pela legislação eleitoral vigente."
"28/09/2026";"05:46:54";2026;81;"Eleições Gerais 2026";"AC";"AC";"ACRE";"AC023702026";"2026-09-27 02:30:22";"N";"22445600000104";"QUAEST PESQUISAS, CONSULTORIA E PROJETOS LTDA.";"#NULO#";"Governador, Senador";"2026-10-02 00:00:00";"2026-10-03 00:00:00";"2026-10-03 00:00:00";1800;"6731";"Margarida Maria de Mendonca";"295380,00";"Pesquisa quantitativa, de survey, que consiste na realização de entrevistas pessoais, domiciliares e presenciais, conduzidas por profissionais treinados, com a aplicação de questionários estruturados a uma amostra representativa da população votante de 16 anos ou mais residente no estado do Acre. O desenho amostral aplicado combina sorteio probabilístico de municípios e de setores censitários fornecidos pelo IBGE (unidades territoriais homogêneas, de tamanho similar a quadras ou blocos), dentro dos quais serão selecionadas pessoas respondentes por meio de cotas amostrais.";"O público pesquisado é composto por eleitores de 16 anos ou mais residentes na área de abrangência da pesquisa. Para produzir uma amostra representativa desse público-alvo, utilizamos um desenho amostral por conglomerados que prevê três estágios. No primeiro estágio, é feito um sorteio probabilístico de municípios para comporem a amostra por meio do método PPT (Probabilidade Proporcional ao Tamanho) a partir de suas populações votantes acima de 16 anos. Dentro da lista de municípios sorteados, no segundo estágio, é realizado um sorteio probabilístico por meio do método PPT (Probabilidade Proporcional ao Tamanho) de setores censitários a serem visitados pelos entrevistadores, sorteio que tem como base o total de habitantes residentes nos setores de acordo com dados do Censo de 2022, o que garante a dispersão aleatória e estatística da amostra dentro dos territórios municipais, independentemente de divisões administrativas. Finalmente, dentro da lista de setores censitários sorteados, no último estágio são selecionados domicílios e pessoas a serem entrevistadas utilizando-se cotas amostrais para as seguintes variáveis: sexo, idade, renda familiar e escolaridade. O perfil da amostra, definido pelas cotas previstas, é o seguinte:

Sexo: Masculino (48%); Feminino (52%).
Faixa etária: 16-34 anos (41%); 35-59 anos (43%); 60 ou mais (16%).
Renda domiciliar total, incluindo pensões, benefícios e rendimentos de trabalhos informais: Até 2 salários-mínimos (48%); Mais de 2 a 5 salários-mínimos (37%); Mais de 5 salários-mínimos (15%).
Nível de instrução: Até Fundamental completo ou médio incompleto (45%); Médio completo ou superior incompleto (37%); Superior completo ou mais (18%).

Fonte dos dados: para a distribuição de sexo e idade, TSE-Tribunal Superior Eleitoral - agosto/2026; para a malha de setores censitários, Censo 2022 (IBGE); para a distribuição de renda domiciliar, PNADc Anual 2025, 1ª visita (IBGE); e, para a distribuição de escolaridade/instrução, PNADc trimestral 2-2026 (IBGE). A PNADc é utilizada por ser a fonte oficial mais atualizada de rendimentos do país, incluindo rendimentos informais, pensões, entre outros, e corrigindo as defasagens temporais do Censo 2022, além de ser a fonte mais atualizada de nível de instrução da população com 16 anos ou mais dada ausência de atualização obrigatória da escolaridade no registro de eleitores do TSE.

Está prevista eventual pós-estratificação da amostra, por meio de algoritmos de calibração (rake) e modelos (MrP e likely voter), para correção (1) de estimativas, (2) das distribuições de variáveis que medem o perfil da população e (3) percentual do eleitorado propenso a votar.

Dentro do público-alvo anteriormente descrito, serão realizadas 1.800 entrevistas. O nível de confiança das estimativas é de 95% e a margem de erro máxima prevista, atendendo às diretivas do TSE e usando o cálculo para amostra aleatória simples (AAS) como aproximação, é de cerca de 2 pontos percentuais para mais ou para menos em relação aos totais da amostra.

Pagante (s) do trabalho: CNPJ 04387825000161 - RADIO TV DO AMAZONAS LTDA / REDE AMAZONICA RADIO E TELEVISAO.";"As entrevistas serão realizadas por uma equipe de entrevistadores devidamente qualificada, com experiência e treinamento em pesquisa de opinião pública. Todo trabalho é feito em tablets ou outros dispositivos eletrônicos. Após a realização da coleta de dados, as entrevistas junto aos respondentes são checadas por meio de procedimentos de consistência e de georreferenciamento dos locais de aplicação em tempo real. Adicionalmente, ao longo e após os trabalhos de campo, é realizada uma fiscalização que consiste na checagem de áudio de uma amostra de 30% dos questionários aplicados para verificação das respostas e da adequação dos entrevistados aos parâmetros amostrais.";"A área de abrangência da coleta é o território do estado do Acre. A relação do número de pessoas pesquisadas nas áreas de aplicação da pesquisa, discriminadas por município, bairros e setores censitários a partir dos identificadores utilizados pelo IBGE, além da composição do eleitorado entrevistado na área de abrangência quanto a gênero, idade, grau de instrução e nível econômico, constará em anexo. O mapa com os códigos destes setores censitários e as áreas que delimitam no país todo podem ser conferidos na seguinte fonte oficial: https://censo2022.ibge.gov.br/panorama/mapas.html?localidade=&recorte=setores_censitarios"
"28/09/2026";"05:46:54";2026;81;"Eleições Gerais 2026";"AC";"AC";"ACRE";"AC007182026";"2026-06-26 09:45:36";"N";"08984712000102";"F. FACANHA DE ALMEIDA";"DELTA AGENCIA DE PESQUISA";"Governador, Senador";"2026-06-27 00:00:00";"2026-06-30 00:00:00";"2026-07-02 00:00:00";800;"8631";"Alexandre Vasconcelos Lima";"25000,00";"Pesquisa do tipo quantitativa (survey), por amostragem por cotas, com aplicação de questionário face-a-face estruturado por entrevistadores treinados. O conjunto do eleitorado do Estado do Acre-AC com 16 anos ou mais foi tomado como universo da pesquisa.";"Quantitativo eleitoral: 572.627 eleitores (Fonte: Tribunal Superior Eleitoral, em janeiro/2026). Margem de erro: A margem de erro considerada para essa pesquisa é de 3,5 pontos percentuais. O intervalo de confiança é de 95%. Coleta de dados: Entrevistas pessoais através de questionário estruturado, contendo perguntas filtro a fim de entrevistar somente o público-alvo desejado. Os entrevistadores serão contratados e treinados pela empresa. O processo de coleta de dados será monitorado pelos supervisores. Análise dos dados: A análise estatística dos dados será feita em duas etapas. Em primeiro lugar, será elaborada a análise exploratória dos dados, análise univariada e bivariada dos dados. Após a primeira etapa, serão feitas a inferência estatística e as análises filtradas por sexo e outras variáveis de perfil. Tamanho da amostra: Serão entrevistados 1006 (hum mil e seis) eleitores distribuídos proporcionalmente os critérios município, sexo e faixa etária (arquivo anexo). Sendo: 1) 16 a 24 anos, masculino 8,6%, feminino 8,8%; 2) 25 a 34 anos, masculino 10,8%, feminino 12,2%; 3) 35 a 44 anos, masculino 9,7%%, feminino 10,8%; 4) 45 a 59 anos, masculino 11,2%, feminino 12,0%; 5) 60 anos ou +, masculino 7,7%, feminino 8,2%. A pesquisa é autoponderada em relação às variáveis: grau de instrução e renda, ou seja, a proporção do universo pesquisa é o mesmo daquele encontrado na amostra não sendo necessário nenhum tipo de ponderação.";"Sistema interno de controle e verificação, conferência e fiscalização da coleta de dados e do trabalho de campo: Após a coleta de dados é realizada uma fiscalização, na sede da empresa, através de contato telefônico, que consiste na checagem de 10% das entrevistas aplicadas, tendo a finalidade de verificar a veracidade e os procedimentos adotados pelo pesquisador durante a aplicação da entrevista, checando as respostas e os parâmetros amostrais. Constatando-se irregularidades, volta-se a campo para corrigi-las. Internamente todo material é criticado, codificado, digitado e, antes do processamento final, realiza-se a conferência da digitação.";"Relação de municípios e a respectiva distribuição da amostra em anexo."
"28/09/2026";"05:46:54";2026;81;"Eleições Gerais 2026";"AC";"AC";"ACRE";"AC083542026";"2026-03-16 20:26:22";"N";"08984712000102";"F. FACANHA DE ALMEIDA";"DELTA AGENCIA DE PESQUISA";"Governador, Senador";"2026-03-16 00:00:00";"2026-03-21 00:00:00";"2026-03-22 00:00:00";1006;"8631";"ALEXANDRE VASCONCELOS LIMA";"26000,00";"Pesquisa do tipo quantitativa (survey), por amostragem por cotas, com aplicação de questionário face-a-face estruturado por entrevistadores treinados. O conjunto do eleitorado do Estado do Acre-GO com 16 anos ou mais foi tomado como universo da pesquisa.";"Quantitativo eleitoral: 572.627 eleitores (Fonte: Tribunal Superior Eleitoral, em janeiro/2026). Margem de erro: A margem de erro considerada para essa pesquisa é de 3,1 pontos percentuais. O intervalo de confiança é de 95%. Coleta de dados: Entrevistas pessoais através de questionário estruturado, contendo perguntas filtro a fim de entrevistar somente o público-alvo desejado. Os entrevistadores serão contratados e treinados pela empresa. O processo de coleta de dados será monitorado pelos supervisores. Análise dos dados: A análise estatística dos dados será feita em duas etapas. Em primeiro lugar, será elaborada a análise exploratória dos dados, análise univariada e bivariada dos dados. Após a primeira etapa, serão feitas a inferência estatística e as análises filtradas por sexo e outras variáveis de perfil. Tamanho da amostra: Serão entrevistados 1006 (hum mil e seis) eleitores distribuídos proporcionalmente os critérios município, sexo e faixa etária (arquivo anexo). Sendo: 1) 16 a 24 anos, masculino 8,6%, feminino 8,8%; 2) 25 a 34 anos, masculino 10,8%, feminino 12,2%; 3) 35 a 44 anos, masculino 9,7%%, feminino 10,8%; 4) 45 a 59 anos, masculino 11,2%, feminino 12,0%; 5) 60 anos ou +, masculino 7,7%, feminino 8,2%. A pesquisa é autoponderada em relação às variáveis: grau de instrução e renda, ou seja, a proporção do universo pesquisa é o mesmo daquele encontrado na amostra não sendo necessário nenhum tipo de ponderação.";"Sistema interno de controle e verificação, conferência e fiscalização da coleta de dados e do trabalho de campo: Após a coleta de dados é realizada uma fiscalização, na sede da empresa, através de contato telefônico, que consiste na checagem de 10% das entrevistas aplicadas, tendo a finalidade de verificar a veracidade e os procedimentos adotados pelo pesquisador durante a aplicação da entrevista, checando as respostas e os parâmetros amostrais. Constatando-se irregularidades, volta-se a campo para corrigi-las. Internamente todo material é criticado, codificado, digitado e, antes do processamento final, realiza-se a conferência da digitação.";"A pesquisa abrange os municípios de Acrelândia, Assis Brasil, Brasiléia, Bujari, Capixaba, Cruzeiro do Sul, Epitaciolândia, Feijó, Mâncio Lima, Maniel Urbano, Plácido de Castro, Porto Acre, Rio Branco, Rodrigues Alves, Sena Madureira, Senador Guiomard, Tarauacá, Xapuri. "
"28/09/2026";"05:46:54";2026;81;"Eleições Gerais 2026";"AC";"AC";"ACRE";"AC029782026";"2026-04-25 16:35:53";"N";"08984712000102";"F. FACANHA DE ALMEIDA";"DELTA AGENCIA DE PESQUISA";"Governador, Senador";"2026-04-25 00:00:00";"2026-04-30 00:00:00";"2026-05-01 00:00:00";1006;"8631";"Alexandre Vasconcelos Lima";"33000,00";"Pesquisa do tipo quantitativa (survey), por amostragem por cotas, com aplicação de questionário face-a-face estruturado por entrevistadores treinados. O conjunto do eleitorado do Estado do Acre-GO com 16 anos ou mais foi tomado como universo da pesquisa.";"Quantitativo eleitoral: 572.627 eleitores (Fonte: Tribunal Superior Eleitoral, em janeiro/2026). Margem de erro: A margem de erro considerada para essa pesquisa é de 3,1 pontos percentuais. O intervalo de confiança é de 95%. Coleta de dados: Entrevistas pessoais através de questionário estruturado, contendo perguntas filtro a fim de entrevistar somente o público-alvo desejado. Os entrevistadores serão contratados e treinados pela empresa. O processo de coleta de dados será monitorado pelos supervisores. Análise dos dados: A análise estatística dos dados será feita em duas etapas. Em primeiro lugar, será elaborada a análise exploratória dos dados, análise univariada e bivariada dos dados. Após a primeira etapa, serão feitas a inferência estatística e as análises filtradas por sexo e outras variáveis de perfil. Tamanho da amostra: Serão entrevistados 1006 (hum mil e seis) eleitores distribuídos proporcionalmente os critérios município, sexo e faixa etária (arquivo anexo). Sendo: 1) 16 a 24 anos, masculino 8,6%, feminino 8,8%; 2) 25 a 34 anos, masculino 10,8%, feminino 12,2%; 3) 35 a 44 anos, masculino 9,7%%, feminino 10,8%; 4) 45 a 59 anos, masculino 11,2%, feminino 12,0%; 5) 60 anos ou +, masculino 7,7%, feminino 8,2%. A pesquisa é autoponderada em relação às variáveis: grau de instrução e renda, ou seja, a proporção do universo pesquisa é o mesmo daquele encontrado na amostra não sendo necessário nenhum tipo de ponderação.";"Sistema interno de controle e verificação, conferência e fiscalização da coleta de dados e do trabalho de campo: Após a coleta de dados é realizada uma fiscalização, na sede da empresa, através de contato telefônico, que consiste na checagem de 10% das entrevistas aplicadas, tendo a finalidade de verificar a veracidade e os procedimentos adotados pelo pesquisador durante a aplicação da entrevista, checando as respostas e os parâmetros amostrais. Constatando-se irregularidades, volta-se a campo para corrigi-las. Internamente todo material é criticado, codificado, digitado e, antes do processamento final, realiza-se a conferência da digitação.";"A pesquisa abrange os municípios de Acrelândia, Assis Brasil, Brasiléia, Bujari, Capixaba, Cruzeiro do Sul, Epitaciolândia, Feijó, Mâncio Lima, Maniel Urbano, Plácido de Castro, Porto Acre, Rio Branco, Rodrigues Alves, Sena Madureira, Senador Guiomard, Tarauacá, Xapuri."
"28/09/2026";"05:46:54";2026;81;"Eleições Gerais 2026";"AC";"AC";"ACRE";"AC026582026";"2026-08-19 20:51:10";"N";"08984712000102";"F. FACANHA DE ALMEIDA";"DELTA AGENCIA DE PESQUISA";"Governador, Senador";"2026-08-20 00:00:00";"2026-08-24 00:00:00";"2026-08-25 00:00:00";1006;"8631";"Alexandre Vasconcelos Lima";"26000,00";"Pesquisa quantitativa de opinião pública realizada com eleitores residentes no estado de Acre, com 16 anos ou mais. A coleta de dados será realizada por entrevistas presenciais (face a face) em 18 municípios do estado. As entrevistas presenciais serão conduzidas por entrevistadores devidamente treinados pelo Instituto, utilizando questionário estruturado.";"Quantitativo eleitoral: 572.627 eleitores (Fonte: Tribunal Superior Eleitoral, em janeiro/2026). Margem de erro: A margem de erro considerada para essa pesquisa é de 3,1 pontos percentuais. O intervalo de confiança é de 95%. Coleta de dados: Entrevistas pessoais através de questionário estruturado, contendo perguntas filtro a fim de entrevistar somente o público-alvo desejado. Os entrevistadores serão contratados e treinados pela empresa. O processo de coleta de dados será monitorado pelos supervisores. Análise dos dados: A análise estatística dos dados será feita em duas etapas. Em primeiro lugar, será elaborada a análise exploratória dos dados, análise univariada e bivariada dos dados. Após a primeira etapa, serão feitas a inferência estatística e as análises filtradas por sexo e outras variáveis de perfil. Tamanho da amostra: Serão entrevistados 1006 (hum mil e seis) eleitores distribuídos proporcionalmente os critérios município, sexo e faixa etária (arquivo anexo). Sendo: 1) 16 a 24 anos, masculino 8,6%, feminino 8,8%; 2) 25 a 34 anos, masculino 10,8%, feminino 12,2%; 3) 35 a 44 anos, masculino 9,7%%, feminino 10,8%; 4) 45 a 59 anos, masculino 11,2%, feminino 12,0%; 5) 60 anos ou +, masculino 7,7%, feminino 8,2%. A pesquisa é autoponderada em relação às variáveis: grau de instrução e renda, ou seja, a proporção do universo pesquisa é o mesmo daquele encontrado na amostra não sendo necessário nenhum tipo de ponderação.";"Sistema interno de controle e verificação, conferência e fiscalização da coleta de dados e do trabalho de campo: Após a coleta de dados é realizada uma fiscalização, na sede da empresa, através de contato telefônico, que consiste na checagem de 10% das entrevistas aplicadas, tendo a finalidade de verificar a veracidade e os procedimentos adotados pelo pesquisador durante a aplicação da entrevista, checando as respostas e os parâmetros amostrais. Constatando-se irregularidades, volta-se a campo para corrigi-las. Internamente todo material é criticado, codificado, digitado e, antes do processamento final, realiza-se a conferência da digitação.";"Relação de municípios e a respectiva distribuição da amostra em anexo."
"28/09/2026";"05:46:54";2026;81;"Eleições Gerais 2026";"AC";"AC";"ACRE";"AC020012026";"2026-09-19 18:13:19";"N";"64500153000180";"LAIS CRISTINA RODRIGUES DE OLIVEIRA LTDA";"IPSENSUS PESQUISAS";"Governador, Senador";"2026-09-19 00:00:00";"2026-09-24 00:00:00";"2026-09-25 00:00:00";1000;"7655";"AUGUSTO DA SILVA ROCHA";"10000,00";"A pesquisa será do tipo quantitativo, por amostragem aleatória, com aplicação de questionário estruturado e abordagem de moradores eleitores nos municípios do estado do Acre, divididos nas regiões dentro do estado. O conjunto da população do Estado do Acre com 16 anos ou mais e que são votantes no referido estado foi tomado como universo da pesquisa.";"A amostra será representativa do eleitorado da área pesquisada e será selecionada em três etapas. Na primeira etapa realiza-se um sorteio probabilístico dos municípios onde as entrevistas serão realizadas através do método PPT (Probabilidade Proporcional ao Tamanho), considerando a população eleitora com 16 anos ou mais residente nos municípios como base para essa seleção. Na segunda etapa, faz-se um sorteio probabilístico das localidades, onde as entrevistas serão realizadas, através do método PPT (Probabilidade Proporcional ao Tamanho), tomando a população eleitora de 16 anos ou mais residente nas localidades como base para essa seleção. Na terceira etapa, a seleção do entrevistado dentro da localidade, será feita utilizando-se quotas amostrais proporcionais, em função das variáveis sexo, faixa etária, grau de instrução e Nível socioeconômico (renda mensal familiar). Por fim, os entrevistados são selecionados aleatoriamente para responder ao questionário, de acordo com cotas:

GÊNERO: FEMININO 51,64% ;
MASCULINO 48,36% ;


FAIXA ETÁRIA: Entre 16 a 24 anos 18,34% ;
Entre 25 a 34 anos 22,76% ;
Entre 35 a 44 anos 20,02% ;
Entre 45 a 59 anos 22,97% ;
Com 60 anos ou mais 15,91% ;

GRAU DE INSTRUÇÃO: Analfabeto 7,37% ;
Ensino Fundamental Completo 4,68% ;
Ensino Fundamental Incompleto 19,14% ;
Ensino Médio Completo 24,09% ;
Ensino Médio Incompleto 20,27% ;
Lê E Escreve 8,87% ;
Superior Completo 9,54% ;
Superior Incompleto 6,04% ;

Fonte tse/ago2026 https://sig.tse.jus.br/ords/dwapr/r/seai/sig-eleitor-eleitorado-mensal/cruzamento-eleitorado-mensal?p0_uf=AC&session=5076731800070 ;


Renda familiar (A variável ¿classe de rendimento nominal mensal domiciliar¿ corresponde à classificação dos domicílios segundo a soma dos rendimentos nominais mensais de seus moradores, expressa em faixas de salários mínimos vigentes no período de referência do Censo Demográfico 2010. Trata-se da renda total do domicílio, não dividida pelo número de moradores, não devendo ser confundida com rendimento domiciliar per capita. Para fins de planejamento amostral e ponderação, foram preservadas as categorias e os percentuais originalmente disponibilizados pelo IBGE, sem reagrupamento ou recálculo das faixas.): IBGE - Censo 2.010 - (fonte: https://cidades.ibge.gov.br/brasil/ac/pesquisa/23/24304) .

Até 1/2 salário mínimo 6,47% ;
Mais de 1/2 a 1 salário mínimo 19,49% ;
Mais de 1 a 2 salários mínimos 24,93% ;
Mais de 2 a 5 salários mínimos 26,48% ;
Mais de 5 a 10 salários mínimos 10,03% ;
Mais de 10 a 20 salários mínimos 3,84% ;
Mais de 20 salários mínimos 1,49% ;
Sem rendimento 7,27% ;
.

Observação: Conforme informações disponibilizadas pelo Instituto Brasileiro de Geografia e Estatística (IBGE), não houve nem há previsão de divulgação do perfil econômico (nível econômico) da população brasileira no âmbito do Censo Demográfico de 2022 (https://censo2022.ibge.gov.br/panorama/), para essa variável será adotado o fator de ponderação igual a 1, correspondente aos resultados obtidos em campo, caso seja verificada diferença superior à margem de erro prevista no estudo entre a projeção da amostra baseada nos dados do IBGE 2010 e os dados efetivamente coletados. Para as variáveis de sexo, idade e grau de instrução, está previsto uma eventual ponderação, nos limites da margem de erro, para correção nos tamanhos das variáveis, caso ocorra uma diferença entre a previsão da amostra e a coleta dos dados realizados sobre a faixa de eleitores acima de 16 anos. Margem de Erro: A margem de erro máxima prevista é de 3,1 pontos percentuais para mais ou para menos, considerando um nível de confiança de 95%.";"Os entrevistadores envolvidos na realização desta pesquisa são treinados pelo Instituto e recebem instruções específicas para cada projeto realizado. Os pesquisadores são supervisionados por um coordenador que estará em campo juntamente com a equipe garantindo a lisura da pesquisa. Internamente, todo o material é verificado e codificado. Antes do processamento final e emissão dos resultados, realiza-se processo de consistência dos dados. Os dados coletados e tratados nesta pesquisa atendem às exigências da LGPD, Lei Geral de Proteção de Dados, garantindo ao respondente o sigilo de sua identidade e o correto tratamento de suas respostas.";"#NULO#"
"28/09/2026";"05:46:54";2026;81;"Eleições Gerais 2026";"AC";"AC";"ACRE";"AC006792026";"2026-09-27 04:27:34";"S";"19259002000128";"ATLASINTEL TECNOLOGIA DE DADOS LTDA";"ATLASINTEL";"Governador, Senador";"2026-09-27 00:00:00";"2026-10-02 00:00:00";"2026-10-03 00:00:00";800;"11220";"ANDREI CAMILO DOS SANTOS";"75000,00";"Pesquisa quantitativa com coleta aleatória via questionário estruturado web e pós-estratificação da amostra de acordo com as características do eleitorado de Acre.";"Amostra aleatória pós-estratificada via algoritmo iterativo com quotas proporcionais, representando as características do eleitorado de Acre:
SEXO: Masculino: 48.4%; Feminino: 51.6%.
FAIXA ETÁRIA: Entre 16 a 24 anos: 18.3%; Entre 25 a 34 anos: 22.8%; Entre 35 a 44 anos: 20.0%; Entre 45 a 59 anos: 23.0%; 60 ou mais: 15.9%.
ESCOLARIDADE: Até Ensino Médio completo ou incompleto (inclui Ensino Fundamental completo/incompleto e pessoas sem instrução): 73.0%; Ensino Superior completo ou incompleto: 27.0%.
NÍVEL ECONÔMICO: Renda familiar mensal até R$ 2.000: 31.0%; de R$ 2.000 a R$ 3.000: 16.2%; de R$ 3.000 a R$ 5.000: 25.4%; de R$ 5.000 a R$ 10.000: 18.3%; mais de R$ 10.000: 9.2%.
OBS.: devido ao arredondamento, a soma dos percentuais pode variar de 99% a 101%. Na agregação final, para cada variável de ponderação, serão admissíveis desvios de até 3 pontos percentuais em relação às quotas estipuladas. Confiança estimada: 95%, margem de erro: +/- 3.0 pontos percentuais. FONTE DOS DADOS: PNADC 2026 para escolaridade | PNADC 2025 para renda | TSE 2026 para sexo e faixa etária.";"Coleta feita com a utilização de questionário eletrônico com procedimentos específicos para o armazenamento seguro dos dados. São checados manualmente no mínimo 15% dos questionários para detectar possíveis anomalias. Pesquisadores especializados realizam internamente uma verificação exaustiva da consistência dos dados antes da divulgação dos resultados finais.";"#NULO#"
"28/09/2026";"05:46:54";2026;81;"Eleições Gerais 2026";"AC";"AC";"ACRE";"AC053742026";"2026-09-24 23:18:01";"N";"02170847000140";"DATA CONTROL INSTITUTO DE PESQUISA LTDA - ME";"DATA CONTROL INSTITUTO DE PESQUISA";"Deputado Federal, Deputado Estadual";"2026-09-12 00:00:00";"2026-09-22 00:00:00";"2026-09-30 00:00:00";1709;"11239";"JOSE AILTON ALENCAR DA SILVA";"55000,00";"Será realizada uma pesquisa de natureza quantitativa e qualitativa, com o objetivo de caracterizar o perfil ideológico do público-alvo e mensurar a intenção de voto para as Eleições Gerais de 2026. A metodologia adotada consiste em um levantamento padrão survey, totalmente digital e geolocalizado, aplicado de forma pessoal e individual, face-a-face, ao público-alvo determinado no plano amostral, com coleta de dados em zonas de trânsito de pessoas e/ou em residências, contendo questões espontâneas e estimuladas. A amostra será estratificada e proporcional aos dados demográficos do estado do Acre (AC), respeitando critérios de gênero, faixa etária (acima de 16 anos), nível de instrução e faixas de renda familiar. A coleta de dados seguirá o zoneamento geográfico previamente estabelecido, garantindo a representatividade do eleitorado residente e apto a votar, sendo executada por uma equipe técnica especializada e treinada para este fim.";"O público-alvo desta pesquisa engloba o eleitorado do estado do Acre (AC) com idade igual ou superior a 16 anos. A amostra necessária para esta pesquisa é de 1709 (mil setecentos e nove) eleitores do Acre (AC), considerando uma margem de erro de 2,3 pontos percentuais e 95% de confiança. A margem de erro informada é uma estimativa teórica baseada no tamanho de uma amostra aleatória e no nível de confiança adotado, devendo ser interpretada como referência aproximada. A inferência de resultados passa a ser condicionada a este desenho amostral. A amostragem é definida com base nos dados oficiais do eleitorado do estado do Acre, estratificados conforme os parâmetros do Tribunal Superior Eleitoral (TSE), e feita em várias etapas. A seleção dos municípios participantes da pesquisa ocorreu por meio de procedimento intencional, definido em conjunto com o contratante, considerando a necessidade de investigar localidades específicas nas quais havia interesse analítico em compreender o comportamento eleitoral observado em levantamentos anteriores. Em cada município selecionado, a amostra foi alocada proporcionalmente ao tamanho do seu eleitorado em relação ao total do eleitorado do conjunto de municípios abrangidos pela pesquisa. Finalmente, os entrevistados são selecionados para responder ao questionário, de acordo com cotas proporcionais de sexo, faixa etária, grau de instrução e nível de rendimentos, garantindo a representatividade demográfica da amostra. Atributos de cotas|ponderação: Masculino (827|48,4%), Feminino (882|51,6%); IDADE: [16 a 24 (313|18,3%), 25 a 34 (389|22,8%), 35 a 44 (342|20,0%), 45 a 59 (393|23,0%), 60 ou + (272|15,9%)]; GRAU DE INSTRUÇÃO: [Analfabeto/ Lê e Escreve (135|7,9%),Ensino Fundamental Completo/ Incompleto (520|30,4%), Ensino Médio Completo/ Incompleto (687|40,2%), Superior Completo/ Incompleto (368|21,5%)]; RENDA FAMILIAR: [Até R$ 3.242,00 (até 2 S.M.) (909|53,2%), Acima de R$ 3.242,00 a R$ 8.105,00 (mais de 2 a 5 S.M.) (533|31,2%), Acima de R$ 8.105,00 a R$ 16.210,00 (mais de 5 a 10 S.M.) (199|11,6%), Mais de R$ 16.210,00 (mais de 10 S.M.) (69|4,0%)]. Onde: S.M.: salários-mínimos.Com o objetivo de assegurar maior aderência da amostra às características da população, prevê-se a aplicação da ponderação estatística (atribuição de pesos amostrais), ajustando as proporções dos estratos conforme parâmetros populacionais das variáveis: Sexo, Faixa Etária, Escolaridade, Renda e Município. Os pesos amostrais calculados consideram o eleitorado do público-alvo desta pesquisa. A definição e seleção da amostra fundamentam-se em dados do IBGE (incluindo o Censo 2022, a PNADc Anual 2025 1ª visita, e a Estimativa Populacional 2025), além de Estatísticas mensais: Eleitorado mensal: TSE 2026 ( Última atualização: 01.09.2026 - 15:17) e cálculos estatísticos para definição da amostra e seu particionamento. A escolha da PNAD Contínua como referência para obter a composição do eleitorado segundo grau de instrução se justifica por ela representar a fonte oficial mais recente disponível para mensurar o nível de instrução da população brasileira. Além disso, seu uso permite contornar as limitações associadas à falta de atualização obrigatória e periódica dos dados de escolaridade constantes no cadastro eleitoral do Tribunal Superior Eleitoral.";"O controle estatístico e qualitativo da pesquisa será baseado na verificação dos dados coletados pelo Instituto de Pesquisa, que poderá, a qualquer momento, solicitar informações, acompanhar a aplicação dos questionários e submeter os dados coletados a análises e controles estatísticos e qualitativos, com a finalidade de validar ou não as entrevistas realizadas. Os pesquisadores envolvidos na realização desta pesquisa são treinados pelo Instituto de Pesquisa e recebem instruções específicas para cada projeto realizado, com foco na aplicação dos critérios e procedimentos destinados a garantir a qualidade metodológica e o controle estatístico dos resultados. São checados, no mínimo, 20% dos questionários aplicados, seja in loco por supervisores de campo, seja posteriormente por telefone. Internamente, todo o material é verificado, codificado e digitado. Antes do processamento final, realiza-se a conferência da tabulação para verificação da consistência dos dados, bem como a anonimização dos usuários desde a fonte dos dados, assegurando que a apresentação e a manipulação das informações ocorram somente de forma agregada. Dessa forma, são garantidos o consentimento informado, o anonimato e a proteção dos dados dos participantes.";"Baseado nas características do público-alvo, para 1709 (mil setecentos e nove) eleitores do Acre (AC), considerando uma margem de erro de 2,3 pontos percentuais e 95% de confiança. A margem de erro informada é uma estimativa teórica baseada no tamanho de uma amostra aleatória e no nível de confiança adotado, devendo ser interpretada como referência aproximada. A inferência de resultados passa a ser condicionada a este desenho amostral. A coleta de amostras proporcionais ocorrerá nas seguintes localidades: SENA MADUREIRA (16,8%), TARAUACÁ (16,3%), FEIJÓ (13,2%), BRASILÉIA (10,9%), SENADOR GUIOMARD (10,2%), PORTO ACRE (7,8%), PLÁCIDO DE CASTRO (6,7%), RODRIGUES ALVES (6,6%), BUJARI (6,1%), ACRELÂNDIA (5,6%)."
"28/09/2026";"05:46:54";2026;81;"Eleições Gerais 2026";"AC";"AC";"ACRE";"AC002882026";"2026-09-24 14:58:30";"N";"08984712000102";"F. FACANHA DE ALMEIDA";"DELTA AGENCIA DE PESQUISA";"Governador, Senador";"2026-09-23 00:00:00";"2026-09-29 00:00:00";"2026-09-30 00:00:00";800;"8631";"Alexandre Vasconcelos Lima";"30000,00";"Pesquisa do tipo quantitativa (survey), por amostragem por cotas, com aplicação de questionário face-a-face estruturado por entrevistadores treinados. O conjunto do eleitorado do Estado do Acre-AC com 16 anos ou mais foi tomado como universo da pesquisa.";"Quantitativo eleitoral: 572.627 eleitores (Fonte: Tribunal Superior Eleitoral, em janeiro/2026). Margem de erro: A margem de erro considerada para essa pesquisa é de 3,5 pontos percentuais. O intervalo de confiança é de 95%. Coleta de dados: Entrevistas pessoais através de questionário estruturado, contendo perguntas filtro a fim de entrevistar somente o público-alvo desejado. Os entrevistadores serão contratados e treinados pela empresa. O processo de coleta de dados será monitorado pelos supervisores. Análise dos dados: A análise estatística dos dados será feita em duas etapas. Em primeiro lugar, será elaborada a análise exploratória dos dados, análise univariada e bivariada dos dados. Após a primeira etapa, serão feitas a inferência estatística e as análises filtradas por sexo e outras variáveis de perfil. Tamanho da amostra: Serão entrevistados 1006 (hum mil e seis) eleitores distribuídos proporcionalmente os critérios município, sexo e faixa etária (arquivo anexo). Sendo: 1) 16 a 24 anos, masculino 8,6%, feminino 8,8%; 2) 25 a 34 anos, masculino 10,8%, feminino 12,2%; 3) 35 a 44 anos, masculino 9,7%%, feminino 10,8%; 4) 45 a 59 anos, masculino 11,2%, feminino 12,0%; 5) 60 anos ou +, masculino 7,7%, feminino 8,2%. A pesquisa é autoponderada em relação às variáveis: grau de instrução e renda, ou seja, a proporção do universo pesquisa é o mesmo daquele encontrado na amostra não sendo necessário nenhum tipo de ponderação.";"Sistema interno de controle e verificação, conferência e fiscalização da coleta de dados e do trabalho de campo: Após a coleta de dados é realizada uma fiscalização, na sede da empresa, através de contato telefônico, que consiste na checagem de 10% das entrevistas aplicadas, tendo a finalidade de verificar a veracidade e os procedimentos adotados pelo pesquisador durante a aplicação da entrevista, checando as respostas e os parâmetros amostrais. Constatando-se irregularidades, volta-se a campo para corrigi-las. Internamente todo material é criticado, codificado, digitado e, antes do processamento final, realiza-se a conferência da digitação.";"Relação de municípios e a respectiva distribuição da amostra em anexo."
"28/09/2026";"05:46:54";2026;81;"Eleições Gerais 2026";"AC";"AC";"ACRE";"AC007702026";"2026-01-31 10:12:14";"N";"04942645000102";"J J COELHO";"INSTITUTO PHOENIX & ASSOCIADOS";"Governador, Senador, Deputado Federal, Deputado Estadual";"2026-02-02 00:00:00";"2026-02-05 00:00:00";"2026-02-06 00:00:00";605;"7655";"AUGUSTO DA SILVA ROCHA";"7000,00";"Pesquisa a ser realizada em municípios representativos do Estado do Acre, do tipo quantitativa, com aplicação de questionário estruturado, abordagem pessoal em ponto de fluxo populacional e domiciliar. O conjunto da população eleitora dos municípios com 16 anos ou mais foi tomado como universo da pesquisa.";"O desenho da amostra será realizado de acordo com os dados populacionais disponibilizados 
pelo Instituto Brasileiro de Geografia e Estatística (IBGE) referentes ao Censo 2010/2022 e TSE/TRE dez/25. 
Para um intervalo de confiança de 95% e um tamanho de amostra de 605 entrevistas, a margem de erro máxima estimada foi de 4 pontos percentuais, para mais ou para menos. Fonte: https://sidra.ibge.gov.br/tabela/3268 https://www.tse.jus.br/eleitor/estatisticas-de-eleitorado/consulta-quantitativo Os entrevistados são selecionados aleatoriamente segundo as cotas do estudo em função de variáveis significativas, a saber: 
Gênero: FEMININO 51,69% ; MASCULINO 48,31% ; 
Faixa Etária: 16 a 20 anos	8,26%;
21 a 24 anos	9,57%;
25 a 34 anos	23,13%;
35 a 44 anos	20,59%;
45 a 59 anos	22,92%;
60 a 69 anos	8,67%;
70 a 79 anos	4,75%;
Superior a 79 anos	2,11%..   
Grau de instrução: 
ANALFABETO	7,53%	;
ENSINO FUNDAMENTAL COMPLETO	4,78%	;
ENSINO FUNDAMENTAL INCOMPLETO	19,35%	;
ENSINO MÉDIO COMPLETO	24,19%	;
ENSINO MÉDIO INCOMPLETO	19,29%	;
LÊ E ESCREVE	9,10%	;
SUPERIOR COMPLETO	9,62%	;
SUPERIOR INCOMPLETO	6,14%	;

Renda familiar: 
Até 1/2 salário mínimo	6,47%	;
Mais de 1/2 a 1 salário mínimo	19,49%	;
Mais de 1 a 2 salários mínimos	24,93%	;
Mais de 2 a 5 salários mínimos	26,48%	;
Mais de 5 a 10 salários mínimos	10,03%	;
Mais de 10 a 20 salários mínimos	3,84%	;
Mais de 20 salários mínimos	1,49%	;
Sem rendimento	7,27%	;

";"Para a realização da pesquisa, utiliza-se uma equipe de entrevistadores e supervisores credenciados devidamente treinados pela empresa para esse tipo de pesquisa. Após os trabalhos de campo, 100% dos questionários são criticados e passam por uma fiscalização de cerca de 20% (vinte por cento) dos questionários aplicados por cada entrevistador; para verificação da consistência das respostas e da adequação dos entrevistados aos parâmetros amostrais.";"#NULO#"
"28/09/2026";"05:46:54";2026;81;"Eleições Gerais 2026";"AC";"AC";"ACRE";"AC013992026";"2026-08-29 12:57:07";"S";"19259002000128";"ATLASINTEL TECNOLOGIA DE DADOS LTDA";"ATLASINTEL";"Governador, Senador";"2026-08-29 00:00:00";"2026-09-03 00:00:00";"2026-09-04 00:00:00";1200;"11220";"ANDREI CAMILO DOS SANTOS";"65000,00";"Pesquisa quantitativa com coleta aleatória via questionário estruturado web e pós-estratificação da amostra de acordo com as características do eleitorado de Acre.";"Amostra aleatória pós-estratificada via algoritmo iterativo com quotas proporcionais, representando características do eleitorado de Acre: SEXO: Masculino: 48.4%; Feminino: 51.6%. FAIXA ETÁRIA: Entre 16 a 24 anos: 18.8%; Entre 25 a 34 anos: 22.7%; Entre 35 a 44 anos: 20.1%; Entre 45 a 59 anos: 22.8%; 60 ou mais: 15.6%. ESCOLARIDADE: Ensino Fundamental completo ou incompleto e eleitores sem educação formal: 37.8%; Ensino Médio completo ou incompleto: 41.0%; Ensino Superior completo ou incompleto: 21.2%. NÍVEL ECONÔMICO: Renda familiar mensal até R$2000: 35.8%; Mais de R$2.000 a R$3.000: 22.4%; Mais de R$3.000 a R$5.000: 20.4%; Mais de R$5.000 a R$10.000: 13.7%; Mais de R$10.000: 7.8%. OBS.: devido ao arredondamento, a soma dos percentuais pode variar de 99% a 101%. Na agregação final, para cada variável de ponderação, serão admissíveis desvios de até 3.0 pontos percentuais em relação às quotas estipuladas. Confiança estimada: 95%, margem de erro: +/- 3.0 pontos percentuais. FONTE DOS DADOS: PNADC 2024 para escolaridade e nível econômico | TSE 2026 para sexo e faixa etária.";"Coleta feita com a utilização de questionário eletrônico com procedimentos específicos para o armazenamento seguro dos dados. São checados manualmente no mínimo 15% dos questionários para detectar possíveis anomalias. Pesquisadores especializados realizam internamente uma verificação exaustiva da consistência dos dados antes da divulgação dos resultados finais.";"#NULO#"
"28/09/2026";"05:46:54";2026;81;"Eleições Gerais 2026";"AC";"AC";"ACRE";"AC067872026";"2026-08-05 21:15:39";"N";"08984712000102";"F. FACANHA DE ALMEIDA";"DELTA AGENCIA DE PESQUISA";"Governador, Senador";"2026-08-04 00:00:00";"2026-08-09 00:00:00";"2026-08-11 00:00:00";1006;"8631";"Alexandre Vasconcelos Lima";"26000,00";"Pesquisa quantitativa de opinião pública realizada com eleitores residentes no estado de Acre, com 16 anos ou mais. A coleta de dados será realizada por entrevistas presenciais (face a face) em 18 municípios do estado. As entrevistas presenciais serão conduzidas por entrevistadores devidamente treinados pelo Instituto, utilizando questionário estruturado.";"Quantitativo eleitoral: 572.627 eleitores (Fonte: Tribunal Superior Eleitoral, em janeiro/2026). Margem de erro: A margem de erro considerada para essa pesquisa é de 3,1 pontos percentuais. O intervalo de confiança é de 95%. Coleta de dados: Entrevistas pessoais através de questionário estruturado, contendo perguntas filtro a fim de entrevistar somente o público-alvo desejado. Os entrevistadores serão contratados e treinados pela empresa. O processo de coleta de dados será monitorado pelos supervisores. Análise dos dados: A análise estatística dos dados será feita em duas etapas. Em primeiro lugar, será elaborada a análise exploratória dos dados, análise univariada e bivariada dos dados. Após a primeira etapa, serão feitas a inferência estatística e as análises filtradas por sexo e outras variáveis de perfil. Tamanho da amostra: Serão entrevistados 1006 (hum mil e seis) eleitores distribuídos proporcionalmente os critérios município, sexo e faixa etária (arquivo anexo). Sendo: 1) 16 a 24 anos, masculino 8,6%, feminino 8,8%; 2) 25 a 34 anos, masculino 10,8%, feminino 12,2%; 3) 35 a 44 anos, masculino 9,7%%, feminino 10,8%; 4) 45 a 59 anos, masculino 11,2%, feminino 12,0%; 5) 60 anos ou +, masculino 7,7%, feminino 8,2%. A pesquisa é autoponderada em relação às variáveis: grau de instrução e renda, ou seja, a proporção do universo pesquisa é o mesmo daquele encontrado na amostra não sendo necessário nenhum tipo de ponderação.";"Sistema interno de controle e verificação, conferência e fiscalização da coleta de dados e do trabalho de campo: Após a coleta de dados é realizada uma fiscalização, na sede da empresa, através de contato telefônico, que consiste na checagem de 10% das entrevistas aplicadas, tendo a finalidade de verificar a veracidade e os procedimentos adotados pelo pesquisador durante a aplicação da entrevista, checando as respostas e os parâmetros amostrais. Constatando-se irregularidades, volta-se a campo para corrigi-las. Internamente todo material é criticado, codificado, digitado e, antes do processamento final, realiza-se a conferência da digitação.";"Relação de municípios e a respectiva distribuição da amostra em anexo."
"28/09/2026";"05:46:54";2026;81;"Eleições Gerais 2026";"AC";"AC";"ACRE";"AC031292026";"2026-08-17 18:16:08";"S";"02170847000140";"DATA CONTROL INSTITUTO DE PESQUISA LTDA - ME";"DATA CONTROL INSTITUTO DE PESQUISA";"Governador, Senador, Deputado Federal, Deputado Estadual";"2026-08-17 00:00:00";"2026-08-23 00:00:00";"2026-08-23 00:00:00";1620;"11239";"JOSE AILTON ALENCAR DA SILVA";"20000,00";"Será realizada uma pesquisa de natureza quantitativa e qualitativa, com o objetivo de caracterizar o perfil ideológico do público-alvo e mensurar a intenção de voto para as Eleições Gerais de 2026. A metodologia adotada consiste em um levantamento padrão survey, totalmente digital e geolocalizado, aplicado de forma pessoal e individual, face a face, ao público-alvo determinado no plano amostral, com coleta de dados em zonas de trânsito de pessoas e/ou em residências, contendo questões espontâneas e estimuladas. A amostra será estratificada e proporcional aos dados demográficos do estado do Acre (AC), respeitando critérios de gênero, faixa etária (acima de 16 anos), nível de instrução e faixas de renda familiar. A coleta de dados seguirá o zoneamento geográfico previamente estabelecido, garantindo a representatividade do eleitorado residente e apto a votar, sendo executada por uma equipe técnica especializada e treinada para este fim.
";"  O público-alvo desta pesquisa engloba o eleitorado do estado do Acre (AC) com idade igual ou superior a 16 anos. A amostra necessária para esta pesquisa é de 1620 (um mil seiscentos e vinte) eleitores do Acre (AC), considerando uma margem de erro de 2,4 pontos percentuais e 95% de confiança. A margem de erro informada é uma estimativa teórica baseada no tamanho da amostra e no nível de confiança adotado, devendo ser interpretada como referência. A inferência de resultados passa a ser condicionada a este desenho amostral. A amostragem é definida com base nos dados oficiais do eleitorado do estado do Acre, estratificados conforme os parâmetros do Tribunal Superior Eleitoral (TSE), e feita em várias etapas. Em cada município selecionado, a amostra foi alocada proporcionalmente ao tamanho do seu eleitorado em relação ao total do eleitorado do conjunto de municípios abrangidos pela pesquisa. Finalmente, os entrevistados são selecionados para responder ao questionário, de acordo com cotas proporcionais de sexo, faixa etária, grau de instrução e nível de rendimentos, garantindo a representatividade demográfica da amostra. Atributos de cotas: Masculino (784|48,4%), Feminino (836|51,6%); IDADE: [16 a 24 (297|18,3%),  25 a 34 (369|22,8%), 35 a 44 (324|20,0%), 45 a 59 (372|23,0%), 60 ou + (258|15,9%)]; GRAU DE INSTRUÇÃO: [Analfabeto/Lê e Escreve (263|16,2%), Ensino Fundamental Completo/Incompleto (386|23,8%), Ensino Médio Completo/Incompleto (718|44,3%), Superior Completo/Incompleto (253|15,6%)]; RENDA FAMILIAR: [Até R$ 3.242,00 (até 2 S.M.) (796|49,1%), Acima de R$ 3.242,00 a R$ 8.105,00 (mais de 2 a 5 S.M.) (570|35,2%), Acima de R$ 8.105,00 a R$ 16.210,00 (mais de 5 a 10 S.M.) (188|11,6%), Mais de R$ 16.210,00 (mais de 10 S.M.) (66|4,1%)]. Onde: S.M.: salários-mínimos.Com o objetivo de assegurar maior aderência da amostra às características da população, há a possibilidade de aplicar o procedimento de ponderação estatística (peso amostral), ajustando as proporções dos estratos conforme parâmetros populacionais. Os pesos amostrais calculados consideram o eleitorado do público-alvo desta pesquisa. A definição e seleção da amostra fundamentam-se em dados do IBGE( incluindo o Censo 2022, a PNADc Anual 2025 1ª visita  e a Estimativa Populacional 2025 ), além de Estatísticas mensais: Eleitorado mensal: TSE 2026 ( Última atualização: 03.08.2026 - 11:37 ) e Cálculos estatísticos para definição da amostra e seu particionamento.
";"O controle estatístico e qualitativo da pesquisa será baseado na verificação dos dados coletados pelo Instituto de Pesquisa, que poderá, a qualquer momento, solicitar informações, acompanhar a aplicação dos questionários e submeter os dados coletados a análises e controles estatísticos e qualitativos, com a finalidade de validar ou não as entrevistas realizadas. Os pesquisadores envolvidos na realização desta pesquisa são treinados pelo Instituto de Pesquisa e recebem instruções específicas para cada projeto realizado, com foco na aplicação dos critérios e procedimentos destinados a garantir a qualidade metodológica e o controle estatístico dos resultados. São checados, no mínimo, 20% dos questionários aplicados, seja in loco por supervisores de campo, seja posteriormente por telefone. Internamente, todo o material é verificado, codificado e digitado. Antes do processamento final, realiza-se a conferência da tabulação para verificação da consistência dos dados, bem como a anonimização dos usuários desde a fonte dos dados, assegurando que a apresentação e a manipulação das informações ocorram somente de forma agregada. Dessa forma, são garantidos o consentimento informado, o anonimato e a proteção dos dados dos participantes.
";"Baseado nas características do público-alvo, para 1620 (um mil seiscentos e vinte) eleitores do Acre (AC), considerando uma margem de erro de 2,4 pontos percentuais e 95% de confiança. A margem de erro informada é uma estimativa teórica baseada no tamanho da amostra e no nível de confiança adotado, devendo ser interpretada como referência. A inferência de resultados passa a ser condicionada a este desenho amostral. A coleta de amostras proporcionais ocorrerá nas seguintes localidades: Rio Branco, Cruzeiro do Sul, Sena Madureira, Tarauacá, Feijó, Brasiléia, Senador Guiomard, Porto Acre, Mâncio Lima, Plácido de Castro, Rodrigues Alves, Marechal Thaumaturgo, Bujari, Acrelândia, Manoel Urbano, Porto Walter, Capixaba, Assis Brasil, Epitaciolândia, Xapuri.
"
"28/09/2026";"05:46:54";2026;81;"Eleições Gerais 2026";"AC";"AC";"ACRE";"AC088162026";"2026-08-28 20:13:26";"S";"00654576000172";"INSTITUTO VERITA LTDA";"VERITA";"Governador, Senador";"2026-08-29 00:00:00";"2026-09-01 00:00:00";"2026-09-03 00:00:00";1030;"10699";"Guilherme Alvarenga Laia";"79310,00";"Estudo quantitativo voltado às Eleições 2026, realizado por meio de entrevistas individuais, aplicadas mediante questionário eletrônico estruturado e Unidade Automatizada de Respostas Audíveis e Auditáveis, por meio de ligações para telefones móveis (celulares). A inteligência artificial é empregada exclusivamente para a transcrição automatizada das respostas em áudio, não interferindo na formulação das perguntas, na condução das entrevistas, na coleta das informações, na interpretação das respostas ou no tratamento estatístico dos dados.

A participação dos eleitores é voluntária, espontânea e não remunerada. As respostas são prestadas por autodeclaração, sendo, em sua maioria, registradas por meio de códigos numéricos correspondentes às alternativas previamente definidas no questionário.

A utilização de sistema eletrônico automatizado para a coleta e o registro das respostas proporciona elevado nível de padronização operacional, reduz a possibilidade de interferência humana durante a realização das entrevistas, amplia a rastreabilidade e a auditabilidade de todo o processo de coleta e contribui para maior precisão, consistência e confiabilidade dos dados obtidos.

O plano amostral foi elaborado para assegurar a representatividade estatística do eleitorado da respectiva Unidade da Federação, observando critérios técnicos de seleção, distribuição e ponderação da amostra, quando aplicáveis.";"A pesquisa foi planejada para produzir uma amostra estatisticamente representativa do eleitorado do estado DO ACRE, utilizando o método de Probabilidade Proporcional ao Tamanho (PPT), com plano amostral em múltiplos estágios. Na primeira etapa, esta Unidade da Federação é dividida em macrorregiões, de forma a assegurar adequada distribuição territorial da amostra e representação das diferentes características geográficas, demográficas e eleitorais. Na segunda etapa, os municípios de cada estrato são ordenados segundo seu porte populacional e eleitoral e sorteados. Na terceira etapa, os respondentes são selecionados entre os eleitores aptos residentes nos municípios sorteados, observando-se a distribuição proporcional da amostra e as cotas estabelecidas para as variáveis de sexo, faixa etária, grau de instrução e nível econômico. As cotas são estabelecidas para a pesquisa completa, considerando a composição do eleitorado e os parâmetros oficiais de referência, não sendo aplicadas isoladamente a cada município selecionado.

SEXO E FAIXA ETÁRIA - Fonte: Tribunal Superior Eleitoral (TSE), Perfil do Eleitorado, junho de 2026. Feminino de 16 a 34 anos: 21,5%; Masculino de 16 a 34 anos: 20,2%; Feminino de 35 a 54 anos: 19%; Masculino de 35 a 54 anos: 17,6%; Feminino com 55 anos ou mais: 11,1%; Masculino com 55 anos ou mais: 10,6%. Os parâmetros de sexo e idade têm como referência o cadastro eleitoral brasileiro atualizado pelo Tribunal Superior Eleitoral, considerando o universo de eleitores aptos com 16 anos ou mais.

GRAU DE INSTRUÇÃO - Fonte: IBGE - Pesquisa Nacional por Amostra de Domicílios Contínua - PNAD Contínua, 1º trimestre de 2026. A distribuição é: sem instrução 7,5%; ensino fundamental incompleto ou equivalente 25,6%; ensino fundamental completo ou equivalente 8,6%; ensino médio incompleto ou equivalente 9,8%; ensino médio completo ou equivalente 28,5%; ensino superior incompleto ou equivalente 5,4%; ensino superior completo 14,7%. Para não confundir os respondentes as faixas de escolaridade no questionário foram agrupadas em 3 faixas: até ensino fundamental incompleto e completo, ensino médio incompleto e completo e superior incompleto, completo ou mais. A PNAD Contínua é utilizada como referência por constituir a fonte oficial mais atualizada para a mensuração do nível de instrução da população brasileira, sua utilização também corrige limitações decorrentes da ausência de atualização obrigatória e contínua das informações de escolaridade no cadastro eleitoral do Tribunal Superior Eleitoral.

NÍVEL ECONÔMICO - RENDA FAMILIAR DO DOMICÍLIO - Fonte: IBGE - PNAD Contínua Anual 2025. Considera-se a renda domiciliar total, compreendendo rendimentos provenientes de trabalho formal e informal, aposentadorias, pensões, benefícios sociais e demais fontes de renda existentes no domicílio. observando-se a seguinte distribuição: renda familiar de até 2 salários-mínimos 59,5%; de 2 a 5 salários-mínimos 28,4%, acima de 5 salários-mínimos 12,1%.

PONDERAÇÃO E CALIBRAÇÃO DA AMOSTRA - Prevê-se eventual ponderação das variáveis de sexo, faixa etária, grau de instrução e nível econômico, caso sejam verificadas diferenças relevantes entre a distribuição da amostra efetivamente coletada e os parâmetros populacionais de referência adotados. Inicialmente, o fator de ponderação é igual a 1 (um), podendo ser recalculado sempre que necessário para assegurar a representatividade estatística da amostra.
INTERVALO DE CONFIANÇA E MARGEM DE ERRO - O intervalo de confiança adotado é de 95%, com margem máxima estimada de erro de aproximadamente 3,5 pontos percentuais, para mais ou para menos, sobre os resultados do total da amostra, calculada segundo o modelo de amostragem aleatória simples e a hipótese de máxima variabilidade.";"Após os trabalhos de coleta de dados, os questionários são submetidos a uma fiscalização, conferência e checagem de cerca de 20% (vinte por cento) dos questionários aplicados. Todas as entrevistas são integralmente registradas em áudio, permanecendo auditáveis e rastreáveis, permitindo a verificação da integridade do processo de coleta, preservado o sigilo das informações pessoais dos entrevistados e observadas as disposições da Lei Geral de Proteção de Dados Pessoais (Lei nº 13.709/2018).";"Em observância ao art. 2º, § 7º, da Resolução TSE nº 23.600/2019, com redação dada pela Resolução TSE nº 23.747/2026, a presente pesquisa terá seu registro complementado no Sistema de Registro de Pesquisas Eleitorais a partir da data em que sua divulgação for permitida e até o dia seguinte, com a identificação dos municípios em que foram realizadas as entrevistas, bem como da composição final da amostra quanto a gênero, idade, grau de instrução e nível econômico, na forma exigida pela legislação eleitoral vigente."
"28/09/2026";"05:46:54";2026;81;"Eleições Gerais 2026";"AC";"AC";"ACRE";"AC010692026";"2026-07-21 20:19:41";"S";"22345021000181";"REAL TIME MIDIA LTDA";"REAL TIME BIG DATA";"Governador, Senador";"2026-07-22 00:00:00";"2026-07-25 00:00:00";"2026-07-27 00:00:00";1600;"10839";"Isabela Zara Cremoneze";"24000,00";"Pesquisa quantitativa, que consiste na realização de entrevistas com eleitores do universo a ser explorado, feitas em combinação mista por entrevistadores humanos e recursos de inteligência artificial, com a aplicação de questionário estruturado com abordagens telefônicas e digitais junto a uma amostra representativa do eleitorado em estudo. Pesquisa realizada no Estado do Acre (AC).";"Representativo do eleitorado da área em estudo, elaborada em três estágios. 
No primeiro estágio, realiza-se um sorteio probabilístico dos municípios onde as entrevistas serão realizadas, pelo método PPT (Probabilidade Proporcional ao Tamanho), tomando a população eleitora de 16 anos ou mais residente nos municípios como base para essa seleção.
No segundo estágio, efetua-se um sorteio probabilístico das localidades dentro dos municípios selecionados, também pelo método PPT (Probabilidade Proporcional ao Tamanho), considerando a população eleitora de 16 anos ou mais residente nessas localidades como base para a seleção.
No terceiro e último estágio, dentro das localidades sorteadas, os respondentes são selecionados por meio de quotas amostrais proporcionais, em função de variáveis significativas, a saber:

GÊNERO:
Feminino: 51,64%;
Masculino: 48,36%.
(Fonte: TSE, Junho/2026 -- https://sig.tse.jus.br/ords/dwapr/r/seai/sig-eleitor-eleitorado-mensal/cruzamento-eleitorado-mensal?p24_metricas=E&p24_back=22&p24_cruzamento_1=ds_sexo&clear=24&session=210546579963076)
FAIXA ETÁRIA:
16 anos: 1,05%;
17 anos: 1,59%;
18 a 20 anos: 6,63%;
21 a 24 anos: 9,55%;
25 a 34 anos: 22,71%;
35 a 44 anos: 20,08%;
45 a 59 anos: 22,75%;
60 a 69 anos: 8,69%;
70 a 79 anos: 4,78%;
Superior a 79 anos: 2,15%.
(Fonte: TSE, Junho/2026 -- https://sig.tse.jus.br/ords/dwapr/r/seai/sig-eleitor-eleitorado-mensal/cruzamento-eleitorado-mensal?p24_cruzamento_1=ds_faixa_etaria&p24_metricas=E&p24_back=22&clear=24&session=210546579963076)
ESCOLARIDADE:
Analfabeto: 7,37%;
Lê e Escreve: 8,87%;
Ensino Fundamental Incompleto: 19,14%;
Ensino Fundamental Completo: 4,68%;
Ensino Médio Incompleto: 20,27%;
Ensino Médio Completo: 24,09%;
Ensino Superior Incompleto: 6,05%;
Ensino Superior Completo: 9,54%.
(Fonte: TSE, Junho/2026 -- https://sig.tse.jus.br/ords/dwapr/r/seai/sig-eleitor-eleitorado-mensal/cruzamento-eleitorado-mensal?p24_cruzamento_1=ds_grau_instrucao&p24_metricas=E&p24_back=22&clear=24&session=210546579963076)
RENDA DOMICILIAR MENSAL:
Sem rendimento: 7,27%;
Até 1/2 Salário Mínimo: 6,47%;
Mais de 1/2 a 1 Salário Mínimo: 19,49%;
Mais de 1 a 2 Salários Mínimos: 24,93%;
Mais de 2 a 5 Salários Mínimos: 26,48%;
Mais de 5 a 10 Salários Mínimos: 10,03%;
Mais de 10 a 20 Salários Mínimos: 3,84%;
Mais de 20 Salários Mínimos: 1,49%.
(Fonte: IBGE (Censo/2010) - https://cidades.ibge.gov.br/brasil/ac/pesquisa/23/24304?detalhes=true)

Observação: De acordo com informações do Instituto Brasileiro de Geografia e Estatística (IBGE), não há previsão de data para a divulgação do perfil econômico da população brasileira do CENSO 2022. Portanto, os dados sobre o nível econômico obtidos no Censo 2022 não podem ser utilizados, pois ainda não foram publicados.
Está prevista eventual ponderação para correção das variáveis sexo e idade, com base nos percentuais anteriormente mencionados, caso ocorram diferenças superiores a 3 pontos percentuais entre o previsto na amostra e a coleta de dados realizada. Para as variáveis de grau de instrução e nível econômico do entrevistado, o fator previsto para ponderação é 1 (resultados obtidos em campo). O nível de confiança estimado é de 95% e a margem de erro máxima estimada considerando um modelo de amostragem aleatório simples, é de aproximadamente 2 (dois) pontos percentuais para mais ou para menos sobre os resultados encontrados no total da amostra.
";"O trabalho de coleta de dados é acompanhado por supervisores humanos. São selecionados aleatoriamente 15% (quinze por cento) dos questionários para uma verificação posterior e, em caso de dúvida, o formulário é descartado e o responsável pela coleta chamado para esclarecimentos. Há uma equipe especializada que confere os dados à exaustão com objetivo de averiguar e aferir os resultados coletados.";"O anexo do arquivo com os bairros será realizado até o dia seguinte da divulgação conforme indicado no §7º. do art. 2º. da Resolução-TSE nº. 23.600/2019."
"28/09/2026";"05:46:54";2026;81;"Eleições Gerais 2026";"AC";"AC";"ACRE";"AC053872026";"2026-07-11 21:37:03";"N";"08984712000102";"F. FACANHA DE ALMEIDA";"DELTA AGENCIA DE PESQUISA";"Governador, Senador, Deputado Federal, Deputado Estadual";"2026-07-11 00:00:00";"2026-07-15 00:00:00";"2026-07-17 00:00:00";1006;"8631";"Alexandre Vasconcelos Lima";"26000,00";"Pesquisa quantitativa de opinião pública realizada com eleitores residentes no estado de Acre, com 16 anos ou mais. A coleta de dados será realizada por meio de metodologia híbrida, combinando entrevistas presenciais (face a face) e telefônicas assistidas por computador (CATI - Computer Assisted Telephone Interviewing) nos municípios de Assis Brasil, Manoel Urbano, Marechal Thaumaturgo, Porto Walter, Jordão e Santa Rosa do Purus e entrevistas presenciais (face a face) nos demais 16 municípios de maior eleitorado do estado. As entrevistas presenciais serão conduzidas por entrevistadores devidamente treinados pelo Instituto, utilizando questionário estruturado.";"Quantitativo eleitoral: 572.627 eleitores (Fonte: Tribunal Superior Eleitoral, em janeiro/2026). Margem de erro: A margem de erro considerada para essa pesquisa é de 3,1 pontos percentuais. O intervalo de confiança é de 95%. Coleta de dados: Entrevistas pessoais através de questionário estruturado, contendo perguntas filtro a fim de entrevistar somente o público-alvo desejado. Os entrevistadores serão contratados e treinados pela empresa. O processo de coleta de dados será monitorado pelos supervisores. Análise dos dados: A análise estatística dos dados será feita em duas etapas. Em primeiro lugar, será elaborada a análise exploratória dos dados, análise univariada e bivariada dos dados. Após a primeira etapa, serão feitas a inferência estatística e as análises filtradas por sexo e outras variáveis de perfil. Tamanho da amostra: Serão entrevistados 1006 (hum mil e seis) eleitores distribuídos proporcionalmente os critérios município, sexo e faixa etária (arquivo anexo). Sendo: 1) 16 a 24 anos, masculino 8,6%, feminino 8,8%; 2) 25 a 34 anos, masculino 10,8%, feminino 12,2%; 3) 35 a 44 anos, masculino 9,7%%, feminino 10,8%; 4) 45 a 59 anos, masculino 11,2%, feminino 12,0%; 5) 60 anos ou +, masculino 7,7%, feminino 8,2%. A pesquisa é autoponderada em relação às variáveis: grau de instrução e renda, ou seja, a proporção do universo pesquisa é o mesmo daquele encontrado na amostra não sendo necessário nenhum tipo de ponderação.";"Sistema interno de controle e verificação, conferência e fiscalização da coleta de dados e do trabalho de campo: Após a coleta de dados é realizada uma fiscalização, na sede da empresa, através de contato telefônico, que consiste na checagem de 10% das entrevistas aplicadas, tendo a finalidade de verificar a veracidade e os procedimentos adotados pelo pesquisador durante a aplicação da entrevista, checando as respostas e os parâmetros amostrais. Constatando-se irregularidades, volta-se a campo para corrigi-las. Internamente todo material é criticado, codificado, digitado e, antes do processamento final, realiza-se a conferência da digitação.";"Relação de municípios e a respectiva distribuição da amostra em anexo."
"28/09/2026";"05:46:54";2026;81;"Eleições Gerais 2026";"AC";"AC";"ACRE";"AC096782026";"2026-09-05 14:34:21";"N";"04942645000102";"J J COELHO";"INSTITUTO PHOENIX & ASSOCIADOS";"Governador, Senador, Deputado Federal, Deputado Estadual";"2026-09-05 00:00:00";"2026-09-08 00:00:00";"2026-09-11 00:00:00";615;"7655";"AUGUSTO DA SILVA ROCHA";"11150,00";"Pesquisa quantitativa, de natureza eleitoral, realizada em municípios representativos do Estado do Acre, mediante aplicação de questionário estruturado, com abordagem pessoal em pontos de fluxo e em domicílios.
O conjunto da população eleitora dos municípios representativos, com idade igual ou superior a 16 anos, constitui o universo da pesquisa.";"A amostra é representativa do eleitorado do estado do Acre, selecionadas em três estágios (Mesorregião/Município/Bairro e localidades): No primeiro estágio fez-se um sorteio probabilísticos dos municípios pesquisados dentro de cada mesorregião, pelo método da probabilidade proporcional ao tamanho (PPT), tomando a população de cada município, como base para tal seleção. No segundo estágio, dentro dos municípios sorteados serão selecionados aleatoriamente bairros e localidades onde as entrevistas serão realizadas. No terceiro estágio, dentro dos bairros selecionados, os entrevistados serão selecionados através de cotas proporcionais de Sexo, Faixa Etária e Escolaridade de acordo com o perfil do eleitorado em estudo. Distribuição dos eleitores:

Sexo: Masculino 48,36%;
Feminino 51,64%;
Faixa etária: 16 a 24 anos 18,32% ;
25 a 34 anos 22,76% ;
35 a 44 anos 20,03% ;
45 a 59 anos 22,97% ;
60 anos ou mais 15,92%;

Grau de instrução:
Analfabeto 7,37% ;
Lê e escreve 8,87% ;
Ensino Fundamental incompleto 19,14%;
Ensino Fundamental completo 4,68%;
Ensino Médio incompleto 20,27% ;
Ensino Médio completo 24,09% ;
Superior incompleto 6,05% ;
Superior completo 9,53%;

Renda familiar mensal ( Classe de rendimento): Até 1/2 salário mínimo 6,47% ;
Mais de 1/2 a 1 salário mínimo 19,49% ;
Mais de 1 a 2 salários mínimos 24,93% ;
Mais de 2 a 5 salários mínimos 26,48% ;
Mais de 5 a 10 salários mínimos 10,03% ;
Mais de 10 a 20 salários mínimos 3,84% ;
Mais de 20 salários mínimos 1,49% ;
Sem rendimento 7,27% ;


Fonte de dados: TSE e TRE - RN, abril de 2026 (https://cidades.ibge.gov.br/brasil/ac//pesquisa/23/24304 ; https://sig.tse.jus.br/ords/dwapr/r/seai/sig-eleitor-eleitorado-mensal/cruzamento-eleitorado-mensal?p0_uf=AC&session=206124287598026 ;
https://sig.tse.jus.br/ords/dwapr/r/seai/sig-eleitor-eleitorado-mensal/cruzamento-eleitorado-mensal?p24_cruzamento_1=ds_faixa_etaria&p24_metricas=E&p24_back=22&clear=24&session=17455954763966 ;
https://sig.tse.jus.br/ords/dwapr/r/seai/sig-eleitor-eleitorado-mensal/cruzamento-eleitorado-mensal?p24_cruzamento_1=ds_grau_instrucao&p24_metricas=E&p24_back=22&clear=24&session=17455954763966 ;


; Ano=2026; Mês = JULHO; UF= AC; ) e IBGE 2022 (https://www.ibge.gov.br/estatisticas/sociais/populacao/22827-censo-demografico-2022.html?edicao=41852&t=resultados) para os dados da população. Tamanho da amostra: 2000 entrevistas. Intervalo de Confiança/Margem de Erro: O intervalo de confiança estimado é de 95,0% e a margem de erro máxima estimada é de 3,95 pontos percentuais para mais ou para menos sobre os resultados encontrados no total da amostra. Fonte de dados IBGE 2010 (https://cidades.ibge.gov.br/brasil/rn/pesquisa/23/22787?detalhes=true ) Observação: Conforme informações disponibilizadas pelo Instituto Brasileiro de Geografia e Estatística (IBGE), não houve nem há previsão de divulgação do perfil econômico (nível econômico) da população brasileira no âmbito do Censo Demográfico de 2022 (https://censo2022.ibge.gov.br/panorama/), para essa variável será adotado o fator de ponderação igual a 1, correspondente aos resultados obtidos em campo, caso seja verificada diferença superior à margem de erro prevista no estudo entre a projeção da amostra baseada nos dados do IBGE 2010 e os dados efetivamente coletados. Para as variáveis de sexo, idade e grau de instrução, está previsto uma eventual ponderação, nos limites da margem de erro, para correção nos tamanhos das variáveis, caso ocorra uma diferença entre a previsão da amostra e a coleta dos dados realizados sobre a faixa de eleitores acima de 16 anos.";"Para a realização da pesquisa utiliza-se uma equipe de entrevistadores e coordenadores de campo devidamente treinados para o trabalho do Instittto Media. As entrevistas são pessoais, domiciliares e em locais de fluxo, feitas por meio de questionário estruturado, aplicando-se apenas um questionário por domicílio, respeitando as cotas pré-determinadas. Durante a realização dos trabalhos de campo, os entrevistadores são submetidos a uma fiscalização permanente por parte dos coordenadores de campo e são realizadas checagem de 20% da amostra para atestar a realização das entrevistas e a fidedignidade dos dados apurados, garantindo-se dessa forma, o grau de precisão dos estimadores, em função dos parâmetros previamente estabelecidos.";"#NULO#"
"28/09/2026";"05:46:54";2026;81;"Eleições Gerais 2026";"AC";"AC";"ACRE";"AC016492026";"2026-08-04 17:15:26";"N";"28343797000149";"INSTITUTO TRAVESSIA DIAGNOSTICO LTDA";"#NULO#";"Governador, Senador";"2026-08-05 00:00:00";"2026-08-08 00:00:00";"2026-08-10 00:00:00";800;"010831";"Ana Paula da Silva Prado";"32000,00";"Pesquisa quantitativa de opinião por meio de um questionário estruturado aplicado no no estado do Acre. Uma amostra representativa da população-alvo será criada usando a metodologia, que levará em consideração as informações demográficas e geográficas relevantes. A coleta de dados será realizada por meio de entrevistas telefônicas operadas por humanos. ";"Foi utilizada uma amostragem probabilística estratificada com o objetivo de refletir a heterogeneidade da população, composta pelos residentes do estado do Acre contemplando diferentes faixas etárias, gêneros, grau de escolaridade, níveis socioeconômicos e áreas geográficas. Serão realizados 800 entrevistas, esta pesquisa possui intervalo de confiança de 95% com uma margem de erro aproximada de 4%, o desenho da amostra foi feito de acordo com as seguintes distribuições: sexo 48% Masculino e 52% Feminino, sendo 19% de 16 a 24 anos, 23% de 25 a 34 anos, 20% de 35 a 44 anos, 23% de 45 a 59 anos e 15% de 60 anos ou mais, com o grau de escolaridade de 38% até ensino fundamental completo, 41% com Ensino Médio Incompleto/Completo e 21% com Ensino Superior Incompleto/Completo, que possuem renda domiciliar mensal de 58% até 2 salários mínimos, 27% mais de 2 até 5 salários mínimos e 15% acima de 5 salários mínimos. Está prevista eventual ponderação para correção das variáveis gênero e faixa etária, com base nos percentuais acima apresentados, caso ocorram diferenças superiores a 3 pontos percentuais entre o previsto na amostra e a coleta realizada, para as variáveis de escolaridade e renda domiciliar mensal, o fator de ponderação é igual a 1 (resultados obtidos no campo). Fonte de dados: Censo 2010 / TSE 2026.";"Para a realização da pesquisa, utiliza-se entrevistadores e supervisores devidamente treinados e qualificados para a operacionalização do trabalho. Após os trabalhos de coleta, os questionários serão submetidos a uma fiscalização de cerca de 15% dos questionários aplicados pelos entrevistadores, para verificação das respostas e da adequação dos entrevistados aos parâmetros amostrais.";"Na ausência de delimitação do bairro, será identificada a área em que foi realizada a pesquisa(conforme §7º. do art. 2º. da Resolução-TSE nº. 23.600/2019, A partir do dia em que a pesquisa puder ser divulgada e até o dia seguinte, o registro deverá ser complementado, sob pena de ser a pesquisa considerada não registrada; na ausência de delimitação do bairro, será identificada a área em que foi realizada):
O anexo do arquivo com os bairros será realizado até o dia seguinte da divulgação conforme indicado no §7º. do art. 2º. da Resolução-TSE nº. 23.600/2019."
"28/09/2026";"05:46:54";2026;81;"Eleições Gerais 2026";"AC";"AC";"ACRE";"AC033792026";"2026-09-04 19:59:52";"N";"02170847000140";"DATA CONTROL INSTITUTO DE PESQUISA LTDA - ME";"DATA CONTROL INSTITUTO DE PESQUISA";"Governador, Senador, Deputado Federal, Deputado Estadual";"2026-09-02 00:00:00";"2026-09-08 00:00:00";"2026-09-10 00:00:00";1800;"11239";"JOSE AILTON ALENCAR DA SILVA";"70000,00";"Será realizada uma pesquisa de natureza quantitativa e qualitativa, com o objetivo de caracterizar o perfil ideológico do público-alvo e mensurar a intenção de voto para as Eleições Gerais de 2026. A metodologia adotada consiste em um levantamento padrão survey, totalmente digital e geolocalizado, aplicado de forma pessoal e individual, face-a-face, ao público-alvo determinado no plano amostral, com coleta de dados em zonas de trânsito de pessoas e/ou em residências, contendo questões espontâneas e estimuladas. A amostra será estratificada e proporcional aos dados demográficos do estado do Acre (AC), respeitando critérios de gênero, faixa etária (acima de 16 anos), nível de instrução e faixas de renda familiar. A coleta de dados seguirá o zoneamento geográfico previamente estabelecido, garantindo a representatividade do eleitorado residente e apto a votar, sendo executada por uma equipe técnica especializada e treinada para este fim.";"O público-alvo desta pesquisa engloba o eleitorado do estado do Acre (AC) com idade igual ou superior a 16 anos. A amostra necessária para esta pesquisa é de 1800 (um mil e oitocentos) eleitores do Acre (AC), considerando uma margem de erro de 2,3 pontos percentuais e 95% de confiança. A margem de erro informada é uma estimativa teórica baseada no tamanho de uma amostra aleatória e no nível de confiança adotado, devendo ser interpretada como referência aproximada. A inferência de resultados passa a ser condicionada a este desenho amostral. A amostragem é definida com base nos dados oficiais do eleitorado do estado do Acre, estratificados conforme os parâmetros do Tribunal Superior Eleitoral (TSE), e feita em várias etapas. Os municípios selecionados concentram o maior contingente do eleitorado do estado, garantindo que uma parcela significativa do eleitorado total tenha a possibilidade de ser contemplada pela pesquisa. Em cada município selecionado, a amostra foi alocada proporcionalmente ao tamanho do seu eleitorado em relação ao total do eleitorado do conjunto de municípios abrangidos pela pesquisa. Finalmente, os entrevistados são selecionados para responder ao questionário, de acordo com cotas proporcionais de sexo, faixa etária, grau de instrução e nível de rendimentos, garantindo a representatividade demográfica da amostra. Atributos de cotas: Masculino (871|48,4%), Feminino (929|51,6%); IDADE: [16 a 24 (330|18,3%), 25 a 34 (410|22,8%), 35 a 44 (360|20,0%), 45 a 59 (413|23,0%), 60 ou + (287|15,9%)]; GRAU DE INSTRUÇÃO: [Analfabeto/ Lê e Escreve (142|7,9%),Ensino Fundamental Completo/ Incompleto (547|30,4%), Ensino Médio Completo/ Incompleto (724|40,2%), Superior Completo/ Incompleto (387|21,5%)]; RENDA FAMILIAR: [Até R$ 3.242,00 (até 2 S.M.) (957|53,2%), Acima de R$ 3.242,00 a R$ 8.105,00 (mais de 2 a 5 S.M.) (561|31,2%), Acima de R$ 8.105,00 a R$ 16.210,00 (mais de 5 a 10 S.M.) (210|11,6%), Mais de R$ 16.210,00 (mais de 10 S.M.) (72|4,0%)]. Onde: S.M.: salários-mínimos. Com o objetivo de assegurar maior aderência da amostra às características da população, há a possibilidade de aplicar o procedimento de ponderação estatística (peso amostral), ajustando as proporções dos estratos conforme parâmetros populacionais. Os pesos amostrais calculados consideram o eleitorado do público-alvo desta pesquisa. A definição e seleção da amostra fundamentam-se em dados do IBGE( incluindo o Censo 2022, a PNADc Anual 2025 1ª visita e a Estimativa Populacional 2025 ), além de Estatísticas mensais: Eleitorado mensal: TSE 2026 ( Última atualização: 01.09.2026 - 15:17 ) e Cálculos estatísticos para definição da amostra e seu particionamento. A escolha da PNAD Contínua como referência para obter a composição do eleitorado segundo grau de instrução, se justifica por ela representar a fonte oficial mais recente disponível para mensurar o nível de instrução da população brasileira. Além disso, seu uso permite contornar as limitações associadas à falta de atualização obrigatória e periódica dos dados de escolaridade constantes no cadastro eleitoral do Tribunal Superior Eleitoral.";"O controle estatístico e qualitativo da pesquisa será baseado na verificação dos dados coletados pelo Instituto de Pesquisa, que poderá, a qualquer momento, solicitar informações, acompanhar a aplicação dos questionários e submeter os dados coletados a análises e controles estatísticos e qualitativos, com a finalidade de validar ou não as entrevistas realizadas. Os pesquisadores envolvidos na realização desta pesquisa são treinados pelo Instituto de Pesquisa e recebem instruções específicas para cada projeto realizado, com foco na aplicação dos critérios e procedimentos destinados a garantir a qualidade metodológica e o controle estatístico dos resultados. São checados, no mínimo, 20% dos questionários aplicados, seja in loco por supervisores de campo, seja posteriormente por telefone. Internamente, todo o material é verificado, codificado e digitado. Antes do processamento final, realiza-se a conferência da tabulação para verificação da consistência dos dados, bem como a anonimização dos usuários desde a fonte dos dados, assegurando que a apresentação e a manipulação das informações ocorram somente de forma agregada. Dessa forma, são garantidos o consentimento informado, o anonimato e a proteção dos dados dos participantes.";"Baseado nas características do público-alvo, para 1.800 (um mil e oitocentos) eleitores de Acre (AC), considerando uma margem de erro de 2,3 pontos percentuais e 95% de confiança. A margem de erro informada é uma estimativa teórica baseada no tamanho de uma amostra aleatória e no nível de confiança adotado, devendo ser interpretada como referência aproximada. A inferência de resultados passa a ser condicionada a este desenho amostral. A coleta de amostras proporcionais ocorrerá nas seguintes localidades: ACRELÂNDIA, ASSIS BRASIL, BRASILÉIA, BUJARI, CAPIXABA, CRUZEIRO DO SUL, EPITACIOLÂNDIA, FEIJÓ, MÂNCIO LIMA, MANOEL URBANO, MARECHAL THAUMATURGO, PLÁCIDO DE CASTRO, PORTO ACRE, PORTO WALTER, RIO BRANCO, RODRIGUES ALVES, SENA MADUREIRA, SENADOR GUIOMARD, TARAUACÁ, XAPURI."
"28/09/2026";"05:46:54";2026;81;"Eleições Gerais 2026";"AC";"AC";"ACRE";"AC091062026";"2026-08-21 10:05:06";"N";"22445600000104";"QUAEST PESQUISAS, CONSULTORIA E PROJETOS LTDA.";"#NULO#";"Governador, Senador";"2026-08-23 00:00:00";"2026-08-26 00:00:00";"2026-08-27 00:00:00";804;"6731";"Margarida Maria de Mendonca";"134871,00";"Pesquisa quantitativa, de survey, que consiste na realização de entrevistas pessoais, domiciliares e presenciais, conduzidas por profissionais treinados, com a aplicação de questionários estruturados a uma amostra representativa da população votante de 16 anos ou mais residente no estado do Acre. O desenho amostral aplicado combina sorteio probabilístico de municípios e de setores censitários fornecidos pelo IBGE (unidades territoriais homogêneas, de tamanho similar a quadras ou blocos), dentro dos quais serão selecionadas pessoas respondentes por meio de cotas amostrais.
";"O público pesquisado é composto por eleitores de 16 anos ou mais residentes na área de abrangência da pesquisa. Para produzir uma amostra representativa desse público-alvo, utilizamos um desenho amostral por conglomerados que prevê três estágios. No primeiro estágio, é feito um sorteio probabilístico de municípios para comporem a amostra por meio do método PPT (Probabilidade Proporcional ao Tamanho) a partir de suas populações votantes acima de 16 anos. Dentro da lista de municípios sorteados, no segundo estágio, é realizado um sorteio probabilístico por meio do método PPT (Probabilidade Proporcional ao Tamanho) de setores censitários a serem visitados pelos entrevistadores, sorteio que tem como base o total de habitantes residentes nos setores de acordo com dados do Censo de 2022, o que garante a dispersão aleatória e estatística da amostra dentro dos territórios municipais, independentemente de divisões administrativas. Finalmente, dentro da lista de setores censitários sorteados, no último estágio são selecionados domicílios e pessoas a serem entrevistadas utilizando-se cotas amostrais para as seguintes variáveis: sexo, idade, renda familiar e escolaridade. O perfil da amostra, definido pelas cotas previstas, é o seguinte:

Sexo: Masculino (48%); Feminino (52%). 
Faixa etária: 16-34 anos (41%); 35-59 anos (43%); 60 ou mais (16%). 
Renda domiciliar total, incluindo pensões, benefícios e rendimentos de trabalhos informais: Até 2 salários-mínimos (48%); Mais de 2 a 5 salários-mínimos (37%); Mais de 5 salários-mínimos (15%). 
Nível de instrução: Até Fundamental completo ou médio incompleto (46%); Médio completo ou superior incompleto (37%); Superior completo ou mais (17%). 

Fonte dos dados: para a distribuição de sexo e idade, TSE-Tribunal Superior Eleitoral - julho/2026; para a malha de setores censitários, Censo 2022 (IBGE); para a distribuição de renda domiciliar, PNADc Anual 2025, 1ª visita (IBGE); e, para a distribuição de escolaridade/instrução, PNADc trimestral 1-2026 (IBGE). A PNADc é utilizada por ser a fonte oficial mais atualizada de rendimentos do país, incluindo rendimentos informais, pensões, entre outros, e corrigindo as defasagens temporais do Censo 2022, além de ser a fonte mais atualizada de nível de instrução da população com 16 anos ou mais dada ausência de atualização obrigatória da escolaridade no registro de eleitores do TSE.

Está prevista eventual pós-estratificação da amostra, por meio de algoritmos de calibração (rake) e modelos (MrP), para correção de estimativas e das distribuições das variáveis sexo, idade, renda familiar e escolaridade, com base nos percentuais anteriormente mencionados, caso ocorram diferenças entre os percentuais previstos na amostra e a coleta de dados realizada. 

Dentro do público-alvo anteriormente descrito, serão realizadas 804 entrevistas. O nível de confiança das estimativas é de 95% e a margem de erro máxima prevista, atendendo às diretivas do TSE e usando o cálculo para amostra aleatória simples (AAS) como aproximação, é de cerca de 3 pontos percentuais para mais ou para menos em relação aos totais da amostra.
";"As entrevistas serão realizadas por uma equipe de entrevistadores devidamente qualificada, com experiência e treinamento em pesquisa de opinião pública. Todo trabalho é feito em tablets ou outros dispositivos eletrônicos. Após a realização da coleta de dados, as entrevistas junto aos respondentes são checadas por meio de procedimentos de consistência e de georreferenciamento dos locais de aplicação em tempo real. Adicionalmente, ao longo e após os trabalhos de campo, é realizada uma fiscalização que consiste na checagem de áudio de uma amostra de 30% dos questionários aplicados para verificação das respostas e da adequação dos entrevistados aos parâmetros amostrais.
";"A área de abrangência da coleta é o território do estado do Acre. A relação do número de pessoas pesquisadas nas áreas de aplicação da pesquisa, discriminadas por município, bairros e setores censitários a partir dos identificadores utilizados pelo IBGE, além da composição do eleitorado entrevistado na área de abrangência quanto a gênero, idade, grau de instrução e nível econômico, constará em anexo. O mapa com os códigos destes setores censitários e as áreas que delimitam no país todo podem ser conferidos na seguinte fonte oficial: https://censo2022.ibge.gov.br/panorama/mapas.html?localidade=&recorte=setores_censitarios"
"28/09/2026";"05:46:54";2026;81;"Eleições Gerais 2026";"AC";"AC";"ACRE";"AC080982026";"2026-03-19 00:32:14";"N";"02170847000140";"DATA CONTROL INSTITUTO DE PESQUISA LTDA - ME";"DATA CONTROL INSTITUTO DE PESQUISA";"Governador, Senador, Deputado Federal, Deputado Estadual";"2026-03-17 00:00:00";"2026-03-20 00:00:00";"2026-03-25 00:00:00";600;"11239";"JOSÉ AILTON ALENCAR DA SILVA";"15000,00";"Será realizada pesquisa quantitativa  , com objetivo  de caracterizar a opinião política do público-alvo e quantificar a intenção de voto para as eleições Gerais de 2026. Para consecução da pesquisa, será aplicado questionário padrão survey 100% digital e geolocalizado contendo perguntas espontâneas e estimuladas, conforme as necessidades requeridas. As entrevistas são pessoais e individuais, face-a-face, ao público-alvo determinado no plano amostral, com coleta de dados em zonas de trânsito de pessoas e/ou em residências. Será coletada uma amostra proporcional às estatísticas demográficas (cotas/zoneamento/ponderação) do município de Rio Branco (AC) em conformidade às áreas geográficas previamente determinadas, utilizando assim uma amostragem representativa da população eleitora (cidadão) residente e que irá votar no  município de Rio Branco (AC) com idade acima dos 16 anos, de ambos os sexos, dos vários graus de instrução (escolaridade) e das classes de rendimentos familiares, aptas ao voto em 2026. A coleta em campo é realizada por equipe competente e treinada para execução deste tipo de pesquisa.
";"O público-alvo são os Eleitores com 16 anos ou mais, residente no município selecionado para a pesquisa, Rio Branco (AC). A amostra necessária para esta pesquisa é de 600(oitocentos) eleitores do Rio Branco (AC), considerando uma margem de erro de 4 pontos percentuais e 95% de confiança. A margem de erro informada é uma estimativa teórica baseada no tamanho da amostra e no nível de confiança adotado, devendo ser interpretada como referência. A inferência de resultados passa a ser condicionada a este desenho amostral. A amostragem é feita em várias etapas, considerando os dados do eleitorado para o município de Rio Branco (AC), conforme parâmetros oficiais do TSE. Os eleitores foram estratificados conforme localidades selecionados pelo executor da pesquisa. Em cada localidade selecionado, a amostra foi alocada proporcional ao tamanho do eleitorado daquela localidade em relação ao total do eleitorado do município. Finalmente, os entrevistados são selecionados para responder ao questionário, de acordo com cotas de sexo, faixa etária, grau de instrução e rendimentos. Atributos de cotas: Masculino (46,1%), Feminino (53,9%); IDADE: [16 a 24 (89|14,8%), , 25 a 34 (133|22,2%), 35 a 44 (129|21,5%), 45 a 59 (148|24,7%), 60 ou + (101|16,8%)]; GRAU DE INSTRUÇÃO: [Analfabeto (22|3,7%), Lê e Escreve (30|5,0%), Ensino Fundamental Incompleto (93|15,5%), Ensino Fundamental Completo (30|5,0%), Ensino Médio Incompleto (113|18,8%), Ensino Médio Completo (177|29,5%), Superior Incompleto (55|9,2%), Superior Completo (80|13,3%)]; RENDA FAMILIAR: [Até R$ 3.322,00 (até 2 S.M.) (538|89,7%), , Acima de R$ 3.322,00 a R$ 8.305,00 (mais de 2 a 5 S.M.) (52|8,7%), Acima de R$ 8.305,00 a R$ 16.610,00 (mais de 5 a 10 S.M.) (8|1,3%), Mais de R$ 16.610,00 (mais de 10 S.M.) (2|0,3%)]. Onde: S.M.: salários-mínimos.Com o objetivo de assegurar maior aderência da amostra às características da população, foi aplicado procedimento de ponderação estatística (peso amostral), ajustando as proporções dos estratos conforme parâmetros populacionais. Os pesos amostrais foram calculados considerando exclusivamente o eleitorado desses municípios, de forma a respeitar o plano amostral efetivamente executado . A definição e seleção da amostra fundamentam-se em dados do IBGE( incluindo o Censo 2022, a PNADC 2024 e a Estimativa Populacional 2025 ), além de Estatísticas mensais: Eleitorado mensal: TSE 2026 (Última atualização TSE: 01.03.2026 - 20:46) e Cálculos estatísticos para definição da amostra e seu particionamento.";"Os pesquisadores envolvidos na realização desta pesquisa são treinados pelo Instituto de Pesquisa e recebem instruções específicas para cada projeto realizado. São checados, no mínimo, 20% dos questionários aplicados, seja in loco por supervisores de campo ou, posteriormente, por telefone. Internamente, todo o material é verificado, codificado, digitado e, antes do processamento final, realiza-se a conferência da tabulação (consistência dos dados).
";"Baseado nas características do público-alvo, para 600(oitocentos) eleitores do Rio Branco (AC), considerando uma margem de erro de 4 pontos percentuais e 95% de confiança. A margem de erro informada é uma estimativa teórica baseada no tamanho da amostra e no nível de confiança adotado, devendo ser interpretada como referência. A inferência de resultados passa a ser condicionada a este desenho amostral. A coleta de amostras proporcionas ocorrerá nas  seguintes localidades: Rio Branco - R Vila Acre, Rio Branco - R Belo Jardim, Rio Branco - R 6 de Agosto, Rio Branco - R Cadeia Velha, Rio Branco - R São Francisco, Rio Branco - R Estação Experimental, Rio Branco - R Tancredo Neves, Rio Branco - R Floresta, Rio Branco - R Joao Eduardo.
"
"28/09/2026";"05:46:54";2026;81;"Eleições Gerais 2026";"AC";"AC";"ACRE";"AC090562026";"2026-05-31 19:22:34";"N";"08984712000102";"F. FACANHA DE ALMEIDA";"DELTA AGENCIA DE PESQUISA";"Governador, Senador";"2026-06-01 00:00:00";"2026-06-06 00:00:00";"2026-06-06 00:00:00";1200;"8631";"Alexandre Vasconcelos Lima";"36000,00";"Pesquisa do tipo quantitativa (survey), por amostragem por cotas, com aplicação de questionário face-a-face estruturado por entrevistadores treinados. O conjunto do eleitorado do Estado do Acre-AC com 16 anos ou mais foi tomado como universo da pesquisa.";"Quantitativo eleitoral: 572.627 eleitores (Fonte: Tribunal Superior Eleitoral, em janeiro/2026). Margem de erro: A margem de erro considerada para essa pesquisa é de 3,0 pontos percentuais. O intervalo de confiança é de 95%. Coleta de dados: Entrevistas pessoais através de questionário estruturado, contendo perguntas filtro a fim de entrevistar somente o público-alvo desejado. Os entrevistadores serão contratados e treinados pela empresa. O processo de coleta de dados será monitorado pelos supervisores. Análise dos dados: A análise estatística dos dados será feita em duas etapas. Em primeiro lugar, será elaborada a análise exploratória dos dados, análise univariada e bivariada dos dados. Após a primeira etapa, serão feitas a inferência estatística e as análises filtradas por sexo e outras variáveis de perfil. Tamanho da amostra: Serão entrevistados 1200 (hum mil e duzentos) eleitores distribuídos proporcionalmente os critérios município, sexo e faixa etária (arquivo anexo). Sendo: 1) 16 a 24 anos, masculino 8,6%, feminino 8,8%; 2) 25 a 34 anos, masculino 10,8%, feminino 12,2%; 3) 35 a 44 anos, masculino 9,7%%, feminino 10,8%; 4) 45 a 59 anos, masculino 11,2%, feminino 12,0%; 5) 60 anos ou +, masculino 7,7%, feminino 8,2%. A pesquisa é autoponderada em relação às variáveis: grau de instrução e renda, ou seja, a proporção do universo pesquisa é o mesmo daquele encontrado na amostra não sendo necessário nenhum tipo de ponderação.";"Sistema interno de controle e verificação, conferência e fiscalização da coleta de dados e do trabalho de campo: Após a coleta de dados é realizada uma fiscalização, na sede da empresa, através de contato telefônico, que consiste na checagem de 10% das entrevistas aplicadas, tendo a finalidade de verificar a veracidade e os procedimentos adotados pelo pesquisador durante a aplicação da entrevista, checando as respostas e os parâmetros amostrais. Constatando-se irregularidades, volta-se a campo para corrigi-las. Internamente todo material é criticado, codificado, digitado e, antes do processamento final, realiza-se a conferência da digitação.";"A pesquisa abrange os municípios de Acrelândia, Assis Brasil, Brasiléia, Bujari, Capixaba, Cruzeiro do Sul, Epitaciolândia, Feijó, Mâncio Lima, Maniel Urbano, Plácido de Castro, Porto Acre, Rio Branco, Rodrigues Alves, Sena Madureira, Senador Guiomard, Tarauacá, Xapuri."
"28/09/2026";"05:46:54";2026;81;"Eleições Gerais 2026";"AC";"AC";"ACRE";"AC094662026";"2026-08-21 20:35:28";"S";"44338241000110";"INSTITUTO NOVO PERFIL PESQUISAS LTDA";"PERFIL PESQUISAS";"Governador, Senador, Deputado Federal, Deputado Estadual";"2026-08-20 00:00:00";"2026-08-27 00:00:00";"2026-08-27 00:00:00";1430;"11239";"JOSE AILTON ALENCAR DA SILVA";"55000,00";"Será realizada uma pesquisa de natureza quantitativa e qualitativa, com o objetivo de caracterizar o perfil ideológico do público-alvo e mensurar a intenção de voto para as Eleições Gerais de 2026. A metodologia adotada consiste em um levantamento padrão survey, totalmente digital e geolocalizado, aplicado de forma pessoal e individual, face-a-face, ao público-alvo determinado no plano amostral, com coleta de dados em zonas de trânsito de pessoas e/ou em residências, contendo questões espontâneas e estimuladas. A amostra será estratificada e proporcional aos dados demográficos do estado do Acre (AC), respeitando critérios de gênero, faixa etária (acima de 16 anos), nível de instrução e faixas de renda familiar. A coleta de dados seguirá o zoneamento geográfico por microrregião previamente estabelecido, garantindo a representatividade do eleitorado residente e apto a votar, sendo executada por uma equipe técnica especializada e treinada para este fim.
";"  O público-alvo desta pesquisa engloba o eleitorado do estado do Acre (AC) com idade igual ou superior a 16 anos. A amostra necessária para esta pesquisa é de 1430 (um mil quatrocentos e trinta) eleitores do Acre (AC), considerando uma margem de erro de 2,5 pontos percentuais e 95% de confiança. A margem de erro informada é uma estimativa teórica baseada no tamanho da amostra e no nível de confiança adotado, devendo ser interpretada como referência. A inferência de resultados passa a ser condicionada a este desenho amostral.A amostragem é definida com base nos dados oficiais do eleitorado do estado do Acre, estratificados conforme os parâmetros do Tribunal Superior Eleitoral (TSE), e feita em várias etapas. A estratificação primária seguiu as cinco microrregiões do estado (Rio Branco,Brasiléia,Sena Madureira,Cruzeiro do Sul e Tarauacá), assegurando que todas as macrorregiões do território estivessem representadas. Em cada microrregião foram selecionados os municípios de maior eleitorado, de modo a abranger a maior parcela possível do eleitorado regional. Em cada município selecionado, a amostra foi alocada proporcionalmente ao tamanho do seu eleitorado em relação ao total do eleitorado do conjunto de municípios abrangidos pela pesquisa. Finalmente, os entrevistados são selecionados para responder ao questionário, de acordo com cotas proporcionais de sexo, faixa etária, grau de instrução e nível de rendimentos, garantindo a representatividade demográfica da amostra. Atributos de cotas: Masculino (692|48,4%), Feminino (738|51,6%); IDADE: [16 a 17 (33|2,3%), 18 a 24 (229|16,0%), 25 a 34 (326|22,8%), 35 a 44 (286|20,0%), 45 a 59 (328|23,0%), 60 ou + (228|15,9%)]; GRAU DE INSTRUÇÃO: [Ensino Fundamental Completo (67|4,7%), Ensino Fundamental Incompleto (274|19,1%), Ensino Médio Completo (345|24,1%), Ensino Médio Incompleto (289|20,2%), Lê e Escreve (127|8,9%), Superior Completo (136|9,5%), Superior Incompleto (87|6,0%)]; RENDA FAMILIAR: [Até R$ 1.621,00 (até 1 S.M.) (280|19,6%), Acima de R$ 1.621,00 a R$ 3.242,00 (mais de 1 a 2 S.M.) (422|29,5%), Acima de R$ 3.242,00 a R$ 8.105,00 (mais de 2 a 5 S.M.) (504|35,2%), Acima de R$ 8.105,00 a R$ 16.210,00 (mais de 5 a 10 S.M.) (166|11,6%), Mais de R$ 16.210,00 (mais de 10 S.M.) (58|4,1%)]. Onde: S.M.: salários-mínimos.Com o objetivo de assegurar maior aderência da amostra às características da população, há a possibilidade de aplicar o procedimento de ponderação estatística (peso amostral), ajustando as proporções dos estratos conforme parâmetros populacionais. Os pesos amostrais calculados consideram o eleitorado do público-alvo desta pesquisa. A definição e seleção da amostra fundamentam-se em dados do IBGE( incluindo o Censo 2022, a PNADc Anual 2025 1ª visita  e a Estimativa Populacional 2025 ), além de Estatísticas mensais: Eleitorado mensal: TSE 2026 ( Última atualização: 03.08.2026 - 11:37 ) e Cálculos estatísticos para definição da amostra e seu particionamento.
";"O controle estatístico e qualitativo da pesquisa será baseado na verificação dos dados coletados pelo Instituto de Pesquisa, que poderá, a qualquer momento, solicitar informações, acompanhar a aplicação dos questionários e submeter os dados coletados a análises e controles estatísticos e qualitativos, com a finalidade de validar ou não as entrevistas realizadas. Os pesquisadores envolvidos na realização desta pesquisa são treinados pelo Instituto de Pesquisa e recebem instruções específicas para cada projeto realizado, com foco na aplicação dos critérios e procedimentos destinados a garantir a qualidade metodológica e o controle estatístico dos resultados. São checados, no mínimo, 20% dos questionários aplicados, seja in loco por supervisores de campo, seja posteriormente por telefone. Internamente, todo o material é verificado, codificado e digitado. Antes do processamento final, realiza-se a conferência da tabulação para verificação da consistência dos dados, bem como a anonimização dos usuários desde a fonte dos dados, assegurando que a apresentação e a manipulação das informações ocorram somente de forma agregada. Dessa forma, são garantidos o consentimento informado, o anonimato e a proteção dos dados dos participantes.
";"Baseado nas características do público-alvo, para 1430 (um mil quatrocentos e trinta) eleitores do Acre (AC), considerando uma margem de erro de 2,5 pontos percentuais e 95% de confiança. A margem de erro informada é uma estimativa teórica baseada no tamanho da amostra e no nível de confiança adotado, devendo ser interpretada como referência. A inferência de resultados passa a ser condicionada a este desenho amostral. A coleta de amostras proporcionais ocorrerá nas seguintes localidades: BRASILÉIA, CRUZEIRO DO SUL, EPITACIOLÂNDIA, FEIJÓ, RIO BRANCO, SENA MADUREIRA, TARAUACÁ, XAPURI."
"28/09/2026";"05:46:54";2026;81;"Eleições Gerais 2026";"AC";"AC";"ACRE";"AC049142026";"2026-06-12 18:12:27";"S";"22345021000181";"REAL TIME MIDIA LTDA";"REAL TIME BIG DATA";"Governador, Senador";"2026-06-16 00:00:00";"2026-06-17 00:00:00";"2026-06-18 00:00:00";1600;"10839";"Isabela Zara Cremoneze";"64000,00";"Pesquisa quantitativa, que consiste na realização de entrevistas pessoais, com a aplicação de questionário estruturado junto a uma amostra representativa do eleitorado em estudo. Pesquisa realizada no Estado do Acre (AC).";"Representativo do eleitorado da área em estudo, elaborada em três estágios. 
No primeiro estágio, realiza-se um sorteio probabilístico dos municípios onde as entrevistas serão realizadas, pelo método PPT (Probabilidade Proporcional ao Tamanho), tomando a população eleitora de 16 anos ou mais residente nos municípios como base para essa seleção.
No segundo estágio, efetua-se um sorteio probabilístico das localidades dentro dos municípios selecionados, também pelo método PPT (Probabilidade Proporcional ao Tamanho), considerando a população eleitora de 16 anos ou mais residente nessas localidades como base para a seleção.
No terceiro e último estágio, dentro das localidades sorteadas, os respondentes são selecionados por meio de quotas amostrais proporcionais, em função de variáveis significativas, a saber:

GÊNERO:
Feminino: 51,63%;
Masculino: 48,37%.
(Fonte: TSE, Maio/2026 -- https://sig.tse.jus.br/ords/dwapr/r/seai/sig-eleitor-eleitorado-mensal/cruzamento-eleitorado-mensal?p24_metricas=E&p24_back=22&p24_cruzamento_1=ds_sexo&clear=24&session=210546579963076)
FAIXA ETÁRIA:
16 anos: 1,11%;
17 anos: 1,65%;
18 a 20 anos: 6,68%;
21 a 24 anos: 9,54%;
25 a 34 anos: 22,70%;
35 a 44 anos: 20,08%;
45 a 59 anos: 22,70%;
60 a 69 anos: 8,65%;
70 a 79 anos: 4,76%;
Superior a 79 anos: 2,14%.
(Fonte: TSE, Maio/2026 -- https://sig.tse.jus.br/ords/dwapr/r/seai/sig-eleitor-eleitorado-mensal/cruzamento-eleitorado-mensal?p24_cruzamento_1=ds_faixa_etaria&p24_metricas=E&p24_back=22&clear=24&session=210546579963076)
ESCOLARIDADE:
Analfabeto: 7,37%;
Lê e Escreve: 8,87%;
Ensino Fundamental Incompleto: 19,14%;
Ensino Fundamental Completo: 4,68%;
Ensino Médio Incompleto: 20,26%;
Ensino Médio Completo: 24,09%;
Ensino Superior Incompleto: 6,05%;
Ensino Superior Completo: 9,54%.
(Fonte: TSE, Maio/2026 -- https://sig.tse.jus.br/ords/dwapr/r/seai/sig-eleitor-eleitorado-mensal/cruzamento-eleitorado-mensal?p24_cruzamento_1=ds_grau_instrucao&p24_metricas=E&p24_back=22&clear=24&session=210546579963076)
RENDA DOMICILIAR MENSAL:
Sem rendimento: 7,27%;
Até 1/2 Salário Mínimo: 6,47%;
Mais de 1/2 a 1 Salário Mínimo: 19,49%;
Mais de 1 a 2 Salários Mínimos: 24,93%;
Mais de 2 a 5 Salários Mínimos: 26,48%;
Mais de 5 a 10 Salários Mínimos: 10,03%;
Mais de 10 a 20 Salários Mínimos: 3,84%;
Mais de 20 Salários Mínimos: 1,49%.
(Fonte: IBGE (Censo/2010) - https://cidades.ibge.gov.br/brasil/ac/pesquisa/23/24304?detalhes=true)

Observação: De acordo com informações do Instituto Brasileiro de Geografia e Estatística (IBGE), não há previsão de data para a divulgação do perfil econômico da população brasileira do CENSO 2022. Portanto, os dados sobre o nível econômico obtidos no Censo 2022 não podem ser utilizados, pois ainda não foram publicados.
Está prevista eventual ponderação para correção das variáveis sexo e idade, com base nos percentuais anteriormente mencionados, caso ocorram diferenças superiores a 3 pontos percentuais entre o previsto na amostra e a coleta de dados realizada. Para as variáveis de grau de instrução e nível econômico do entrevistado, o fator previsto para ponderação é 1 (resultados obtidos em campo). O nível de confiança estimado é de 95% e a margem de erro máxima estimada considerando um modelo de amostragem aleatório simples, é de aproximadamente 2 (dois) pontos percentuais para mais ou para menos sobre os resultados encontrados no total da amostra.
";"O trabalho de coleta de dados é acompanhado presencialmente por supervisores. São selecionados aleatoriamente 15% (quinze por cento) dos questionários para uma verificação posterior com ligações telefônicas para os números indicados nos formulários, em caso de dúvida, o formulário é descartado e o entrevistador chamado para esclarecimentos.";"O anexo do arquivo com os bairros será realizado até o dia seguinte da divulgação conforme indicado no §7º. do art. 2º. da Resolução-TSE nº. 23.600/2019."
"28/09/2026";"05:46:54";2026;81;"Eleições Gerais 2026";"AC";"AC";"ACRE";"AC099672026";"2026-05-18 05:47:12";"N";"08984712000102";"F. FACANHA DE ALMEIDA";"DELTA AGENCIA DE PESQUISA";"Governador, Senador";"2026-05-13 00:00:00";"2026-05-16 00:00:00";"2026-05-24 00:00:00";800;"8631";"Alexandre Vasconcelos Lima";"18000,00";"Pesquisa do tipo quantitativa (survey), por amostragem por cotas, com aplicação de questionário face-a-face estruturado por entrevistadores treinados. O conjunto do eleitorado do Estado do Acre-AC com 16 anos ou mais foi tomado como universo da pesquisa.";"Quantitativo eleitoral: 572.627 eleitores (Fonte: Tribunal Superior Eleitoral, em janeiro/2026). Margem de erro: A margem de erro considerada para essa pesquisa é de 3,5 pontos percentuais. O intervalo de confiança é de 95%. Coleta de dados: Entrevistas pessoais através de questionário estruturado, contendo perguntas filtro a fim de entrevistar somente o público-alvo desejado. Os entrevistadores serão contratados e treinados pela empresa. O processo de coleta de dados será monitorado pelos supervisores. Análise dos dados: A análise estatística dos dados será feita em duas etapas. Em primeiro lugar, será elaborada a análise exploratória dos dados, análise univariada e bivariada dos dados. Após a primeira etapa, serão feitas a inferência estatística e as análises filtradas por sexo e outras variáveis de perfil. Tamanho da amostra: Serão entrevistados 1006 (hum mil e seis) eleitores distribuídos proporcionalmente os critérios município, sexo e faixa etária (arquivo anexo). Sendo: 1) 16 a 24 anos, masculino 8,6%, feminino 8,8%; 2) 25 a 34 anos, masculino 10,8%, feminino 12,2%; 3) 35 a 44 anos, masculino 9,7%%, feminino 10,8%; 4) 45 a 59 anos, masculino 11,2%, feminino 12,0%; 5) 60 anos ou +, masculino 7,7%, feminino 8,2%. A pesquisa é autoponderada em relação às variáveis: grau de instrução e renda, ou seja, a proporção do universo pesquisa é o mesmo daquele encontrado na amostra não sendo necessário nenhum tipo de ponderação.";"Sistema interno de controle e verificação, conferência e fiscalização da coleta de dados e do trabalho de campo: Após a coleta de dados é realizada uma fiscalização, na sede da empresa, através de contato telefônico, que consiste na checagem de 10% das entrevistas aplicadas, tendo a finalidade de verificar a veracidade e os procedimentos adotados pelo pesquisador durante a aplicação da entrevista, checando as respostas e os parâmetros amostrais. Constatando-se irregularidades, volta-se a campo para corrigi-las. Internamente todo material é criticado, codificado, digitado e, antes do processamento final, realiza-se a conferência da digitação.";"Relação de municípios e a respectiva distribuição da amostra em anexo."
"28/09/2026";"05:46:54";2026;81;"Eleições Gerais 2026";"AC";"AC";"ACRE";"AC072722026";"2026-09-12 17:00:30";"S";"02170847000140";"DATA CONTROL INSTITUTO DE PESQUISA LTDA - ME";"DATA CONTROL INSTITUTO DE PESQUISA";"Governador, Senador, Deputado Federal, Deputado Estadual";"2026-09-12 00:00:00";"2026-09-16 00:00:00";"2026-09-18 00:00:00";1356;"11239";"JOSE AILTON ALENCAR DA SILVA";"15000,00";"Será realizada uma pesquisa de natureza quantitativa e qualitativa, com o objetivo de caracterizar o perfil ideológico do público-alvo e mensurar a intenção de voto para as Eleições Gerais de 2026. A metodologia adotada consiste em um levantamento padrão survey, totalmente digital e geolocalizado, aplicado de forma pessoal e individual, face-a-face, ao público-alvo determinado no plano amostral, com coleta de dados em zonas de trânsito de pessoas e/ou em residências, contendo questões espontâneas e estimuladas. A amostra será estratificada e proporcional aos dados demográficos do estado do Acre (AC), respeitando critérios de gênero, faixa etária (acima de 16 anos), nível de instrução e faixas de renda familiar. A coleta de dados seguirá o zoneamento geográfico previamente estabelecido, garantindo a representatividade do eleitorado residente e apto a votar, sendo executada por uma equipe técnica especializada e treinada para este fim.";"O público-alvo desta pesquisa engloba o eleitorado do estado do Acre (AC) com idade igual ou superior a 16 anos. A amostra necessária para esta pesquisa é de 1.356 (um mil trezentos e cinquenta e seis) eleitores de Acre (AC), considerando uma margem de erro de 2,6 pontos percentuais e 95% de confiança. A margem de erro informada é uma estimativa teórica baseada no tamanho de uma amostra aleatória e no nível de confiança adotado, devendo ser interpretada como referência aproximada. A inferência de resultados passa a ser condicionada a este desenho amostral.A amostragem é definida com base nos dados oficiais do eleitorado do estado do Acre, estratificados conforme os parâmetros do Tribunal Superior Eleitoral (TSE), e feita em várias etapas. Os municípios selecionados concentram os maiores contingentes do eleitorado do estado, garantindo que uma parcela significativa do eleitorado total tenha a possibilidade de ser contemplada pela pesquisa. Em cada município selecionado, a amostra foi alocada proporcionalmente ao tamanho do seu eleitorado em relação ao total do eleitorado do conjunto de municípios abrangidos pela pesquisa. Finalmente, os entrevistados são selecionados para responder ao questionário, de acordo com cotas proporcionais de sexo, faixa etária, grau de instrução e nível de rendimentos, garantindo a representatividade demográfica da amostra. Atributos de cotas: Masculino (656|48,4%), Feminino (700|51,6%); IDADE: [16 a 24 (248|18,3%), 25 a 34 (309|22,8%), 35 a 44 (272|20,0%), 45 a 59 (311|23,0%), 60 ou + (216|15,9%)]; GRAU DE INSTRUÇÃO: [Analfabeto/ Lê e Escreve (107|7,9%),Ensino Fundamental Completo/ Incompleto (412|30,4%), Ensino Médio Completo/ Incompleto (545|40,2%), Superior Completo/ Incompleto (292|21,5%)]; RENDA FAMILIAR: [Até R$ 3.242,00 (até 2 S.M.) (721|53,2%), Acima de R$ 3.242,00 a R$ 8.105,00 (mais de 2 a 5 S.M.) (423|31,2%), Acima de R$ 8.105,00 a R$ 16.210,00 (mais de 5 a 10 S.M.) (158|11,6%), Mais de R$ 16.210,00 (mais de 10 S.M.) (54|4,0%)]. Onde: S.M.: salários-mínimos.Com o objetivo de assegurar maior aderência da amostra às características da população, há a possibilidade de aplicar o procedimento de ponderação estatística (peso amostral), ajustando as proporções dos estratos conforme parâmetros populacionais das variáveis: Sexo, Faixa Etária, Escolaridade, Renda e Município. Os pesos amostrais calculados consideram o eleitorado do público-alvo desta pesquisa. A definição e seleção da amostra fundamentam-se em dados do IBGE( incluindo o Censo 2022, a PNADc Anual 2025 1ª visita e a Estimativa Populacional 2025 ), além de Estatísticas mensais: Eleitorado mensal: TSE 2026 ( Última atualização: 01.09.2026 - 15:17 ) e Cálculos estatísticos para definição da amostra e seu particionamento. A escolha da PNAD Contínua como referência para obter a composição do eleitorado segundo grau de instrução, se justifica por ela representar a fonte oficial mais recente disponível para mensurar o nível de instrução da população brasileira. Além disso, seu uso permite contornar as limitações associadas à falta de atualização obrigatória e periódica dos dados de escolaridade constantes no cadastro eleitoral do Tribunal Superior Eleitoral.";"O controle estatístico e qualitativo da pesquisa será baseado na verificação dos dados coletados pelo Instituto de Pesquisa, que poderá, a qualquer momento, solicitar informações, acompanhar a aplicação dos questionários e submeter os dados coletados a análises e controles estatísticos e qualitativos, com a finalidade de validar ou não as entrevistas realizadas. Os pesquisadores envolvidos na realização desta pesquisa são treinados pelo Instituto de Pesquisa e recebem instruções específicas para cada projeto realizado, com foco na aplicação dos critérios e procedimentos destinados a garantir a qualidade metodológica e o controle estatístico dos resultados. São checados, no mínimo, 20% dos questionários aplicados, seja in loco por supervisores de campo, seja posteriormente por telefone. Internamente, todo o material é verificado, codificado e digitado. Antes do processamento final, realiza-se a conferência da tabulação para verificação da consistência dos dados, bem como a anonimização dos usuários desde a fonte dos dados, assegurando que a apresentação e a manipulação das informações ocorram somente de forma agregada. Dessa forma, são garantidos o consentimento informado, o anonimato e a proteção dos dados dos participantes.";"Baseado nas características do público-alvo, para 1.356 (um mil trezentos e cinquenta e seis) eleitores de Acre (AC), considerando uma margem de erro de 2,6 pontos percentuais e 95% de confiança. A margem de erro informada é uma estimativa teórica baseada no tamanho de uma amostra aleatória e no nível de confiança adotado, devendo ser interpretada como referência aproximada. A inferência de resultados passa a ser condicionada a este desenho amostral. A coleta de amostras proporcionais ocorrerá nas seguintes localidades: RIO BRANCO (51,2%), CRUZEIRO DO SUL (12,2%), SENA MADUREIRA (5,9%), TARAUACÁ (5,7%), FEIJÓ (4,6%), BRASILÉIA (3,8%), SENADOR GUIOMARD (3,5%), MÂNCIO LIMA (2,8%), XAPURI (2,4%), PLÁCIDO DE CASTRO (2,3%), BUJARI (2,1%), ACRELÂNDIA (1,9%), MANOEL URBANO (1,6%)."
