"DT_GERACAO";"HH_GERACAO";"AA_ELEICAO";"CD_ELEICAO";"NM_ELEICAO";"SG_UF";"SG_UE";"NM_UE";"NR_PROTOCOLO_REGISTRO";"DT_REGISTRO";"ST_PESQUISA_PROPRIA";"NR_CNPJ_EMPRESA";"NM_EMPRESA";"NM_EMPRESA_FANTASIA";"DS_CARGO";"DT_INICIO_PESQUISA";"DT_FIM_PESQUISA";"DT_DIVULGACAO";"QT_ENTREVISTADO";"CD_CONRE";"NM_ESTATISTICO_RESP";"VR_PESQUISA";"DS_METODOLOGIA_PESQUISA";"DS_PLANO_AMOSTRAL";"DS_SISTEMA_CONTROLE";"DS_DADO_MUNICIPIO"
"28/09/2026";"05:46:54";2026;81;"Eleições Gerais 2026";"MG";"MG";"MINAS GERAIS";"MG078652026";"2026-03-26 14:40:56";"N";"52908063000144";"100% CIDADES PARTICIPACOES LTDA";"100 CIDADES";"Governador, Senador";"2026-03-24 00:00:00";"2026-03-27 00:00:00";"2026-04-01 00:00:00";1200;"8140";"Fabíola Miranda von Rondow";"96000,00";"Pesquisa do tipo quantitativa, por amostragem, com aplicação de questionário estruturado realizado por meio telefônico. O universo da pesquisa é o eleitorado do Estado de Minas Gerais com 16 anos ou mais.";"Representativo do eleitorado da área em estudo. A amostra é estratificada por região de moradia, com base na população residente nos municípios. (Fonte dos Dados: Censo IBGE 2022). Dentro das localidades, os respondentes são selecionados aleatoriamente pelo sistema de cotas amostrais em função de variáveis significativas, a saber: Gênero: masculino 47,5%; feminino 52,5% (Fonte dos Dados: TSE- fevereiro/2026 - https://sig.tse.jus.br/ords/dwapr/r/seai/sig-eleitor-eleitorado-mensal/cruzamento-eleitorado-mensal?p24_metricas=E&p24_back=1&clear=24&session=114896491538334- cruzamento 1: Gênero); Faixa etária: 16 a 24 anos, 10,7%; 25 a 34 anos, 18,3%; 35 a 44 anos, 19,3%; 45 a 59 anos, 25,7%; 60 anos ou mais, 26,0% (Fonte dos Dados: TSE- fevereiro/2026 - https://sig.tse.jus.br/ords/dwapr/r/seai/sig-eleitor-eleitorado-mensal/cruzamento-eleitorado-mensal?p24_metricas=E&p24_back=1&clear=24&session=114896491538334- cruzamento 1: Faixa Etária); Para a variável grau de instrução, os dados são: analfabeto/sabe ler e escrever, 10,8%; Ensino fundamental incompleto, 24,3%; Ensino fundamental completo, 6,1%; Ensino médio incompleto, 19,5%; Ensino médio completo, 24,9%; superior incompleto 4,3%; superior completo, 10,1% (Fonte dos dados: fevereiro/2026 - https://sig.tse.jus.br/ords/dwapr/r/seai/sig-eleitor-eleitorado-mensal/cruzamento-eleitorado-mensal?p24_metricas=E&p24_back=1&clear=24&session=114896491538334- cruzamento 1: Grau de instrução); Para a variável nível econômico, a renda familiar: Sem rendimento/até 1 salário-mínimo 20,8%; acima de 1 a 2 salários-mínimos 24,5%; acima de 2 a 5 salários-mínimos 35,4%; acima de 5 a 10 salários-mínimos 12,8%; acima de 10 salários-mínimos 6,5% (Fonte dos dados: Censo IBGE/2010 - https://cidades.ibge.gov.br/brasil/mg/pesquisa/23/24304). Observação: De acordo com informações do Instituto Brasileiro de Geografia e Estatística (IBGE), não há previsão de data para a divulgação do perfil econômico da população brasileira do CENSO 2022. Portanto, considerando que os dados sobre o nível econômico obtidos no Censo 2022 ainda não foram publicados, adotou-se para essa variável os dados disponíveis do Censo IBGE/2010. Está prevista eventual ponderação para correção das variáveis gênero, idade e grau de instrução com base nos percentuais anteriormente mencionados, caso ocorram diferenças superiores a 3 pontos percentuais entre o previsto na amostra e a coleta de dados realizada. Para a variável nível econômico do entrevistado, o fator previsto para ponderação é 1 (resultados obtidos em campo). O tamanho da amostra previsto é de 1200 entrevistas. O nível de confiança estimado é de 95% e a margem de erro máxima estimada considerando um modelo de amostragem aleatório simples, é de 2,8 pontos percentuais para mais ou para menos sobre os resultados encontrados no total da amostra. Os intervalos de confiança serão calculados considerando os resultados obtidos para um nível de confiança de 95%. FONTE DOS DADOS: Censo IBGE (2010 e 2022) | TSE (eleitorado de fevereiro / 2026).";"As entrevistas serão realizadas por uma equipe de entrevistadores qualificados, que receberão treinamento e orientações especificas sobre o questionário e os objetivos da pesquisa, antes de iniciarem a coleta. Durante todo o período de aplicação das entrevistas, os entrevistadores serão monitorados recebendo apoio ou orientações de uma equipe de supervisores, com experiência e treinamento em pesquisas de opinião pública. Serão checados no mínimo 20% (vinte por cento) dos questionários aplicados por cada entrevistador, para a verificação das respostas e adequação dos entrevistados aos parâmetros amostrais. Os dados coletados e tratados nesta pesquisa atendem às exigências da Lei nº 13.709, de 14 de agosto de 2018, a Lei Geral de Proteção de Dados ¿ LGPD, garantindo ao respondente o sigilo de sua identidade e de seus dados pessoais, bem como o correto tratamento de suas respostas.";"A área de abrangência da coleta é o Estado de Minas Gerais. A relação dos municípios selecionados para a pesquisa constará em anexo a ser apresentado até o dia seguinte, a partir do dia em que a pesquisa puder ser divulgada, conforme as Resoluções 23.600/2019, no art. 2º; §7º e 23.727/2024 do TSE."
"28/09/2026";"05:46:54";2026;81;"Eleições Gerais 2026";"MG";"MG";"MINAS GERAIS";"MG037312026";"2026-02-26 16:45:45";"N";"24089028000105";"F5 ATUALIZA DADOS LTDA";"F5 ATUALIZA DADOS";"Governador, Senador";"2026-03-02 00:00:00";"2026-03-05 00:00:00";"2026-03-04 00:00:00";1560;"9.077";"EDMILSON ANTÔNIO PEREIRA JÚNIOR";"6500,00";"A metodologia de pesquisa utilizada é quantitativa, realizada por meio da realização de ligações para telefones fixos e celulares junto a uma amostra de eleitores do estado de Minas Gerais.
";"A amostra de eleitores do estado de Minas Gerais é alocada de forma a considerar todas as Regiões Intermediárias. Dentro de cada Região Intermediária fará parte da amostra: a sede da Região (autorrepresentativa), dois municípios com população de até 30 mil habitantes (Porte 1) e outros dois municípios com população superior a 30 mil habitantes (Porte 2). Os municípios de Porte 1 e Porte 2 foram sorteados aleatoriamente. A quantidade de eleitores entrevistados em cada porte de município é assim definida: sede de Região ¿ 40 entrevistados; município de Porte 1 ¿ 15 entrevistados; e município de Porte 2 ¿ 25 entrevistados. 
A amostra dos eleitores do estado de Minas Gerais também leva em consideração as quotas referentes ao universo pesquisado, disponibilizadas pelos sites do TSE e do IBGE, considerando as variáveis sexo, faixa etária, grau de instrução e nível econômico dos entrevistados. Distribuição da amostra: Sexo (Fonte: TSE-2026): Masculino ¿ 47,5% e Feminino ¿ 52,5%. Faixa etária (Fonte: TSE-2026): Até 24 anos ¿ 10,7%; 25 a 34 anos ¿ 18,3%; 35 a 44 anos ¿ 19,3%; 45 a 59 anos ¿ 25,7%; 60 anos ou mais ¿ 26,0%. Grau de instrução (Fonte: TSE-2026): Analfabeto ¿ 3,9%; Até ensino fundamental incompleto ¿ 31,3%; Ensino fundamental completo ¿ 6,1%; Ensino médio completo ou incompleto ¿ 44,4%, Ensino superior completo ou incompleto ¿ 14,3%. Nível econômico (Fonte: Censo Demográfico 2022 IBGE): Sem rendimento ¿ 0,9%; Até 1 salário mínimo ¿ 37,6%; Mais de 1 a 2 salários mínimo ¿ 33,5%; Mais de 2 a 5 salários mínimo ¿ 21,9%; Mais de 5 a 10 salários mínimo ¿ 4,1% e Mais de 10 salários mínimo ¿ 2,0%
Tamanho da amostra (n): 1.560
Nível de confiança: 95%
Margem de erro estimada: 2,5 pontos percentuais";"Serão checados 20%";"Tamanho da amostra (n): 1.560
Nível de confiança: 95%
Margem de erro estimada: 2,5 pontos percentuais
Estado de Minas Gerais"
"28/09/2026";"05:46:54";2026;81;"Eleições Gerais 2026";"MG";"MG";"MINAS GERAIS";"MG025612026";"2026-03-27 13:35:00";"N";"08894976000167";"INPAC INSTITUTO DE PESQUISAS APLICADAS E CONSULTORIA LTDA - ME";"INPAC";"Governador, Deputado Federal, Deputado Estadual";"2026-03-21 00:00:00";"2026-03-22 00:00:00";"2026-04-02 00:00:00";510;"8782";"Neander Ferreira Almeida";"16500,00";"A presente pesquisa se dará na modalidade quantitativa do tipo survey com 510 eleitores domiciliados no Município de Patos de Minas, Minas Gerais. Salientando que a presente pesquisa é autoponderada, por se embasar em dados estatísticos fornecidos pelo Instituto Brasileiro de Geografia e Estatística (IBGE) e Tribunal Superior Eleitoral (TSE). A abordagem aos entrevistados será de forma direta, ou seja, entrevista pessoal, do tipo face-a-face, domiciliar ou em pontos de fluxo, por meio da utilização de questionário estruturado.";"O Universo desta pesquisa compreende os eleitores de Patos de Minas/MG com idade a partir de 16 anos, residentes em todos os bairros / regiões da cidade. Está prevista a realização de 510 entrevistas, o que fornece uma margem de erro amostral para o resultado total de no máximo 4,4 pontos percentuais (pp) considerando grau de confiança de 95%. As entrevistas serão distribuídas nos bairros e setores censitários com base nas informações do CENSO 2022. As informações sobre gênero, idade, nível de instrução e nível econômico com base em informações do TSE (2024) e CENSO IBGE (2022, 2010). Para a seleção dos entrevistados, o primeiro estágio envolve a distribuição das entrevistas nos bairros e setores censitários de forma proporcional ao tamanho (PPT). Dentro de cada bairro/setor censitário, os entrevistados são selecionados de forma a atender às cotas pré-estabelecidas em função das variáveis gênero, idade, renda e escolaridade. Para a variável gênero, os tamanhos são: 47,17% de eleitores do gênero masculino e 52,83% do gênero feminino. Para a faixa etária: 10,45% para eleitores entre 16 anos e 24 anos, 18,99% entre 25 anos e 34 anos, 18,88% entre 35 anos e 44 anos, 26,16% entre 45 anos e 59 anos e 25,51% com mais de 59 anos. Para renda familiar: 42,56% até 2 salários-mínimos (SM), 39,24% entre 2 e 5 SM e 18,20% acima de 5 SM. Para o grau de instrução, 40,93% com até ensino fundamental completo, 46,03% com ensino médio completo ou incompleto e 13,04% com ensino superior completo ou incompleto. A ponderação prevista para estas variáveis é igual a 1, podendo ser ajustada em função de diferenças significativas acima de 3 pontos percentuais entre a amostra coletada e os parâmetros previstos nesse planejamento amostral. Intervalo de confiança: 95%  e Margem de erro: 4,4% para mais ou para menos; A relação completa dos bairros e setores censitários visitados será encaminhada a esse tribunal de forma tempestiva.";"Os pesquisadores envolvidos na realização dos trabalhos são treinados e recebem instruções específicas para cada pesquisa realizada. A coleta será realizada com a utilização de tablet e questionário eletrônico. São checados, no mínimo, 20% dos questionários de cada pesquisador, seja in loco por supervisores de campo ou, posteriormente, por telefone.  Este percentual é definido com base à seguinte bibliografia técnica: Triola, M. F., Introdução à Estatística. 7ª ed., Rio de Janeiro: LTC Editora,1998. Magalhães, M. N. & Lima, A. C. P. Noções de Probabilidade e Estatística. 3ª ed., São Paulo: Edusp, 2001. Meyer, P. L. Probabilidade: Aplicações à Estatística. Rio de Janeiro: Livros Técnicos e Científicos, 1984. Internamente, o material é verificado e codificado. Antes do processamento final e emissão dos resultados, realiza-se processo de consistência dos dados. Os procedimentos acima são realizados por profissionais especializados e com vasta experiência na condução de pesquisas de opinião. Todas as informações coletadas e processadas nesta pesquisa atendem aos requisitos da Lei Geral de Proteção de Dados, garantindo o sigilo da identidade do respondente, armazenamento das informações, gestão e posterior exclusão das informações.";"Área física de realização da entrevista Município: Patos de Minas - Minas Gerais; Regiões abrangidas:   Os dados referentes a bairros / regiões / setores censitários abrangidos pela pesquisa serão informados a este tribunal dentro dos prazos estabelecidos pela legislação. Ponderação por região: 
                                                                                                                                                                            
Região 1: 14,3% (Jardim Itamarati, Coração Eucarístico, Residencial Sorriso, Caramuru, Alvorada, Nossa Senhora de Fátima, Residencial Barreiro, Sorriso)
Região 2: 7,6% (Padre Eustáquio, Nossa Senhora das Graças, Cerrado, Lagoinha, Rosário, Laranjeiras)
Região 3: 7,2% (São Francisco, Caiçaras, Alto Caiçaras, Aurélio Caixeta, Chácaras Caiçaras)
Região 4: 10,2% (Abner Afonso, Bela Vista, Nova Floresta, Vila Garcia, Novo Horizonte)
Região 5: 4,8% (Alto da Serra, Limoeiro, Alto Marabá)
Região 6: 7,0% (Centro, Jardim Califórnia, Jardim Floresta, Jardim Paraíso, Valparaíso, Jardim Centro)
Região 7: 6,8% (Cidade Jardim, Antônio Caixeta, Jardim Recanto, Boa Vista, Sebastião Amorim, Eldorado, Belvedere)
Região 8: 6,3% (Jardim Panorâmico, Afonso Queiroz, Jardim Vitória)
Região 9: 2,8% (Jardim América, Guanabara, Copacabana, Sobradinho)
Região 10: 5,8% (Santo Antônio, Brasil, São José Operário, Nossa Senhora Aparecida, Brasília, Várzea)
Região 11: 9,3% (Lagoa Grande, Santa Terezinha, Santa Luzia, Cristo Redentor, Cônego Getúlio, Vila Rosa)
Região 12: 6,9% (Jardim Paulistano, Cidade Nova, Ipanema, Planalto)
Região 13: 5,6% (Residencial Gramado, Jardim Céu Azul, Jardim dos Andrades, Jardim Peluzzo)
Região 14: 5,4% (Morada Do Sol, Alto Colina, Jardim Aquárius, Jardim Esperança, Residencial Monjolo)                                                                                                                                                                                                                                                                                                                                                             "
"28/09/2026";"05:46:54";2026;81;"Eleições Gerais 2026";"MG";"MG";"MINAS GERAIS";"MG072992026";"2026-05-15 18:34:16";"S";"22345021000181";"REAL TIME MIDIA LTDA";"REAL TIME BIG DATA";"Governador, Senador";"2026-05-19 00:00:00";"2026-05-20 00:00:00";"2026-05-21 00:00:00";1600;"10839";"Isabela Zara Cremoneze";"64000,00";"Pesquisa quantitativa, que consiste na realização de entrevistas pessoais, com a aplicação de questionário estruturado junto a uma amostra representativa do eleitorado em estudo. Pesquisa realizada no Estado de Minas Gerais (MG).";"Representativo do eleitorado da área em estudo, elaborada em três estágios. 
No primeiro estágio, realiza-se um sorteio probabilístico dos municípios onde as entrevistas serão realizadas, pelo método PPT (Probabilidade Proporcional ao Tamanho), tomando a população eleitora de 16 anos ou mais residente nos municípios como base para essa seleção.
No segundo estágio, efetua-se um sorteio probabilístico das localidades dentro dos municípios selecionados, também pelo método PPT (Probabilidade Proporcional ao Tamanho), considerando a população eleitora de 16 anos ou mais residente nessas localidades como base para a seleção.
No terceiro e último estágio, dentro das localidades sorteadas, os respondentes são selecionados por meio de quotas amostrais proporcionais, em função de variáveis significativas, a saber:

GÊNERO:
Feminino: 52,48%;
Masculino: 47,52%;
(Fonte: TSE,Abril/2026 -- https://sig.tse.jus.br/ords/dwapr/r/seai/sig-eleitor-eleitorado-mensal/cruzamento-eleitorado-mensal?p24_metricas=E&p24_back=22&p24_cruzamento_1=ds_sexo&clear=24&session=200047853196389) 
FAIXA ETÁRIA:
16 anos: 0,29%;
17 anos: 0,59%;
18 a 20 anos: 3,84%;
21 a 24 anos: 6,27%;
25 a 34 anos: 18,18%;
35 a 44 anos: 19,21%;
45 a 59 anos: 25,58%;
60 a 69 anos: 13,65%;
70 a 79 anos: 8,00%;
Superior a 79 anos: 4,37%;
(Fonte: TSE, Abril/2026 -- https://sig.tse.jus.br/ords/dwapr/r/seai/sig-eleitor-eleitorado-mensal/cruzamento-eleitorado-mensal?p24_cruzamento_1=ds_faixa_etaria&p24_metricas=E&p24_back=22&clear=24&session=200047853196389) 
ESCOLARIDADE:
Analfabeto: 3,91%;
Lê e Escreve: 6,73%;
Ensino Fundamental Incompleto: 24,08%;
Ensino Fundamental Completo: 6,05%;
Ensino Médio Incompleto: 19,58%;
Ensino Médio Completo: 25,19%;
Ensino Superior Incompleto: 4,30%;
Ensino Superior Completo: 10,16%;
(Fonte: TSE, Abril/2026 -- https://sig.tse.jus.br/ords/dwapr/r/seai/sig-eleitor-eleitorado-mensal/cruzamento-eleitorado-mensal?p24_cruzamento_1=ds_grau_instrucao&p24_metricas=E&p24_back=22&clear=24&session=200047853196389) 
RENDA DOMICILIAR MENSAL:
Sem rendimento: 3,03%;
Até 1/2 Salário Mínimo: 2,44%;
Mais de 1/2 a 1 Salário Mínimo: 15,35%;
Mais de 1 a 2 Salários Mínimos: 24,50%;
Mais de 2 a 5 Salários Mínimos: 35,45%;
Mais de 5 a 10 Salários Mínimos: 12,76%;
Mais de 10 a 20 Salários Mínimos: 4,55%;
Mais de 20 Salários Mínimos: 1,92%;
(Fonte: IBGE (CENSO-2010) -- https://cidades.ibge.gov.br/brasil/mg/pesquisa/23/24304?detalhes=true)
Observação: De acordo com informações do Instituto Brasileiro de Geografia e Estatística (IBGE), não há previsão de data para a divulgação do perfil econômico da população brasileira do CENSO 2022. Portanto, os dados sobre o nível econômico obtidos no Censo 2022 não podem ser utilizados, pois ainda não foram publicados.
Está prevista eventual ponderação para correção das variáveis sexo e idade, com base nos percentuais anteriormente mencionados, caso ocorram diferenças superiores a 3 pontos percentuais entre o previsto na amostra e a coleta de dados realizada. Para as variáveis de grau de instrução e nível econômico do entrevistado, o fator previsto para ponderação é 1 (resultados obtidos em campo). O nível de confiança estimado é de 95% e a margem de erro máxima estimada considerando um modelo de amostragem aleatório simples, é de aproximadamente 2 (dois) pontos percentuais para mais ou para menos sobre os resultados encontrados no total da amostra.
";"O trabalho de coleta de dados é acompanhado presencialmente por supervisores. São selecionados aleatoriamente 15% (quinze por cento) dos questionários para uma verificação posterior com ligações telefônicas para os números indicados nos formulários, em caso de dúvida, o formulário é descartado e o entrevistador chamado para esclarecimentos.";"O anexo do arquivo com os bairros será realizado até o dia seguinte da divulgação conforme indicado no §7º. do art. 2º. da Resolução-TSE nº. 23.600/2019."
"28/09/2026";"05:46:54";2026;81;"Eleições Gerais 2026";"MG";"MG";"MINAS GERAIS";"MG080272026";"2026-09-24 22:24:17";"N";"45634145000182";"NEXXUS MAIS LTDA";"NEXXUS MAIS";"Governador, Senador";"2026-09-26 00:00:00";"2026-09-29 00:00:00";"2026-09-30 00:00:00";3503;"10984";"Renato Alves Moreira";"12000,00";"Levantamento de pesquisa quantitativa, que consiste na realização de entrevistas com eleitores do universo a serem explorados, feitas com coleta aleatória via questionário estruturado via web e recursos de inteligência artificial, com abordagens digitais junto a uma amostra representativa do eleitorado do Estado de Minas Gerais (MG).";"Representativo do eleitorado da área em estudo, elaborada em três etapas. Na primeira etapa, realiza-se um sorteio probabilístico dos municípios onde as entrevistas serão realizadas, pelo método PPT (Probabilidade Proporcional ao Tamanho), tomando a população eleitoral de 16 anos ou mais residente nos municípios. No segundo estágio, efetua-se um sorteio probabilístico das localidades dentro dos municípios selecionados, também pelo método PPT (Probabilidade Proporcional ao Tamanho), considerando a população dos eleitores de 16 anos ou mais residente nessas localidades.
Na terceira e última etapa, dentro das localidades sorteadas, os respondentes são selecionados por meio de quotas amostrais proporcionais, em função das seguintes variáveis significativas.
FAIXA DE SEXO é a seguinte: Masculino de 48% Feminino: 52%, com ponderação para eleitores que colocam outras respostas.
FAIXA DE IDADE é a seguinte:
De 16 a 24 anos com 12%, de 25 a 34 anos com 18%, de 35 a 44 anos com 18% anos, de 45 a 59 anos com 25% e a partir de 60 anos com 27%.
FAIXA DE ESCOLARIDADE é a seguinte:
Analfabeto, lê e escreve, ensino fundamental incompleto e ensino fundamental completo com 45%. Ensino médio incompleto e ensino médio completo com 32%.Ensino superior incompleto e ensino superior completo com 23 %.
FAIXA DE RENDA DOMICILIAR MENSAL é a seguinte:
Sem rendimento até 2 salários mínimos mensal com 60%. De 2 até 5 salários mínimos mensal com 22%. Mais de 5 salários mínimos mensal com 18%.
Está prevista eventual ponderação para correção das variáveis sexo e idade, com base nos percentuais anteriormente mencionados, com variáveis de até 3 pontos percentuais para mais ou para menos entre o previsto na amostra e a coleta de dados realizada. Para as variáveis de escolaridade e renda domiciliar mensal pode ter variação de até 5 pontos percentuais para mais ou para menos. O nível de confiança estimado é de 93% e a margem de erro máxima estimada considerando um modelo de amostragem aleatório simples, é de aproximadamente 3,5 (três pontos e meio) pontos percentuais para mais ou para menos sobre os resultados encontrados no total da amostra.";"O trabalho de coleta de dados é acompanhado por supervisores humanos. São selecionados aleatoriamente 20% (vinte por cento) dos questionários para uma verificação posterior e, em caso de dúvida, a entrevista é refeita com outra entrevista. Há uma equipe que confere os dados com objetivo de averiguar e aferir os resultados coletados. Em todas as perguntas eleitorais são colocados os seguintes códigos:
96.Não conhece, nunca ouviu nos candidatos
97.Nenhum dos nomes apresentados, voto nulo ou branco
98.Indecisos ou não responderam
99.Outros nomes apresentados, outras respostas
";"O anexo do arquivo com os setores, bairros será realizado até o dia seguinte da divulgação conforme indicado no §7º. do art. 2º. da Resolução-TSE nº. 23.600/2019."
"28/09/2026";"05:46:54";2026;81;"Eleições Gerais 2026";"MG";"MG";"MINAS GERAIS";"MG023962026";"2026-09-26 19:29:41";"S";"07241393000174";"RESULTADO PESQUISA E ASSESSORIA LTDA - ME";"#NULO#";"Deputado Federal, Deputado Estadual";"2026-09-28 00:00:00";"2026-10-01 00:00:00";"2026-10-02 00:00:00";400;"9.077";"EDMILSON ANTONIO PEREIRA JUNIOR";"7000,00";"A metodologia de pesquisa utilizada é quantitativa, do tipo survey, que consiste na aplicação domiciliar de questionários estruturados junto a uma amostra representativa de eleitores do município de Monte Carmelo (MG).";"A amostra dos eleitores de Monte Carmelo (MG) é distribuída de forma a contemplar todas as regiões geográficas do município, a partir de quotas proporcionais ao universo, conforme os dados disponibilizados nos sites do TSE e do IBGE, considerando as variáveis sexo, faixa etária, grau de instrução e nível econômico dos entrevistados.
Distribuição da amostra: Sexo (Fonte: TSE-2026, acesso em 19/09/2026): Masculino [48,1%]; Feminino [51,9%]. Faixa etária (Fonte: TSE-2026, acesso em 19/09/2026): 16 e 17 anos [0,7%]; 18 a 24 anos [8,9%]; 25 a 34 anos [17,5%]; 35 a 44 anos [18,1%]; 45 a 59 anos [27,7%]; 60 anos ou mais [27,1%]. Grau de instrução (Fonte: TSE-2026, acesso em 19/09/2026): Analfabeto/Lê ou escreve [13,8%]; Ensino Fundamental completo ou incompleto [35,5%]; Ensino Médio completo ou incompleto [40,4%]; Ensino Superior completo ou incompleto [10,3%]. Nível econômico (Fonte: Censo Demográfico IBGE-2010): Até 1 salário mínimo [9,8%]; Mais de 1 a 2 salários mínimos [24,3%]; Mais de 2 a 5 salários mínimos [44,3%]; Mais de 5 a 10 salários mínimos [15,0%]; Mais de 10 salários mínimos [6,6%]. O fator de ponderação utilizado é igual a 1, entretanto, está prevista eventual ponderação para correção das variáveis, caso ocorram diferenças superiores a 2 pontos percentuais entre o previsto na amostra e a coleta de dados realizada. A amostra utilizada de 400 eleitores do município de Monte Carmelo (MG), ao nível de 95% de confiança, apresenta margem de erro estimada de 4,9 pontos percentuais, para mais ou para menos.";"A equipe de pesquisa é composta por entrevistadores e supervisores devidamente treinados para o tipo de trabalho. Serão checados 20% dos questionários realizados por cada entrevistador, por meio de revisita aos locais de residência, por telefone e áudio.";"#NULO#"
"28/09/2026";"05:46:54";2026;81;"Eleições Gerais 2026";"MG";"MG";"MINAS GERAIS";"MG082142026";"2026-07-29 16:45:51";"N";"24089028000105";"F5 ATUALIZA DADOS LTDA";"F5 ATUALIZA DADOS";"Governador, Senador, Deputado Federal, Deputado Estadual";"2026-07-30 00:00:00";"2026-07-31 00:00:00";"2026-08-04 00:00:00";472;"9.077";"EDMILSON ANTONIO PEREIRA JUNIOR";"6000,00";"A metodologia de pesquisa utilizada é quantitativa, do tipo survey, que consiste na aplicação domiciliar de questionários estruturados junto a uma amostra representativa de eleitores do município de Itaúna/MG.";"A amostra dos eleitores Itaúna/MG é distribuída de forma a contemplar todas as regiões geográficas do município, a partir de quotas proporcionais ao universo, conforme os dados disponibilizados nos sites do TSE e do IBGE, considerando as variáveis sexo, faixa etária, grau de instrução e nível econômico dos entrevistados. 
Distribuição da amostra: Sexo (Fonte: TSE-2026, acesso em 29/07/2026): Masculino [47,5%]; Feminino [52,5%]. Faixa etária (Fonte: TSE-2026, acesso em 29/07/2026): 16 a 24 anos [9,6%]; 25 a 34 anos [17,8%]; 35 a 44 anos [19,0%]; 45 a 59 anos [26,2%]; 60 anos ou mais [27,4%]. Grau de instrução (Fonte: TSE-2026, acesso em 29/07/2026): Analfabeto/Lê ou escreve [5,7%]; Ensino Fundamental completo ou incompleto [32,8%]; Ensino Médio completo ou incompleto [48,0%]; Ensino Superior completo ou incompleto [13,5%]. Nível econômico (Fonte: Censo Demográfico IBGE-2010): Sem rendimento [30,6%]; Até 1 salário mínimo [26,5%]; Mais de 1 a 2 salários mínimos [24,0%]; Mais de 2 a 5 salários mínimos [14,5%]; Mais de 5 a 10 salários mínimos [3,3%]; Mais de 10 salários mínimos [1,1%]. A amostra utilizada de 472 eleitores do município de Itaúna/MG, ao nível de 95% de confiança, apresenta margem de erro estimada de 4,5 pontos percentuais, para mais ou para menos.
";"Serão verificados 20% da amostra. Sistema interno de controle de checagem.";"Os dados referentes aos bairros estão anexo."
"28/09/2026";"05:46:54";2026;81;"Eleições Gerais 2026";"MG";"MG";"MINAS GERAIS";"MG073832026";"2026-04-28 19:53:30";"N";"24091590000173";"DATA POVO INSTITUTO DE PESQUISAS MARKETING E CONSULTORIA LTDA";"DATA POVO CONSULTORIA";"Governador";"2026-04-20 00:00:00";"2026-04-21 00:00:00";"2026-05-04 00:00:00";1000;"10233";"Israel Oliveira da Costa Sousa";"99800,00";"Pesquisa quantitativa, do tipo survey, realizada por meio de entrevistas diretas, com aplicação de questionário estruturado a uma amostra representativa do eleitorado de Minas Gerais.";"O universo pesquisado é o eleitorado Estado de Minas Gerais, com 16 anos ou mais, que esteja apto a votar. O tamanho da amostra prevista é de 1.000 entrevistas, com uma margem de erro de 3,10% A amostra foi calculada pelo método de amostragem aleatória simples, essa amostra é estratificada com as cotas de ponderação segundo as variáveis sexo, idade, grau de instrução e nível econômico do eleitorado. O tamanho dos estratos será proporcional a esses segmentos, de acordo com as informações de estatística do eleitorado fornecidas pelo Tribunal Superior Eleitoral - TSE (dados do eleitorado de março/2026) e para as classes de rendimento, dados do Censo Demográfico realizado pelo Instituto Brasileiro de Geografia e Estatística - IBGE. Os tamanhos desses segmentos são: SEXO: Masculino (48%) e Feminino (52%); FAIXA ETÁRIA: 16 a 24 anos (11%), 25 a 44 anos (37%), 45 a 59 anos (26%) e 60 anos acima (26%); GRAU DE INSTRUÇÃO: Sem escolaridade/Lê e escreve (11%), Ensino Fundamental Incompleto/Completo (30%), Ensino Médio Incompleto/Completo (45%) e Ensino Superior Incompleto/Completo (14%); NÍVEL ECONÔMICO: Sem rendimento (3%), Até 1 salário mínimo (14%), De 1 a 2 salários mínimos (23%), De 2 a 5 salários mínimos (37%), De 5 a 10 salários mínimos (15%) e Acima de 10 salários mínimos (8%).";"O trabalho de coleta de dados é feito por entrevistadores e acompanhado in loco por supervisores. Após os trabalhos de campo, os questionários são submetidos a uma fiscalização de cerca de 20% (vinte por cento) dos questionários aplicados pelos entrevistadores; para verificação das respostas e da adequação dos entrevistadores aos parâmetros amostrais. Codificação e crítica de 100% dos questionários antes da tabulação.";"Belo Horizonte, Contagem, Betim, Uberlândia, Uberaba, Poços de Caldas, Pouso Alegre, Itajubá, Varginha, São Lourenço, Ouro Preto, Diamantina, Ipatinga, Governador Valadares, Montes Claros, Paracatu."
"28/09/2026";"05:46:54";2026;81;"Eleições Gerais 2026";"MG";"MG";"MINAS GERAIS";"MG016642026";"2026-03-25 15:49:01";"S";"19259002000128";"ATLASINTEL TECNOLOGIA DE DADOS LTDA";"ATLASINTEL";"Governador, Senador";"2026-03-25 00:00:00";"2026-03-30 00:00:00";"2026-03-31 00:00:00";2200;"11220";"ANDREI CAMILO DOS SANTOS";"75000,00";"Pesquisa quantitativa com coleta aleatória via questionário estruturado web e pós-estratificação da amostra de acordo com as características do eleitorado de Minas Gerais.

";"Amostra aleatória pós-estratificada via algoritmo iterativo com quotas proporcionais, representando características do eleitorado de Minas Gerais: SEXO: Masculino: 47.5%; Feminino: 52.5%. FAIXA ETÁRIA: Entre 16 a 24 anos: 10.7%; Entre 25 a 34 anos: 18.3%; Entre 35 a 44 anos: 19.3%; Entre 45 a 59 anos: 25.7%; 60 ou mais: 26.0%. ESCOLARIDADE: Ensino Fundamental completo ou incompleto e eleitores sem educação formal: 36.1%; Ensino Médio completo ou incompleto: 39.5%; Ensino Superior completo ou incompleto: 24.4%. NÍVEL ECONÔMICO: Renda familiar mensal até R$2000: 18.1%; Mais de R$2.000 a R$3.000: 17.2%; Mais de R$3.000 a R$5.000: 25.7%; Mais de R$5.000 a R$10.000: 26.6%; Mais de R$10.000: 12.5%. OBS.: devido ao arredondamento, a soma dos percentuais pode variar de 99% a 101%. Na agregação final, para cada variável de ponderação, serão admissíveis desvios de até 2.0 pontos percentuais em relação às quotas estipuladas. Confiança estimada: 95%, margem de erro: +/- 2.0 pontos percentuais. FONTE DOS DADOS: PNADC 2024 para escolaridade e nível econômico | TSE 2026 para sexo e faixa etária.

";"Coleta feita com a utilização de questionário eletrônico com procedimentos específicos para o armazenamento seguro dos dados. São checados manualmente no mínimo 15% dos questionários para detectar possíveis anomalias. Pesquisadores especializados realizam internamente uma verificação exaustiva da consistência dos dados antes da divulgação dos resultados finais.";"#NULO#"
"28/09/2026";"05:46:54";2026;81;"Eleições Gerais 2026";"MG";"MG";"MINAS GERAIS";"MG039462026";"2026-08-28 16:53:28";"N";"24089028000105";"F5 ATUALIZA DADOS LTDA";"F5 ATUALIZA DADOS";"Governador, Senador, Deputado Federal, Deputado Estadual";"2026-08-29 00:00:00";"2026-08-30 00:00:00";"2026-09-03 00:00:00";1000;"9.077";"EDMILSON ANTONIO PEREIRA JUNIOR";"6000,00";"A metodologia de pesquisa utilizada é quantitativa, do tipo survey, que consiste na aplicação domiciliar de questionários estruturados junto a uma amostra representativa de eleitores do município de Ubá/MG, distribuídos aleatoriamente por bairros separados nas regionais, conforme Plano Amostral em anexo.
Cargos em disputa: Deputado Federal, Deputado Estadual, Governador, Senador(2);e Presidente.";"A amostra dos eleitores de Ubá/MG é distribuída de forma a contemplar todas as regiões geográficas do município, a partir de quotas proporcionais ao universo, conforme os dados disponibilizados nos sites do TSE e do IBGE, considerando as variáveis Sexo, Faixa etária, Grau de instrução e Nível econômico dos entrevistados por rendimento em Salários Salários Mínimos fixado pelo Governo Federal.

DISTRIBUIÇÃO DA AMOSTRA:
Sexo
Masculino (47,2%); Feminino (52,8%).

Faixa etária
16 a 24 anos (10,3%); 25 a 34 anos (17,15%); 35 a 44 anos (18,9%); 45 a 59 anos (25,9%); e 60 anos ou mais (27,8%).
Fonte: TSE/julho 2026

Grau de instrução
Sem instrução/Ensino Fundamental incompleto (34,6%); Ensino Fundamental completo/Ensino Médio incompleto (18,7%); Ensino Médio completo/Ensino Superior incompleto (30,8%); e Ensino Superior completo (15,9%).

Nível econômico
Até 1 salário mínimo (30,8%); Mais de 1 a 2 salários mínimos (23,7%); Mais de 2 a 5 salários mínimos (10,9%); Mais de 5 a 10 salários mínimos (2,7%); Mais de 10 salários mínimos (0,9%); e Sem rendimento (31,0%).
Fonte: Censo IBGE 2010 e 2022
Intervalo de confiança e margem de erro
A amostra utilizada de 1.000 eleitores do município de Ubá/MG, ao nível de 95% de confiança, apresenta margem de erro estimada de 3,1 pontos percentuais, para mais ou para menos.
";"SERÃO CHECADOS 20% DAS ENTREVISTAS";"ANEXO!"
"28/09/2026";"05:46:54";2026;81;"Eleições Gerais 2026";"MG";"MG";"MINAS GERAIS";"MG037942026";"2026-08-17 14:55:19";"N";"42532542000155";"DATA TEMPO LIMITADA";"#NULO#";"Governador, Senador, Deputado Federal, Deputado Estadual";"2026-08-17 00:00:00";"2026-08-20 00:00:00";"2026-08-23 00:00:00";1000;"10230";"Bruno Augusto Silva Andrade";"55780,00";"A metodologia utilizada é Survey quantitativo, com realização das entrevistas de maneira pessoal em domicílio, com aplicação de questionário estruturado e padronizado em plataforma digital (tablet) junto à uma amostra representativa dos eleitores de Minas Gerais.";"O universo da pesquisa é composto por eleitores de Minas Gerais, com idade a partir de 16 anos. Realização de 1.000 entrevistas, o que permite um erro amostral de 3,10% e nível de confiança de 95%. Distribuição da amostra pelo perfil dos entrevistados de acordo com cotas de sexo, idade, escolaridade e renda mensal familiar. Sexo:Masculino: (48%); Feminino:(52%) - Idade: 16 a 24 anos(11%); 25 a 34 anos: (18%); 35 a 44 anos: (19%); 45 a 59 anos: (26%); 60 anos ou mais: (26%) - Escolaridade: Até fundamental completo: (40%); Médio incompleto ou médio completo: (45%); Superior incompleto ou completo: (15%); Renda total de sua família: Até 2 SM: (35%); De 2 a 5 SM: (43%); Acima de 5 SM: (22%). Está prevista eventual ponderação para correção das variáveis citadas, com base nos percentuais anteriormente mencionados, caso ocorram diferenças acima do previsto entre o plano amostral e a coleta efetuada. (Fonte dos dados: IBGE - Censo Demográfico 2022).";"A coleta de dados é realizada por entrevistadores treinados, qualificados e supervisionados por coordenadores de campo. Todos os questionários são preenchidos no tablet e recebem crítica para avaliação quanto a consistência dos dados coletados, sendo que 20% dos questionários são separados, aleatoriamente, e submetidos à fiscalização e checagem através de novos contatos com os entrevistados, medida sempre adotada que visa garantir a qualidade e fidelidade dos dados coletados.";"#NULO#"
"28/09/2026";"05:46:54";2026;81;"Eleições Gerais 2026";"MG";"MG";"MINAS GERAIS";"MG099512026";"2026-09-17 22:01:24";"N";"64500153000180";"LAIS CRISTINA RODRIGUES DE OLIVEIRA LTDA";"IPSENSUS PESQUISAS";"Deputado Federal, Deputado Estadual";"2026-09-19 00:00:00";"2026-09-20 00:00:00";"2026-09-23 00:00:00";400;"7655";"AUGUSTO DA SILVA ROCHA";"11000,00";"A pesquisa cobrirá o município envolvendo todas regiões do município de Unaí/MG Universo da pesquisa será dos eleitores com 16 anos ou mais. A amostra representará os eleitores do Município, selecionados em 2(dois) estágios. No primeiro estágio, os setores censitários, onde as entrevistas serão realizadas, foram selecionadas, probabilisticamente, através do método PPT - Probabilidade Proporcional ao Tamanho, tomando o número de eleitores como base para seleção. No segundo estágio, a seleção do entrevistado, dentro do setor censitário, será feita utilizando-se quotas proporcionais, e a abordagem será domiciliar.";"Utilizamos quotas proporcionais, em função das seguintes variáveis: Gênero: MASCULINO 48,25%; FEMININO 51,75%; Faixa etária: 16 a 24 anos 11,57%; 25 a 34 anos 18,11%; 35 a 44 anos 19,09%; 45 a 59 anos 26,62%; 60 a 69 anos 13,29%; 70 a 79 anos 7,20%; Superior a 79 anos 4,12% ; Grau de instrução: ; Analfabeto 4,39%; Lê e escreve 9,96%; Fundamental incompleto 23,59%; Fundamental completo 4,36%; Médio incompleto 23,63%; Médio completo 22,41%; Superior incompleto 4,07%; Superior completo 7,59% ; Fonte dos dados: TSE-Tribunal Superior Eleitoral/julho2026; https://sig.tse.jus.br/ords/dwapr/r/seai/sig-eleitor-eleitorado-mensal/cruzamento-eleitorado-mensal?p24_metricas=E&p24_back=22&p24_cruzamento_1=ds_sexo&clear=24&session=307295161620678; https://sig.tse.jus.br/ords/dwapr/r/seai/sig-eleitor-eleitorado-mensal/cruzamento-eleitorado-mensal?p24_cruzamento_1=ds_faixa_etaria&p24_metricas=E&p24_back=22&clear=24&session=307295161620678; https://sig.tse.jus.br/ords/dwapr/r/seai/sig-eleitor-eleitorado-mensal/cruzamento-eleitorado-mensal?p24_cruzamento_1=ds_grau_instrucao&p24_metricas=E&p24_back=22&clear=24&session=307295161620678 ; Ano=2026; Mês = JULHO; UF= MG; MUNICIPIO = Unaí; Renda familiar: ; Até 1/2 salário mínimo 2,74% ; Mais de 1/2 a 1 salário mínimo 16,69% ; Mais de 1 a 2 salários mínimos 25,51% ; Mais de 2 a 5 salários mínimos 35,09% ; Mais de 5 a 10 salários mínimos 11,37% ; Mais de 10 a 20 salários mínimos 4,00% ; Mais de 20 salários mínimos 1,29% ; Sem rendimento 3,301; Fonte dos dados: IBGE-Censo 2010-IBGE-CENSO 2022 (IBGE/Censo 2010 - Classe de rendimento nominal mensal domiciliar) ; https://cidades.ibge.gov.br/brasil/mg/unai/pesquisa/23/24304; ""Está prevista eventual ponderação da amostra para correção das variáveis sexo, idade, renda familiar e escolaridade com base nos percentuais anteriormente mencionados, caso ocorram diferenças entre os percentuais previstos na amostra e a coleta de dados realizada. Dentro do público-alvo, serão realizadas 400 entrevistas. O nível de confiança estimado é de 95% e a margem de erro máxima prevista, baseada em uma amostra aleatória simples (AAS), é de cerca de 4,9 pontos percentuais para mais ou para menos em relação aos totais da amostra. Nível Econômico: IBGE (Censo/2010) - Observação: Conforme informações obtidas do Instituto Brasileiro de Geografia e Estatística, o IBGE, não divulgou - e não tem previsão - de data para divulgação do perfil econômico (nível econômico) da população brasileira; portanto, os dados quanto ao nível econômico obtidos no Censo 2022, não podem ser utilizados, pois não foram publicados.""";"Para a realização da pesquisa, utiliza-se uma equipe de entrevistadores e supervisores credenciados devidamente treinados pela empresa para esse tipo de pesquisa. Após os trabalhos de campo, 100% dos questionários são criticados e passam por uma fiscalização de cerca de 20% (vinte por cento) dos questionários aplicados por cada entrevistador; para verificação da consistência das respostas e da adequação dos entrevistados aos parâmetros amostrais.";"#NULO#"
"28/09/2026";"05:46:54";2026;81;"Eleições Gerais 2026";"MG";"MG";"MINAS GERAIS";"MG021092026";"2026-06-18 17:49:54";"N";"42532542000155";"DATA TEMPO LIMITADA";"#NULO#";"Governador, Senador";"2026-06-12 00:00:00";"2026-06-15 00:00:00";"2026-06-24 00:00:00";1000;"10230";"Bruno Augusto Silva Andrade";"55780,00";"A metodologia utilizada é Survey quantitativo, com realização das entrevistas de maneira pessoal em domicílio, com aplicação de questionário estruturado e padronizado em plataforma digital (tablet) junto à uma amostra representativa dos eleitores de Minas Gerais.";"O universo da pesquisa é composto por eleitores de Minas Gerais, com idade a partir de 16 anos. Realização 1.000 entrevistas, o que permite um erro amostral de 3,10% e nível de confiança de 95%. Distribuição da amostra pelo perfil dos entrevistados de acordo com cotas de sexo, idade, escolaridade e renda mensal familiar. Sexo:Masculino: (48%); Feminino:(52%) - Idade: 16 a 24 anos(11%); 25 a 34 anos: (18%); 35 a 44 anos: (19%); 45 a 59 anos: (26%); 60 anos ou mais: (26%) - Escolaridade: Até fundamental completo: (50%); Médio incompleto ou médio completo: (34%); Superior incompleto ou completo: (16%); Renda total de sua família: Até 2 SM: (72%); De 2 a 5 SM: (22%); Acima de 5 SM: (6%). Está prevista eventual ponderação para correção das variáveis citadas, com base nos percentuais anteriormente mencionados, caso ocorram diferenças acima do previsto entre o plano amostral e a coleta efetuada. (Fonte dos dados: IBGE - Censo Demográfico 2022).";"A coleta de dados é realizada por entrevistadores treinados, qualificados e supervisionados por coordenadores de campo. Todos os questionários são preenchidos no tablet e recebem crítica para avaliação quanto a consistência dos dados coletados, sendo que 20%dos questionários são separados, aleatoriamente, e submetidos à fiscalização e checagem através de novos contatos com os entrevistados, medida sempre adotada que visa garantir a qualidade e fidelidade dos dados coletados.";"conforme anexo."
"28/09/2026";"05:46:54";2026;81;"Eleições Gerais 2026";"MG";"MG";"MINAS GERAIS";"MG064752026";"2026-07-24 21:32:34";"S";"22345021000181";"REAL TIME MIDIA LTDA";"REAL TIME BIG DATA";"Governador, Senador";"2026-07-25 00:00:00";"2026-07-29 00:00:00";"2026-07-30 00:00:00";2000;"10839";"Isabela Zara Cremoneze";"30000,00";"Pesquisa quantitativa, que consiste na realização de entrevistas com eleitores do universo a ser explorado, feitas em combinação mista por entrevistadores humanos e recursos de inteligência artificial, com a aplicação de questionário estruturado com abordagens telefônicas e digitais junto a uma amostra representativa do eleitorado em estudo. Pesquisa realizada no Estado de Minas Gerais (MG).";"Representativo do eleitorado da área em estudo, elaborada em três estágios. 
No primeiro estágio, realiza-se um sorteio probabilístico dos municípios onde as entrevistas serão realizadas, pelo método PPT (Probabilidade Proporcional ao Tamanho), tomando a população eleitora de 16 anos ou mais residente nos municípios como base para essa seleção.
No segundo estágio, efetua-se um sorteio probabilístico das localidades dentro dos municípios selecionados, também pelo método PPT (Probabilidade Proporcional ao Tamanho), considerando a população eleitora de 16 anos ou mais residente nessas localidades como base para a seleção.
No terceiro e último estágio, dentro das localidades sorteadas, os respondentes são selecionados por meio de quotas amostrais proporcionais, em função de variáveis significativas, a saber:

GÊNERO:
Feminino: 52,49%;
Masculino: 47,51%;
(Fonte: TSE, Junho/2026 -- https://sig.tse.jus.br/ords/dwapr/r/seai/sig-eleitor-eleitorado-mensal/cruzamento-eleitorado-mensal?p24_metricas=E&p24_back=22&p24_cruzamento_1=ds_sexo&clear=24&session=200047853196389)
FAIXA ETÁRIA:
16 anos: 0,36%;
17 anos: 0,65%;
18 a 20 anos: 3,89%;
21 a 24 anos: 6,25%;
25 a 34 anos: 18,09%;
35 a 44 anos: 19,10%;
45 a 59 anos: 25,57%;
60 a 69 anos: 13,66%;
70 a 79 anos: 8,03%;
Superior a 79 anos: 4,40%;
(Fonte: TSE, Junho/2026 -- https://sig.tse.jus.br/ords/dwapr/r/seai/sig-eleitor-eleitorado-mensal/cruzamento-eleitorado-mensal?p24_cruzamento_1=ds_faixa_etaria&p24_metricas=E&p24_back=22&clear=24&session=200047853196389)
ESCOLARIDADE:
Analfabeto: 3,90%;
Lê e Escreve: 6,63%;
Ensino Fundamental Incompleto: 23,93%;
Ensino Fundamental Completo: 6,03%;
Ensino Médio Incompleto: 19,66%;
Ensino Médio Completo: 25,32%;
Ensino Superior Incompleto: 4,32%;
Ensino Superior Completo: 10,21%;
(Fonte: TSE, Junho/2026 -- https://sig.tse.jus.br/ords/dwapr/r/seai/sig-eleitor-eleitorado-mensal/cruzamento-eleitorado-mensal?p24_cruzamento_1=ds_grau_instrucao&p24_metricas=E&p24_back=22&clear=24&session=200047853196389)
RENDA DOMICILIAR MENSAL:
Sem rendimento: 3,03%;
Até 1/2 Salário Mínimo: 2,44%;
Mais de 1/2 a 1 Salário Mínimo: 15,35%;
Mais de 1 a 2 Salários Mínimos: 24,50%;
Mais de 2 a 5 Salários Mínimos: 35,45%;
Mais de 5 a 10 Salários Mínimos: 12,76%;
Mais de 10 a 20 Salários Mínimos: 4,55%;
Mais de 20 Salários Mínimos: 1,92%;
(Fonte: IBGE (CENSO-2010) -- https://cidades.ibge.gov.br/brasil/mg/pesquisa/23/24304?detalhes=true)
Observação: De acordo com informações do Instituto Brasileiro de Geografia e Estatística (IBGE), não há previsão de data para a divulgação do perfil econômico da população brasileira do CENSO 2022. Portanto, os dados sobre o nível econômico obtidos no Censo 2022 não podem ser utilizados, pois ainda não foram publicados.
Está prevista eventual ponderação para correção das variáveis sexo e idade, com base nos percentuais anteriormente mencionados, caso ocorram diferenças superiores a 3 pontos percentuais entre o previsto na amostra e a coleta de dados realizada. Para as variáveis de grau de instrução e nível econômico do entrevistado, o fator previsto para ponderação é 1 (resultados obtidos em campo). O nível de confiança estimado é de 95% e a margem de erro máxima estimada considerando um modelo de amostragem aleatório simples, é de aproximadamente 2 (dois) pontos percentuais para mais ou para menos sobre os resultados encontrados no total da amostra.
";"O trabalho de coleta de dados é acompanhado por supervisores humanos. São selecionados aleatoriamente 15% (quinze por cento) dos questionários para uma verificação posterior e, em caso de dúvida, o formulário é descartado e o responsável pela coleta chamado para esclarecimentos. Há uma equipe especializada que confere os dados à exaustão com objetivo de averiguar e aferir os resultados coletados.";"O anexo do arquivo com os bairros será realizado até o dia seguinte da divulgação conforme indicado no §7º. do art. 2º. da Resolução-TSE nº. 23.600/2019.


"
"28/09/2026";"05:46:54";2026;81;"Eleições Gerais 2026";"MG";"MG";"MINAS GERAIS";"MG024302026";"2026-07-08 17:47:33";"N";"19090489000168";"MDA-PESQUISA DE OPINIAO PUBLICA E CONSULT. ESTATIST. LTDA - EPP";"#NULO#";"Governador, Senador, Deputado Federal, Deputado Estadual";"2026-07-07 00:00:00";"2026-07-12 00:00:00";"2026-07-14 00:00:00";600;"8109";"Marcelo Costa Souza";"20000,00";"Será adotada a metodologia quantitativa do tipo ?survey?, com entrevistas pessoais, do tipo face-a-face, domiciliar ou em pontos de fluxo, por meio da utilização de questionário estruturado, sendo o universo representado pelos eleitores de UBERABA/MG.";"O Universo desta pesquisa compreende os eleitores de UBERABA/MG com idade a partir de 16 anos, residentes em todas as regiões da cidade. Está prevista a realização de 600 entrevistas, o que fornece uma margem de erro amostral para o resultado total de 4,0 pontos percentuais (pp) considerando grau de confiança de 95%. Os intervalos de confiança serão calculados com base nos percentuais obtidos e com grau de confiança de 95%.
As entrevistas serão distribuídas nos bairros e setores censitários com base nas informações do CENSO 2022. As informações sobre gênero, idade, nível de instrução e nível econômico com base em informações do TSE (2026) e CENSO IBGE (2022, 2010).
Para a seleção dos entrevistados, o primeiro estágio envolve a distribuição das entrevistas nos bairros e setores censitários de forma proporcional ao tamanho (PPT). Dentro de cada bairro/setor censitário, os entrevistados são selecionados de forma a atender às cotas pré-estabelecidas em função das variáveis gênero, idade, renda e escolaridade. Para a variável gênero (TSE/Junho 2026), os tamanhos são: 46% de eleitores do gênero masculino e 54% do gênero feminino. Para a faixa etária (TSE/Junho 2026): 12% para eleitores entre 16 anos e 24 anos, 19% entre 25 anos e 34 anos, 21% entre 35 anos e 44 anos, 27% entre 45 anos e 59 anos e 22% com mais de 59 anos. Para renda familiar (IBGE 2010): 31% até 2 salários-mínimos (SM), 41% entre 2 e 5 SM e 28% acima de 5 SM. Para o grau de instrução (TSE/Junho 2026), 30% com até ensino fundamental completo, 44% com ensino médio completo ou incompleto e 26% com ensino superior completo ou incompleto. A ponderação prevista para estas variáveis é igual a 1, podendo ser ajustada em função de diferenças significativas entre a amostra coletada e os parâmetros previstos nesse planejamento amostral. A relação completa dos bairros e setores censitários visitados será encaminhada a esse tribunal de forma tempestiva.
";"Os pesquisadores são treinados especificamente para este projeto, com simulação de entrevistas e discussão de todas as questões. O trabalho de campo é acompanhado e fiscalizado pelo Coordenador da Equipe, especialmente treinado para esta tarefa.
As entrevistas são realizadas utilizando tablets e questionário eletrônico, com gravação em áudio das entrevistas e registro da coordenada geográfica de cada entrevista realizada. Todas as entrevistas passam por checagem de consistência enquanto, do total dos questionários preenchidos, parte será sorteada de forma aleatória para conferência, por meio de ligação telefônica ou pela escuta das entrevistas gravadas, garantindo um mínimo de 20% de checagem. Os procedimentos acima são realizados por profissionais especializados e com vasta experiência na condução de pesquisas de opinião.
Todas as informações coletadas e processadas nesta pesquisa atendem aos requisitos da Lei Geral de Proteção de Dados, garantindo o sigilo da identidade do respondente, armazenamento das informações, gestão e posterior exclusão das informações.
";"Os dados referentes a bairros / regiões / setores censitários abrangidos pela pesquisa serão informados a este tribunal dentro dos prazos estabelecidos pela legislação."
"28/09/2026";"05:46:54";2026;81;"Eleições Gerais 2026";"MG";"MG";"MINAS GERAIS";"MG095982026";"2026-07-31 22:12:47";"N";"64500153000180";"LAIS CRISTINA RODRIGUES DE OLIVEIRA LTDA";"IPSENSUS PESQUISAS";"Governador, Senador, Deputado Federal, Deputado Estadual";"2026-08-01 00:00:00";"2026-08-02 00:00:00";"2026-08-06 00:00:00";400;"7655";"AUGUSTO DA SILVA ROCHA";"5000,00";"A pesquisa cobrirá o município envolvendo todas regiões do município de Ituiutaba/MG Universo da pesquisa será dos eleitores com 16 anos ou mais. A amostra representará os eleitores do Município, selecionados em 2(dois) estágios. No primeiro estágio, os setores censitários, onde as entrevistas serão realizadas, foram selecionadas, probabilisticamente, através do método PPT - Probabilidade Proporcional ao Tamanho, tomando o número de eleitores como base para seleção. No segundo estágio, a seleção do entrevistado, dentro do setor censitário, será feita utilizando-se quotas proporcionais, e a abordagem será domiciliar.";"Utilizamos quotas proporcionais, em função das seguintes variáveis: Gênero: FEMININO 53,54% ; MASCULINO 46,40% ; Faixa etária: 16 a 24 anos 10,44% ; 25 a 34 anos 16,85% ; 35 a 44 anos 17,54% ; 45 a 59 anos 25,74% ; 60 anos ou mais 29,43% ; Grau de instrução: ANALFABETO 4,90% ; ENSINO FUNDAMENTAL COMPLETO 6,05% ; ENSINO FUNDAMENTAL INCOMPLETO 27,33% ; ENSINO MÉDIO COMPLETO 19,85% ; ENSINO MÉDIO INCOMPLETO 23,28% ; LÊ E ESCREVE 4,91% ; SUPERIOR COMPLETO 8,84% ; SUPERIOR INCOMPLETO 4,84% ; Renda familiar: AAté 1/2 salário mínimo 1,2% ; Mais de 1/2 a 1 salário mínimo 13,4% ; Mais de 1 a 2 salários mínimos 23,3% ; Mais de 2 a 5 salários mínimos 39,4% ; Mais de 5 a 10 salários mínimos 14,3% ; Mais de 10 a 20 salários mínimos 4,4% ; Mais de 20 salários mínimos 1,6% ; Sem rendimento 2,4% ; Fonte dos dados: TSE-Tribunal Superior Eleitoral/ junho2026; IBGE-Censo 2010-IBGE-CENSO 2022 (IBGE/Censo 2010 - Classe de rendimento nominal mensal domiciliar) ; https://cidades.ibge.gov.br/brasil/mg/ituiutaba/pesquisa/23/24304; https://sig.tse.jus.br/ords/dwapr/r/seai/sig-eleitor-eleitorado-mensal/cruzamento-eleitorado-mensal?p24_metricas=E&p24_back=22&p24_cruzamento_1=ds_sexo&clear=24&session=316438377179864; https://sig.tse.jus.br/ords/dwapr/r/seai/sig-eleitor-eleitorado-mensal/cruzamento-eleitorado-mensal?p24_cruzamento_1=ds_faixa_etaria&p24_metricas=E&p24_back=22&clear=24&session=316438377179864; https://sig.tse.jus.br/ords/dwapr/r/seai/sig-eleitor-eleitorado-mensal/cruzamento-eleitorado-mensal?p24_cruzamento_1=ds_grau_instrucao&p24_metricas=E&p24_back=22&clear=24&session=316438377179864 ; Ano=2026; Mês =JUNHO; UF= MG; MUNICIPIO = ITUIUTABA; ""Está prevista eventual ponderação da amostra para correção das variáveis sexo, idade, renda familiar e escolaridade com base nos percentuais anteriormente mencionados, caso ocorram diferenças entre os percentuais previstos na amostra e a coleta de dados realizada. Dentro do público-alvo, serão realizadas 400 entrevistas. O nível de confiança estimado é de 95% e a margem de erro máxima prevista, baseada em uma amostra aleatória simples (AAS), é de cerca de 4,8 pontos percentuais para mais ou para menos em relação aos totais da amostra. Nível Econômico: IBGE (Censo/2010) - Observação: Conforme informações obtidas do Instituto Brasileiro de Geografia e Estatística, o IBGE, não divulgou - e não tem previsão - de data para divulgação do perfil econômico (nível econômico) da população brasileira; portanto, os dados quanto ao nível econômico obtidos no Censo 2022, não podem ser utilizados, pois não foram publicados.""";"Para a realização da pesquisa, utiliza-se uma equipe de entrevistadores e supervisores credenciados devidamente treinados pela empresa para esse tipo de pesquisa. Após os trabalhos de campo, 100% dos questionários são criticados e passam por uma fiscalização de cerca de 20% (vinte por cento) dos questionários aplicados por cada entrevistador; para verificação da consistência das respostas e da adequação dos entrevistados aos parâmetros amostrais.";"#NULO#"
"28/09/2026";"05:46:54";2026;81;"Eleições Gerais 2026";"MG";"MG";"MINAS GERAIS";"MG009982026";"2026-09-02 22:45:29";"S";"22345021000181";"REAL TIME MIDIA LTDA";"REAL TIME BIG DATA";"Governador, Senador";"2026-09-03 00:00:00";"2026-09-07 00:00:00";"2026-09-08 00:00:00";2000;"10839";"Isabela Zara Cremoneze";"30000,00";"Pesquisa quantitativa, que consiste na realização de entrevistas com eleitores do universo a ser explorado, feitas em combinação mista por entrevistadores humanos e recursos de inteligência artificial, com a aplicação de questionário estruturado com abordagens telefônicas e digitais junto a uma amostra representativa do eleitorado em estudo. Pesquisa realizada no Estado de Minas Gerais (MG).";"Representativo do eleitorado da área em estudo, elaborada em três estágios.
No primeiro estágio, realiza-se um sorteio probabilístico dos municípios onde as entrevistas serão realizadas, pelo método PPT (Probabilidade Proporcional ao Tamanho), tomando a população eleitora de 16 anos ou mais residente nos municípios como base para essa seleção.
No segundo estágio, efetua-se um sorteio probabilístico das localidades dentro dos municípios selecionados, também pelo método PPT (Probabilidade Proporcional ao Tamanho), considerando a população eleitora de 16 anos ou mais residente nessas localidades como base para a seleção.
No terceiro e último estágio, dentro das localidades sorteadas, os respondentes são selecionados por meio de quotas amostrais proporcionais, em função de variáveis significativas, a saber:

GÊNERO:
Feminino: 52,49%;
Masculino: 47,51%.
(Fonte: TSE, Agosto/2026 -- https://sig.tse.jus.br/ords/dwapr/r/seai/sig-eleitor-eleitorado-mensal/cruzamento-eleitorado-mensal?p24_metricas=E&p24_back=22&p24_cruzamento_1=ds_sexo&clear=24&session=200047853196389)
FAIXA ETÁRIA:
16 anos: 0,30%;
17 anos: 0,51%;
18 a 20 anos: 3,75%;
21 a 24 anos: 6,21%;
25 a 34 anos: 18,03%;
35 a 44 anos: 19,00%;
45 a 59 anos: 25,70%;
60 a 69 anos: 13,78%;
70 a 79 anos: 8,19%;
Superior a 79 anos: 4,53%.
(Fonte: TSE, Agosto/2026 -- https://sig.tse.jus.br/ords/dwapr/r/seai/sig-eleitor-eleitorado-mensal/cruzamento-eleitorado-mensal?p24_cruzamento_1=ds_faixa_etaria&p24_metricas=E&p24_back=22&clear=24&session=200047853196389)
ESCOLARIDADE:
Analfabeto: 3,90%;
Lê e Escreve: 6,63%;
Ensino Fundamental Incompleto: 23,93%;
Ensino Fundamental Completo: 6,03%;
Ensino Médio Incompleto: 19,66%;
Ensino Médio Completo: 25,32%;
Ensino Superior Incompleto: 4,32%;
Ensino Superior Completo: 10,21%.
(Fonte: TSE, Agosto/2026 -- https://sig.tse.jus.br/ords/dwapr/r/seai/sig-eleitor-eleitorado-mensal/cruzamento-eleitorado-mensal?p24_cruzamento_1=ds_grau_instrucao&p24_metricas=E&p24_back=22&clear=24&session=200047853196389)
RENDA DOMICILIAR MENSAL:
Sem rendimento: 3,03%;
Até 1/2 Salário Mínimo: 2,44%;
Mais de 1/2 a 1 Salário Mínimo: 15,35%;
Mais de 1 a 2 Salários Mínimos: 24,50%;
Mais de 2 a 5 Salários Mínimos: 35,45%;
Mais de 5 a 10 Salários Mínimos: 12,76%;
Mais de 10 a 20 Salários Mínimos: 4,55%;
Mais de 20 Salários Mínimos: 1,92%.
(Fonte: IBGE (CENSO-2010) -- https://cidades.ibge.gov.br/brasil/mg/pesquisa/23/24304?detalhes=true)
Observação: De acordo com informações do Instituto Brasileiro de Geografia e Estatística (IBGE), não há previsão de data para a divulgação do perfil econômico da população brasileira do CENSO 2022. Portanto, os dados sobre o nível econômico obtidos no Censo 2022 não podem ser utilizados, pois ainda não foram publicados.
Está prevista eventual ponderação para correção das variáveis sexo e idade, com base nos percentuais anteriormente mencionados, caso ocorram diferenças superiores a 3 pontos percentuais entre o previsto na amostra e a coleta de dados realizada. Para as variáveis de grau de instrução e nível econômico do entrevistado, o fator previsto para ponderação é 1 (resultados obtidos em campo). O nível de confiança estimado é de 95% e a margem de erro máxima estimada considerando um modelo de amostragem aleatório simples, é de aproximadamente 2 (dois) pontos percentuais para mais ou para menos sobre os resultados encontrados no total da amostra.";"O trabalho de coleta de dados é acompanhado por supervisores humanos. São selecionados aleatoriamente 15% (quinze por cento) dos questionários para uma verificação posterior e, em caso de dúvida, o formulário é descartado e o responsável pela coleta chamado para esclarecimentos. Há uma equipe especializada que confere os dados à exaustão com objetivo de averiguar e aferir os resultados coletados.";"O anexo do arquivo com os bairros será realizado até o dia seguinte da divulgação conforme indicado no §7º. do art. 2º. da Resolução-TSE nº. 23.600/2019."
"28/09/2026";"05:46:54";2026;81;"Eleições Gerais 2026";"MG";"MG";"MINAS GERAIS";"MG075972026";"2026-09-23 16:02:52";"N";"09028982000102";"INSTITUTO VER PESQUISA E COMUNICACAO LTDA";"#NULO#";"Governador, Senador, Deputado Federal, Deputado Estadual, Deputado Distrital";"2026-09-25 00:00:00";"2026-09-27 00:00:00";"2026-09-29 00:00:00";600;"7822";"Nilson Jose Batista";"10000,00";"Pesquisa quantitativa, de survey, que consiste na realização de entrevistas pessoais, domiciliares e presenciais, conduzidas por profissionais treinados, com a aplicação de questionários estruturados a uma amostra representativa da população eleitora de 16 anos ou mais residente no município de Governador Valadares .";"O público pesquisado é composto por eleitores de 16 anos ou mais residentes no município de Governador Valadares . Para produzir uma amostra representativa desse público-alvo, utilizamos um desenho amostral que prevê DOIS estágios. No primeiro estágio, é feito um sorteio aleatório de setores censitários para comporem a amostra por meio do método PPT (Probabilidade Proporcional ao Tamanho) com base no número de habitantes segundo o Censo 2022. Por fim, são selecionados domicílios e pessoas a serem entrevistadas utilizando-se cotas amostrais para as seguintes variáveis: sexo, idade e escolaridade. O perfil da amostra, definido pelas cotas previstas, é o seguinte: SEXO: Feminino ( 55 %); Masculino ( 45 %). IDADE: 16-24 anos ( 11 %); 25-34 anos ( 18 %); 35-44 anos ( 18 %); 45-59 anos ( 27 %); 60 anos ou mais ( 26 %). ESCOLARIDADE/INSTRUÇÃO: Fundamental completo e médio incompleto ( 17 %); Médio completo e superior incompleto ( 35 %); Sem instrução e fundamental incompleto ( 30 %); Superior completo ( 17 %). RENDA DOMICILIAR TOTAL: Até 2 salários-mínimos ( 46 %); Mais de 2 a 5 salários-mínimos ( 35 %); Mais de 5 salários-mínimos ( 19 %). Fonte dos dados: para a distribuição de sexo e idade, Tribunal Superior Eleitoral (setembro/2026); para a malha de setores censitários e a distribuição de escolaridade/instrução, Censo 2022 (IBGE); para a distribuição de renda domiciliar, Censo 2010 (IBGE). Está prevista eventual pós-estratificação da amostra, por meio de algoritmos de calibração (rake), para correção de estimativas e das distribuições das variáveis sexo, idade, renda familiar e escolaridade, com base nos percentuais anteriormente mencionados. Dentro do público-alvo anteriormente descrito, serão realizadas 600 entrevistas. O nível de confiança das estimativas é de 95% e a margem de erro máxima prevista, baseada em uma amostra aleatória simples (AAS), deverá ser de cerca de 4 pontos percentuais para mais ou para menos em relação aos totais da amostra.";"A coleta de dados será realizada por entrevistadores e supervisores contratados pelo Instituto Ver Pesquisa e Comunicação Ltda devidamente treinados para o tipo de trabalho. Serão checados os áudios de uma amostra de 20% dos questionários realizados, e todos serão analisados por meio do sistema de coleta, que registrará a coordenada geográfica de onde foi realizada a entrevista, bem como a data e o horário de início e término de cada entrevista. Em caso de divergências nos parâmetros anteriores, poderá ser realizada uma verificação através de ligação telefônica para verificar a integridade das respostas e da adequação dos entrevistados aos parâmetros amostrais.";"A área de abrangência da coleta é o município de Governador Valadares . A relação de áreas de abrangência da pesquisa constará em anexo."
"28/09/2026";"05:46:54";2026;81;"Eleições Gerais 2026";"MG";"MG";"MINAS GERAIS";"MG036882026";"2026-09-23 23:02:36";"N";"54078523000180";"PROMIDIA PESQUISA DE OPINIAO PUBLICA E MARKETING LTDA";"PROMIDIA PESQUISAS DE OPINIAO PUBLICA";"Governador, Senador";"2026-09-18 00:00:00";"2026-09-24 00:00:00";"2026-09-29 00:00:00";1120;"9618";"ANDRESSA KELLY DE OLIVEIRA";"70000,00";"Pesquisa quantitativa, com realização de entrevistas pessoais, mediante aplicação de questionário estruturado junto a uma amostra representativa do eleitorado residente na área pesquisada, com idade de 16 anos ou mais.
O universo da pesquisa é constituído por 16.377.659 eleitores, conforme os dados eleitorais utilizados como referência para a composição da amostra.";"Será utilizada uma amostra de 1.120 entrevistas presenciais. A composição da amostra terá como referência as distribuições populacionais de sexo, faixa etária e grau de instrução do eleitorado de Minas Gerais, segundo as Estatísticas do Eleitorado do Tribunal Superior Eleitoral (TSE), referentes a 2026, e a distribuição da renda domiciliar segundo a PNAD Contínua Anual 2025 ¿ IBGE. A amostra será selecionada em dois estágios. No primeiro estágio, serão selecionados aleatoriamente os setores censitários, utilizando-se o número de eleitores como medida de tamanho. No segundo estágio, serão realizadas entrevistas presenciais nos setores selecionados, mediante controle das cotas de sexo, faixa etária e grau de instrução. As cotas previstas são: Sexo ¿ feminino: 52,48% (588); masculino: 47,50% (532). Faixa etária ¿ 16 a 24 anos: 10,76% (121); 25 a 34 anos: 18,03% (202); 35 a 44 anos: 19,00% (213); 45 a 59 anos: 25,70% (288); 60 anos ou mais: 26,51% (296). Grau de instrução ¿ analfabeto: 3,89% (44); lê e escreve: 6,63% (74); ensino fundamental incompleto: 23,92% (268); ensino fundamental completo: 6,03% (68); ensino médio incompleto: 19,64% (220); ensino médio completo: 25,32% (284); ensino superior incompleto: 4,32% (48); ensino superior completo: 10,21% (114).
Para o nível econômico, será considerada a distribuição da renda domiciliar mensal total, estimada a partir dos microdados da PNAD Contínua Anual 2025 ¿ IBGE: até 2 salários-mínimos: 30,41% (341); mais de 2 até 5 salários-mínimos: 43,48% (487); acima de 5 salários-mínimos: 26,11% (292). A renda será utilizada como variável de referência e, quando necessário, para ponderação da amostra.
Quando necessárias, serão aplicados fatores de ponderação para adequar a composição da amostra às distribuições de referência.
Considerando nível de confiança de 95%, a margem de erro máxima teórica para 1.120 entrevistas é de aproximadamente 2,93 pontos percentuais, para uma proporção de 50%, sob a hipótese de amostragem aleatória simples. Como o desenho prevê seleção de setores censitários, a precisão efetiva poderá variar em função do efeito de desenho.";"As entrevistas serão realizadas por equipe de entrevistadores previamente orientada e treinada, mediante aplicação padronizada do questionário e controle das cotas amostrais. A coleta será presencial, com utilização de dispositivos eletrônicos para registro das entrevistas.
O trabalho de campo será acompanhado por procedimentos internos de controle, conferência e fiscalização, incluindo a verificação da consistência dos registros, do preenchimento dos questionários, do cumprimento das cotas e da realização das entrevistas nos setores censitários selecionados. Os registros serão submetidos a procedimentos de conferência e validação para identificação de inconsistências, duplicidades e entrevistas realizadas em desacordo com os critérios estabelecidos no plano amostral.";"A relação dos respectivos bairros ou áreas de realização das entrevistas, dos códigos dos setores censitários e do número de entrevistas planejadas em cada setor será apresentada em arquivo anexo ao registro da pesquisa. Nos casos em que não houver delimitação formal de bairro, será identificada a área ou localidade correspondente à realização da pesquisa, conforme as regras aplicáveis ao registro e à divulgação de pesquisas eleitorais. A identificação dos setores censitários terá como referência os códigos e a divisão territorial adotados pelo Instituto Brasileiro de Geografia e Estatística IBGE."
"28/09/2026";"05:46:54";2026;81;"Eleições Gerais 2026";"MG";"MG";"MINAS GERAIS";"MG006242026";"2026-09-24 23:28:09";"N";"54078523000180";"PROMIDIA PESQUISA DE OPINIAO PUBLICA E MARKETING LTDA";"PROMIDIA PESQUISAS DE OPINIAO PUBLICA";"Senador, Deputado Federal, Deputado Estadual";"2026-09-26 00:00:00";"2026-09-30 00:00:00";"2026-09-30 00:00:00";720;"9618";"Andressa Kelly de Oliveira";"37500,00";"Pesquisa quantitativa, com realização de entrevistas pessoais, mediante aplicação de questionário estruturado junto a uma amostra representativa do eleitorado residente na área pesquisada, com idade de 16 anos ou mais.";"Será utilizada uma amostra de 720 entrevistas, junto ao eleitorado residente no município de Alfenas/MG, com idade de 16 anos ou mais. A composição da amostra terá como referência as distribuições do eleitorado por sexo, faixa etária e grau de instrução, segundo as Estatísticas do Eleitorado do Tribunal Superior Eleitoral (TSE), e a distribuição do nível econômico, operacionalizado pela renda domiciliar mensal, segundo dados públicos do IBGE.A amostra será selecionada em dois estágios. No primeiro estágio, serão selecionados probabilisticamente os setores censitários do município de Alfenas, utilizando-se Amostragem com Probabilidade Proporcional ao Tamanho (PPT), tendo o número de eleitores como medida de tamanho. No segundo estágio, serão realizadas entrevistas pessoais e presenciais nos setores selecionados, mediante controle de cotas proporcionais de sexo, faixa etária, grau de instrução e renda domiciliar mensal.As cotas previstas são: Sexo ¿ feminino: 53,3% (384); masculino: 46,7% (336). Grau de instrução ¿ analfabeto: 1,8% (13); lê e escreve: 5,2% (38); ensino fundamental incompleto: 22,7% (163); ensino fundamental completo: 6,9% (49); ensino médio incompleto: 26,5% (191); ensino médio completo: 21,9% (158); ensino superior incompleto: 5,3% (38); ensino superior completo: 9,7% (70).Faixa etária ¿ 16 a 24 anos: 10,0% (72); 25 a 34 anos: 18,0% (130); 35 a 44 anos: 18,8% (135); 45 a 59 anos: 25,4% (183); 60 anos ou mais: 27,8% (200). Nível econômico ¿ renda domiciliar mensal: até 2 salários-mínimos: 32,4% (233); mais de 2 até 5 salários-mínimos: 42,8% (308); acima de 5 salários-mínimos: 24,8% (179). Fonte: IBGE ¿ Censo Demográfico 2010, informações sobre rendimento domiciliar.É prevista eventual aplicação de fatores de ponderação para correção de diferenças entre a composição efetivamente obtida na coleta e as distribuições de referência de sexo, faixa etária, grau de instrução e renda domiciliar mensal, quando necessárias.
A pesquisa é quantitativa, mediante realização de entrevistas pessoais e presenciais, com aplicação de questionário estruturado junto a uma amostra do eleitorado de Alfenas/MG, com idade de 16 anos ou mais.
No segundo estágio, a seleção dos entrevistados será realizada nos setores censitários selecionados, por meio de cotas operacionais de controle proporcional referentes a sexo, faixa etária, grau de instrução e renda domiciliar mensal.
Fontes dos dados: sexo, faixa etária e grau de instrução: Estatísticas do Eleitorado do Tribunal Superior Eleitoral (TSE), Eleições 2026, município de Alfenas/MG; renda domiciliar mensal: IBGE ¿ Censo Demográfico.
Considerando nível de confiança de 95%, proporção máxima de variabilidade (p = 50%) e amostragem aleatória simples com correção para população finita, a margem de erro máxima estimada para a amostra de 720 entrevistas é de aproximadamente 3,63 pontos percentuais para mais ou para menos.";"O trabalho de coleta de dados é realizado pela equipe de pesquisadores, que recebe treinamento prévio para execução, acompanhados por supervisor de campo. O supervisor tem a responsabilidade e é treinado para distribuir os entrevistadores nos diversos pontos de consulta, realizar coletas, acompanhar, orientar, corrigir ou invalidar o trabalho dos pesquisadores e conferir por si ou por entrevistador designado cerca de 10% das entrevistas. A coleta é feita em tablets e/ou dispositivos eletrônicos e a fiscalização conta com georreferenciamento dos setores pesquisados e checagem, para verificação e adequação aos parâmetros amostrais.";"A relação dos os dados relativos aos bairros abrangidos pela pesquisa ou a área em que a mesma foi realizada será apresentado até o dia seguinte à data a partir da qual a pesquisa puder ser divulgada, conforme §7º do art. 2º da Resolução-TSE nº. 23.600/2019."
"28/09/2026";"05:46:54";2026;81;"Eleições Gerais 2026";"MG";"MG";"MINAS GERAIS";"MG020222026";"2026-09-24 16:42:16";"S";"32898151000103";"SECTRAL SERVICOS E COMERCIO EM GERAL LTDA";"SECTRAL NEGOCIOS";"Deputado Federal, Deputado Estadual";"2026-09-27 00:00:00";"2026-09-29 00:00:00";"2026-09-30 00:00:00";700;"9063";"LINIANE GAZOLA";"8000,00";"Pesquisa quantitativa, de natureza exploratório-descritiva, com abrangência : POÇOS DE CALDAS - MG , contempla eleitores
residentes nas zonas urbana e rural, por intermédio de entrevistas presenciais, aplicada tanto em domicilio quanto em ponto de fluxo
populacional como (vias publicas, comercio, terminais, praças e locais de grande movimento), vinculados aos bairros, ou povoados de
moradia, mediante a aplicação de questionário estruturado com perguntas abertas e fechadas, através de dispositivo eletrônico (tablet /
celular). As entrevistas são executadas por entrevistadores treinados previamente e identificados, atendendo a critérios de elegibilidade a saber:
ter 16 anos ou mais, residir no local foco da pesquisa e ter título de eleitor
Empresa Contratante e Pagante pelo trabalho: SECTRAL SERVICOS E COMERCIO EM GERAL LTDA (CHROMO PESQUISAS)
CNPJ/CPF: 32.898.151/0001-03
ORIGEM DO RECURSO: PROPRIO";"A amostra prevista é de 700 entrevistas.
O público-alvo da pesquisa é constituído por eleitores com 16 anos ou mais, residentes na área de abrangência do estudo.
Para assegurar a representatividade estatística desse universo, adotou-se um delineamento amostral probabilístico em três etapas:
Na primeira etapa realiza-se um sorteio probabilístico dos municípios onde as entrevistas serão realizadas através do método PPT (Probabilidade
Proporcional ao Tamanho), considerando a população eleitora com 16 anos ou mais residente nos municípios como base para essa seleção.
Na segunda etapa, faz-se um sorteio probabilístico das localidades, onde as entrevistas serão realizadas, através do método PPT (Probabilidade
Proporcional ao Tamanho), tomando a população eleitora de 16 anos ou mais residente nas localidades como base para essa seleção. Na
terceira etapa, a seleção do entrevistado dentro da localidade, será feita utilizando-se quotas amostrais proporcionais, em função das seguintes
variáveis:

Sexo:
Masculino 45,86%;
Feminino 54,14% .
FONTE: TSE- AGOSTO-26

Faixa etária:
16 a 24 anos 9,43% ;
25 a 34 anos 16,72% ;
35 a 44 anos 18,57%
45 a 59 anos 26,14% ;
60 anos ou mais 29,14% .
FONTE: TSE- AGOSTO-26

Grau de instrução:
Analfabeto até Lê e escreve 3,86% ;
Fundamental incompleto até Fundamental completo 30,29% ;
Médio incompleto até Médio completo 46,28% ;
Superior incompleto até Superior completo 19,57% .
FONTE: TSE- AGOSTO-26

Nível econômico/renda familiar:
Sem rendimento - Até 1 salário mínimo 11,86% ;
Acima de 1 a 2 salários mínimos 19,29% ;
Acima de 2 a 5 salários mínimos 42,71% ;
Acima de 5 salários mínimos 26,14% .

Fonte https://cidades.ibge.gov.br/brasil/mg/pocos-de-caldas/pesquisa/23/24304
Fonte para a malha de setores censitários, Censo 2022 (IBGE);
A definição dos parâmetros populacionais para as cotas amostrais baseia-se nos dados do Censo Demográfico mais recente disponibilizado
pelo IBGE, admitindo-se, nos termos do art. 2º, § 2º, ""a"", da Resolução TSE nº 23.600/2019, a utilização de informações defasadas quando não
houver dados atualizados, devidamente justificada no registro da pesquisa.
Como etapa complementar ao plano amostral, prevê-se a pós-estratificação manual, aplicável apenas se constatadas diferenças entre a
distribuição obtida em campo e os parâmetros populacionais predefinidos para as variáveis de controle. O procedimento consiste no ajuste
ponderado das frequências amostrais, com base na comparação entre percentuais observados e previstos, com o fim de recompor a
proporcionalidade da amostra em relação ao universo. Tal ajuste constitui prática metodológica padrão e não decorre de qualquer fragilidade
no processo de coleta ou seleção da amostra.
Margem de Erro máxima prevista é: 3,69% pontos percentuais para mais ou para menos, considerando um
nível de confiança de 95% e baseada em uma amostra aleatória simples (AAS).";"As entrevistas são realizadas por equipes devidamente treinadas e identificados, utilizando para a coleta dispositivo eletronico,
as equipes serão acompanhadas por um coordenador / supervisor que atua como fiscal de campo fazendo o controle,
a verificação e a fiscalização da coleta de dados. Após a coleta, a pesquisa será checada, criticada e codificada,
internamente de acordo com o padrão estabelecido pela ABEP (Associação Brasileira de Empresas de Pesquisa). Todo o
material será 100% criticado e 20% verificado, conforme procedimento padrão em pesquisa de opinião publica. As
informações serão processadas por meio de programa especifico, para a tabulação e eleaboração dos resultados. Os dados
serão gerados no formato de tabelas de frequencia, e analisados criteriosamente. Ao final sera elaborado um relatorio analitico-
descritivo, contendo tabelas e graficos para o resultado de cada pergunta realizada no questionario, seguindo as
exigencias do TSE.
Os dados coletados e tratados nesta pesquisa atendem às exigências da LGPD, Lei Geral de Proteção de Dados garantindo
ao respondente o sigilo de sua identidade e o correto tratamento de suas respostas.";"A área de abrangência da coleta é : POÇOS DE CALDAS - MG
A relação das localidades e setores censitários selecionadas para aplicação da amostra será apresentada
a partir do dia em que a pesquisa puder ser divulgada e até o dia seguinte, conforme expresso no
art. 2º, §7º da Resolução 23.600/2019 doTSE."
"28/09/2026";"05:46:54";2026;81;"Eleições Gerais 2026";"MG";"MG";"MINAS GERAIS";"MG023552026";"2026-09-24 22:39:18";"N";"45634145000182";"NEXXUS MAIS LTDA";"NEXXUS MAIS";"Governador, Senador, Deputado Federal, Deputado Estadual";"2026-09-26 00:00:00";"2026-09-29 00:00:00";"2026-09-30 00:00:00";801;"10984";"Renato Alves Moreira";"8000,00";"Levantamento de pesquisa quantitativa, que consiste na realização de entrevistas com eleitores do universo a serem explorados, feitas com coleta aleatória via questionário estruturado via web e recursos de inteligência artificial, com abordagens digitais junto a uma amostra representativa do eleitorado do município de Conselheiro Lafaiete, Estado de Minas Gerais (MG).";"Representativo do eleitorado da área em estudo, elaborada em três etapas. Na primeira etapa, realiza-se um sorteio probabilístico dos municípios onde as entrevistas serão realizadas, pelo método PPT (Probabilidade Proporcional ao Tamanho), tomando a população eleitoral de 16 anos ou mais residente nos municípios. No segundo estágio, efetua-se um sorteio probabilístico das localidades dentro dos municípios selecionados, também pelo método PPT (Probabilidade Proporcional ao Tamanho), considerando a população dos eleitores de 16 anos ou mais residente nessas localidades.
Na terceira e última etapa, dentro das localidades sorteadas, os respondentes são selecionados por meio de quotas amostrais proporcionais, em função das seguintes variáveis significativas.
FAIXA DE SEXO é a seguinte: Masculino de 48% Feminino: 52%, com ponderação para eleitores que colocam outras respostas.
FAIXA DE IDADE é a seguinte:
De 16 a 24 anos com 13%, de 25 a 34 anos com 19%, de 35 a 44 anos com 17% anos, de 45 a 59 anos com 24% e a partir de 60 anos com 27%.
FAIXA DE ESCOLARIDADE é a seguinte:
Analfabeto, lê e escreve, ensino fundamental incompleto e ensino fundamental completo com 40%. Ensino médio incompleto e ensino médio completo com 35%.Ensino superior incompleto e ensino superior completo com 25%.
FAIXA DE RENDA DOMICILIAR MENSAL é a seguinte:
Sem rendimento até 2 salários mínimos mensal com 55%. De 2 até 5 salários mínimos mensal com 24%. Mais de 5 salários mínimos mensal com 21%.
Está prevista eventual ponderação para correção das variáveis sexo e idade, com base nos percentuais anteriormente mencionados, com variáveis de até 3 pontos percentuais para mais ou para menos entre o previsto na amostra e a coleta de dados realizada. Para as variáveis de escolaridade e renda domiciliar mensal pode ter variação de até 5 pontos percentuais para mais ou para menos. O nível de confiança estimado é de 93% e a margem de erro máxima estimada considerando um modelo de amostragem aleatório simples, é de aproximadamente 3,5 (três pontos e meio) pontos percentuais para mais ou para menos sobre os resultados encontrados no total da amostra.";"O trabalho de coleta de dados é acompanhado por supervisores humanos. São selecionados aleatoriamente 20% (vinte por cento) dos questionários para uma verificação posterior e, em caso de dúvida, a entrevista é refeita com outra entrevista. Há uma equipe que confere os dados com objetivo de averiguar e aferir os resultados coletados. Em todas as perguntas eleitorais são colocados os seguintes códigos:
96.Não conhece, nunca ouviu nos candidatos
97.Nenhum dos nomes apresentados, voto nulo ou branco
98.Indecisos ou não responderam
99.Outros nomes apresentados, outras respostas
";"O anexo do arquivo com os setores, bairros será realizado até o dia seguinte da divulgação conforme indicado no §7º. do art. 2º. da Resolução-TSE nº. 23.600/2019."
"28/09/2026";"05:46:54";2026;81;"Eleições Gerais 2026";"MG";"MG";"MINAS GERAIS";"MG056132026";"2026-04-25 20:54:16";"S";"00654576000172";"INSTITUTO VERITA LTDA";"VERITA";"Governador, Senador";"2026-04-26 00:00:00";"2026-04-30 00:00:00";"2026-05-01 00:00:00";2030;"10699";"GUILHERME ALVARENGA LAIA";"156310,00";"Pesquisa quantitativa, que consiste na realização de entrevistas, com a aplicação de questionário estruturado junto a uma amostra representativa do eleitorado desta Unidade da Federação.";"ESTUDO REPRESENTATIVO DO ELEITORADO DO ESTADO DE MINAS GERAIS - MÉTODO PPT (Probabilidade Proporcional ao Tamanho) - PLANO AMOSTRAL E PONDERAÇÃO QUANTO A SEXO, IDADE, GRAU DE INSTRUÇÃO E NÍVEL ECONÔMICO DO ENTREVISTADO; INTERVALO DE CONFIANÇA E MARGEM DE ERRO: Representativo do eleitorado da área em estudo, elaborada, em vários estágios, da seguinte forma: - 1. Divisão da UF em estratos proporcionais de municípios. 2. Ordenação dos municípios de cada estrato segundo o porte. 3. Sorteio dos municípios de cada estrato. 4. Os respondentes são selecionados através de quotas amostrais proporcionais em função de variáveis significativas, a saber: GÊNERO / FAIXA ETÁRIA - FEMININO E MASCULINO 16 A 34 ANOS 14,9% E 14%, 35 A 54 ANOS 19,3% E 17,9%, 55 ANOS OU MAIS 18,3% E 15,6%. GRAU DE INSTRUÇÃO ¿ FEMININO E MASCULINO Sem instrução até Ensino Médio completo 64,1%, Ensino superior incompleto e completo 35,9% NÍVEL ECONÔMICO - FEMININO população não economicamente ativa 46,5% população economicamente ativa 53,5% MASCULINO população não economicamente ativa 27,2% população economicamente ativa 72,8%. RENDA FAMILIAR DO DOMICÍLIO renda familiar de até 2 salários-mínimos 30,7%; de 2 a 5 salários-mínimos 44,2%, acima de 5 salários-mínimos 25,1%. Está prevista eventual ponderação para correção das variáveis, com base nos percentuais anteriormente mencionados, caso ocorram diferenças superiores a margem de erro da pesquisa previsto entre a amostra e a coleta de dados realizada. O fator previsto para ponderação é 1 (resultados obtidos na coleta de dados). O intervalo de confiança estimado é de 95% e a margem de erro máxima estimada considerando um modelo de amostragem aleatório simples, é de aproximadamente 2,5 pontos percentuais para mais ou para menos sobre os resultados encontrados no total da amostra. FONTE DOS DADOS: IBGE/Censo 2022 para fins de densidade demográfica, setores censitários e alocação da amostra. IBGE/PNAD/PNADC/MEC/INEP para fins de Nível Econômico e Escolaridade. TSE FEVEREIRO/2026 para fins de Sexo, Faixa Etária e eleitorado por município ou regiões previamente definidas (importante ressaltar para o público leigo que os dados do TSE são os únicos corretos para gênero, idade dos eleitores e quantitativo de eleitores por municípios já que a base de dados se atualiza automaticamente, PORÉM, dados de escolaridade e nível econômico NÃO são corretos e confiáveis devido a desatualização que ocorre naturalmente com o passar dos anos). Definição de margem de erro e intervalo de confiança: Margem de erro e intervalo de confiança não são grandezas diretamente proporcionais. A SOMA NÃO TEM QUE RESULTAR 100%. ";"Após os trabalhos de coleta de dados, os questionários são submetidos a uma fiscalização, conferência e checagem de cerca de 20% (vinte por cento) dos questionários aplicados.";"A relação dos municípios sorteados ou selecionados para esta pesquisa será apresentada em arquivo anexo até 1 (um) dia após a divulgação desta pesquisa conforme §7º. do art. 2º. da Resolução-TSE nº. 23.600/2019. A área de abrangência desta pesquisa é o Estado DE MINAS GERAIS"
"28/09/2026";"05:46:54";2026;81;"Eleições Gerais 2026";"MG";"MG";"MINAS GERAIS";"MG059192026";"2026-09-11 20:11:04";"S";"00654576000172";"INSTITUTO VERITA LTDA";"VERITA";"Governador, Senador";"2026-09-12 00:00:00";"2026-09-17 00:00:00";"2026-09-17 00:00:00";2030;"10699";"Guilherme Alvarenga Laia";"156310,00";"Estudo quantitativo voltado às Eleições 2026, realizado por meio de entrevistas individuais, aplicadas mediante questionário eletrônico estruturado e Unidade Automatizada de Respostas Audíveis e Auditáveis, por meio de ligações para telefones móveis (celulares). A inteligência artificial é empregada exclusivamente para a transcrição automatizada das respostas em áudio, não interferindo na formulação das perguntas, na condução das entrevistas, na coleta das informações, na interpretação das respostas ou no tratamento estatístico dos dados.

A participação dos eleitores é voluntária, espontânea e não remunerada. As respostas são prestadas por autodeclaração, sendo, em sua maioria, registradas por meio de códigos numéricos correspondentes às alternativas previamente definidas no questionário.

A utilização de sistema eletrônico automatizado para a coleta e o registro das respostas proporciona elevado nível de padronização operacional, reduz a possibilidade de interferência humana durante a realização das entrevistas, amplia a rastreabilidade e a auditabilidade de todo o processo de coleta e contribui para maior precisão, consistência e confiabilidade dos dados obtidos.

O plano amostral foi elaborado para assegurar a representatividade estatística do eleitorado da respectiva Unidade da Federação, observando critérios técnicos de seleção, distribuição e ponderação da amostra, quando aplicáveis.";"A pesquisa foi planejada para produzir uma amostra estatisticamente representativa do eleitorado do estado DE MINAS GERAIS, utilizando o método de Probabilidade Proporcional ao Tamanho (PPT), com plano amostral em múltiplos estágios. Na primeira etapa, esta Unidade da Federação é dividida em macrorregiões, de forma a assegurar adequada distribuição territorial da amostra e representação das diferentes características geográficas, demográficas e eleitorais. Na segunda etapa, os municípios de cada estrato são ordenados segundo seu porte populacional e eleitoral e sorteados. Na terceira etapa, os respondentes são selecionados entre os eleitores aptos residentes nos municípios sorteados, observando-se a distribuição proporcional da amostra e as cotas estabelecidas para as variáveis de sexo, faixa etária, grau de instrução e nível econômico. As cotas são estabelecidas para a pesquisa completa, considerando a composição do eleitorado e os parâmetros oficiais de referência, não sendo aplicadas isoladamente a cada município selecionado.

SEXO E FAIXA ETÁRIA - Fonte: Tribunal Superior Eleitoral (TSE), Perfil do Eleitorado, junho de 2026. Feminino de 16 a 34 anos: 15,2%; Masculino de 16 a 34 anos: 14,2%; Feminino de 35 a 54 anos: 19,1%; Masculino de 35 a 54 anos: 17,7%; Feminino com 55 anos ou mais: 18,3%; Masculino com 55 anos ou mais: 15,6%. Os parâmetros de sexo e idade têm como referência o cadastro eleitoral brasileiro atualizado pelo Tribunal Superior Eleitoral, considerando o universo de eleitores aptos com 16 anos ou mais.

GRAU DE INSTRUÇÃO - Fonte: IBGE - PNAD Contínua Anual 2025. A distribuição é: sem instrução 3%; ensino fundamental incompleto ou equivalente 27%; ensino fundamental completo ou equivalente 9%; ensino médio incompleto ou equivalente 8%; ensino médio completo ou equivalente 31,4%; ensino superior incompleto ou equivalente 5%; ensino superior completo 16,6%. Para não confundir os respondentes as faixas de escolaridade no questionário foram agrupadas em 3 faixas: até ensino fundamental incompleto e completo, ensino médio incompleto e completo e superior incompleto, completo ou mais. A PNAD Contínua é utilizada como referência por constituir a fonte oficial mais atualizada para a mensuração do nível de instrução da população brasileira, sua utilização também corrige limitações decorrentes da ausência de atualização obrigatória e contínua das informações de escolaridade no cadastro eleitoral do Tribunal Superior Eleitoral.

NÍVEL ECONÔMICO - RENDA FAMILIAR DO DOMICÍLIO - Fonte: IBGE - PNAD Contínua Anual 2025. Considera-se a renda domiciliar total, compreendendo rendimentos provenientes de trabalho formal e informal, aposentadorias, pensões, benefícios sociais e demais fontes de renda existentes no domicílio. observando-se a seguinte distribuição: renda familiar de até 2 salários-mínimos 38,5%; de 2 a 5 salários-mínimos 41,1%, acima de 5 salários-mínimos 20,4%.

PONDERAÇÃO E CALIBRAÇÃO DA AMOSTRA - Prevê-se eventual ponderação das variáveis de sexo, faixa etária, grau de instrução e nível econômico, caso sejam verificadas diferenças relevantes entre a distribuição da amostra efetivamente coletada e os parâmetros populacionais de referência adotados. Inicialmente, o fator de ponderação é igual a 1 (um), podendo ser recalculado sempre que necessário para assegurar a representatividade estatística da amostra.
INTERVALO DE CONFIANÇA E MARGEM DE ERRO - O intervalo de confiança adotado é de 95%, com margem máxima estimada de erro de aproximadamente 2,5 pontos percentuais, para mais ou para menos, sobre os resultados do total da amostra, calculada segundo o modelo de amostragem aleatória simples e a hipótese de máxima variabilidade.";"Após os trabalhos de coleta de dados, os questionários são submetidos a uma fiscalização, conferência e checagem de cerca de 20% (vinte por cento) dos questionários aplicados. Todas as entrevistas são integralmente registradas em áudio, permanecendo auditáveis e rastreáveis, permitindo a verificação da integridade do processo de coleta, preservado o sigilo das informações pessoais dos entrevistados e observadas as disposições da Lei Geral de Proteção de Dados Pessoais (Lei nº 13.709/2018).";"Em observância ao art. 2º, § 7º, da Resolução TSE nº 23.600/2019, com redação dada pela Resolução TSE nº 23.747/2026, a presente pesquisa terá seu registro complementado no Sistema de Registro de Pesquisas Eleitorais a partir da data em que sua divulgação for permitida e até o dia seguinte, com a identificação dos municípios em que foram realizadas as entrevistas, bem como da composição final da amostra quanto a gênero, idade, grau de instrução e nível econômico, na forma exigida pela legislação eleitoral vigente."
"28/09/2026";"05:46:54";2026;81;"Eleições Gerais 2026";"MG";"MG";"MINAS GERAIS";"MG051512026";"2026-09-24 00:20:17";"N";"28492188000151";"DATA DADOS PESQUISA E OPINIAO PUBLICA LTDA";"DATA DADOS PESQUISA DE MERCADO";"Governador, Senador";"2026-09-20 00:00:00";"2026-09-25 00:00:00";"2026-09-30 00:00:00";1420;"9618";"ANDRESSA KELLY DE OLIVEIRA";"52100,00";"Pesquisa quantitativa, com realização de entrevistas pessoais, mediante aplicação de questionário estruturado junto a uma amostra representativa do eleitorado residente na área pesquisada, com idade de 16 anos ou mais.";"Será realizada pesquisa quantitativa, mediante entrevistas pessoais, junto a eleitores residentes no Estado de Minas Gerais, com idade de 16 anos ou mais. A amostra será composta por 1.420 entrevistas, distribuídas em 82 municípios do Estado. A seleção da amostra será realizada em múltiplos estágios. Na primeira etapa, serão selecionados municípios e setores censitários, considerando-se o número de eleitores como medida de tamanho e buscando-se adequada dispersão territorial da amostra. Na segunda etapa, serão realizadas entrevistas presenciais nos setores censitários selecionados, mediante aplicação de questionário estruturado e controle da composição da amostra.Para a composição e o controle da amostra, serão consideradas as distribuições de sexo, faixa etária e grau de instrução. A renda domiciliar mensal total será coletada em três faixas e utilizada para controle da composição da amostra e, quando necessário, para ponderação dos resultados.As cotas de sexo, faixa etária e escolaridade terão como referência as estatísticas eleitorais do Tribunal Superior Eleitoral (TSE) para o Estado de Minas Gerais. A distribuição da renda domiciliar mensal terá como referência os microdados da PNAD Contínua Anual 2025, do Instituto Brasileiro de Geografia e Estatística (IBGE).A distribuição da amostra será: Sexo: 745 entrevistas do sexo feminino (52,48%) e 675 do sexo masculino (47,50%). Faixa etária: 153 entrevistas de 16 a 24 anos (10,76%); 256 de 25 a 34 anos (18,03%); 270 de 35 a 44 anos (19,00%); 365 de 45 a 59 anos (25,70%); e 376 com 60 anos ou mais (26,51%). Grau de instrução: 150 entrevistas na categoria analfabeto/sabe ler e escrever (10,53%); 425 com ensino fundamental incompleto/completo (29,95%); 639 com ensino médio incompleto/completo (44,96%); e 206 com ensino superior incompleto/completo (14,52%). Renda domiciliar mensal total: 432 entrevistas na faixa de até 2 salários mínimos (30,41%); 617 na faixa de mais de 2 até 5 salários mínimos (43,48%); e 371 na faixa acima de 5 salários mínimos (26,11%). Quando necessárias, serão aplicados fatores de ponderação para adequar a composição da amostra às distribuições de referência. Considerando nível de confiança de 95%, a margem de erro máxima teórica para uma amostra de 1.420 entrevistas é de aproximadamente 2,60 pontos percentuais, para uma proporção de 50%, sob a hipótese de amostragem aleatória simples. Em razão do desenho amostral, que prevê seleção de municípios e setores censitários, a precisão efetiva das estimativas poderá variar em função do efeito de desenho.";"As entrevistas serão realizadas por equipe de entrevistadores previamente orientada e treinada, mediante aplicação padronizada do questionário e controle das cotas amostrais. A coleta será presencial, com utilização de dispositivos eletrônicos para registro das entrevistas.
O trabalho de campo será acompanhado por procedimentos internos de controle, conferência e fiscalização, incluindo verificação da consistência dos registros, do preenchimento dos questionários, do cumprimento das cotas e da realização das entrevistas nos setores censitários selecionados.
Os registros serão submetidos a procedimentos de conferência e validação para identificação de inconsistências, duplicidades e entrevistas em desacordo com os critérios estabelecidos no plano amostral.";"A relação dos municípios, bairros ou áreas de realização da coleta, respectivos códigos dos setores censitários e número de entrevistas planejadas será apresentada em arquivo anexo ao registro da pesquisa.
A identificação dos setores censitários tem como referência os códigos e a divisão territorial utilizados pelo Instituto Brasileiro de Geografia e Estatística ¿ IBGE."
"28/09/2026";"05:46:54";2026;81;"Eleições Gerais 2026";"MG";"MG";"MINAS GERAIS";"MG048102026";"2026-09-26 22:06:43";"S";"00654576000172";"INSTITUTO VERITA LTDA";"VERITA";"Governador, Senador";"2026-09-26 00:00:00";"2026-10-01 00:00:00";"2026-10-02 00:00:00";2030;"10699";"Guilherme Alvarenga Laia";"156310,00";"Estudo quantitativo voltado às Eleições 2026, realizado por meio de entrevistas individuais, aplicadas mediante questionário eletrônico estruturado e Unidade Automatizada de Respostas Audíveis e Auditáveis, por meio de ligações para telefones móveis (celulares). A inteligência artificial é empregada exclusivamente para a transcrição automatizada das respostas em áudio, não interferindo na formulação das perguntas, na condução das entrevistas, na coleta das informações, na interpretação das respostas ou no tratamento estatístico dos dados.

A participação dos eleitores é voluntária, espontânea e não remunerada. As respostas são prestadas por autodeclaração, sendo, em sua maioria, registradas por meio de códigos numéricos correspondentes às alternativas previamente definidas no questionário.

A utilização de sistema eletrônico automatizado para a coleta e o registro das respostas proporciona elevado nível de padronização operacional, reduz a possibilidade de interferência humana durante a realização das entrevistas, amplia a rastreabilidade e a auditabilidade de todo o processo de coleta e contribui para maior precisão, consistência e confiabilidade dos dados obtidos.

O plano amostral foi elaborado para assegurar a representatividade estatística do eleitorado da respectiva Unidade da Federação, observando critérios técnicos de seleção, distribuição e ponderação da amostra, quando aplicáveis.";"A pesquisa foi planejada para produzir uma amostra estatisticamente representativa do eleitorado do estado DE MINAS GERAIS, utilizando o método de Probabilidade Proporcional ao Tamanho (PPT), com plano amostral em múltiplos estágios. Na primeira etapa, esta Unidade da Federação é dividida em macrorregiões, de forma a assegurar adequada distribuição territorial da amostra e representação das diferentes características geográficas, demográficas e eleitorais. Na segunda etapa, os municípios de cada estrato são ordenados segundo seu porte populacional e eleitoral e sorteados. Na terceira etapa, os respondentes são selecionados entre os eleitores aptos residentes nos municípios sorteados, observando-se a distribuição proporcional da amostra e as cotas estabelecidas para as variáveis de sexo, faixa etária, grau de instrução e nível econômico. As cotas são estabelecidas para a pesquisa completa, considerando a composição do eleitorado e os parâmetros oficiais de referência, não sendo aplicadas isoladamente a cada município selecionado.

SEXO E FAIXA ETÁRIA - Fonte: Tribunal Superior Eleitoral (TSE), Perfil do Eleitorado, junho de 2026. Feminino de 16 a 34 anos: 15,2%; Masculino de 16 a 34 anos: 14,2%; Feminino de 35 a 54 anos: 19,1%; Masculino de 35 a 54 anos: 17,7%; Feminino com 55 anos ou mais: 18,3%; Masculino com 55 anos ou mais: 15,6%. Os parâmetros de sexo e idade têm como referência o cadastro eleitoral brasileiro atualizado pelo Tribunal Superior Eleitoral, considerando o universo de eleitores aptos com 16 anos ou mais.

GRAU DE INSTRUÇÃO - Fonte: IBGE - PNAD Contínua Anual 2025. A distribuição é: sem instrução 3%; ensino fundamental incompleto ou equivalente 27%; ensino fundamental completo ou equivalente 9%; ensino médio incompleto ou equivalente 8%; ensino médio completo ou equivalente 31,4%; ensino superior incompleto ou equivalente 5%; ensino superior completo 16,6%. Para não confundir os respondentes as faixas de escolaridade no questionário foram agrupadas em 3 faixas: até ensino fundamental incompleto e completo, ensino médio incompleto e completo e superior incompleto, completo ou mais. A PNAD Contínua é utilizada como referência por constituir a fonte oficial mais atualizada para a mensuração do nível de instrução da população brasileira, sua utilização também corrige limitações decorrentes da ausência de atualização obrigatória e contínua das informações de escolaridade no cadastro eleitoral do Tribunal Superior Eleitoral.

NÍVEL ECONÔMICO - RENDA FAMILIAR DO DOMICÍLIO - Fonte: IBGE - PNAD Contínua Anual 2025. Considera-se a renda domiciliar total, compreendendo rendimentos provenientes de trabalho formal e informal, aposentadorias, pensões, benefícios sociais e demais fontes de renda existentes no domicílio. observando-se a seguinte distribuição: renda familiar de até 2 salários-mínimos 38,5%; de 2 a 5 salários-mínimos 41,1%, acima de 5 salários-mínimos 20,4%.

PONDERAÇÃO E CALIBRAÇÃO DA AMOSTRA - Prevê-se eventual ponderação das variáveis de sexo, faixa etária, grau de instrução e nível econômico, caso sejam verificadas diferenças relevantes entre a distribuição da amostra efetivamente coletada e os parâmetros populacionais de referência adotados. Inicialmente, o fator de ponderação é igual a 1 (um), podendo ser recalculado sempre que necessário para assegurar a representatividade estatística da amostra.
INTERVALO DE CONFIANÇA E MARGEM DE ERRO - O intervalo de confiança adotado é de 95%, com margem máxima estimada de erro de aproximadamente 2,5 pontos percentuais, para mais ou para menos, sobre os resultados do total da amostra, calculada segundo o modelo de amostragem aleatória simples e a hipótese de máxima variabilidade.";"Após os trabalhos de coleta de dados, os questionários são submetidos a uma fiscalização, conferência e checagem de cerca de 20% (vinte por cento) dos questionários aplicados. Todas as entrevistas são integralmente registradas em áudio, permanecendo auditáveis e rastreáveis, permitindo a verificação da integridade do processo de coleta, preservado o sigilo das informações pessoais dos entrevistados e observadas as disposições da Lei Geral de Proteção de Dados Pessoais (Lei nº 13.709/2018).";"Em observância ao art. 2º, § 7º, da Resolução TSE nº 23.600/2019, com redação dada pela Resolução TSE nº 23.747/2026, a presente pesquisa terá seu registro complementado no Sistema de Registro de Pesquisas Eleitorais a partir da data em que sua divulgação for permitida e até o dia seguinte, com a identificação dos municípios em que foram realizadas as entrevistas, bem como da composição final da amostra quanto a gênero, idade, grau de instrução e nível econômico, na forma exigida pela legislação eleitoral vigente."
"28/09/2026";"05:46:54";2026;81;"Eleições Gerais 2026";"MG";"MG";"MINAS GERAIS";"MG061242026";"2026-09-13 10:29:26";"N";"23297294000160";"PANORAMA COMUNICACAO, PESQUISA E ASSESSORIA LTDA";"INSTITUTO PANORAMA";"Governador, Senador";"2026-09-14 00:00:00";"2026-09-18 00:00:00";"2026-09-19 00:00:00";1500;"8956";"Francy Anne Barbosa Cesar";"90000,00";"Objetivos: O intuito da pesquisa é averiguar a intenção de votos dos candidatos em/no MINAS GERAIS - BR. Utilizou-se a pesquisa quantitativa, por meio de questionários, Plano
amostral e ponderação quanto a sexo, idade, grau de instrução e nível econômico do entrevistado; Nível de confiança e margem de erro.";"Calculou-se a amostra com nível de confiança de 95,00% e margem de erro de 2,45 pontos percentuais para mais ou para menos. O tamanho da população alvo (número de eleitores de(o) MINAS GERAIS - BR) é igual a 16.349.103 eleitores, conforme o Tribunal Superior Eleitoral. Com base no tamanho populacional, nível de confiança e margem de erro chegou-se à amostra de 1500 eleitores de(o) MINAS GERAIS - BR. O eleitor é selecionado aleatoriamente, um por domicílio.
Ponderou-se a amostra conforme sexo, idade, grau de instrução, nível econômico e regiões. Os dados referentes a sexo, idade e grau de instrução foram retirados no site do TSE(Tribunal Superior Eleitoral), por meio da url- https://sig.tse.jus.br/ords/dwapr/r/seai/sig-eleitor-eleitorado-mensal/home, tendo como mês e ano de referência. A fonte dos dados relacionados ao nível econômico é do IBGE (Instituto Brasileiro de Geografia e Estatística). Acessado pelo site na data deste plano amostral por meio da urlhttps://sidra.ibge.gov.br/Tabela/1161. Ambas as fontes foram pesquisadas em 11/09/2026. Ponderação quanto ao sexo: masculino - 47,49%; feminino - 52,48% e não informado - 0,02% Ponderação quanto à faixa etária: 16 a 24 anos - 10,77%; 25 a 34 anos - 18,03%; 35 a 44 anos - 19,00%; 45 a 59 anos - 25,70%; 60 anos ou mais - 26,50% e Inválida/Não se aplica/Não informada - 0,00% Ponderação quanto ao grau de escolaridade: Analfabeto - 3,89%; lê e escreve - 6,63%; ensino fundamental - 29,95%; ensino médio - 44,96%; ensino superior - 14,53% e não informado - 0,04%. Ponderação quanto ao nível econômico: Sem rendimento - até 1 salário mínimo - 61,92%; acima de 1 até 3 salários mínimos - 29,11%; acima de 3 até 5 salários mínimos - 4,73%;
acima de 5 salários mínimos - 4,24%;";"Todos os entrevistadores são treinados para o trabalho de campo. Cada entrevistador está devidamente identificado com crachá (com foto) e colete do instituto. Os supervisores de campo acompanham in loco a coleta dos dados, garantindo a conferência de todo material coletado. O método é uma entrevista por casa. São entrevistados maiores de 16 anos que votam em MINAS GERAIS - BR. Pelo menos 10% dos questionários aplicados pelos entrevistadores são checados pelos supervisores de campo (in loco). Todos os dados são criticados
e verificados.";"A área pesquisada será anexada conforme resolução."
"28/09/2026";"05:46:54";2026;81;"Eleições Gerais 2026";"MG";"MG";"MINAS GERAIS";"MG042942026";"2026-09-22 23:16:57";"S";"19259002000128";"ATLASINTEL TECNOLOGIA DE DADOS LTDA";"ATLASINTEL";"Governador, Senador";"2026-09-22 00:00:00";"2026-09-27 00:00:00";"2026-09-28 00:00:00";1800;"11220";"ANDREI CAMILO DOS SANTOS";"75000,00";"Pesquisa quantitativa com coleta aleatória via questionário estruturado web e pós-estratificação da amostra de acordo com as características do eleitorado de Minas Gerais.";"Amostra aleatória pós-estratificada via algoritmo iterativo com quotas proporcionais, representando as características do eleitorado de Minas Gerais:
SEXO: Masculino: 47.5%; Feminino: 52.5%.
FAIXA ETÁRIA: Entre 16 a 24 anos: 10.8%; Entre 25 a 34 anos: 18.0%; Entre 35 a 44 anos: 19.0%; Entre 45 a 59 anos: 25.7%; 60 ou mais: 26.5%.
ESCOLARIDADE: Até Ensino Médio completo ou incompleto (inclui Ensino Fundamental completo/incompleto e pessoas sem instrução): 74.4%; Ensino Superior completo ou incompleto: 25.6%.
NÍVEL ECONÔMICO: Renda familiar mensal até R$ 2.000: 15.1%; de R$ 2.000 a R$ 3.000: 10.2%; de R$ 3.000 a R$ 5.000: 28.6%; de R$ 5.000 a R$ 10.000: 29.9%; mais de R$ 10.000: 16.3%.
OBS.: devido ao arredondamento, a soma dos percentuais pode variar de 99% a 101%. Na agregação final, para cada variável de ponderação, serão admissíveis desvios de até 2 pontos percentuais em relação às quotas estipuladas. Confiança estimada: 95%, margem de erro: +/- 2.0 pontos percentuais. FONTE DOS DADOS: PNADC 2026 para escolaridade | PNADC 2025 para renda | TSE 2026 para sexo e faixa etária.";"Coleta feita com a utilização de questionário eletrônico com procedimentos específicos para o armazenamento seguro dos dados. São checados manualmente no mínimo 15% dos questionários para detectar possíveis anomalias. Pesquisadores especializados realizam internamente uma verificação exaustiva da consistência dos dados antes da divulgação dos resultados finais.";"#NULO#"
"28/09/2026";"05:46:54";2026;81;"Eleições Gerais 2026";"MG";"MG";"MINAS GERAIS";"MG013022026";"2026-09-23 22:10:27";"N";"24089028000105";"F5 ATUALIZA DADOS LTDA";"F5 ATUALIZA DADOS";"Governador, Senador, Deputado Federal, Deputado Estadual";"2026-09-25 00:00:00";"2026-09-26 00:00:00";"2026-09-29 00:00:00";775;"9.077";"EDMILSON ANTONIO PEREIRA JUNIOR";"5500,00";"A metodologia de pesquisa utilizada é quantitativa, do tipo survey, que consiste na aplicação domiciliar de questionários estruturados junto a uma amostra representativa de eleitores do município de Paracatu (MG).";"A amostra dos eleitores Paracatu (MG) é distribuída de forma a contemplar todas as regiões geográficas do município, a partir de quotas proporcionais ao universo, conforme os dados disponibilizados nos sites do TSE e do IBGE, considerando as variáveis sexo, faixa etária, grau de instrução e nível econômico dos entrevistados.
Distribuição da amostra: Sexo (Fonte: TSE-2026, acesso em 23/09/2026): Masculino [48,3%]; Feminino [51,7%]. Faixa etária (Fonte: TSE-2026, acesso em 23/09/2026): 16 a 24 anos [12,1%]; 25 a 34 anos [20,2%]; 35 a 44 anos [20,6%]; 45 a 59 anos [25,3%]; 60 anos ou mais [21,8%]. Grau de instrução (Fonte: TSE-2026, acesso em 23/09/2026): Analfabeto/Lê ou escreve [10,5%]; Ensino Fundamental completo ou incompleto [26,9%]; Ensino Médio completo ou incompleto [50,2%]; Ensino Superior completo ou incompleto [12,4%]. Nível econômico (Fonte: Censo Demográfico IBGE-2010): Até 2 salários mínimos [85,9%]; Mais de 2 a 5 salários mínimos [10,3%]; Mais de 5 salários mínimos [3,8%]. O fator de ponderação utilizado é igual a 1, entretanto, está prevista eventual ponderação para correção das variáveis, caso ocorram diferenças superiores a 2 pontos percentuais entre o previsto na amostra e a coleta de dados realizada. A amostra utilizada de 775 eleitores do município de Paracatu (MG), ao nível de 95% de confiança, apresenta margem de erro estimada de 3,5 pontos percentuais, para mais ou para menos.";"Serão checadas 20% das entrevistas. Sistema interno de verificação.";"Arquivo anexo!"
"28/09/2026";"05:46:54";2026;81;"Eleições Gerais 2026";"MG";"MG";"MINAS GERAIS";"MG019982026";"2026-09-27 21:55:56";"N";"64500153000180";"LAIS CRISTINA RODRIGUES DE OLIVEIRA LTDA";"IPSENSUS PESQUISAS";"Deputado Federal, Deputado Estadual";"2026-09-28 00:00:00";"2026-10-02 00:00:00";"2026-10-03 00:00:00";300;"7655";"AUGUSTO DA SILVA ROCHA";"12000,00";"A pesquisa cobrirá o município envolvendo todas regiões do município de São Francisco/MG Universo da pesquisa será dos eleitores com 16 anos ou mais. A amostra representará os eleitores do Município, selecionados em 2(dois) estágios. No primeiro estágio, os setores censitários, onde as entrevistas serão realizadas, foram selecionadas, probabilisticamente, através do método PPT - Probabilidade Proporcional ao Tamanho, tomando o número de eleitores como base para seleção. No segundo estágio, a seleção do entrevistado, dentro do setor censitário, será feita utilizando-se quotas proporcionais, e a abordagem será domiciliar.";"Utilizamos quotas proporcionais, em função das seguintes variáveis:

Gênero: FEMININO 50,94% ;
MASCULINO 49,06% ;


Faixa etária: 16 a 24 anos 14,33% ;
25 a 34 anos 20,48% ;
35 a 44 anos 19,25% ;
45 a 59 anos 22,12% ;
60 anos ou mais 23,82% ;


Grau de instrução: Analfabeto 10,88% ;
Ensino Fundamental Completo 4,15% ;
Ensino Fundamental Incompleto 22,47% ;
Ensino Médio Completo 20,37% ;
Ensino Médio Incompleto 22,06% ;
Lê E Escreve 11,89% ;
Superior Completo 0,02% ;
Superior Incompleto 6,22% ;
Fonte dos dados: TSE-Tribunal Superior Eleitoral/julho2026; Cruzamento Eleitorado Mensal https://sig.tse.jus.br/ords/dwapr/r/seai/sig-eleitor-eleitorado-mensal/cruzamento-eleitorado-mensal?p0_municipio=S%C3%83O%20FRANCISCO&p0_uf=MG&session=217000701481941 ;


Ano=2026; Mês = agosto; UF= MG; MUNICIPIO = São Francisco;

Renda familiar (A variável ¿classe de rendimento nominal mensal domiciliar¿ corresponde à classificação dos domicílios segundo a soma dos rendimentos nominais mensais de seus moradores, expressa em faixas de salários mínimos vigentes no período de referência do Censo Demográfico 2010. Trata-se da renda total do domicílio, não dividida pelo número de moradores, não devendo ser confundida com rendimento domiciliar per capita. Para fins de planejamento amostral e ponderação, foram preservadas as categorias e os percentuais originalmente disponibilizados pelo IBGE, sem reagrupamento ou recálculo das faixas.): Até 1/2 salário mínimo 9,94% ;
Mais de 1/2 a 1 salário mínimo 26,36% ;
Mais de 1 a 2 salários mínimos 31,31% ;
Mais de 2 a 5 salários mínimos 22,16% ;
Mais de 5 a 10 salários mínimos 4,20% ;
Mais de 10 a 20 salários mínimos 0,99% ;
Mais de 20 salários mínimos 0,27% ;
Sem rendimento 4,77% ;

Fonte dos dados: IBGE-Censo 2010-IBGE-CENSO 2022 (IBGE/Censo 2010 - Classe de rendimento nominal mensal domiciliar) ; https://cidades.ibge.gov.br/brasil/mg/sao-francisco/pesquisa/23/24304 ;


""Está prevista eventual ponderação da amostra para correção das variáveis sexo, idade, renda familiar e escolaridade com base nos percentuais anteriormente mencionados, caso ocorram diferenças entre os percentuais previstos na amostra e a coleta de dados realizada. O nível de confiança estimado é de 95% e a margem de erro máxima prevista, baseada em uma amostra aleatória simples (AAS), é de cerca de 5,7 pontos percentuais para mais ou para menos em relação aos totais da amostra. Nível Econômico: IBGE (Censo/2010) - Observação: Conforme informações obtidas do Instituto Brasileiro de Geografia e Estatística, o IBGE, não divulgou - e não tem previsão - de data para divulgação do perfil econômico (nível econômico) da população brasileira; portanto, os dados quanto ao nível econômico obtidos no Censo 2022, não podem ser utilizados, pois não foram publicados.""";"Para a realização da pesquisa, utiliza-se uma equipe de entrevistadores e supervisores credenciados devidamente treinados pela empresa para esse tipo de pesquisa. Após os trabalhos de campo, 100% dos questionários são criticados e passam por uma fiscalização de cerca de 20% (vinte por cento) dos questionários aplicados por cada entrevistador; para verificação da consistência das respostas e da adequação dos entrevistados aos parâmetros amostrais.";"#NULO#"
"28/09/2026";"05:46:54";2026;81;"Eleições Gerais 2026";"MG";"MG";"MINAS GERAIS";"MG067052026";"2026-09-27 18:30:10";"N";"07630546000175";"DATAFOLHA INSTITUTO DE PESQUISAS LTDA.";"#NULO#";"Governador, Senador";"2026-10-02 00:00:00";"2026-10-03 00:00:00";"2026-10-03 00:00:00";2010;"7249A";"Renata Nunes Cesar";"270086,00";"Pesquisa do tipo quantitativo, por amostragem, com aplicação de questionário estruturado e abordagem pessoal em pontos de fluxo populacional. O eleitorado do estado de Minas Gerais foi tomado como universo da pesquisa.";"Universo: Eleitorado do estado de Minas Gerais
Tamanho da amostra: A amostra prevista é de 2010 entrevistas.
Técnica de amostragem: A amostra é estratificada por natureza dos municípios (capital, região metropolitana ou interior), sendo que os estratos são desproporcionais em relação ao tamanho do universo. Posteriormente, as proporções corretas serão restabelecidas na fase de ponderação dos dados. Os municípios com população acima de 500 mil habitantes constituem estratos. Em cada estrato, num primeiro estágio, são sorteados com probabilidade proporcional ao tamanho (PPT) os municípios que farão parte do levantamento. Num segundo estágio, são sorteados os bairros e pontos de abordagem onde serão aplicadas as entrevistas. Por fim, os entrevistados são selecionados aleatoriamente para responder ao questionário, de acordo com cotas de gênero e faixa etária.

Os dados utilizados para definição e seleção da amostra são baseados nos dados fornecidos pelo TSE (dados mais recentes disponíveis), IBGE (Censo 2022, PNADC-A 2024 e Estimativa populacional 2025), além de dados primários de outros levantamentos do instituto. Os dados relativos a gênero e faixa etária são: Homens: 48%, mulheres: 52%, 16 a 24 anos: 11%, 25 a 34 anos: 18%, 35 a 44 anos: 19%, 45 a 59 anos: 26% e 60 anos ou mais: 26%.

Para a variável grau de instrução os dados utilizados como referência são: até nível médio completo ou incompleto (inclui os sem escolaridade e analfabetos) =78% e nível superior (inclui superior incompleto) = 22%.

Ponderação dos resultados: Está prevista ponderação considerando os estratos da amostra (natureza do município e alguns municípios), gênero e faixa etária. A variável escolaridade poderá ser ajustada de acordo com os percentuais detalhados anteriormente caso a diferença entre os valores descritos e observados seja maior que a margem de erro definida. Para o nível econômico do entrevistado (renda familiar mensal declarada pelo respondente), a distribuição utilizada como referência foi: Até 2 S.M. (salários mínimos)=46%, mais de 2 S.M.=48%, não souberam ou recusaram a resposta=6%. O fator previsto para ponderação é 1 (resultados obtidos em campo).


Margem de Erro: A margem de erro máxima prevista é 2 pontos percentuais para mais ou para menos, considerando um nível de confiança de 95% e baseada em uma amostra aleatória simples (AAS). Os intervalos de confiança serão calculados considerando os resultados obtidos para um nível de confiança de 95%.";"Os entrevistadores envolvidos na realização desta pesquisa são treinados pelo Instituto e recebem instruções específicas para cada projeto realizado. A coleta será feita com a utilização de tablet e questionário eletrônico. São checados, no mínimo, 20% dos questionários de cada pesquisador, seja in loco por supervisores de campo ou, posteriormente, por telefone. Internamente, todo o material é verificado e codificado. Antes do processamento final e emissão dos resultados, realiza-se processo de consistência dos dados. Os dados coletados e tratados nesta pesquisa atendem às exigências da LGPD, Lei Geral de Proteção de Dados, garantindo ao respondente o sigilo de sua identidade e o correto tratamento de suas respostas.";"Área física: A área de abrangência da coleta dos dados é o estado de Minas Gerais. A relação completa dos municípios e bairros pesquisados será anexada ao registro até o dia seguinte à data de publicação da pesquisa, conforme Resolução 23.600/2019 do TSE, no art.2º §7º."
"28/09/2026";"05:46:54";2026;81;"Eleições Gerais 2026";"MG";"MG";"MINAS GERAIS";"MG004462026";"2026-08-15 23:28:42";"N";"07630546000175";"DATAFOLHA INSTITUTO DE PESQUISAS LTDA.";"#NULO#";"Governador, Senador";"2026-08-18 00:00:00";"2026-08-21 00:00:00";"2026-08-21 00:00:00";1204;"72.49A";"Renata Nunes Cesar";"162051,60";"Pesquisa do tipo quantitativo, por amostragem, com aplicação de questionário estruturado e abordagem pessoal em pontos de fluxo populacional. O eleitorado do estado de Minas Gerais foi tomado como universo da pesquisa.";"Universo: Eleitorado do estado de Minas Gerais
Tamanho da amostra: A amostra prevista é de 1204 entrevistas. 
Técnica de amostragem: A amostra é estratificada por natureza dos municípios (capital, região metropolitana ou interior), sendo que os estratos são desproporcionais em relação ao tamanho do universo. Posteriormente, as proporções corretas serão restabelecidas na fase de ponderação dos dados. Os municípios com população acima de 500 mil habitantes constituem estratos. Em cada estrato, num primeiro estágio, são sorteados com probabilidade proporcional ao tamanho (PPT) os municípios que farão parte do levantamento. Num segundo estágio, são sorteados os bairros e pontos de abordagem onde serão aplicadas as entrevistas.  Por fim, os entrevistados são selecionados aleatoriamente para responder ao questionário, de acordo com cotas de gênero e faixa etária. 

Os dados utilizados para definição e seleção da amostra são baseados nos dados fornecidos pelo TSE (dados mais recentes disponíveis),  IBGE (Censo 2022, PNADC-A 2024 e Estimativa populacional 2025), além de dados primários de outros levantamentos do instituto.  Os dados relativos a gênero e faixa etária são: Homens: 48%, mulheres: 52%, 16 a 24 anos: 11%, 25 a 34 anos: 18%, 35 a 44 anos: 19%, 45 a 59 anos: 26% e 60 anos ou mais: 26%.

Para a variável grau de instrução os dados utilizados como referência são: até nível médio completo ou incompleto (inclui os sem escolaridade e analfabetos) =78% e nível superior (inclui superior incompleto) = 22%.

Ponderação dos resultados: Está prevista ponderação considerando os estratos da amostra (natureza do município e alguns municípios), gênero e faixa etária. A variável escolaridade poderá ser ajustada de acordo com os percentuais detalhados anteriormente caso a diferença entre os valores descritos e observados seja maior que a margem de erro definida.  Para o nível econômico do entrevistado (renda familiar mensal declarada pelo respondente), a distribuição utilizada como referência foi: Até 2 S.M. (salários mínimos)=46%, mais de 2 S.M.=48%, não souberam ou recusaram a resposta=6%.  O fator previsto para ponderação é 1 (resultados obtidos em campo).


Margem de Erro: A margem de erro máxima prevista é de 3 pontos percentuais para mais ou para menos, considerando um nível de confiança de 95% e baseada em uma amostra aleatória simples (AAS). Os intervalos de confiança serão calculados considerando os resultados obtidos para um nível de confiança de 95%.
";"Os entrevistadores envolvidos na realização desta pesquisa são treinados pelo Instituto e recebem instruções específicas para cada projeto realizado. A coleta será feita com a utilização de tablet e questionário eletrônico. São checados, no mínimo, 20% dos questionários de cada pesquisador, seja in loco por supervisores de campo ou, posteriormente, por telefone. Internamente, todo o material é verificado e codificado. Antes do processamento final e emissão dos resultados, realiza-se processo de consistência dos dados. Os dados coletados e tratados nesta pesquisa atendem às exigências da LGPD, Lei Geral de Proteção de Dados, garantindo ao respondente o sigilo de sua identidade e o correto tratamento de suas respostas.";"Área física: A área de abrangência da coleta dos dados é o estado de Minas Gerais. A relação completa dos municípios e bairros pesquisados será anexada ao registro até o dia seguinte à data de publicação da pesquisa, conforme Resolução 23.600/2019 do TSE, no art.2º §7º. "
"28/09/2026";"05:46:54";2026;81;"Eleições Gerais 2026";"MG";"MG";"MINAS GERAIS";"MG078982026";"2026-09-14 19:18:25";"N";"24089028000105";"F5 ATUALIZA DADOS LTDA";"F5 ATUALIZA DADOS";"Governador, Senador";"2026-09-15 00:00:00";"2026-09-18 00:00:00";"2026-09-20 00:00:00";1560;"9.077";"EDMILSON ANTONIO PEREIRA JUNIOR";"7500,00";"A metodologia de pesquisa utilizada é quantitativa, realizada por meio da realização de ligações para telefones fixos e celulares junto a uma amostra de eleitores do estado de Minas Gerais.";"A amostra de eleitores do estado de Minas Gerais é alocada de forma a considerar todas as Regiões Intermediárias, sendo que dentro de cada Região Intermediária fará parte da amostra: a sede da Região (autorrepresentativa), dois municípios com população de até 30 mil habitantes (Porte 1) e outros dois municípios com população superior a 30 mil habitantes (Porte 2). Os municípios de Porte 1 e Porte 2 foram sorteados aleatoriamente. A quantidade de eleitores entrevistados em cada porte de município é assim definida: sede de Região ¿ 40 entrevistados; município de Porte 1 ¿ 15 entrevistados; e município de Porte 2 ¿ 25 entrevistados.
A amostra dos eleitores do estado de Minas Gerais também leva em consideração as quotas referentes ao universo pesquisado, disponibilizadas pelos sites do TSE e do IBGE, considerando as variáveis sexo, faixa etária, grau de instrução e nível econômico dos entrevistados. Distribuição da amostra: Sexo (Fonte: TSE-2026): Masculino [47,5%]; Feminino [52,5%]. Faixa etária (Fonte: TSE-2026): 16 a 24 anos ¿ [10,8%]; 25 a 34 anos [18,0%]; 35 a 44 anos [19,0%]; 45 a 59 anos [25,7%]; 60 anos ou mais [26,5%]. Grau de instrução (Fonte: TSE-2026): Analfabeto [3,9%]; Até ensino fundamental incompleto [30,6%]; Ensino fundamental completo [6,0%]; Ensino médio completo ou incompleto [45,0%]; Ensino superior completo ou incompleto [14,5%]. Nível econômico ¿ Renda Domiciliar (Fonte: PNAD Contínua 2025, IBGE): Até 2 salários mínimos [27%]; Mais de 2 a 5 salários mínimos [46%]; Mais de 5 salários mínimos [27%]. O fator de ponderação utilizado é igual a 1, entretanto, está prevista eventual ponderação para correção das variáveis, caso ocorram diferenças superiores a 2 pontos percentuais entre o previsto na amostra e a coleta de dados realizada. A amostra utilizada de 1.560 eleitores do estado de Minas Gerais, ao nível de 95% de confiança, apresenta margem de erro estimada de 2,5 pontos percentuais, para mais ou para menos.";"Serão verificados 20% das entrevistas, sistema interno de verificação.";"Anexo!"
"28/09/2026";"05:46:54";2026;81;"Eleições Gerais 2026";"MG";"MG";"MINAS GERAIS";"MG001022026";"2026-09-25 18:09:59";"N";"64500153000180";"LAIS CRISTINA RODRIGUES DE OLIVEIRA LTDA";"IPSENSUS PESQUISAS";"Governador, Deputado Federal, Deputado Estadual";"2026-09-26 00:00:00";"2026-09-30 00:00:00";"2026-10-01 00:00:00";400;"7655";"AUGUSTO DA SILVA ROCHA";"18200,00";"A pesquisa cobrirá o município envolvendo todas regiões do município de Uberlandia/MG Universo da pesquisa será dos eleitores com 16 anos ou mais. A amostra representará os eleitores do Município, selecionados em 2(dois) estágios. No primeiro estágio, os setores censitários, onde as entrevistas serão realizadas, foram selecionadas, probabilisticamente, através do método PPT - Probabilidade Proporcional ao Tamanho, tomando o número de eleitores como base para seleção. No segundo estágio, a seleção do entrevistado, dentro do setor censitário, será feita utilizando-se quotas proporcionais, e a abordagem será domiciliar.";"Utilizamos quotas proporcionais, em função das seguintes variáveis:

Gênero: FEMININO 54,00% ;
MASCULINO 46,00% ;


Faixa etária: 16 a 24 anos 11,19% ;
25 a 34 anos 19,02% ;
35 a 44 anos 20,42% ;
45 a 59 anos 26,01% ;
60 anos ou mais 23,36% ;


Grau de instrução: Analfabeto 0,89% ;
Ensino Fundamental Completo 7,13% ;
Ensino Fundamental Incompleto 17,25% ;
Ensino Médio Completo 31,05% ;
Ensino Médio Incompleto 14,44% ;
Lê E Escreve 1,72% ;
Superior Completo 18,21% ;
Superior Incompleto 9,31% ;

Fonte dos dados: TSE-Tribunal Superior Eleitoral/julho2026; Cruzamento Eleitorado Mensal https://sig.tse.jus.br/ords/dwapr/r/seai/sig-eleitor-eleitorado-mensal/cruzamento-eleitorado-mensal?p0_municipio=UBERL%C3%82NDIA&p0_uf=MG&session=212521987077527 ;


Ano=2026; Mês = agosto; UF= MA; MUNICIPIO = Cururupu;

Renda familiar (A variável ¿classe de rendimento nominal mensal domiciliar¿ corresponde à classificação dos domicílios segundo a soma dos rendimentos nominais mensais de seus moradores, expressa em faixas de salários mínimos vigentes no período de referência do Censo Demográfico 2010. Trata-se da renda total do domicílio, não dividida pelo número de moradores, não devendo ser confundida com rendimento domiciliar per capita. Para fins de planejamento amostral e ponderação, foram preservadas as categorias e os percentuais originalmente disponibilizados pelo IBGE, sem reagrupamento ou recálculo das faixas.): Até 1/2 salário mínimo 0,49% ;
Mais de 1/2 a 1 salário mínimo 8,38% ;
Mais de 1 a 2 salários mínimos 17,92% ;
Mais de 2 a 5 salários mínimos 41,42% ;
Mais de 5 a 10 salários mínimos 19,85% ;
Mais de 10 a 20 salários mínimos 7,12% ;
Mais de 20 salários mínimos 2,71% ;
Sem rendimento 2,11% ;


Fonte dos dados: IBGE-Censo 2010-IBGE-CENSO 2022 (IBGE/Censo 2010 - Classe de rendimento nominal mensal domiciliar) ; https://cidades.ibge.gov.br/brasil/mg/uberlandia/pesquisa/23/24304 ;


""Está prevista eventual ponderação da amostra para correção das variáveis sexo, idade, renda familiar e escolaridade com base nos percentuais anteriormente mencionados, caso ocorram diferenças entre os percentuais previstos na amostra e a coleta de dados realizada. O nível de confiança estimado é de 95% e a margem de erro máxima prevista, baseada em uma amostra aleatória simples (AAS), é de cerca de 4,9 pontos percentuais para mais ou para menos em relação aos totais da amostra. Nível Econômico: IBGE (Censo/2010) - Observação: Conforme informações obtidas do Instituto Brasileiro de Geografia e Estatística, o IBGE, não divulgou - e não tem previsão - de data para divulgação do perfil econômico (nível econômico) da população brasileira; portanto, os dados quanto ao nível econômico obtidos no Censo 2022, não podem ser utilizados, pois não foram publicados.""";"Para a realização da pesquisa, utiliza-se uma equipe de entrevistadores e supervisores credenciados devidamente treinados pela empresa para esse tipo de pesquisa. Após os trabalhos de campo, 100% dos questionários são criticados e passam por uma fiscalização de cerca de 20% (vinte por cento) dos questionários aplicados por cada entrevistador; para verificação da consistência das respostas e da adequação dos entrevistados aos parâmetros amostrais.";"#NULO#"
"28/09/2026";"05:46:54";2026;81;"Eleições Gerais 2026";"MG";"MG";"MINAS GERAIS";"MG070582026";"2026-09-26 23:22:26";"N";"54078523000180";"PROMIDIA PESQUISA DE OPINIAO PUBLICA E MARKETING LTDA";"PROMIDIA PESQUISAS DE OPINIAO PUBLICA";"Senador, Deputado Federal, Deputado Estadual";"2026-09-24 00:00:00";"2026-09-29 00:00:00";"2026-10-02 00:00:00";1000;"9618";"Andressa Kelly de Oliveira";"37500,00";"Pesquisa quantitativa, com realização de entrevistas pessoais e presenciais, mediante aplicação de questionário estruturado junto a uma amostra do eleitorado residente na área pesquisada, com idade de 16 anos ou mais.";"Será realizada uma pesquisa com 1.000 entrevistas, junto ao eleitorado residente nos cinco municípios abrangidos pela pesquisa: Belo Horizonte, Contagem, Betim, Sabará e Lagoa Santa, representativo do eleitorado da área em estudo.
A amostra será estratificada territorialmente, contemplando os municípios e áreas definidos no plano amostral. A distribuição territorial das entrevistas terá como referência as informações populacionais e territoriais do IBGE, enquanto a composição do eleitorado por sexo, faixa etária e grau de instrução terá como referência os dados do Tribunal Superior Eleitoral ¿ TSE.
A seleção da amostra será estruturada em dois estágios. No primeiro estágio, serão selecionados probabilisticamente os setores censitários ou localidades dentro de cada município, utilizando-se, quando aplicável, a Amostragem com Probabilidade Proporcional ao Tamanho (PPT), tendo o número de eleitores como medida de tamanho.
No segundo estágio, serão realizadas entrevistas pessoais e presenciais nos setores selecionados, mediante controles de cotas proporcionais de sexo, faixa etária, grau de instrução e renda domiciliar, de forma a aproximar a composição da amostra das distribuições de referência estabelecidas para a população pesquisada.
As cotas previstas para a amostra são:
Sexo ¿ feminino 54,4% (544); masculino: 45,6% (456).
Faixa etária: 16 a 24 anos: 9,9% (99); 25 a 34 anos: 17,8% (178); 35 a 44 anos: 19,3% (193); 45 a 59 anos: 26,3% (263); 60 anos ou mais: 26,7% (267).
Grau de instrução: analfabeto: 1,3% (13); lê e escreve: 2,6% (26); ensino fundamental incompleto: 17,3% (173); ensino fundamental completo: 6,4% (64); ensino médio incompleto: 19,7% (197); ensino médio completo: 30,6% (306); ensino superior incompleto: 6,4% (64); ensino superior completo: 15,7% (157).
Para a variável nível econômico, operacionalizada por meio da renda domiciliar mensal, serão utilizadas as seguintes cotas: até 1 salário-mínimo: 12,2% (122); mais de 1 até 2 salários-mínimos: 17,6% (176); mais de 2 até 5 salários-mínimos: 36,1% (361); mais de 5 até 10 salários-mínimos: 19,2% (192); e mais de 10 salários-mínimos: 14,9% (149).
Quando necessárias, serão aplicados fatores de ponderação para adequar a composição final da amostra às distribuições populacionais de referência, considerando as variáveis definidas no plano amostral. Considerando um nível de confiança de 95% e a margem de erro máxima estimada para uma amostra aleatória simples de 1.000 é de 3,1 pontos percentuais para mais ou para menos sobre os resultados encontrados no total da amostra. A margem de erro apresentada constitui uma referência teórica para o tamanho total da amostra. Em razão do desenho amostral adotado, que contempla estratificação territorial e seleção em estágios, o erro efetivo das estimativas poderá variar conforme a distribuição das entrevistas e o efeito do desenho amostral.
FONTE DOS DADOS: Instituto Brasileiro de Geografia e Estatística ¿ IBGE (Censo Demográfico 2010 e 2022) e Tribunal Superior Eleitoral ¿ TSE (Estatísticas do Eleitorado 2026).";"Serão realizadas por uma equipe de entrevistadores qualificados, que receberão treinamento e orientações especificas sobre o questionário e os objetivos da pesquisa, antes de iniciarem a coleta. Durante todo o período de aplicação das, os entrevistadores serão monitorados recebendo apoio ou orientações de uma equipe de supervisores, com experiência e treinamento em pesquisas de opinião pública. Serão checados no mínimo 20% (vinte por cento) dos questionários aplicados por cada entrevistador, para a verificação das respostas e adequação dos entrevistados aos parâmetros amostrais.";"Os dados relativos aos municípios, bairros e demais áreas geográficas efetivamente pesquisadas serão informados na complementação do registro da pesquisa, dentro do prazo estabelecido pela regulamentação eleitoral vigente."
"28/09/2026";"05:46:54";2026;81;"Eleições Gerais 2026";"MG";"MG";"MINAS GERAIS";"MG020192026";"2026-09-23 19:36:58";"N";"22445600000104";"QUAEST PESQUISAS, CONSULTORIA E PROJETOS LTDA.";"#NULO#";"Governador, Senador";"2026-09-25 00:00:00";"2026-09-28 00:00:00";"2026-09-29 00:00:00";1506;"6731";"Margarida Maria de Mendonca";"212346,00";"Pesquisa quantitativa, de survey, que consiste na realização de entrevistas pessoais, domiciliares e presenciais, conduzidas por profissionais treinados, com a aplicação de questionários estruturados a uma amostra representativa da população votante de 16 anos ou mais residente no estado de Minas Gerais. O desenho amostral aplicado combina sorteio probabilístico de municípios e de setores censitários fornecidos pelo IBGE (unidades territoriais homogêneas, de tamanho similar a quadras ou blocos), dentro dos quais serão selecionadas pessoas respondentes por meio de cotas amostrais. Pagante(s) do trabalho: CNPJ 27865757000102 - GLOBO COMUNICACAO E PARTICIPACOES S/A / TV/REDE/GLOBO.COM/CANAIS GLOBO/GLOBOPLAY/ELETROMIDIA.";"O público pesquisado é composto por eleitores de 16 anos ou mais residentes na área de abrangência da pesquisa. Para produzir uma amostra representativa desse público-alvo, utilizamos um desenho amostral por conglomerados que prevê três estágios. No primeiro estágio, é feito um sorteio probabilístico de municípios para comporem a amostra por meio do método PPT (Probabilidade Proporcional ao Tamanho) a partir de suas populações votantes acima de 16 anos. Dentro da lista de municípios sorteados, no segundo estágio, é realizado um sorteio probabilístico por meio do método PPT (Probabilidade Proporcional ao Tamanho) de setores censitários a serem visitados pelos entrevistadores, sorteio que tem como base o total de habitantes residentes nos setores de acordo com dados do Censo de 2022, o que garante a dispersão aleatória e estatística da amostra dentro dos territórios municipais, independentemente de divisões administrativas. Finalmente, dentro da lista de setores censitários sorteados, no último estágio são selecionados domicílios e pessoas a serem entrevistadas utilizando-se cotas amostrais para as seguintes variáveis: sexo, idade, renda familiar e escolaridade. O perfil da amostra, definido pelas cotas previstas, é o seguinte:

Sexo: Masculino (48%); Feminino (52%).
Faixa etária: 16-34 anos (29%); 35-59 anos (44%); 60 ou mais (27%).
Renda domiciliar total, incluindo pensões, benefícios e rendimentos de trabalhos informais: Até 2 salários-mínimos (27%); Mais de 2 a 5 salários-mínimos (46%); Mais de 5 salários-mínimos (27%).
Nível de instrução: Até Fundamental completo ou médio incompleto (45%); Médio completo ou superior incompleto (37%); Superior completo ou mais (18%).

Fonte dos dados: para a distribuição de sexo e idade, TSE-Tribunal Superior Eleitoral - julho/2026; para a malha de setores censitários, Censo 2022 (IBGE); para a distribuição de renda domiciliar, PNADc Anual 2025, 1ª visita (IBGE); e, para a distribuição de escolaridade/instrução, PNADc trimestral 2-2026 (IBGE). A PNADc é utilizada por ser a fonte oficial mais atualizada de rendimentos do país, incluindo rendimentos informais, pensões, entre outros, e corrigindo as defasagens temporais do Censo 2022, além de ser a fonte mais atualizada de nível de instrução da população com 16 anos ou mais dada ausência de atualização obrigatória da escolaridade no registro de eleitores do TSE.

Está prevista eventual pós-estratificação da amostra, por meio de algoritmos de calibração (rake) e modelos (MrP), para correção (1) de estimativas e (2) das distribuições de variáveis que medem o perfil da população.

Dentro do público-alvo anteriormente descrito, serão realizadas 1.506 entrevistas. O nível de confiança das estimativas é de 95% e a margem de erro máxima prevista, atendendo às diretivas do TSE e usando o cálculo para amostra aleatória simples (AAS) como aproximação, é de cerca de 3 pontos percentuais para mais ou para menos em relação aos totais da amostra.";"As entrevistas serão realizadas por uma equipe de entrevistadores devidamente qualificada, com experiência e treinamento em pesquisa de opinião pública. Todo trabalho é feito em tablets ou outros dispositivos eletrônicos. Após a realização da coleta de dados, as entrevistas junto aos respondentes são checadas por meio de procedimentos de consistência e de georreferenciamento dos locais de aplicação em tempo real. Adicionalmente, ao longo e após os trabalhos de campo, é realizada uma fiscalização que consiste na checagem de áudio de uma amostra de 30% dos questionários aplicados para verificação das respostas e da adequação dos entrevistados aos parâmetros amostrais.";"A área de abrangência da coleta é o território do estado de Minas Gerais. A relação do número de pessoas pesquisadas nas áreas de aplicação da pesquisa, discriminadas por município, bairros e setores censitários a partir dos identificadores utilizados pelo IBGE, além da composição do eleitorado entrevistado na área de abrangência quanto a gênero, idade, grau de instrução e nível econômico, constará em anexo. O mapa com os códigos destes setores censitários e as áreas que delimitam no país todo podem ser conferidos na seguinte fonte oficial: https://censo2022.ibge.gov.br/panorama/mapas.html?localidade=&recorte=setores_censitarios"
"28/09/2026";"05:46:54";2026;81;"Eleições Gerais 2026";"MG";"MG";"MINAS GERAIS";"MG059622026";"2026-09-23 12:51:06";"N";"64500153000180";"LAIS CRISTINA RODRIGUES DE OLIVEIRA LTDA";"IPSENSUS PESQUISAS";"Governador, Senador";"2026-09-23 00:00:00";"2026-09-27 00:00:00";"2026-09-29 00:00:00";1067;"7655";"AUGUSTO DA SILVA ROCHA";"10000,00";"A pesquisa será do tipo quantitativo, por amostragem aleatória, com aplicação de questionário estruturado e abordagem de moradores eleitores nos municípios do estado de Minas Gerais, divididos nas regiões dentro do estado. O conjunto da população do Estado de Minas Gerais com 16 anos ou mais e que são votantes no referido estado foi tomado como universo da pesquisa.";"A amostra será representativa do eleitorado da área pesquisada e será selecionada em três etapas. Na primeira etapa realiza-se um sorteio probabilístico dos municípios onde as entrevistas serão realizadas através do método PPT (Probabilidade Proporcional ao Tamanho), considerando a população eleitora com 16 anos ou mais residente nos municípios como base para essa seleção. Na segunda etapa, faz-se um sorteio probabilístico das localidades, onde as entrevistas serão realizadas, através do método PPT (Probabilidade Proporcional ao Tamanho), tomando a população eleitora de 16 anos ou mais residente nas localidades como base para essa seleção. Na terceira etapa, a seleção do entrevistado dentro da localidade, será feita utilizando-se quotas amostrais proporcionais, em função das variáveis sexo, faixa etária, grau de instrução e Nível socioeconômico (renda mensal familiar). Por fim, os entrevistados são selecionados aleatoriamente para responder ao questionário, de acordo com cotas:

GÊNERO: FEMININO 52,48% ;
MASCULINO 47,50% ;


FAIXA ETÁRIA: Entre 16 a 24 anos 10,77% ;
Entre 25 a 34 anos 18,03% ;
Entre 35 a 44 anos 19,00% ;
Entre 45 a 59 anos 25,70% ;
Com 60 anos ou mais 26,50% ;


GRAU DE INSTRUÇÃO: Analfabeto 3,89% ;
Ensino Fundamental Completo 6,03% ;
Ensino Fundamental Incompleto 23,92% ;
Ensino Médio Completo 25,31% ;
Ensino Médio Incompleto 19,65% ;
Lê E Escreve 6,67% ;
Superior Completo 10,21% ;
Superior Incompleto 4,32% ;

Fonte tse/ago2026 https://sig.tse.jus.br/ords/dwapr/r/seai/sig-eleitor-eleitorado-mensal/cruzamento-eleitorado-mensal?p0_uf=MG&session=108034703651042 ;


Renda familiar (A variável ¿classe de rendimento nominal mensal domiciliar¿ corresponde à classificação dos domicílios segundo a soma dos rendimentos nominais mensais de seus moradores, expressa em faixas de salários mínimos vigentes no período de referência do Censo Demográfico 2010. Trata-se da renda total do domicílio, não dividida pelo número de moradores, não devendo ser confundida com rendimento domiciliar per capita. Para fins de planejamento amostral e ponderação, foram preservadas as categorias e os percentuais originalmente disponibilizados pelo IBGE, sem reagrupamento ou recálculo das faixas.): IBGE - Censo 2.010 - (fonte: https://cidades.ibge.gov.br/brasil/mg/pesquisa/23/24304) .

Até 1/2 salário mínimo 2,44% ;
Mais de 1/2 a 1 salário mínimo 15,35% ;
Mais de 1 a 2 salários mínimos 24,50% ;
Mais de 2 a 5 salários mínimos 35,45% ;
Mais de 5 a 10 salários mínimos 12,76% ;
Mais de 10 a 20 salários mínimos 4,55% ;
Mais de 20 salários mínimos 1,92% ;
Sem rendimento 3,03% ;


Observação: Conforme informações disponibilizadas pelo Instituto Brasileiro de Geografia e Estatística (IBGE), não houve nem há previsão de divulgação do perfil econômico (nível econômico) da população brasileira no âmbito do Censo Demográfico de 2022 (https://censo2022.ibge.gov.br/panorama/), para essa variável será adotado o fator de ponderação igual a 1, correspondente aos resultados obtidos em campo, caso seja verificada diferença superior à margem de erro prevista no estudo entre a projeção da amostra baseada nos dados do IBGE 2010 e os dados efetivamente coletados. Para as variáveis de sexo, idade e grau de instrução, está previsto uma eventual ponderação, nos limites da margem de erro, para correção nos tamanhos das variáveis, caso ocorra uma diferença entre a previsão da amostra e a coleta dos dados realizados sobre a faixa de eleitores acima de 16 anos. Margem de Erro: A margem de erro máxima prevista é de 3,0 pontos percentuais para mais ou para menos, considerando um nível de confiança de 95%.";"Para a realização da pesquisa, serão conduzidas uma equipe de entrevistadores e supervisores credenciados e devidamente treinados pela empresa para esse tipo de pesquisa. Após os trabalhos de coleta dos dados, 100% dos questionários são criticados e passam por uma fiscalização de cerca de 20% (vinte por cento) dos questionários aplicados por cada entrevistador; passam por uma etapa de verificação da consistência das respostas e da adequação dos entrevistados aos parâmetros amostrais.";"#NULO#"
"28/09/2026";"05:46:54";2026;81;"Eleições Gerais 2026";"MG";"MG";"MINAS GERAIS";"MG088682026";"2026-09-21 09:36:51";"N";"41330463000107";"INSIGHT DATA ANALYTICS INFORMACAO E ANALISE LTDA";"INSIGHT BRASIL";"Governador, Senador";"2026-09-21 00:00:00";"2026-09-25 00:00:00";"2026-09-27 00:00:00";3000;"11565";"Rian Costa Ferreira";"74325,00";"Pesquisa quantitativa de opinião pública com coleta pela internet, por questionário estruturado autoaplicado (celular e computador) na plataforma Vox Radar, da GaussData. Os entrevistados são recrutados de forma aleatória, durante a navegação, por anúncios geolocalizados veiculados nos 853 municípios de Minas Gerais (Facebook e Instagram), sem entrevistador e sem contato telefônico. O campo é conduzido com controle de cotas por região, sexo, faixa etária e grau de instrução, e a amostra é pós-estratificada de acordo com as características do eleitorado de Minas Gerais. Período de realização: de 21/09/2026 a 25/09/2026.";"Amostra por cotas com recrutamento digital aleatório e pós-estratificação por algoritmo iterativo (raking), representando as características do eleitorado de Minas Gerais com 18 anos ou mais (99,2% do eleitorado do estado). 3.000 entrevistas. SEXO: Feminino: 51,9%; Masculino: 48,1%. FAIXA ETÁRIA: 18 a 24 anos: 13,0%; 25 a 34 anos: 19,2%; 35 a 44 anos: 20,0%; 45 a 59 anos: 24,9%; 60 a 69 anos: 12,6%; 70 anos ou mais: 10,3%. GRAU DE INSTRUÇÃO: Sem instrução, ensino fundamental (completo ou incompleto) e médio incompleto: 49,4%; Ensino médio completo e superior incompleto: 34,2%; Ensino superior completo: 16,3%. NÍVEL ECONÔMICO: renda familiar mensal em cinco faixas de salário mínimo (até 1; mais de 1 a 2; mais de 2 a 3; mais de 3 a 5; mais de 5), calibrada à distribuição dos domicílios de Minas Gerais na PNAD Contínua (IBGE). ÁREA FÍSICA (15 regiões, a partir das regiões geográficas intermediárias do IBGE): BH capital: 11,7%; RMBH: 13,1%; BH interior: 4,8%; Juíz de Fora: 11,1%; Varginha: 7,9%; Montes Claros: 7,5%; Pouso Alegre: 6,5%; Divinópolis: 6,4%; Uberlândia: 5,8%; Ipatinga: 4,7%; Patos de Minas: 4,0%; Uberaba: 3,9%; Barbacena: 3,8%; Teófilo Otoni: 5,4%; Governador Valadares: 3,5%. PORTE DO MUNICÍPIO (eleitorado): Capital (Belo Horizonte): 12,0%; Mais de 200 mil eleitores: 14,9%; De 100 mil a 200 mil eleitores: 9,5%; De 50 mil a 100 mil eleitores: 16,5%; De 20 mil a 50 mil eleitores: 15,2%; Até 20 mil eleitores: 31,9%. OBS.: devido ao arredondamento, a soma dos percentuais pode variar de 99% a 101%. Na agregação final, para cada variável de ponderação, serão admissíveis desvios de até 2,0 pontos percentuais em relação às cotas estipuladas. Nível de confiança: 95%; margem de erro: 2,3 pontos percentuais para mais ou para menos sobre o total do estado, já considerando o efeito da ponderação (margem nominal de 1,8 p.p.). FONTE DOS DADOS: IBGE, Censo Demográfico 2022 (tabelas SIDRA 9514 e 10061), para sexo, faixa etária, grau de instrução e região; IBGE, PNAD Contínua, para renda familiar; TSE, estatísticas do eleitorado (2026), para porte do município.";"Coleta feita com questionário eletrônico e armazenamento seguro dos dados, com registro, para cada entrevista, de identificador único, data e hora de início e de término, tempo de resposta e origem do convite. Validação automática antes de qualquer apuração: bloqueio de questionários duplicados (mesmo e-mail, telefone ou dispositivo), exclusão de questionários respondidos em menos de 150 segundos ou com padrões de resposta inconsistentes, filtro de residência no estado e lista fechada dos 853 municípios. O preenchimento das cotas é conferido duas vezes ao dia pela equipe de campo, com pausa e realocação dos anúncios. Ao fim do campo, o número de questionários iniciados e concluídos é reconciliado com os relatórios de entrega dos anúncios, e no mínimo 10% dos questionários são verificados manualmente para detectar anomalias. O estatístico responsável valida os filtros, a ponderação e a composição da amostra antes da divulgação. Base bruta, registros de exclusão, pesos, questionário aplicado e registros de campo são guardados por cinco anos à disposição da Justiça Eleitoral.";"Pesquisa de abrangência estadual, realizada pela internet junto a eleitores residentes nos 853 municípios de Minas Gerais, agrupados em 15 regiões a partir das 13 regiões geográficas intermediárias do IBGE (Belo Horizonte desdobrada em capital, região metropolitana e demais municípios). O município de residência é declarado pelo entrevistado em lista fechada com os 853 municípios, e o bairro, em lista do respectivo município quando disponível; não são coletados endereço, CEP ou coordenadas, de modo que a metodologia não permite a identificação por setor censitário (art. 2º, § 7º-F): a unidade territorial efetivamente utilizada é o município, com o bairro declarado. A relação dos municípios e bairros com entrevistas, o número de entrevistas em cada um e a composição da amostra final quanto a sexo, idade, grau de instrução e nível econômico serão informados na complementação do registro, a partir do dia em que a pesquisa puder ser divulgada e até o dia seguinte (art. 2º, § 7º)."
"28/09/2026";"05:46:54";2026;81;"Eleições Gerais 2026";"MG";"MG";"MINAS GERAIS";"MG018512026";"2026-09-23 16:40:48";"N";"42532542000155";"DATA TEMPO LIMITADA";"#NULO#";"Governador, Senador, Deputado Federal, Deputado Estadual";"2026-09-24 00:00:00";"2026-09-27 00:00:00";"2026-09-29 00:00:00";1000;"10230";"Bruno Augusto Silva Andrade";"58100,00";"A metodologia utilizada é Survey quantitativo, com realização das entrevistas de maneira pessoal em domicílio, com aplicação de questionário estruturado e padronizado em plataforma digital (tablet) junto à uma amostra representativa dos eleitores de Minas Gerais.";"O universo da pesquisa é composto por eleitores de Minas Gerais, com idade a partir de 16 anos. Realização de 1.000 entrevistas, o que permite um erro amostral de 3,10% e nível de confiança de 95%. Distribuição da amostra pelo perfil dos entrevistados de acordo com cotas de sexo, idade, escolaridade e renda mensal familiar. Sexo:Masculino: (48%); Feminino:(52%) - Idade: 16 a 24 anos(11%); 25 a 34 anos: (18%); 35 a 44 anos: (19%); 45 a 59 anos: (26%); 60 anos ou mais: (26%) - Escolaridade: Até fundamental completo: (40%); Médio incompleto ou médio completo: (45%); Superior incompleto ou completo: (15%); Renda total de sua família: Até 2 SM: (35%); De 2 a 5 SM: (43%); Acima de 5 SM: (22%). Está prevista eventual ponderação para correção das variáveis citadas, com base nos percentuais anteriormente mencionados, caso ocorram diferenças acima do previsto entre o plano amostral e a coleta efetuada. (Fonte dos dados: IBGE - Censo Demográfico 2022).";"A coleta de dados é realizada por entrevistadores treinados, qualificados e supervisionados por coordenadores de campo. Todos os questionários são preenchidos no tablet e recebem crítica para avaliação quanto a consistência dos dados coletados, sendo que 20% dos questionários são separados, aleatoriamente, e submetidos à fiscalização e checagem através de novos contatos com os entrevistados, medida sempre adotada que visa garantir a qualidade e fidelidade dos dados coletados.";"#NULO#"
"28/09/2026";"05:46:54";2026;81;"Eleições Gerais 2026";"MG";"MG";"MINAS GERAIS";"MG077672026";"2026-09-19 22:58:45";"N";"00654576000172";"INSTITUTO VERITA LTDA";"VERITA";"Governador, Senador";"2026-09-20 00:00:00";"2026-09-24 00:00:00";"2026-09-25 00:00:00";2030;"10699";"Guilherme Alvarenga Laia";"37037,04";"Estudo quantitativo voltado às Eleições 2026, realizado por meio de entrevistas individuais, aplicadas mediante questionário eletrônico estruturado e Unidade Automatizada de Respostas Audíveis e Auditáveis, por meio de ligações para telefones móveis (celulares). A inteligência artificial é empregada exclusivamente para a transcrição automatizada das respostas em áudio, não interferindo na formulação das perguntas, na condução das entrevistas, na coleta das informações, na interpretação das respostas ou no tratamento estatístico dos dados.

A participação dos eleitores é voluntária, espontânea e não remunerada. As respostas são prestadas por autodeclaração, sendo, em sua maioria, registradas por meio de códigos numéricos correspondentes às alternativas previamente definidas no questionário.

A utilização de sistema eletrônico automatizado para a coleta e o registro das respostas proporciona elevado nível de padronização operacional, reduz a possibilidade de interferência humana durante a realização das entrevistas, amplia a rastreabilidade e a auditabilidade de todo o processo de coleta e contribui para maior precisão, consistência e confiabilidade dos dados obtidos.

O plano amostral foi elaborado para assegurar a representatividade estatística do eleitorado da respectiva Unidade da Federação, observando critérios técnicos de seleção, distribuição e ponderação da amostra, quando aplicáveis.";"A pesquisa foi planejada para produzir uma amostra estatisticamente representativa do eleitorado do estado DE MINAS GERAIS, utilizando o método de Probabilidade Proporcional ao Tamanho (PPT), com plano amostral em múltiplos estágios. Na primeira etapa, esta Unidade da Federação é dividida em macrorregiões, de forma a assegurar adequada distribuição territorial da amostra e representação das diferentes características geográficas, demográficas e eleitorais. Na segunda etapa, os municípios de cada estrato são ordenados segundo seu porte populacional e eleitoral e sorteados. Na terceira etapa, os respondentes são selecionados entre os eleitores aptos residentes nos municípios sorteados, observando-se a distribuição proporcional da amostra e as cotas estabelecidas para as variáveis de sexo, faixa etária, grau de instrução e nível econômico. As cotas são estabelecidas para a pesquisa completa, considerando a composição do eleitorado e os parâmetros oficiais de referência, não sendo aplicadas isoladamente a cada município selecionado.

SEXO E FAIXA ETÁRIA - Fonte: Tribunal Superior Eleitoral (TSE), Perfil do Eleitorado, junho de 2026. Feminino de 16 a 34 anos: 15,2%; Masculino de 16 a 34 anos: 14,2%; Feminino de 35 a 54 anos: 19,1%; Masculino de 35 a 54 anos: 17,7%; Feminino com 55 anos ou mais: 18,3%; Masculino com 55 anos ou mais: 15,6%. Os parâmetros de sexo e idade têm como referência o cadastro eleitoral brasileiro atualizado pelo Tribunal Superior Eleitoral, considerando o universo de eleitores aptos com 16 anos ou mais.

GRAU DE INSTRUÇÃO - Fonte: IBGE - PNAD Contínua Anual 2025. A distribuição é: sem instrução 3%; ensino fundamental incompleto ou equivalente 27%; ensino fundamental completo ou equivalente 9%; ensino médio incompleto ou equivalente 8%; ensino médio completo ou equivalente 31,4%; ensino superior incompleto ou equivalente 5%; ensino superior completo 16,6%. Para não confundir os respondentes as faixas de escolaridade no questionário foram agrupadas em 3 faixas: até ensino fundamental incompleto e completo, ensino médio incompleto e completo e superior incompleto, completo ou mais. A PNAD Contínua é utilizada como referência por constituir a fonte oficial mais atualizada para a mensuração do nível de instrução da população brasileira, sua utilização também corrige limitações decorrentes da ausência de atualização obrigatória e contínua das informações de escolaridade no cadastro eleitoral do Tribunal Superior Eleitoral.

NÍVEL ECONÔMICO - RENDA FAMILIAR DO DOMICÍLIO - Fonte: IBGE - PNAD Contínua Anual 2025. Considera-se a renda domiciliar total, compreendendo rendimentos provenientes de trabalho formal e informal, aposentadorias, pensões, benefícios sociais e demais fontes de renda existentes no domicílio. observando-se a seguinte distribuição: renda familiar de até 2 salários-mínimos 38,5%; de 2 a 5 salários-mínimos 41,1%, acima de 5 salários-mínimos 20,4%.

PONDERAÇÃO E CALIBRAÇÃO DA AMOSTRA - Prevê-se eventual ponderação das variáveis de sexo, faixa etária, grau de instrução e nível econômico, caso sejam verificadas diferenças relevantes entre a distribuição da amostra efetivamente coletada e os parâmetros populacionais de referência adotados. Inicialmente, o fator de ponderação é igual a 1 (um), podendo ser recalculado sempre que necessário para assegurar a representatividade estatística da amostra.
INTERVALO DE CONFIANÇA E MARGEM DE ERRO - O intervalo de confiança adotado é de 95%, com margem máxima estimada de erro de aproximadamente 2,5 pontos percentuais, para mais ou para menos, sobre os resultados do total da amostra, calculada segundo o modelo de amostragem aleatória simples e a hipótese de máxima variabilidade.";"Após os trabalhos de coleta de dados, os questionários são submetidos a uma fiscalização, conferência e checagem de cerca de 20% (vinte por cento) dos questionários aplicados. Todas as entrevistas são integralmente registradas em áudio, permanecendo auditáveis e rastreáveis, permitindo a verificação da integridade do processo de coleta, preservado o sigilo das informações pessoais dos entrevistados e observadas as disposições da Lei Geral de Proteção de Dados Pessoais (Lei nº 13.709/2018).";"Em observância ao art. 2º, § 7º, da Resolução TSE nº 23.600/2019, com redação dada pela Resolução TSE nº 23.747/2026, a presente pesquisa terá seu registro complementado no Sistema de Registro de Pesquisas Eleitorais a partir da data em que sua divulgação for permitida e até o dia seguinte, com a identificação dos municípios em que foram realizadas as entrevistas, bem como da composição final da amostra quanto a gênero, idade, grau de instrução e nível econômico, na forma exigida pela legislação eleitoral vigente."
"28/09/2026";"05:46:54";2026;81;"Eleições Gerais 2026";"MG";"MG";"MINAS GERAIS";"MG094342026";"2026-09-26 23:11:32";"S";"17070395000100";"MULTIDADOS PESQUISA LTDA";"MULTIDADOS PESQUISA PROFISSIONAL AVANCADA";"Governador, Senador";"2026-09-28 00:00:00";"2026-09-30 00:00:00";"2026-10-02 00:00:00";601;"10984";"Renato Alves Moreira";"10000,00";"Levantamento de pesquisa quantitativa, que consiste na realização de entrevistas com eleitores do universo a serem explorados, feitas com coleta aleatória via questionário estruturado via web e recursos de inteligência artificial, com abordagens digitais junto a uma amostra representativa do eleitorado do município de BELO HORIZONTE, Estado de Minas Gerais (MG).";"Representativo do eleitorado da área em estudo, elaborada em três etapas. Na primeira etapa, realiza-se um sorteio probabilístico dos municípios onde as entrevistas serão realizadas, pelo método PPT (Probabilidade Proporcional ao Tamanho), tomando a população eleitoral de 16 anos ou mais residente nos municípios. No segundo estágio, efetua-se um sorteio probabilístico das localidades dentro dos municípios selecionados, também pelo método PPT (Probabilidade Proporcional ao Tamanho), considerando a população dos eleitores de 16 anos ou mais residente nessas localidades.
Na terceira e última etapa, dentro das localidades sorteadas, os respondentes são selecionados por meio de quotas amostrais proporcionais, em função das seguintes variáveis significativas.
FAIXA DE SEXO é a seguinte: Masculino de 47% Feminino: 53%, com ponderação para eleitores que colocam outras respostas.
FAIXA DE IDADE é a seguinte:
De 16 a 24 anos com 15%, de 25 a 34 anos com 22%, de 35 a 44 anos com 15% anos, de 45 a 59 anos com 22% e a partir de 60 anos com 26%.
FAIXA DE ESCOLARIDADE é a seguinte:
Analfabeto, lê e escreve, ensino fundamental incompleto e ensino fundamental completo com 36%. Ensino médio incompleto e ensino médio completo com 40%. Ensino superior incompleto e ensino superior completo com 24%.
FAIXA DE RENDA DOMICILIAR MENSAL é a seguinte:
Sem rendimento até 2 salários mínimos mensal com 42%. De 2 até 5 salários mínimos mensal com 36%. Mais de 5 salários mínimos mensal com 22%.
Está prevista eventual ponderação para correção das variáveis sexo e idade, com base nos percentuais anteriormente mencionados, com variáveis de até 3 pontos percentuais para mais ou para menos entre o previsto na amostra e a coleta de dados realizada. Para as variáveis de escolaridade e renda domiciliar mensal pode ter variação de até 5 pontos percentuais para mais ou para menos. O nível de confiança estimado é de 93% e a margem de erro máxima estimada considerando um modelo de amostragem aleatório simples, é de aproximadamente 3,5 (três pontos e meio) pontos percentuais para mais ou para menos sobre os resultados encontrados no total da amostra.";"O trabalho de coleta de dados é acompanhado por supervisores humanos. São selecionados aleatoriamente 20% (vinte por cento) dos questionários para uma verificação posterior e, em caso de dúvida, a entrevista é refeita com outra entrevista. Há uma equipe que confere os dados com objetivo de averiguar e aferir os resultados coletados. Em todas as perguntas eleitorais são colocados os seguintes códigos:
96.Não conhece, nunca ouviu nos candidatos
97.Nenhum dos nomes apresentados, voto nulo ou branco
98.Indecisos ou não responderam
99.Outros nomes apresentados, outras respostas
";"O anexo do arquivo com os setores, bairros será realizado até o dia seguinte da divulgação conforme indicado no §7º. do art. 2º. da Resolução-TSE nº. 23.600/2019."
"28/09/2026";"05:46:54";2026;81;"Eleições Gerais 2026";"MG";"MG";"MINAS GERAIS";"MG026382026";"2026-09-18 23:04:31";"N";"32898151000103";"SECTRAL SERVICOS E COMERCIO EM GERAL LTDA";"SECTRAL NEGOCIOS";"Governador, Senador, Deputado Federal, Deputado Estadual";"2026-09-19 00:00:00";"2026-09-23 00:00:00";"2026-09-24 00:00:00";1100;"9063";"Liniane Gazola";"11000,00";"Pesquisa quantitativa, de natureza exploratório-descritiva, com abrangência : Juiz de Fora - MG , contempla eleitores residentes nas zonas urbana e rural, por intermédio de entrevistas presenciais, aplicada tanto em domicilio quanto em ponto de fluxo populacional como (vias públicas, comercio, terminais, praças e locais de grande movimento), vinculados aos bairros, ou povoados de moradia, mediante a aplicação de questionário estruturado com perguntas abertas e fechadas, através de dispositivo eletrônico (tablet / celular. As entrevistas são executadas por entrevistadores treinados previamente e identificados, atendendo a critérios de elegibilidade a saber: ter 16 anos ou mais, residir na area de interesse da pesquisa e ter titulo de eleitor Empresa Contratante e Pagante pelo trabalho: MVR2 EMPREENDIMENTOS LTDA CNPJ/CPF: 17.543.766/0001-15 ORIGEM DO RECURSO: PROPRIO *Metodologia gerada em 18/09/2026, considerando o universo de 394.932 eleitoras e eleitores do Cadastro Eleitoral do Tribunal Superior Eleitoral (TSE).";"A amostra prevista é de 1100 entrevistas. O público pesquisado é composto por eleitores de 16 anos ou mais residentes no município. Para produzir uma amostra representativa desse público-alvo, utilizamos um desenho amostral que prevê dois estágios. No primeiro estágio, é feito um sorteio probabilístico de setores censitários para comporem a amostra por meio do método PPT (Probabilidade Proporcional ao Tamanho) a partir de suas populações totais. Dentro da lista de setores censitários sorteados, no segundo estágio, são selecionados domicílios e pessoas a serem entrevistadas utilizando-se cotas amostrais para as seguintes variáveis: Gênero, Faixa Etária e Grau de Instrução, seguem os parâmetros encontrados nos bancos estatísticos atualizados e disponibilizados pelo . (Fontes de referência) Cadastro Eleitoral do TSE, competência agosto de 2026; renda: Censo Demográfico do IBGE 2010. O perfil da amostra, definido pelas cotas previstas, é o seguinte: Sexo: Masculino 45,3%; Feminino 54,7%. Fonte : TSE, agosto/26 Faixa etária: 16 a 24 anos 9,9%; 25 a 34 anos 17,8% ; 35 a 44 anos 18,8%; 45 a 59 anos 25,7%; 60 anos ou mais 27,8% . Fonte : TSE, agosto/26 Grau de instrução: Analfabeto / Lê e escreve 2.17%; Fundamental incompleto até Fundamental completo 25,58% ; Médio incompleto até Médio completo 44,49% ; Superior incompleto até Superior completo 27,76% . Fonte : TSE, agosto/26 Nível econômico/renda familiar: Sem rendimento até 1 salário mínimo 12,54%; De 1 a 2 salários mínimos 20,27%; De 2 a 5 salários mínimos 38,55%; Acima de 5 salários 28,64% (315). Fonte https://cidades.ibge.gov.br/brasil/mg/juiz-de-fora/pesquisa/23/24304 Fonte para a malha de setores censitários, Censo 2022 (IBGE); A definição dos parâmetros populacionais para as cotas amostrais baseia-se nos dados do Censo Demográfico mais recente disponibilizado pelo IBGE, admitindo-se, nos termos do art. 2º, § 2º, ""a"", da Resolução TSE nº 23.600/2019, a utilização de informações defasadas quando não houver dados atualizados, devidamente justificada no registro da pesquisa. Como etapa complementar ao plano amostral, prevê-se a pós-estratificação manual, aplicável apenas se constatadas diferenças entre a distribuição obtida em campo e os parâmetros populacionais predefinidos para as variáveis de controle. O procedimento consiste no ajuste ponderado das frequências amostrais, com base na comparação entre percentuais observados e previstos, com o fim de recompor a proporcionalidade da amostra em relação ao universo. Tal ajuste constitui prática metodológica padrão e não decorre de qualquer fragilidade no processo de coleta ou seleção da amostra. Margem de Erro máxima prevista é: 2,95% pontos percentuais para mais ou para menos, considerando um nível de confiança de 95% e baseada em uma amostra aleatória simples (AAS).";"As entrevistas são realizadas por equipes devidamente treinadas e identificados, utilizando para a coleta dispositivo eletronico, as equipes serão acompanhadas por um coordenador / supervisor que atua como fiscal de campo fazendo o controle, a verificação e a fiscalização da coleta de dados. Após a coleta, a pesquisa será checada, criticada e codificada, internamente de acordo com o padrão estabelecido pela ABEP (Associação Brasileira de Empresas de Pesquisa). Todo o material será 100% criticado e 20% verificado, conforme procedimento padrão em pesquisa de opinião publica. As informações serão processadas por meio de programa especifico, para a tabulação e eleaboração dos resultados. Os dados serão gerados no formato de tabelas de frequencia, e analisados criteriosamente. Ao final sera elaborado um relatorio analitico-descritivo, contendo tabelas e graficos para o resultado de cada pergunta realizada no questionario, seguindo as exigencias do TSE. Os dados coletados e tratados nesta pesquisa atendem às exigências da LGPD, Lei Geral de Proteção de Dados garantindo ao respondente o sigilo de sua identidade e o correto tratamento de suas respostas.";"A área de abrangência da coleta é : Juiz de Fora - MG A relação das localidades e setores censitários selecionadas para aplicação da amostra será apresentada a partir do dia em que a pesquisa puder ser divulgada e até o dia seguinte, conforme expresso no art. 2º, §7º da Resolução 23.600/2019 doTSE."
"28/09/2026";"05:46:54";2026;81;"Eleições Gerais 2026";"MG";"MG";"MINAS GERAIS";"MG063342026";"2026-09-25 13:45:13";"N";"08894976000167";"INPAC INSTITUTO DE PESQUISAS APLICADAS E CONSULTORIA LTDA - ME";"INPAC";"Governador, Senador, Deputado Federal, Deputado Estadual";"2026-09-22 00:00:00";"2026-09-24 00:00:00";"2026-10-01 00:00:00";300;"8782";"Neander Ferreira Almeida";"15000,00";"A presente pesquisa se dará na modalidade quantitativa do tipo survey com 300 eleitores domiciliados no Município de São Gotardo, Minas Gerais. Salientando que a presente pesquisa é autoponderada, por se embasar em dados estatísticos fornecidos pelo Instituto Brasileiro de Geografia e Estatística (IBGE) e Tribunal Superior Eleitoral (TSE). A abordagem aos entrevistados será de forma direta, ou seja, entrevista pessoal, do tipo face-a-face, domiciliar ou em pontos de fluxo, por meio da utilização de questionário estruturado.";"O Universo desta pesquisa compreende os eleitores de São Gotardo/MG com idade a partir de 16 anos, residentes em todos os bairros / regiões da cidade. Está prevista a realização de 500 entrevistas, o que fornece uma margem de erro amostral para o resultado total de no máximo 4,7 pontos percentuais (pp) considerando grau de confiança de 90%. As entrevistas serão distribuídas nos bairros e setores censitários com base nas informações do CENSO 2022. As informações sobre gênero, idade, nível de instrução e nível econômico com base em informações do TSE (2026) e CENSO IBGE (2022, 2010). Para a seleção dos entrevistados, o primeiro estágio envolve a distribuição das entrevistas nos bairros e setores censitários de forma proporcional ao tamanho (PPT). Dentro de cada bairro/setor censitário, os entrevistados são selecionados de forma a atender às cotas pré-estabelecidas em função das variáveis gênero, idade, renda e escolaridade. Para a variável gênero, os tamanhos são: 48,25% de eleitores do gênero masculino e 51,75% do gênero feminino. Para a faixa etária: 13,07% para eleitores entre 16 anos e 24 anos, 21,29% entre 25 anos e 34 anos, 20,77% entre 35 anos e 44 anos, 24,77% entre 45 anos e 59 anos e 20,09% com mais de 59 anos. Para renda familiar: 39,40% até 2 salários-mínimos (SM), 43,19% entre 2 e 5 SM e 17,41% acima de 5 SM. Para o grau de instrução, 44,41% com até ensino fundamental completo, 40,35% com ensino médio completo ou incompleto e 15,24% com ensino superior completo ou incompleto. A ponderação prevista para estas variáveis é igual a 1, podendo ser ajustada em função de diferenças significativas acima de 3 pontos percentuais entre a amostra coletada e os parâmetros previstos nesse planejamento amostral. Intervalo de confiança: 90% e Margem de erro: 4,7% para mais ou para menos; A relação completa dos bairros e setores censitários visitados será encaminhada a esse tribunal de forma tempestiva.";"Os pesquisadores envolvidos na realização dos trabalhos são treinados e recebem instruções específicas para cada pesquisa realizada. A coleta será realizada com a utilização de tablet e questionário eletrônico. São checados, no mínimo, 20% dos questionários de cada pesquisador, seja in loco por supervisores de campo ou, posteriormente, por telefone. Este percentual é definido com base à seguinte bibliografia técnica: Triola, M. F., Introdução à Estatística. 7ª ed., Rio de Janeiro: LTC Editora,1998. Magalhães, M. N. & Lima, A. C. P. Noções de Probabilidade e Estatística. 3ª ed., São Paulo: Edusp, 2001. Meyer, P. L. Probabilidade: Aplicações à Estatística. Rio de Janeiro: Livros Técnicos e Científicos, 1984. Internamente, o material é verificado e codificado. Antes do processamento final e emissão dos resultados, realiza-se processo de consistência dos dados. Os procedimentos acima são realizados por profissionais especializados e com vasta experiência na condução de pesquisas de opinião. Todas as informações coletadas e processadas nesta pesquisa atendem aos requisitos da Lei Geral de Proteção de Dados, garantindo o sigilo da identidade do respondente, armazenamento das informações, gestão e posterior exclusão das informações.";"Área física de realização da entrevista Município: São Gotardo - Minas Gerais; Regiões abrangidas: Região 1: 16,0%
Região 2: 16,7%
Região 3: 16,7%
Região 4: 16,0%
Região 5: 16,2%
R6 - Guarda dos Ferreiros: 18,4%"
"28/09/2026";"05:46:54";2026;81;"Eleições Gerais 2026";"MG";"MG";"MINAS GERAIS";"MG079772026";"2026-09-25 21:15:56";"N";"45634145000182";"NEXXUS MAIS LTDA";"NEXXUS MAIS";"Governador, Senador, Deputado Federal, Deputado Estadual";"2026-09-27 00:00:00";"2026-09-30 00:00:00";"2026-10-01 00:00:00";803;"10984";"Renato Alves Moreira";"8300,00";"Levantamento de pesquisa quantitativa, que consiste na realização de entrevistas com eleitores do universo a serem explorados, feitas com coleta aleatória via questionário estruturado via web e recursos de inteligência artificial, com abordagens digitais junto a uma amostra representativa do eleitorado do município de GOVERNADOR VALADARES, Estado de Minas Gerais (MG).";"Representativo do eleitorado da área em estudo, elaborada em três etapas. Na primeira etapa, realiza-se um sorteio probabilístico dos municípios onde as entrevistas serão realizadas, pelo método PPT (Probabilidade Proporcional ao Tamanho), tomando a população eleitoral de 16 anos ou mais residente nos municípios. No segundo estágio, efetua-se um sorteio probabilístico das localidades dentro dos municípios selecionados, também pelo método PPT (Probabilidade Proporcional ao Tamanho), considerando a população dos eleitores de 16 anos ou mais residente nessas localidades.
Na terceira e última etapa, dentro das localidades sorteadas, os respondentes são selecionados por meio de quotas amostrais proporcionais, em função das seguintes variáveis significativas.
FAIXA DE SEXO é a seguinte: Masculino de 48% Feminino: 52%, com ponderação para eleitores que colocam outras respostas.
FAIXA DE IDADE é a seguinte:
De 16 a 24 anos com 14%, de 25 a 34 anos com 20%, de 35 a 44 anos com 16% anos, de 45 a 59 anos com 23% e a partir de 60 anos com 27%.
FAIXA DE ESCOLARIDADE é a seguinte:
Analfabeto, lê e escreve, ensino fundamental incompleto e ensino fundamental completo com 42%. Ensino médio incompleto e ensino médio completo com 36%. Ensino superior incompleto e ensino superior completo com 22%.
FAIXA DE RENDA DOMICILIAR MENSAL é a seguinte:
Sem rendimento até 2 salários mínimos mensal com 56%. De 2 até 5 salários mínimos mensal com 24%. Mais de 5 salários mínimos mensal com 20%.
Está prevista eventual ponderação para correção das variáveis sexo e idade, com base nos percentuais anteriormente mencionados, com variáveis de até 3 pontos percentuais para mais ou para menos entre o previsto na amostra e a coleta de dados realizada. Para as variáveis de escolaridade e renda domiciliar mensal pode ter variação de até 5 pontos percentuais para mais ou para menos. O nível de confiança estimado é de 93% e a margem de erro máxima estimada considerando um modelo de amostragem aleatório simples, é de aproximadamente 3,5 (três pontos e meio) pontos percentuais para mais ou para menos sobre os resultados encontrados no total da amostra.";"O trabalho de coleta de dados é acompanhado por supervisores humanos. São selecionados aleatoriamente 20% (vinte por cento) dos questionários para uma verificação posterior e, em caso de dúvida, a entrevista é refeita com outra entrevista. Há uma equipe que confere os dados com objetivo de averiguar e aferir os resultados coletados. Em todas as perguntas eleitorais são colocados os seguintes códigos:
96.Não conhece, nunca ouviu nos candidatos
97.Nenhum dos nomes apresentados, voto nulo ou branco
98.Indecisos ou não responderam
99.Outros nomes apresentados, outras respostas
";"O anexo do arquivo com os setores, bairros será realizado até o dia seguinte da divulgação conforme indicado no §7º. do art. 2º. da Resolução-TSE nº. 23.600/2019."
"28/09/2026";"05:46:54";2026;81;"Eleições Gerais 2026";"MG";"MG";"MINAS GERAIS";"MG019422026";"2026-09-27 01:01:51";"S";"19259002000128";"ATLASINTEL TECNOLOGIA DE DADOS LTDA";"ATLASINTEL";"Governador, Senador";"2026-09-27 00:00:00";"2026-10-02 00:00:00";"2026-10-03 00:00:00";2200;"11220";"ANDREI CAMILO DOS SANTOS";"75000,00";"Pesquisa quantitativa com coleta aleatória via questionário estruturado web e pós-estratificação da amostra de acordo com as características do eleitorado de Minas Gerais.";"Amostra aleatória pós-estratificada via algoritmo iterativo com quotas proporcionais, representando as características do eleitorado de Minas Gerais:
SEXO: Masculino: 47.5%; Feminino: 52.5%.
FAIXA ETÁRIA: Entre 16 a 24 anos: 10.8%; Entre 25 a 34 anos: 18.0%; Entre 35 a 44 anos: 19.0%; Entre 45 a 59 anos: 25.7%; 60 ou mais: 26.5%.
ESCOLARIDADE: Até Ensino Médio completo ou incompleto (inclui Ensino Fundamental completo/incompleto e pessoas sem instrução): 74.4%; Ensino Superior completo ou incompleto: 25.6%.
NÍVEL ECONÔMICO: Renda familiar mensal até R$ 2.000: 15.1%; de R$ 2.000 a R$ 3.000: 10.2%; de R$ 3.000 a R$ 5.000: 28.6%; de R$ 5.000 a R$ 10.000: 29.9%; mais de R$ 10.000: 16.3%.
OBS.: devido ao arredondamento, a soma dos percentuais pode variar de 99% a 101%. Na agregação final, para cada variável de ponderação, serão admissíveis desvios de até 2 pontos percentuais em relação às quotas estipuladas. Confiança estimada: 95%, margem de erro: +/- 2.0 pontos percentuais. FONTE DOS DADOS: PNADC 2026 para escolaridade | PNADC 2025 para renda | TSE 2026 para sexo e faixa etária.";"Coleta feita com a utilização de questionário eletrônico com procedimentos específicos para o armazenamento seguro dos dados. São checados manualmente no mínimo 15% dos questionários para detectar possíveis anomalias. Pesquisadores especializados realizam internamente uma verificação exaustiva da consistência dos dados antes da divulgação dos resultados finais.";"#NULO#"
"28/09/2026";"05:46:54";2026;81;"Eleições Gerais 2026";"MG";"MG";"MINAS GERAIS";"MG029912026";"2026-05-01 13:30:56";"N";"01269029000136";"BOAS E BOAS CONSULTORIA E PESQUISAS LTDA";"DOXA INSTITUTO DE PESQUISAS";"Governador, Senador";"2026-05-01 00:00:00";"2026-05-03 00:00:00";"2026-05-07 00:00:00";1500;"9809";"MARCELO MOREIRA GADELHA DA SILVA";"120000,00";"Metodologia: Pesquisa quantitativa - Survey, que consiste na realização de entrevistas pessoais e domiciliares com a aplicação de questionários estruturados e padronizados junto a uma amostra representativa do eleitorado de MINAS GERAIS. Aplicação do questionário em plataforma digital (tablet). ";"Foi determinada uma amostra de (1.500) entrevistas, com eleitores maiores de 16 anos no ESTADO DE MINAS GERAIS. A amostra é determinada em três estágios, sendo o primeiro estágio sorteio probabilístico dos municípios usando PPT (Probabilidade Proporcional ao Tamanho) em relação aos público votante, no segundo estágio sorteio de setores censitários para comporem a amostra por meio do método amostragem aleatória estratificada a partir de suas populações totais, no terceiro estágio, são selecionados domicílios e pessoas a serem entrevistadas utilizando-se cotas amostrais quanto ao sexo, idade, escolaridade e renda. 
Sexo: Masculino (48%) e Feminino (52 %). 
Idade: 16-24 anos: (12%), 25-29 anos (10%), 30-39 anos (19%), 40- 49 anos (19  %), 50 - 59 anos (16%), + de 60 anos ( 24%). 
Grau de instrução: Sem instrução e fundamental incompleto (36%), Fundamental completo e médio incompleto (26%), Médio completo e superior incompleto ( 28 %), Superior completo ( 10 %). 
O nível econômico dos entrevistados (renda familiar mensal): Até 1 SM (21 %), De 1 a 2 SM ( 24 %), De 2 a 5 SM ( 35 %), De 5 a 10 SM (13 %), + de 10 SM ( 7% ).
Prevista ponderação para correção das variáveis sexo, idade, grau de instrução e nível econômico, caso ocorra diferenças com base nos percentuais acima mencionados. 
Área física de realização: Meso regiões censitárias.
Fonte - CD Mapas dos setores censitários urbanos. 

Intervalo de confiança: (95 %), Margem de erro (+/- 2,53 %). 
FONTE DOS DADOS: Censo IBGE 2022, Estatísticas mensais TSE ¿ Tribunal Superior Eleitoral 2026, IBGE -PNADc 2024  entre outras.";"A coleta de dados é realizada por entrevistadores treinados e orientados por coordenadores de campo e supervisionados por um coordenador geral. Os entrevistadores aplicam as entrevistas individuais domiciliares em setores censitários do IBGE previamente sorteados pelo Instituto. O coordenador geral, no recebimento (ON LINE) do material observará o cumprimento correto das localidades sorteadas (Programa de aplicação georreferenciado), das proporcionalidades, a correta aplicação do questionário (consistência e lógica) e sorteará 20% dos questionários aplicados para checagem por ÁUDIO das entrevistas (Programa grava as entrevistas na integra) onde será confirmada a existência do entrevistado, verificada sua correta aplicação e o cumprimento das cotas determinadas na planilha, ainda será, caso necessário, checado via telefone/in loco ocorrendo dúvidas quanto a correta aplicação não esclarecidas na audição. ";"A área de abrangência da coleta é o território do estado de Minas Gerais. A relação do número de pessoas pesquisadas nas áreas de aplicação da pesquisa, discriminadas por município, bairros e/ou área em que foi realizada a pesquisa e setores censitários a partir dos identificadores utilizados pelo IBGE, além da composição do eleitorado entrevistado na área de abrangência quanto a gênero, idade, grau de instrução e nível econômico, constará em anexo. O mapa com os códigos destes setores censitários e as áreas que delimitam no país todo podem ser conferidos na seguinte fonte oficial:
 https://censo2022.ibge.gov.br/panorama/mapas.html?localidade=&recorte=setores_censitarios
Ao dia seguinte da data em que a pesquisa estiver autorizada da divulgação em conformidade com a legislação, será complementada com a discriminação da amostra.
"
"28/09/2026";"05:46:54";2026;81;"Eleições Gerais 2026";"MG";"MG";"MINAS GERAIS";"MG027702026";"2026-02-22 00:00:00";"N";"04851508000154";"INSTITUTO GAZETA LTDA";"IGAPE- INSTITUTO GAZETA DE PEQUISAS";"Governador, Senador, Deputado Federal, Deputado Estadual";"2026-02-13 00:00:00";"2026-02-16 00:00:00";"2026-02-23 00:00:00";1200;"10394";"FILIPE MOREIRA MARTINE";"5000,00";"A metodologia utilizada é Survey quantitativo, com realização das entrevistas através de pesquisa telefônica, com aplicação de questionário estruturado e padronizado em plataforma digital (tablet ou computador) junto a uma amostra representativa dos eleitores de Minas Gerais.";"O universo da pesquisa é composto por eleitores de Minas Gerais, com idade a partir de 16 anos. A amostra prevista será de 1.200 entrevistas. A Seleção da amostra será realizada utilizando-se quotas amostrais proporcionais, em função das seguintes variáveis. SEXO: Masculino: (48%); Feminino: (52%) - IDADE: 16 a 29 anos (20%); 30 a 44 anos: (29%); 45 a 59 anos: (26%); 60 anos ou mais: (25%) - ESCOLARIDADE: Analfabeto/Lê e escreve: (11%); Fundamental completo ou incompleto: (30%); Médio completo ou incompleto: (44%); Superior completo ou incompleto: (14%); RENDA INDIVIDUAL: Até 1 SM: (39%); De 1 a 2 SM: (34%); Acima de 2 SM (27%). Está prevista eventual ponderação para correção das variáveis, com base nos percentuais acima apresentados - Área física: Unidade Federativa de Minas Gerais. Margem de Erro: A margem de erro máxima prevista para o total da amostra é de 2,8 pontos percentuais para mais ou para menos, considerando um nível de confiança de 95%. Fonte de Dados: TSE: Estatísticas do Eleitorado 2026 e IBGE Censo 2022.";"A coleta de dados é realizada por entrevistadores, orientados por coordenadores de campo. Todos os questionários preenchidos recebem crítica para avaliação da consistência dos dados coletados, sendo que 20% dos questionários serão submetidos à conferência através de novos contatos com os entrevistados, medida sempre adotada que visa garantir a qualidade e fidelidade dos dados coletados. Conforme §6º. do art. 2º. da Resolução-TSE nº. 23.549, o pedido de registro poderá ser complementado pela entrega destes dados ao Tribunal Eleitoral até o sétimo dia seguinte ao registro da pesquisa. Serão enviados os dados relativos aos bairros abrangidos, na ausência de delimitação dos bairros, será identificada a área em que foi realizada)";"#NULO#"
"28/09/2026";"05:46:54";2026;81;"Eleições Gerais 2026";"MG";"MG";"MINAS GERAIS";"MG086462026";"2026-04-22 16:16:48";"N";"22445600000104";"QUAEST PESQUISAS, CONSULTORIA E PROJETOS LTDA.";"#NULO#";"Governador, Senador";"2026-04-22 00:00:00";"2026-04-26 00:00:00";"2026-04-28 00:00:00";1482;"6731";"Margarida Maria de Mendonça";"233840,06";"Pesquisa quantitativa, de survey, que consiste na realização de entrevistas pessoais, domiciliares e presenciais, conduzidas por profissionais treinados, com a aplicação de questionários estruturados a uma amostra representativa da população votante de 16 anos ou mais residente no estado de Minas Gerais. O desenho amostral aplicado combina sorteio probabilístico de municípios e de setores censitários fornecidos pelo IBGE (unidades territoriais homogêneas, de tamanho similar a quadras ou blocos), dentro dos quais serão selecionadas pessoas respondentes por meio de cotas amostrais.";"O público pesquisado é composto por eleitores de 16 anos ou mais residentes na área de abrangência da pesquisa. Para produzir uma amostra representativa desse público-alvo, utilizamos um desenho amostral por conglomerados que prevê três estágios. No primeiro estágio, é feito um sorteio probabilístico de municípios para comporem a amostra por meio do método PPT (Probabilidade Proporcional ao Tamanho) a partir de suas populações votantes acima de 16 anos. Dentro da lista de municípios sorteados, no segundo estágio, é realizado um sorteio probabilístico por meio do método PPT (Probabilidade Proporcional ao Tamanho) de setores censitários a serem visitados pelos entrevistadores, sorteio que tem como base o total de habitantes residentes nos setores de acordo com dados do Censo de 2022, o que garante a dispersão aleatória e estatística da amostra dentro dos territórios municipais, independentemente de divisões administrativas. Finalmente, dentro da lista de setores censitários sorteados, no último estágio são selecionados domicílios e pessoas a serem entrevistadas utilizando-se cotas amostrais para as seguintes variáveis: sexo, idade, renda familiar e escolaridade. O perfil da amostra, definido pelas cotas previstas, é o seguinte:

Sexo: Masculino (48%); Feminino (52%). 
Faixa etária: 16-34 anos (29%); 35-59 anos (45%); 60 ou mais (26%). 
Renda domiciliar total, incluindo pensões, benefícios e rendimentos de trabalhos informais: Até 2 salários-mínimos (28%); Mais de 2 a 5 salários-mínimos (48%); Mais de 5 salários-mínimos (24%). 
Nível de instrução: Até Fundamental completo ou médio incompleto (45%); Médio completo ou superior incompleto (37%); Superior completo ou mais (18%). 

Fonte dos dados: para a distribuição de sexo e idade, TSE-Tribunal Superior Eleitoral - março/2026; para a malha de setores censitários, Censo 2022 (IBGE); para a distribuição de renda domiciliar, PNADc Anual 2024, 5a visita (IBGE); e, para a distribuição de escolaridade/instrução, PNADc trimestral 4-2025 (IBGE). A PNADc é utilizada por ser a fonte oficial mais atualizada de rendimentos do país, incluindo rendimentos informais, pensões, entre outros, e corrigindo as defasagens temporais do Censo 2022, além de ser a fonte mais atualizada de nível de instrução da população com 16 anos ou mais dada ausência de atualização obrigatória da escolaridade no registro de eleitores do TSE.

Está prevista eventual pós-estratificação da amostra, por meio de algoritmos de calibração (rake) e modelos (MrP), para correção de estimativas e das distribuições das variáveis sexo, idade, renda familiar e escolaridade, com base nos percentuais anteriormente mencionados, caso ocorram diferenças entre os percentuais previstos na amostra e a coleta de dados realizada. 

Dentro do público-alvo anteriormente descrito, serão realizadas 1.482 entrevistas. O nível de confiança das estimativas é de 95% e a margem de erro máxima prevista, atendendo às diretivas do TSE e usando o cálculo para amostra aleatória simples (AAS) como aproximação, é de cerca de 3 pontos percentuais para mais ou para menos em relação aos totais da amostra.";"As entrevistas serão realizadas por uma equipe de entrevistadores devidamente qualificada, com experiência e treinamento em pesquisa de opinião pública. Todo trabalho é feito em tablets ou outros dispositivos eletrônicos. Após a realização da coleta de dados, as entrevistas junto aos respondentes são checadas por meio de procedimentos de consistência e de georreferenciamento dos locais de aplicação em tempo real. Adicionalmente, ao longo e após os trabalhos de campo, é realizada uma fiscalização que consiste na checagem de áudio de uma amostra de 30% dos questionários aplicados para verificação das respostas e da adequação dos entrevistados aos parâmetros amostrais.";"A área de abrangência da coleta é o território do estado de Minas Gerais. A relação do número de pessoas pesquisadas nas áreas de aplicação da pesquisa, discriminadas por município, bairros e setores censitários a partir dos identificadores utilizados pelo IBGE, além da composição do eleitorado entrevistado na área de abrangência quanto a gênero, idade, grau de instrução e nível econômico, constará em anexo. O mapa com os códigos destes setores censitários e as áreas que delimitam no país todo podem ser conferidos na seguinte fonte oficial: https://censo2022.ibge.gov.br/panorama/mapas.html?localidade=&recorte=setores_censitarios"
"28/09/2026";"05:46:54";2026;81;"Eleições Gerais 2026";"MG";"MG";"MINAS GERAIS";"MG093382026";"2026-09-24 06:28:57";"S";"19738088000171";"PLURAL ASSESSORIA DE IMPRENSA, PESQUISA E JORNALISMO LTDA";"PLURAL ASSESSORIA DE IMPRENSA, PESQUISA E JORNALISMO";"Deputado Federal, Deputado Estadual";"2026-09-27 00:00:00";"2026-09-28 00:00:00";"2026-09-30 00:00:00";379;"6221";"Rui da Costa Abrantes";"5000,00";"Objetivo é aferir a intenção de voto dos candidatos a deputado federal e deputado estadual no município de Iturama (MG). A abordagem utilizada consiste na aplicação de questionário em uma amostragem representativa da população residente no município, com 16 anos ou mais de idade. A amostra é realizada de forma presencial, em entrevistas domiciliares e pontos de fluxo. A escolha dos entrevistados é aleatória, de acordo com o perfil da população em estudo.";"Tamanho do universo: 30.044 eleitores (TSE/Agosto 2026). Tamanho da amostra: 379 eleitores. Nível de confiança: 95%. Margem de Erro Amostral: Máxima de 5,0 pontos percentuais para mais ou para menos nos dados da amostra global. Tipo de amostra: Autoponderada por quotas proporcionais às existentes no universo de acordo com as variáveis sexo, faixa etária, nível de instrução e renda familiar mensal.
Ponderação quanto ao sexo: Masculino: 48,28% (183 entrevistas) e Feminino 51,71% (196). Ponderação quanto à faixa etária: 16 a 24 anos 11,34% (43), 25 a 34 anos 19,26% (73), 35 a 44 anos 18,99% (72), 45 a 59 anos 26,64% (101) e 60 anos e acima 23,74% (90).
Ponderação quanto ao nível de instrução: Analfabeto/lê e escreve: 12,13% (46), Fundamental 30,07% (114), Médio 44,85% (170) e Superior 12,92% (49). Fonte de dados (TSE/Agosto 2026). Link https://sig.tse.jus.br/ords/dwapr/r/seai/sig-eleitor-eleitorado-mensal/perfil-do-eleitorado-mensal?p0_municipio=ITURAMA&p0_uf=MG&session=215063830272593

Ponderação quanto ao nível socioeconômico: Renda: Até 01 Salário Mínimo: 12,40% (47); De 1 a 2 salários mínimos 21,37% (81); De 2 a 5 salários mínimos 42,48% (161)%; Acima de 5 salários mínimos 23,74% (90). Fonte de dados: Censo IBGE. Link https://cidades.ibge.gov.br/brasil/mg/iturama/pesquisa/23/22787?detalhes=true
DOMICÍLIOS PARTICULARES PERMANENTES Classe de rendimento nominal mensal domiciliar
É prevista eventual ponderação para correção das variáveis gênero, faixa etária, grau de instrução e renda entre o previsto na amostra e a coleta realizada.";"O trabalho de coleta de dados é realizado pela equipe de pesquisadores, que recebe treinamento prévio para execução, acompanhados por supervisor de campo. O supervisor tem a responsabilidade e é treinado para distribuir os entrevistadores nos diversos pontos de consulta, realizar coletas, acompanhar, orientar, corrigir ou invalidar o trabalho dos pesquisadores e conferir por si ou por entrevistador designado cerca de 10% das entrevistas. A coleta é feita em tablets e/ou dispositivos eletrônicos e a fiscalização conta com georreferenciamento dos setores pesquisados e checagem, para verificação e adequação aos parâmetros amostrais.";"A relação dos os dados relativos aos bairros abrangidos pela pesquisa ou a área em que a mesma foi realizada será apresentado até o dia seguinte à data a partir da qual a pesquisa puder ser divulgada, conforme §7º do art. 2º da Resolução-TSE nº. 23.600/2019"
"28/09/2026";"05:46:54";2026;81;"Eleições Gerais 2026";"MG";"MG";"MINAS GERAIS";"MG022552026";"2026-09-27 16:56:34";"N";"22345021000181";"REAL TIME MIDIA LTDA";"REAL TIME BIG DATA";"Governador, Senador";"2026-09-28 00:00:00";"2026-10-02 00:00:00";"2026-10-03 00:00:00";2000;"10839";"Isabela Zara Cremoneze";"20000,00";"Pesquisa quantitativa, que consiste na realização de entrevistas com eleitores do universo a ser explorado, feitas em combinação mista por entrevistadores humanos e recursos de inteligência artificial, com a aplicação de questionário estruturado com abordagens telefônicas e digitais junto a uma amostra representativa do eleitorado em estudo. Pesquisa realizada no Estado de Minas Gerais (MG).";"Representativo do eleitorado da área em estudo, elaborada em três estágios.
No primeiro estágio, realiza-se um sorteio probabilístico dos municípios onde as entrevistas serão realizadas, pelo método PPT (Probabilidade Proporcional ao Tamanho), tomando a população eleitora de 16 anos ou mais residente nos municípios como base para essa seleção.
No segundo estágio, efetua-se um sorteio probabilístico das localidades dentro dos municípios selecionados, também pelo método PPT (Probabilidade Proporcional ao Tamanho), considerando a população eleitora de 16 anos ou mais residente nessas localidades como base para a seleção.
No terceiro e último estágio, dentro das localidades sorteadas, os respondentes são selecionados por meio de quotas amostrais proporcionais, em função de variáveis significativas, a saber:

GÊNERO:
Feminino: 52,49%;
Masculino: 47,51%.
(Fonte: TSE, Agosto/2026 -- https://sig.tse.jus.br/ords/dwapr/r/seai/sig-eleitor-eleitorado-mensal/cruzamento-eleitorado-mensal?p24_metricas=E&p24_back=22&p24_cruzamento_1=ds_sexo&clear=24&session=200047853196389)
FAIXA ETÁRIA:
16 anos: 0,30%;
17 anos: 0,51%;
18 a 20 anos: 3,75%;
21 a 24 anos: 6,21%;
25 a 34 anos: 18,03%;
35 a 44 anos: 19,00%;
45 a 59 anos: 25,70%;
60 a 69 anos: 13,78%;
70 a 79 anos: 8,19%;
Superior a 79 anos: 4,53%.
(Fonte: TSE, Agosto/2026 -- https://sig.tse.jus.br/ords/dwapr/r/seai/sig-eleitor-eleitorado-mensal/cruzamento-eleitorado-mensal?p24_cruzamento_1=ds_faixa_etaria&p24_metricas=E&p24_back=22&clear=24&session=200047853196389)
ESCOLARIDADE:
Analfabeto: 3,90%;
Lê e Escreve: 6,63%;
Ensino Fundamental Incompleto: 23,93%;
Ensino Fundamental Completo: 6,03%;
Ensino Médio Incompleto: 19,66%;
Ensino Médio Completo: 25,32%;
Ensino Superior Incompleto: 4,32%;
Ensino Superior Completo: 10,21%.
(Fonte: TSE, Agosto/2026 -- https://sig.tse.jus.br/ords/dwapr/r/seai/sig-eleitor-eleitorado-mensal/cruzamento-eleitorado-mensal?p24_cruzamento_1=ds_grau_instrucao&p24_metricas=E&p24_back=22&clear=24&session=200047853196389)
RENDA DOMICILIAR MENSAL:
Sem rendimento: 3,03%;
Até 1/2 Salário Mínimo: 2,44%;
Mais de 1/2 a 1 Salário Mínimo: 15,35%;
Mais de 1 a 2 Salários Mínimos: 24,50%;
Mais de 2 a 5 Salários Mínimos: 35,45%;
Mais de 5 a 10 Salários Mínimos: 12,76%;
Mais de 10 a 20 Salários Mínimos: 4,55%;
Mais de 20 Salários Mínimos: 1,92%.
(Fonte: IBGE (CENSO-2010) -- https://cidades.ibge.gov.br/brasil/mg/pesquisa/23/24304?detalhes=true)
Observação: De acordo com informações do Instituto Brasileiro de Geografia e Estatística (IBGE), não há previsão de data para a divulgação do perfil econômico da população brasileira do CENSO 2022. Portanto, os dados sobre o nível econômico obtidos no Censo 2022 não podem ser utilizados, pois ainda não foram publicados.
Está prevista eventual ponderação para correção das variáveis sexo e idade, com base nos percentuais anteriormente mencionados, caso ocorram diferenças superiores a 3 pontos percentuais entre o previsto na amostra e a coleta de dados realizada. Para as variáveis de grau de instrução e nível econômico do entrevistado, o fator previsto para ponderação é 1 (resultados obtidos em campo). O nível de confiança estimado é de 95% e a margem de erro máxima estimada considerando um modelo de amostragem aleatório simples, é de aproximadamente 2 (dois) pontos percentuais para mais ou para menos sobre os resultados encontrados no total da amostra.";"O trabalho de coleta de dados é acompanhado por supervisores humanos. São selecionados aleatoriamente 15% (quinze por cento) dos questionários para uma verificação posterior e, em caso de dúvida, o formulário é descartado e o responsável pela coleta chamado para esclarecimentos. Há uma equipe especializada que confere os dados à exaustão com objetivo de averiguar e aferir os resultados coletados.";"O anexo do arquivo com os bairros será realizado até o dia seguinte da divulgação conforme indicado no §7º. do art. 2º. da Resolução-TSE nº. 23.600/2019.


"
"28/09/2026";"05:46:54";2026;81;"Eleições Gerais 2026";"MG";"MG";"MINAS GERAIS";"MG070392026";"2026-09-27 21:19:24";"N";"54078523000180";"PROMIDIA PESQUISA DE OPINIAO PUBLICA E MARKETING LTDA";"PROMIDIA PESQUISAS DE OPINIAO PUBLICA";"Senador, Deputado Federal, Deputado Estadual";"2026-09-24 00:00:00";"2026-09-29 00:00:00";"2026-10-03 00:00:00";1034;"9618";"ANDRESSA KELLY DE OLIVEIRA";"32500,00";"Pesquisa quantitativa, com realização de entrevistas presenciais, mediante aplicação de questionário estruturado junto a uma amostra do eleitorado residente na área pesquisada, com idade de 16 anos ou mais.";"Será utilizada uma amostra de 1.034 entrevistas da pesquisa regionalizada, junto ao eleitorado residente nos 14 municípios de Minas Gerais: Divinópolis, Itaúna, Pará de Minas, Nova Serrana, Formiga, Oliveira, Bom Despacho, Arcos, Lagoa da Prata, Carmo do Cajuru, Cláudio, Itapecerica, Santo Antônio do Monte e São Gonçalo do Pará.
A margem de erro máxima estimada é de aproximadamente 3,1 pontos percentuais para mais ou para menos, para um nível de confiança de 95%, sob a hipótese de amostragem aleatória simples.
A amostra será estratificada por município, com distribuição das entrevistas entre os 14 municípios selecionados. Dentro de cada município, serão selecionadas probabilisticamente as áreas/setores de pesquisa, utilizando-se Amostragem com Probabilidade Proporcional ao Tamanho (PPT), tendo como medida de tamanho o número de eleitores. Nas áreas selecionadas serão realizadas entrevistas pessoais e presenciais, mediante controle de cotas proporcionais de sexo, faixa etária, grau de instrução e renda domiciliar mensal. As distribuições de referência de sexo, faixa etária e grau de instrução terão como base as Estatísticas do Eleitorado do Tribunal Superior Eleitoral (TSE ¿ 2026). A distribuição de renda domiciliar mensal terá como referência informações do IBGE ¿ Censo Demográfico 2010, conforme a distribuição utilizada no plano amostral.
As cotas previstas são: Sexo ¿ feminino: 52,8% (546); masculino: 47,2% (488).
Grau de instrução ¿ analfabeto: 2,2%; lê e escreve: 4,6%; ensino fundamental incompleto: 26,7%; ensino fundamental completo: 6,5%; ensino médio incompleto: 19,9%; ensino médio completo: 26,4%; ensino superior incompleto: 4,5%; ensino superior completo: 9,2%.

Faixa etária ¿ 16 a 24 anos: 9,9%; 25 a 34 anos: 18,2%; 35 a 44 anos: 19,7%; 45 a 59 anos: 26,2%; 60 anos ou mais: 26,0%.

Nível econômico ¿ renda domiciliar mensal: até 1 salário-mínimo: 10,6%; de 1 até 2 salários-mínimos: 19,0%; de 2 até 5 salários-mínimos: 44,6%; de 5 até 10 salários-mínimos: 18,6%; acima de 10 salários-mínimos: 7,2%. Após a coleta, será realizada a verificação da composição efetivamente obtida em relação às distribuições de referência estabelecidas para a pesquisa.
Quando necessário, poderão ser aplicados fatores de ponderação (pesos amostrais) para reduzir diferenças entre a composição final da amostra e as distribuições de referência de sexo, faixa etária, grau de instrução e renda. Os fatores de ponderação serão aplicados de modo a ajustar a composição da amostra às distribuições de referência estabelecidas para a pesquisa.";"O trabalho de coleta de dados é realizado pela equipe de pesquisadores, que recebe treinamento prévio para execução, acompanhados por supervisor de campo. O supervisor tem a responsabilidade e é treinado para distribuir os entrevistadores nos diversos pontos de consulta, realizar coletas, acompanhar, orientar, corrigir ou invalidar o trabalho dos pesquisadores e conferir por si ou por entrevistador designado cerca de 20% das entrevistas.";"Serão informados, no prazo estabelecido pela Resolução-TSE nº 23.600/2019, com as alterações introduzidas pela Resolução-TSE nº 23.747/2026, os municípios, bairros, regiões ou áreas efetivamente abrangidos pela pesquisa, bem como, quando aplicável à metodologia utilizada, os setores censitários correspondentes. Na hipótese de a metodologia não permitir a identificação por setor censitário, será apresentada a justificativa técnica pertinente e indicada a unidade territorial efetivamente utilizada, acompanhada da descrição dos procedimentos de controle e ponderação adotados."
"28/09/2026";"05:46:54";2026;81;"Eleições Gerais 2026";"MG";"MG";"MINAS GERAIS";"MG001872026";"2026-09-24 23:59:13";"N";"54078523000180";"PROMIDIA PESQUISA DE OPINIAO PUBLICA E MARKETING LTDA";"PROMIDIA PESQUISAS DE OPINIAO PUBLICA";"Senador, Deputado Federal, Deputado Estadual";"2026-09-26 00:00:00";"2026-09-30 00:00:00";"2026-09-30 00:00:00";720;"9618";"ANDRESSA KELLY DE OLIVEIRA";"32500,00";"Pesquisa quantitativa, com realização de entrevistas pessoais, mediante aplicação de questionário estruturado junto a uma amostra representativa do eleitorado residente na área pesquisada, com idade de 16 anos ou mais.";"Será utilizada uma amostra de 720 entrevistas presenciais, junto ao eleitorado residente no município de Lagoa Santa/MG, com idade de 16 anos ou mais. A composição da amostra terá como referência as distribuições do eleitorado por sexo, faixa etária e grau de instrução, segundo as Estatísticas do Eleitorado do Tribunal Superior Eleitoral (TSE), e a distribuição do nível econômico, operacionalizado pela renda domiciliar mensal, segundo dados públicos do IBGE.
A amostra será selecionada em dois estágios. No primeiro estágio, serão selecionados probabilisticamente os setores censitários do município de Lagoa Santa, utilizando-se Amostragem com Probabilidade Proporcional ao Tamanho (PPT), tendo o número de eleitores como medida de tamanho. No segundo estágio, serão realizadas entrevistas pessoais e presenciais nos setores selecionados, mediante controle de cotas proporcionais de sexo, faixa etária, grau de instrução e renda domiciliar mensal.
As cotas previstas são: Sexo ? feminino: 53,2% (383); masculino: 46,8% (337).
Grau de instrução ? analfabeto: 2,3% (16); lê e escreve: 3,3% (24); ensino fundamental incompleto: 19,2% (139); ensino fundamental completo: 5,2% (38); ensino médio incompleto: 20,6% (148); ensino médio completo: 27,8% (200); ensino superior incompleto: 5,8% (42); ensino superior completo: 15,7% (113).
Faixa etária ? 16 a 24 anos: 11,5% (83); 25 a 34 anos: 17,2% (123); 35 a 44 anos: 19,4% (140); 45 a 59 anos: 26,9% (194); 60 anos ou mais: 25% (180).
Nível econômico ? renda domiciliar mensal: até 2 salários-mínimos: 27,9% (201); mais de 2 até 5 salários-mínimos: 37,2% (268); acima de 5 salários-mínimos: 34,9% (251). Fonte: IBGE ? Censo Demográfico 2010, informações sobre rendimento domiciliar.
É prevista eventual aplicação de fatores de ponderação para correção de diferenças entre a composição efetivamente obtida na coleta e as distribuições de referência de sexo, faixa etária, grau de instrução e renda domiciliar mensal, quando necessárias.
No segundo estágio, a seleção dos entrevistados será realizada nos setores censitários selecionados, por meio de cotas operacionais de controle proporcional referentes a sexo, faixa etária, grau de instrução e renda domiciliar mensal.
Fontes dos dados: sexo, faixa etária e grau de instrução: Estatísticas do Eleitorado do Tribunal Superior Eleitoral (TSE); renda domiciliar mensal: IBGE ? Censo Demográfico.
Considerando nível de confiança de 95%, proporção máxima de variabilidade (p = 50%) e amostragem aleatória simples com correção para população finita, a margem de erro máxima estimada para a amostra de 720 entrevistas é de aproximadamente 3,63 pontos percentuais para mais ou para menos.";"O trabalho de coleta de dados é realizado pela equipe de pesquisadores, que recebe treinamento prévio para execução, acompanhados por supervisor de campo. O supervisor tem a responsabilidade e é treinado para distribuir os entrevistadores nos diversos pontos de consulta, realizar coletas, acompanhar, orientar, corrigir ou invalidar o trabalho dos pesquisadores e conferir por si ou por entrevistador designado cerca de 10% das entrevistas. A coleta é feita em tablets e/ou dispositivos eletrônicos e a fiscalização conta com georreferenciamento dos setores pesquisados e checagem, para verificação e adequação aos parâmetros amostrais.";"A relação dos os dados relativos aos bairros abrangidos pela pesquisa ou a área em que a mesma foi realizada será apresentado até o dia seguinte à data a partir da qual a pesquisa puder ser divulgada, conforme §7º do art. 2º da Resolução-TSE nº. 23.600/2019."
"28/09/2026";"05:46:54";2026;81;"Eleições Gerais 2026";"MG";"MG";"MINAS GERAIS";"MG068892026";"2026-09-27 08:47:00";"N";"22445600000104";"QUAEST PESQUISAS, CONSULTORIA E PROJETOS LTDA.";"#NULO#";"Governador, Senador";"2026-10-02 00:00:00";"2026-10-03 00:00:00";"2026-10-03 00:00:00";3204;"6731";"Margarida Maria de Mendonca";"445356,00";"Pesquisa quantitativa, de survey, que consiste na realização de entrevistas pessoais, domiciliares e presenciais, conduzidas por profissionais treinados, com a aplicação de questionários estruturados a uma amostra representativa da população votante de 16 anos ou mais residente no estado de Minas Gerais. O desenho amostral aplicado combina sorteio probabilístico de municípios e de setores censitários fornecidos pelo IBGE (unidades territoriais homogêneas, de tamanho similar a quadras ou blocos), dentro dos quais serão selecionadas pessoas respondentes por meio de cotas amostrais.";"O público pesquisado é composto por eleitores de 16 anos ou mais residentes na área de abrangência da pesquisa. Para produzir uma amostra representativa desse público-alvo, utilizamos um desenho amostral por conglomerados que prevê três estágios. No primeiro estágio, é feito um sorteio probabilístico de municípios para comporem a amostra por meio do método PPT (Probabilidade Proporcional ao Tamanho) a partir de suas populações votantes acima de 16 anos. Dentro da lista de municípios sorteados, no segundo estágio, é realizado um sorteio probabilístico por meio do método PPT (Probabilidade Proporcional ao Tamanho) de setores censitários a serem visitados pelos entrevistadores, sorteio que tem como base o total de habitantes residentes nos setores de acordo com dados do Censo de 2022, o que garante a dispersão aleatória e estatística da amostra dentro dos territórios municipais, independentemente de divisões administrativas. Finalmente, dentro da lista de setores censitários sorteados, no último estágio são selecionados domicílios e pessoas a serem entrevistadas utilizando-se cotas amostrais para as seguintes variáveis: sexo, idade, renda familiar e escolaridade. O perfil da amostra, definido pelas cotas previstas, é o seguinte:

Sexo: Masculino (48%); Feminino (52%).
Faixa etária: 16-34 anos (29%); 35-59 anos (44%); 60 ou mais (27%).
Renda domiciliar total, incluindo pensões, benefícios e rendimentos de trabalhos informais: Até 2 salários-mínimos (27%); Mais de 2 a 5 salários-mínimos (46%); Mais de 5 salários-mínimos (27%).
Nível de instrução: Até Fundamental completo ou médio incompleto (45%); Médio completo ou superior incompleto (37%); Superior completo ou mais (18%).

Fonte dos dados: para a distribuição de sexo e idade, TSE-Tribunal Superior Eleitoral - agosto/2026; para a malha de setores censitários, Censo 2022 (IBGE); para a distribuição de renda domiciliar, PNADc Anual 2025, 1ª visita (IBGE); e, para a distribuição de escolaridade/instrução, PNADc trimestral 2-2026 (IBGE). A PNADc é utilizada por ser a fonte oficial mais atualizada de rendimentos do país, incluindo rendimentos informais, pensões, entre outros, e corrigindo as defasagens temporais do Censo 2022, além de ser a fonte mais atualizada de nível de instrução da população com 16 anos ou mais dada ausência de atualização obrigatória da escolaridade no registro de eleitores do TSE.

Está prevista eventual pós-estratificação da amostra, por meio de algoritmos de calibração (rake) e modelos (MrP e likely voter), para correção (1) de estimativas, (2) das distribuições de variáveis que medem o perfil da população e (3) percentual do eleitorado propenso a votar.

Dentro do público-alvo anteriormente descrito, serão realizadas 3.204 entrevistas. O nível de confiança das estimativas é de 95% e a margem de erro máxima prevista, atendendo às diretivas do TSE e usando o cálculo para amostra aleatória simples (AAS) como aproximação, é de cerca de 2 pontos percentuais para mais ou para menos em relação aos totais da amostra.

Pagante(s) do trabalho: CNPJ 27865757000102 - GLOBO COMUNICACAO E PARTICIPACOES S/A / TV/REDE/GLOBO.COM/CANAIS GLOBO/GLOBOPLAY/ELETROMIDIA.";"As entrevistas serão realizadas por uma equipe de entrevistadores devidamente qualificada, com experiência e treinamento em pesquisa de opinião pública. Todo trabalho é feito em tablets ou outros dispositivos eletrônicos. Após a realização da coleta de dados, as entrevistas junto aos respondentes são checadas por meio de procedimentos de consistência e de georreferenciamento dos locais de aplicação em tempo real. Adicionalmente, ao longo e após os trabalhos de campo, é realizada uma fiscalização que consiste na checagem de áudio de uma amostra de 30% dos questionários aplicados para verificação das respostas e da adequação dos entrevistados aos parâmetros amostrais.";"A área de abrangência da coleta é o território do estado de Minas Gerais. A relação do número de pessoas pesquisadas nas áreas de aplicação da pesquisa, discriminadas por município, bairros e setores censitários a partir dos identificadores utilizados pelo IBGE, além da composição do eleitorado entrevistado na área de abrangência quanto a gênero, idade, grau de instrução e nível econômico, constará em anexo. O mapa com os códigos destes setores censitários e as áreas que delimitam no país todo podem ser conferidos na seguinte fonte oficial: https://censo2022.ibge.gov.br/panorama/mapas.html?localidade=&recorte=setores_censitarios"
"28/09/2026";"05:46:54";2026;81;"Eleições Gerais 2026";"MG";"MG";"MINAS GERAIS";"MG019082026";"2026-09-26 23:16:22";"N";"04851508000154";"INSTITUTO GAZETA LTDA";"IGAPE- INSTITUTO GAZETA DE PEQUISAS";"Governador, Senador";"2026-09-28 00:00:00";"2026-10-02 00:00:00";"2026-10-02 00:00:00";1200;"10394";"Filipe Moreira Martine";"12000,00";"A metodologia utilizada é Survey quantitativo, com realização das entrevistas via CATI com números de telefone selecionados por meio de discagem aleatória (RDD ; Random Digit Dialing), abrangendo linhas fixas e móveis (celulares) ativas no estado de Minas Gerais, assegurando cobertura do universo de eleitores com acesso a telefone, com aplicação de questionário estruturado.";"O universo da pesquisa é composto por eleitores de Minas Gerais, com idade a partir de 16 anos. A amostra prevista será de 1.200 entrevistas. A Seleção da amostra será realizada utilizando-se quotas amostrais proporcionais, em função das seguintes variáveis. SEXO: Masculino: (49%); Feminino: (51%) - IDADE: 16 a 29 anos (20%); 30 a 44 anos: (27%); 45 a 59 anos: (26%); 60 anos ou mais: (27%) - ESCOLARIDADE: Analfabeto/Lê e escreve: (14%); Fundamental completo ou incompleto: (33%); Médio completo ou incompleto: (42%); Superior completo ou incompleto: (11%); RENDA INDIVIDUAL: Até 1 SM: (48%); De 1 a 2 SM: (32%); Acima de 2 SM (20%). Está prevista eventual ponderação para correção das variáveis, com base nos percentuais acima apresentados - Área física: Estado de Minas Gerais (MG). Margem de Erro: A margem de erro máxima prevista para o total da amostra é de 2,8 pontos percentuais para mais ou para menos, considerando um nível de confiança de 95%. Fonte de Dados: TSE: Estatísticas do Eleitorado 2026 e IBGE Censo 2022.";"A coleta de dados será realizada por entrevistadores devidamente treinados e orientados por coordenadores de campo, responsáveis pelo acompanhamento, supervisão e controle da execução da pesquisa.
Todos os questionários preenchidos serão submetidos à crítica e à análise de consistência, com o objetivo de identificar eventuais erros, incompatibilidades, omissões ou inconsistências nas informações coletadas.
Como procedimento adicional de controle de qualidade, 20% (vinte por cento) dos questionários aplicados serão submetidos à conferência e auditoria interna do trabalho realizado pelos entrevistadores, de acordo com os procedimentos de controle adotados pelo instituto. A medida tem por finalidade verificar a regularidade da aplicação dos questionários e assegurar a qualidade, consistência, integridade e fidelidade dos dados coletados.
O sistema interno de controle e verificação compreende, portanto, o treinamento e orientação dos entrevistadores, a supervisão pelos coordenadores de campo, a crítica e análise de consistência dos questionários e a auditoria de 20% das entrevistas realizadas.

Nos termos do art. 2º, § 7º, da Resolução-TSE nº 23.600/2019, com a redação vigente para as Eleições 2026, a partir do dia em que a pesquisa puder ser divulgada e até o dia seguinte.";"#NULO#"
"28/09/2026";"05:46:54";2026;81;"Eleições Gerais 2026";"MG";"MG";"MINAS GERAIS";"MG072712026";"2026-09-24 21:39:46";"N";"19738088000171";"PLURAL ASSESSORIA DE IMPRENSA, PESQUISA E JORNALISMO LTDA";"PLURAL ASSESSORIA DE IMPRENSA, PESQUISA E JORNALISMO";"Deputado Federal, Deputado Estadual";"2026-09-26 00:00:00";"2026-09-28 00:00:00";"2026-09-30 00:00:00";598;"6221";"Rui da Costa Abrantes";"20000,00";"Objetivo é aferir a intenção de voto dos candidatos a deputado federal e deputado estadual nos municípios de Ituiutaba, Santa Vitória, Monte Alegre de Minas, Campina Verde, Capinópolis, Canápolis, Centralina, Araporã, Gurinhatã, Ipiaçú e Cachoeira Dourada de Minas. A abordagem utilizada consiste na aplicação de questionário em uma amostragem representativa da população residente no município, com 16 anos ou mais de idade. A amostra é realizada de forma presencial, em entrevistas domiciliares e pontos de fluxo. A escolha dos entrevistados é aleatória, de acordo com o perfil da população em estudo.";"Tamanho do universo: 171.909 eleitores distribuídos nos 11 municípios (Ituiutaba, Santa Vitória, Monte Alegre de Minas, Campina Verde, Capinópolis, Canápolis, Centralina, Araporã, Gurinhatã, Ipiaçú e Cachoeira Dourada de Minas) de forma proporcional (TSE/Agosto 2026). Tamanho da amostra: 598 eleitores. Nível de confiança: 95%. Margem de Erro Amostral: Máxima de 4,0 pontos percentuais para mais ou para menos nos dados da amostra global. Tipo de amostra: Autoponderada por quotas proporcionais às existentes no universo de acordo com as variáveis sexo, faixa etária, nível de instrução e renda familiar mensal.
Ponderação quanto ao sexo: Masculino: 47,49% (284 entrevistas) e Feminino 52,50% (314). Ponderação quanto à faixa etária: 16 a 24 anos 10,70% (64), 25 a 34 anos 18,06% (108), 35 a 44 anos 19,06% (114), 45 a 59 anos 25,75% (154) e 60 anos e acima 26,42% (158).
Ponderação quanto ao nível de instrução: Analfabeto/lê e escreve: 10,53% (63), Fundamental 29,93% (179), Médio 44,98% (269) e Superior 14,54% (87). Fonte de dados (TSE/Agosto 2026). Link https://sig.tse.jus.br/ords/dwapr/r/seai/sig-eleitor-eleitorado-mensal/perfil-do-eleitorado-mensal?p0_uf=MG&session=1558019315853

Ponderação quanto ao nível socioeconômico: Renda: Até 01 Salário Mínimo: 16,88% (101); De 1 a 2 salários mínimos 22,90% (137); De 2 a 5 salários mínimos 37,45% (224); Acima de 5 salários mínimos 22,74% (136). Fonte de dados: Censo IBGE https://cidades.ibge.gov.br/brasil/mg/pesquisa/23/22787?detalhes=true
DOMICÍLIOS PARTICULARES PERMANENTES Classe de rendimento nominal mensal domiciliar
É prevista eventual ponderação para correção das variáveis gênero, faixa etária, grau de instrução e renda entre o previsto na amostra e a coleta realizada.";"O trabalho de coleta de dados é realizado pela equipe de pesquisadores, que recebe treinamento prévio para execução, acompanhados por supervisor de campo. O supervisor tem a responsabilidade e é treinado para distribuir os entrevistadores nos diversos pontos de consulta, realizar coletas, acompanhar, orientar, corrigir ou invalidar o trabalho dos pesquisadores e conferir por si ou por entrevistador designado cerca de 10% das entrevistas. A coleta é feita em tablets e/ou dispositivos eletrônicos e a fiscalização conta com georreferenciamento dos setores pesquisados e checagem, para verificação e adequação aos parâmetros amostrais.";"A relação dos os dados relativos aos municípios e bairros abrangidos pela pesquisa ou a área em que a mesma foi realizada será apresentado até o dia seguinte à data a partir da qual a pesquisa puder ser divulgada, conforme §7º do art. 2º da Resolução-TSE nº. 23.600/2019"
"28/09/2026";"05:46:54";2026;81;"Eleições Gerais 2026";"MG";"MG";"MINAS GERAIS";"MG099272026";"2026-03-23 23:28:14";"S";"00654576000172";"INSTITUTO VERITA LTDA";"VERITA";"Governador, Senador, Deputado Federal, Deputado Estadual";"2026-03-24 00:00:00";"2026-03-30 00:00:00";"2026-03-29 00:00:00";2030;"10699";"GUILHERME ALVARENGA LAIA";"156310,00";"Pesquisa quantitativa, que consiste na realização de entrevistas, com a aplicação de questionário estruturado junto a uma amostra representativa do eleitorado desta Unidade da Federação.";"ESTUDO REPRESENTATIVO DO ELEITORADO DO ESTADO DE MINAS GERAIS - MÉTODO PPT (Probabilidade Proporcional ao Tamanho) - PLANO AMOSTRAL E PONDERAÇÃO QUANTO A SEXO, IDADE, GRAU DE INSTRUÇÃO E NÍVEL ECONÔMICO DO ENTREVISTADO; INTERVALO DE CONFIANÇA E MARGEM DE ERRO: Representativo do eleitorado da área em estudo, elaborada, em vários estágios, da seguinte forma: - 1. Divisão da UF em estratos proporcionais de municípios. 2. Ordenação dos municípios de cada estrato segundo o porte. 3. Sorteio dos municípios de cada estrato. 4. Os respondentes são selecionados através de quotas amostrais proporcionais em função de variáveis significativas, a saber: GÊNERO / FAIXA ETÁRIA - FEMININO E MASCULINO 16 A 34 ANOS 14,9% E 14%, 35 A 54 ANOS 19,3% E 17,9%, 55 ANOS OU MAIS 18,3% E 15,6%. GRAU DE INSTRUÇÃO - FEMININO Sem instrução até Ensino Médio completo 64,1%, Ensino superior incompleto e completo % NÍVEL ECONÔMICO - FEMININO população não economicamente ativa 46,5% população economicamente ativa 53,5% MASCULINO população não economicamente ativa 27,2% população economicamente ativa 72,8%. RENDA FAMILIAR DO DOMICÍLIO renda familiar de até 2 salários-mínimos 30,7%; de 2 a 5 salários-mínimos 44,2%, acima de 5 salários-mínimos 25,1%. Está prevista eventual ponderação para correção das variáveis, com base nos percentuais anteriormente mencionados, caso ocorram diferenças superiores a margem de erro da pesquisa previsto entre a amostra e a coleta de dados realizada. O fator previsto para ponderação é 1 (resultados obtidos na coleta de dados). O intervalo de confiança estimado é de 95% e a margem de erro máxima estimada considerando um modelo de amostragem aleatório simples, é de aproximadamente 2,5 pontos percentuais para mais ou para menos sobre os resultados encontrados no total da amostra. FONTE DOS DADOS: IBGE/Censo 2022 para fins de densidade demográfica, setores censitários e alocação da amostra. IBGE/PNAD/PNADC/MEC/INEP para fins de Nível Econômico e Escolaridade. TSE FEVEREIRO/2026 para fins de Sexo, Faixa Etária e eleitorado por município ou regiões previamente definidas (importante ressaltar para o público leigo que os dados do TSE são os únicos corretos para gênero, idade dos eleitores e quantitativo de eleitores por municípios já que a base de dados se atualiza automaticamente, PORÉM, dados de escolaridade e nível econômico NÃO são corretos e confiáveis devido a desatualização que ocorre naturalmente com o passar dos anos). Definição de margem de erro e intervalo de confiança: Margem de erro e intervalo de confiança não são grandezas diretamente proporcionais. A SOMA NÃO TEM QUE RESULTAR 100%. ";"Após os trabalhos de coleta de dados, os questionários são submetidos a uma fiscalização, conferência e checagem de cerca de 20% (vinte por cento) dos questionários aplicados.";"A relação dos municípios sorteados ou selecionados para esta pesquisa será apresentada em arquivo anexo até 1 (um) dia após a divulgação desta pesquisa conforme §7º. do art. 2º. da Resolução-TSE nº. 23.600/2019. A área de abrangência desta pesquisa é o Estado DE MINAS GERAIS."
"28/09/2026";"05:46:54";2026;81;"Eleições Gerais 2026";"MG";"MG";"MINAS GERAIS";"MG016452026";"2026-09-26 19:39:03";"S";"07241393000174";"RESULTADO PESQUISA E ASSESSORIA LTDA - ME";"#NULO#";"Deputado Federal, Deputado Estadual";"2026-09-28 00:00:00";"2026-10-01 00:00:00";"2026-10-02 00:00:00";400;"9.077";"EDMILSON ANTONIO PEREIRA JUNIOR";"7000,00";"A metodologia de pesquisa utilizada é quantitativa, do tipo survey, que consiste na aplicação domiciliar de questionários estruturados junto a uma amostra representativa de eleitores do município de Patrocínio (MG).";"A amostra dos eleitores de Patrocínio (MG) é distribuída de forma a contemplar todas as regiões geográficas do município, a partir de quotas proporcionais ao universo, conforme os dados disponibilizados nos sites do TSE e do IBGE, considerando as variáveis sexo, faixa etária, grau de instrução e nível econômico dos entrevistados.
Distribuição da amostra: Sexo (Fonte: TSE-2026, acesso em 19/09/2026): Masculino [48,5%]; Feminino [51,5%]. Faixa etária (Fonte: TSE-2026, acesso em 19/09/2026): 16 e 17 anos [0,7%]; 18 a 24 anos [10,3%]; 25 a 34 anos [19,6%]; 35 a 44 anos [19,7%]; 45 a 59 anos [26,6%]; 60 anos ou mais [23,1%]. Grau de instrução (Fonte: TSE-2026, acesso em 19/09/2026): Analfabeto/Lê ou escreve [6,3%]; Ensino Fundamental completo ou incompleto [31,3%]; Ensino Médio completo ou incompleto [43,5%]; Ensino Superior completo ou incompleto [18,9%]. Nível econômico (Fonte: Censo Demográfico IBGE-2010): Até 1 salário mínimo [8,7%]; Mais de 1 a 2 salários mínimos [19,8%]; Mais de 2 a 5 salários mínimos [45,5%]; Mais de 5 a 10 salários mínimos [18,8%]; Mais de 10 salários mínimos [7,2%]. O fator de ponderação utilizado é igual a 1, entretanto, está prevista eventual ponderação para correção das variáveis, caso ocorram diferenças superiores a 2 pontos percentuais entre o previsto na amostra e a coleta de dados realizada. A amostra utilizada de 400 eleitores do município de Patrocínio (MG), ao nível de 95% de confiança, apresenta margem de erro estimada de 4,9 pontos percentuais, para mais ou para menos.";"A equipe de pesquisa é composta por entrevistadores e supervisores devidamente treinados para o tipo de trabalho. Serão checados 20% dos questionários realizados por cada entrevistador, por meio de revisita aos locais de residência, por telefone e áudio.";"#NULO#"
"28/09/2026";"05:46:54";2026;81;"Eleições Gerais 2026";"MG";"MG";"MINAS GERAIS";"MG097292026";"2026-09-25 20:47:25";"N";"07630546000175";"DATAFOLHA INSTITUTO DE PESQUISAS LTDA.";"#NULO#";"Governador, Senador";"2026-09-28 00:00:00";"2026-10-01 00:00:00";"2026-10-01 00:00:00";1204;"7249A";"Renata Nunes Cesar";"162051,60";"Pesquisa do tipo quantitativo, por amostragem, com aplicação de questionário estruturado e abordagem pessoal em pontos de fluxo populacional. O eleitorado do estado de Minas Gerais foi tomado como universo da pesquisa.";"Universo: Eleitorado do estado de Minas Gerais
Tamanho da amostra: A amostra prevista é de 1204 entrevistas.

Técnica de amostragem: A amostra é estratificada por natureza dos municípios (capital, região metropolitana ou interior), sendo que os estratos são desproporcionais em relação ao tamanho do universo. Posteriormente, as proporções corretas serão restabelecidas na fase de ponderação dos dados. Os municípios com população acima de 500 mil habitantes constituem estratos. Em cada estrato, num primeiro estágio, são sorteados com probabilidade proporcional ao tamanho (PPT) os municípios que farão parte do levantamento. Num segundo estágio, são sorteados os bairros e pontos de abordagem onde serão aplicadas as entrevistas. Por fim, os entrevistados são selecionados aleatoriamente para responder ao questionário, de acordo com cotas de gênero e faixa etária.

Os dados utilizados para definição e seleção da amostra são baseados nos dados fornecidos pelo TSE (dados mais recentes disponíveis), IBGE (Censo 2022, PNADC-A 2024 e Estimativa populacional 2025), além de dados primários de outros levantamentos do instituto. Os dados relativos a gênero e faixa etária são: Homens: 48%, mulheres: 52%, 16 a 24 anos: 11%, 25 a 34 anos: 18%, 35 a 44 anos: 19%, 45 a 59 anos: 26% e 60 anos ou mais: 26%.

Para a variável grau de instrução os dados utilizados como referência são: até nível médio completo ou incompleto (inclui os sem escolaridade e analfabetos) =78% e nível superior (inclui superior incompleto) = 22%.

Ponderação dos resultados: Está prevista ponderação considerando os estratos da amostra (natureza do município e alguns municípios), gênero e faixa etária. A variável escolaridade poderá ser ajustada de acordo com os percentuais detalhados anteriormente caso a diferença entre os valores descritos e observados seja maior que a margem de erro definida. Para o nível econômico do entrevistado (renda familiar mensal declarada pelo respondente), a distribuição utilizada como referência foi: Até 2 S.M. (salários mínimos)=46%, mais de 2 S.M.=48%, não souberam ou recusaram a resposta=6%. O fator previsto para ponderação é 1 (resultados obtidos em campo).


Margem de Erro: A margem de erro máxima prevista é de 3 pontos percentuais para mais ou para menos, considerando um nível de confiança de 95% e baseada em uma amostra aleatória simples (AAS). Os intervalos de confiança serão calculados considerando os resultados obtidos para um nível de confiança de 95%.";": Os entrevistadores envolvidos na realização desta pesquisa são treinados pelo Instituto e recebem instruções específicas para cada projeto realizado. A coleta será feita com a utilização de tablet e questionário eletrônico. São checados, no mínimo, 20% dos questionários de cada pesquisador, seja in loco por supervisores de campo ou, posteriormente, por telefone. Internamente, todo o material é verificado e codificado. Antes do processamento final e emissão dos resultados, realiza-se processo de consistência dos dados. Os dados coletados e tratados nesta pesquisa atendem às exigências da LGPD, Lei Geral de Proteção de Dados, garantindo ao respondente o sigilo de sua identidade e o correto tratamento de suas respostas.";"A área de abrangência da coleta dos dados é o estado de Pernambuco. A relação completa dos municípios e bairros pesquisados será anexada ao registro até o dia seguinte à data de publicação da pesquisa, conforme Resolução 23.600/2019 do TSE, no art.2º §7º."
"28/09/2026";"05:46:54";2026;81;"Eleições Gerais 2026";"MG";"MG";"MINAS GERAIS";"MG003662026";"2026-08-25 19:51:49";"N";"32898151000103";"SECTRAL SERVICOS E COMERCIO EM GERAL LTDA";"SECTRAL NEGOCIOS";"Governador, Senador, Deputado Federal, Deputado Estadual";"2026-08-25 00:00:00";"2026-08-29 00:00:00";"2026-08-31 00:00:00";1100;"9063";"LINIANE GAZOLA";"11000,00";"Pesquisa quantitativa, de natureza exploratório-descritiva, operacionalizada por meio da técnica survey com									
aplicação de questionário estruturado. A coleta de dados será realizada exclusivamente por meio de entrevistas pessoais									
utilizando dispositivos eletrônicos (tablets) O universo é constituído pelos eleitores com 16 anos ou mais,									
regularmente inscritos no cadastro eleitoral e residentes em: 									
JUIZ DE FORA - MG									
Empresa Contratante e Pagante pelo trabalho:				MVR2 EMPREENDIMENTOS LTDA					
CNPJ/CPF:	17.543.766/0001-15								
ORIGEM DO RECURSO: 		PROPRIO							";" A amostra prevista é de		1100	 entrevistas.				
O público-alvo da pesquisa é constituído por eleitores com 16 anos ou mais, residentes na área de abrangência do estudo.	
Para assegurar a representatividade estatística desse universo, adotou-se um delineamento amostral probabilístico em três etapas: 	
Na primeira etapa realiza-se um sorteio probabilístico dos municípios onde as entrevistas serão realizadas através do método PPT (Probabilidade 	
Proporcional ao Tamanho), considerando a população eleitora com 16 anos ou mais residente nos municípios como base para essa seleção.	
Na segunda etapa, faz-se um sorteio probabilístico das localidades, onde as entrevistas serão realizadas, através do método PPT (Probabilidade	
Proporcional ao Tamanho), tomando a população eleitora de 16 anos ou mais residente nas localidades como base para essa seleção. Na	
terceira etapa, a seleção do entrevistado dentro da localidade, será feita utilizando-se quotas amostrais proporcionais, em função das seguintes	
variáveis:	
						
GÊNERO:	MASCULINO	45,34%					
	FEMININO	54,66%					
Fonte: 	TSE- JULHO-26						
FAIXA ETÁRIA			
	16 A 24 Anos	9,9%					
	25 a 34	17,8%					
	35 a 44	18,8%					
	45 a 59	25,7%					
	60 ou mais	27,8%
FONTE: 	TSE- JULHO-26						
GRAU DE INSTRUÇÃO		
	Analfabeto/Lê e escreve			2%			
	Ensino fundamental completo/incompleto			26%			
	Ensino médio completo/incompleto			44%			
	Ensino superior completo/incompleto			28%	 FONTE: 	TSE- JULHO-26
RENDA FAMILIAR							
	Sem rendimento / Até 1 salário mínimo			12,6%			
	De 1 a 2 salários			20,3%			
	De 2 a 5 Salários			38,5%			
	Mais de 5 salários			28,6%
	(S.M. - SALARIO MINIMO)						
Fonte	https://cidades.ibge.gov.br/brasil/mg/juiz-de-fora/pesquisa/23/24304						
Fonte para a malha de setores censitários, Censo 2022 (IBGE);							
A definição dos parâmetros populacionais para as cotas amostrais baseia-se nos dados do Censo Demográfico mais recente disponibilizado 							
pelo IBGE, admitindo-se, nos termos do art. 2º, II, ""a"", da Resolução TSE nº 23.600/2019, a utilização de informações defasadas quando não 							
houver dados atualizados, devidamente justificada no registro da pesquisa.							
Como etapa complementar ao plano amostral, prevê-se a pós-estratificação manual, aplicável apenas se constatadas diferenças entre a 							
distribuição obtida em campo e os parâmetros populacionais predefinidos para as variáveis de controle. O procedimento consiste no ajuste 							
ponderado das frequências amostrais, com base na comparação entre percentuais observados e previstos, com o fim de recompor a							
proporcionalidade da amostra em relação ao universo. Tal ajuste constitui prática metodológica padrão e não decorre de qualquer fragilidade 							
no processo de coleta ou seleção da amostra.							
Margem de Erro máxima prevista é:			2,95%	pontos percentuais para mais ou para menos, considerando um			
nível de confiança de 		95%	e baseada em uma amostra aleatória simples (AAS). ";"As entrevistas são realizadas por equipes devidamente treinadas e identificados, utilizando para a coleta dispositivo eletronico, 				
as equipes serão acompanhadas por um coordenador / supervisor que atua como fiscal de campo fazendo o controle, 				
a verificação e a fiscalização da coleta de dados. Após a coleta, a pesquisa será checada, criticada e codificada, 				
internamente de acordo com o padrão estabelecido pela ABEP (Associação Brasileira de Empresas de Pesquisa). Todo o 				
material será 100% criticado e 20% verificado, conforme procedimento padrão em pesquisa de opinião publica. As 				
informações serão processadas por meio de programa especifico, para a tabulação e eleaboração dos resultados. Os dados				
serão gerados no formato de tabelas de frequencia, e analisados criteriosamente. Ao final sera elaborado um relatorio analitico-				
descritivo, contendo tabelas e graficos para o resultado de cada pergunta realizada no questionario, seguindo as				
exigencias do TSE. 				
Os dados coletados e tratados nesta pesquisa atendem às exigências da LGPD, Lei Geral de Proteção de Dados garantindo				
ao respondente o sigilo de sua identidade e o correto tratamento de suas respostas.				
";"A área de abrangência da coleta é : JUIZ DE FORA - MG
A relação das localidades e setores censitários selecionadas para aplicação da amostra será apresentada
a partir do dia em que a pesquisa puder ser divulgada e até o dia seguinte, conforme expresso no
art. 2º, §7º da Resolução 23.600/2019 doTSE."
"28/09/2026";"05:46:54";2026;81;"Eleições Gerais 2026";"MG";"MG";"MINAS GERAIS";"MG037972026";"2026-03-03 19:18:12";"N";"81908345000140";"INSTITUTO PARANA DE PESQUISAS E ANALISE DE CONSUMIDOR LTDA";"#NULO#";"Governador, Senador";"2026-03-04 00:00:00";"2026-03-07 00:00:00";"2026-03-09 00:00:00";1350;"10245 - 4ª Região";"Tatiani Cristina Ara";"35000,00";"Pesquisa com metodologia quantitativa, com a realização de entrevistas pessoais, domiciliares e presenciais, utilizando questionário estruturado junto a uma amostra representativa do eleitorado do Estado do Minas Gerais.


";"""A amostra será representativa do eleitorado da área pesquisada e será selecionada em três etapas. Na primeira etapa realiza-se um sorteio probabilístico dos municípios onde as entrevistas serão realizadas através do método PPT (Probabilidade Proporcional ao Tamanho), considerando a população eleitora com 16 anos ou mais residente nos municípios como base para essa seleção. Na segunda etapa, faz-se um sorteio probabilístico das localidades, onde as entrevistas serão realizadas, através do método PPT (Probabilidade Proporcional ao Tamanho), tomando a população eleitora de 16 anos ou mais residente nas localidades como base para essa seleção. Na terceira etapa, a seleção do entrevistado dentro da localidade, será feita utilizando-se quotas amostrais proporcionais, em função das seguintes variáveis:
GÊNERO: TSE Fevereiro 2026 (https://sig.tse.jus.br/ords/dwapr/r/seai/sig-eleitor-eleitorado-mensal/cruzamento-eleitorado-mensal?p24_metricas=E&p24_back=22&p24_cruzamento_1=ds_sexo&clear=24&p0_uf=MG&debug=LEVEL5&session=312990078978641)
Masculino - 48%; |
Feminino - 52%; |
FAIXA ETÁRIA: TSE Fevereiro 2026 (https://sig.tse.jus.br/ords/dwapr/r/seai/sig-eleitor-eleitorado-mensal/cruzamento-eleitorado-mensal?p24_cruzamento_1=ds_faixa_etaria&p24_metricas=E&p24_back=22&clear=24&p0_uf=MG&debug=LEVEL5&session=8904950028837)
Entre 16 e 24 anos: 11%; |
Entre 25 e 34 anos: 18%; |
Entre 35 e 44 anos: 19%; |
Entre 45 e 59 anos: 26%; |
Com 60 anos ou mais: 26%; |
ESCOLARIDADE: TSE Fevereiro 2026 (https://sig.tse.jus.br/ords/dwapr/r/seai/sig-eleitor-eleitorado-mensal/cruzamento-eleitorado-mensal?p24_cruzamento_1=ds_grau_instrucao&p24_metricas=E&p24_back=22&clear=24&p0_uf=MG&debug=LEVEL5&session=309383598034615)
De analfabeto até ensino fundamental completo: 41%; |
Ensino médio incompleto ou completo: 45% |
Ensino superior incompleto ou completo: 14% |
RENDA DOMICILIAR MENSAL:  (https://cidades.ibge.gov.br/brasil/mg/pesquisa/23/24304) IBGE - Censo 2010. Observação: Conforme informações obtidas do Instituto Brasileiro de Geografia e Estatística, o IBGE, não divulgou - e não tem previsão - de data para divulgação do perfil econômico (nível econômico) da população brasileira; portanto, os dados quanto ao nível econômico obtidos no Censo 2022, não podem ser utilizados, pois não foram publicados. (https://censo2022.ibge.gov.br/panorama/)
Sem rendimentos até 2 salários mínimos: 45% |
Mais de 2 a 5 salários mínimos: 36% |
Mais de 5 salários mínimos: 19% |
Está prevista eventual ponderação para correção das variáveis gênero e faixa etária, com base nos percentuais acima apresentados, caso ocorram diferenças superiores a 3,0 (três) pontos percentuais entre o previsto na amostra e a coleta realizada; para as variáveis escolaridade e renda domiciliar mensal, o fator de ponderação é igual a 1 (resultados obtidos no campo). O nível de confiança estimado é de 95% (noventa e cinco por cento) para uma margem de erro estimada, considerando uma técnica de amostragem aleatória simples, de aproximadamente 2,7 (dois vírgula sete) pontos percentuais para mais ou para menos sobre os resultados obtidos.""





";"""As entrevistas serão conduzidas por uma equipe de entrevistadores e supervisores devidamente qualificados pelo Instituto Paraná Pesquisas, todos com experiência e treinamento específico em pesquisas de opinião pública. 
Controle: O controle do processo será realizado por meio de um software de coleta de dados, o qual permitirá o monitoramento garantindo o cumprimento das cotas amostrais.
Conferência e Fiscalização: Durante a coleta de dados os questionários aplicados são fiscalizados e conferidos através de um supervisor.   
Adicionalmente, pelo menos 30% dos questionários passarão por uma verificação posterior, que avaliará a precisão na aplicação e a adequação dos entrevistados às variáveis das quotas amostrais. Ou seja, no mínimo 405 entrevistas desta pesquisa serão auditadas pela equipe de qualidade do Instituto Paraná Pesquisas, podendo essa auditoria ser solicitada ao Instituto a qualquer momento.
Verificação: Após a coleta, os questionários passam por uma etapa de verificação e validação dos dados, para garantir a integridade e precisão dos dados coletados.""





";" ""A pesquisa será realizada no Estado do Minas Gerais, a relação dos dados relativos aos municípios e às localidades será apresentado até o dia seguinte à data a partir da qual a pesquisa puder ser divulgada, conforme §7º do art. 2º da Resolução-TSE nº. 23.600/2019""





"
"28/09/2026";"05:46:54";2026;81;"Eleições Gerais 2026";"MG";"MG";"MINAS GERAIS";"MG099802026";"2026-08-18 21:47:30";"S";"00654576000172";"INSTITUTO VERITA LTDA";"VERITA";"Governador, Senador";"2026-08-19 00:00:00";"2026-08-23 00:00:00";"2026-08-24 00:00:00";2030;"10699";"Guilherme Alvarenga Laia";"156310,00";"Estudo quantitativo voltado às Eleições 2026, realizado por meio de entrevistas individuais, aplicadas mediante questionário eletrônico estruturado e Unidade Automatizada de Respostas Audíveis e Auditáveis, por meio de ligações para telefones móveis (celulares). A inteligência artificial é empregada exclusivamente para a transcrição automatizada das respostas em áudio, não interferindo na formulação das perguntas, na condução das entrevistas, na coleta das informações, na interpretação das respostas ou no tratamento estatístico dos dados.

A participação dos eleitores é voluntária, espontânea e não remunerada. As respostas são prestadas por autodeclaração, sendo, em sua maioria, registradas por meio de códigos numéricos correspondentes às alternativas previamente definidas no questionário.

A utilização de sistema eletrônico automatizado para a coleta e o registro das respostas proporciona elevado nível de padronização operacional, reduz a possibilidade de interferência humana durante a realização das entrevistas, amplia a rastreabilidade e a auditabilidade de todo o processo de coleta e contribui para maior precisão, consistência e confiabilidade dos dados obtidos.

O plano amostral foi elaborado para assegurar a representatividade estatística do eleitorado da respectiva Unidade da Federação, observando critérios técnicos de seleção, distribuição e ponderação da amostra, quando aplicáveis.
";"A pesquisa foi planejada para produzir uma amostra estatisticamente representativa do eleitorado do estado DE MINAS GERAIS, utilizando o método de Probabilidade Proporcional ao Tamanho (PPT), com plano amostral em múltiplos estágios. Na primeira etapa, esta Unidade da Federação é dividida em macrorregiões, de forma a assegurar adequada distribuição territorial da amostra e representação das diferentes características geográficas, demográficas e eleitorais. Na segunda etapa, os municípios de cada estrato são ordenados segundo seu porte populacional e eleitoral e sorteados. Na terceira etapa, os respondentes são selecionados entre os eleitores aptos residentes nos municípios sorteados, observando-se a distribuição proporcional da amostra e as cotas estabelecidas para as variáveis de sexo, faixa etária, grau de instrução e nível econômico. As cotas são estabelecidas para a pesquisa completa, considerando a composição do eleitorado e os parâmetros oficiais de referência, não sendo aplicadas isoladamente a cada município selecionado.

SEXO E FAIXA ETÁRIA - Fonte: Tribunal Superior Eleitoral (TSE), Perfil do Eleitorado, junho de 2026. Feminino de 16 a 34 anos: 15,2%; Masculino de 16 a 34 anos: 14,2%; Feminino de 35 a 54 anos: 19,1%; Masculino de 35 a 54 anos: 17,7%; Feminino com 55 anos ou mais: 18,3%; Masculino com 55 anos ou mais: 15,6%. Os parâmetros de sexo e idade têm como referência o cadastro eleitoral brasileiro atualizado pelo Tribunal Superior Eleitoral, considerando o universo de eleitores aptos com 16 anos ou mais.

GRAU DE INSTRUÇÃO - Fonte: IBGE - Pesquisa Nacional por Amostra de Domicílios Contínua - PNAD Contínua, 1º trimestre de 2026. A distribuição é: sem instrução 3,7%; ensino fundamental incompleto ou equivalente 30%; ensino fundamental completo ou equivalente 7,9%; ensino médio incompleto ou equivalente 4,7%; ensino médio completo ou equivalente 30,4%; ensino superior incompleto ou equivalente 3,6%; ensino superior completo 19,7%. A PNAD Contínua é utilizada como referência por constituir a fonte oficial mais atualizada para a mensuração do nível de instrução da população brasileira, sua utilização também corrige limitações decorrentes da ausência de atualização obrigatória e contínua das informações de escolaridade no cadastro eleitoral do Tribunal Superior Eleitoral.

NÍVEL ECONÔMICO - RENDA FAMILIAR DO DOMICÍLIO - Fonte: IBGE - PNAD Contínua Anual 2025, 1ª visita.  Considera-se a renda domiciliar total, compreendendo rendimentos provenientes de trabalho formal e informal, aposentadorias, pensões, benefícios sociais e demais fontes de renda existentes no domicílio.  observando-se a seguinte distribuição: renda familiar de até 2 salários-mínimos 38,5%; de 2 a 5 salários-mínimos 41,1%, acima de 5 salários-mínimos 20,4%.

PONDERAÇÃO E CALIBRAÇÃO DA AMOSTRA - Prevê-se eventual ponderação das variáveis de sexo, faixa etária, grau de instrução e nível econômico, caso sejam verificadas diferenças relevantes entre a distribuição da amostra efetivamente coletada e os parâmetros populacionais de referência adotados. Inicialmente, o fator de ponderação é igual a 1 (um), podendo ser recalculado sempre que necessário para assegurar a representatividade estatística da amostra.
INTERVALO DE CONFIANÇA E MARGEM DE ERRO - O intervalo de confiança adotado é de 95%, com margem máxima estimada de erro de aproximadamente 2,5  pontos percentuais, para mais ou para menos, sobre os resultados do total da amostra, calculada segundo o modelo de amostragem aleatória simples e a hipótese de máxima variabilidade.
";"Após os trabalhos de coleta de dados, os questionários são submetidos a uma fiscalização, conferência e checagem de cerca de 20% (vinte por cento) dos questionários aplicados. Todas as entrevistas são integralmente registradas em áudio, permanecendo auditáveis e rastreáveis, permitindo a verificação da integridade do processo de coleta, preservado o sigilo das informações pessoais dos entrevistados e observadas as disposições da Lei Geral de Proteção de Dados Pessoais (Lei nº 13.709/2018).";"Em observância ao art. 2º, § 7º, da Resolução TSE nº 23.600/2019, com redação dada pela Resolução TSE nº 23.747/2026, a presente pesquisa terá seu registro complementado no Sistema de Registro de Pesquisas Eleitorais a partir da data em que sua divulgação for permitida e até o dia seguinte, com a identificação dos municípios em que foram realizadas as entrevistas, bem como da composição final da amostra quanto a gênero, idade, grau de instrução e nível econômico, na forma exigida pela legislação eleitoral vigente."
"28/09/2026";"05:46:54";2026;81;"Eleições Gerais 2026";"MG";"MG";"MINAS GERAIS";"MG040462026";"2026-09-25 11:49:49";"N";"13475743000160";"BOAS IDEIAS INTELIGENCIA EM PESQUISA E ESTRATEGIA DIGITAL LTDA";"BOAS IDEIAS, ESTRATEGIA E INTELIGENCIA DIGITAL.";"Governador, Senador";"2026-09-25 00:00:00";"2026-09-29 00:00:00";"2026-10-01 00:00:00";1000;"10524";"ADRIANA APARECIDA MARCAL";"35000,00";"Pesquisa quantitativa com aplicação de questionário estruturado, através pesquisa telefônica, junto a uma parcela representativa do eleitorado do estado de Minas Gerais.";"Representativo do eleitorado da área em estudo selecionado por amostragem através do método de probabilidade proporcional ao tamanho (PPT), com a técnica de Random Digit Dialing (RDD), que consiste na geração aleatória de números de telefone, assegurando que todos os indivíduos da população-alvo tenham probabilidade conhecida e diferente de zero de serem selecionados, o que permite o cálculo estatístico do tamanho da amostra, da margem de erro e dos intervalos de confiança. Considerando a população com 16 anos ou mais residente na localidade pesquisada em função das seguintes variáveis: Gênero: Masculino: 47%; Feminino: 53%; Grupos de idade: 16-24: 11%; 25-34: 18%; 35-44: 19%; 45-59: 26%; 60 anos e mais: 26%; Nível de escolaridade: Fundamental: 40%; Médio: 45% e Superior: 15%; Nível Econômico: Economicamente Ativo: 59%, Não Economicamente Ativo: 41%. Ponderação dos resultados: Está prevista eventual ponderação para correção das variáveis sexo e idade com base nos percentuais anteriormente mencionados, caso ocorram diferenças superiores a 3,1 pontos percentuais entre o previsto na amostra e a coleta de dados realizada. Para as variáveis de grau de instrução e nível econômico do entrevistado, o fator previsto para ponderação é 1 (resultados obtidos em campo). Margem de Erro: A margem de erro máxima estimada, considerando um modelo de amostragem aleatório simples, é de 3,1% para mais ou para menos e o nível de confiança é de 95%. Fonte dos dados: As proporções das variáveis são definidas a partir das pesquisas PNAD 2025 e Censo 2022/IBGE, TSE 2025.";"Os pesquisadores envolvidos na realização desta pesquisa são devidamente treinados para aplicação da técnica e deste tipo de questionário, recebendo instruções específicas para cada projeto. A coleta será feita por telefone. São checados 30% dos questionários de cada pesquisador, posteriormente, por telefone. Há monitoramento de contatos telefônicos. Internamente, todo o material é verificado e codificado. Antes do processamento final e emissão dos resultados, realiza-se processo de consistência dos dados.";"A área de abrangência da coleta é o estado de Minas Gerais. A relação das localidades selecionadas para aplicação da amostra será apresentada até o dia seguinte ao registro da pesquisa, conforme expresso no art. 2º, §7º da Resolução 23.600/2019 do TSE."
"28/09/2026";"05:46:54";2026;81;"Eleições Gerais 2026";"MG";"MG";"MINAS GERAIS";"MG032902026";"2026-09-15 16:18:18";"S";"19259002000128";"ATLASINTEL TECNOLOGIA DE DADOS LTDA";"ATLASINTEL";"Governador, Senador";"2026-09-15 00:00:00";"2026-09-20 00:00:00";"2026-09-21 00:00:00";1800;"11220";"ANDREI CAMILO DOS SANTOS";"75000,00";"Pesquisa quantitativa com coleta aleatória via questionário estruturado web e pós-estratificação da amostra de acordo com as características do eleitorado de Minas Gerais.";"Amostra aleatória pós-estratificada via algoritmo iterativo com quotas proporcionais, representando as características do eleitorado de Minas Gerais:
SEXO: Masculino: 47.5%; Feminino: 52.5%.
FAIXA ETÁRIA: Entre 16 a 24 anos: 10.8%; Entre 25 a 34 anos: 18.0%; Entre 35 a 44 anos: 19.0%; Entre 45 a 59 anos: 25.7%; 60 ou mais: 26.5%.
ESCOLARIDADE: Ensino Fundamental completo ou incompleto: 35.0%; Ensino Médio completo ou incompleto: 39.4%; Ensino Superior completo ou incompleto: 25.6%.
NÍVEL ECONÔMICO: Renda familiar mensal até R$ 2.000: 15.1%; de R$ 2.000 a R$ 3.000: 10.2%; de R$ 3.000 a R$ 5.000: 28.6%; de R$ 5.000 a R$ 10.000: 29.9%; mais de R$ 10.000: 16.3%.
OBS.: devido ao arredondamento, a soma dos percentuais pode variar de 99% a 101%. Na agregação final, para cada variável de ponderação, serão admissíveis desvios de até 2 pontos percentuais em relação às quotas estipuladas. Confiança estimada: 95%, margem de erro: +/- 2.0 pontos percentuais. FONTE DOS DADOS: PNADC 2026 para escolaridade | PNADC 2025 para renda | TSE 2026 para sexo e faixa etária.";"Coleta feita com a utilização de questionário eletrônico com procedimentos específicos para o armazenamento seguro dos dados. São checados manualmente no mínimo 15% dos questionários para detectar possíveis anomalias. Pesquisadores especializados realizam internamente uma verificação exaustiva da consistência dos dados antes da divulgação dos resultados finais.";"#NULO#"
"28/09/2026";"05:46:54";2026;81;"Eleições Gerais 2026";"MG";"MG";"MINAS GERAIS";"MG045612026";"2026-09-22 17:17:07";"N";"24089028000105";"F5 ATUALIZA DADOS LTDA";"F5 ATUALIZA DADOS";"Senador";"2026-09-25 00:00:00";"2026-09-26 00:00:00";"2026-09-28 00:00:00";777;"9.077";"EDMILSON ANTONIO PEREIRA JUNIOR";"14000,00";"A metodologia de pesquisa utilizada é quantitativa, do tipo survey, que consiste na aplicação domiciliar de questionários estruturados junto a uma amostra representativa de eleitores do município de Passos (MG).";"A amostra dos eleitores Passos (MG) é distribuída de forma a contemplar todas as regiões geográficas do município, a partir de quotas proporcionais ao universo, conforme os dados disponibilizados nos sites do TSE e do IBGE, considerando as variáveis sexo, faixa etária, grau de instrução e nível econômico dos entrevistados.
Distribuição da amostra: Sexo (Fonte: TSE-2026, acesso em 22/09/2026): Masculino [46,6%]; Feminino [53,4%]. Faixa etária (Fonte: TSE-2026, acesso em 22/09/2026): 16 a 24 anos [9,5%]; 25 a 34 anos [17,1%]; 35 a 44 anos [18,6%]; 45 a 59 anos [26,0%]; 60 anos ou mais [28,8%]. Grau de instrução (Fonte: TSE-2026, acesso em 22/09/2026): Analfabeto/Lê ou escreve [8,5%]; Ensino Fundamental completo ou incompleto [31,6%]; Ensino Médio completo ou incompleto [44,0%]; Ensino Superior completo ou incompleto [15,9%]. Nível econômico (Fonte: Censo Demográfico IBGE-2010): Até 2 salários mínimos [81,2%]; Mais de 2 a 5 salários mínimos [13,7%]; Mais de 5 salários mínimos [5,1%]. O fator de ponderação utilizado é igual a 1, entretanto, está prevista eventual ponderação para correção das variáveis, caso ocorram diferenças superiores a 2 pontos percentuais entre o previsto na amostra e a coleta de dados realizada. A amostra utilizada de 777 eleitores do município de Passos (MG), ao nível de 95% de confiança, apresenta margem de erro estimada de 3,5 pontos percentuais, para mais ou para menos.";"Serão checados 20% das entrevistas. Sistema interno de verificação.";"Arquivo anexo!"
"28/09/2026";"05:46:54";2026;81;"Eleições Gerais 2026";"MG";"MG";"MINAS GERAIS";"MG045422026";"2026-09-22 23:53:28";"N";"08581382000104";"INSTITUTO DE PESQUISA SOBERANO LTDA";"INSTITUTO DE PESQUISA SOBERANO";"Governador, Senador, Deputado Federal, Deputado Estadual";"2026-09-23 00:00:00";"2026-09-23 00:00:00";"2026-09-28 00:00:00";300;"7655";"AUGUSTO DA SILVA ROCHA";"17000,00";"Pesquisa quantitativa, com realização de entrevistas pessoais e aplicação de questionário estruturado junto a uma amostra representativa do eleitorado do MUNICIPIO DE ITABIRA/MG.";"A amostra será representativa do eleitorado da área de abrangência da pesquisa e será selecionada em três estágios. No primeiro estágio, será realizado o sorteio probabilístico dos municípios onde as entrevistas serão realizadas, por meio do método PPT (Probabilidade Proporcional ao Tamanho), considerando a população eleitora com 16 anos ou mais residente nos municípios como base para essa seleção. No segundo estágio, será realizado o sorteio probabilístico dos setores censitários onde as entrevistas serão realizadas, também por meio do método PPT (Probabilidade Proporcional ao Tamanho), tomando como base a população eleitora de 16 anos ou mais residente nos respectivos setores censitários. No terceiro estágio, a seleção do entrevistado dentro de cada setor censitário será feito por meio de cotas amostrais proporcionais, considerando as seguintes variáveis : GÊNERO: FEMININO 53,35% ;
MASCULINO 46,65% ;
FAIXA ETÁRIA: TSE - agosto de 2026 : 16 a 24 anos 10,37% ;
25 a 34 anos 17,54% ;
35 a 44 anos 19,40% ;
45 a 59 anos 26,95% ;
60 anos ou mais 25,74% ;
| ESCOLARIDADE: TSE - agosto de 2026 Analfabeto 2,66% ;
Ensino Fundamental Completo 4,56% ;
Ensino Fundamental Incompleto 22,53% ;
Ensino Médio Completo 35,62% ;
Ensino Médio Incompleto 15,54% ;
Lê E Escreve 2,42% ;
Superior Completo 11,86% ;
Superior Incompleto 4,81% ;
(link da fonte https://sig.tse.jus.br/ords/dwapr/r/seai/sig-eleitor-eleitorado-mensal/cruzamento-eleitorado-mensal?p0_municipio=ITABIRA&p0_uf=MG&session=131951474793785
)

RENDA DOMICILIAR MENSAL: IBGE - Censo 2.010 - (https://cidades.ibge.gov.br/brasil/mg/itabira/pesquisa/23/24304
) __%;| Até 1/2 salário mínimo 1,51% ;
Mais de 1/2 a 1 salário mínimo 13,23% ;
Mais de 1 a 2 salários mínimos 22,15% ;
Mais de 2 a 5 salários mínimos 37,45% ;
Mais de 5 a 10 salários mínimos 16,14% ;
Mais de 10 a 20 salários mínimos 5,53% ;
Mais de 20 salários mínimos 1,43% ;
Sem rendimento 2,56% ;
. Observação: Conforme informações obtidas do Instituto Brasileiro de Geografia e Estatística - IBGE, o instituto não divulgou e não tem previsão de data para divulgação do perfil econômico (nível econômico) da população brasileira; portanto, os dados quanto ao nível econômico obtidos no Censo 2022 não podem ser utilizados, pois não foram publicados. (https://censo2022.ibge.gov.br/panorama/). Está prevista eventual ponderação para correção das variáveis gênero e faixa etária, com base nos percentuais acima apresentados, caso ocorram diferenças superiores a MARGEM DE ERRO definida entre a amostra prevista e a coleta realizada. Para as variáveis escolaridade e renda domiciliar mensal, o fator de ponderação será igual a 1, considerando-se os resultados obtidos em campo. Dentro do público-alvo anteriormente descrito, serão realizadas 300 entrevistas. O nível de confiança estimado é de 95% para uma margem de erro estimada, considerando uma técnica de amostragem aleatória simples (AAS), de aproximadamente 5,7 pontos percentuais para mais ou para menos sobre os resultados obtidos.";"Para a realização da pesquisa, serão conduzidas uma equipe de entrevistadores e supervisores credenciados e devidamente treinados pela empresa para esse tipo de pesquisa. Após os trabalhos de coleta dos dados, 100% dos questionários são criticados e passam por uma fiscalização de cerca de 20% (vinte por cento) dos questionários aplicados por cada entrevistador; passam por uma etapa de verificação da consistência das respostas e da adequação dos entrevistados aos parâmetros amostrais.";"#NULO#"
"28/09/2026";"05:46:54";2026;81;"Eleições Gerais 2026";"MG";"MG";"MINAS GERAIS";"MG079722026";"2026-08-21 16:04:39";"S";"22345021000181";"REAL TIME MIDIA LTDA";"REAL TIME BIG DATA";"Governador, Senador";"2026-08-22 00:00:00";"2026-08-26 00:00:00";"2026-08-27 00:00:00";2000;"10839";"Isabela Zara Cremoneze";"30000,00";"Pesquisa quantitativa, que consiste na realização de entrevistas com eleitores do universo a ser explorado, feitas em combinação mista por entrevistadores humanos e recursos de inteligência artificial, com a aplicação de questionário estruturado com abordagens telefônicas e digitais junto a uma amostra representativa do eleitorado em estudo. Pesquisa realizada no Estado de Minas Gerais (MG).";"Representativo do eleitorado da área em estudo, elaborada em três estágios. 
No primeiro estágio, realiza-se um sorteio probabilístico dos municípios onde as entrevistas serão realizadas, pelo método PPT (Probabilidade Proporcional ao Tamanho), tomando a população eleitora de 16 anos ou mais residente nos municípios como base para essa seleção.
No segundo estágio, efetua-se um sorteio probabilístico das localidades dentro dos municípios selecionados, também pelo método PPT (Probabilidade Proporcional ao Tamanho), considerando a população eleitora de 16 anos ou mais residente nessas localidades como base para a seleção.
No terceiro e último estágio, dentro das localidades sorteadas, os respondentes são selecionados por meio de quotas amostrais proporcionais, em função de variáveis significativas, a saber:

GÊNERO:
Feminino: 52,49%;
Masculino: 47,51%.
(Fonte: TSE, Julho/2026 -- https://sig.tse.jus.br/ords/dwapr/r/seai/sig-eleitor-eleitorado-mensal/cruzamento-eleitorado-mensal?p24_metricas=E&p24_back=22&p24_cruzamento_1=ds_sexo&clear=24&session=200047853196389)
FAIXA ETÁRIA:
16 anos: 0,30%;
17 anos: 0,51%;
18 a 20 anos: 3,75%;
21 a 24 anos: 6,21%;
25 a 34 anos: 18,03%;
35 a 44 anos: 19,00%;
45 a 59 anos: 25,70%;
60 a 69 anos: 13,78%;
70 a 79 anos: 8,19%;
Superior a 79 anos: 4,53%.
(Fonte: TSE, Julho/2026 -- https://sig.tse.jus.br/ords/dwapr/r/seai/sig-eleitor-eleitorado-mensal/cruzamento-eleitorado-mensal?p24_cruzamento_1=ds_faixa_etaria&p24_metricas=E&p24_back=22&clear=24&session=200047853196389)
ESCOLARIDADE:
Analfabeto: 3,90%;
Lê e Escreve: 6,63%;
Ensino Fundamental Incompleto: 23,93%;
Ensino Fundamental Completo: 6,03%;
Ensino Médio Incompleto: 19,66%;
Ensino Médio Completo: 25,32%;
Ensino Superior Incompleto: 4,32%;
Ensino Superior Completo: 10,21%.
(Fonte: TSE, Julho/2026 -- https://sig.tse.jus.br/ords/dwapr/r/seai/sig-eleitor-eleitorado-mensal/cruzamento-eleitorado-mensal?p24_cruzamento_1=ds_grau_instrucao&p24_metricas=E&p24_back=22&clear=24&session=200047853196389)
RENDA DOMICILIAR MENSAL:
Sem rendimento: 3,03%;
Até 1/2 Salário Mínimo: 2,44%;
Mais de 1/2 a 1 Salário Mínimo: 15,35%;
Mais de 1 a 2 Salários Mínimos: 24,50%;
Mais de 2 a 5 Salários Mínimos: 35,45%;
Mais de 5 a 10 Salários Mínimos: 12,76%;
Mais de 10 a 20 Salários Mínimos: 4,55%;
Mais de 20 Salários Mínimos: 1,92%.
(Fonte: IBGE (CENSO-2010) -- https://cidades.ibge.gov.br/brasil/mg/pesquisa/23/24304?detalhes=true)
Observação: De acordo com informações do Instituto Brasileiro de Geografia e Estatística (IBGE), não há previsão de data para a divulgação do perfil econômico da população brasileira do CENSO 2022. Portanto, os dados sobre o nível econômico obtidos no Censo 2022 não podem ser utilizados, pois ainda não foram publicados.
Está prevista eventual ponderação para correção das variáveis sexo e idade, com base nos percentuais anteriormente mencionados, caso ocorram diferenças superiores a 3 pontos percentuais entre o previsto na amostra e a coleta de dados realizada. Para as variáveis de grau de instrução e nível econômico do entrevistado, o fator previsto para ponderação é 1 (resultados obtidos em campo). O nível de confiança estimado é de 95% e a margem de erro máxima estimada considerando um modelo de amostragem aleatório simples, é de aproximadamente 2 (dois) pontos percentuais para mais ou para menos sobre os resultados encontrados no total da amostra.
";"O trabalho de coleta de dados é acompanhado por supervisores humanos. São selecionados aleatoriamente 15% (quinze por cento) dos questionários para uma verificação posterior e, em caso de dúvida, o formulário é descartado e o responsável pela coleta chamado para esclarecimentos. Há uma equipe especializada que confere os dados à exaustão com objetivo de averiguar e aferir os resultados coletados.";"O anexo do arquivo com os bairros será realizado até o dia seguinte da divulgação conforme indicado no §7º. do art. 2º. da Resolução-TSE nº. 23.600/2019.
"
"28/09/2026";"05:46:54";2026;81;"Eleições Gerais 2026";"MG";"MG";"MINAS GERAIS";"MG033512026";"2026-09-22 23:27:54";"N";"22345021000181";"REAL TIME MIDIA LTDA";"REAL TIME BIG DATA";"Governador, Senador";"2026-09-23 00:00:00";"2026-09-26 00:00:00";"2026-09-28 00:00:00";2000;"10839";"Isabela Zara Cremoneze";"20000,00";"Pesquisa quantitativa, que consiste na realização de entrevistas com eleitores do universo a ser explorado, feitas em combinação mista por entrevistadores humanos e recursos de inteligência artificial, com a aplicação de questionário estruturado com abordagens telefônicas e digitais junto a uma amostra representativa do eleitorado em estudo. Pesquisa realizada no Estado de Minas Gerais (MG).";"Representativo do eleitorado da área em estudo, elaborada em três estágios.
No primeiro estágio, realiza-se um sorteio probabilístico dos municípios onde as entrevistas serão realizadas, pelo método PPT (Probabilidade Proporcional ao Tamanho), tomando a população eleitora de 16 anos ou mais residente nos municípios como base para essa seleção.
No segundo estágio, efetua-se um sorteio probabilístico das localidades dentro dos municípios selecionados, também pelo método PPT (Probabilidade Proporcional ao Tamanho), considerando a população eleitora de 16 anos ou mais residente nessas localidades como base para a seleção.
No terceiro e último estágio, dentro das localidades sorteadas, os respondentes são selecionados por meio de quotas amostrais proporcionais, em função de variáveis significativas, a saber:

GÊNERO:
Feminino: 52,49%;
Masculino: 47,51%.
(Fonte: TSE, Agosto/2026 -- https://sig.tse.jus.br/ords/dwapr/r/seai/sig-eleitor-eleitorado-mensal/cruzamento-eleitorado-mensal?p24_metricas=E&p24_back=22&p24_cruzamento_1=ds_sexo&clear=24&session=200047853196389)
FAIXA ETÁRIA:
16 anos: 0,30%;
17 anos: 0,51%;
18 a 20 anos: 3,75%;
21 a 24 anos: 6,21%;
25 a 34 anos: 18,03%;
35 a 44 anos: 19,00%;
45 a 59 anos: 25,70%;
60 a 69 anos: 13,78%;
70 a 79 anos: 8,19%;
Superior a 79 anos: 4,53%.
(Fonte: TSE, Agosto/2026 -- https://sig.tse.jus.br/ords/dwapr/r/seai/sig-eleitor-eleitorado-mensal/cruzamento-eleitorado-mensal?p24_cruzamento_1=ds_faixa_etaria&p24_metricas=E&p24_back=22&clear=24&session=200047853196389)
ESCOLARIDADE:
Analfabeto: 3,90%;
Lê e Escreve: 6,63%;
Ensino Fundamental Incompleto: 23,93%;
Ensino Fundamental Completo: 6,03%;
Ensino Médio Incompleto: 19,66%;
Ensino Médio Completo: 25,32%;
Ensino Superior Incompleto: 4,32%;
Ensino Superior Completo: 10,21%.
(Fonte: TSE, Agosto/2026 -- https://sig.tse.jus.br/ords/dwapr/r/seai/sig-eleitor-eleitorado-mensal/cruzamento-eleitorado-mensal?p24_cruzamento_1=ds_grau_instrucao&p24_metricas=E&p24_back=22&clear=24&session=200047853196389)
RENDA DOMICILIAR MENSAL:
Sem rendimento: 3,03%;
Até 1/2 Salário Mínimo: 2,44%;
Mais de 1/2 a 1 Salário Mínimo: 15,35%;
Mais de 1 a 2 Salários Mínimos: 24,50%;
Mais de 2 a 5 Salários Mínimos: 35,45%;
Mais de 5 a 10 Salários Mínimos: 12,76%;
Mais de 10 a 20 Salários Mínimos: 4,55%;
Mais de 20 Salários Mínimos: 1,92%.
(Fonte: IBGE (CENSO-2010) -- https://cidades.ibge.gov.br/brasil/mg/pesquisa/23/24304?detalhes=true)
Observação: De acordo com informações do Instituto Brasileiro de Geografia e Estatística (IBGE), não há previsão de data para a divulgação do perfil econômico da população brasileira do CENSO 2022. Portanto, os dados sobre o nível econômico obtidos no Censo 2022 não podem ser utilizados, pois ainda não foram publicados.
Está prevista eventual ponderação para correção das variáveis sexo e idade, com base nos percentuais anteriormente mencionados, caso ocorram diferenças superiores a 3 pontos percentuais entre o previsto na amostra e a coleta de dados realizada. Para as variáveis de grau de instrução e nível econômico do entrevistado, o fator previsto para ponderação é 1 (resultados obtidos em campo). O nível de confiança estimado é de 95% e a margem de erro máxima estimada considerando um modelo de amostragem aleatório simples, é de aproximadamente 2 (dois) pontos percentuais para mais ou para menos sobre os resultados encontrados no total da amostra.";"O trabalho de coleta de dados é acompanhado por supervisores humanos. São selecionados aleatoriamente 15% (quinze por cento) dos questionários para uma verificação posterior e, em caso de dúvida, o formulário é descartado e o responsável pela coleta chamado para esclarecimentos. Há uma equipe especializada que confere os dados à exaustão com objetivo de averiguar e aferir os resultados coletados.";"O anexo do arquivo com os bairros será realizado até o dia seguinte da divulgação conforme indicado no §7º. do art. 2º. da Resolução-TSE nº. 23.600/2019."
"28/09/2026";"05:46:54";2026;81;"Eleições Gerais 2026";"MG";"MG";"MINAS GERAIS";"MG005182026";"2026-08-26 14:51:11";"N";"64500153000180";"LAIS CRISTINA RODRIGUES DE OLIVEIRA LTDA";"IPSENSUS PESQUISAS";"Deputado Federal, Deputado Estadual";"2026-08-31 00:00:00";"2026-09-01 00:00:00";"2026-09-01 00:00:00";400;"7655";"AUGUSTO DA SILVA ROCHA";"11000,00";"A pesquisa cobrirá o município envolvendo todas regiões do município de Unaí/MG Universo da pesquisa será dos eleitores com 16 anos ou mais. A amostra representará os eleitores do Município, selecionados em 2(dois) estágios. No primeiro estágio, os setores censitários, onde as entrevistas serão realizadas, foram selecionadas, probabilisticamente, através do método PPT - Probabilidade Proporcional ao Tamanho, tomando o número de eleitores como base para seleção. No segundo estágio, a seleção do entrevistado, dentro do setor censitário, será feita utilizando-se quotas proporcionais, e a abordagem será domiciliar.";"Utilizamos quotas proporcionais, em função das seguintes variáveis: Gênero: MASCULINO 48,25%; FEMININO 51,75%; Faixa etária: 16 a 24 anos	11,57%;
25 a 34 anos 18,11%;
35 a 44 anos 19,09%;
45 a 59 anos 26,62%;
60 a 69 anos 13,29%;
70 a 79 anos 7,20%;
Superior a 79 anos	4,12%
 ; Grau de instrução: ; Analfabeto 4,39%; Lê e escreve 9,96%; Fundamental incompleto 23,59%; Fundamental completo 4,36%; Médio incompleto 23,63%; Médio completo 22,41%; Superior incompleto 4,07%; Superior completo 7,59%	;
Fonte dos dados: TSE-Tribunal Superior Eleitoral/julho2026; https://sig.tse.jus.br/ords/dwapr/r/seai/sig-eleitor-eleitorado-mensal/cruzamento-eleitorado-mensal?p24_metricas=E&p24_back=22&p24_cruzamento_1=ds_sexo&clear=24&session=307295161620678; https://sig.tse.jus.br/ords/dwapr/r/seai/sig-eleitor-eleitorado-mensal/cruzamento-eleitorado-mensal?p24_cruzamento_1=ds_faixa_etaria&p24_metricas=E&p24_back=22&clear=24&session=307295161620678;
https://sig.tse.jus.br/ords/dwapr/r/seai/sig-eleitor-eleitorado-mensal/cruzamento-eleitorado-mensal?p24_cruzamento_1=ds_grau_instrucao&p24_metricas=E&p24_back=22&clear=24&session=307295161620678
 ; Ano=2026; Mês = JULHO; UF= MG; MUNICIPIO = Unaí; 

Renda familiar: ; Até 1/2 salário mínimo	2,74%	;
Mais de 1/2 a 1 salário mínimo	16,69%	;
Mais de 1 a 2 salários mínimos	25,51%	;
Mais de 2 a 5 salários mínimos	35,09%	;
Mais de 5 a 10 salários mínimos	11,37%	;
Mais de 10 a 20 salários mínimos	4,00%	;
Mais de 20 salários mínimos	1,29%	;
Sem rendimento	3,301;

Fonte dos dados: IBGE-Censo 2010-IBGE-CENSO 2022 (IBGE/Censo 2010 - Classe de rendimento nominal mensal domiciliar) ; https://cidades.ibge.gov.br/brasil/mg/unai/pesquisa/23/24304; ""Está prevista eventual ponderação da amostra para correção das variáveis sexo, idade, renda familiar e escolaridade com base nos percentuais anteriormente mencionados, caso ocorram diferenças entre os percentuais previstos na amostra e a coleta de dados realizada. Dentro do público-alvo, serão realizadas 400 entrevistas. O nível de confiança estimado é de 95% e a margem de erro máxima prevista, baseada em uma amostra aleatória simples (AAS), é de cerca de 4,9 pontos percentuais para mais ou para menos em relação aos totais da amostra. Nível Econômico: IBGE (Censo/2010) - Observação: Conforme informações obtidas do Instituto Brasileiro de Geografia e Estatística, o IBGE, não divulgou - e não tem previsão - de data para divulgação do perfil econômico (nível econômico) da população brasileira; portanto, os dados quanto ao nível econômico obtidos no Censo 2022, não podem ser utilizados, pois não foram publicados.""";"Para a realização da pesquisa, utiliza-se uma equipe de entrevistadores e supervisores credenciados devidamente treinados pela empresa para esse tipo de pesquisa. Após os trabalhos de campo, 100% dos questionários são criticados e passam por uma fiscalização de cerca de 20% (vinte por cento) dos questionários aplicados por cada entrevistador; para verificação da consistência das respostas e da adequação dos entrevistados aos parâmetros amostrais.";"#NULO#"
"28/09/2026";"05:46:54";2026;81;"Eleições Gerais 2026";"MG";"MG";"MINAS GERAIS";"MG058322026";"2026-03-04 20:41:08";"N";"14476135000132";"VIAVOX CONSULTORIA ADMINISTRATIVA E PESQUISAS DE OPINIAO LTDA";"#NULO#";"Governador, Senador, Deputado Federal, Deputado Estadual, Deputado Distrital";"2026-03-05 00:00:00";"2026-03-06 00:00:00";"2026-03-10 00:00:00";400;"10503";"KÁTIA REGINA BIANCO";"5000,00";" A VIAVOX CONSULTORIA E PESQUISAS entrevistará, com a utilização de equipamento eletrônico (tablets), através de sistema de coleta de dados, 400 eleitores com idade a partir de 16 anos, na cidade de PADRE PARAÍSO/MG divididos entre setores da cidade nos dias 05 e 06 de Fevereiro de 2026.
- Pesquisa quantitativa com aplicação de questionários estruturados através de entrevistas pessoais domiciliares junto a uma amostra aleatória, proporcional e representativa do eleitorado do Município de PADRE PARAÍSO/MG (Estado de Minas Gerais), com 16 anos ou mais, baseando-se na divisão dos setores censitários do município pelo Censo IBGE 2022, e na divisão do eleitorado local por sexo, idade e escolaridade definida pelo Tribunal Superior Eleitoral. Amostra estratificada por sexo, faixa etária e escolaridade através de sistema de cotas pré-definidas.
Plano amostral e ponderação quanto a sexo, idade, grau de instrução e nível econômico do entrevistado; intervalo de confiança e margem de erro:
- A margem de erro para o total da amostra é de 4,90% (quatro vírgula noventa) pontos Percentuais, para mais ou para menos, calculada considerando-se um coeficiente de confiança de 95% (noventa e cinco por cento).
";"Percentuais para ponderação quanto a sexo:
SEXO	TSE	%	AMOSTRA	%
Masculino (M)	6.880	48,09%	192	48,09%
Feminino (F)	7.426	51,91%	208	51,91%
TOTAL	14.306		400	100%

Percentuais para ponderação quanto a faixa etária:
IDADE	TSE	%	AMOSTRA	%
16 a 24 anos	1.842	13%	51	13%
25 a 34 anos	2.632	18%	74	18%
35 a 44 anos	2.595	18%	73	18%
45 a 59 anos	3.321	23%	93	23%
60 anos ou mais	3.925	27%	109	27%
TOTAL	14.315	100%	400	100%

Percentuais para ponderação quanto a grau de instrução:
GRAU DE INSTRUÇÃO	TSE	%	AMOSTRA	%
Analfabeto / nunca estudou	4.746	33%	132	33%
Ensino fundamental incompleto	3.180	22%	89	22%
Ensino fundamental completo	486	3%	14	3%
Ensino Médio incompleto	2.826	20%	79	20%
Ensino Médio completo	2.250	16%	63	16%
Superior incompleto	286	2%	8	2%
Superior completo	533	4%	15	4%
TOTAL	14.307	100%	400	100%

- Base utilizada: Justiça Eleitoral, estatística do eleitorado. Fator para a ponderação de nível econômico dos respondentes: (resultados obtidos em campo). Critério utilizado: faixas de renda familiar mensal.
Nota Técnica: O Censo traz o dado populacional. O coletado em campo, por amostragem, traz uma representação desse populacional [intuito principal da amostragem].
No trabalho de campo, é adotado um plano amostral probabilístico e robusto, o resultado oriundo da amostra (coletado em campo) permite, com um nível de confiança e uma certa margem de erro, estimar a renda populacional da localidade da pesquisa. Portanto, para o nível econômico do entrevistado (renda familiar mensal aproximada declarada) os dados de referência são os do Censo Demográfico IBGE 2022 (módulo Trabalho e Rendimento ¿ SIDRA Tabela 10296), com distribuição por faixas de rendimento domiciliar per capita em salários mínimos, reagrupadas nas faixas de renda familiar mensal conforme abaixo:
RENDA MENSAL EM SALÁRIOS MÍNIMOS	IBGE 2022	%	AMOSTRA
Até 1 salário mínimo	14.586	84,58%	338
De 1 a 2 salários mínimos	2.029	11,76%	47
De 2 a 5 salários mínimos	599	3,47%	14
Mais de 5 salários mínimos	33	0,19%	1
TOTAL	17.247	100%	400
";"- Sistema interno de controle e verificação, conferência e fiscalização da coleta de dados e do trabalho de campo:
- O sistema de coleta de dados possui funcionalidade de gravação de áudio das entrevistas, mediante autorização prévia e expressa do entrevistado, em conformidade com a Lei Geral de Proteção de Dados (LGPD ¿ Lei nº 13.709/2018). As gravações são utilizadas exclusivamente para fins de controle de qualidade e verificação da fidelidade das respostas, sendo armazenadas de forma segura e tratadas somente para formação de dados estatísticos.
- As equipes de campo têm em seus quadros supervisores que acompanham e checam a aplicação dos questionários in-loco como também a obediência às cotas pré-definidas; sua função é atestar a fidelidade das respostas obtidas pelos pesquisadores e garantir o rigor metodológico na aplicação dos formulários. A verificação das entrevistas, incluindo a auditoria das gravações de áudio, é realizada pelo coordenador de campo em, no mínimo, 20% da amostra coletada.
- Sistema Interno de Verificação: através da utilização de software específico, são aplicados testes para averiguar a consistência dos resultados obtidos.
";"#NULO#"
"28/09/2026";"05:46:54";2026;81;"Eleições Gerais 2026";"MG";"MG";"MINAS GERAIS";"MG065562026";"2026-09-22 23:44:02";"N";"14476135000132";"VIAVOX CONSULTORIA ADMINISTRATIVA E PESQUISAS DE OPINIAO LTDA";"#NULO#";"Governador, Senador, Deputado Federal, Deputado Estadual, Deputado Distrital";"2026-09-24 00:00:00";"2026-09-26 00:00:00";"2026-09-28 00:00:00";401;"SP10503/O";"Katia Regina Bianco";"7000,00";"Pesquisa de opinião pública presencial, de abrangência municipal (Três Pontas/MG), conduzida por Viavox Consultoria e Pesquisas. Serão realizadas 401 entrevistas com eleitores, por amostragem por cotas com partilha proporcional à população, estratificada por gênero, idade, grau de instrução e nível econômico, e com distribuição geográfica proporcional à população por setor/bairro. As entrevistas são aplicadas por entrevistadores(as) treinados(as) em campo (domicílios e pontos de fluxo), com registro de data e hora e geolocalização (GPS) e gravação de áudio de cada entrevista para fins de conferência e auditoria. A lista de candidatas(os) apresentada às pessoas entrevistadas observou a ordem e os termos definidos na legislação eleitoral.";"Amostra de 401 entrevistas, com nível de confiança de 95% e margem de erro de ±4,9 pontos percentuais para o resultado geral, considerando universo de 45.160 eleitores. Amostragem por cotas, com ponderação por gênero, idade, grau de instrução e nível econômico, tendo como fonte pública os dados do IBGE (Censo 2022) e do TSE (estatísticas do eleitorado). Distribuição planejada da amostra por estrato demográfico:
? Gênero: Masculino 47,9%; Feminino 52,1%
? Escolaridade: Ensino Fundamental incompleto 30,4%; Ensino Fundamental completo 21,7%; Ensino Médio incompleto 19,0%; Ensino Médio completo 19,0%; Ensino Superior incompleto 5,0%; Ensino Superior completo 5,0%
? Renda familiar: Até 1 salário mínimo 62,8%; Mais de 1 até 2 salários mínimos 25,9%; Mais de 2 até 5 salários mínimos 9,5%; Mais de 5 até 10 salários mínimos 1,2%; Mais de 10 salários mínimos 0,5%

Partilha geográfica proporcional à população (PPS) por setor/região:
? Setor 01 - Norte: 13.8% da população ? 55 entrevistas
? Setor 02 - Sudoeste: 16.9% da população ? 68 entrevistas
? Setor 03 - Sudeste: 17.2% da população ? 69 entrevistas
? Setor 04 - Oeste: 16.2% da população ? 65 entrevistas
? Setor 05 - Centro: 14.3% da população ? 57 entrevistas
? Setor 06 - Leste: 21.6% da população ? 87 entrevistas";"O controle, a conferência e a fiscalização da coleta de dados e do trabalho de campo são realizados por meio de: (1) supervisão por coordenador(a) de campo, com acompanhamento em tempo real do andamento e das cotas por setor; (2) registro de geolocalização (GPS) de cada entrevista, permitindo verificar a área efetiva de realização; (3) gravação de áudio das entrevistas, mantida para auditoria e checagem; (4) validação automática das cotas (gênero, idade, grau de instrução e nível econômico) durante a coleta, evitando o estouro de cotas; (5) conferência da consistência e da completude das respostas e checagem (reentrevista) de parte da amostra. Toda a documentação ? planilhas de cotas, mapas dos setores e gravações ? é mantida auditável e disponível à Justiça Eleitoral, nos termos do art. 13 da Resolução TSE nº 23.600/2019.";"Município abrangido: Três Pontas/MG.
A pesquisa foi organizada em 6 setor(es)/região(ões), com amostra proporcional à população (fonte: IBGE, Censo 2022):
? Setor 01 - Norte ? 13.8% da população, 55 entrevistas. Bairros/localidades: Três Pontas
? Setor 02 - Sudoeste ? 16.9% da população, 68 entrevistas. Bairros/localidades: Três Pontas
? Setor 03 - Sudeste ? 17.2% da população, 69 entrevistas. Bairros/localidades: Três Pontas
? Setor 04 - Oeste ? 16.2% da população, 65 entrevistas. Bairros/localidades: Três Pontas
? Setor 05 - Centro ? 14.3% da população, 57 entrevistas. Bairros/localidades: Três Pontas
? Setor 06 - Leste ? 21.6% da população, 87 entrevistas. Bairros/localidades: Três Pontas"
"28/09/2026";"05:46:54";2026;81;"Eleições Gerais 2026";"MG";"MG";"MINAS GERAIS";"MG074002026";"2026-09-18 19:05:21";"N";"07630546000175";"DATAFOLHA INSTITUTO DE PESQUISAS LTDA.";"#NULO#";"Governador, Senador";"2026-09-22 00:00:00";"2026-09-24 00:00:00";"2026-09-24 00:00:00";1204;"7249A";"Renata Nunes Cesar";"162051,60";"Pesquisa do tipo quantitativo, por amostragem, com aplicação de questionário estruturado e abordagem pessoal em pontos de fluxo populacional. O eleitorado do estado de Minas Gerais foi tomado como universo da pesquisa.
";"Universo: Eleitorado do estado de Minas Gerais
Tamanho da amostra: A amostra prevista é de 1204 entrevistas.
Técnica de amostragem: A amostra é estratificada por natureza dos municípios (capital, região metropolitana ou interior), sendo que os estratos são desproporcionais em relação ao tamanho do universo. Posteriormente, as proporções corretas serão restabelecidas na fase de ponderação dos dados. Os municípios com população acima de 500 mil habitantes constituem estratos. Em cada estrato, num primeiro estágio, são sorteados com probabilidade proporcional ao tamanho (PPT) os municípios que farão parte do levantamento. Num segundo estágio, são sorteados os bairros e pontos de abordagem onde serão aplicadas as entrevistas. Por fim, os entrevistados são selecionados aleatoriamente para responder ao questionário, de acordo com cotas de gênero e faixa etária.

Os dados utilizados para definição e seleção da amostra são baseados nos dados fornecidos pelo TSE (dados mais recentes disponíveis), IBGE (Censo 2022, PNADC-A 2024 e Estimativa populacional 2025), além de dados primários de outros levantamentos do instituto. Os dados relativos a gênero e faixa etária são: Homens: 48%, mulheres: 52%, 16 a 24 anos: 11%, 25 a 34 anos: 18%, 35 a 44 anos: 19%, 45 a 59 anos: 26% e 60 anos ou mais: 26%.

Para a variável grau de instrução os dados utilizados como referência são: até nível médio completo ou incompleto (inclui os sem escolaridade e analfabetos) =78% e nível superior (inclui superior incompleto) = 22%.

Ponderação dos resultados: Está prevista ponderação considerando os estratos da amostra (natureza do município e alguns municípios), gênero e faixa etária. A variável escolaridade poderá ser ajustada de acordo com os percentuais detalhados anteriormente caso a diferença entre os valores descritos e observados seja maior que a margem de erro definida. Para o nível econômico do entrevistado (renda familiar mensal declarada pelo respondente), a distribuição utilizada como referência foi: Até 2 S.M. (salários mínimos)=46%, mais de 2 S.M.=48%, não souberam ou recusaram a resposta=6%. O fator previsto para ponderação é 1 (resultados obtidos em campo).


Margem de Erro: A margem de erro máxima prevista é de 3 pontos percentuais para mais ou para menos, considerando um nível de confiança de 95% e baseada em uma amostra aleatória simples (AAS). Os intervalos de confiança serão calculados considerando os resultados obtidos para um nível de confiança de 95%.";"Os entrevistadores envolvidos na realização desta pesquisa são treinados pelo Instituto e recebem instruções específicas para cada projeto realizado. A coleta será feita com a utilização de tablet e questionário eletrônico. São checados, no mínimo, 20% dos questionários de cada pesquisador, seja in loco por supervisores de campo ou, posteriormente, por telefone. Internamente, todo o material é verificado e codificado. Antes do processamento final e emissão dos resultados, realiza-se processo de consistência dos dados. Os dados coletados e tratados nesta pesquisa atendem às exigências da LGPD, Lei Geral de Proteção de Dados, garantindo ao respondente o sigilo de sua identidade e o correto tratamento de suas respostas.";"A área de abrangência da coleta dos dados é o estado de Minas Gerais. A relação completa dos municípios e bairros pesquisados será anexada ao registro até o dia seguinte à data de publicação da pesquisa, conforme Resolução 23.600/2019 do TSE, no art.2º §7º."
"28/09/2026";"05:46:54";2026;81;"Eleições Gerais 2026";"MG";"MG";"MINAS GERAIS";"MG032762026";"2026-09-17 19:16:44";"N";"22445600000104";"QUAEST PESQUISAS, CONSULTORIA E PROJETOS LTDA.";"#NULO#";"Governador, Senador";"2026-09-19 00:00:00";"2026-09-22 00:00:00";"2026-09-23 00:00:00";1506;"6731";"Margarida Maria de Mendonca";"212346,00";"Pesquisa quantitativa, de survey, que consiste na realização de entrevistas pessoais, domiciliares e presenciais, conduzidas por profissionais treinados, com a aplicação de questionários estruturados a uma amostra representativa da população votante de 16 anos ou mais residente no estado de Minas Gerais. O desenho amostral aplicado combina sorteio probabilístico de municípios e de setores censitários fornecidos pelo IBGE (unidades territoriais homogêneas, de tamanho similar a quadras ou blocos), dentro dos quais serão selecionadas pessoas respondentes por meio de cotas amostrais.";"O público pesquisado é composto por eleitores de 16 anos ou mais residentes na área de abrangência da pesquisa. Para produzir uma amostra representativa desse público-alvo, utilizamos um desenho amostral por conglomerados que prevê três estágios. No primeiro estágio, é feito um sorteio probabilístico de municípios para comporem a amostra por meio do método PPT (Probabilidade Proporcional ao Tamanho) a partir de suas populações votantes acima de 16 anos. Dentro da lista de municípios sorteados, no segundo estágio, é realizado um sorteio probabilístico por meio do método PPT (Probabilidade Proporcional ao Tamanho) de setores censitários a serem visitados pelos entrevistadores, sorteio que tem como base o total de habitantes residentes nos setores de acordo com dados do Censo de 2022, o que garante a dispersão aleatória e estatística da amostra dentro dos territórios municipais, independentemente de divisões administrativas. Finalmente, dentro da lista de setores censitários sorteados, no último estágio são selecionados domicílios e pessoas a serem entrevistadas utilizando-se cotas amostrais para as seguintes variáveis: sexo, idade, renda familiar e escolaridade. O perfil da amostra, definido pelas cotas previstas, é o seguinte:

Sexo: Masculino (48%); Feminino (52%).
Faixa etária: 16-34 anos (29%); 35-59 anos (44%); 60 ou mais (27%).
Renda domiciliar total, incluindo pensões, benefícios e rendimentos de trabalhos informais: Até 2 salários-mínimos (27%); Mais de 2 a 5 salários-mínimos (46%); Mais de 5 salários-mínimos (27%).
Nível de instrução: Até Fundamental completo ou médio incompleto (45%); Médio completo ou superior incompleto (37%); Superior completo ou mais (18%).

Fonte dos dados: para a distribuição de sexo e idade, TSE-Tribunal Superior Eleitoral - julho/2026; para a malha de setores censitários, Censo 2022 (IBGE); para a distribuição de renda domiciliar, PNADc Anual 2025, 1ª visita (IBGE); e, para a distribuição de escolaridade/instrução, PNADc trimestral 2-2026 (IBGE). A PNADc é utilizada por ser a fonte oficial mais atualizada de rendimentos do país, incluindo rendimentos informais, pensões, entre outros, e corrigindo as defasagens temporais do Censo 2022, além de ser a fonte mais atualizada de nível de instrução da população com 16 anos ou mais dada ausência de atualização obrigatória da escolaridade no registro de eleitores do TSE.

Está prevista eventual pós-estratificação da amostra, por meio de algoritmos de calibração (rake) e modelos (MrP), para correção (1) de estimativas e (2) das distribuições de variáveis que medem o perfil da população.

Dentro do público-alvo anteriormente descrito, serão realizadas 1.506 entrevistas. O nível de confiança das estimativas é de 95% e a margem de erro máxima prevista, atendendo às diretivas do TSE e usando o cálculo para amostra aleatória simples (AAS) como aproximação, é de cerca de 3 pontos percentuais para mais ou para menos em relação aos totais da amostra.";"As entrevistas serão realizadas por uma equipe de entrevistadores devidamente qualificada, com experiência e treinamento em pesquisa de opinião pública. Todo trabalho é feito em tablets ou outros dispositivos eletrônicos. Após a realização da coleta de dados, as entrevistas junto aos respondentes são checadas por meio de procedimentos de consistência e de georreferenciamento dos locais de aplicação em tempo real. Adicionalmente, ao longo e após os trabalhos de campo, é realizada uma fiscalização que consiste na checagem de áudio de uma amostra de 30% dos questionários aplicados para verificação das respostas e da adequação dos entrevistados aos parâmetros amostrais.";"A área de abrangência da coleta é o território do estado de Minas Gerais. A relação do número de pessoas pesquisadas nas áreas de aplicação da pesquisa, discriminadas por município, bairros e setores censitários a partir dos identificadores utilizados pelo IBGE, além da composição do eleitorado entrevistado na área de abrangência quanto a gênero, idade, grau de instrução e nível econômico, constará em anexo. O mapa com os códigos destes setores censitários e as áreas que delimitam no país todo podem ser conferidos na seguinte fonte oficial: https://censo2022.ibge.gov.br/panorama/mapas.html?localidade=&recorte=setores_censitarios"
"28/09/2026";"05:46:54";2026;81;"Eleições Gerais 2026";"MG";"MG";"MINAS GERAIS";"MG077912026";"2026-08-31 11:57:05";"S";"13761170000130";"INSTITUTO BRASILEIRO DE GESTAO E PESQUISA - IBGP";"#NULO#";"Deputado Federal, Deputado Estadual";"2026-09-01 00:00:00";"2026-09-05 00:00:00";"2026-09-06 00:00:00";1200;"7655";"AUGUSTO DA SILVA ROCHA";"12000,00";"A pesquisa será do tipo quantitativo, por amostragem aleatória, com aplicação de questionário estruturado e abordagem de moradores eleitores nos municípios do estado de Minas Gerais, divididos nas regiões dentro do estado. O conjunto da população do Estado de Minas Gerais com 16 anos ou mais e que são votantes no referido estado foi tomado como universo da pesquisa.";"A amostra será representativa do eleitorado da área pesquisada e será selecionada em três etapas. Na primeira etapa realiza-se um sorteio probabilístico dos municípios onde as entrevistas serão realizadas através do método PPT (Probabilidade Proporcional ao Tamanho), considerando a população eleitora com 16 anos ou mais residente nos municípios como base para essa seleção. Na segunda etapa, faz-se um sorteio probabilístico das localidades, onde as entrevistas serão realizadas, através do método PPT (Probabilidade Proporcional ao Tamanho), tomando a população eleitora de 16 anos ou mais residente nas localidades como base para essa seleção. Na terceira etapa, a seleção do entrevistado dentro da localidade, será feita utilizando-se quotas amostrais proporcionais, em função das variáveis sexo, faixa etária, grau de instrução e Nível socioeconômico (renda mensal familiar). Por fim, os entrevistados são selecionados aleatoriamente para responder ao questionário, de acordo com cotas:

SEXO: MASCULINO 47,51%;
FEMININO 52,49% ;

Faixa Etária: 16 a 24 anos 10,77% ;
25 a 34 anos 18,03% ;
35 a 44 anos 19,00% ;
45 a 59 anos 25,70% ;
60 anos ou mais 26,50% ;


Grau de instrução:
ANALFABETO 3,90% ;
LÊ E ESCREVE 6,63% ;
ENSINO FUNDAMENTAL INCOMPLETO 23,93% ;
ENSINO FUNDAMENTAL COMPLETO 6,03% ;
ENSINO MÉDIO INCOMPLETO 19,66% ;
ENSINO MÉDIO COMPLETO 25,32% ;
SUPERIOR INCOMPLETO 4,32% ;
SUPERIOR COMPLETO 10,21%;;
Nível econômico (renda mensal familiar):

Até 1/2 salário mínimo 2,44% ;
Mais de 1/2 a 1 salário mínimo 15,35% ;
Mais de 1 a 2 salários mínimos 24,50% ;
Mais de 2 a 5 salários mínimos 35,45% ;
Mais de 5 a 10 salários mínimos 12,76% ;
Mais de 10 a 20 salários mínimos 4,55% ;
Mais de 20 salários mínimos 1,92% ;
Sem rendimento 3,03% ;
Fonte pública dos dados IBGE IBGE | Cidades@ | Minas Gerais | Pesquisa | Censo 2010 | Universo - Características da população e dos domicílios; https://cidades.ibge.gov.br/brasil/mg/pesquisa/23/24304?detalhes=true; (TSE/JULHO2026):
https://sig.tse.jus.br/ords/dwapr/r/seai/sig-eleitor-eleitorado-mensal/cruzamento-eleitorado-mensal?p24_metricas=E&p24_back=22&p24_cruzamento_1=ds_sexo&clear=24&session=330328328928929 ;
https://sig.tse.jus.br/ords/dwapr/r/seai/sig-eleitor-eleitorado-mensal/cruzamento-eleitorado-mensal?p24_cruzamento_1=ds_faixa_etaria&p24_metricas=E&p24_back=22&clear=24&session=330328328928929 ;
https://sig.tse.jus.br/ords/dwapr/r/seai/sig-eleitor-eleitorado-mensal/cruzamento-eleitorado-mensal?p24_cruzamento_1=ds_grau_instrucao&p24_metricas=E&p24_back=22&clear=24&session=330328328928929 ;

; Ano=2026; Mês = JULHO; UF= MG;

Observação: Conforme informações disponibilizadas pelo Instituto Brasileiro de Geografia e Estatística (IBGE), não houve nem há previsão de divulgação do perfil econômico (nível econômico) da população brasileira no âmbito do Censo Demográfico de 2022 (https://censo2022.ibge.gov.br/panorama/), para essa variável será adotado o fator de ponderação igual a 1, correspondente aos resultados obtidos em campo, caso seja verificada diferença superior à margem de erro prevista no estudo entre a projeção da amostra baseada nos dados do IBGE 2010 e os dados efetivamente coletados. Para as variáveis de sexo, idade e grau de instrução, está previsto uma eventual ponderação, nos limites da margem de erro, para correção nos tamanhos das variáveis, caso ocorra uma diferença entre a previsão da amostra e a coleta dos dados realizados sobre a faixa de eleitores acima de 16 anos. Margem de Erro: A margem de erro máxima prevista é de 2,8 pontos percentuais para mais ou para menos, considerando um nível de confiança de 95%.";"Os entrevistadores envolvidos na realização desta pesquisa são treinados pelo Instituto e recebem instruções específicas para cada projeto realizado. Os pesquisadores são supervisionados por um coordenador que estará em campo juntamente com a equipe garantindo a lisura da pesquisa. Internamente, todo o material é verificado e codificado. Antes do processamento final e emissão dos resultados, realiza-se processo de consistência dos dados. Os dados coletados e tratados nesta pesquisa atendem às exigências da LGPD, Lei Geral de Proteção de Dados, garantindo ao respondente o sigilo de sua identidade e o correto tratamento de suas respostas.";"#NULO#"
"28/09/2026";"05:46:54";2026;81;"Eleições Gerais 2026";"MG";"MG";"MINAS GERAIS";"MG099182026";"2026-09-05 13:01:52";"S";"00654576000172";"INSTITUTO VERITA LTDA";"VERITA";"Governador, Senador";"2026-09-05 00:00:00";"2026-09-10 00:00:00";"2026-09-11 00:00:00";2030;"10699";"Guilherme Alvarenga Laia";"156310,00";"Estudo quantitativo voltado às Eleições 2026, realizado por meio de entrevistas individuais, aplicadas mediante questionário eletrônico estruturado e Unidade Automatizada de Respostas Audíveis e Auditáveis, por meio de ligações para telefones móveis (celulares). A inteligência artificial é empregada exclusivamente para a transcrição automatizada das respostas em áudio, não interferindo na formulação das perguntas, na condução das entrevistas, na coleta das informações, na interpretação das respostas ou no tratamento estatístico dos dados.

A participação dos eleitores é voluntária, espontânea e não remunerada. As respostas são prestadas por autodeclaração, sendo, em sua maioria, registradas por meio de códigos numéricos correspondentes às alternativas previamente definidas no questionário.

A utilização de sistema eletrônico automatizado para a coleta e o registro das respostas proporciona elevado nível de padronização operacional, reduz a possibilidade de interferência humana durante a realização das entrevistas, amplia a rastreabilidade e a auditabilidade de todo o processo de coleta e contribui para maior precisão, consistência e confiabilidade dos dados obtidos.

O plano amostral foi elaborado para assegurar a representatividade estatística do eleitorado da respectiva Unidade da Federação, observando critérios técnicos de seleção, distribuição e ponderação da amostra, quando aplicáveis.";"A pesquisa foi planejada para produzir uma amostra estatisticamente representativa do eleitorado do estado DE MINAS GERAIS, utilizando o método de Probabilidade Proporcional ao Tamanho (PPT), com plano amostral em múltiplos estágios. Na primeira etapa, esta Unidade da Federação é dividida em macrorregiões, de forma a assegurar adequada distribuição territorial da amostra e representação das diferentes características geográficas, demográficas e eleitorais. Na segunda etapa, os municípios de cada estrato são ordenados segundo seu porte populacional e eleitoral e sorteados. Na terceira etapa, os respondentes são selecionados entre os eleitores aptos residentes nos municípios sorteados, observando-se a distribuição proporcional da amostra e as cotas estabelecidas para as variáveis de sexo, faixa etária, grau de instrução e nível econômico. As cotas são estabelecidas para a pesquisa completa, considerando a composição do eleitorado e os parâmetros oficiais de referência, não sendo aplicadas isoladamente a cada município selecionado.

SEXO E FAIXA ETÁRIA - Fonte: Tribunal Superior Eleitoral (TSE), Perfil do Eleitorado, junho de 2026. Feminino de 16 a 34 anos: 15,2%; Masculino de 16 a 34 anos: 14,2%; Feminino de 35 a 54 anos: 19,1%; Masculino de 35 a 54 anos: 17,7%; Feminino com 55 anos ou mais: 18,3%; Masculino com 55 anos ou mais: 15,6%. Os parâmetros de sexo e idade têm como referência o cadastro eleitoral brasileiro atualizado pelo Tribunal Superior Eleitoral, considerando o universo de eleitores aptos com 16 anos ou mais.

GRAU DE INSTRUÇÃO - Fonte: IBGE - PNAD Contínua Anual 2025. A distribuição é: sem instrução 3%; ensino fundamental incompleto ou equivalente 27%; ensino fundamental completo ou equivalente 9%; ensino médio incompleto ou equivalente 8%; ensino médio completo ou equivalente 31,4%; ensino superior incompleto ou equivalente 5%; ensino superior completo 16,6%. Para não confundir os respondentes as faixas de escolaridade no questionário foram agrupadas em 3 faixas: até ensino fundamental incompleto e completo, ensino médio incompleto e completo e superior incompleto, completo ou mais. A PNAD Contínua é utilizada como referência por constituir a fonte oficial mais atualizada para a mensuração do nível de instrução da população brasileira, sua utilização também corrige limitações decorrentes da ausência de atualização obrigatória e contínua das informações de escolaridade no cadastro eleitoral do Tribunal Superior Eleitoral.

NÍVEL ECONÔMICO - RENDA FAMILIAR DO DOMICÍLIO - Fonte: IBGE - PNAD Contínua Anual 2025. Considera-se a renda domiciliar total, compreendendo rendimentos provenientes de trabalho formal e informal, aposentadorias, pensões, benefícios sociais e demais fontes de renda existentes no domicílio. observando-se a seguinte distribuição: renda familiar de até 2 salários-mínimos 38,5%; de 2 a 5 salários-mínimos 41,1%, acima de 5 salários-mínimos 20,4%.

PONDERAÇÃO E CALIBRAÇÃO DA AMOSTRA - Prevê-se eventual ponderação das variáveis de sexo, faixa etária, grau de instrução e nível econômico, caso sejam verificadas diferenças relevantes entre a distribuição da amostra efetivamente coletada e os parâmetros populacionais de referência adotados. Inicialmente, o fator de ponderação é igual a 1 (um), podendo ser recalculado sempre que necessário para assegurar a representatividade estatística da amostra.
INTERVALO DE CONFIANÇA E MARGEM DE ERRO - O intervalo de confiança adotado é de 95%, com margem máxima estimada de erro de aproximadamente 2,5 pontos percentuais, para mais ou para menos, sobre os resultados do total da amostra, calculada segundo o modelo de amostragem aleatória simples e a hipótese de máxima variabilidade.";"Após os trabalhos de coleta de dados, os questionários são submetidos a uma fiscalização, conferência e checagem de cerca de 20% (vinte por cento) dos questionários aplicados. Todas as entrevistas são integralmente registradas em áudio, permanecendo auditáveis e rastreáveis, permitindo a verificação da integridade do processo de coleta, preservado o sigilo das informações pessoais dos entrevistados e observadas as disposições da Lei Geral de Proteção de Dados Pessoais (Lei nº 13.709/2018).";"Em observância ao art. 2º, § 7º, da Resolução TSE nº 23.600/2019, com redação dada pela Resolução TSE nº 23.747/2026, a presente pesquisa terá seu registro complementado no Sistema de Registro de Pesquisas Eleitorais a partir da data em que sua divulgação for permitida e até o dia seguinte, com a identificação dos municípios em que foram realizadas as entrevistas, bem como da composição final da amostra quanto a gênero, idade, grau de instrução e nível econômico, na forma exigida pela legislação eleitoral vigente."
"28/09/2026";"05:46:54";2026;81;"Eleições Gerais 2026";"MG";"MG";"MINAS GERAIS";"MG047162026";"2026-09-02 19:39:26";"N";"22445600000104";"QUAEST PESQUISAS, CONSULTORIA E PROJETOS LTDA.";"#NULO#";"Governador, Senador";"2026-09-04 00:00:00";"2026-09-07 00:00:00";"2026-09-08 00:00:00";1506;"6731";"Margarida Maria de Mendonca";"212346,00";"Pesquisa quantitativa, de survey, que consiste na realização de entrevistas pessoais, domiciliares e presenciais, conduzidas por profissionais treinados, com a aplicação de questionários estruturados a uma amostra representativa da população votante de 16 anos ou mais residente no estado de Minas Gerais. O desenho amostral aplicado combina sorteio probabilístico de municípios e de setores censitários fornecidos pelo IBGE (unidades territoriais homogêneas, de tamanho similar a quadras ou blocos), dentro dos quais serão selecionadas pessoas respondentes por meio de cotas amostrais.";"O público pesquisado é composto por eleitores de 16 anos ou mais residentes na área de abrangência da pesquisa. Para produzir uma amostra representativa desse público-alvo, utilizamos um desenho amostral por conglomerados que prevê três estágios. No primeiro estágio, é feito um sorteio probabilístico de municípios para comporem a amostra por meio do método PPT (Probabilidade Proporcional ao Tamanho) a partir de suas populações votantes acima de 16 anos. Dentro da lista de municípios sorteados, no segundo estágio, é realizado um sorteio probabilístico por meio do método PPT (Probabilidade Proporcional ao Tamanho) de setores censitários a serem visitados pelos entrevistadores, sorteio que tem como base o total de habitantes residentes nos setores de acordo com dados do Censo de 2022, o que garante a dispersão aleatória e estatística da amostra dentro dos territórios municipais, independentemente de divisões administrativas. Finalmente, dentro da lista de setores censitários sorteados, no último estágio são selecionados domicílios e pessoas a serem entrevistadas utilizando-se cotas amostrais para as seguintes variáveis: sexo, idade, renda familiar e escolaridade. O perfil da amostra, definido pelas cotas previstas, é o seguinte:

Sexo: Masculino (48%); Feminino (52%).
Faixa etária: 16-34 anos (29%); 35-59 anos (44%); 60 ou mais (27%).
Renda domiciliar total, incluindo pensões, benefícios e rendimentos de trabalhos informais: Até 2 salários-mínimos (27%); Mais de 2 a 5 salários-mínimos (46%); Mais de 5 salários-mínimos (27%).
Nível de instrução: Até Fundamental completo ou médio incompleto (45%); Médio completo ou superior incompleto (37%); Superior completo ou mais (18%).

Fonte dos dados: para a distribuição de sexo e idade, TSE-Tribunal Superior Eleitoral - julho/2026; para a malha de setores censitários, Censo 2022 (IBGE); para a distribuição de renda domiciliar, PNADc Anual 2025, 1ª visita (IBGE); e, para a distribuição de escolaridade/instrução, PNADc trimestral 2-2026 (IBGE). A PNADc é utilizada por ser a fonte oficial mais atualizada de rendimentos do país, incluindo rendimentos informais, pensões, entre outros, e corrigindo as defasagens temporais do Censo 2022, além de ser a fonte mais atualizada de nível de instrução da população com 16 anos ou mais dada ausência de atualização obrigatória da escolaridade no registro de eleitores do TSE.

Está prevista eventual pós-estratificação da amostra, por meio de algoritmos de calibração (rake) e modelos (MrP), para correção (1) de estimativas e (2) das distribuições de variáveis que medem o perfil da população.

Dentro do público-alvo anteriormente descrito, serão realizadas 1.506 entrevistas. O nível de confiança das estimativas é de 95% e a margem de erro máxima prevista, atendendo às diretivas do TSE e usando o cálculo para amostra aleatória simples (AAS) como aproximação, é de cerca de 3 pontos percentuais para mais ou para menos em relação aos totais da amostra.";"As entrevistas serão realizadas por uma equipe de entrevistadores devidamente qualificada, com experiência e treinamento em pesquisa de opinião pública. Todo trabalho é feito em tablets ou outros dispositivos eletrônicos. Após a realização da coleta de dados, as entrevistas junto aos respondentes são checadas por meio de procedimentos de consistência e de georreferenciamento dos locais de aplicação em tempo real. Adicionalmente, ao longo e após os trabalhos de campo, é realizada uma fiscalização que consiste na checagem de áudio de uma amostra de 30% dos questionários aplicados para verificação das respostas e da adequação dos entrevistados aos parâmetros amostrais.";"A área de abrangência da coleta é o território do estado de Minas Gerais. A relação do número de pessoas pesquisadas nas áreas de aplicação da pesquisa, discriminadas por município, bairros e setores censitários a partir dos identificadores utilizados pelo IBGE, além da composição do eleitorado entrevistado na área de abrangência quanto a gênero, idade, grau de instrução e nível econômico, constará em anexo. O mapa com os códigos destes setores censitários e as áreas que delimitam no país todo podem ser conferidos na seguinte fonte oficial: https://censo2022.ibge.gov.br/panorama/mapas.html?localidade=&recorte=setores_censitarios"
"28/09/2026";"05:46:54";2026;81;"Eleições Gerais 2026";"MG";"MG";"MINAS GERAIS";"MG016112026";"2026-09-05 13:36:53";"N";"07630546000175";"DATAFOLHA INSTITUTO DE PESQUISAS LTDA.";"#NULO#";"Governador, Senador";"2026-09-08 00:00:00";"2026-09-11 00:00:00";"2026-09-11 00:00:00";1204;"7249A";"Renata Nunes Cesar";"162051,60";"Pesquisa do tipo quantitativo, por amostragem, com aplicação de questionário estruturado e abordagem pessoal em pontos de fluxo populacional. O eleitorado do estado de Minas Gerais foi tomado como universo da pesquisa.
";"Universo: Eleitorado do estado de Minas Gerais
Tamanho da amostra: A amostra prevista é de 1204 entrevistas.
Técnica de amostragem: A amostra é estratificada por natureza dos municípios (capital, região metropolitana ou interior), sendo que os estratos são desproporcionais em relação ao tamanho do universo. Posteriormente, as proporções corretas serão restabelecidas na fase de ponderação dos dados. Os municípios com população acima de 500 mil habitantes constituem estratos. Em cada estrato, num primeiro estágio, são sorteados com probabilidade proporcional ao tamanho (PPT) os municípios que farão parte do levantamento. Num segundo estágio, são sorteados os bairros e pontos de abordagem onde serão aplicadas as entrevistas. Por fim, os entrevistados são selecionados aleatoriamente para responder ao questionário, de acordo com cotas de gênero e faixa etária.

Os dados utilizados para definição e seleção da amostra são baseados nos dados fornecidos pelo TSE (dados mais recentes disponíveis), IBGE (Censo 2022, PNADC-A 2024 e Estimativa populacional 2025), além de dados primários de outros levantamentos do instituto. Os dados relativos a gênero e faixa etária são: Homens: 48%, mulheres: 52%, 16 a 24 anos: 11%, 25 a 34 anos: 18%, 35 a 44 anos: 19%, 45 a 59 anos: 26% e 60 anos ou mais: 26%.

Para a variável grau de instrução os dados utilizados como referência são: até nível médio completo ou incompleto (inclui os sem escolaridade e analfabetos) =78% e nível superior (inclui superior incompleto) = 22%.

Ponderação dos resultados: Está prevista ponderação considerando os estratos da amostra (natureza do município e alguns municípios), gênero e faixa etária. A variável escolaridade poderá ser ajustada de acordo com os percentuais detalhados anteriormente caso a diferença entre os valores descritos e observados seja maior que a margem de erro definida. Para o nível econômico do entrevistado (renda familiar mensal declarada pelo respondente), a distribuição utilizada como referência foi: Até 2 S.M. (salários mínimos)=46%, mais de 2 S.M.=48%, não souberam ou recusaram a resposta=6%. O fator previsto para ponderação é 1 (resultados obtidos em campo).


Margem de Erro: A margem de erro máxima prevista é de 3 pontos percentuais para mais ou para menos, considerando um nível de confiança de 95% e baseada em uma amostra aleatória simples (AAS). Os intervalos de confiança serão calculados considerando os resultados obtidos para um nível de confiança de 95%.";"Os entrevistadores envolvidos na realização desta pesquisa são treinados pelo Instituto e recebem instruções específicas para cada projeto realizado. A coleta será feita com a utilização de tablet e questionário eletrônico. São checados, no mínimo, 20% dos questionários de cada pesquisador, seja in loco por supervisores de campo ou, posteriormente, por telefone. Internamente, todo o material é verificado e codificado. Antes do processamento final e emissão dos resultados, realiza-se processo de consistência dos dados. Os dados coletados e tratados nesta pesquisa atendem às exigências da LGPD, Lei Geral de Proteção de Dados, garantindo ao respondente o sigilo de sua identidade e o correto tratamento de suas respostas.";": A área de abrangência da coleta dos dados é o estado de Minas Gerais. A relação completa dos municípios e bairros pesquisados será anexada ao registro até o dia seguinte à data de publicação da pesquisa, conforme Resolução 23.600/2019 do TSE, no art.2º §7º."
"28/09/2026";"05:46:54";2026;81;"Eleições Gerais 2026";"MG";"MG";"MINAS GERAIS";"MG015792026";"2026-08-30 17:32:50";"S";"19259002000128";"ATLASINTEL TECNOLOGIA DE DADOS LTDA";"ATLASINTEL";"Governador, Senador";"2026-08-30 00:00:00";"2026-09-04 00:00:00";"2026-09-05 00:00:00";1800;"11220";"ANDREI CAMILO DOS SANTOS";"75000,00";"Pesquisa quantitativa com coleta aleatória via questionário estruturado web e pós-estratificação da amostra de acordo com as características do eleitorado de Minas Gerais.";"Amostra aleatória pós-estratificada via algoritmo iterativo com quotas proporcionais, representando características do eleitorado de Minas Gerais: SEXO: Masculino: 47.5%; Feminino: 52.5%. FAIXA ETÁRIA: Entre 16 a 24 anos: 11.2%; Entre 25 a 34 anos: 18.1%; Entre 35 a 44 anos: 19.1%; Entre 45 a 59 anos: 25.6%; 60 ou mais: 26.1%. ESCOLARIDADE: Ensino Fundamental completo ou incompleto e eleitores sem educação formal: 36.1%; Ensino Médio completo ou incompleto: 39.5%; Ensino Superior completo ou incompleto: 24.4%. NÍVEL ECONÔMICO: Renda familiar mensal até R$2000: 18.1%; Mais de R$2.000 a R$3.000: 17.2%; Mais de R$3.000 a R$5.000: 25.7%; Mais de R$5.000 a R$10.000: 26.6%; Mais de R$10.000: 12.5%. OBS.: devido ao arredondamento, a soma dos percentuais pode variar de 99% a 101%. Na agregação final, para cada variável de ponderação, serão admissíveis desvios de até 2.0 pontos percentuais em relação às quotas estipuladas. Confiança estimada: 95%, margem de erro: +/- 2.0 pontos percentuais. FONTE DOS DADOS: PNADC 2024 para escolaridade e nível econômico | TSE 2026 para sexo e faixa etária.";"Coleta feita com a utilização de questionário eletrônico com procedimentos específicos para o armazenamento seguro dos dados. São checados manualmente no mínimo 15% dos questionários para detectar possíveis anomalias. Pesquisadores especializados realizam internamente uma verificação exaustiva da consistência dos dados antes da divulgação dos resultados finais.";"#NULO#"
"28/09/2026";"05:46:54";2026;81;"Eleições Gerais 2026";"MG";"MG";"MINAS GERAIS";"MG038372026";"2026-08-07 18:58:50";"N";"08894976000167";"INPAC INSTITUTO DE PESQUISAS APLICADAS E CONSULTORIA LTDA - ME";"INPAC";"Governador, Senador, Deputado Federal, Deputado Estadual";"2026-08-01 00:00:00";"2026-08-04 00:00:00";"2026-08-13 00:00:00";500;"8782";"Neander Ferreira Almeida";"16500,00";"A presente pesquisa se dará na modalidade quantitativa do tipo survey com 500 eleitores domiciliados no Município de Patos de Minas, Minas Gerais. Salientando que a presente pesquisa é autoponderada, por se embasar em dados estatísticos fornecidos pelo Instituto Brasileiro de Geografia e Estatística (IBGE) e Tribunal Superior Eleitoral (TSE). A abordagem aos entrevistados será de forma direta, ou seja, entrevista pessoal, do tipo face-a-face, domiciliar ou em pontos de fluxo, por meio da utilização de questionário estruturado.
";"O Universo desta pesquisa compreende os eleitores de Patos de Minas/MG com idade a partir de 16 anos, residentes em todos os bairros / regiões da cidade em Agosto/2026. Está prevista a realização de 500 entrevistas, o que fornece uma margem de erro amostral para o resultado total de no máximo 4,4 pontos percentuais (pp) considerando grau de confiança de 95%. As entrevistas serão distribuídas nos bairros e setores censitários com base nas informações do CENSO 2022. As informações sobre gênero, idade, nível de instrução e nível econômico com base em informações do TSE (2026) e CENSO IBGE (2022, 2010). Para a seleção dos entrevistados, o primeiro estágio envolve a distribuição das entrevistas nos bairros e setores censitários de forma proporcional ao tamanho (PPT). Dentro de cada bairro/setor censitário, os entrevistados são selecionados de forma a atender às cotas pré-estabelecidas em função das variáveis gênero, idade, renda e escolaridade. Para a variável gênero, os tamanhos são: 46,58% de eleitores do gênero masculino e 53,42% do gênero feminino. Para a faixa etária: 10,07% para eleitores entre 16 anos e 24 anos, 17,63% entre 25 anos e 34 anos, 18,46% entre 35 anos e 44 anos, 26,15% entre 45 anos e 59 anos e 27,70% com mais de 59 anos. Para renda familiar: 42,56% até 2 salários-mínimos (SM), 39,24% entre 2 e 5 SM e 18,20% acima de 5 SM. Para o grau de instrução, 38,31% com até ensino fundamental completo, 46,87% com ensino médio completo ou incompleto e 14,82% com ensino superior completo ou incompleto. A ponderação prevista para estas variáveis é igual a 1, podendo ser ajustada em função de diferenças significativas acima de 3 pontos percentuais entre a amostra coletada e os parâmetros previstos nesse planejamento amostral. Intervalo de confiança: 95%  e Margem de erro: 4,4% para mais ou para menos; A relação completa dos bairros e setores censitários visitados será encaminhada a esse tribunal de forma tempestiva.";"Os pesquisadores envolvidos na realização dos trabalhos são treinados e recebem instruções específicas para cada pesquisa realizada. A coleta será realizada com a utilização de tablet e questionário eletrônico. São checados, no mínimo, 20% dos questionários de cada pesquisador, seja in loco por supervisores de campo ou, posteriormente, por telefone.  Este percentual é definido com base à seguinte bibliografia técnica: Triola, M. F., Introdução à Estatística. 7ª ed., Rio de Janeiro: LTC Editora,1998. Magalhães, M. N. & Lima, A. C. P. Noções de Probabilidade e Estatística. 3ª ed., São Paulo: Edusp, 2001. Meyer, P. L. Probabilidade: Aplicações à Estatística. Rio de Janeiro: Livros Técnicos e Científicos, 1984. Internamente, o material é verificado e codificado. Antes do processamento final e emissão dos resultados, realiza-se processo de consistência dos dados. Os procedimentos acima são realizados por profissionais especializados e com vasta experiência na condução de pesquisas de opinião. Todas as informações coletadas e processadas nesta pesquisa atendem aos requisitos da Lei Geral de Proteção de Dados, garantindo o sigilo da identidade do respondente, armazenamento das informações, gestão e posterior exclusão das informações.";"Área física de realização da entrevista Município: Patos de Minas - Minas Gerais; Regiões abrangidas:   Os dados referentes a bairros / regiões / setores censitários abrangidos pela pesquisa serão informados a este tribunal dentro dos prazos estabelecidos pela legislação. Ponderação por região: 
                                                                                                                                                                            
Região 1: 14,3% (Jardim Itamarati, Coração Eucarístico, Residencial Sorriso, Caramuru, Alvorada, Nossa Senhora de Fátima, Residencial Barreiro, Sorriso)
Região 2: 7,6% (Padre Eustáquio, Nossa Senhora das Graças, Cerrado, Lagoinha, Rosário, Laranjeiras)
Região 3: 7,2% (São Francisco, Caiçaras, Alto Caiçaras, Aurélio Caixeta, Chácaras Caiçaras)
Região 4: 10,2% (Abner Afonso, Bela Vista, Nova Floresta, Vila Garcia, Novo Horizonte)
Região 5: 4,8% (Alto da Serra, Limoeiro, Alto Marabá)
Região 6: 7,0% (Centro, Jardim Califórnia, Jardim Floresta, Jardim Paraíso, Valparaíso, Jardim Centro)
Região 7: 6,8% (Cidade Jardim, Antônio Caixeta, Jardim Recanto, Boa Vista, Sebastião Amorim, Eldorado, Belvedere)
Região 8: 6,3% (Jardim Panorâmico, Afonso Queiroz, Jardim Vitória)
Região 9: 2,8% (Jardim América, Guanabara, Copacabana, Sobradinho)
Região 10: 5,8% (Santo Antônio, Brasil, São José Operário, Nossa Senhora Aparecida, Brasília, Várzea)
Região 11: 9,3% (Lagoa Grande, Santa Terezinha, Santa Luzia, Cristo Redentor, Cônego Getúlio, Vila Rosa)
Região 12: 6,9% (Jardim Paulistano, Cidade Nova, Ipanema, Planalto)
Região 13: 5,6% (Residencial Gramado, Jardim Céu Azul, Jardim dos Andrades, Jardim Peluzzo)
Região 14: 5,4% (Morada Do Sol, Alto Colina, Jardim Aquárius, Jardim Esperança, Residencial Monjolo)
                                                                                                                                                                                                                                                                                                                                                                      "
"28/09/2026";"05:46:54";2026;81;"Eleições Gerais 2026";"MG";"MG";"MINAS GERAIS";"MG004682026";"2026-09-09 17:25:19";"N";"42532542000155";"DATA TEMPO LIMITADA";"#NULO#";"Governador, Senador, Deputado Federal, Deputado Estadual";"2026-09-09 00:00:00";"2026-09-12 00:00:00";"2026-09-15 00:00:00";1000;"10230";"Bruno Augusto Silva Andrade";"58100,00";"A metodologia utilizada é Survey quantitativo, com realização das entrevistas de maneira pessoal em domicílio, com aplicação de questionário estruturado e padronizado em plataforma digital (tablet) junto à uma amostra representativa dos eleitores de Minas Gerais.";"Plano amostral e ponderação quanto a sexo, idade, grau de instrução e nível econômico do entrevistado; intervalo de confiança e margem de erro: O universo da pesquisa é composto por eleitores de Minas Gerais, com idade a partir de 16 anos. Realização de 1.000 entrevistas, o que permite um erro amostral de 3,10% e nível de confiança de 95%. Distribuição da amostra pelo perfil dos entrevistados de acordo com cotas de sexo, idade, escolaridade e renda mensal familiar. Sexo:Masculino: (48%); Feminino:(52%) - Idade: 16 a 24 anos(11%); 25 a 34 anos: (18%); 35 a 44 anos: (19%); 45 a 59 anos: (26%); 60 anos ou mais: (26%) - Escolaridade: Até fundamental completo: (40%); Médio incompleto ou médio completo: (45%); Superior incompleto ou completo: (15%); Renda total de sua família: Até 2 SM: (35%); De 2 a 5 SM: (43%); Acima de 5 SM: (22%). Está prevista eventual ponderação para correção das variáveis citadas, com base nos percentuais anteriormente mencionados, caso ocorram diferenças acima do previsto entre o plano amostral e a coleta efetuada. (Fonte dos dados: IBGE - Censo Demográfico 2022, TSE Agosto 2022).";"A coleta de dados é realizada por entrevistadores treinados, qualificados e supervisionados por coordenadores de campo. Todos os questionários são preenchidos no tablet e recebem crítica para avaliação quanto a consistência dos dados coletados, sendo que 20%dos questionários são separados, aleatoriamente, e submetidos à fiscalização e checagem através de novos contatos com os entrevistados, medida sempre adotada que visa garantir a qualidade e fidelidade dos dados coletados.";"#NULO#"
"28/09/2026";"05:46:54";2026;81;"Eleições Gerais 2026";"MG";"MG";"MINAS GERAIS";"MG015802026";"2026-09-19 21:48:31";"N";"07241393000174";"RESULTADO PESQUISA E ASSESSORIA LTDA - ME";"#NULO#";"Governador, Senador, Deputado Federal, Deputado Estadual";"2026-09-21 00:00:00";"2026-09-24 00:00:00";"2026-09-25 00:00:00";400;"9.077";"EDMILSON ANTONIO PEREIRA JUNIOR";"16000,00";"A metodologia de pesquisa utilizada é quantitativa, do tipo survey, que consiste na aplicação domiciliar de questionários estruturados junto a uma amostra representativa de eleitores do município de Coromandel (MG).";"A amostra dos eleitores de Coromandel (MG) é distribuída de forma a contemplar todas as regiões geográficas do município, a partir de quotas proporcionais ao universo, conforme os dados disponibilizados nos sites do TSE e do IBGE, considerando as variáveis sexo, faixa etária, grau de instrução e nível econômico dos entrevistados.
Distribuição da amostra: Sexo (Fonte: TSE-2026, acesso em 19/09/2026): Masculino [49,3%]; Feminino [50,7%]. Faixa etária (Fonte: TSE-2026, acesso em 19/09/2026): 16 e 17 anos [0,8%]; 18 a 24 anos [9,1%]; 25 a 34 anos [16,4%]; 35 a 44 anos [17,2%]; 45 a 59 anos [26,4%]; 60 anos ou mais [30,1%]. Grau de instrução (Fonte: TSE-2026, acesso em 19/09/2026): Analfabeto/Lê ou escreve [9,3%]; Ensino Fundamental completo ou incompleto [39,6%]; Ensino Médio completo ou incompleto [41,7%]; Ensino Superior completo ou incompleto [9,4%]. Nível econômico (Fonte: Censo Demográfico IBGE-2010): Até 1 salário mínimo [9,2%]; Mais de 1 a 2 salários mínimos [25,9%]; Mais de 2 a 5 salários mínimos [44,2%]; Mais de 5 a 10 salários mínimos [13,8%]; Mais de 10 salários mínimos [6,9%]. O fator de ponderação utilizado é igual a 1, entretanto, está prevista eventual ponderação para correção das variáveis, caso ocorram diferenças superiores a 2 pontos percentuais entre o previsto na amostra e a coleta de dados realizada. A amostra utilizada de 400 eleitores do município de Coromandel (MG), ao nível de 95% de confiança, apresenta margem de erro estimada de 4,9 pontos percentuais, para mais ou para menos.";"A equipe de pesquisa é composta por entrevistadores e supervisores devidamente treinados para o tipo de trabalho. Serão checados 20% dos questionários realizados por cada entrevistador, por meio de revisita aos locais de residência, por telefone e áudio.";"#NULO#"
"28/09/2026";"05:46:54";2026;81;"Eleições Gerais 2026";"MG";"MG";"MINAS GERAIS";"MG059112026";"2026-05-03 21:03:40";"S";"00654576000172";"INSTITUTO VERITA LTDA";"VERITA";"Governador, Senador";"2026-05-04 00:00:00";"2026-05-08 00:00:00";"2026-05-09 00:00:00";2030;"10699";"GUILHERME ALVARENGA LAIA";"156310,00";"Pesquisa quantitativa, que consiste na realização de entrevistas, com a aplicação de questionário estruturado junto a uma amostra representativa do eleitorado desta Unidade da Federação.";"ESTUDO REPRESENTATIVO DO ELEITORADO DO ESTADO DE MINAS GERAIS - MÉTODO PPT (Probabilidade Proporcional ao Tamanho) - PLANO AMOSTRAL E PONDERAÇÃO QUANTO A SEXO, IDADE, GRAU DE INSTRUÇÃO E NÍVEL ECONÔMICO DO ENTREVISTADO; INTERVALO DE CONFIANÇA E MARGEM DE ERRO: Representativo do eleitorado da área em estudo, elaborada, em vários estágios, da seguinte forma: - 1. Divisão da UF em estratos proporcionais de municípios. 2. Ordenação dos municípios de cada estrato segundo o porte. 3. Sorteio dos municípios de cada estrato. 4. Os respondentes são selecionados através de quotas amostrais proporcionais em função de variáveis significativas, a saber: GÊNERO / FAIXA ETÁRIA - FEMININO E MASCULINO 16 A 34 ANOS 14,9% E 14%, 35 A 54 ANOS 19,3% E 17,9%, 55 ANOS OU MAIS 18,3% E 15,6%. GRAU DE INSTRUÇÃO ¿ FEMININO E MASCULINO Sem instrução até Ensino Médio completo 64,1%, Ensino superior incompleto e completo 35,9% NÍVEL ECONÔMICO - FEMININO população não economicamente ativa 46,5% população economicamente ativa 53,5% MASCULINO população não economicamente ativa 27,2% população economicamente ativa 72,8%. RENDA FAMILIAR DO DOMICÍLIO renda familiar de até 2 salários-mínimos 30,7%; de 2 a 5 salários-mínimos 44,2%, acima de 5 salários-mínimos 25,1%. Está prevista eventual ponderação para correção das variáveis, com base nos percentuais anteriormente mencionados, caso ocorram diferenças superiores a margem de erro da pesquisa previsto entre a amostra e a coleta de dados realizada. O fator previsto para ponderação é 1 (resultados obtidos na coleta de dados). O intervalo de confiança estimado é de 95% e a margem de erro máxima estimada considerando um modelo de amostragem aleatório simples, é de aproximadamente 2,5 pontos percentuais para mais ou para menos sobre os resultados encontrados no total da amostra. FONTE DOS DADOS: IBGE/Censo 2022 para fins de densidade demográfica, setores censitários e alocação da amostra. IBGE/PNAD/PNADC/MEC/INEP para fins de Nível Econômico e Escolaridade. TSE FEVEREIRO/2026 para fins de Sexo, Faixa Etária e eleitorado por município ou regiões previamente definidas (importante ressaltar para o público leigo que os dados do TSE são os únicos corretos para gênero, idade dos eleitores e quantitativo de eleitores por municípios já que a base de dados se atualiza automaticamente, PORÉM, dados de escolaridade e nível econômico NÃO são corretos e confiáveis devido a desatualização que ocorre naturalmente com o passar dos anos). Definição de margem de erro e intervalo de confiança: Margem de erro e intervalo de confiança não são grandezas diretamente proporcionais. A SOMA NÃO TEM QUE RESULTAR 100%. ";"Após os trabalhos de coleta de dados, os questionários são submetidos a uma fiscalização, conferência e checagem de cerca de 20% (vinte por cento) dos questionários aplicados.";"A relação dos municípios sorteados ou selecionados para esta pesquisa será apresentada em arquivo anexo até 1 (um) dia após a divulgação desta pesquisa conforme §7º. do art. 2º. da Resolução-TSE nº. 23.600/2019. A área de abrangência desta pesquisa é o Estado DE MINAS GERAIS"
"28/09/2026";"05:46:54";2026;81;"Eleições Gerais 2026";"MG";"MG";"MINAS GERAIS";"MG011022026";"2026-09-26 14:29:27";"N";"23297294000160";"PANORAMA COMUNICACAO, PESQUISA E ASSESSORIA LTDA";"INSTITUTO PANORAMA";"Governador, Senador";"2026-09-26 00:00:00";"2026-09-28 00:00:00";"2026-10-02 00:00:00";1500;"8956";"Francy Anne Barbosa Cesar";"35500,00";"Objetivos: O intuito da pesquisa é averiguar a intenção de votos dos candidatos em/no MINAS GERAIS - BR. Utilizou-se a pesquisa quantitativa, por meio de questionários, Plano
amostral e ponderação quanto a sexo, idade, grau de instrução e nível econômico do entrevistado; Nível de confiança e margem de erro.";"Calculou-se a amostra com nível de confiança de 95,00% e margem de erro de 2,53 pontos percentuais para mais ou para menos. O tamanho da população alvo (número de eleitores
de(o) MINAS GERAIS - BR) é igual a 16.349.103 eleitores, conforme o Tribunal Superior Eleitoral. Com base no tamanho populacional, nível de confiança e margem de erro chegou-se
à amostra de 1500 eleitores de(o) MINAS GERAIS - BR. O eleitor é selecionado aleatoriamente, um por domicílio.
Ponderou-se a amostra conforme sexo, idade, grau de instrução, nível econômico e regiões. Os dados referentes a sexo, idade e grau de instrução foram retirados no site do TSE
(Tribunal Superior Eleitoral), por meio da url- https://sig.tse.jus.br/ords/dwapr/r/seai/sig-eleitor-eleitorado-mensal/home, tendo como mês e ano de referência. A fonte dos dados
relacionados ao nível econômico é do IBGE (Instituto Brasileiro de Geografia e Estatística). Acessado pelo site na data deste plano amostral por meio da url
https://sidra.ibge.gov.br/Tabela/1161. Ambas as fontes foram pesquisadas em 25/09/2026.
Ponderação quanto ao sexo: masculino - 47,49%; feminino - 52,48% e não informado - 0,02%
Ponderação quanto à faixa etária: 16 a 24 anos - 10,77%; 25 a 34 anos - 18,03%; 35 a 44 anos - 19,00%; 45 a 59 anos - 25,70%; 60 anos ou mais - 26,50% e Inválida/Não se
aplica/Não informada - 0,00%
Ponderação quanto ao grau de escolaridade: Analfabeto - 3,89%; lê e escreve - 6,63%; ensino fundamental - 29,95%; ensino médio - 44,96%; ensino superior - 14,53% e não
informado - 0,04%.
Ponderação quanto ao nível econômico: Sem rendimento - até 1 salário mínimo - 61,92%; acima de 1 até 3 salários mínimos - 29,11%; acima de 3 até 5 salários mínimos - 4,73%;
acima de 5 salários mínimos - 4,24%;";"Todos os entrevistadores são treinados para o trabalho de campo. Cada entrevistador está devidamente identificado com crachá (com foto) e colete do instituto. Os supervisores de
campo acompanham in loco a coleta dos dados, garantindo a conferência de todo material coletado. O método é uma entrevista por casa. São entrevistados maiores de 16 anos que
votam em MINAS GERAIS - BR. Pelo menos 10% dos questionários aplicados pelos entrevistadores são checados pelos supervisores de campo (in loco). Todos os dados são criticados
e verificados.";"A área pesquisada será anexada conforme resolução."
"28/09/2026";"05:46:54";2026;81;"Eleições Gerais 2026";"MG";"MG";"MINAS GERAIS";"MG051022026";"2026-09-26 12:04:53";"N";"64500153000180";"LAIS CRISTINA RODRIGUES DE OLIVEIRA LTDA";"IPSENSUS PESQUISAS";"Governador, Senador";"2026-09-26 00:00:00";"2026-09-30 00:00:00";"2026-10-02 00:00:00";1067;"7655";"AUGUSTO DA SILVA ROCHA";"10000,00";"A pesquisa será do tipo quantitativo, por amostragem aleatória, com aplicação de questionário estruturado e abordagem de moradores eleitores nos municípios do estado de Minas Gerais, divididos nas regiões dentro do estado. O conjunto da população do Estado de Minas Gerais com 16 anos ou mais e que são votantes no referido estado foi tomado como universo da pesquisa.";"A amostra será representativa do eleitorado da área pesquisada e será selecionada em três etapas. Na primeira etapa realiza-se um sorteio probabilístico dos municípios onde as entrevistas serão realizadas através do método PPT (Probabilidade Proporcional ao Tamanho), considerando a população eleitora com 16 anos ou mais residente nos municípios como base para essa seleção. Na segunda etapa, faz-se um sorteio probabilístico das localidades, onde as entrevistas serão realizadas, através do método PPT (Probabilidade Proporcional ao Tamanho), tomando a população eleitora de 16 anos ou mais residente nas localidades como base para essa seleção. Na terceira etapa, a seleção do entrevistado dentro da localidade, será feita utilizando-se quotas amostrais proporcionais, em função das variáveis sexo, faixa etária, grau de instrução e Nível socioeconômico (renda mensal familiar). Por fim, os entrevistados são selecionados aleatoriamente para responder ao questionário, de acordo com cotas: GÊNERO: FEMININO 52,48% ; MASCULINO 47,50% ; FAIXA ETÁRIA: Entre 16 a 24 anos 10,77% ; Entre 25 a 34 anos 18,03% ; Entre 35 a 44 anos 19,00% ; Entre 45 a 59 anos 25,70% ; Com 60 anos ou mais 26,50% ; GRAU DE INSTRUÇÃO: Analfabeto 3,89% ; Ensino Fundamental Completo 6,03% ; Ensino Fundamental Incompleto 23,92% ; Ensino Médio Completo 25,31% ; Ensino Médio Incompleto 19,65% ; Lê E Escreve 6,67% ; Superior Completo 10,21% ; Superior Incompleto 4,32% ; Fonte tse/ago2026 https://sig.tse.jus.br/ords/dwapr/r/seai/sig-eleitor-eleitorado-mensal/cruzamento-eleitorado-mensal?p0_uf=MG&session=108034703651042 ; Renda familiar (A variável ¿classe de rendimento nominal mensal domiciliar¿ corresponde à classificação dos domicílios segundo a soma dos rendimentos nominais mensais de seus moradores, expressa em faixas de salários mínimos vigentes no período de referência do Censo Demográfico 2010. Trata-se da renda total do domicílio, não dividida pelo número de moradores, não devendo ser confundida com rendimento domiciliar per capita. Para fins de planejamento amostral e ponderação, foram preservadas as categorias e os percentuais originalmente disponibilizados pelo IBGE, sem reagrupamento ou recálculo das faixas.): IBGE - Censo 2.010 - (fonte: https://cidades.ibge.gov.br/brasil/mg/pesquisa/23/24304) . Até 1/2 salário mínimo 2,44% ; Mais de 1/2 a 1 salário mínimo 15,35% ; Mais de 1 a 2 salários mínimos 24,50% ; Mais de 2 a 5 salários mínimos 35,45% ; Mais de 5 a 10 salários mínimos 12,76% ; Mais de 10 a 20 salários mínimos 4,55% ; Mais de 20 salários mínimos 1,92% ; Sem rendimento 3,03% ; Observação: Conforme informações disponibilizadas pelo Instituto Brasileiro de Geografia e Estatística (IBGE), não houve nem há previsão de divulgação do perfil econômico (nível econômico) da população brasileira no âmbito do Censo Demográfico de 2022 (https://censo2022.ibge.gov.br/panorama/), para essa variável será adotado o fator de ponderação igual a 1, correspondente aos resultados obtidos em campo, caso seja verificada diferença superior à margem de erro prevista no estudo entre a projeção da amostra baseada nos dados do IBGE 2010 e os dados efetivamente coletados. Para as variáveis de sexo, idade e grau de instrução, está previsto uma eventual ponderação, nos limites da margem de erro, para correção nos tamanhos das variáveis, caso ocorra uma diferença entre a previsão da amostra e a coleta dos dados realizados sobre a faixa de eleitores acima de 16 anos. Margem de Erro: A margem de erro máxima prevista é de 3,0 pontos percentuais para mais ou para menos, considerando um nível de confiança de 95%.";"Para a realização da pesquisa, serão conduzidas uma equipe de entrevistadores e supervisores credenciados e devidamente treinados pela empresa para esse tipo de pesquisa. Após os trabalhos de coleta dos dados, 100% dos questionários são criticados e passam por uma fiscalização de cerca de 20% (vinte por cento) dos questionários aplicados por cada entrevistador; passam por uma etapa de verificação da consistência das respostas e da adequação dos entrevistados aos parâmetros amostrais.";"#NULO#"
"28/09/2026";"05:46:54";2026;81;"Eleições Gerais 2026";"MG";"MG";"MINAS GERAIS";"MG034902026";"2026-07-22 20:44:10";"N";"22445600000104";"QUAEST PESQUISAS, CONSULTORIA E PROJETOS LTDA.";"#NULO#";"Governador, Senador";"2026-07-22 00:00:00";"2026-07-26 00:00:00";"2026-07-28 00:00:00";1482;"6731";"Margarida Maria de Mendonca";"233840,06";"Pesquisa quantitativa, de survey, que consiste na realização de entrevistas pessoais, domiciliares e presenciais, conduzidas por profissionais treinados, com a aplicação de questionários estruturados a uma amostra representativa da população votante de 16 anos ou mais residente no estado de Minas Gerais. O desenho amostral aplicado combina sorteio probabilístico de municípios e de setores censitários fornecidos pelo IBGE (unidades territoriais homogêneas, de tamanho similar a quadras ou blocos), dentro dos quais serão selecionadas pessoas respondentes por meio de cotas amostrais.";"O público pesquisado é composto por eleitores de 16 anos ou mais residentes na área de abrangência da pesquisa. Para produzir uma amostra representativa desse público-alvo, utilizamos um desenho amostral por conglomerados que prevê três estágios. No primeiro estágio, é feito um sorteio probabilístico de municípios para comporem a amostra por meio do método PPT (Probabilidade Proporcional ao Tamanho) a partir de suas populações votantes acima de 16 anos. Dentro da lista de municípios sorteados, no segundo estágio, é realizado um sorteio probabilístico por meio do método PPT (Probabilidade Proporcional ao Tamanho) de setores censitários a serem visitados pelos entrevistadores, sorteio que tem como base o total de habitantes residentes nos setores de acordo com dados do Censo de 2022, o que garante a dispersão aleatória e estatística da amostra dentro dos territórios municipais, independentemente de divisões administrativas. Finalmente, dentro da lista de setores censitários sorteados, no último estágio são selecionados domicílios e pessoas a serem entrevistadas utilizando-se cotas amostrais para as seguintes variáveis: sexo, idade, renda familiar e escolaridade. O perfil da amostra, definido pelas cotas previstas, é o seguinte:

Sexo: Masculino (48%); Feminino (52%). 
Faixa etária: 16-34 anos (29%); 35-59 anos (45%); 60 ou mais (26%). 
Renda domiciliar total, incluindo pensões, benefícios e rendimentos de trabalhos informais: Até 2 salários-mínimos (27%); Mais de 2 a 5 salários-mínimos (46%); Mais de 5 salários-mínimos (27%). 
Nível de instrução: Até Fundamental completo ou médio incompleto (44%); Médio completo ou superior incompleto (38%); Superior completo ou mais (18%). 

Fonte dos dados: para a distribuição de sexo e idade, TSE-Tribunal Superior Eleitoral - julho/2026; para a malha de setores censitários, Censo 2022 (IBGE); para a distribuição de renda domiciliar, PNADc Anual 2025, 1ª visita (IBGE); e, para a distribuição de escolaridade/instrução, PNADc trimestral 1-2026 (IBGE). A PNADc é utilizada por ser a fonte oficial mais atualizada de rendimentos do país, incluindo rendimentos informais, pensões, entre outros, e corrigindo as defasagens temporais do Censo 2022, além de ser a fonte mais atualizada de nível de instrução da população com 16 anos ou mais dada ausência de atualização obrigatória da escolaridade no registro de eleitores do TSE.

Está prevista eventual pós-estratificação da amostra, por meio de algoritmos de calibração (rake) e modelos (MrP), para correção de estimativas e das distribuições das variáveis sexo, idade, renda familiar e escolaridade, com base nos percentuais anteriormente mencionados, caso ocorram diferenças entre os percentuais previstos na amostra e a coleta de dados realizada. 

Dentro do público-alvo anteriormente descrito, serão realizadas 1.482 entrevistas. O nível de confiança das estimativas é de 95% e a margem de erro máxima prevista, atendendo às diretivas do TSE e usando o cálculo para amostra aleatória simples (AAS) como aproximação, é de cerca de 3 pontos percentuais para mais ou para menos em relação aos totais da amostra.";"
As entrevistas serão realizadas por uma equipe de entrevistadores devidamente qualificada, com experiência e treinamento em pesquisa de opinião pública. Todo trabalho é feito em tablets ou outros dispositivos eletrônicos. Após a realização da coleta de dados, as entrevistas junto aos respondentes são checadas por meio de procedimentos de consistência e de georreferenciamento dos locais de aplicação em tempo real. Adicionalmente, ao longo e após os trabalhos de campo, é realizada uma fiscalização que consiste na checagem de áudio de uma amostra de 30% dos questionários aplicados para verificação das respostas e da adequação dos entrevistados aos parâmetros amostrais.";"A área de abrangência da coleta é o território do estado de Minas Gerais. A relação do número de pessoas pesquisadas nas áreas de aplicação da pesquisa, discriminadas por município, bairros e setores censitários a partir dos identificadores utilizados pelo IBGE, além da composição do eleitorado entrevistado na área de abrangência quanto a gênero, idade, grau de instrução e nível econômico, constará em anexo. O mapa com os códigos destes setores censitários e as áreas que delimitam no país todo podem ser conferidos na seguinte fonte oficial: https://censo2022.ibge.gov.br/panorama/mapas.html?localidade=&recorte=setores_censitarios"
"28/09/2026";"05:46:54";2026;81;"Eleições Gerais 2026";"MG";"MG";"MINAS GERAIS";"MG029762026";"2026-09-09 21:42:33";"S";"13761170000130";"INSTITUTO BRASILEIRO DE GESTAO E PESQUISA - IBGP";"#NULO#";"Deputado Federal";"2026-09-01 00:00:00";"2026-09-06 00:00:00";"2026-09-15 00:00:00";1200;"7655";"AUGUSTO DA SILVA ROCHA";"12000,00";"A pesquisa será do tipo quantitativo, por amostragem aleatória, com aplicação de questionário estruturado e abordagem de moradores eleitores nos municípios do estado de Minas Gerais, divididos nas regiões dentro do estado. O conjunto da população do Estado de Minas Gerais com 16 anos ou mais e que são votantes no referido estado com acesso à rede social WhatsApp foi tomado como universo da pesquisa.";"Utilizamos quotas proporcionais e os entrevistados são selecionados aleatoriamente para responder ao questionário, de acordo com cotas: SEXO: MASCULINO 47,51%; FEMININO 52,49% ; Faixa Etária: 16 a 24 anos 10,77% ; 25 a 34 anos 18,03% ; 35 a 44 anos 19,00% ; 45 a 59 anos 25,70% ; 60 anos ou mais 26,50% ; Grau de instrução: ANALFABETO 3,90% ; LÊ E ESCREVE 6,63% ; ENSINO FUNDAMENTAL INCOMPLETO 23,93% ; ENSINO FUNDAMENTAL COMPLETO 6,03% ; ENSINO MÉDIO INCOMPLETO 19,66% ; ENSINO MÉDIO COMPLETO 25,32% ; SUPERIOR INCOMPLETO 4,32% ; SUPERIOR COMPLETO 10,21%;; Nível econômico (renda mensal familiar): Até 1/2 salário mínimo 2,44% ; Mais de 1/2 a 1 salário mínimo 15,35% ; Mais de 1 a 2 salários mínimos 24,50% ; Mais de 2 a 5 salários mínimos 35,45% ; Mais de 5 a 10 salários mínimos 12,76% ; Mais de 10 a 20 salários mínimos 4,55% ; Mais de 20 salários mínimos 1,92% ; Sem rendimento 3,03% ; Fonte pública dos dados IBGE IBGE | Cidades@ | Minas Gerais | Pesquisa | Censo 2010 | Universo - Características da população e dos domicílios; https://cidades.ibge.gov.br/brasil/mg/pesquisa/23/24304?detalhes=true; (TSE/JULHO2026): https://sig.tse.jus.br/ords/dwapr/r/seai/sig-eleitor-eleitorado-mensal/cruzamento-eleitorado-mensal?p24_metricas=E&p24_back=22&p24_cruzamento_1=ds_sexo&clear=24&session=330328328928929 ; https://sig.tse.jus.br/ords/dwapr/r/seai/sig-eleitor-eleitorado-mensal/cruzamento-eleitorado-mensal?p24_cruzamento_1=ds_faixa_etaria&p24_metricas=E&p24_back=22&clear=24&session=330328328928929 ; https://sig.tse.jus.br/ords/dwapr/r/seai/sig-eleitor-eleitorado-mensal/cruzamento-eleitorado-mensal?p24_cruzamento_1=ds_grau_instrucao&p24_metricas=E&p24_back=22&clear=24&session=330328328928929 ; ; Ano=2026; Mês = JULHO; UF= MG; Observação: Conforme informações disponibilizadas pelo Instituto Brasileiro de Geografia e Estatística (IBGE), não houve nem há previsão de divulgação do perfil econômico (nível econômico) da população brasileira no âmbito do Censo Demográfico de 2022 (https://censo2022.ibge.gov.br/panorama/), para essa variável será adotado o fator de ponderação igual a 1, correspondente aos resultados obtidos em campo, caso seja verificada diferença superior à margem de erro prevista no estudo entre a projeção da amostra baseada nos dados do IBGE 2010 e os dados efetivamente coletados. Para as variáveis de sexo, idade e grau de instrução, está previsto uma eventual ponderação, nos limites da margem de erro, para correção nos tamanhos das variáveis, caso ocorra uma diferença entre a previsão da amostra e a coleta dos dados realizados sobre a faixa de eleitores acima de 16 anos. Margem de Erro: A margem de erro máxima prevista é de 2,8 pontos percentuais para mais ou para menos, considerando um nível de confiança de 95%.";"Todos os formulários de dados coletados e todas as pesquisas são gravadas e armazenadas por 4 anos, possibilitando a auditoria de 100% da operação.";"#NULO#"
"28/09/2026";"05:46:54";2026;81;"Eleições Gerais 2026";"MG";"MG";"MINAS GERAIS";"MG068972026";"2026-03-13 15:43:49";"N";"42532542000155";"DATA TEMPO LIMITADA";"#NULO#";"Governador, Senador";"2026-03-14 00:00:00";"2026-03-18 00:00:00";"2026-03-19 00:00:00";2000;"10230";"Bruno Augusto Silva Andrade";"170000,00";"A metodologia utilizada é Survey quantitativo, com realização das entrevistas de maneira pessoal em domicílio, com aplicação de questionário estruturado e padronizado em plataforma digital (tablet) junto à uma amostra representativa dos eleitores de Minas Gerais.";"O universo da pesquisa é composto por eleitores de Minas Gerais, com idade a partir de 16 anos. Serão realizadas 2.000 entrevistas, o que permite um erro amostral de 2,19% e nível de confiança de 95%. Distribuição da amostra pelo perfil dos entrevistados de acordo com cotas de sexo, idade, escolaridade e renda mensal familiar. Sexo:Masculino: (48%); Feminino:(52%) - Idade: 16 a 24 anos (17%); 25 a 34 anos: (19%); 35 a 44 anos: (20%); 45 a 59 anos: (23%); 60 anos ou mais: (21%) - Escolaridade: Até fundamental completo: (42%); Médio incompleto ou médio completo: (38%); Superior incompleto ou completo: (23%) ¿ Renda total de sua família: Até 2 SM: (66%); De 2 a 5 SM: (25%);  Acima de 5 SM: (9%). Está prevista eventual ponderação para correção das variáveis citadas, com base nos percentuais anteriormente mencionados, caso ocorram diferenças acima do previsto entre o plano amostral e a coleta efetuada. (Fonte dos dados: IBGE - Censo Demográfico 2022).";"A coleta de dados é realizada por entrevistadores treinados, qualificados e supervisionados por coordenadores de campo. Todos os questionários são preenchidos no  tablet e recebem crítica para avaliação quanto a consistência dos dados coletados, sendo que 20% dos questionários são separados, aleatoriamente, e submetidos à fiscalização e checagem através de novos contatos com os entrevistados, medida sempre adotada que visa garantir a qualidade e fidelidade dos dados coletados.";"Conforme §6º. do art. 2º. da Resolução-TSE nº. 23.549, o pedido de registro poderá ser complementado pela entrega destes dados ao Tribunal Eleitoral até o sétimo dia seguinte ao registro da pesquisa. Serão enviados os dados relativos aos bairros abrangidos, na ausência de delimitação dos bairros, será identificada a área em que foi realizada."
"28/09/2026";"05:46:54";2026;81;"Eleições Gerais 2026";"MG";"MG";"MINAS GERAIS";"MG093812026";"2026-09-18 08:41:07";"N";"52302483000182";"INSTITUTO ALVES LIMA - INTELIGENCIA EM PESQUISAS SOCIAIS E CONSULTORIA ESTRATEGICA LTDA";"INSTITUTO ALVES LIMA";"Governador, Senador";"2026-09-16 00:00:00";"2026-09-23 00:00:00";"2026-09-24 00:00:00";1500;"10838";"FLAVIO FERRAZ VIEIRA";"80000,00";"Metodologia quantitativa de pesquisa utilizando uma amostragem não probabilística por cotas, coletada por meio de entrevistas pessoais aplicadas a eleitores do estado de Minas Gerais com 16 anos ou mais. A amostra será selecionada por método de alocação hierárquica intencional em 3 estágios, visando garantir a representatividade demográfica e a viabilidade logística de campo:
1. Alocação das cotas de entrevistas de forma proporcional aos eleitorados das Regiões Intermediárias do estado;
2. Seleção intencional de municípios-polo e municípios satélites dentro de cada região, garantindo a representatividade das áreas físicas e do porte populacional urbano e rural;
3. Seleção dos entrevistados no campo realizada de acordo com a distribuição amostral proposta, controlada por cotas de sexo, faixa etária, escolaridade e nível econômico.";"Considerando o universo infinito (acima de 100.000 elementos) de eleitores do Estado de Minas Gerais (16.377.659, fonte: TSE), um nível de confiança de 95%, erro amostral máximo admitido de 2,53% para mais ou para menos e variância máxima, a dimensão amostral será de 1.500 entrevistas pessoais. A amostra será ponderada por sexo, faixa etária, escolaridade e nível econômico.

SEXO: Feminino: 52,50%; Masculino: 47,50% (Fonte: TSE).
FAIXA ETÁRIA: 16 a 24 anos: 10,77%; 25 a 34 anos: 18,03%; 35 a 44 anos: 19,00%; 45 a 59 anos: 25,69%; 60 anos ou mais: 26,51% (Fonte: TSE).
ESCOLARIDADE: De Analfabeto a Ensino Fundamental completo: 40,47%; Ensino Médio completo ou incompleto: 45,00%; Ensino Superior completo ou incompleto: 14,53% (Fonte: TSE).
RENDA MENSAL DOMICILIAR: Até 2 SM: 35%; De 2 a 5 SM: 43%; Acima de 5 SM: 22% (Fonte: IBGE)

Observação 1: Como não há dados oficiais de renda exclusivos para o perfil do eleitorado, utiliza-se como parâmetro a distribuição de rendimento domiciliar per capita da população geral (IBGE).
Observação 2: Respostas 'Não Sabe / Não Respondeu' nos quesitos demográficos de controle não compõem os parâmetros populacionais e serão tratadas no processamento estatístico como valores ausentes (missing values), sendo excluídas exclusivamente do cálculo do respectivo fator de ponderação.
Observação 3: Como a pesquisa utiliza um desenho amostral não probabilístico por cotas, a margem de erro máxima de 2,6 pontos percentuais e o nível de confiança de 95% são apresentados como uma referência teórica convencional pré-coleta, calculada com base no modelo de Amostragem Aleatória Simples (p=0,50). O acréscimo de variância inerente ao uso de pesos desiguais na etapa de calibração (Efeito de Desenho) será avaliado após a consolidação do banco de dados.";"A coleta de dados conta com acompanhamento de supervisores humanos ao longo de todo o processo. Do total de questionários aplicados, 15% (quinze por cento) são selecionados de forma aleatória para passar por uma checagem posterior; quando surge alguma inconsistência, o formulário é descartado e o entrevistador responsável é convocado a prestar esclarecimentos. Essa verificação fica a cargo de uma equipe especializada, que analisa minuciosamente os dados coletados para garantir a confiabilidade dos resultados.";"O anexo do arquivo com os bairros será realizado até o dia seguinte da divulgação conforme indicado no §7º. do art. 2º. da Resolução-TSE nº. 23.600/2019."
"28/09/2026";"05:46:54";2026;81;"Eleições Gerais 2026";"MG";"MG";"MINAS GERAIS";"MG073312026";"2026-09-15 22:39:08";"N";"22345021000181";"REAL TIME MIDIA LTDA";"REAL TIME BIG DATA";"Governador, Senador";"2026-09-16 00:00:00";"2026-09-19 00:00:00";"2026-09-21 00:00:00";2000;"10839";"Isabela Zara Cremoneze";"20000,00";"Pesquisa quantitativa, que consiste na realização de entrevistas com eleitores do universo a ser explorado, feitas em combinação mista por entrevistadores humanos e recursos de inteligência artificial, com a aplicação de questionário estruturado com abordagens telefônicas e digitais junto a uma amostra representativa do eleitorado em estudo. Pesquisa realizada no Estado de Minas Gerais (MG).";"Representativo do eleitorado da área em estudo, elaborada em três estágios.
No primeiro estágio, realiza-se um sorteio probabilístico dos municípios onde as entrevistas serão realizadas, pelo método PPT (Probabilidade Proporcional ao Tamanho), tomando a população eleitora de 16 anos ou mais residente nos municípios como base para essa seleção.
No segundo estágio, efetua-se um sorteio probabilístico das localidades dentro dos municípios selecionados, também pelo método PPT (Probabilidade Proporcional ao Tamanho), considerando a população eleitora de 16 anos ou mais residente nessas localidades como base para a seleção.
No terceiro e último estágio, dentro das localidades sorteadas, os respondentes são selecionados por meio de quotas amostrais proporcionais, em função de variáveis significativas, a saber:

GÊNERO:
Feminino: 52,49%;
Masculino: 47,51%.
(Fonte: TSE, Agosto/2026 -- https://sig.tse.jus.br/ords/dwapr/r/seai/sig-eleitor-eleitorado-mensal/cruzamento-eleitorado-mensal?p24_metricas=E&p24_back=22&p24_cruzamento_1=ds_sexo&clear=24&session=200047853196389)
FAIXA ETÁRIA:
16 anos: 0,30%;
17 anos: 0,51%;
18 a 20 anos: 3,75%;
21 a 24 anos: 6,21%;
25 a 34 anos: 18,03%;
35 a 44 anos: 19,00%;
45 a 59 anos: 25,70%;
60 a 69 anos: 13,78%;
70 a 79 anos: 8,19%;
Superior a 79 anos: 4,53%.
(Fonte: TSE, Agosto/2026 -- https://sig.tse.jus.br/ords/dwapr/r/seai/sig-eleitor-eleitorado-mensal/cruzamento-eleitorado-mensal?p24_cruzamento_1=ds_faixa_etaria&p24_metricas=E&p24_back=22&clear=24&session=200047853196389)
ESCOLARIDADE:
Analfabeto: 3,90%;
Lê e Escreve: 6,63%;
Ensino Fundamental Incompleto: 23,93%;
Ensino Fundamental Completo: 6,03%;
Ensino Médio Incompleto: 19,66%;
Ensino Médio Completo: 25,32%;
Ensino Superior Incompleto: 4,32%;
Ensino Superior Completo: 10,21%.
(Fonte: TSE, Agosto/2026 -- https://sig.tse.jus.br/ords/dwapr/r/seai/sig-eleitor-eleitorado-mensal/cruzamento-eleitorado-mensal?p24_cruzamento_1=ds_grau_instrucao&p24_metricas=E&p24_back=22&clear=24&session=200047853196389)
RENDA DOMICILIAR MENSAL:
Sem rendimento: 3,03%;
Até 1/2 Salário Mínimo: 2,44%;
Mais de 1/2 a 1 Salário Mínimo: 15,35%;
Mais de 1 a 2 Salários Mínimos: 24,50%;
Mais de 2 a 5 Salários Mínimos: 35,45%;
Mais de 5 a 10 Salários Mínimos: 12,76%;
Mais de 10 a 20 Salários Mínimos: 4,55%;
Mais de 20 Salários Mínimos: 1,92%.
(Fonte: IBGE (CENSO-2010) -- https://cidades.ibge.gov.br/brasil/mg/pesquisa/23/24304?detalhes=true)
Observação: De acordo com informações do Instituto Brasileiro de Geografia e Estatística (IBGE), não há previsão de data para a divulgação do perfil econômico da população brasileira do CENSO 2022. Portanto, os dados sobre o nível econômico obtidos no Censo 2022 não podem ser utilizados, pois ainda não foram publicados.
Está prevista eventual ponderação para correção das variáveis sexo e idade, com base nos percentuais anteriormente mencionados, caso ocorram diferenças superiores a 3 pontos percentuais entre o previsto na amostra e a coleta de dados realizada. Para as variáveis de grau de instrução e nível econômico do entrevistado, o fator previsto para ponderação é 1 (resultados obtidos em campo). O nível de confiança estimado é de 95% e a margem de erro máxima estimada considerando um modelo de amostragem aleatório simples, é de aproximadamente 2 (dois) pontos percentuais para mais ou para menos sobre os resultados encontrados no total da amostra.";"O trabalho de coleta de dados é acompanhado por supervisores humanos. São selecionados aleatoriamente 15% (quinze por cento) dos questionários para uma verificação posterior e, em caso de dúvida, o formulário é descartado e o responsável pela coleta chamado para esclarecimentos. Há uma equipe especializada que confere os dados à exaustão com objetivo de averiguar e aferir os resultados coletados.";"O anexo do arquivo com os bairros será realizado até o dia seguinte da divulgação conforme indicado no §7º. do art. 2º. da Resolução-TSE nº. 23.600/2019."
"28/09/2026";"05:46:54";2026;81;"Eleições Gerais 2026";"MG";"MG";"MINAS GERAIS";"MG042032026";"2026-09-25 20:51:03";"N";"54078523000180";"PROMIDIA PESQUISA DE OPINIAO PUBLICA E MARKETING LTDA";"PROMIDIA PESQUISAS DE OPINIAO PUBLICA";"Senador, Deputado Federal, Deputado Estadual";"2026-09-24 00:00:00";"2026-09-29 00:00:00";"2026-10-01 00:00:00";1200;"9618";"Andressa Kelly de Oliveira";"37500,00";"Pesquisa quantitativa, com realização de entrevistas pessoais e presenciais, mediante aplicação de questionário estruturado junto a uma amostra do eleitorado residente na área pesquisada, com idade de 16 anos ou mais.";"Será realizada uma pesquisa com 1.200 entrevistas, junto ao eleitorado residente nos 15 municípios selecionados na região Sul de Minas Gerais: Alfenas, Alpinópolis, Alterosa, Areado, Campo do Meio, Campos Gerais, Carmo do Rio Claro, Fama, Guaranésia, Guaxupé, Juruaia, Machado, Muzambinho, Nova Resende e Serrania.
Considerando, para fins de referência, um nível de confiança de 95%, a margem de erro teórica associada a uma amostragem aleatória simples é de aproximadamente 2,8 pontos percentuais para mais ou para menos sobre os resultados encontrados no total da amostra.
A seleção da amostra será estruturada em dois estágios. No primeiro estágio, serão selecionados probabilisticamente os setores censitários ou localidades dentro de cada município, utilizando-se, quando aplicável, a Amostragem com Probabilidade Proporcional ao Tamanho (PPT), tendo o número de eleitores como medida de tamanho.
No segundo estágio, serão realizadas entrevistas pessoais e presenciais nos setores selecionados, mediante controles de cotas proporcionais de sexo, faixa etária, grau de instrução e renda domiciliar mensal, de forma a aproximar a composição da amostra das distribuições de referência estabelecidas para a população pesquisada.
As cotas previstas são: Sexo ¿ feminino: 51,6% (620); masculino: 48,4% (580).
Grau de instrução ¿ analfabeto: 3,4% (41); lê e escreve: 6,6% (79); ensino fundamental incompleto: 28,9% (346); ensino fundamental completo: 6,6% (80); ensino médio incompleto: 22,5% (270); ensino médio completo: 20% (240); ensino superior incompleto: 3,7% (45); ensino superior completo: 8,2% (98).
Faixa etária ¿ 16 a 24 anos: 9,9% (119); 25 a 34 anos: 17,6% (212); 35 a 44 anos: 18,7% (225); 45 a 59 anos: 25,6% (307); 60 anos ou mais: 28,1% (337).

Nível econômico ¿ renda domiciliar mensal: até 1 salário-mínimo: 14,1% (170); de 1 até 2 salários-mínimos: 23,4% (280); de 2 até 5 salários-mínimos: 42,5% (510); de 5 até 10 salários-mínimos: 13,7% (164); acima de 10 salários-mínimos: 6,3% (76). Fonte: IBGE ¿ distribuição de referência obtida a partir das informações de rendimento domiciliar do Censo Demográfico 2010.
Após a coleta, será realizada a verificação da composição efetivamente obtida em relação às distribuições de referência estabelecidas para a pesquisa.
Quando necessário, poderão ser aplicados fatores de ponderação (pesos amostrais) para reduzir diferenças entre a composição final da amostra e as distribuições de referência de sexo, faixa etária, grau de instrução e renda.
A ponderação será aplicada de forma a preservar o tamanho efetivo da amostra e minimizar distorções decorrentes de diferenças na composição obtida durante o trabalho de campo.
Fontes dos dados: Estatísticas do Eleitorado do Tribunal Superior Eleitoral (TSE); IBGE ¿ Censo Demográfico. Observação: De acordo com informações do Instituto Brasileiro de Geografia e Estatística (IBGE), não há previsão de data para a divulgação do perfil econômico da população brasileira do CENSO 2022. Portanto, os dados sobre o nível econômico obtidos no Censo 2022 não podem ser utilizados, pois ainda não foram publicados.";"O trabalho de coleta de dados é realizado pela equipe de pesquisadores, que recebe treinamento prévio para execução, acompanhados por supervisor de campo. O supervisor tem a responsabilidade e é treinado para distribuir os entrevistadores nos diversos pontos de consulta, realizar coletas, acompanhar, orientar, corrigir ou invalidar o trabalho dos pesquisadores e conferir por si ou por entrevistador designado cerca de 10% das entrevistas.";"A relação dos os dados relativos aos bairros abrangidos pela pesquisa ou a área em que a mesma foi realizada será apresentado até o dia seguinte à data a partir da qual a pesquisa puder ser divulgada, conforme §7º do art. 2º da Resolução-TSE nº. 23.600/2019."
"28/09/2026";"05:46:54";2026;81;"Eleições Gerais 2026";"MG";"MG";"MINAS GERAIS";"MG083202026";"2026-09-16 17:40:51";"N";"24089028000105";"F5 ATUALIZA DADOS LTDA";"F5 ATUALIZA DADOS";"Governador, Senador, Deputado Federal, Deputado Estadual";"2026-09-17 00:00:00";"2026-09-19 00:00:00";"2026-09-22 00:00:00";782;"9.077";"EDMILSON ANTONIO PEREIRA JUNIOR";"6500,00";"A metodologia de pesquisa utilizada é quantitativa, do tipo survey, que consiste na aplicação domiciliar de questionários estruturados junto a uma amostra representativa de eleitores do município de Juiz de Fora (MG).";"A amostra dos eleitores Juiz de Fora (MG) é distribuída de forma a contemplar todas as regiões geográficas do município, a partir de quotas proporcionais ao universo, conforme os dados disponibilizados nos sites do TSE e do IBGE, considerando as variáveis sexo, faixa etária, grau de instrução e nível econômico dos entrevistados.
Distribuição da amostra: Sexo (Fonte: TSE-2026, acesso em 16/09/2026): Masculino [45,3%]; Feminino [54,7%]. Faixa etária (Fonte: TSE-2026, acesso em 16/09/2026): 16 a 24 anos [9,9%]; 25 a 34 anos [17,8%]; 35 a 44 anos [18,8%]; 45 a 59 anos [25,7%]; 60 anos ou mais [27,8%]. Grau de instrução (Fonte: TSE-2026, acesso em 16/09/2026): Analfabeto/Lê ou escreve [2,2%]; Ensino Fundamental completo ou incompleto [25,6%]; Ensino Médio completo ou incompleto [44,5%]; Ensino Superior completo ou incompleto [27,7%]. Nível econômico (Fonte: Censo Demográfico IBGE-2010): Até 2 salários mínimos [77,8%]; Mais de 2 a 5 salários mínimos [14,0%]; Mais de 5 salários mínimos [8,2%]. A amostra utilizada de 782 eleitores do município de Juiz de Fora (MG), ao nível de 95% de confiança, apresenta margem de erro estimada de 3,5 pontos percentuais, para mais ou para menos.";"Serão verificados 20% das entrevistas. Controle Interno.";"Anexo!"
"28/09/2026";"05:46:54";2026;81;"Eleições Gerais 2026";"MG";"MG";"MINAS GERAIS";"MG021872026";"2026-09-19 21:35:36";"N";"07241393000174";"RESULTADO PESQUISA E ASSESSORIA LTDA - ME";"#NULO#";"Governador, Senador, Deputado Federal, Deputado Estadual";"2026-09-21 00:00:00";"2026-09-24 00:00:00";"2026-09-25 00:00:00";500;"9.077";"EDMILSON ANTONIO PEREIRA JUNIOR";"20000,00";"A metodologia de pesquisa utilizada é quantitativa, do tipo survey, que consiste na aplicação domiciliar de questionários estruturados junto a uma amostra representativa de eleitores do município de Monte Carmelo (MG).";"A amostra dos eleitores de Monte Carmelo (MG) é distribuída de forma a contemplar todas as regiões geográficas do município, a partir de quotas proporcionais ao universo, conforme os dados disponibilizados nos sites do TSE e do IBGE, considerando as variáveis sexo, faixa etária, grau de instrução e nível econômico dos entrevistados.
Distribuição da amostra: Sexo (Fonte: TSE-2026, acesso em 19/09/2026): Masculino [48,1%]; Feminino [51,9%]. Faixa etária (Fonte: TSE-2026, acesso em 19/09/2026): 16 e 17 anos [0,7%]; 18 a 24 anos [8,9%]; 25 a 34 anos [17,5%]; 35 a 44 anos [18,1%]; 45 a 59 anos [27,7%]; 60 anos ou mais [27,1%]. Grau de instrução (Fonte: TSE-2026, acesso em 19/09/2026): Analfabeto/Lê ou escreve [13,8%]; Ensino Fundamental completo ou incompleto [35,5%]; Ensino Médio completo ou incompleto [40,4%]; Ensino Superior completo ou incompleto [10,3%]. Nível econômico (Fonte: Censo Demográfico IBGE-2010): Até 1 salário mínimo [9,8%]; Mais de 1 a 2 salários mínimos [24,3%]; Mais de 2 a 5 salários mínimos [44,3%]; Mais de 5 a 10 salários mínimos [15,0%]; Mais de 10 salários mínimos [6,6%]. O fator de ponderação utilizado é igual a 1, entretanto, está prevista eventual ponderação para correção das variáveis, caso ocorram diferenças superiores a 2 pontos percentuais entre o previsto na amostra e a coleta de dados realizada. A amostra utilizada de 500 eleitores do município de Monte Carmelo (MG), ao nível de 95% de confiança, apresenta margem de erro estimada de 4,4 pontos percentuais, para mais ou para menos.";"A equipe de pesquisa é composta por entrevistadores e supervisores devidamente treinados para o tipo de trabalho. Serão checados 20% dos questionários realizados por cada entrevistador, por meio de revisita aos locais de residência, por telefone e áudio.";"#NULO#"
"28/09/2026";"05:46:54";2026;81;"Eleições Gerais 2026";"MG";"MG";"MINAS GERAIS";"MG087782026";"2026-09-21 12:09:17";"N";"24089028000105";"F5 ATUALIZA DADOS LTDA";"F5 ATUALIZA DADOS";"Governador, Senador, Deputado Federal, Deputado Estadual";"2026-09-23 00:00:00";"2026-09-24 00:00:00";"2026-09-27 00:00:00";595;"9.077";"EDMILSON ANTONIO PEREIRA JUNIOR";"14000,00";"A metodologia de pesquisa utilizada é quantitativa, do tipo survey, que consiste na aplicação domiciliar de questionários estruturados junto a uma amostra representativa de eleitores do município de Alfenas (MG).";"A amostra dos eleitores Alfenas (MG) é distribuída de forma a contemplar todas as regiões geográficas do município, a partir de quotas proporcionais ao universo, conforme os dados disponibilizados nos sites do TSE e do IBGE, considerando as variáveis sexo, faixa etária, grau de instrução e nível econômico dos entrevistados.
Distribuição da amostra: Sexo (Fonte: TSE-2026, acesso em 21/09/2026): Masculino [46,7%]; Feminino [53,3%]. Faixa etária (Fonte: TSE-2026, acesso em 21/09/2026): 16 a 24 anos [10,0%]; 25 a 34 anos [18,0%]; 35 a 44 anos [18,8%]; 45 a 59 anos [25,5%]; 60 anos ou mais [27,7%]. Grau de instrução (Fonte: TSE-2026, acesso em 21/09/2026): Analfabeto/Lê ou escreve [7,0%]; Ensino Fundamental completo ou incompleto [29,5%]; Ensino Médio completo ou incompleto [48,5%]; Ensino Superior completo ou incompleto [15,0%]. Nível econômico (Fonte: Censo Demográfico IBGE-2010): Até 2 salários mínimos [83,0%]; Mais de 2 a 5 salários mínimos [12,1%]; Mais de 5 salários mínimos [4,9%]. O fator de ponderação utilizado é igual a 1, entretanto, está prevista eventual ponderação para correção das variáveis, caso ocorram diferenças superiores a 2 pontos percentuais entre o previsto na amostra e a coleta de dados realizada. A amostra utilizada de 595 eleitores do município de Alfenas (MG), ao nível de 95% de confiança, apresenta margem de erro estimada de 4,0 pontos percentuais, para mais ou para menos.";"Serão checados 20% das entrevistas. Sistema interno de verificação.";"Arquivo anexo."
"28/09/2026";"05:46:54";2026;81;"Eleições Gerais 2026";"MG";"MG";"MINAS GERAIS";"MG084752026";"2026-09-23 14:27:40";"N";"64500153000180";"LAIS CRISTINA RODRIGUES DE OLIVEIRA LTDA";"IPSENSUS PESQUISAS";"Deputado Federal, Deputado Estadual";"2026-09-25 00:00:00";"2026-09-27 00:00:00";"2026-09-29 00:00:00";300;"7655";"AUGUSTO DA SILVA ROCHA";"18112,00";"A pesquisa cobrirá o município envolvendo todas regiões do município de Felixlândia/MG Universo da pesquisa será dos eleitores com 16 anos ou mais. A amostra representará os eleitores do Município, selecionados em 2(dois) estágios. No primeiro estágio, os setores censitários, onde as entrevistas serão realizadas, foram selecionadas, probabilisticamente, através do método PPT - Probabilidade Proporcional ao Tamanho, tomando o número de eleitores como base para seleção. No segundo estágio, a seleção do entrevistado, dentro do setor censitário, será feita utilizando-se quotas proporcionais, e a abordagem será domiciliar.";"Utilizamos quotas proporcionais, em função das seguintes variáveis:

Gênero: FEMININO 50,45% ;
MASCULINO 49,55% ;


Faixa etária: 16 a 24 anos 9,01% ;
25 a 34 anos 15,77% ;
35 a 44 anos 17,00% ;
45 a 59 anos 26,11% ;
60 anos ou mais 32,11% ;

Grau de instrução: Analfabeto 5,47% ;
Ensino Fundamental Completo 4,90% ;
Ensino Fundamental Incompleto 31,70% ;
Ensino Médio Completo 16,84% ;
Ensino Médio Incompleto 21,11% ;
Lê E Escreve 13,44% ;
Superior Completo 4,59% ;
Superior Incompleto 1,95% ;

Fonte dos dados: TSE-Tribunal Superior Eleitoral/julho2026; Cruzamento Eleitorado Mensal

Ano=2026; Mês = agosto; UF= MG; MUNICIPIO = Felixlândia

Renda familiar (A variável ¿classe de rendimento nominal mensal domiciliar¿ corresponde à classificação dos domicílios segundo a soma dos rendimentos nominais mensais de seus moradores, expressa em faixas de salários mínimos vigentes no período de referência do Censo Demográfico 2010. Trata-se da renda total do domicílio, não dividida pelo número de moradores, não devendo ser confundida com rendimento domiciliar per capita. Para fins de planejamento amostral e ponderação, foram preservadas as categorias e os percentuais originalmente disponibilizados pelo IBGE, sem reagrupamento ou recálculo das faixas.): Até 1/2 salário mínimo 1,35% ;
Mais de 1/2 a 1 salário mínimo 7,81% ;
Mais de 1 a 2 salários mínimos 21,85% ;
Mais de 2 a 5 salários mínimos 38,23% ;
Mais de 5 a 10 salários mínimos 17,75% ;
Mais de 10 a 20 salários mínimos 5,76% ;
Mais de 20 salários mínimos 1,41% ;
Sem rendimento 5,84% ;

Fonte dos dados: IBGE-Censo 2010-IBGE-CENSO 2022 (IBGE/Censo 2010 - Classe de rendimento nominal mensal domiciliar) ; https://cidades.ibge.gov.br/brasil/mg/felixlandia/pesquisa/23/24304 ;

""Está prevista eventual ponderação da amostra para correção das variáveis sexo, idade, renda familiar e escolaridade com base nos percentuais anteriormente mencionados, caso ocorram diferenças entre os percentuais previstos na amostra e a coleta de dados realizada. O nível de confiança estimado é de 95% e a margem de erro máxima prevista, baseada em uma amostra aleatória simples (AAS), é de cerca de 5,7 pontos percentuais para mais ou para menos em relação aos totais da amostra. Nível Econômico: IBGE (Censo/2010) - Observação: Conforme informações obtidas do Instituto Brasileiro de Geografia e Estatística, o IBGE, não divulgou - e não tem previsão - de data para divulgação do perfil econômico (nível econômico) da população brasileira; portanto, os dados quanto ao nível econômico obtidos no Censo 2022, não podem ser utilizados, pois não foram publicados.""";"Para a realização da pesquisa, utiliza-se uma equipe de entrevistadores e supervisores credenciados devidamente treinados pela empresa para esse tipo de pesquisa. Após os trabalhos de campo, 100% dos questionários são criticados e passam por uma fiscalização de cerca de 20% (vinte por cento) dos questionários aplicados por cada entrevistador; para verificação da consistência das respostas e da adequação dos entrevistados aos parâmetros amostrais.";"#NULO#"
"28/09/2026";"05:46:54";2026;81;"Eleições Gerais 2026";"MG";"MG";"MINAS GERAIS";"MG059722026";"2026-09-18 20:14:40";"N";"08894976000167";"INPAC INSTITUTO DE PESQUISAS APLICADAS E CONSULTORIA LTDA - ME";"INPAC";"Governador, Senador, Deputado Federal, Deputado Estadual, Deputado Distrital";"2026-09-26 00:00:00";"2026-09-27 00:00:00";"2026-09-24 00:00:00";500;"8782";"Neander Ferreira Almeida";"24900,00";"A presente pesquisa se dará na modalidade quantitativa do tipo survey com 500 eleitores domiciliados no Município de Paracatu, Minas Gerais. Salientando que a presente pesquisa é autoponderada, por se embasar em dados estatísticos fornecidos pelo Instituto Brasileiro de Geografia e Estatística (IBGE) e Tribunal Superior Eleitoral (TSE). A abordagem aos entrevistados será de forma direta, ou seja, entrevista pessoal, do tipo face-a-face, domiciliar ou em pontos de fluxo, por meio da utilização de questionário estruturado.";"O Universo desta pesquisa compreende os eleitores de Paracatu/MG com idade a partir de 16 anos, residentes em todos os bairros / regiões da cidade. Está prevista a realização de 500 entrevistas, o que fornece uma margem de erro amostral para o resultado total de no máximo 4,2 pontos percentuais (pp) considerando grau de confiança de 95%. Os intervalos de confiança serão calculados com base nos percentuais obtidos e com grau de confiança de 95%. As entrevistas serão distribuídas nos bairros e setores censitários com base nas informações do CENSO 2022. As informações sobre gênero, idade, nível de instrução e nível econômico com base em informações do TSE (2024) e CENSO IBGE (2022, 2010). Para a seleção dos entrevistados, o primeiro estágio envolve a distribuição das entrevistas nos bairros e setores censitários de forma proporcional ao tamanho (PPT). Dentro de cada bairro/setor censitário, os entrevistados são selecionados de forma a atender às cotas pré-estabelecidas em função das variáveis gênero, idade, renda e escolaridade. Para a variável gênero, os tamanhos são: 48,28% de eleitores do gênero masculino e 51,72% do gênero feminino. Para a faixa etária: 12,09% para eleitores entre 16 anos e 24 anos, 20,26% entre 25 anos e 34 anos, 20,59% entre 35 anos e 44 anos, 25,30% entre 45 anos e 59 anos e 21,75% com mais de 59 anos. Para renda familiar: 43,43% até 2 salários-mínimos (SM), 37,60% entre 2 e 5 SM e 18,97% acima de 5 SM. Para o grau de instrução, 37,38% com até ensino fundamental completo, 50,18% com ensino médio completo ou incompleto e 12,45% com ensino superior completo ou incompleto. A ponderação prevista para estas variáveis é igual a 1, podendo ser ajustada em função de diferenças significativas acima de 3 pontos percentuais entre a amostra coletada e os parâmetros previstos nesse planejamento amostral. Intervalo de confiança: 95% e Margem de erro: 4,2% para mais ou para menos; A relação completa dos bairros e setores censitários visitados será encaminhada a esse tribunal de forma tempestiva.";"Os pesquisadores envolvidos na realização dos trabalhos são treinados e recebem instruções específicas para cada pesquisa realizada. A coleta será realizada com a utilização de tablet e questionário eletrônico. São checados, no mínimo, 20% dos questionários de cada pesquisador, seja in loco por supervisores de campo ou, posteriormente, por telefone. Este percentual é definido com base à seguinte bibliografia técnica: Triola, M. F., Introdução à Estatística. 7ª ed., Rio de Janeiro: LTC Editora,1998. Magalhães, M. N. & Lima, A. C. P. Noções de Probabilidade e Estatística. 3ª ed., São Paulo: Edusp, 2001. Meyer, P. L. Probabilidade: Aplicações à Estatística. Rio de Janeiro: Livros Técnicos e Científicos, 1984. Internamente, o material é verificado e codificado. Antes do processamento final e emissão dos resultados, realiza-se processo de consistência dos dados. Os procedimentos acima são realizados por profissionais especializados e com vasta experiência na condução de pesquisas de opinião. Todas as informações coletadas e processadas nesta pesquisa atendem aos requisitos da Lei Geral de Proteção de Dados, garantindo o sigilo da identidade do respondente, armazenamento das informações, gestão e posterior exclusão das informações.";"Área física de realização da entrevista Município: PARACATU - Minas Gerais; Regiões abrangidas: R1: Alto da Colina, Bela Vista, Amoreiras II, Esplanada, Nossa Senhora Aparecida - 10,6%
R2: Alto do Açude, JK, Vista Alegre, Nossa Senhora de Fátima, Novo Horizonte, São Domingos, São Sebastião - 24,4%
R3: Amoreiras I, Bela Vista I - 4,3%
R4: Centro, Santa Lúcia - 5,6%
R5: Santana, Vila Cruvinel, Arraial d' Angola, Vila São Calixto - 7,3%
R6: Alto do Corrêgo, Vila Mariana, Jardim Primavera, Jardim Serrano, Jardim das Americas - 8,2%
R7: Paracatuzinho, Chapadinha I, Chapadinha II - 16,9%
R8: Primavera I, Primavera II, Primavera III, Vila Nova I, Vila Cristiano, Alvorada - 6,5%
R9: Cidade Jardim, Bom Pastor, São João Evangelista, Bandeirantes, Jardim Vitória, Jardim Vitória II - 9,7%
R10: Prado, Cidade Nova I, Parque do Principe, Alto da Serra - 6,3%"
"28/09/2026";"05:46:54";2026;81;"Eleições Gerais 2026";"MG";"MG";"MINAS GERAIS";"MG021942026";"2026-09-24 22:54:20";"N";"08894976000167";"INPAC INSTITUTO DE PESQUISAS APLICADAS E CONSULTORIA LTDA - ME";"INPAC";"Governador, Senador, Deputado Federal, Deputado Estadual";"2026-09-25 00:00:00";"2026-09-27 00:00:00";"2026-09-30 00:00:00";500;"8782";"Neander Ferreira Almeida";"16500,00";"A presente pesquisa se dará na modalidade quantitativa do tipo survey com 500 eleitores domiciliados no Município de Patos de Minas, Minas Gerais. Salientando que a presente pesquisa é autoponderada, por se embasar em dados estatísticos fornecidos pelo Instituto Brasileiro de Geografia e Estatística (IBGE) e Tribunal Superior Eleitoral (TSE). A abordagem aos entrevistados será de forma direta, ou seja, entrevista pessoal, do tipo face-a-face, domiciliar ou em pontos de fluxo, por meio da utilização de questionário estruturado.";"O Universo desta pesquisa compreende os eleitores de Patos de Minas/MG com idade a partir de 16 anos, residentes em todos os bairros / regiões da cidade em Agosto/2026. Está prevista a realização de 500 entrevistas, o que fornece uma margem de erro amostral para o resultado total de no máximo 4,4 pontos percentuais (pp) considerando grau de confiança de 95%. As entrevistas serão distribuídas nos bairros e setores censitários com base nas informações do CENSO 2022. As informações sobre gênero, idade, nível de instrução e nível econômico com base em informações do TSE (2026) e CENSO IBGE (2022, 2010). Para a seleção dos entrevistados, o primeiro estágio envolve a distribuição das entrevistas nos bairros e setores censitários de forma proporcional ao tamanho (PPT). Dentro de cada bairro/setor censitário, os entrevistados são selecionados de forma a atender às cotas pré-estabelecidas em função das variáveis gênero, idade, renda e escolaridade. Para a variável gênero, os tamanhos são: 46,58% de eleitores do gênero masculino e 53,42% do gênero feminino. Para a faixa etária: 10,07% para eleitores entre 16 anos e 24 anos, 17,63% entre 25 anos e 34 anos, 18,46% entre 35 anos e 44 anos, 26,15% entre 45 anos e 59 anos e 27,70% com mais de 59 anos. Para renda familiar: 42,56% até 2 salários-mínimos (SM), 39,24% entre 2 e 5 SM e 18,20% acima de 5 SM. Para o grau de instrução, 38,31% com até ensino fundamental completo, 46,87% com ensino médio completo ou incompleto e 14,82% com ensino superior completo ou incompleto. A ponderação prevista para estas variáveis é igual a 1, podendo ser ajustada em função de diferenças significativas acima de 3 pontos percentuais entre a amostra coletada e os parâmetros previstos nesse planejamento amostral. Intervalo de confiança: 95% e Margem de erro: 4,4% para mais ou para menos; A relação completa dos bairros e setores censitários visitados será encaminhada a esse tribunal de forma tempestiva.";"Os pesquisadores envolvidos na realização dos trabalhos são treinados e recebem instruções específicas para cada pesquisa realizada. A coleta será realizada com a utilização de tablet e questionário eletrônico. São checados, no mínimo, 20% dos questionários de cada pesquisador, seja in loco por supervisores de campo ou, posteriormente, por telefone. Este percentual é definido com base à seguinte bibliografia técnica: Triola, M. F., Introdução à Estatística. 7ª ed., Rio de Janeiro: LTC Editora,1998. Magalhães, M. N. & Lima, A. C. P. Noções de Probabilidade e Estatística. 3ª ed., São Paulo: Edusp, 2001. Meyer, P. L. Probabilidade: Aplicações à Estatística. Rio de Janeiro: Livros Técnicos e Científicos, 1984. Internamente, o material é verificado e codificado. Antes do processamento final e emissão dos resultados, realiza-se processo de consistência dos dados. Os procedimentos acima são realizados por profissionais especializados e com vasta experiência na condução de pesquisas de opinião. Todas as informações coletadas e processadas nesta pesquisa atendem aos requisitos da Lei Geral de Proteção de Dados, garantindo o sigilo da identidade do respondente, armazenamento das informações, gestão e posterior exclusão das informações.";"Área física de realização da entrevista Município: Patos de Minas - Minas Gerais; Regiões abrangidas: Os dados referentes a bairros / regiões / setores censitários abrangidos pela pesquisa serão informados a este tribunal dentro dos prazos estabelecidos pela legislação. Ponderação por região: Região 1: 14,3% (Jardim Itamarati, Coração Eucarístico, Residencial Sorriso, Caramuru, Alvorada, Nossa Senhora de Fátima, Residencial Barreiro, Sorriso) Região 2: 7,6% (Padre Eustáquio, Nossa Senhora das Graças, Cerrado, Lagoinha, Rosário, Laranjeiras) Região 3: 7,2% (São Francisco, Caiçaras, Alto Caiçaras, Aurélio Caixeta, Chácaras Caiçaras) Região 4: 10,2% (Abner Afonso, Bela Vista, Nova Floresta, Vila Garcia, Novo Horizonte) Região 5: 4,8% (Alto da Serra, Limoeiro, Alto Marabá) Região 6: 7,0% (Centro, Jardim Califórnia, Jardim Floresta, Jardim Paraíso, Valparaíso, Jardim Centro) Região 7: 6,8% (Cidade Jardim, Antônio Caixeta, Jardim Recanto, Boa Vista, Sebastião Amorim, Eldorado, Belvedere) Região 8: 6,3% (Jardim Panorâmico, Afonso Queiroz, Jardim Vitória) Região 9: 2,8% (Jardim América, Guanabara, Copacabana, Sobradinho) Região 10: 5,8% (Santo Antônio, Brasil, São José Operário, Nossa Senhora Aparecida, Brasília, Várzea) Região 11: 9,3% (Lagoa Grande, Santa Terezinha, Santa Luzia, Cristo Redentor, Cônego Getúlio, Vila Rosa) Região 12: 6,9% (Jardim Paulistano, Cidade Nova, Ipanema, Planalto) Região 13: 5,6% (Residencial Gramado, Jardim Céu Azul, Jardim dos Andrades, Jardim Peluzzo) Região 14: 5,4% (Morada Do Sol, Alto Colina, Jardim Aquárius, Jardim Esperança, Residencial Monjolo)"
"28/09/2026";"05:46:54";2026;81;"Eleições Gerais 2026";"MG";"MG";"MINAS GERAIS";"MG050322026";"2026-09-23 08:30:53";"N";"48106687000170";"NELSON RANNIERI TIRONE LTDA";"STATS - PESQUISA E GESTAO";"Governador, Senador, Deputado Federal, Deputado Estadual";"2026-09-23 00:00:00";"2026-09-28 00:00:00";"2026-09-29 00:00:00";600;"10.867";"Leonidas Fioranelli Braga";"11000,00";"Pesquisa quantitativa de intenção de voto, realizada pela STATS ¿ Pesquisas em Uberaba/MG, de 23 a 28 de setembro de 2026. Serão realizadas 600 entrevistas presenciais com eleitoras e eleitores de 16 anos ou mais, residentes e eleitoralmente domiciliados no município. Serão avaliados os cargos de Presidente da República, Governador de Minas Gerais, Senador, Deputado Federal e Deputado Estadual. Os resultados representam exclusivamente o eleitorado de Uberaba.
A amostra será distribuída territorialmente entre bairros em proporção à população residente, com controle de sexo, faixa etária e grau de instrução e acompanhamento da renda familiar. A coleta ocorrerá em domicílios e por abordagem de eleitores em vias e locais públicos. Todas as entrevistas serão vinculadas à área territorial e às cotas amostrais correspondentes.
Nas entrevistas domiciliares, serão definidos o ponto inicial e o sentido do percurso. Após cada entrevista concluída, serão pulados dois domicílios, com nova abordagem no terceiro. Será entrevistada uma pessoa elegível por domicílio; havendo mais de uma, será escolhida aquela cujo aniversário ocorrer primeiro após a data da entrevista. Recusas, domicílios fechados e outras ocorrências serão registrados, sem substituições por conveniência.
O questionário será aplicado em dispositivo eletrônico pelo DataGoal, com filtros de elegibilidade e controles de preenchimento. Serão registrados entrevistador, data, horários, duração, coordenadas geográficas, bairro, respostas e variáveis de classificação. Após a coleta, os dados serão verificados, tratados e tabulados, com eventual aplicação de pesos estatísticos para ajustar diferenças entre a amostra realizada e os parâmetros do plano.";"O universo é de 236.430 eleitoras e eleitores de Uberaba/MG, conforme estatísticas do TSE com carga de 18/07/2026. A amostra prevista é de 600 entrevistas. Será adotada amostragem estratificada, com alocação territorial por probabilidade proporcional ao tamanho (PPT), utilizando a população dos bairros como medida de tamanho. Nos domicílios, será seguido percurso sistemático com intervalo de três domicílios. Entrevistas em vias e locais públicos serão computadas nas cotas do bairro informado.
Sexo: feminino, 54,4% (326 entrevistas); masculino, 45,6% (274). Idade: 16 a 24 anos, 10,6% (63); 25 a 34, 17,5% (105); 35 a 44, 19,3% (116); 45 a 59, 25,7% (154); 60 anos ou mais, 26,9% (162). Haverá também controle cruzado de sexo e idade.
Grau de instrução: analfabeto, 1,3% (8); lê e escreve, 1,9% (11); fundamental incompleto, 19,1% (115); fundamental completo, 7,8% (47); médio incompleto, 14,0% (84); médio completo, 29,8% (179); superior incompleto, 8,2% (49); superior completo, 17,9% (107).
Nível econômico, medido pela renda familiar mensal: até 2 salários mínimos, 29,7% (178); mais de 2 até 5 salários mínimos, 43,2% (259); acima de 5 salários mínimos, 27,1% (163). A renda será expressa em salários mínimos vigentes na coleta. Serão aceitas as respostas ¿não sabe¿ e ¿prefere não responder¿, sem constituírem cotas obrigatórias.
Após o campo, a composição efetiva será comparada aos parâmetros de sexo, idade, instrução, nível econômico e área territorial. Se necessário, serão aplicados pesos pela razão entre a proporção de referência e a proporção observada em cada categoria de ajuste. A amplitude dos pesos será avaliada, com eventual calibração ou limitação. Serão preservados o banco original, as exclusões, os pesos e as rotinas de cálculo.
Para a amostra total, o nível de confiança informado é de 95% e a margem de erro máxima estimada é de aproximadamente ±4,0 pontos percentuais, sob o pressuposto de amostragem aleatória simples e máxima variabilidade. Resultados de subgrupos terão precisão inferior. Fontes públicas: estatísticas do eleitorado do TSE (carga de 18/07/2026) e dados territoriais e populacionais do Censo 2022 e da malha de setores censitários do IBGE.
";"Pesquisa quantitativa de intenção de voto, realizada pela STATS ¿ Pesquisas em Uberaba/MG, de 23 a 28 de setembro de 2026. Serão realizadas 600 entrevistas presenciais com eleitoras e eleitores de 16 anos ou mais, residentes e eleitoralmente domiciliados no município. Serão avaliados os cargos de Presidente da República, Governador de Minas Gerais, Senador, Deputado Federal e Deputado Estadual. Os resultados representam exclusivamente o eleitorado de Uberaba.
A amostra será distribuída territorialmente entre bairros em proporção à população residente, com controle de sexo, faixa etária e grau de instrução e acompanhamento da renda familiar. A coleta ocorrerá em domicílios e por abordagem de eleitores em vias e locais públicos. Todas as entrevistas serão vinculadas à área territorial e às cotas amostrais correspondentes.
Nas entrevistas domiciliares, serão definidos o ponto inicial e o sentido do percurso. Após cada entrevista concluída, serão pulados dois domicílios, com nova abordagem no terceiro. Será entrevistada uma pessoa elegível por domicílio; havendo mais de uma, será escolhida aquela cujo aniversário ocorrer primeiro após a data da entrevista. Recusas, domicílios fechados e outras ocorrências serão registrados, sem substituições por conveniência.
O questionário será aplicado em dispositivo eletrônico pelo DataGoal, com filtros de elegibilidade e controles de preenchimento. Serão registrados entrevistador, data, horários, duração, coordenadas geográficas, bairro, respostas e variáveis de classificação. Após a coleta, os dados serão verificados, tratados e tabulados, com eventual aplicação de pesos estatísticos para ajustar diferenças entre a amostra realizada e os parâmetros do plano.";"O trabalho de campo será acompanhado pela coordenação da STATS ¿ Pesquisas e por supervisão específica. A equipe prevista compreende seis entrevistadores e um supervisor. Serão acompanhados o cumprimento das cotas demográficas e territoriais, a distribuição das entrevistas por bairro e a observância dos procedimentos de seleção.
A coleta eletrônica pelo DataGoal registrará, para cada entrevista, identificação do entrevistador, data e horários de início e término, duração, latitude e longitude, gravação de voz, bairro, respostas e variáveis de classificação. As coordenadas serão confrontadas com a área informada e utilizadas para vinculação aos setores censitários por cruzamento espacial com a malha do IBGE.
Serão submetidos à verificação, no mínimo, 20% dos questionários aplicados. A conferência compreenderá localização, horários, duração e consistência das respostas, além da busca por duplicidades, padrões atípicos de preenchimento e divergências em relação às cotas e ao percurso de campo. Quando houver informação de contato e autorização, poderá ser realizado recontato com a pessoa entrevistada.
Serão invalidados questionários com localização incompatível, duração inadequada, preenchimento incompleto, duplicidade, descumprimento do procedimento amostral ou outros indícios de irregularidade. As entrevistas invalidadas serão substituídas dentro do mesmo estrato, observados os critérios de seleção. Serão mantidos registros auditáveis da base original, das exclusões, das verificações e da base final de análise."
"28/09/2026";"05:46:54";2026;81;"Eleições Gerais 2026";"MG";"MG";"MINAS GERAIS";"MG062402026";"2026-09-12 13:15:09";"N";"64500153000180";"LAIS CRISTINA RODRIGUES DE OLIVEIRA LTDA";"IPSENSUS PESQUISAS";"Deputado Federal, Deputado Estadual";"2026-09-13 00:00:00";"2026-09-15 00:00:00";"2026-09-18 00:00:00";400;"7655";"AUGUSTO DA SILVA ROCHA";"9500,00";"A pesquisa cobrirá o município envolvendo todas regiões do município de Unaí/MG Universo da pesquisa será dos eleitores com 16 anos ou mais. A amostra representará os eleitores do Município, selecionados em 2(dois) estágios. No primeiro estágio, os setores censitários, onde as entrevistas serão realizadas, foram selecionadas, probabilisticamente, através do método PPT - Probabilidade Proporcional ao Tamanho, tomando o número de eleitores como base para seleção. No segundo estágio, a seleção do entrevistado, dentro do setor censitário, será feita utilizando-se quotas proporcionais, e a abordagem será domiciliar.";"Utilizamos quotas proporcionais, em função das seguintes variáveis: Gênero: MASCULINO 48,25%; FEMININO 51,75%; Faixa etária: 16 a 24 anos 11,57%; 25 a 34 anos 18,11%; 35 a 44 anos 19,09%; 45 a 59 anos 26,62%; 60 a 69 anos 13,29%; 70 a 79 anos 7,20%; Superior a 79 anos 4,12% ; Grau de instrução: ; Analfabeto 4,39%; Lê e escreve 9,96%; Fundamental incompleto 23,59%; Fundamental completo 4,36%; Médio incompleto 23,63%; Médio completo 22,41%; Superior incompleto 4,07%; Superior completo 7,59% ; Fonte dos dados: TSE-Tribunal Superior Eleitoral/julho2026; https://sig.tse.jus.br/ords/dwapr/r/seai/sig-eleitor-eleitorado-mensal/cruzamento-eleitorado-mensal?p24_metricas=E&p24_back=22&p24_cruzamento_1=ds_sexo&clear=24&session=307295161620678; https://sig.tse.jus.br/ords/dwapr/r/seai/sig-eleitor-eleitorado-mensal/cruzamento-eleitorado-mensal?p24_cruzamento_1=ds_faixa_etaria&p24_metricas=E&p24_back=22&clear=24&session=307295161620678; https://sig.tse.jus.br/ords/dwapr/r/seai/sig-eleitor-eleitorado-mensal/cruzamento-eleitorado-mensal?p24_cruzamento_1=ds_grau_instrucao&p24_metricas=E&p24_back=22&clear=24&session=307295161620678 ; Ano=2026; Mês = JULHO; UF= MG; MUNICIPIO = Unaí; Renda familiar: ; Até 1/2 salário mínimo 2,74% ; Mais de 1/2 a 1 salário mínimo 16,69% ; Mais de 1 a 2 salários mínimos 25,51% ; Mais de 2 a 5 salários mínimos 35,09% ; Mais de 5 a 10 salários mínimos 11,37% ; Mais de 10 a 20 salários mínimos 4,00% ; Mais de 20 salários mínimos 1,29% ; Sem rendimento 3,301; Fonte dos dados: IBGE-Censo 2010-IBGE-CENSO 2022 (IBGE/Censo 2010 - Classe de rendimento nominal mensal domiciliar) ; https://cidades.ibge.gov.br/brasil/mg/unai/pesquisa/23/24304; ""Está prevista eventual ponderação da amostra para correção das variáveis sexo, idade, renda familiar e escolaridade com base nos percentuais anteriormente mencionados, caso ocorram diferenças entre os percentuais previstos na amostra e a coleta de dados realizada. Dentro do público-alvo, serão realizadas 400 entrevistas. O nível de confiança estimado é de 95% e a margem de erro máxima prevista, baseada em uma amostra aleatória simples (AAS), é de cerca de 4,9 pontos percentuais para mais ou para menos em relação aos totais da amostra. Nível Econômico: IBGE (Censo/2010) - Observação: Conforme informações obtidas do Instituto Brasileiro de Geografia e Estatística, o IBGE, não divulgou - e não tem previsão - de data para divulgação do perfil econômico (nível econômico) da população brasileira; portanto, os dados quanto ao nível econômico obtidos no Censo 2022, não podem ser utilizados, pois não foram publicados.""";"Para a realização da pesquisa, utiliza-se uma equipe de entrevistadores e supervisores credenciados devidamente treinados pela empresa para esse tipo de pesquisa. Após os trabalhos de campo, 100% dos questionários são criticados e passam por uma fiscalização de cerca de 20% (vinte por cento) dos questionários aplicados por cada entrevistador; para verificação da consistência das respostas e da adequação dos entrevistados aos parâmetros amostrais.";"#NULO#"
"28/09/2026";"05:46:54";2026;81;"Eleições Gerais 2026";"MG";"MG";"MINAS GERAIS";"MG042402026";"2026-09-14 23:28:45";"N";"08581382000104";"INSTITUTO DE PESQUISA SOBERANO LTDA";"INSTITUTO DE PESQUISA SOBERANO";"Deputado Estadual";"2026-09-16 00:00:00";"2026-09-17 00:00:00";"2026-09-20 00:00:00";300;"7655";"AUGUSTO DA SILVA ROCHA";"12000,00";"A pesquisa cobrirá o município envolvendo todas regiões do município de Taiobeiras/MG Universo da pesquisa será dos eleitores com 16 anos ou mais. A amostra representará os eleitores do Município, selecionados em 2(dois) estágios. No primeiro estágio, os setores censitários, onde as entrevistas serão realizadas, foram selecionadas, probabilisticamente, através do método PPT - Probabilidade Proporcional ao Tamanho, tomando o número de eleitores como base para seleção. No segundo estágio, a seleção do entrevistado, dentro do setor censitário, será feita utilizando-se quotas proporcionais, e a abordagem será domiciliar.";"Utilizamos quotas proporcionais, em função das seguintes variáveis:

Gênero: FEMININO 52,83% ;
MASCULINO 47,15% ;


Faixa etária: 16 a 17 anos 2,22% ;
18 a 24 anos 10,18% ;
25 a 29 anos 9,06% ;
30 a 39 anos 19,30% ;
40 a 49 anos 18,71% ;
50 a 59 anos 15,52% ;
60 a 69 anos 11,94% ;
70 anos ou + 13,07% ;


Grau de instrução: Analfabeto 12,98% ;
Ensino Fundamental Completo 3,72% ;
Ensino Fundamental Incompleto 19,20% ;
Ensino Médio Completo 23,52% ;
Ensino Médio Incompleto 19,03% ;
Lê E Escreve 12,98% ;
Superior Completo 6,38% ;
Superior Incompleto 2,19% ;

Fonte dos dados: TSE-Tribunal Superior Eleitoral/julho2026; Cruzamento Eleitorado Mensal https://sig.tse.jus.br/ords/dwapr/r/seai/sig-eleitor-eleitorado-mensal/cruzamento-eleitorado-mensal?p0_municipio=TAIOBEIRAS&p0_uf=MG&session=211426802570335 ;


Ano=2026; Mês = agosto; UF= MG; MUNICIPIO = Taiobeiras;
nimos vigentes no período de referência do Censo Demográfico 2010. Trata-se da renda total do domicílio, não dividida pelo número de moradores, não devendo ser confundida com rendimento domiciliar per capita. Para fins de planejamento amostral e ponderação, foram
Renda familiar (A variável ¿classe de rendimento nominal mensal domiciliar¿ corresponde à classificação dos domicílios segundo a soma dos rendimentos nominais mensais de seus moradores, expressa em faixas de salários mí preservadas as categorias e os percentuais originalmente disponibilizados pelo IBGE, sem reagrupamento ou recálculo das faixas.): Até 1/2 salário mínimo 6,03% ;
Mais de 1/2 a 1 salário mínimo 25,65% ;
Mais de 1 a 2 salários mínimos 31,74% ;
Mais de 2 a 5 salários mínimos 26,74% ;
Mais de 5 a 10 salários mínimos 5,77% ;
Mais de 10 a 20 salários mínimos 1,43% ;
Mais de 20 salários mínimos 0,49% ;
Sem rendimento 2,15% ;


Fonte dos dados: IBGE-Censo 2010-IBGE-CENSO 2022 (IBGE/Censo 2010 - Classe de rendimento nominal mensal domiciliar) ; https://cidades.ibge.gov.br/brasil/mg/taiobeiras/pesquisa/23/24304 ;


""Está prevista eventual ponderação da amostra para correção das variáveis sexo, idade, renda familiar e escolaridade com base nos percentuais anteriormente mencionados, caso ocorram diferenças entre os percentuais previstos na amostra e a coleta de dados realizada. O nível de confiança estimado é de 95% e a margem de erro máxima prevista, baseada em uma amostra aleatória simples (AAS), é de cerca de 5,2 pontos percentuais para mais ou para menos em relação aos totais da amostra. Nível Econômico: IBGE (Censo/2010) - Observação: Conforme informações obtidas do Instituto Brasileiro de Geografia e Estatística, o IBGE, não divulgou - e não tem previsão - de data para divulgação do perfil econômico (nível econômico) da população brasileira; portanto, os dados quanto ao nível econômico obtidos no Censo 2022, não podem ser utilizados, pois não foram publicados.""";"Para a realização da pesquisa, utiliza-se uma equipe de entrevistadores e supervisores credenciados devidamente treinados pela empresa para esse tipo de pesquisa. Após os trabalhos de campo, 100% dos questionários são criticados e passam por uma fiscalização de cerca de 20% (vinte por cento) dos questionários aplicados por cada entrevistador; para verificação da consistência das respostas e da adequação dos entrevistados aos parâmetros amostrais.";"#NULO#"
"28/09/2026";"05:46:54";2026;81;"Eleições Gerais 2026";"MG";"MG";"MINAS GERAIS";"MG042972026";"2026-09-17 08:55:05";"S";"52005027000170";"SCANY OPINIAO E PESQUISA LTDA";"SCANY PESQUISA";"Governador, Senador, Deputado Federal, Deputado Estadual";"2026-09-16 00:00:00";"2026-09-21 00:00:00";"2026-09-23 00:00:00";1000;"10980";"Viviane Costa Silva";"10000,00";"Pesquisa quantitativa eleitoral realizada no município de Uberaba, Minas Gerais, por meio de 1.000 entrevistas pessoais, individuais e presenciais, entre os dias 16 e 21 de setembro de 2026. Foi utilizado questionário estruturado, com perguntas espontâneas e estimuladas, aplicado a eleitores residentes no município. A seleção dos entrevistados considerou sua distribuição territorial e características sociodemográficas. Os resultados foram apurados por frequências absolutas e percentuais sobre a base válida de cada pergunta. Nas questões com possibilidade de mais de uma indicação, os percentuais podem ultrapassar 100%.";"O universo da pesquisa é composto por eleitores residentes no município de Uberaba/MG. A amostra realizada foi de 1.000 entrevistas, distribuídas territorialmente e acompanhadas segundo sexo, faixa etária, grau de instrução e nível econômico dos entrevistados. Os resultados foram apresentados por frequências e percentuais simples, sem aplicação de pesos corretivos. Para o total da amostra, a margem de erro máxima nominal é de 3,1 pontos percentuais, para mais ou para menos, com nível de confiança de 95%, sob a hipótese de amostragem aleatória simples. A margem de erro é maior nos resultados referentes a segmentos e perguntas com bases reduzidas.";"O trabalho de campo foi acompanhado pela coordenação da pesquisa mediante controle diário da quantidade de entrevistas realizadas, conferência do período e dos horários de aplicação, identificação da equipe responsável, verificação da integridade e do preenchimento dos questionários e análise de consistência das respostas. Após a coleta, a base foi submetida à conferência de completude, duplicidade, coerência interna e distribuição territorial e sociodemográfica. Os registros inconsistentes ou incompletos foram separados para verificação antes da consolidação da base definitiva.";"Abrangência geográfica: município de Uberaba, Estado de Minas Gerais. Conforme o relatório de mapeamento, estão nominalmente identificados os seguintes bairros e localidades: Boa Vista; Nossa Senhora da Abadia; São Benedito; Fabrício; Estados Unidos; Parque das Américas; Lourdes; Centro; Bom Retiro; Conjunto José Vallim de Melo; Vila São Vicente; Santa Marta; Recreio dos Bandeirantes; Jardim Maracanã; Residencial 2000; Conjunto Guanabara; Jardim Marajó; Conjunto Chica Ferreira; Conjunto Uberaba; São José; Universitário; Vila Nossa Senhora Aparecida; Conjunto Costa Telles II; Grande Horizonte; Parque do Mirante; Parque São Geraldo; Jardim Primavera; Silvério Cartafina; Parque dos Girassóis; Residencial Morada du Park; Residencial Morumbi; Conjunto Manoel Mendes; Jardim Elza Amuí I e II; Olinda; Jardim Uberaba; Pacaembu I e II; Santa Maria; Beija-Flor II; Jardim Copacabana; Morada do Sol; Parque das Gameleiras; Leblon; Loteamento das Gameleiras; Distrito Industrial I; Distrito Industrial III. Esta relação corresponde às localidades discriminadas no relatório, que também menciona outros bairros e loteamentos sem identificação nominal, pendentes de detalhamento para completar a abrangência territorial."
"28/09/2026";"05:46:54";2026;81;"Eleições Gerais 2026";"MG";"MG";"MINAS GERAIS";"MG073372026";"2026-09-15 20:28:03";"N";"09028982000102";"INSTITUTO VER PESQUISA E COMUNICACAO LTDA";"#NULO#";"Governador, Senador";"2026-09-17 00:00:00";"2026-09-20 00:00:00";"2026-09-21 00:00:00";1197;"7822";"Nilson Jose Batista";"35000,00";"Pesquisa quantitativa, de survey, que consiste na realização de entrevistas pessoais, domiciliares e presenciais, conduzidas por profissionais treinados, com a aplicação de questionários estruturados a uma amostra representativa da população eleitora de 16 anos ou mais residente no estado de Minas Gerais .";"O público pesquisado é composto por eleitores de 16 anos ou mais residentes no estado de Minas Gerais . Para produzir uma amostra representativa desse público-alvo, utilizamos um desenho amostral que prevê três estágios. No primeiro estágio, é feito um sorteio aleatório de municípios para comporem a amostra por meio do método PPT (Probabilidade Proporcional ao Tamanho) a partir de suas populações votantes acima de 16 anos. Nos municípios elegíveis, são sorteados setores censitários pelo método PPT, com base no número de habitantes segundo o Censo 2022. Por fim, são selecionados domicílios e pessoas a serem entrevistadas utilizando-se cotas amostrais para as seguintes variáveis: sexo, idade e escolaridade. O perfil da amostra, definido pelas cotas previstas, é o seguinte: SEXO: Feminino ( 52 %); Masculino ( 48 %). IDADE: 16-24 anos ( 11 %); 25-34 anos ( 18 %); 35-44 anos ( 19 %); 45-59 anos ( 26 %); 60 anos ou mais ( 26 %). ESCOLARIDADE/INSTRUÇÃO: Fundamental completo e médio incompleto ( 17 %); Médio completo e superior incompleto ( 33 %); Sem instrução e fundamental incompleto ( 34 %); Superior completo ( 16 %). RENDA DOMICILIAR TOTAL: Até 2 salários-mínimos ( 29 %); Mais de 2 a 5 salários-mínimos ( 45 %); Mais de 5 salários-mínimos ( 26 %). Fonte dos dados: para a distribuição de sexo e idade, Tribunal Superior Eleitoral (setembro/2026); para a malha de setores censitários e a distribuição de escolaridade/instrução, Censo 2022 (IBGE); para a distribuição de renda domiciliar, PNADc Anual 2025, 1ª visita (IBGE). Está prevista eventual pós-estratificação da amostra, por meio de algoritmos de calibração (rake), para correção de estimativas e das distribuições das variáveis sexo, idade, renda familiar e escolaridade, com base nos percentuais anteriormente mencionados. Dentro do público-alvo anteriormente descrito, serão realizadas 1197 entrevistas. O nível de confiança das estimativas é de 95% e a margem de erro máxima prevista, baseada em uma amostra aleatória simples (AAS), deverá ser de cerca de 3 pontos percentuais para mais ou para menos em relação aos totais da amostra.";"A coleta de dados será realizada por entrevistadores e supervisores contratados pelo Instituto Ver Pesquisa e Comunicação Ltda devidamente treinados para o tipo de trabalho. Serão checados os áudios de uma amostra de 20% dos questionários realizados, e todos serão analisados por meio do sistema de coleta, que registrará a coordenada geográfica de onde foi realizada a entrevista, bem como a data e o horário de início e término de cada entrevista. Em caso de divergências nos parâmetros anteriores, poderá ser realizada uma verificação através de ligação telefônica para verificar a integridade das respostas e da adequação dos entrevistados aos parâmetros amostrais.";"A área de abrangência da coleta é o estado de Minas Gerais . A relação de áreas de abrangência da pesquisa constará em anexo."
"28/09/2026";"05:46:54";2026;81;"Eleições Gerais 2026";"MG";"MG";"MINAS GERAIS";"MG029802026";"2026-09-19 21:22:52";"N";"07241393000174";"RESULTADO PESQUISA E ASSESSORIA LTDA - ME";"#NULO#";"Governador, Senador, Deputado Federal, Deputado Estadual";"2026-09-21 00:00:00";"2026-09-24 00:00:00";"2026-09-25 00:00:00";600;"9.077";"EDMILSON ANTONIO PEREIRA JUNIOR";"24000,00";"A metodologia de pesquisa utilizada é quantitativa, do tipo survey, que consiste na aplicação domiciliar de questionários estruturados junto a uma amostra representativa de eleitores do município de Patrocínio (MG).";"A amostra dos eleitores de Patrocínio (MG) é distribuída de forma a contemplar todas as regiões geográficas do município, a partir de quotas proporcionais ao universo, conforme os dados disponibilizados nos sites do TSE e do IBGE, considerando as variáveis sexo, faixa etária, grau de instrução e nível econômico dos entrevistados.
Distribuição da amostra: Sexo (Fonte: TSE-2026, acesso em 19/09/2026): Masculino [48,5%]; Feminino [51,5%]. Faixa etária (Fonte: TSE-2026, acesso em 19/09/2026): 16 e 17 anos [0,7%]; 18 a 24 anos [10,3%]; 25 a 34 anos [19,6%]; 35 a 44 anos [19,7%]; 45 a 59 anos [26,6%]; 60 anos ou mais [23,1%]. Grau de instrução (Fonte: TSE-2026, acesso em 19/09/2026): Analfabeto/Lê ou escreve [6,3%]; Ensino Fundamental completo ou incompleto [31,3%]; Ensino Médio completo ou incompleto [43,5%]; Ensino Superior completo ou incompleto [18,9%]. Nível econômico (Fonte: Censo Demográfico IBGE-2010): Até 1 salário mínimo [8,7%]; Mais de 1 a 2 salários mínimos [19,8%]; Mais de 2 a 5 salários mínimos [45,5%]; Mais de 5 a 10 salários mínimos [18,8%]; Mais de 10 salários mínimos [7,2%]. O fator de ponderação utilizado é igual a 1, entretanto, está prevista eventual ponderação para correção das variáveis, caso ocorram diferenças superiores a 2 pontos percentuais entre o previsto na amostra e a coleta de dados realizada. A amostra utilizada de 600 eleitores do município de Patrocínio (MG), ao nível de 95% de confiança, apresenta margem de erro estimada de 4,0 pontos percentuais, para mais ou para menos.";"A equipe de pesquisa é composta por entrevistadores e supervisores devidamente treinados para o tipo de trabalho. Serão checados 20% dos questionários realizados por cada entrevistador, por meio de revisita aos locais de residência, por telefone e áudio.";"#NULO#"
"28/09/2026";"05:46:54";2026;81;"Eleições Gerais 2026";"MG";"MG";"MINAS GERAIS";"MG082562026";"2026-09-21 12:29:14";"N";"24089028000105";"F5 ATUALIZA DADOS LTDA";"F5 ATUALIZA DADOS";"Governador, Senador, Deputado Federal, Deputado Estadual";"2026-09-23 00:00:00";"2026-09-24 00:00:00";"2026-09-27 00:00:00";468;"9.077";"EDMILSON ANTONIO PEREIRA JUNIOR";"14000,00";"A metodologia de pesquisa utilizada é quantitativa, do tipo survey, que consiste na aplicação domiciliar de questionários estruturados junto a uma amostra representativa de eleitores do município de Machado (MG).";"A amostra dos eleitores Machado (MG) é distribuída de forma a contemplar todas as regiões geográficas do município, a partir de quotas proporcionais ao universo, conforme os dados disponibilizados nos sites do TSE e do IBGE, considerando as variáveis sexo, faixa etária, grau de instrução e nível econômico dos entrevistados.
Distribuição da amostra: Sexo (Fonte: TSE-2026, acesso em 21/09/2026): Masculino [47,9%]; Feminino [52,1%]. Faixa etária (Fonte: TSE-2026, acesso em 21/09/2026): 16 a 24 anos [10,8%]; 25 a 34 anos [18,2%]; 35 a 44 anos [18,7%]; 45 a 59 anos [24,7%]; 60 anos ou mais [27,6%]. Grau de instrução (Fonte: TSE-2026, acesso em 21/09/2026): Analfabeto/Lê ou escreve [12,4%]; Ensino Fundamental completo ou incompleto [35,4%]; Ensino Médio completo ou incompleto [40,9%]; Ensino Superior completo ou incompleto [11,3%]. Nível econômico (Fonte: Censo Demográfico IBGE-2010): Até 2 salários mínimos [86,8%]; Mais de 2 a 5 salários mínimos [9,5%]; Mais de 5 salários mínimos [3,7%]. O fator de ponderação utilizado é igual a 1, entretanto, está prevista eventual ponderação para correção das variáveis, caso ocorram diferenças superiores a 2 pontos percentuais entre o previsto na amostra e a coleta de dados realizada. A amostra utilizada de 468 eleitores do município de Machado (MG), ao nível de 95% de confiança, apresenta margem de erro estimada de 4,5 pontos percentuais, para mais ou para menos.";"Serão checados 20% das entrevistas. Sistema interno de verificação.";"Arquivo anexo."
"28/09/2026";"05:46:54";2026;81;"Eleições Gerais 2026";"MG";"MG";"MINAS GERAIS";"MG065622026";"2026-03-07 09:08:28";"S";"22345021000181";"REAL TIME MIDIA LTDA";"REAL TIME BIG DATA";"Governador, Senador";"2026-03-11 00:00:00";"2026-03-12 00:00:00";"2026-03-13 00:00:00";2000;"10839";"Isabela Zara Cremoneze";"80000,00";"Pesquisa quantitativa, que consiste na realização de entrevistas pessoais, com a aplicação de questionário estruturado junto a uma amostra representativa do eleitorado em estudo. Pesquisa realizada no Estado de Minas Gerais (MG).";"Representativo do eleitorado da área em estudo, elaborada em três estágios. 
No primeiro estágio, realiza-se um sorteio probabilístico dos municípios onde as entrevistas serão realizadas, pelo método PPT (Probabilidade Proporcional ao Tamanho), tomando a população eleitora de 16 anos ou mais residente nos municípios como base para essa seleção.
No segundo estágio, efetua-se um sorteio probabilístico das localidades dentro dos municípios selecionados, também pelo método PPT (Probabilidade Proporcional ao Tamanho), considerando a população eleitora de 16 anos ou mais residente nessas localidades como base para a seleção.
No terceiro e último estágio, dentro das localidades sorteadas, os respondentes são selecionados por meio de quotas amostrais proporcionais, em função de variáveis significativas, a saber:

GÊNERO:
Feminino: 52,49%;
Masculino: 47,51%;
(Fonte: TSE, Fevereiro/2026 -- https://sig.tse.jus.br/ords/dwapr/r/seai/sig-eleitor-eleitorado-mensal/cruzamento-eleitorado-mensal?p24_metricas=E&p24_back=22&p24_cruzamento_1=ds_sexo&clear=24&session=114814000026706)
FAIXA ETÁRIA:
16 anos: 0,15%;
17 anos: 0,46%;
18 a 20 anos: 3,78%;
21 a 24 anos: 6,30%;
25 a 34 anos: 18,29%;
35 a 44 anos: 19,32%;
45 a 59 anos: 25,65%;
60 a 69 anos: 13,68%;
70 a 79 anos: 7,99%;
Superior a 79 anos: 4,36%;
(Fonte: TSE, Fevereiro/2026 -- https://sig.tse.jus.br/ords/dwapr/r/seai/sig-eleitor-eleitorado-mensal/cruzamento-eleitorado-mensal?p24_cruzamento_1=ds_faixa_etaria&p24_metricas=E&p24_back=22&clear=24&session=114814000026706)
ESCOLARIDADE:
Analfabeto: 3,91%;
Lê e Escreve: 6,89%;
Ensino Fundamental Incompleto: 24,33%;
Ensino Fundamental Completo: 6,08%;
Ensino Médio Incompleto: 19,53%;
Ensino Médio Completo: 24,93%;
Ensino Superior Incompleto: 4,27%;
Ensino Superior Completo: 10,05%;
(Fonte: TSE, Fevereiro /2026 -- https://sig.tse.jus.br/ords/dwapr/r/seai/sig-eleitor-eleitorado-mensal/cruzamento-eleitorado-mensal?p24_cruzamento_1=ds_grau_instrucao&p24_metricas=E&p24_back=22&clear=24&session=114814000026706)
RENDA DOMICILIAR MENSAL:
Sem rendimento: 3,03%;
Até 1/2 Salário Mínimo: 2,44%;
Mais de 1/2 a 1 Salário Mínimo: 15,35%;
Mais de 1 a 2 Salários Mínimos: 24,50%;
Mais de 2 a 5 Salários Mínimos: 35,45%;
Mais de 5 a 10 Salários Mínimos: 12,76%;
Mais de 10 a 20 Salários Mínimos: 4,55%;
Mais de 20 Salários Mínimos: 1,92%;
(Fonte: IBGE (CENSO-2010) -- https://cidades.ibge.gov.br/brasil/mg/pesquisa/23/24304?detalhes=true)
Observação: De acordo com informações do Instituto Brasileiro de Geografia e Estatística (IBGE), não há previsão de data para a divulgação do perfil econômico da população brasileira do CENSO 2022. Portanto, os dados sobre o nível econômico obtidos no Censo 2022 não podem ser utilizados, pois ainda não foram publicados.
Está prevista eventual ponderação para correção das variáveis sexo e idade, com base nos percentuais anteriormente mencionados, caso ocorram diferenças superiores a 3 pontos percentuais entre o previsto na amostra e a coleta de dados realizada. Para as variáveis de grau de instrução e nível econômico do entrevistado, o fator previsto para ponderação é 1 (resultados obtidos em campo). O nível de confiança estimado é de 95% e a margem de erro máxima estimada considerando um modelo de amostragem aleatório simples, é de aproximadamente 2 (dois) pontos percentuais para mais ou para menos sobre os resultados encontrados no total da amostra.
";"O trabalho de coleta de dados é acompanhado presencialmente por supervisores. São selecionados aleatoriamente 15% (quinze por cento) dos questionários para uma verificação posterior com ligações telefônicas para os números indicados nos formulários, em caso de dúvida, o formulário é descartado e o entrevistador chamado para esclarecimentos.";"O anexo do arquivo com os bairros será realizado até o dia seguinte da divulgação conforme indicado no §7º. do art. 2º. da Resolução-TSE nº. 23.600/2019.

"
"28/09/2026";"05:46:54";2026;81;"Eleições Gerais 2026";"MG";"MG";"MINAS GERAIS";"MG003652026";"2026-08-03 21:14:21";"N";"48106687000170";"NELSON RANNIERI TIRONE LTDA";"STATS - PESQUISA E GESTAO";"Deputado Federal";"2026-07-30 00:00:00";"2026-08-06 00:00:00";"2026-08-09 00:00:00";600;"10867";"Leonidas Fioranelli Braga";"8500,00";"A pesquisa será realizada no município de Uberaba/MG, mediante entrevistas presenciais domiciliares, aplicadas por entrevistadores treinados utilizando dispositivo eletrônico (aplicativo Hashdata), com registro automático da data, horário de início e término, duração da entrevista, identificação do entrevistador, coordenadas geográficas (latitude e longitude) e gravação de áudio para fins de auditoria. O público-alvo é composto por eleitoras e eleitores com 16 anos ou mais, residentes e domiciliados eleitoralmente no município.
A amostra será composta por 600 entrevistas, planejada para proporcionar nível de confiança de 95% e margem máxima de erro de aproximadamente ±4,0 pontos percentuais para os resultados da amostra total.
Será adotado plano amostral estratificado, com distribuição territorial das entrevistas por Probabilidade Proporcional ao Tamanho (PPT), utilizando a população dos bairros oficiais de Uberaba como medida de tamanho. Em cada estrato territorial, a seleção dos domicílios será sistemática, adotando-se intervalo de três domicílios entre entrevistas concluídas. Em cada domicílio será entrevistada apenas uma pessoa elegível; quando houver mais de um eleitor apto, a seleção será realizada pelo critério do próximo aniversário. A composição da amostra será controlada por cotas de gênero, faixa etária e grau de instrução, com acompanhamento adicional do nível econômico, conforme parâmetros do eleitorado e do Censo Demográfico.
A distribuição territorial abrangerá os bairros oficiais do município, sendo que a identificação do setor censitário de cada entrevista será realizada posteriormente por cruzamento das coordenadas geográficas registradas com a malha oficial de setores censitários do IBGE.
O questionário conterá perguntas eleitorais, filtros de elegibilidade e variáveis de classificação socioeconômica. Durante a coleta serão registradas recusas, domicílios fechados e demais ocorrências de campo, preservando-se o procedimento amostral e vedadas substituições por conveniência.
O controle de qualidade compreenderá supervisão permanente do trabalho de campo, verificação de, no mínimo, 20% das entrevistas, conferência das coordenadas geográficas, análise da duração das entrevistas, consistência das respostas, identificação de duplicidades e padrões atípicos. Questionários com inconsistências, localização incompatível, preenchimento incompleto ou descumprimento do plano amostral serão invalidados e substituídos dentro do mesmo estrato.
Após a coleta, a composição da amostra será confrontada com os parâmetros populacionais. Quando necessário, poderão ser aplicados pesos estatísticos para ajuste de diferenças decorrentes de arredondamentos, perdas ou recusas, mediante calibração da distribuição por gênero, idade, escolaridade, nível econômico e área territorial, preservando-se registro auditável das rotinas de processamento. Os resultados serão apresentados em frequências, percentuais e cruzamentos estatísticos, observando-se os parâmetros de precisão da pesquisa e a legislação eleitoral vigente.";"Será adotado plano amostral probabilístico estratificado, com distribuição territorial das entrevistas por Probabilidade Proporcional ao Tamanho (PPT), utilizando a população residente nos bairros oficiais de Uberaba-MG como medida de tamanho para definição do número de entrevistas em cada área. Dentro de cada estrato territorial, os domicílios serão selecionados sistematicamente, observando-se intervalo fixo de três domicílios entre entrevistas concluídas. Em cada domicílio será entrevistado apenas um eleitor elegível e, quando houver mais de um, a seleção será realizada pelo critério de atendimento das cotas.
A composição da amostra será controlada por cotas proporcionais às características do eleitorado de Uberaba, com base nas estatísticas oficiais do Tribunal Superior Eleitoral. As cotas serão definidas segundo sexo, faixa etária e grau de instrução, sendo acompanhado adicionalmente o nível econômico do entrevistado. A distribuição prevista é: sexo feminino 54,4% (326 entrevistas) e masculino 45,6% (274 entrevistas); faixa etária: 16 a 24 anos (10,6%), 25 a 34 anos (17,5%), 35 a 44 anos (19,3%), 45 a 59 anos (25,7%) e 60 anos ou mais (26,9%); grau de instrução: analfabeto (1,3%), lê e escreve (1,9%), ensino fundamental incompleto (19,1%), ensino fundamental completo (7,8%), ensino médio incompleto (14,0%), ensino médio completo (29,8%), ensino superior incompleto (8,2%) e ensino superior completo (17,9%). O nível econômico será acompanhado segundo renda familiar mensal, distribuída em até 2 salários mínimos (29,7%), mais de 2 até 5 salários mínimos (43,2%) e acima de 5 salários mínimos (27,1%), admitindo-se as respostas ""não sabe"" e ""prefere não responder"", sem constituírem cotas obrigatórias de campo.
Após a conclusão do trabalho de campo, a distribuição observada da amostra será confrontada com os parâmetros populacionais de sexo, idade, grau de instrução, nível econômico e área territorial. Quando houver diferenças decorrentes de arredondamentos, recusas, perdas ou dificuldades operacionais, poderão ser aplicados pesos estatísticos de pós-estratificação. O peso básico corresponderá à razão entre a proporção populacional e a proporção observada na amostra para cada categoria de ajuste. A amplitude dos pesos será analisada e, quando necessário, serão empregados procedimentos de calibração ou limitação para evitar aumento excessivo da variância, mantendo-se registro auditável de todas as rotinas de ponderação.
A pesquisa será realizada com amostra de 600 entrevistas, proporcionando nível de confiança de 95% e margem máxima de erro estimada de aproximadamente ±4,0 pontos percentuais para os resultados da amostra total, considerando máxima variabilidade das respostas e amostragem aleatória simples como referência para o cálculo da precisão. Estimativas para subgrupos da amostra estarão sujeitas a margens de erro superiores.";"O trabalho de campo será supervisionado pela coordenação da pesquisa e contará com sistema eletrônico de controle por meio do aplicativo Hashdata, que registrará automaticamente a identificação do entrevistador, data, horários de início e término, duração da entrevista, coordenadas geográficas (GPS). As coordenadas serão posteriormente vinculadas aos setores censitários do IBGE para verificação da distribuição territorial da amostra.
Serão fiscalizados, no mínimo, 20% dos questionários aplicados, mediante conferência da localização das entrevistas, cumprimento das cotas demográficas e territoriais, consistência das respostas, duração das entrevistas e identificação de duplicidades ou outras irregularidades. Quando autorizado pelo entrevistado, poderão ser realizados recontatos para confirmação da entrevista.
Questionários que apresentarem inconsistências, localização incompatível, descumprimento do plano amostral ou outros indícios de irregularidade serão invalidados e substituídos dentro do mesmo estrato amostral, preservando-se a qualidade e a representatividade da pesquisa.";"A pesquisa será realizada no município de Uberaba-MG, abrangendo os bairros oficiais da área urbana, com distribuição territorial das entrevistas proporcional ao tamanho da população residente em cada bairro, conforme plano amostral. A alocação das entrevistas observará a distribuição demográfica e territorial prevista, utilizando os bairros oficiais do município como unidades de estratificação. As entrevistas serão georreferenciadas por meio de coordenadas GPS, permitindo a identificação posterior dos respectivos setores censitários do IBGE. Após a conclusão do trabalho de campo, serão informados no sistema os bairros e setores censitários efetivamente abrangidos, bem como o número de entrevistas realizadas em cada um, em conformidade com a legislação eleitoral vigente."
"28/09/2026";"05:46:54";2026;81;"Eleições Gerais 2026";"MG";"MG";"MINAS GERAIS";"MG013032026";"2026-06-16 18:12:58";"N";"23297294000160";"PANORAMA COMUNICACAO, PESQUISA E ASSESSORIA LTDA";"INSTITUTO PANORAMA";"Governador";"2026-06-17 00:00:00";"2026-06-23 00:00:00";"2026-06-22 00:00:00";1600;"8956";"Francy Anne Barbosa Cesar";"82000,00";"Objetivos: O intuito da pesquisa é averiguar a intenção de votos dos candidatos em/no MINAS GERAIS - BR. Utilizou-se a pesquisa quantitativa, por meio de
questionários, Plano amostral e ponderação quanto a sexo, idade, grau de instrução e nível econômico do entrevistado; Nível de confiança e margem de erro.";"Calculou-se a amostra com nível de confiança de 95,00 % e margem de erro de 2.45 pontos percentuais para mais ou para menos. O tamanho da população alvo
(número de eleitores de(o) MINAS GERAIS - BR) é igual a 16267143 eleitores, conforme o Tribunal Superior Eleitoral. Com base no tamanho populacional, nível de
confiança e margem de erro chegou-se a amostra de 1600 eleitores de(o) MINAS GERAIS - BR. O eleitor é selecionado aleatoriamente, um por domicílio.
Ponderou-se a amostra conforme sexo, idade, grau de instrução , nível econômico, bairros. Os dados referentes a sexo, idade e grau de instrução foram retirados no site
do TSE (Tribunal Superior Eleitoral), por meio da url- https://sig.tse.jus.br/ords/dwapr/r/seai/sig-eleitor-eleitorado-mensal/home, tendo como mês e ano de referência
05/2026. A fonte dos dados relacionados ao nível econômico é do IBGE (Instituto Brasileiro de Geografia e Estatística).Acessado pelo site na data deste plano amostral
por meio da url https://sidra.ibge.gov.br/Tabela/1161. Ambas as fontes foram pesquisadas em 11/05/2026.
Ponderação quanto ao sexo: masculino - 47.5% e feminino - 52.47% e não informado - 0.03%
Ponderação quanto a faixa etária: 16 a 24 anos - 10.99%; 25 a 34 anos - 18.19%; 35 a 44 anos - 19.21%; 45 a 59 anos - 25.58%, 60 anos ou mais - 26.02% e Inválida/Não
se aplica/Não informada - 0%
Ponderação quanto ao grau de escolaridade: Analfabeto - 3.91%; lê e escreve - 6.72%, ensino fundamental - 30.13%; ensino médio - 44.73%, ensino superior - 14.47% e
não informado - 0.05%.
Ponderação quanto ao nível econômico: Sem rendimento - até 1 salário mínimo - 61.92%; acima de 1 até 3 salários mínimos - 29.11% acima de 3 até 5 salários mínimos -
4.73% acima de 5 salários mínimos - 4.24%;";"Todos os entrevistadores são treinados para o trabalho de campo. Cada entrevistador está devidamente identificado com crachá (com foto) e colete do instituto. Os
supervisores de campo acompanham in loco a coleta dos dados, garantindo a conferência de todo material coletado. O método é uma entrevista por casa. São
entrevistados maiores de 16 anos que votam em MINAS GERAIS - BR. As coletas serão realizadas de forma eletrônica, por meio de tablets, garantindo assim maior
agilidade nas informações. Pelo menos 10% dos questionários aplicados pelos entrevistadores são checados pelos supervisores de campo (in loco).Todos os dados são
criticados e verificados.";"A área pesquisada será anexada conforme resolução"
"28/09/2026";"05:46:54";2026;81;"Eleições Gerais 2026";"MG";"MG";"MINAS GERAIS";"MG090352026";"2026-09-08 21:26:57";"N";"24089028000105";"F5 ATUALIZA DADOS LTDA";"F5 ATUALIZA DADOS";"Governador, Senador";"2026-09-09 00:00:00";"2026-09-12 00:00:00";"2026-09-14 00:00:00";1560;"9.077";"EDMILSON ANTONIO PEREIRA JUNIOR";"7500,00";"A metodologia de pesquisa utilizada é quantitativa, realizada por meio da realização de ligações para telefones fixos e celulares junto a uma amostra de eleitores do estado de Minas Gerais.";"A amostra de eleitores do estado de Minas Gerais é alocada de forma a considerar todas as Regiões Intermediárias, sendo que dentro de cada Região Intermediária fará parte da amostra: a sede da Região (autorrepresentativa), dois municípios com população de até 30 mil habitantes (Porte 1) e outros dois municípios com população superior a 30 mil habitantes (Porte 2). Os municípios de Porte 1 e Porte 2 foram sorteados aleatoriamente. A quantidade de eleitores entrevistados em cada porte de município é assim definida: sede de Região ¿ 40 entrevistados; município de Porte 1 ¿ 15 entrevistados; e município de Porte 2 ¿ 25 entrevistados.
A amostra dos eleitores do estado de Minas Gerais também leva em consideração as quotas referentes ao universo pesquisado, disponibilizadas pelos sites do TSE e do IBGE, considerando as variáveis sexo, faixa etária, grau de instrução e nível econômico dos entrevistados. Distribuição da amostra: Sexo (Fonte: TSE-2026): Masculino [47,5%]; Feminino [52,5%]. Faixa etária (Fonte: TSE-2026): 16 a 24 anos ¿ [10,8%]; 25 a 34 anos [18,0%]; 35 a 44 anos [19,0%]; 45 a 59 anos [25,7%]; 60 anos ou mais [26,5%]. Grau de instrução (Fonte: TSE-2026): Analfabeto [3,9%]; Até ensino fundamental incompleto [30,6%]; Ensino fundamental completo [6,0%]; Ensino médio completo ou incompleto [45,0%]; Ensino superior completo ou incompleto [14,5%]. Nível econômico ¿ Renda Domiciliar (Fonte: PNAD Contínua 2025, IBGE): Até 2 salários mínimos [27%]; Mais de 2 a 5 salários mínimos [46%]; Mais de 5 salários mínimos [27%]. O fator de ponderação utilizado é igual a 1, entretanto, está prevista eventual ponderação para correção das variáveis, caso ocorram diferenças superiores a 2 pontos percentuais entre o previsto na amostra e a coleta de dados realizada. A amostra utilizada de 1.560 eleitores do estado de Minas Gerais, ao nível de 95% de confiança, apresenta margem de erro estimada de 2,5 pontos percentuais, para mais ou para menos.";"SERÃO CHECADOS 20%.";"ANEXO."
"28/09/2026";"05:46:54";2026;81;"Eleições Gerais 2026";"MG";"MG";"MINAS GERAIS";"MG060142026";"2026-09-08 23:32:12";"N";"32898151000103";"SECTRAL SERVICOS E COMERCIO EM GERAL LTDA";"SECTRAL NEGOCIOS";"Governador, Senador, Deputado Federal, Deputado Estadual";"2026-09-08 00:00:00";"2026-09-13 00:00:00";"2026-09-14 00:00:00";1100;"9063";"Liniane Gazola";"11000,00";"Pesquisa quantitativa, de natureza exploratório-descritiva, contempla eleitores
residentes nas zonas urbana e rural, por intermédio de entrevistas presenciais, aplicada tanto em domicilio quanto em ponto de fluxo
populacional como (vias publicas, comercio, terminais, praças e locais de grande movimento), vinculados aos bairros, ou povoados de
moradia, mediante a aplicação de questionário estruturado com perguntas abertas e fechadas, através de dispositivo eletrônico (tablet /
celular. As entrevistas são executadas por entrevistadores treinados previamente e identificados, atendendo a critérios de elegibilidade a saber:
ter 16 anos ou mais, residir na area de interesse da pesquisa e ter titulo de eleitor.
Empresa Contratante e Pagante pelo trabalho: MVR2 EMPREENDIMENTOS LTDA
CNPJ/CPF: 17.543.766/0001-15
ORIGEM DO RECURSO: PROPRIO";"A amostra prevista é de 1100 entrevistas.
O público pesquisado é composto por eleitores de 16 anos ou mais residentes na área de interesse da pesquisa. Para produzir uma amostra
representativa desse público-alvo, utilizamos um desenho amostral que prevê dois estágios. No primeiro estágio, é feito um
sorteio probabilístico de setores censitários para comporem a amostra por meio do método PPT (Probabilidade Proporcional
ao Tamanho) a partir de suas populações totais. Dentro da lista de setores censitários sorteados, no segundo estágio, são
selecionados domicílios e pessoas a serem entrevistadas utilizando-se cotas amostrais para as seguintes variáveis: Gênero,
Faixa Etária e Grau de Instrução, seguem os parâmetros encontrados nos bancos estatísticos atualizados e disponibilizados
pelo TSE e IBGE
O perfil da amostra, definido pelas cotas previstas, é o seguinte:

GÊNERO: MASCULINO 45,4%
FEMININO 54,6%
Fonte: TSE- Agosto-26
FAIXA ETÁRIA

16 A 24 Anos 10%
25 a 34 18%
35 a 44 19%
45 a 59 26%
60 ou mais 28%

FONTE: TSE- Agosto-26
GRAU DE INSTRUÇÃO

Analfabeto/Lê e escreve 2%
Ensino fundamental completo/incompleto 26%
Ensino médio completo/incompleto 44%
Ensino superior completo/incompleto 28%

FONTE: TSE- Agosto-26

RENDA FAMILIAR
Sem rendimento / Até 1 salário mínimo 12,5%
De 1 a 2 salários 20,3%
De 2 a 5 Salários 38,6%
Mais de 5 salários 28,6%

(S.M. - SALARIO MINIMO)
Fonte https://cidades.ibge.gov.br/brasil/mg/juiz-de-fora/pesquisa/23/24304
Fonte para a malha de setores censitários, Censo 2022 (IBGE);
A definição dos parâmetros populacionais para as cotas amostrais baseia-se nos dados do Censo Demográfico mais recente disponibilizado
pelo IBGE, admitindo-se, nos termos do art. 2º, § 2º, ""a"", da Resolução TSE nº 23.600/2019, a utilização de informações defasadas quando não
houver dados atualizados, devidamente justificada no registro da pesquisa.
Como etapa complementar ao plano amostral, prevê-se a pós-estratificação manual, aplicável apenas se constatadas diferenças entre a
distribuição obtida em campo e os parâmetros populacionais predefinidos para as variáveis de controle. O procedimento consiste no ajuste
ponderado das frequências amostrais, com base na comparação entre percentuais observados e previstos, com o fim de recompor a
proporcionalidade da amostra em relação ao universo. Tal ajuste constitui prática metodológica padrão e não decorre de qualquer fragilidade
no processo de coleta ou seleção da amostra.
Margem de Erro máxima prevista é: 2,95% pontos percentuais para mais ou para menos, considerando um
nível de confiança de 95% e baseada em uma amostra aleatória simples (AAS).";"As entrevistas são realizadas por equipes devidamente treinadas e identificados, utilizando para a coleta dispositivo eletronico,
as equipes serão acompanhadas por um coordenador / supervisor que atua como fiscal de campo fazendo o controle,
a verificação e a fiscalização da coleta de dados. Após a coleta, a pesquisa será checada, criticada e codificada,
internamente de acordo com o padrão estabelecido pela ABEP (Associação Brasileira de Empresas de Pesquisa). Todo o
material será 100% criticado e 20% verificado, conforme procedimento padrão em pesquisa de opinião publica. As
informações serão processadas por meio de programa especifico, para a tabulação e eleaboração dos resultados. Os dados
serão gerados no formato de tabelas de frequencia, e analisados criteriosamente. Ao final sera elaborado um relatorio analitico-
descritivo, contendo tabelas e graficos para o resultado de cada pergunta realizada no questionario, seguindo as
exigencias do TSE.
Os dados coletados e tratados nesta pesquisa atendem às exigências da LGPD, Lei Geral de Proteção de Dados garantindo
ao respondente o sigilo de sua identidade e o correto tratamento de suas respostas.";"A área de abrangência da coleta é : Juiz de Fora - MG
A relação das localidades e setores censitários selecionadas para aplicação da amostra será apresentada
a partir do dia em que a pesquisa puder ser divulgada e até o dia seguinte, conforme expresso no
art. 2º, §7º da Resolução 23.600/2019 doTSE."
"28/09/2026";"05:46:54";2026;81;"Eleições Gerais 2026";"MG";"MG";"MINAS GERAIS";"MG040602026";"2026-08-19 14:29:13";"N";"22445600000104";"QUAEST PESQUISAS, CONSULTORIA E PROJETOS LTDA.";"#NULO#";"Governador, Senador";"2026-08-21 00:00:00";"2026-08-24 00:00:00";"2026-08-25 00:00:00";1506;"6731";"Margarida Maria de Mendonca";"212346,00";"Pesquisa quantitativa, de survey, que consiste na realização de entrevistas pessoais, domiciliares e presenciais, conduzidas por profissionais treinados, com a aplicação de questionários estruturados a uma amostra representativa da população votante de 16 anos ou mais residente no estado de Minas Gerais. O desenho amostral aplicado combina sorteio probabilístico de municípios e de setores censitários fornecidos pelo IBGE (unidades territoriais homogêneas, de tamanho similar a quadras ou blocos), dentro dos quais serão selecionadas pessoas respondentes por meio de cotas amostrais.";"O público pesquisado é composto por eleitores de 16 anos ou mais residentes na área de abrangência da pesquisa. Para produzir uma amostra representativa desse público-alvo, utilizamos um desenho amostral por conglomerados que prevê três estágios. No primeiro estágio, é feito um sorteio probabilístico de municípios para comporem a amostra por meio do método PPT (Probabilidade Proporcional ao Tamanho) a partir de suas populações votantes acima de 16 anos. Dentro da lista de municípios sorteados, no segundo estágio, é realizado um sorteio probabilístico por meio do método PPT (Probabilidade Proporcional ao Tamanho) de setores censitários a serem visitados pelos entrevistadores, sorteio que tem como base o total de habitantes residentes nos setores de acordo com dados do Censo de 2022, o que garante a dispersão aleatória e estatística da amostra dentro dos territórios municipais, independentemente de divisões administrativas. Finalmente, dentro da lista de setores censitários sorteados, no último estágio são selecionados domicílios e pessoas a serem entrevistadas utilizando-se cotas amostrais para as seguintes variáveis: sexo, idade, renda familiar e escolaridade. O perfil da amostra, definido pelas cotas previstas, é o seguinte:

Sexo: Masculino (48%); Feminino (52%). 
Faixa etária: 16-34 anos (29%); 35-59 anos (44%); 60 ou mais (27%). 
Renda domiciliar total, incluindo pensões, benefícios e rendimentos de trabalhos informais: Até 2 salários-mínimos (27%); Mais de 2 a 5 salários-mínimos (46%); Mais de 5 salários-mínimos (27%). 
Nível de instrução: Até Fundamental completo ou médio incompleto (44%); Médio completo ou superior incompleto (38%); Superior completo ou mais (18%). 

Fonte dos dados: para a distribuição de sexo e idade, TSE-Tribunal Superior Eleitoral - julho/2026; para a malha de setores censitários, Censo 2022 (IBGE); para a distribuição de renda domiciliar, PNADc Anual 2025, 1ª visita (IBGE); e, para a distribuição de escolaridade/instrução, PNADc trimestral 1-2026 (IBGE). A PNADc é utilizada por ser a fonte oficial mais atualizada de rendimentos do país, incluindo rendimentos informais, pensões, entre outros, e corrigindo as defasagens temporais do Censo 2022, além de ser a fonte mais atualizada de nível de instrução da população com 16 anos ou mais dada ausência de atualização obrigatória da escolaridade no registro de eleitores do TSE.

Está prevista eventual pós-estratificação da amostra, por meio de algoritmos de calibração (rake) e modelos (MrP), para correção de estimativas e das distribuições das variáveis sexo, idade, renda familiar e escolaridade, com base nos percentuais anteriormente mencionados, caso ocorram diferenças entre os percentuais previstos na amostra e a coleta de dados realizada. 

Dentro do público-alvo anteriormente descrito, serão realizadas 1.506 entrevistas. O nível de confiança das estimativas é de 95% e a margem de erro máxima prevista, atendendo às diretivas do TSE e usando o cálculo para amostra aleatória simples (AAS) como aproximação, é de cerca de 3 pontos percentuais para mais ou para menos em relação aos totais da amostra.";"As entrevistas serão realizadas por uma equipe de entrevistadores devidamente qualificada, com experiência e treinamento em pesquisa de opinião pública. Todo trabalho é feito em tablets ou outros dispositivos eletrônicos. Após a realização da coleta de dados, as entrevistas junto aos respondentes são checadas por meio de procedimentos de consistência e de georreferenciamento dos locais de aplicação em tempo real. Adicionalmente, ao longo e após os trabalhos de campo, é realizada uma fiscalização que consiste na checagem de áudio de uma amostra de 30% dos questionários aplicados para verificação das respostas e da adequação dos entrevistados aos parâmetros amostrais.";"A área de abrangência da coleta é o território do estado de Minas Gerais. A relação do número de pessoas pesquisadas nas áreas de aplicação da pesquisa, discriminadas por município, bairros e setores censitários a partir dos identificadores utilizados pelo IBGE, além da composição do eleitorado entrevistado na área de abrangência quanto a gênero, idade, grau de instrução e nível econômico, constará em anexo. O mapa com os códigos destes setores censitários e as áreas que delimitam no país todo podem ser conferidos na seguinte fonte oficial: https://censo2022.ibge.gov.br/panorama/mapas.html?localidade=&recorte=setores_censitarios"
