"DT_GERACAO";"HH_GERACAO";"AA_ELEICAO";"CD_ELEICAO";"NM_ELEICAO";"SG_UF";"SG_UE";"NM_UE";"NR_PROTOCOLO_REGISTRO";"DT_REGISTRO";"ST_PESQUISA_PROPRIA";"NR_CNPJ_EMPRESA";"NM_EMPRESA";"NM_EMPRESA_FANTASIA";"DS_CARGO";"DT_INICIO_PESQUISA";"DT_FIM_PESQUISA";"DT_DIVULGACAO";"QT_ENTREVISTADO";"CD_CONRE";"NM_ESTATISTICO_RESP";"VR_PESQUISA";"DS_METODOLOGIA_PESQUISA";"DS_PLANO_AMOSTRAL";"DS_SISTEMA_CONTROLE";"DS_DADO_MUNICIPIO"
"28/09/2026";"05:46:54";2026;81;"Eleições Gerais 2026";"BA";"BA";"BAHIA";"BA072472026";"2026-05-08 21:58:06";"S";"64500153000180";"LAIS CRISTINA RODRIGUES DE OLIVEIRA LTDA";"IPSENSUS PESQUISAS";"Senador, Deputado Federal, Deputado Estadual";"2026-05-09 00:00:00";"2026-05-13 00:00:00";"2026-05-14 00:00:00";1500;"7655";"AUGUSTO DA SILVA ROCHA";"10000,00";"A pesquisa será do tipo quantitativo, 
por amostragem aleatória, com aplicação de questionário estruturado e abordagem de moradores eleitores nos municípios do estado 
da Bahia, divididos nas regiões dentro do estado, em pontos estratégicos de fluxo de pessoal dos municípios e por visitas às residências dos municípios. O conjunto da população do Estado de Goias com 16 anos ou mais e que são votantes no referido estado foi tomado como universo da pesquisa.";"A amostra será representativa do eleitorado da área pesquisada e será selecionada em três etapas. 
Na primeira etapa realiza-se um sorteio probabilístico dos municípios onde as entrevistas serão realizadas através do método PPT (Probabilidade Proporcional ao Tamanho), considerando a população eleitora com 16 anos ou mais residente nos municípios como base para essa seleção. Na segunda etapa, faz-se um sorteio probabilístico das localidades, onde as entrevistas serão realizadas, através do método PPT (
Probabilidade Proporcional ao Tamanho), tomando a população eleitora de 16 anos ou mais residente nas localidades como base para essa seleção. Na terceira etapa, a seleção do entrevistado dentro da localidade, será feita utilizando-se quotas amostrais proporcionais, em função das variáveis sexo, faixa etária, grau de instrução e Nível socioeconômico (renda mensal familiar). 
Por fim, os entrevistados são selecionados aleatoriamente para responder ao questionário, de acordo com cotas: 
SEXO: 
FEMININO	52,8%	;
MASCULINO	47,2%	;

 Faixa Etária: 
16 a 24 anos	12,98%	;
25 a 34 anos	19,33%	;
35 a 44 anos	20,51%	;
45 a 59 anos	26,03%	;
60 anos ou mais	21,15%	;

 Grau de instrução: 
ANALFABETO	5,38%	;
LÊ E ESCREVE	11,28%	;
ENSINO FUNDAMENTAL INCOMPLETO	22,00%	;
ENSINO FUNDAMENTAL COMPLETO	4,18%	;
ENSINO MÉDIO INCOMPLETO	17,40%	;
ENSINO MÉDIO COMPLETO	27,97%	;
SUPERIOR INCOMPLETO	3,84%	;
SUPERIOR COMPLETO	7,95%	;



 Nível econômico (renda mensal familiar): 
Até 1/2 salário mínimo	10,1%	;
Mais de 1/2 a 1 salário mínimo	23,2%	;
Mais de 1 a 2 salários mínimos	27,2%	;
Mais de 2 a 5 salários mínimos	22,8%	;
Mais de 5 a 10 salários mínimos	6,7%	;
Mais de 10 a 20 salários mínimos	2,6%	;
Mais de 20 salários mínimos	1,2%	;
Sem rendimento	6,2%	;


Fonte pública dos dados:

IBGE | Cidades@ |Bahia | Pesquisa | Censo 2010 | Universo - Características da população e dos domicílios;  
https://cidades.ibge.gov.br/brasil/ba/pesquisa/23/24304;   
https://sig.tse.jus.br/ords/dwapr/r/seai/sig-eleitor-eleitorado-mensal/cruzamento-eleitorado-mensal?p24_metricas=E&p24_back=22&p24_cruzamento_1=ds_sexo&clear=24&session=1383774746574;  
https://sig.tse.jus.br/ords/dwapr/r/seai/sig-eleitor-eleitorado-mensal/cruzamento-eleitorado-mensal?p24_cruzamento_1=ds_faixa_etaria&p24_metricas=E&p24_back=22&clear=24&session=1383774746574;  
https://sig.tse.jus.br/ords/dwapr/r/seai/sig-eleitor-eleitorado-mensal/cruzamento-eleitorado-mensal?p24_cruzamento_1=ds_grau_instrucao&p24_metricas=E&p24_back=22&clear=24&session=1383774746574;  
Ano=2026;
Mês = ABRIL;
UF= BA;

Observação: Conforme informações disponibilizadas pelo Instituto Brasileiro de Geografia e Estatística (IBGE), não houve nem há previsão de divulgação do perfil econômico (nível econômico) da população brasileira no âmbito do Censo Demográfico de 2022 (https://censo2022.ibge.gov.br/panorama/), para essa variável será adotado o fator de ponderação igual a 1, correspondente aos resultados obtidos em campo, caso seja verificada diferença superior à margem de erro prevista no estudo entre a projeção da amostra baseada nos dados do IBGE 2010 e os dados efetivamente coletados. 
Para as variáveis de sexo, idade e grau de instrução, está previsto uma eventual ponderação, 
nos limites da margem de erro, para correção nos tamanhos das variáveis, caso ocorra uma diferença entre a previsão da 
amostra e a coleta dos dados realizados sobre a faixa de eleitores acima de 16 anos.
 Margem de Erro: A margem de erro máxima prevista é de 2,5 pontos percentuais para mais ou para menos, 
considerando um nível de confiança de 95%.";"Os entrevistadores envolvidos na realização desta pesquisa são treinados pelo Instituto e recebem instruções específicas para cada projeto realizado. A coleta será feita com a utilização de questionário impresso, que serão computados posteriormente à pesquisa de campo. Os pesquisadores são supervisionados por um coordenador que estará em campo juntamente com a equipe garantindo a lisura da pesquisa. Internamente, todo o material é verificado e codificado. Antes do processamento final e emissão dos resultados, realiza-se processo de consistência dos dados. Os dados coletados e tratados nesta pesquisa atendem às exigências da LGPD, Lei Geral de Proteção de Dados, garantindo ao respondente o sigilo de sua identidade e o correto tratamento de suas respostas.";"A relação completa dos municípios incluídos no levantamento será encaminhada posteriormente, a partir do dia em que a pesquisa puder ser divulgada e até o dia seguinte, conforme a Resoluções 23.600/2019 e 23.747/2026 do TSE."
"28/09/2026";"05:46:54";2026;81;"Eleições Gerais 2026";"BA";"BA";"BAHIA";"BA032732026";"2026-09-27 11:48:00";"N";"81908345000140";"INSTITUTO PARANA DE PESQUISAS E ANALISE DE CONSUMIDOR LTDA";"#NULO#";"Governador";"2026-09-29 00:00:00";"2026-10-02 00:00:00";"2026-10-03 00:00:00";1400;"10245 - 4ª";"Tatiani Cristina Ara";"45000,00";"Pesquisa com metodologia quantitativa, com a realização de entrevistas pessoais, domiciliares e presenciais, utilizando questionário estruturado junto a uma amostra representativa do eleitorado do Estado da Bahia.

";"""A amostra será representativa do eleitorado da área pesquisada e será selecionada em três etapas. Na primeira etapa realiza-se um sorteio probabilístico dos municípios onde as entrevistas serão realizadas através do método PPT (Probabilidade Proporcional ao Tamanho), considerando a população eleitora com 16 anos ou mais residente nos municípios como base para essa seleção. Na segunda etapa, faz-se um sorteio probabilístico das localidades, onde as entrevistas serão realizadas, através do método PPT (Probabilidade Proporcional ao Tamanho), tomando a população eleitora de 16 anos ou mais residente nas localidades como base para essa seleção. Na terceira etapa, a seleção do entrevistado dentro da localidade, será feita utilizando-se quotas amostrais proporcionais, em função das seguintes variáveis:
GÊNERO: TSE Agosto 2026 (https://sig.tse.jus.br/ords/dwapr/r/seai/sig-eleitor-eleitorado-mensal/cruzamento-eleitorado-mensal?p24_metricas=E&p24_back=22&p24_cruzamento_1=ds_sexo&clear=24&p0_uf=BA&p0_mes=8&debug=LEVEL5&session=312990078978641)
Masculino - 47%; |
Feminino - 53%; |
FAIXA ETÁRIA: TSE Agosto 2026 (https://sig.tse.jus.br/ords/dwapr/r/seai/sig-eleitor-eleitorado-mensal/cruzamento-eleitorado-mensal?p24_cruzamento_1=ds_faixa_etaria&p24_metricas=E&p24_back=22&clear=24&p0_uf=BA&p0_mes=8&debug=LEVEL5&session=8904950028837)
Entre 16 e 24 anos: 13%; |
Entre 25 e 34 anos: 19%; |
Entre 35 e 44 anos: 20%; |
Entre 45 e 59 anos: 26%; |
Com 60 anos ou mais: 22%; |
ESCOLARIDADE: TSE Agosto 2026 (https://sig.tse.jus.br/ords/dwapr/r/seai/sig-eleitor-eleitorado-mensal/cruzamento-eleitorado-mensal?p24_cruzamento_1=ds_grau_instrucao&p24_metricas=E&p24_back=22&clear=24&p0_uf=BA&p0_mes=8&debug=LEVEL5&session=309383598034615) Observação: Conforme informações obtidas no site do Tribunal Superior Eleitoral, o TSE, (https://dadosabertos.tse.jus.br/group/about/eleitorado) """"Os registros de grau de escolaridade podem apresentar dados defasados, pois refletem a situação do eleitor na ocasião do cadastramento.""""
De analfabeto até ensino fundamental completo: 42%; |
Ensino médio incompleto ou completo: 46% |
Ensino superior incompleto ou completo: 12% |
RENDA DOMICILIAR MENSAL: (https://cidades.ibge.gov.br/brasil/ba/pesquisa/23/24304) IBGE - Censo 2010. Observação: Conforme informações obtidas do Instituto Brasileiro de Geografia e Estatística, o IBGE não divulgou - e não tem previsão de data - para divulgação do perfil econômico (nível econômico) da população brasileira nos parâmetros metodológicos utilizados pela Paraná Pesquisas (renda domiciliar mensal), tendo sido divulgados apenas a renda per capita; portanto, os dados divulgados pelo IBGE, por exemplo, em 2022 e 2025 quanto ao nível econômico, não podem ser utilizados pois não correspondem aos parâmetros metodológicos utilizados pela Paraná Pesquisas.
Sem rendimentos até 2 salários mínimos: 67% |
Mais de 2 a 5 salários mínimos: 23% |
Mais de 5 salários mínimos: 10% |
Está prevista eventual ponderação para correção das variáveis gênero e faixa etária, com base nos percentuais acima apresentados, caso ocorram diferenças superiores a 3,0 (três) pontos percentuais entre o previsto na amostra e a coleta realizada; para as variáveis escolaridade e renda domiciliar mensal, o fator de ponderação é igual a 1 (resultados obtidos no campo). O nível de confiança estimado é de 95% (noventa e cinco por cento) para uma margem de erro estimada, considerando uma técnica de amostragem aleatória simples, de aproximadamente 2,7 (dois vírgula sete) pontos percentuais para mais ou para menos sobre os resultados obtidos.""




";"""As entrevistas serão conduzidas por uma equipe de entrevistadores e supervisores devidamente qualificados pelo Instituto Paraná Pesquisas, todos com experiência e treinamento específico em pesquisas de opinião pública.
Controle: O controle do processo será realizado por meio de um software de coleta de dados.
Conferência e Fiscalização: Durante a coleta de dados os questionários aplicados são fiscalizados e conferidos através de um supervisor.
Adicionalmente, pelo menos 30% dos questionários passarão por uma verificação posterior, que avaliará a precisão na aplicação e a adequação dos entrevistados às variáveis das quotas amostrais. Ou seja, no mínimo 420 entrevistas desta pesquisa serão auditadas pela equipe de qualidade do Instituto Paraná Pesquisas, podendo essa auditoria ser solicitada ao Instituto a qualquer momento.
Verificação: Após a coleta, os questionários passam por uma etapa de verificação e validação dos dados, para garantir a integridade e precisão dos dados coletados.""




";"""A pesquisa será realizada no Estado da Bahia, a relação dos dados relativos aos municípios e às localidades será apresentado até o dia seguinte à data a partir da qual a pesquisa puder ser divulgada, conforme §7º do art. 2º da Resolução-TSE nº. 23.600/2019""




"
"28/09/2026";"05:46:54";2026;81;"Eleições Gerais 2026";"BA";"BA";"BAHIA";"BA097402026";"2026-02-26 10:17:32";"N";"24374946000186";"SECULUS CONSULTORIA E ASSESSORIA LTDA ME";"SECULUS CONSULTORIA E ASSESSORIA LTDA";"Governador, Senador";"2026-02-25 00:00:00";"2026-02-27 00:00:00";"2026-03-04 00:00:00";1535;"8223A";"Danilio Silva Santos";"40000,00";"Assim como em sua parte conceitual a pesquisa será realizada em municípios no Estado da Bahia, subdividido por 07 Mesorregiões.  Mesorregião Vale São Franciscano da Bahia, Mesorregião Nordeste Baiano, Mesorregião Centro-Norte Baiano, Mesorregião Metropolitana de Salvador, Mesorregião Sul Baiano, Mesorregião Centro-Sul Baiano, Mesorregião Extremo Oeste Baiano.  tende esclarecer a tendência com relação à opinião eleitoral a cercada dos cenários políticos, buscando identificar o perfil dos entrevistados, assim sendo foram analisados criteriosamente os fatores estatístico amostrais:  idade, sexo, grau de instrução, faixa nominal de renda bem como a situação das cidades onde fora executada as amostras, a fim de ter um planejamento eficiente e condizente com os recursos disponíveis.
Amostragem aleatória simples, método PPT (Probabilidade Proporcional ao Tamanho), consiste em uma amostragem onde um conjunto de indivíduos podem ser selecionados totalmente ao acaso a partir de um conjunto maior (a população) por um processo que garanta:
1-	Todos os indivíduos da população têm a mesma probabilidade de ser escolhido para a amostra; e
2-	Cada subconjunto possível de indivíduos (amostra) tem a mesma probabilidade de ser escolhido que qualquer outro subconjunto de indivíduos.
Se quisermos sermos mais rigorosos poder-se-ia dizer que uma amostra aleatória simples é uma amostra de tamanho n desenhada a partir de uma população de tamanho N de tal maneira que cada amostra possível de tamanho n tem a mesma probabilidade de ser selecionada.";"Desta forma, o tamanho da amostra utilizada será de 1.535 (Hum mil, quinhentos e trinta e cinco), onde fora calculado como base na população do estado da Bahia, através de amostragem aleatória simples, através de entrevistas pessoais com eleitores com 16 anos ou mais como nos indica o plano amostral a seguir: GÊNERO: HOMENS: 47,22% E MULHERES: 52,78%; FAIXA ETÁRIA:16 ANOS: 0,12%, 17 ANOS: 0,65%, 18 ANOS: 1,26%, 19 ANOS: 1,52%, 20 ANOS: 1,70, 21 A 24 ANOS: 7,34%, 25 Á 29 ANOS: 9,94%, 30 Á 34 ANOS: 9,53%, 35 Á 39 ANOS: 9,87%, 40 Á 44 ANOS: 10,90%, 45 A 49 ANOS: 10,05%, 50 Á 54 ANOS: 8,38%, 55 Á 59 ANOS: 7,65%, 60 Á 64 ANOS: 6,57%, 65 Á 69 ANOS: 5,31%, 70 Á 74 ANOS: 3,93%, 75 A 79 ANOS: 2,68%, 80 Á 84 ANOS: 1,47%, 85 Á 89 ANOS: 0,75%, 90 Á 94 ANOS: 0,26%, 95 Á 99 ANOS: 0,07%, 100 ANOS OU MAIS: 0,02%; ESCOLARIDADE: ANALFABETO: 5,43%, ENSINO FUNDAMENTAL COMPLETO: 4,20%, ENSINO FUNDAMENTAL INCOMPLETO: 22,14%, ENSINO MÉDIO COMPLETO: 27,95%, ENSINO MÉDIO INCOMPLETO: 17,01%, LÊ E ESCREVE: 11,43%, SUPERIOR COMPLETO: 8,00%, SUPERIOR INCOMPLETO: 3,84%; FAIXA DE RENDA NOMINAL MENSAL: ATÉ ¼  DE SALÁRIO MÍNIMO: 10,04%, MAIS DE ¼ A ½ A SALÁRIO MÍNIMO: 12,93%, MAIS DE ½ A 1 SALÁRIO MÍNIMO: 36,16%, MAIS DE 01 A 02 SALÁRIOS MÍNIMOS: 21,73%, MAIS DE 02 A 03 SALÁRIOS MÍNIMOS: 7,75%, MAIS DE 03 A 05 SALÁRIOS MÍNIMOS: 5,73%, MAIS DE 05 A 10 SALÁRIOS  MÍNIMOS: 2,82%, MAIS DE 10 A 15 SALÁRIOS  MÍNIMOS: 0,61%, MAIS DE 15 A 20 SALÁRIOS  MÍNIMOS: 0,38%, MAIS DE 20 SL MÍNIMOS: 0,32%, SEM RENDIMENTO: 1,53%. Está prevista eventual ponderação para correção das variáveis gênero e faixa etária, com base nos percentuais acima apresentados, caso ocorram diferenças superiores a 4,0 (quatro virgula zero) pontos percentuais entre o previsto na amostra e a coleta realizada, para as variáveis escolaridade e renda domiciliar mensal, o fator de ponderação é igual a 1, (resultados obtidos no campo). Constituindo o nível de confiança de: 95% e margem de erro estimada de 2,5 pontos percentuais para mais ou para menos sobre os resultados encontrados no total da amostra. Fonte dos dados: TSE-Tribunal Superior Eleitoral ? Jeneiro de 2026 para Gênero/Faixa etária/Escolaridade e  IBGE-Censo 2022 para Nível Econômico.";"A organização de todos os dados serão coletados de forma transparente, respeitosa e precisa, seguindo rigorosamente os critérios estatísticos que garante a confiabilidade e facilidade de acesso a informações que busca e firmar sua opinião eleitoral acerca da temática. Para a realização da pesquisa, será utilizada equipes de entrevistadores, um fiscal de campo e um supervisor devidamente treinado pela Empresa SÉCULUS, com experiência em pesquisas de opinião pública. O trabalho de campo é acompanhado ininterruptamente por um supervisor que checa a visita nos bairros e áreas pré-definidas visando manter o equilíbrio e a qualidade da amostra conforme as ponderações especificadas. Após o trabalho de campo, os questionários são auditados, em no mínimo 20% (vinte por cento). No escritório da empresa, antes da tabulação dos dados, todos os questionários da amostra são analisados e conferidos criteriosamente, como também as planilhas de fiscalização adotadas no trabalho de campo. Haverá filtragem em todos os questionários após a realização das entrevistas.
Vale enfatizar que a pesquisa estará sendo realizada no período de 25 a 28 de Fevereiro do corrente ano, serão realizadas com pessoas entre as faixas etárias de 16 a 60 anos ou mais. Utilizando-se questionários elaborados de acordo com os objetivos da pesquisa.
";"A área física de realização da pesquisa é o Estado da Bahia, subdividido por 07 Mesorregiões.  Mesorregião Vale São Franciscano da Bahia 6,8%, Mesorregião Nordeste Baiano 11,1%, Mesorregião Centro-Norte Baiano 16,0%, Mesorregião Metropolitana de Salvador 30,3%, Mesorregião Sul Baiano 13,4%, Mesorregião Centro-Sul Baiano 17,8%, Mesorregião Extremo Oeste Baiano 4,6%. Os municípios serão informados após a realização das entrevistas."
"28/09/2026";"05:46:54";2026;81;"Eleições Gerais 2026";"BA";"BA";"BAHIA";"BA088552026";"2026-03-06 22:20:27";"S";"22345021000181";"REAL TIME MIDIA LTDA";"REAL TIME BIG DATA";"Governador, Senador";"2026-03-10 00:00:00";"2026-03-11 00:00:00";"2026-03-12 00:00:00";2000;"10839";"Isabela Zara Cremoneze";"80000,00";"Pesquisa quantitativa, que consiste na realização de entrevistas pessoais, com a aplicação de questionário estruturado junto a uma amostra representativa do eleitorado em estudo. Pesquisa realizada no Estado de Bahia (BA).";"Representativo do eleitorado da área em estudo, elaborada em três estágios. 
No primeiro estágio, realiza-se um sorteio probabilístico dos municípios onde as entrevistas serão realizadas, pelo método PPT (Probabilidade Proporcional ao Tamanho), tomando a população eleitora de 16 anos ou mais residente nos municípios como base para essa seleção.
No segundo estágio, efetua-se um sorteio probabilístico das localidades dentro dos municípios selecionados, também pelo método PPT (Probabilidade Proporcional ao Tamanho), considerando a população eleitora de 16 anos ou mais residente nessas localidades como base para a seleção.
No terceiro e último estágio, dentro das localidades sorteadas, os respondentes são selecionados por meio de quotas amostrais proporcionais, em função de variáveis significativas, a saber:

GÊNERO:
Feminino: 52,78%;
Masculino: 47,22%;
(Fonte: TSE, Fevereiro/2026 -- https://sig.tse.jus.br/ords/dwapr/r/seai/sig-eleitor-eleitorado-mensal/cruzamento-eleitorado-mensal?p24_metricas=E&p24_back=22&p24_cruzamento_1=ds_sexo&clear=24&session=118872650620746)
FAIXA ETÁRIA:
16 anos: 0,15%;
17 anos: 0,62%;
18 a 20 anos: 4,49%;
21 a 24 anos: 7,33%;
25 a 34 anos: 19,45%;
35 a 44 anos: 20,72%;
45 a 59 anos: 26,11%;
60 a 69 anos: 11,90%;
70 a 79 anos: 6,64%;
Superior a 79 anos: 2,59%;
(Fonte: TSE, Fevereiro/2026 -- https://sig.tse.jus.br/ords/dwapr/r/seai/sig-eleitor-eleitorado-mensal/cruzamento-eleitorado-mensal?p24_cruzamento_1=ds_faixa_etaria&p24_metricas=E&p24_back=22&clear=24&session=118872650620746)
ESCOLARIDADE:
Analfabeto: 5,42%;
Lê e Escreve: 11,40%;
Ensino Fundamental Incompleto: 22,12%;
Ensino Fundamental Completo: 4,20%;
Ensino Médio Incompleto: 17,06%;
Ensino Médio Completo: 27,97%;
Ensino Superior Incompleto: 3,84%;
Ensino Superior Completo: 8,00%;
(Fonte: TSE, Fevereiro /2026 -- https://sig.tse.jus.br/ords/dwapr/r/seai/sig-eleitor-eleitorado-mensal/cruzamento-eleitorado-mensal?p24_cruzamento_1=ds_grau_instrucao&p24_metricas=E&p24_back=22&clear=24&session=118872650620746)
RENDA DOMICILIAR MENSAL:
Sem rendimento: 6,18%;
Até 1/2 Salário Mínimo: 10,07%;
Mais de 1/2 a 1 Salário Mínimo: 23,25%;
Mais de 1 a 2 Salários Mínimos: 27,21%;
Mais de 2 a 5 Salários Mínimos: 22,82%;
Mais de 5 a 10 Salários Mínimos: 6,67%;
Mais de 10 a 20 Salários Mínimos: 2,62%;
Mais de 20 Salários Mínimos: 1,19%;
(Fonte: IBGE (CENSO-2010) -- https://cidades.ibge.gov.br/brasil/ba/pesquisa/23/24304?detalhes=true)
Observação: De acordo com informações do Instituto Brasileiro de Geografia e Estatística (IBGE), não há previsão de data para a divulgação do perfil econômico da população brasileira do CENSO 2022. Portanto, os dados sobre o nível econômico obtidos no Censo 2022 não podem ser utilizados, pois ainda não foram publicados.
Está prevista eventual ponderação para correção das variáveis sexo e idade, com base nos percentuais anteriormente mencionados, caso ocorram diferenças superiores a 3 pontos percentuais entre o previsto na amostra e a coleta de dados realizada. Para as variáveis de grau de instrução e nível econômico do entrevistado, o fator previsto para ponderação é 1 (resultados obtidos em campo). O nível de confiança estimado é de 95% e a margem de erro máxima estimada considerando um modelo de amostragem aleatório simples, é de aproximadamente 2 (dois) pontos percentuais para mais ou para menos sobre os resultados encontrados no total da amostra.
";"O trabalho de coleta de dados é acompanhado presencialmente por supervisores. São selecionados aleatoriamente 15% (quinze por cento) dos questionários para uma verificação posterior com ligações telefônicas para os números indicados nos formulários, em caso de dúvida, o formulário é descartado e o entrevistador chamado para esclarecimentos.";"O anexo do arquivo com os bairros será realizado até o dia seguinte da divulgação conforme indicado no §7º. do art. 2º. da Resolução-TSE nº. 23.600/2019.

"
"28/09/2026";"05:46:54";2026;81;"Eleições Gerais 2026";"BA";"BA";"BAHIA";"BA048482026";"2026-06-25 17:29:55";"N";"81908345000140";"INSTITUTO PARANA DE PESQUISAS E ANALISE DE CONSUMIDOR LTDA";"#NULO#";"Governador, Senador";"2026-06-27 00:00:00";"2026-06-30 00:00:00";"2026-07-01 00:00:00";1500;"10245 - 4ª";"Tatiani Cristina Ara";"45000,00";"Pesquisa com metodologia quantitativa, com a realização de entrevistas pessoais, domiciliares e presenciais, utilizando questionário estruturado junto a uma amostra representativa do eleitorado do Estado da Bahia.


";"""A amostra será representativa do eleitorado da área pesquisada e será selecionada em três etapas. Na primeira etapa realiza-se um sorteio probabilístico dos municípios onde as entrevistas serão realizadas através do método PPT (Probabilidade Proporcional ao Tamanho), considerando a população eleitora com 16 anos ou mais residente nos municípios como base para essa seleção. Na segunda etapa, faz-se um sorteio probabilístico das localidades, onde as entrevistas serão realizadas, através do método PPT (Probabilidade Proporcional ao Tamanho), tomando a população eleitora de 16 anos ou mais residente nas localidades como base para essa seleção. Na terceira etapa, a seleção do entrevistado dentro da localidade, será feita utilizando-se quotas amostrais proporcionais, em função das seguintes variáveis:
GÊNERO: TSE Maio 2026 (https://sig.tse.jus.br/ords/dwapr/r/seai/sig-eleitor-eleitorado-mensal/cruzamento-eleitorado-mensal?p24_metricas=E&p24_back=22&p24_cruzamento_1=ds_sexo&clear=24&p0_uf=BA&p0_mes=5&debug=LEVEL5&session=312990078978641)
Masculino - 47%; |
Feminino - 53%; |
FAIXA ETÁRIA: TSE Maio 2026 (https://sig.tse.jus.br/ords/dwapr/r/seai/sig-eleitor-eleitorado-mensal/cruzamento-eleitorado-mensal?p24_cruzamento_1=ds_faixa_etaria&p24_metricas=E&p24_back=22&clear=24&p0_uf=BA&p0_mes=5&debug=LEVEL5&session=8904950028837)
Entre 16 e 24 anos: 14%; |
Entre 25 e 34 anos: 19%; |
Entre 35 e 44 anos: 20%; |
Entre 45 e 59 anos: 26%; |
Com 60 anos ou mais: 21%; |
ESCOLARIDADE: TSE Maio 2026 (https://sig.tse.jus.br/ords/dwapr/r/seai/sig-eleitor-eleitorado-mensal/cruzamento-eleitorado-mensal?p24_cruzamento_1=ds_grau_instrucao&p24_metricas=E&p24_back=22&clear=24&p0_uf=BA&p0_mes=5&debug=LEVEL5&session=309383598034615)
De analfabeto até ensino fundamental completo: 42%; |
Ensino médio incompleto ou completo: 46% |
Ensino superior incompleto ou completo: 12% |
RENDA DOMICILIAR MENSAL:  (https://cidades.ibge.gov.br/brasil/ba/pesquisa/23/24304) IBGE - Censo 2010. Observação: Conforme informações obtidas do Instituto Brasileiro de Geografia e Estatística, o IBGE, não divulgou - e não tem previsão - de data para divulgação do perfil econômico (nível econômico) da população brasileira; portanto, os dados quanto ao nível econômico obtidos no Censo 2022, não podem ser utilizados, pois não foram publicados. (https://censo2022.ibge.gov.br/panorama/)
Sem rendimentos até 2 salários mínimos: 67% |
Mais de 2 a 5 salários mínimos: 23% |
Mais de 5 salários mínimos: 10% |
Está prevista eventual ponderação para correção das variáveis gênero e faixa etária, com base nos percentuais acima apresentados, caso ocorram diferenças superiores a 3,0 (três) pontos percentuais entre o previsto na amostra e a coleta realizada; para as variáveis escolaridade e renda domiciliar mensal, o fator de ponderação é igual a 1 (resultados obtidos no campo). O nível de confiança estimado é de 95% (noventa e cinco por cento) para uma margem de erro estimada, considerando uma técnica de amostragem aleatória simples, de aproximadamente 2,6 (dois vírgula seis) pontos percentuais para mais ou para menos sobre os resultados obtidos.""





";"""As entrevistas serão conduzidas por uma equipe de entrevistadores e supervisores devidamente qualificados pelo Instituto Paraná Pesquisas, todos com experiência e treinamento específico em pesquisas de opinião pública. 
Controle: O controle do processo será realizado por meio de um software de coleta de dados, o qual permitirá o monitoramento garantindo o cumprimento das cotas amostrais.
Conferência e Fiscalização: Durante a coleta de dados os questionários aplicados são fiscalizados e conferidos através de um supervisor.   
Adicionalmente, pelo menos 30% dos questionários passarão por uma verificação posterior, que avaliará a precisão na aplicação e a adequação dos entrevistados às variáveis das quotas amostrais. Ou seja, no mínimo 450 entrevistas desta pesquisa serão auditadas pela equipe de qualidade do Instituto Paraná Pesquisas, podendo essa auditoria ser solicitada ao Instituto a qualquer momento.
Verificação: Após a coleta, os questionários passam por uma etapa de verificação e validação dos dados, para garantir a integridade e precisão dos dados coletados.""





";" ""A pesquisa será realizada no Estado da Bahia, a relação dos dados relativos aos municípios e às localidades será apresentado até o dia seguinte à data a partir da qual a pesquisa puder ser divulgada, conforme §7º do art. 2º da Resolução-TSE nº. 23.600/2019""





"
"28/09/2026";"05:46:54";2026;81;"Eleições Gerais 2026";"BA";"BA";"BAHIA";"BA062062026";"2026-08-21 15:18:39";"N";"22445600000104";"QUAEST PESQUISAS, CONSULTORIA E PROJETOS LTDA.";"#NULO#";"Governador, Senador";"2026-08-23 00:00:00";"2026-08-26 00:00:00";"2026-08-27 00:00:00";900;"6731";"Margarida Maria de Mendonca";"130770,00";"Pesquisa quantitativa, de survey, que consiste na realização de entrevistas pessoais, domiciliares e presenciais, conduzidas por profissionais treinados, com a aplicação de questionários estruturados a uma amostra representativa da população votante de 16 anos ou mais residente no estado da Bahia. O desenho amostral aplicado combina sorteio probabilístico de municípios e de setores censitários fornecidos pelo IBGE (unidades territoriais homogêneas, de tamanho similar a quadras ou blocos), dentro dos quais serão selecionadas pessoas respondentes por meio de cotas amostrais.";"O público pesquisado é composto por eleitores de 16 anos ou mais residentes na área de abrangência da pesquisa. Para produzir uma amostra representativa desse público-alvo, utilizamos um desenho amostral por conglomerados que prevê três estágios. No primeiro estágio, é feito um sorteio probabilístico de municípios para comporem a amostra por meio do método PPT (Probabilidade Proporcional ao Tamanho) a partir de suas populações votantes acima de 16 anos. Dentro da lista de municípios sorteados, no segundo estágio, é realizado um sorteio probabilístico por meio do método PPT (Probabilidade Proporcional ao Tamanho) de setores censitários a serem visitados pelos entrevistadores, sorteio que tem como base o total de habitantes residentes nos setores de acordo com dados do Censo de 2022, o que garante a dispersão aleatória e estatística da amostra dentro dos territórios municipais, independentemente de divisões administrativas. Finalmente, dentro da lista de setores censitários sorteados, no último estágio são selecionados domicílios e pessoas a serem entrevistadas utilizando-se cotas amostrais para as seguintes variáveis: sexo, idade, renda familiar e escolaridade. O perfil da amostra, definido pelas cotas previstas, é o seguinte:

Sexo: Masculino (47%); Feminino (53%). 
Faixa etária: 16-34 anos (32%); 35-59 anos (46%); 60 ou mais (22%). 
Renda domiciliar total, incluindo pensões, benefícios e rendimentos de trabalhos informais: Até 2 salários-mínimos (49%); Mais de 2 a 5 salários-mínimos (38%); Mais de 5 salários-mínimos (13%). 
Nível de instrução: Até Fundamental completo ou médio incompleto (48%); Médio completo ou superior incompleto (39%); Superior completo ou mais (13%). 

Fonte dos dados: para a distribuição de sexo e idade, TSE-Tribunal Superior Eleitoral - julho/2026; para a malha de setores censitários, Censo 2022 (IBGE); para a distribuição de renda domiciliar, PNADc Anual 2025, 1ª visita (IBGE); e, para a distribuição de escolaridade/instrução, PNADc trimestral 1-2026 (IBGE). A PNADc é utilizada por ser a fonte oficial mais atualizada de rendimentos do país, incluindo rendimentos informais, pensões, entre outros, e corrigindo as defasagens temporais do Censo 2022, além de ser a fonte mais atualizada de nível de instrução da população com 16 anos ou mais dada ausência de atualização obrigatória da escolaridade no registro de eleitores do TSE.

Está prevista eventual pós-estratificação da amostra, por meio de algoritmos de calibração (rake) e modelos (MrP), para correção de estimativas e das distribuições das variáveis sexo, idade, renda familiar e escolaridade, com base nos percentuais anteriormente mencionados, caso ocorram diferenças entre os percentuais previstos na amostra e a coleta de dados realizada. 

Dentro do público-alvo anteriormente descrito, serão realizadas 900 entrevistas. O nível de confiança das estimativas é de 95% e a margem de erro máxima prevista, atendendo às diretivas do TSE e usando o cálculo para amostra aleatória simples (AAS) como aproximação, é de cerca de 3 pontos percentuais para mais ou para menos em relação aos totais da amostra.
";"As entrevistas serão realizadas por uma equipe de entrevistadores devidamente qualificada, com experiência e treinamento em pesquisa de opinião pública. Todo trabalho é feito em tablets ou outros dispositivos eletrônicos. Após a realização da coleta de dados, as entrevistas junto aos respondentes são checadas por meio de procedimentos de consistência e de georreferenciamento dos locais de aplicação em tempo real. Adicionalmente, ao longo e após os trabalhos de campo, é realizada uma fiscalização que consiste na checagem de áudio de uma amostra de 30% dos questionários aplicados para verificação das respostas e da adequação dos entrevistados aos parâmetros amostrais.
";"A área de abrangência da coleta é o território do estado da Bahia. A relação do número de pessoas pesquisadas nas áreas de aplicação da pesquisa, discriminadas por município, bairros e setores censitários a partir dos identificadores utilizados pelo IBGE, além da composição do eleitorado entrevistado na área de abrangência quanto a gênero, idade, grau de instrução e nível econômico, constará em anexo. O mapa com os códigos destes setores censitários e as áreas que delimitam no país todo podem ser conferidos na seguinte fonte oficial: https://censo2022.ibge.gov.br/panorama/mapas.html?localidade=&recorte=setores_censitarios"
"28/09/2026";"05:46:54";2026;81;"Eleições Gerais 2026";"BA";"BA";"BAHIA";"BA002772026";"2026-08-05 15:22:58";"S";"22345021000181";"REAL TIME MIDIA LTDA";"REAL TIME BIG DATA";"Governador, Senador";"2026-08-06 00:00:00";"2026-08-10 00:00:00";"2026-08-11 00:00:00";1600;"10839";"Isabela Zara Cremoneze";"24000,00";"Pesquisa quantitativa, que consiste na realização de entrevistas com eleitores do universo a ser explorado, feitas em combinação mista por entrevistadores humanos e recursos de inteligência artificial, com a aplicação de questionário estruturado com abordagens telefônicas e digitais junto a uma amostra representativa do eleitorado em estudo. Pesquisa realizada no Estado de Bahia (BA).";"Representativo do eleitorado da área em estudo, elaborada em três estágios. 
No primeiro estágio, realiza-se um sorteio probabilístico dos municípios onde as entrevistas serão realizadas, pelo método PPT (Probabilidade Proporcional ao Tamanho), tomando a população eleitora de 16 anos ou mais residente nos municípios como base para essa seleção.
No segundo estágio, efetua-se um sorteio probabilístico das localidades dentro dos municípios selecionados, também pelo método PPT (Probabilidade Proporcional ao Tamanho), considerando a população eleitora de 16 anos ou mais residente nessas localidades como base para a seleção.
No terceiro e último estágio, dentro das localidades sorteadas, os respondentes são selecionados por meio de quotas amostrais proporcionais, em função de variáveis significativas, a saber:

GÊNERO:
Feminino: 52,77%;
Masculino: 47,23%;
(Fonte: TSE, Julho/2026 -- https://sig.tse.jus.br/ords/dwapr/r/seai/sig-eleitor-eleitorado-mensal/cruzamento-eleitorado-mensal?p24_metricas=E&p24_back=22&p24_cruzamento_1=ds_sexo&clear=24&session=118872650620746)
FAIXA ETÁRIA:
16 anos: 0,46%;
17 anos: 0,76%;
18 a 20 anos: 4,46%;
21 a 24 anos: 7,18%;
25 a 34 anos: 19,22%;
35 a 44 anos: 20,16%;
45 a 59 anos: 26,20%;
60 a 69 anos: 12,03%;
70 a 79 anos: 6,78%;
Superior a 79 anos: 2,74%;
(Fonte: TSE, Julho/2026 -- https://sig.tse.jus.br/ords/dwapr/r/seai/sig-eleitor-eleitorado-mensal/cruzamento-eleitorado-mensal?p24_cruzamento_1=ds_faixa_etaria&p24_metricas=E&p24_back=22&clear=24&session=118872650620746)
ESCOLARIDADE:
Analfabeto: 5,33%;
Lê e Escreve: 11,17%;
Ensino Fundamental Incompleto: 21,89%;
Ensino Fundamental Completo: 4,16%;
Ensino Médio Incompleto: 17,81%;
Ensino Médio Completo: 27,90%;
Ensino Superior Incompleto: 3,84%;
Ensino Superior Completo: 7,90%;
(Fonte: TSE, Julho/2026 -- https://sig.tse.jus.br/ords/dwapr/r/seai/sig-eleitor-eleitorado-mensal/cruzamento-eleitorado-mensal?p24_cruzamento_1=ds_grau_instrucao&p24_metricas=E&p24_back=22&clear=24&session=118872650620746)
RENDA DOMICILIAR MENSAL:
Sem rendimento: 6,18%;
Até 1/2 Salário Mínimo: 10,07%;
Mais de 1/2 a 1 Salário Mínimo: 23,25%;
Mais de 1 a 2 Salários Mínimos: 27,21%;
Mais de 2 a 5 Salários Mínimos: 22,82%;
Mais de 5 a 10 Salários Mínimos: 6,67%;
Mais de 10 a 20 Salários Mínimos: 2,62%;
Mais de 20 Salários Mínimos: 1,19%;
(Fonte: IBGE (CENSO-2010) -- https://cidades.ibge.gov.br/brasil/ba/pesquisa/23/24304?detalhes=true)
Observação: De acordo com informações do Instituto Brasileiro de Geografia e Estatística (IBGE), não há previsão de data para a divulgação do perfil econômico da população brasileira do CENSO 2022. Portanto, os dados sobre o nível econômico obtidos no Censo 2022 não podem ser utilizados, pois ainda não foram publicados.
Está prevista eventual ponderação para correção das variáveis sexo e idade, com base nos percentuais anteriormente mencionados, caso ocorram diferenças superiores a 3 pontos percentuais entre o previsto na amostra e a coleta de dados realizada. Para as variáveis de grau de instrução e nível econômico do entrevistado, o fator previsto para ponderação é 1 (resultados obtidos em campo). O nível de confiança estimado é de 95% e a margem de erro máxima estimada considerando um modelo de amostragem aleatório simples, é de aproximadamente 2 (dois) pontos percentuais para mais ou para menos sobre os resultados encontrados no total da amostra.
";"O trabalho de coleta de dados é acompanhado por supervisores humanos. São selecionados aleatoriamente 15% (quinze por cento) dos questionários para uma verificação posterior e, em caso de dúvida, o formulário é descartado e o responsável pela coleta chamado para esclarecimentos. Há uma equipe especializada que confere os dados à exaustão com objetivo de averiguar e aferir os resultados coletados.";"O anexo do arquivo com os bairros será realizado até o dia seguinte da divulgação conforme indicado no §7º. do art. 2º. da Resolução-TSE nº. 23.600/2019."
"28/09/2026";"05:46:54";2026;81;"Eleições Gerais 2026";"BA";"BA";"BAHIA";"BA017772026";"2026-09-22 21:10:08";"N";"22345021000181";"REAL TIME MIDIA LTDA";"REAL TIME BIG DATA";"Governador, Senador";"2026-09-23 00:00:00";"2026-09-26 00:00:00";"2026-09-28 00:00:00";1600;"10839";"Isabela Zara Cremoneze";"20000,00";"Pesquisa quantitativa, que consiste na realização de entrevistas com eleitores do universo a ser explorado, feitas em combinação mista por entrevistadores humanos e recursos de inteligência artificial, com a aplicação de questionário estruturado com abordagens telefônicas e digitais junto a uma amostra representativa do eleitorado em estudo. Pesquisa realizada no Estado de Bahia (BA).";"Representativo do eleitorado da área em estudo, elaborada em três estágios.
No primeiro estágio, realiza-se um sorteio probabilístico dos municípios onde as entrevistas serão realizadas, pelo método PPT (Probabilidade Proporcional ao Tamanho), tomando a população eleitora de 16 anos ou mais residente nos municípios como base para essa seleção.
No segundo estágio, efetua-se um sorteio probabilístico das localidades dentro dos municípios selecionados, também pelo método PPT (Probabilidade Proporcional ao Tamanho), considerando a população eleitora de 16 anos ou mais residente nessas localidades como base para a seleção.
No terceiro e último estágio, dentro das localidades sorteadas, os respondentes são selecionados por meio de quotas amostrais proporcionais, em função de variáveis significativas, a saber:

GÊNERO:
Feminino: 52,77%;
Masculino: 47,23%;
(Fonte: TSE, Agosto/2026 -- https://sig.tse.jus.br/ords/dwapr/r/seai/sig-eleitor-eleitorado-mensal/cruzamento-eleitorado-mensal?p24_metricas=E&p24_back=22&p24_cruzamento_1=ds_sexo&clear=24&session=118872650620746)
FAIXA ETÁRIA:
16 anos: 0,46%;
17 anos: 0,76%;
18 a 20 anos: 4,46%;
21 a 24 anos: 7,18%;
25 a 34 anos: 19,22%;
35 a 44 anos: 20,16%;
45 a 59 anos: 26,20%;
60 a 69 anos: 12,03%;
70 a 79 anos: 6,78%;
Superior a 79 anos: 2,74%;
(Fonte: TSE, Agosto/2026 -- https://sig.tse.jus.br/ords/dwapr/r/seai/sig-eleitor-eleitorado-mensal/cruzamento-eleitorado-mensal?p24_cruzamento_1=ds_faixa_etaria&p24_metricas=E&p24_back=22&clear=24&session=118872650620746)
ESCOLARIDADE:
Analfabeto: 5,33%;
Lê e Escreve: 11,17%;
Ensino Fundamental Incompleto: 21,89%;
Ensino Fundamental Completo: 4,16%;
Ensino Médio Incompleto: 17,81%;
Ensino Médio Completo: 27,90%;
Ensino Superior Incompleto: 3,84%;
Ensino Superior Completo: 7,90%;
(Fonte: TSE, Agosto/2026 -- https://sig.tse.jus.br/ords/dwapr/r/seai/sig-eleitor-eleitorado-mensal/cruzamento-eleitorado-mensal?p24_cruzamento_1=ds_grau_instrucao&p24_metricas=E&p24_back=22&clear=24&session=118872650620746)
RENDA DOMICILIAR MENSAL:
Sem rendimento: 6,18%;
Até 1/2 Salário Mínimo: 10,07%;
Mais de 1/2 a 1 Salário Mínimo: 23,25%;
Mais de 1 a 2 Salários Mínimos: 27,21%;
Mais de 2 a 5 Salários Mínimos: 22,82%;
Mais de 5 a 10 Salários Mínimos: 6,67%;
Mais de 10 a 20 Salários Mínimos: 2,62%;
Mais de 20 Salários Mínimos: 1,19%;
(Fonte: IBGE (CENSO-2010) -- https://cidades.ibge.gov.br/brasil/ba/pesquisa/23/24304?detalhes=true)
Observação: De acordo com informações do Instituto Brasileiro de Geografia e Estatística (IBGE), não há previsão de data para a divulgação do perfil econômico da população brasileira do CENSO 2022. Portanto, os dados sobre o nível econômico obtidos no Censo 2022 não podem ser utilizados, pois ainda não foram publicados.
Está prevista eventual ponderação para correção das variáveis sexo e idade, com base nos percentuais anteriormente mencionados, caso ocorram diferenças superiores a 3 pontos percentuais entre o previsto na amostra e a coleta de dados realizada. Para as variáveis de grau de instrução e nível econômico do entrevistado, o fator previsto para ponderação é 1 (resultados obtidos em campo). O nível de confiança estimado é de 95% e a margem de erro máxima estimada considerando um modelo de amostragem aleatório simples, é de aproximadamente 2 (dois) pontos percentuais para mais ou para menos sobre os resultados encontrados no total da amostra.";"O trabalho de coleta de dados é acompanhado por supervisores humanos. São selecionados aleatoriamente 15% (quinze por cento) dos questionários para uma verificação posterior e, em caso de dúvida, o formulário é descartado e o responsável pela coleta chamado para esclarecimentos. Há uma equipe especializada que confere os dados à exaustão com objetivo de averiguar e aferir os resultados coletados.";"O anexo do arquivo com os bairros será realizado até o dia seguinte da divulgação conforme indicado no §7º. do art. 2º. da Resolução-TSE nº. 23.600/2019."
"28/09/2026";"05:46:54";2026;81;"Eleições Gerais 2026";"BA";"BA";"BAHIA";"BA068452026";"2026-09-15 18:54:36";"N";"52908063000144";"100% CIDADES PARTICIPACOES LTDA";"100 CIDADES";"Governador, Senador";"2026-09-16 00:00:00";"2026-09-21 00:00:00";"2026-09-21 00:00:00";1000;"8140";"FABIOLA MIRANDA VON RONDOW";"63400,00";"Pesquisa do tipo quantitativa, por amostragem, com aplicação de questionário estruturado realizado por meio telefônico. O universo da pesquisa é o eleitorado do Estado da Bahia com 16 anos ou mais. Dentro das localidades indicadas, os respondentes são selecionados aleatoriamente, considerando todo o território e a totalidade dos respectivos bairros dos Municípios abrangidos pela pesquisa, pelo sistema de cotas amostrais em função de variáveis significativas.";"Representativo do eleitorado da área em estudo. A amostra é estratificada por região de moradia, com base na população residente em quaisquer dos bairros ou áreas dos Municípios abrangidos pela pesquisa. (Fonte dos Dados: Censo IBGE 2022). Dentro da área de abrangência da pesquisa, os respondentes são selecionados aleatoriamente com o auxílio de computador pelo sistema de cotas amostrais em função de variáveis significativas, a saber: Gênero: masculino 47,2%; feminino 52,8% (Fonte dos Dados: TSE- agosto/2026 - https://sig.tse.jus.br/ords/dwapr/r/seai/sig-eleitor-eleitorado-mensal/cruzamento-eleitorado-mensal?p0_uf=BA&session=134030400538079 - cruzamento 1: Gênero); Faixa etária: 16 a 24 anos, 12,9%; 25 a 34 anos, 19,2%; 35 a 44 anos, 20,2%; 45 a 59 anos, 26,2%; 60 anos ou mais, 21,6% (Fonte dos Dados: TSE- agosto /2026 - https://sig.tse.jus.br/ords/dwapr/r/seai/sig-eleitor-eleitorado-mensal/cruzamento-eleitorado-mensal?p0_uf=BA&session=134030400538079 - cruzamento 1: Faixa Etária); Para a variável grau de instrução, os dados são: Até Ensino Fundamental Completo, 39,5%; Ensino Médio incompleto ou completo, 42,6%; Ensino superior incompleto ou mais, 17,9% (Fonte dos dados: PNAD continua 2º trimestre de 2026); Para a variável nível econômico, a renda familiar: Sem rendimento/até 1 salário-mínimo 39,5%; acima de 1 a 2 salários-mínimos 27,2%; acima de 2 a 5 salários-mínimos 22,8%; acima de 5 a 10 salários-mínimos 6,7%; acima de 10 salários-mínimos 3,8% (Fonte dos dados: Censo IBGE/2010 - https://cidades.ibge.gov.br/brasil/ba/pesquisa/23/24304). Observação: De acordo com informações do Instituto Brasileiro de Geografia e Estatística (IBGE), não há previsão de data para a divulgação do perfil econômico da população brasileira do CENSO 2022. Portanto, considerando que os dados sobre o nível econômico obtidos no Censo 2022 ainda não foram publicados, adotou-se para essa variável os dados disponíveis do Censo IBGE/2010. Está prevista eventual ponderação para correção das variáveis gênero, idade e grau de instrução com base nos percentuais anteriormente mencionados, caso ocorram diferenças superiores a 3 pontos percentuais entre o previsto na amostra e a coleta de dados realizada. Para a variável nível econômico do entrevistado, o fator previsto para ponderação é 1 (resultados obtidos em campo). O tamanho da amostra previsto é de 1000 entrevistas. O nível de confiança estimado é de 95% e a margem de erro máxima estimada considerando um modelo de amostragem aleatório simples, é de 3,1 pontos percentuais para mais ou para menos sobre os resultados encontrados no total da amostra. Os intervalos de confiança serão calculados considerando os resultados obtidos para um nível de confiança de 95%. FONTE DOS DADOS: Censo IBGE (2010 e 2022) | TSE (eleitorado de agosto / 2026) | PNAD continua 2º trimestre de 2026.";"As entrevistas serão realizadas por uma equipe de entrevistadores qualificados, que receberão treinamento e orientações especificas sobre o questionário e os objetivos da pesquisa, antes de iniciarem a coleta. Durante todo o período de aplicação das entrevistas, os entrevistadores serão monitorados recebendo apoio ou orientações de uma equipe de supervisores, com experiência e treinamento em pesquisas de opinião pública. Serão checados no mínimo 20% (vinte por cento) dos questionários aplicados por cada entrevistador, para a verificação das respostas e adequação dos entrevistados aos parâmetros amostrais. Os dados coletados e tratados nesta pesquisa atendem às exigências da Lei nº 13.709, de 14 de agosto de 2018, a Lei Geral de Proteção de Dados ¿ LGPD, garantindo ao respondente o sigilo de sua identidade e de seus dados pessoais, bem como o correto tratamento de suas respostas.";"A área de abrangência da coleta é o Estado da Bahia. A relação dos Municípios cuja totalidade do território e respectivos bairros foram selecionados como área de abrangência para a pesquisa constará em anexo a ser apresentado até o dia seguinte, a partir do dia em que a pesquisa puder ser divulgada, conforme as Resoluções 23.600/2019, no art. 2º; §7º e 23.727/2024 do TSE."
"28/09/2026";"05:46:54";2026;81;"Eleições Gerais 2026";"BA";"BA";"BAHIA";"BA094142026";"2026-09-26 15:10:00";"N";"52908063000144";"100% CIDADES PARTICIPACOES LTDA";"100 CIDADES";"Governador, Senador";"2026-09-28 00:00:00";"2026-10-02 00:00:00";"2026-10-02 00:00:00";1000;"8140";"FABIOLA MIRANDA VON RONDOW";"63400,00";"Pesquisa do tipo quantitativa, por amostragem, com aplicação de questionário estruturado realizado por meio telefônico. O universo da pesquisa é o eleitorado do Estado da Bahia com 16 anos ou mais. Dentro das localidades indicadas, os respondentes são selecionados aleatoriamente, considerando todo o território e a totalidade dos respectivos bairros dos Municípios abrangidos pela pesquisa, pelo sistema de cotas amostrais em função de variáveis significativas.";"Representativo do eleitorado da área em estudo. A amostra é estratificada por região de moradia, com base na população residente em quaisquer dos bairros ou áreas dos Municípios abrangidos pela pesquisa. (Fonte dos Dados: Censo IBGE 2022). Dentro da área de abrangência da pesquisa, os respondentes são selecionados aleatoriamente com o auxílio de computador pelo sistema de cotas amostrais em função de variáveis significativas, a saber: Gênero: masculino 47,2%; feminino 52,8% (Fonte dos Dados: TSE- agosto/2026 - https://sig.tse.jus.br/ords/dwapr/r/seai/sig-eleitor-eleitorado-mensal/cruzamento-eleitorado-mensal?p0_uf=BA&session=134030400538079 - cruzamento 1: Gênero); Faixa etária: 16 a 24 anos, 12,9%; 25 a 34 anos, 19,2%; 35 a 44 anos, 20,2%; 45 a 59 anos, 26,2%; 60 anos ou mais, 21,6% (Fonte dos Dados: TSE- agosto /2026 - https://sig.tse.jus.br/ords/dwapr/r/seai/sig-eleitor-eleitorado-mensal/cruzamento-eleitorado-mensal?p0_uf=BA&session=134030400538079 - cruzamento 1: Faixa Etária); Para a variável grau de instrução, os dados são: Até Ensino Fundamental Completo, 39,5%; Ensino Médio incompleto ou completo, 42,6%; Ensino superior incompleto ou mais, 17,9% (Fonte dos dados: PNAD continua 2º trimestre de 2026); Para a variável nível econômico, a renda familiar: Sem rendimento/até 1 salário-mínimo 39,5%; acima de 1 a 2 salários-mínimos 27,2%; acima de 2 a 5 salários-mínimos 22,8%; acima de 5 a 10 salários-mínimos 6,7%; acima de 10 salários-mínimos 3,8% (Fonte dos dados: Censo IBGE/2010 - https://cidades.ibge.gov.br/brasil/ba/pesquisa/23/24304). Observação: De acordo com informações do Instituto Brasileiro de Geografia e Estatística (IBGE), não há previsão de data para a divulgação do perfil econômico da população brasileira do CENSO 2022. Portanto, considerando que os dados sobre o nível econômico obtidos no Censo 2022 ainda não foram publicados, adotou-se para essa variável os dados disponíveis do Censo IBGE/2010. Está prevista eventual ponderação para correção das variáveis gênero, idade e grau de instrução com base nos percentuais anteriormente mencionados, caso ocorram diferenças superiores a 3 pontos percentuais entre o previsto na amostra e a coleta de dados realizada. Para a variável nível econômico do entrevistado, o fator previsto para ponderação é 1 (resultados obtidos em campo). O tamanho da amostra previsto é de 1000 entrevistas. O nível de confiança estimado é de 95% e a margem de erro máxima estimada considerando um modelo de amostragem aleatório simples, é de 3,1 pontos percentuais para mais ou para menos sobre os resultados encontrados no total da amostra. Os intervalos de confiança serão calculados considerando os resultados obtidos para um nível de confiança de 95%. FONTE DOS DADOS: Censo IBGE (2010 e 2022) | TSE (eleitorado de agosto / 2026) | PNAD continua 2º trimestre de 2026.";"As entrevistas serão realizadas por uma equipe de entrevistadores qualificados, que receberão treinamento e orientações especificas sobre o questionário e os objetivos da pesquisa, antes de iniciarem a coleta. Durante todo o período de aplicação das entrevistas, os entrevistadores serão monitorados recebendo apoio ou orientações de uma equipe de supervisores, com experiência e treinamento em pesquisas de opinião pública. Serão checados no mínimo 20% (vinte por cento) dos questionários aplicados por cada entrevistador, para a verificação das respostas e adequação dos entrevistados aos parâmetros amostrais. Os dados coletados e tratados nesta pesquisa atendem às exigências da Lei nº 13.709, de 14 de agosto de 2018, a Lei Geral de Proteção de Dados ¿ LGPD, garantindo ao respondente o sigilo de sua identidade e de seus dados pessoais, bem como o correto tratamento de suas respostas.";"A área de abrangência da coleta é o Estado da Bahia. A relação dos Municípios cuja totalidade do território e respectivos bairros foram selecionados como área de abrangência para a pesquisa constará em anexo a ser apresentado até o dia seguinte, a partir do dia em que a pesquisa puder ser divulgada, conforme as Resoluções 23.600/2019, no art. 2º; §7º e 23.727/2024 do TSE."
"28/09/2026";"05:46:54";2026;81;"Eleições Gerais 2026";"BA";"BA";"BAHIA";"BA079462026";"2026-09-10 09:12:30";"N";"02424348000131";"ECONOMIC PESQUISAS, CONSULTORIA EMPRESARIAL, ADMINISTRACAO PUBLICA E MARKETING LTDA";"ECONOMIC PESQUISAS";"Governador, Senador";"2026-09-08 00:00:00";"2026-09-11 00:00:00";"2026-09-16 00:00:00";1000;"10387- BA";"MONICA FREIRE COSTA";"7500,00";"Pesquisa quantitativa, que consiste na realização de entrevistas pessoais, com a aplicação de questionário estruturado junto a uma amostra representativa do eleitorado em estudo. Apresenta um levantamento estatístico por amostragem com abordagem em pontos de fluxo populacional, em residências e locais de trabalho, com entrevistas individuais, mediante questionário estruturado, com cotas de gênero, idade, grau de instrução e nível econômico, obtidos de forma probabilística. O eleitorado do Município de FEIRA DE SANTANA- BA foi tomado como público-alvo da pesquisa. Segundo dados do TSE/Agosto de 2026, o município tem 434.575 eleitores [FONTE: TSE/Agosto de 2026). A pesquisa de campo será realizada nos dias 08, 09, 10 e 11 de setembro de 2026.";"O público-alvo desta pesquisa compreende o eleitorado do Município de Feira de Santana ¿ Estado da Bahia. A amostra selecionada de acordo com a proporção populacional por gênero, idade, grau de instrução e nível econômico da população em estudo de FEIRA DE SANTANA- BA, onde as entrevistas serão realizadas pelo método PPT (Probabilidade Proporcional ao Tamanho), tomando o eleitorado como base para seleção. Em seguida os entrevistados serão selecionados nos bairros e distritos integrantes das regiões administrativas do município, zona urbana e rural, dentro da proporção populacional através de quotas amostrais, proporcionais em função de variáveis significativas, a saber: gênero, idade, grau de instrução e nível econômico. O intervalo de confiança estimado é de 95% e a margem de erro máxima estimada considerando um modelo de amostragem aleatória simples, é de 3,0955% para mais ou para menos sobre os resultados encontrados no total da amostra que será de 1.000 eleitores entrevistados para uma população total de 434.575 eleitores, obedecendo as seguintes ponderações, onde o símbolo ¿ sinaliza aproximação matemática para quantidade de eleitores: Gênero: Feminino= 55,34% = 553,39 ¿ 553 eleitores,Masculino= 44,66% = 446,61 ¿ 447 eleitores, TOTAL= 100% = 1000 ¿ 1000 eleitores [Fonte: TSE/Agosto de 2026]. Faixa Etária: 16 a 24 anos=11,74%=117,4¿117 eleitores, 25 a 34 anos=19,74%=197,4¿197 eleitores, 35 a 44 anos=21,18%=211,8¿212 eleitores, 45 a 59 anos=27,15%=271,5¿272 eleitores, Superior a 59 anos (Faixa Etária Inválida somada nesta faixa)=20,19%=201,9¿202 eleitores , TOTAL=100%=1000¿1000 eleitores [Fonte: TSE/ Agosto de 2026]. Grau de instrução: Analfabeto=2,09%=20,9¿21 eleitores, Lê E Escreve=4,98%=49,8¿50 eleitores, Ensino Fundamental Completo=18,43%=184,3¿184 eleitores, Ensino Fundamental Incompleto=35,62%=356,2¿356 eleitores, Ensino Médio Completo=16,81%=168,1¿168 eleitores, Ensino Médio Incompleto=5,73%=57,3¿57 eleitores, Superior Completo=10,04%=100,4¿101 eleitores (arredondamento p cima p ajuste do total da amostra), Superior Incompleto=6,31%=63,1¿63 eleitores, TOTAL=100,01%=1000,1¿1000 [Fonte: TSE/ Agosto de 2026]. Nível Econômico: Sem rendimento ou até 1 Salário Mínimo (SM)=72,87%=728,7¿729 eleitores , De 1 a 3 SM=22,04%=220,4¿220 eleitores , De 3 a 5 SM=3,13%=31,3¿31 eleitores , De 5 a 10 SM=1,57%=15,7¿16 eleitores , Mais de 10 SM=0,39%=3,9¿4 eleitores , TOTAL=100%=1000¿1000 eleitores [Fonte: Censo Demográfico de 2022 (SIDRA/IBGE)]. Está prevista eventual ponderação para correção das variáveis faixa etária, grau de instrução e nível econômico, com base nos percentuais acima apresentados, caso ocorram diferenças superiores a 3,09% (três, vírgula, zero nove) pontos percentuais entre o previsto na amostra e a coleta realizada, para as variáveis escolaridade e renda mensal, o fator de ponderação é igual a 1 (resultados obtidos no campo). Distribuição da amostra nas áreas de abrangência, conforme o ELO - Cadastro de Eleitores do Município, TSE, Agosto, 2026.";"Para a realização da pesquisa, será utilizada uma equipe formada de entrevistadores e um supervisor de campo devidamente treinados pela Empresa ECONOMIC, com experiência em pesquisas de opinião pública. O trabalho de campo é acompanhado ininterruptamente pelo supervisor que checa a visita nas áreas de abrangência pré-definidas visando manter o equilíbrio e a qualidade da amostra conforme as ponderações especificadas. Após o trabalho de campo, os questionários são auditados, em no mínimo 20% (vinte por cento). No escritório da empresa, antes da tabulação dos dados, todos os questionários da amostra são analisados e conferidos criteriosamente, como também as planilhas de fiscalização adotadas no trabalho de campo. A inclusão do endereço no questionário serve para facilitar a conferência da visita dos pesquisadores nos respectivos logradouros, não objetiva em hipótese alguma a identificação do(a) eleitor(a), conferido ao trabalho total cumprimento a Lei Geral de Proteção de Dados (LGPD).";"Dados relativos aos munic¿pios e bairros abrangidos pela pesquisa. Na aus¿ncia de delimita¿¿o do bairro, ser¿ identificada a ¿rea em que foi realizada a pesquisa (conforme ¿7¿. do art. 2¿. da Resolu¿¿o-TSE n¿. 23.600/2019, A partir do dia em que a pesquisa puder ser divulgada e at¿ o dia seguinte, o registro dever¿ ser complementado, sob pena de ser a pesquisa considerada n¿o registrada; na aus¿ncia de delimita¿¿o do bairro, ser¿ identificada a ¿rea em que foi realizada):
Em cumprimento ¿ Resolu¿¿o do TSE N¿ 23.600/19,ART 2¿, ¿ 7¿, I, II, III, IV, com refer¿ncia ¿s ¿reas de abrang¿ncia adotadas na pesquisa, o munic¿pio foi dividido em ¿reas de abrang¿ncia para aplica¿¿o do plano de pesquisa, quanto ao g¿nero, faixa et¿ria, escolaridade e n¿vel econ¿mico, tomando cada regi¿o administrativa do munic¿pio legalmente definidas, como um setor censit¿rio, tendo em vista que os setores censit¿rios definidos pelo IBGE para o trabalho do Censo s¿o milhares no munic¿pio, com utilidade excepcional para a realiza¿¿o do Censo, pela necessidade de contagem da popula¿¿o geral, contudo, para uma pesquisa de opini¿o de forma presencial, com amostra de apenas 1.000 indiv¿duos, a delimita¿¿o geogr¿fica por bairros e distritos integrantes das regi¿es administrativas, se faz mais adequado pelo tempo e custo. Al¿m disso, os setores censit¿rios definidos pelo IBGE para o Censo, est¿o inseridos nas respectivas regi¿es administrativas. Ressaltando ainda que ser¿ adotado o mesmo rigor t¿cnico na execu¿¿o do levantamento nos bairros e distritos pesquisados. Os dados ser¿o inseridos no sistema de registro no prazo legal. Plano amostral: G¿nero, faixa et¿ria, grau de instru¿¿o, fonte: TSE ¿ Agosto/2026. N¿vel econ¿mico, fonte: Censo Demogr¿fico de 2022 (SIDRA/IBGE)."
"28/09/2026";"05:46:54";2026;81;"Eleições Gerais 2026";"BA";"BA";"BAHIA";"BA091332026";"2026-07-28 22:53:48";"N";"39265223000116";"TML DE SOUZA PAIVA PUBLICIDADES";"PUBLIVENDE ASSSSSORIA E COMUNICACAO";"Governador, Senador";"2026-07-29 00:00:00";"2026-08-01 00:00:00";"2026-08-03 00:00:00";2000;"8532";"HILDETE ALVES DA COSTA";"21000,00";"A Pesquisa quantitativa, que consiste na realização de entrevistas, com a aplicação de questionário estruturado junto a uma amostra representativa do eleitorado referente aos municípios da Unidade da Federação. Assim como em sua parte conceitual A pesquisa será realizada em 64 municípios do Estado da Bahia, abrangendo todas as Regiões Geográficas do estado. Os municípios incluídos foram: ALAGOINHAS, AMARGOSA, ANDARAÍ, ARACI, BARREIRAS, BOM JESUS DA LAPA, BRUMADO, CACHOEIRA, CACULÉ, CAMAÇARI, CAMPO FORMOSO, CANAVIEIRAS, CÍCERO DANTAS, CONCEIÇÃO DO COITÉ, CONDEÚBA, CORRENTINA, CRUZ DAS ALMAS, ENTRE RIOS, EUCLIDES DA CUNHA, FEIRA DE SANTANA, GANDU, GUANAMBI, IBOTIRAMA, IGUAÍ, IPIAÚ, IPIRÁ, IRECÊ, ITABERABA, ITABUNA, ITAMARAJU, ITAPETINGA, JACOBINA, JAGUAQUARA, JEQUIÉ, JEREMOABO, JUAZEIRO, LIVRAMENTO DE NOSSA SENHORA, LUÍS EDUARDO MAGALHÃES, MACAÚBAS, MARACÁS, MARAGOGIPE, MONTE SANTO, NOVA REDENÇÃO, PAULO AFONSO, POÇÕES, PORTO SEGURO, PRESIDENTE TANCREDO NEVES, RIBEIRA DO POMBAL, SALVADOR, SANTA MARIA DA VITÓRIA, SANTALUZ, SANTO ANTÔNIO DE JESUS, SEABRA, SENHOR DO BONFIM, SERRINHA, SIMÕES FILHO, SOUTO SOARES, TEIXEIRA DE FREITAS, TUCANO, UBAÍRA, VALENÇA, VERA CRUZ, VITÓRIA DA CONQUISTA e XIQUE-XIQUE,  tende de esclarecer a tendência com relação à opinião eleitoral acerca dos candidatos, buscando identificar o perfil dos entrevistados, assim sendo foram analisados criteriosamente os fatores estatístico amostrais: idade, sexo, grau de instrução, faixa de renda bem como a situação domiciliar, onde fora executada a pesquisa, a fim de ter um planejamento eficiente e condizente como os recursos disponível. A amostragem será realizada pelo método PPT (Probabilidade Proporcional ao Tamanho), sendo a amostra total dividida em subamostras. Em cada subamostra será aplicada a amostragem aleatória simples, garantindo que todas as unidades da população tenham a mesma probabilidade de serem selecionadas. Esse procedimento assegura a aleatoriedade interna de cada parte da amostra e mantém a representatividade estatística do conjunto. 1- Todos os indivíduos da população têm a mesma probabilidade de ser escolhido para a amostra; e 2- Cada subconjunto possível de indivíduos (amostra) tem a mesma probabilidade de ser escolhido que qualquer outro subconjunto de indivíduos. Se quisermos sermos mais rigorosos poder-se-ia dizer que uma amostra aleatória simples é uma amostra de tamanho n desenhada a partir de uma população de tamanho N de tal maneira que cada amostra possível de tamanho n tem a mesma probabilidade de ser selecionada. A amostra será representativa dos eleitores do Estado da Bahia e será selecionada em duas etapas. Na primeira etapa realiza-se um sorteio probabilístico das localidades onde as entrevistas serão realizadas através do método PPT (Probabilidade Proporcional ao Tamanho), considerando a população com 16 anos ou mais residente nas localidades como base para essa seleção. Na segunda etapa, a seleção do entrevistado dentro da localidade será feita utilizando-se quotas amostrais proporcionais.";"Desta forma, o tamanho da amostra utilizada foi de 2.000 (Dois mil), onde fora calculado como base na população dos municípios citados. através de amostragem aleatória simples, e através de entrevistas pessoais com eleitores com 16 anos ou mais, como nos indica o plano amostral a seguir: GÊNERO: homens 47,23% e mulheres 52,77%. FAIXA ETÁRIA: de 16 a 24 anos: 13,31%, de 25 a 34 anos: 19,46%, de 35 a 44 anos 20,18%, de 45 a 59 anos: 25,11% e de 60 a mais 21,94%. ESCOLARIDADE: Analfabeto, 5,33%, lê e escreve 11,17%, Ensino fundamental incompleto 21,89%, Ensino fundamental completo 4,16%, Ensino médio incompleto 17,81%, Ensino médio completo 27,9%, Ensino superior incompleto 3,84% e Ensino superior completo 7,9%.
DE RENDA NOMINAL MENSAL: Sem Rendimento 1,53%, Até 1/2 SM 22,97%, Mais de 1/2 a 1SM 36,16%, Mais 01 até 02 salários mínimos 21,73%, Mais de 02 a 05 salários mínimos: 13,48%, Mais de 5 SM até 10 SM 2,82%, Mais de 10 a 20 SM  1% e acima de 20 SM 0,32%. A coleta de dados seguirá quotas proporcionais fixas para a variável gênero e quotas flexíveis para idade, escolaridade e renda. Será admitida uma margem de flexibilização de 4,0 (quatro vírgula zero) pontos percentuais, para mais ou para menos, nas variáveis flexíveis. Caso sejam identificadas diferenças superiores a esse limite entre a distribuição prevista na amostra e os resultados obtidos em campo, será aplicada ponderação sobre idade, escolaridade e renda, de modo a corrigir eventuais desequilíbrios na composição da amostra. Após a etapa de coleta, na fase de processamento e tabulação dos dados, será aplicado um fator de ponderação sobre as variáveis de controle, com o objetivo de ajustar possíveis desvios ocorridos durante o trabalho de campo e garantir que a amostra final fique mais próxima do perfil real da população.
Fonte dos dados: TSE ¿ junho de 2026 para Gênero, Faixa Etária e Escolaridade e IBGE Censo 2022 para Nível Econômico. O nível de confiança estimado é de 95% (noventa e cinco por cento) para uma margem de erro estimada, considerando uma técnica de amostragem aleatória simples, de aproximadamente 2,19 (Dois vírgula dezenove percentuais para mais ou para menos) sobre os resultados obtidos.
";"A organização e todos os dados foram coletados de forma transparente, respeitosa e precisa, seguindo rigorosamente os critérios estatísticos que garante a confiabilidade e facilidade de acesso a informações que busca e firmar sua opinião eleitoral acerca da temática. Para a realização da pesquisa, foi utilizada uma equipe de entrevistadores, um fiscal de campo e um supervisor devidamente treinado pela Empresa TML de Souza e Paiva Publicidades, com experiência em pesquisas de opinião pública. O trabalho de campo é acompanhado ininterruptamente por um supervisor que checa a visita nos bairros e áreas pré-definidas visando manter o equilíbrio e a qualidade da amostra conforme as ponderações especificadas. Após o trabalho de campo, os questionários são auditados, em no mínimo 20% (vinte por cento). No escritório da empresa, antes da tabulação dos dados, todos os questionários da amostra são analisados e conferidos criteriosamente, como também as planilhas de fiscalização adotadas no trabalho de campo. Haverá filtragem em todos os questionários após a realização das entrevistas. Vale enfatizar que a pesquisa será realizada de 29 de Julho a 01de Agosto do corrente ano (2026) do corrente ano, foram realizadas com pessoas entre as faixas etárias de 16 a 60 anos ou mais. Será utilizado questionários elaborados de acordo com os objetivos da pesquisa.";"A área física de realização da pesquisa é o estado da Bahia. Os municípios nos quais serão realizadas as entrevistas serão informados dentro do prazo legal previsto na Resolução-TSE nº. 23.600/2019."
"28/09/2026";"05:46:54";2026;81;"Eleições Gerais 2026";"BA";"BA";"BAHIA";"BA022242026";"2026-09-27 01:20:59";"N";"22445600000104";"QUAEST PESQUISAS, CONSULTORIA E PROJETOS LTDA.";"#NULO#";"Governador, Senador";"2026-10-02 00:00:00";"2026-10-03 00:00:00";"2026-10-03 00:00:00";2004;"6731";"Margarida Maria de Mendonca";"278556,00";"Pesquisa quantitativa, de survey, que consiste na realização de entrevistas pessoais, domiciliares e presenciais, conduzidas por profissionais treinados, com a aplicação de questionários estruturados a uma amostra representativa da população votante de 16 anos ou mais residente no estado da Bahia. O desenho amostral aplicado combina sorteio probabilístico de municípios e de setores censitários fornecidos pelo IBGE (unidades territoriais homogêneas, de tamanho similar a quadras ou blocos), dentro dos quais serão selecionadas pessoas respondentes por meio de cotas amostrais.";"O público pesquisado é composto por eleitores de 16 anos ou mais residentes na área de abrangência da pesquisa. Para produzir uma amostra representativa desse público-alvo, utilizamos um desenho amostral por conglomerados que prevê três estágios. No primeiro estágio, é feito um sorteio probabilístico de municípios para comporem a amostra por meio do método PPT (Probabilidade Proporcional ao Tamanho) a partir de suas populações votantes acima de 16 anos. Dentro da lista de municípios sorteados, no segundo estágio, é realizado um sorteio probabilístico por meio do método PPT (Probabilidade Proporcional ao Tamanho) de setores censitários a serem visitados pelos entrevistadores, sorteio que tem como base o total de habitantes residentes nos setores de acordo com dados do Censo de 2022, o que garante a dispersão aleatória e estatística da amostra dentro dos territórios municipais, independentemente de divisões administrativas. Finalmente, dentro da lista de setores censitários sorteados, no último estágio são selecionados domicílios e pessoas a serem entrevistadas utilizando-se cotas amostrais para as seguintes variáveis: sexo, idade, renda familiar e escolaridade. O perfil da amostra, definido pelas cotas previstas, é o seguinte:

Sexo: Masculino (47%); Feminino (53%).
Faixa etária: 16-34 anos (32%); 35-59 anos (46%); 60 ou mais (22%).
Renda domiciliar total, incluindo pensões, benefícios e rendimentos de trabalhos informais: Até 2 salários-mínimos (49%); Mais de 2 a 5 salários-mínimos (38%); Mais de 5 salários-mínimos (13%).
Nível de instrução: Até Fundamental completo ou médio incompleto (48%); Médio completo ou superior incompleto (39%); Superior completo ou mais (13%).

Fonte dos dados: para a distribuição de sexo e idade, TSE-Tribunal Superior Eleitoral - agosto/2026; para a malha de setores censitários, Censo 2022 (IBGE); para a distribuição de renda domiciliar, PNADc Anual 2025, 1ª visita (IBGE); e, para a distribuição de escolaridade/instrução, PNADc trimestral 2-2026 (IBGE). A PNADc é utilizada por ser a fonte oficial mais atualizada de rendimentos do país, incluindo rendimentos informais, pensões, entre outros, e corrigindo as defasagens temporais do Censo 2022, além de ser a fonte mais atualizada de nível de instrução da população com 16 anos ou mais dada ausência de atualização obrigatória da escolaridade no registro de eleitores do TSE.

Está prevista eventual pós-estratificação da amostra, por meio de algoritmos de calibração (rake) e modelos (MrP e likely voter), para correção (1) de estimativas, (2) das distribuições de variáveis que medem o perfil da população e (3) percentual do eleitorado propenso a votar.

Dentro do público-alvo anteriormente descrito, serão realizadas 2.004 entrevistas. O nível de confiança das estimativas é de 95% e a margem de erro máxima prevista, atendendo às diretivas do TSE e usando o cálculo para amostra aleatória simples (AAS) como aproximação, é de cerca de 2 pontos percentuais para mais ou para menos em relação aos totais da amostra.

Pagante (s) do trabalho: CNPJ 13425269000161 - TELEVISAO BAHIA S.A. / TV BAHIA";"As entrevistas serão realizadas por uma equipe de entrevistadores devidamente qualificada, com experiência e treinamento em pesquisa de opinião pública. Todo trabalho é feito em tablets ou outros dispositivos eletrônicos. Após a realização da coleta de dados, as entrevistas junto aos respondentes são checadas por meio de procedimentos de consistência e de georreferenciamento dos locais de aplicação em tempo real. Adicionalmente, ao longo e após os trabalhos de campo, é realizada uma fiscalização que consiste na checagem de áudio de uma amostra de 30% dos questionários aplicados para verificação das respostas e da adequação dos entrevistados aos parâmetros amostrais.";"A área de abrangência da coleta é o território do estado da Bahia. A relação do número de pessoas pesquisadas nas áreas de aplicação da pesquisa, discriminadas por município, bairros e setores censitários a partir dos identificadores utilizados pelo IBGE, além da composição do eleitorado entrevistado na área de abrangência quanto a gênero, idade, grau de instrução e nível econômico, constará em anexo. O mapa com os códigos destes setores censitários e as áreas que delimitam no país todo podem ser conferidos na seguinte fonte oficial: https://censo2022.ibge.gov.br/panorama/mapas.html?localidade=&recorte=setores_censitarios"
"28/09/2026";"05:46:54";2026;81;"Eleições Gerais 2026";"BA";"BA";"BAHIA";"BA018602026";"2026-04-16 10:38:45";"S";"61362466000121";"MEDIA - INTELIGENCIA EM PESQUISA LTDA";"MEDIA - INTELIGENCIA EM PESQUISA";"Governador, Deputado Federal, Deputado Estadual";"2026-04-16 00:00:00";"2026-04-21 00:00:00";"2026-04-22 00:00:00";600;"7655";"AUGUSTO DA SILVA ROCHA";"6000,00";"A pesquisa cobrirá o município envolvendo todas regiões do município de Eunápolis/BA. Universo da pesquisa será dos eleitores com 16 anos ou mais. A amostra representará os eleitores do Município, selecionados em 2(dois) estágios. No primeiro estágio, os setores censitários, onde as entrevistas serão realizadas, foram selecionadas, probabilisticamente, através do método PPT - Probabilidade Proporcional ao Tamanho, tomando o número de eleitores como base para seleção. No segundo estágio, a seleção do entrevistado, dentro do setor censitário, será feita utilizando-se quotas proporcionais, e a abordagem será domiciliar.";"Utilizamos quotas proporcionais, em função das seguintes variáveis: 
Gênero: FEMININO	53,22%	;
MASCULINO	46,78%	
; 
Faixa etária:   16 a 24 anos	12,63%	;
25 a 34 anos	19,73%	;
35 a 44 anos	22,09%	;
45 a 59 anos	25,58%	;
60 anos ou mais	19,97%	
 ;
 Grau de instrução:   ANALFABETO	4,77%	;
ENSINO FUNDAMENTAL COMPLETO	4,32%	;
ENSINO FUNDAMENTAL INCOMPLETO	21,01%	;
ENSINO MÉDIO COMPLETO	27,13%	;
ENSINO MÉDIO INCOMPLETO	21,00%	;
LÊ E ESCREVE	9,17%	;
SUPERIOR COMPLETO	8,39%	;
SUPERIOR INCOMPLETO	4,21%	
 ; 
Renda familiar:   Até 1/2 salário mínimo	3,5%	;
Mais de 1/2 a 1 salário mínimo	22,0%	;
Mais de 1 a 2 salários mínimos	27,2%	;
Mais de 2 a 5 salários mínimos	29,5%	;
Mais de 5 a 10 salários mínimos	9,2%	;
Mais de 10 a 20 salários mínimos	3,1%	;
Mais de 20 salários mínimos	1,1%	;
Sem rendimento	4,4%	
 ; 
Fonte dos dados: 
TSE-Tribunal Superior Eleitoral/ mar2026; 
IBGE-Censo 2010-IBGE-CENSO 2022 (IBGE/Censo 2010 - Classe de rendimento nominal mensal domiciliar) ;
https://sig.tse.jus.br/ords/dwapr/r/seai/sig-eleitor-eleitorado-mensal/cruzamento-eleitorado-mensal?p24_metricas=E&p24_back=22&p24_cruzamento_1=ds_sexo&clear=24&session=214894312705751;   https://sig.tse.jus.br/ords/dwapr/r/seai/sig-eleitor-eleitorado-mensal/cruzamento-eleitorado-mensal?p24_cruzamento_1=ds_faixa_etaria&p24_metricas=E&p24_back=22&clear=24&session=214894312705751;   https://sig.tse.jus.br/ords/dwapr/r/seai/sig-eleitor-eleitorado-mensal/cruzamento-eleitorado-mensal?p24_cruzamento_1=ds_grau_instrucao&p24_metricas=E&p24_back=22&clear=24&session=214894312705751;   https://cidades.ibge.gov.br/brasil/ba/eunapolis/pesquisa/23/24304?detalhes=true.   
""Está prevista eventual ponderação da amostra para correção das variáveis sexo, idade, renda familiar e escolaridade com base nos percentuais anteriormente mencionados, caso ocorram diferenças entre os percentuais previstos na amostra e a coleta de dados realizada. Dentro do público-alvo, serão realizadas 600 entrevistas. 
O nível de confiança estimado é de 95% e a margem de erro máxima prevista, baseada em uma amostra aleatória simples (AAS), é de cerca de 4,0 pontos percentuais para mais ou para menos em relação aos totais da amostra. Nível Econômico: IBGE (Censo/2010) - Observação: Conforme informações obtidas do Instituto Brasileiro de Geografia e Estatística, o IBGE, não divulgou - e não tem previsão - de data para divulgação do perfil econômico (nível econômico) da população brasileira; portanto, os dados quanto ao nível econômico obtidos no Censo 2022, não podem ser utilizados, pois não foram publicados.""
";"Para a realização da pesquisa, utiliza-se uma equipe de entrevistadores e supervisores credenciados devidamente treinados pela empresa para esse tipo de pesquisa. Após os trabalhos de campo, 100% dos questionários são criticados e passam por uma fiscalização de cerca de 20% (vinte por cento) dos questionários aplicados por cada entrevistador; para verificação da consistência das respostas e da adequação dos entrevistados aos parâmetros amostrais.";"A relação das localidades e setores censitários selecionadas para aplicação da amostra será apresentada a partir do dia em que a pesquisa puder ser divulgada e até o dia seguinte, conforme expresso no art. 2º, §7º da Resolução 23.600/2019 do TSE."
"28/09/2026";"05:46:54";2026;81;"Eleições Gerais 2026";"BA";"BA";"BAHIA";"BA033572026";"2026-09-27 21:35:44";"S";"51772470000104";"INSTITUTO DATATRENDS LTDA";"DATATRENDS";"Governador, Senador";"2026-09-29 00:00:00";"2026-10-01 00:00:00";"2026-10-03 00:00:00";1200;"10663";"Ythalo Hugo da Silva Santos";"15000,00";"Pesquisa quantitativa por amostragem, com seleção probabilística de contatos telefônicos no âmbito da base amostral, estratificada pelas Regiões Geográficas Imediatas do Estado da Bahia, realizada por meio de questionário estruturado aplicado via contatos telefônicos fixos e móveis, com abrangência estadual. A estratificação regional será definida com base na distribuição do eleitorado, conforme dados oficiais do Tribunal Superior Eleitoral (TSE), referentes a agosto de 2026, adotando-se como referência a divisão territorial do Instituto Brasileiro de Geografia e Estatística (IBGE) em Regiões Geográficas Imediatas, com os municípios agregados ao respectivo estrato. A seleção dos contatos será realizada de forma aleatória e automatizada a partir de banco próprio de números telefônicos fixos e móveis, com cobertura estadual, observadas as disposições da Lei nº 13.709/2018 (Lei Geral de Proteção de Dados). Essa base constitui instrumento operacional para seleção dos contatos e não é utilizada como fonte dos parâmetros populacionais do plano amostral e da ponderação, que são obtidos em fontes públicas oficiais do TSE e do IBGE. Os contatos encontram-se previamente classificados por área geográfica para organização dos estratos e do sorteio. Durante a entrevista, após a confirmação de que possui título de eleitor e vota na Bahia, o respondente informa o município em que vota, sendo essa informação registrada eletronicamente e utilizada para o enquadramento territorial da entrevista e para a verificação da consistência da amostra. Também serão coletados, de forma separada, o município de residência atual e o bairro, distrito, povoado ou localidade de residência informado pelo respondente. Essas informações de residência terão finalidade territorial complementar e descritiva e não serão utilizadas como critério de elegibilidade, seleção, cota, estratificação ou ponderação. Eventual divergência entre o município de residência e o município em que o entrevistado vota não altera a elegibilidade da entrevista; para fins do desenho amostral, da classificação nos estratos e da ponderação territorial, será utilizado o município em que o respondente declara votar. A seleção ocorre por sorteio aleatório dos contatos dentro de cada estrato, sem direcionamento por preferência política ou intenção de voto, de modo que todos os registros telefônicos integrantes da base amostral tenham, dentro do respectivo estrato, probabilidade conhecida e não nula de serem selecionados para contato. A elegibilidade eleitoral é confirmada durante a entrevista. O universo da pesquisa é composto por eleitores com 16 anos ou mais, com título eleitoral e aptos a votar no Estado da Bahia. A base é submetida a procedimentos de tratamento, deduplicação e aleatorização. Nas perguntas estimuladas, a ordem de apresentação dos nomes será rotacionada automaticamente pelo sistema de coleta, com o objetivo de reduzir viés de ordem.";"A pesquisa terá 1.200 entrevistas. A amostra será estratificada pelas Regiões Geográficas Imediatas do IBGE, com alocação proporcional ao tamanho do eleitorado de cada estrato. A participação de cada Região Geográfica Imediata será obtida a partir da soma do eleitorado dos municípios que a compõem, utilizando dados oficiais do TSE referentes a agosto de 2026, e a seleção dos contatos telefônicos será realizada aleatoriamente dentro de cada estrato, a partir de base com cobertura estadual. As entrevistas serão realizadas por sistema telefônico automatizado (URA), com respostas por teclado e, quando previsto no questionário, por voz. A composição territorial da amostra será acompanhada durante a coleta com base no município em que o entrevistado declara votar, agregado à respectiva Região Geográfica Imediata. A coleta do município de residência e do bairro, distrito, povoado ou localidade de residência terá caráter exclusivamente complementar e não alterará o tamanho da amostra, a alocação proporcional, os estratos de seleção ou as variáveis utilizadas na ponderação. Na apresentação final dos resultados, os dados serão ponderados para ajuste aos parâmetros de gênero, faixa etária, grau de instrução e nível econômico, bem como à distribuição territorial de referência, definida pela participação do eleitorado de cada Região Geográfica Imediata. Serão utilizados como parâmetros populacionais os dados do Tribunal Superior Eleitoral (TSE), referentes ao eleitorado da Bahia em agosto de 2026, para gênero, faixa etária e grau de instrução. Para gênero: masculino, 47,2%; feminino, 52,8%. Para idade, considerando o universo com 16 anos ou mais e excluídos da apuração dessa variável os registros de 15 anos e de idade inválida: 16 a 24 anos, 12,9%; 25 a 34 anos, 19,2%; 35 a 44 anos, 20,2%; 45 a 59 anos, 26,2%; e 60 anos ou mais, 21,5%. Para grau de instrução, as categorias detalhadas do TSE serão agregadas em: analfabeto/lê e escreve, 16,5%; Ensino Fundamental, 26,1%; Ensino Médio, 45,7%; e Ensino Superior, 11,7%, desconsiderada, para formação desses quatro grupos, a categoria residual ¿não informado¿. Para nível econômico será utilizada como fonte pública a Tabela SIDRA 10296 do Censo Demográfico 2022 do IBGE, referente às classes de rendimento nominal mensal domiciliar per capita: sem rendimento ou até 2 salários mínimos por pessoa, 92%; mais de 2 até 5 salários mínimos por pessoa, 6%; e mais de 5 salários mínimos por pessoa, 2%. A categoria ¿sem rendimento¿, coletada separadamente, será agregada à primeira faixa para fins de ponderação. As respostas ¿não quero informar¿ serão mantidas como recusa de informação, sem imputação a qualquer faixa de renda. Esses casos serão excluídos apenas do cálculo do ajuste referente à dimensão nível econômico, permanecendo válidos e sujeitos aos ajustes das demais variáveis de ponderação. Os parâmetros de 92%, 6% e 2% serão aplicados às entrevistas com informação econômica válida. Os fatores de ponderação serão calculados após a coleta por procedimento de calibração sucessiva (raking/IPF), com ajustes iterativos das margens de gênero, faixa etária, grau de instrução, nível econômico e distribuição territorial até a convergência aos parâmetros de referência definidos. O fator igual a 1, quando ocorrer, representará a manutenção do peso original da observação naquela dimensão ou categoria. O desenho não utiliza seleção por conglomerados ou múltiplos estágios territoriais; eventual efeito decorrente dos pesos finais de ponderação será avaliado após a coleta. A margem de erro máxima convencional de referência para os resultados globais é de aproximadamente 2,83 pontos percentuais, para mais ou para menos, considerando 1.200 entrevistas, nível de confiança de 95% e máxima variabilidade das proporções (p = 0,50). Após a coleta e a aplicação da ponderação, serão avaliados os pesos finais e eventual acréscimo de variância decorrente do procedimento de calibração.";"A coleta de dados será realizada por meio de sistema telefônico automatizado, com aplicação de questionário estruturado e registro eletrônico das respostas informadas pelo entrevistado. O sistema interno de controle e verificação da coleta será composto pelos registros gerados automaticamente pela plataforma de telefonia e pelo sistema de coleta, permitindo a conferência posterior das entrevistas realizadas. Para cada tentativa de contato e entrevista concluída serão mantidos, quando aplicável, registros de data e horário da chamada, número telefônico acionado, status da ligação, duração, identificação da versão do questionário, respostas registradas, município em que o entrevistado declara votar, município de residência atual e bairro, distrito, povoado ou localidade de residência informados, conclusão ou interrupção da entrevista e resultado dos filtros de elegibilidade. As informações territoriais declaradas poderão ser submetidas a padronização e codificação posterior, preservado o conteúdo originalmente informado pelo respondente. O sistema adotará mecanismos para evitar duplicidades, incluindo limitação de uma entrevista válida por número telefônico, identificação de registros repetidos e exclusão de entrevistas incompletas, inconsistentes ou inelegíveis. Serão considerados elegíveis apenas os respondentes com 16 anos ou mais que confirmarem possuir título eleitoral e votar no Estado da Bahia. Após a coleta, o banco de dados será submetido a procedimentos de crítica, conferência e validação, com verificação da consistência das respostas, do tempo de duração das entrevistas, da distribuição territorial da amostra, do preenchimento das variáveis de perfil e da compatibilidade com os filtros aplicados no questionário. Entrevistas com inconsistências, duplicidades, ausência de confirmação de elegibilidade ou tempo incompatível com a aplicação regular do questionário poderão ser desconsideradas da base final. A fiscalização interna será realizada por meio da análise dos bancos de respostas, registros de chamadas e logs do sistema, possibilitando a rastreabilidade da coleta, a conferência das entrevistas válidas e o acompanhamento da composição amostral. Os dados e registros necessários à verificação serão mantidos sob guarda da empresa responsável, observados os prazos legais e as normas aplicáveis à pesquisa eleitoral e à proteção de dados pessoais.";"Na metodologia telefônica adotada, o município em que o entrevistado declara votar será utilizado para o enquadramento da entrevista no desenho amostral, no acompanhamento da composição da amostra e na ponderação territorial, mediante agregação à respectiva Região Geográfica Imediata do IBGE. A classificação territorial previamente disponível na base de contatos será utilizada como informação auxiliar para organização do sorteio e controle de consistência; em caso de divergência, para fins do enquadramento amostral prevalecerá o município em que o próprio respondente declara votar. De forma separada, o questionário coletará o município de residência atual e o bairro, distrito, povoado ou localidade de residência informado pelo respondente. Essas informações terão finalidade territorial complementar e descritiva, não constituindo unidade de seleção, cota, estratificação ou ponderação. Em caso de divergência entre residência atual e município de votação, ambas as informações serão preservadas no banco de dados, com funções distintas: o município em que o entrevistado declara votar será a referência do desenho amostral e da ponderação territorial; o município e o bairro/localidade de residência serão utilizados para descrever a abrangência territorial efetivamente declarada pelos respondentes. Para fins da complementação prevista no art. 2º, § 7º, III, da Resolução-TSE nº 23.600/2019, serão informados os municípios e os bairros, distritos, povoados, localidades ou áreas abrangidos conforme as informações de residência declaradas pelos respondentes, mantendo-se a associação do bairro/localidade ao respectivo município de residência. A padronização da delimitação geográfica observará a divisão político-administrativa estabelecida em ato normativo oficial do respectivo ente federativo e, quando inexistente divisão territorial formalmente fixada, outra fonte pública idônea, nos termos do § 7º-E. A metodologia telefônica não coleta endereço residencial completo nem coordenada geográfica do respondente, e o número telefônico, especialmente móvel, não possui vinculação necessária e tecnicamente segura com setor censitário. A informação de município, bairro ou localidade, isoladamente, também não permite atribuir de forma universal e inequívoca cada entrevista a um setor censitário. Por essa razão, nos termos do art. 2º, § 7º-F, será apresentada justificativa técnica para a impossibilidade de identificação universal por setor censitário, informando-se como unidades territoriais compatíveis efetivamente utilizadas no desenho e no controle da amostra o município em que o entrevistado declara votar e sua correspondente Região Geográfica Imediata do IBGE, bem como os procedimentos de controle e ponderação territorial aplicados. A partir do dia em que a pesquisa puder ser divulgada e até o dia seguinte, o registro será complementado no PesqEle com os municípios e bairros/localidades abrangidos, as informações territoriais compatíveis com a metodologia adotada e a composição final da amostra quanto a gênero, idade, grau de instrução e nível econômico, acompanhadas da justificativa técnica relativa à impossibilidade de identificação universal por setor censitário."
"28/09/2026";"05:46:54";2026;81;"Eleições Gerais 2026";"BA";"BA";"BAHIA";"BA077352026";"2026-02-18 22:13:59";"N";"39265223000116";"TML DE SOUZA PAIVA PUBLICIDADES";"PUBLIVENDE ASSSSSORIA E COMUNICACAO";"Governador, Senador";"2026-02-18 00:00:00";"2026-02-21 00:00:00";"2026-02-24 00:00:00";2045;"8532";"HILDETE ALVES DA COSTA";"28000,00";"Pesquisa quantitativa, que consiste na realização de entrevistas, com a aplicação de questionário estruturado junto a uma amostra representativa do eleitorado referente aos municípios da Unidade da Federação. Assim como em sua parte conceitual a pesquisa realizada nos municípios do Estado da Bahia sendo eles Alagoinhas, Andaraí, Araci, Barreiras, Biritinga, Boa Nova, Cairu, Camamu, Camaçari, Cansanção, Casa Nova, Conceição do Coité, Cruz das Almas, Dias d¿Ávila, Eunápolis, Euclides da Cunha, Feira de Santana, Guanambi, Igrapiúna, Irecê, Ilhéus, Itabuna, Itagimirim, Itapébi, Jacobina, Jaguaquara, Jequié, Jitaúna, Juazeiro, Lauro de Freitas, Lençóis, Luís Eduardo Magalhães, Manoel Vitorino, Maracás, Monte Santo, Morro do Chapéu, Mulungu do Morro, Palmeiras, Paulo Afonso, Piatã, Planaltino, Quijingue, Remanso, Rio de Contas, Salvador, Santo Antônio de Jesus, São Desidério, São Miguel das Matas, Seabra, Serrinha, Simões Filho, Taperoá, Teixeira de Freitas, Tucano, Uauá, Una, Valença e Wenceslau Guimaraes, tende de esclarecer a tendência com relação à opinião eleitoral a cercada dos candidatos, buscando identificar o perfil dos entrevistados, assim sendo foram analisados criteriosamente os fatores estatístico amostrais: idade, sexo, grau de instrução, faixa de renda bem como a situação da cidade onde fora executada a pesquisa, a fim de ter um planejamento eficiente e condizente como os recursos disponível. Amostragem aleatória simples, método PPT (Probabilidade Proporcional ao Tamanho), consiste em uma amostragem onde um conjunto de indivíduos podem ser selecionados totalmente ao acaso a partir de um conjunto maior (a população) por um processo que garanta: 1- Todos os indivíduos da população têm a mesma probabilidade de ser escolhido para a amostra; e 2- Cada subconjunto possível de indivíduos (amostra) tem a mesma probabilidade de ser escolhido que qualquer outro subconjunto de indivíduos. Se quisermos sermos mais rigorosos poder-se-ia dizer que uma amostra aleatória simples é uma amostra de tamanho n desenhada a partir de uma população de tamanho N de tal maneira que cada amostra possível de tamanho n tem a mesma probabilidade de ser selecionada. A amostra será representativa dos eleitores das áreas pesquisadas e será selecionada em duas etapas. Na primeira etapa realiza-se um sorteio probabilístico das localidades onde as entrevistas serão realizadas através do método PPT (Probabilidade Proporcional ao Tamanho), considerando a população com 16 anos ou mais residente nas localidades como base para essa seleção. Na segunda etapa, a seleção do entrevistado dentro da localidade será feita utilizando-se quotas amostrais proporcionais.";"Plano amostral e ponderação quanto a sexo, idade, grau de instrução e nível econômico do entrevistado; intervalo de confiança e margem de erro: Desta forma, o tamanho da amostra utilizada foi de 2045 (Dois mil e quarenta e cinco), onde fora calculado como base na população dos municípios citados. Através de amostragem aleatória simples, e através de entrevistas pessoais com eleitores com 16 anos ou mais, como nos indica o plano amostral a seguir: GÊNERO: homens 47,22% e mulheres 52,78%. FAIXA ETÁRIA: de 16 a 24 anos: 12,6%, de 25 a 34 anos: 19,47%, de 35 a 44 anos 20,77%, de 45 a 59 anos: 26,08% e de 60 a mais 21,08%. ESCOLARIDADE: Analfabeto, 5,43%, lê e escreve 11,43%, Ensino fundamental incompleto 22,14%, Ensino fundamental completo 4,2%, Ensino médio incompleto 17,01%, Ensino médio completo 27,95%, Ensino superior incompleto 3,84% e Ensino superior completo 8%. DE RENDA NOMINAL MENSAL: Sem Rendimento 1,53%, Até 1/2 SM 22,97%, Mais de 1/2 a 1SM 36,15%, Mais 1 até 02 salários mínimos 21,73%, Mais de 02 a 05 salários mínimos: 13,48%, Mais de 5 SM até 10 SM 2,84%, Mais de 10 a 20 SM 1% e acima de 20 SM 0,32%. Está prevista eventual ponderação para correção das variáveis gênero e faixa etária, com base nos percentuais acima apresentados, caso ocorram diferenças superiores a 4,0 (quatro vírgulas zero) pontos percentuais entre o previsto na amostra e a coleta realizada, para as variáveis escolaridade e renda domiciliar mensal, o fator de ponderação é igual a 1 (resultados obtidos no campo). Fonte dos dados: TSE ¿ janeiro de 2026 para Faixa Etária/Escolaridade/Gênero e IBGE Censo 2022 para Nível Econômico. "". O nível de confiança estimado é de 95% (noventa e cinco por cento) para uma margem de erro estimada, considerando uma técnica de amostragem aleatória simples, de aproximadamente 2,17 (Dois virgula dezessete pontos percentuais para mais ou para menos) sobre os resultados obtidos.";"A organização e todos os dados foram coletados de forma transparente, respeitosa e precisa, seguindo rigorosamente os critérios estatísticos que garante a confiabilidade e facilidade de acesso a informações que busca e firmar sua opinião eleitoral acerca da temática. Para a realização da pesquisa, foram utilizadas equipes de entrevistadores, organizadas por rotas previamente definidas em cada município, contando cada equipe com o acompanhamento de fiscais de campo e supervisores devidamente treinados pela Empresa TML de Souza Paiva Publicidade, todos com experiência em pesquisas de opinião pública. O trabalho de campo é acompanhado de forma contínua pelos supervisores responsáveis, que realizam a checagem das visitas nos bairros e localidades determinadas no plano amostral. Após o trabalho de campo, os questionários são auditados, em no mínimo 20% (vinte por cento). No escritório da empresa, antes da tabulação dos dados, todos os questionários da amostra são analisados e conferidos criteriosamente, como também as planilhas de fiscalização adotadas no trabalho de campo. Houve filtragem em todos os questionários após a realização das entrevistas. Vale enfatizar que a pesquisa foi realizada de 18 a 21 de fevereiro do corrente ano, foram realizadas com pessoas entre as faixas etárias de 16 a 60 anos ou mais. Utilizou-se questionários elaborados de acordo com os objetivos da pesquisa.";"A área física de realização da pesquisa é o estado da Bahia. Os municípios nos quais serão realizadas as entrevistas serão informados dentro do prazo legal previsto na Resolução-TSE nº. 23.600/2019

"
"28/09/2026";"05:46:54";2026;81;"Eleições Gerais 2026";"BA";"BA";"BAHIA";"BA036192026";"2026-05-07 19:18:07";"N";"81908345000140";"INSTITUTO PARANA DE PESQUISAS E ANALISE DE CONSUMIDOR LTDA";"#NULO#";"Senador";"2026-05-10 00:00:00";"2026-05-12 00:00:00";"2026-05-13 00:00:00";1510;"10245 - 4ª Região";"Tatiani Cristina Ara";"45000,00";"Pesquisa com metodologia quantitativa, com a realização de entrevistas pessoais, domiciliares e presenciais, utilizando questionário estruturado junto a uma amostra representativa do eleitorado do Estado da Bahia.


";"""A amostra será representativa do eleitorado da área pesquisada e será selecionada em três etapas. Na primeira etapa realiza-se um sorteio probabilístico dos municípios onde as entrevistas serão realizadas através do método PPT (Probabilidade Proporcional ao Tamanho), considerando a população eleitora com 16 anos ou mais residente nos municípios como base para essa seleção. Na segunda etapa, faz-se um sorteio probabilístico das localidades, onde as entrevistas serão realizadas, através do método PPT (Probabilidade Proporcional ao Tamanho), tomando a população eleitora de 16 anos ou mais residente nas localidades como base para essa seleção. Na terceira etapa, a seleção do entrevistado dentro da localidade, será feita utilizando-se quotas amostrais proporcionais, em função das seguintes variáveis:
GÊNERO: TSE Abril 2026 (https://sig.tse.jus.br/ords/dwapr/r/seai/sig-eleitor-eleitorado-mensal/cruzamento-eleitorado-mensal?p24_metricas=E&p24_back=22&p24_cruzamento_1=ds_sexo&clear=24&p0_uf=BA&p0_mes=3&debug=LEVEL5&session=312990078978641)
Masculino - 47%; |
Feminino - 53%; |
FAIXA ETÁRIA: TSE Abril 2026 (https://sig.tse.jus.br/ords/dwapr/r/seai/sig-eleitor-eleitorado-mensal/cruzamento-eleitorado-mensal?p24_cruzamento_1=ds_faixa_etaria&p24_metricas=E&p24_back=22&clear=24&p0_uf=BA&p0_mes=3&debug=LEVEL5&session=8904950028837)
Entre 16 e 24 anos: 13%; |
Entre 25 e 34 anos: 19%; |
Entre 35 e 44 anos: 21%; |
Entre 45 e 59 anos: 26%; |
Com 60 anos ou mais: 21%; |
ESCOLARIDADE: TSE Abril 2026 (https://sig.tse.jus.br/ords/dwapr/r/seai/sig-eleitor-eleitorado-mensal/cruzamento-eleitorado-mensal?p24_cruzamento_1=ds_grau_instrucao&p24_metricas=E&p24_back=22&clear=24&p0_uf=BA&p0_mes=3&debug=LEVEL5&session=309383598034615)
De analfabeto até ensino fundamental completo: 43%; |
Ensino médio incompleto ou completo: 45% |
Ensino superior incompleto ou completo: 12% |
RENDA DOMICILIAR MENSAL:  (https://cidades.ibge.gov.br/brasil/ba/pesquisa/23/24304) IBGE - Censo 2010. Observação: Conforme informações obtidas do Instituto Brasileiro de Geografia e Estatística, o IBGE, não divulgou - e não tem previsão - de data para divulgação do perfil econômico (nível econômico) da população brasileira; portanto, os dados quanto ao nível econômico obtidos no Censo 2022, não podem ser utilizados, pois não foram publicados. (https://censo2022.ibge.gov.br/panorama/)
Sem rendimentos até 2 salários mínimos: 67% |
Mais de 2 a 5 salários mínimos: 23% |
Mais de 5 salários mínimos: 10% |
Está prevista eventual ponderação para correção das variáveis gênero e faixa etária, com base nos percentuais acima apresentados, caso ocorram diferenças superiores a 3,0 (três) pontos percentuais entre o previsto na amostra e a coleta realizada; para as variáveis escolaridade e renda domiciliar mensal, o fator de ponderação é igual a 1 (resultados obtidos no campo). O nível de confiança estimado é de 95% (noventa e cinco por cento) para uma margem de erro estimada, considerando uma técnica de amostragem aleatória simples, de aproximadamente 2,6 (dois vírgula seis) pontos percentuais para mais ou para menos sobre os resultados obtidos.""





";"""As entrevistas serão conduzidas por uma equipe de entrevistadores e supervisores devidamente qualificados pelo Instituto Paraná Pesquisas, todos com experiência e treinamento específico em pesquisas de opinião pública. 
Controle: O controle do processo será realizado por meio de um software de coleta de dados, o qual permitirá o monitoramento garantindo o cumprimento das cotas amostrais.
Conferência e Fiscalização: Durante a coleta de dados os questionários aplicados são fiscalizados e conferidos através de um supervisor.   
Adicionalmente, pelo menos 30% dos questionários passarão por uma verificação posterior, que avaliará a precisão na aplicação e a adequação dos entrevistados às variáveis das quotas amostrais. Ou seja, no mínimo 453 entrevistas desta pesquisa serão auditadas pela equipe de qualidade do Instituto Paraná Pesquisas, podendo essa auditoria ser solicitada ao Instituto a qualquer momento.
Verificação: Após a coleta, os questionários passam por uma etapa de verificação e validação dos dados, para garantir a integridade e precisão dos dados coletados.""





";" ""A pesquisa será realizada no Estado da Bahia, a relação dos dados relativos aos municípios e às localidades será apresentada até o dia seguinte à data a partir da qual a pesquisa puder ser divulgada, conforme §7º do art. 2º da Resolução-TSE nº. 23.600/2019""





"
"28/09/2026";"05:46:54";2026;81;"Eleições Gerais 2026";"BA";"BA";"BAHIA";"BA023312026";"2026-07-23 20:05:10";"N";"22445600000104";"QUAEST PESQUISAS, CONSULTORIA E PROJETOS LTDA.";"#NULO#";"Governador, Senador";"2026-07-23 00:00:00";"2026-07-27 00:00:00";"2026-07-29 00:00:00";1200;"6731";"Margarida Maria de Mendonca";"246482,02";"Pesquisa quantitativa, de survey, que consiste na realização de entrevistas pessoais, domiciliares e presenciais, conduzidas por profissionais treinados, com a aplicação de questionários estruturados a uma amostra representativa da população votante de 16 anos ou mais residente no estado da Bahia. O desenho amostral aplicado combina sorteio probabilístico de municípios e de setores censitários fornecidos pelo IBGE (unidades territoriais homogêneas, de tamanho similar a quadras ou blocos), dentro dos quais serão selecionadas pessoas respondentes por meio de cotas amostrais.";"O público pesquisado é composto por eleitores de 16 anos ou mais residentes na área de abrangência da pesquisa. Para produzir uma amostra representativa desse público-alvo, utilizamos um desenho amostral por conglomerados que prevê três estágios. No primeiro estágio, é feito um sorteio probabilístico de municípios para comporem a amostra por meio do método PPT (Probabilidade Proporcional ao Tamanho) a partir de suas populações votantes acima de 16 anos. Dentro da lista de municípios sorteados, no segundo estágio, é realizado um sorteio probabilístico por meio do método PPT (Probabilidade Proporcional ao Tamanho) de setores censitários a serem visitados pelos entrevistadores, sorteio que tem como base o total de habitantes residentes nos setores de acordo com dados do Censo de 2022, o que garante a dispersão aleatória e estatística da amostra dentro dos territórios municipais, independentemente de divisões administrativas. Finalmente, dentro da lista de setores censitários sorteados, no último estágio são selecionados domicílios e pessoas a serem entrevistadas utilizando-se cotas amostrais para as seguintes variáveis: sexo, idade, renda familiar e escolaridade. O perfil da amostra, definido pelas cotas previstas, é o seguinte:

Sexo: Masculino (47%); Feminino (53%). 
Faixa etária: 16-34 anos (32%); 35-59 anos (46%); 60 ou mais (22%). 
Renda domiciliar total, incluindo pensões, benefícios e rendimentos de trabalhos informais: Até 2 salários-mínimos (49%); Mais de 2 a 5 salários-mínimos (38%); Mais de 5 salários-mínimos (13%). 
Nível de instrução: Até Fundamental completo ou médio incompleto (48%); Médio completo ou superior incompleto (39%); Superior completo ou mais (13%). 

Fonte dos dados: para a distribuição de sexo e idade, TSE-Tribunal Superior Eleitoral - julho/2026; para a malha de setores censitários, Censo 2022 (IBGE); para a distribuição de renda domiciliar, PNADc Anual 2025, 1ª visita (IBGE); e, para a distribuição de escolaridade/instrução, PNADc trimestral 1-2026 (IBGE). A PNADc é utilizada por ser a fonte oficial mais atualizada de rendimentos do país, incluindo rendimentos informais, pensões, entre outros, e corrigindo as defasagens temporais do Censo 2022, além de ser a fonte mais atualizada de nível de instrução da população com 16 anos ou mais dada ausência de atualização obrigatória da escolaridade no registro de eleitores do TSE.

Está prevista eventual pós-estratificação da amostra, por meio de algoritmos de calibração (rake) e modelos (MrP), para correção de estimativas e das distribuições das variáveis sexo, idade, renda familiar e escolaridade, com base nos percentuais anteriormente mencionados, caso ocorram diferenças entre os percentuais previstos na amostra e a coleta de dados realizada. 

Dentro do público-alvo anteriormente descrito, serão realizadas 1.200 entrevistas. O nível de confiança das estimativas é de 95% e a margem de erro máxima prevista, atendendo às diretivas do TSE e usando o cálculo para amostra aleatória simples (AAS) como aproximação, é de cerca de 3 pontos percentuais para mais ou para menos em relação aos totais da amostra.";"As entrevistas serão realizadas por uma equipe de entrevistadores devidamente qualificada, com experiência e treinamento em pesquisa de opinião pública. Todo trabalho é feito em tablets ou outros dispositivos eletrônicos. Após a realização da coleta de dados, as entrevistas junto aos respondentes são checadas por meio de procedimentos de consistência e de georreferenciamento dos locais de aplicação em tempo real. Adicionalmente, ao longo e após os trabalhos de campo, é realizada uma fiscalização que consiste na checagem de áudio de uma amostra de 30% dos questionários aplicados para verificação das respostas e da adequação dos entrevistados aos parâmetros amostrais.";"A área de abrangência da coleta é o território do estado da Bahia. A relação do número de pessoas pesquisadas nas áreas de aplicação da pesquisa, discriminadas por município, bairros e setores censitários a partir dos identificadores utilizados pelo IBGE, além da composição do eleitorado entrevistado na área de abrangência quanto a gênero, idade, grau de instrução e nível econômico, constará em anexo. O mapa com os códigos destes setores censitários e as áreas que delimitam no país todo podem ser conferidos na seguinte fonte oficial: https://censo2022.ibge.gov.br/panorama/mapas.html?localidade=&recorte=setores_censitarios"
"28/09/2026";"05:46:54";2026;81;"Eleições Gerais 2026";"BA";"BA";"BAHIA";"BA024252026";"2026-09-24 09:57:04";"N";"19259002000128";"ATLASINTEL TECNOLOGIA DE DADOS LTDA";"ATLASINTEL";"Governador, Senador";"2026-09-24 00:00:00";"2026-09-29 00:00:00";"2026-09-30 00:00:00";2000;"11220";"ANDREI CAMILO DOS SANTOS";"75000,00";"Pesquisa quantitativa com coleta aleatória via questionário estruturado web e pós-estratificação da amostra de acordo com as características do eleitorado de Bahia.";"Amostra aleatória pós-estratificada via algoritmo iterativo com quotas proporcionais, representando as características do eleitorado de Bahia:
SEXO: Masculino: 47.2%; Feminino: 52.8%.
FAIXA ETÁRIA: Entre 16 a 24 anos: 12.9%; Entre 25 a 34 anos: 19.2%; Entre 35 a 44 anos: 20.2%; Entre 45 a 59 anos: 26.2%; 60 ou mais: 21.6%.
ESCOLARIDADE: Até Ensino Médio completo ou incompleto (inclui Ensino Fundamental completo/incompleto e pessoas sem instrução): 80.2%; Ensino Superior completo ou incompleto: 19.8%.
NÍVEL ECONÔMICO: Renda familiar mensal até R$ 2.000: 30.4%; de R$ 2.000 a R$ 3.000: 15.5%; de R$ 3.000 a R$ 5.000: 29.5%; de R$ 5.000 a R$ 10.000: 16.8%; mais de R$ 10.000: 7.8%.
OBS.: devido ao arredondamento, a soma dos percentuais pode variar de 99% a 101%. Na agregação final, para cada variável de ponderação, serão admissíveis desvios de até 2 pontos percentuais em relação às quotas estipuladas. Confiança estimada: 95%, margem de erro: +/- 2.0 pontos percentuais. FONTE DOS DADOS: PNADC 2026 para escolaridade | PNADC 2025 para renda | TSE 2026 para sexo e faixa etária.";"Coleta feita com a utilização de questionário eletrônico com procedimentos específicos para o armazenamento seguro dos dados. São checados manualmente no mínimo 15% dos questionários para detectar possíveis anomalias. Pesquisadores especializados realizam internamente uma verificação exaustiva da consistência dos dados antes da divulgação dos resultados finais.";"#NULO#"
"28/09/2026";"05:46:54";2026;81;"Eleições Gerais 2026";"BA";"BA";"BAHIA";"BA089902026";"2026-08-21 18:43:50";"N";"52908063000144";"100% CIDADES PARTICIPACOES LTDA";"100 CIDADES";"Governador, Senador";"2026-08-24 00:00:00";"2026-08-25 00:00:00";"2026-08-27 00:00:00";1000;"8140";"FABIOLA MIRANDA VON RONDOW";"63400,00";"Pesquisa do tipo quantitativa, por amostragem, com aplicação de questionário estruturado realizado por meio telefônico. O universo da pesquisa é o eleitorado do Estado da Bahia com 16 anos ou mais. Dentro das localidades indicadas, os respondentes são selecionados aleatoriamente, considerando todo o território e a totalidade dos respectivos bairros dos Municípios abrangidos pela pesquisa, pelo sistema de cotas amostrais em função de variáveis significativas.";"Representativo do eleitorado da área em estudo. A amostra é estratificada por região de moradia, com base na população residente em quaisquer dos bairros ou áreas dos Municípios abrangidos pela pesquisa. (Fonte dos Dados: Censo IBGE 2022). Dentro da área de abrangência da pesquisa, os respondentes são selecionados aleatoriamente com o auxílio de computador pelo sistema de cotas amostrais em função de variáveis significativas, a saber: Gênero: masculino 47,2%; feminino 52,8% (Fonte dos Dados: TSE- julho/2026 - https://sig.tse.jus.br/ords/dwapr/r/seai/sig-eleitor-eleitorado-mensal/cruzamento-eleitorado-mensal?p24_metricas=E&p24_back=1&clear=24&session=302807354744382 - cruzamento 1: Gênero); Faixa etária: 16 a 24 anos, 12,9%; 25 a 34 anos, 19,2%; 35 a 44 anos, 20,2%; 45 a 59 anos, 26,2%; 60 anos ou mais, 21,6% (Fonte dos Dados: TSE- julho /2026 - https://sig.tse.jus.br/ords/dwapr/r/seai/sig-eleitor-eleitorado-mensal/cruzamento-eleitorado-mensal?p24_metricas=E&p24_back=1&clear=24&session=302807354744382 - cruzamento 1: Faixa Etária); Para a variável grau de instrução, os dados são: Até Ensino Fundamental Completo, 40,0%; Ensino Médio incompleto ou completo, 42,4%; Ensino superior incompleto ou mais, 17,5% (Fonte dos dados: PNAD continua 1º trimestre de 2026); Para a variável nível econômico, a renda familiar: Sem rendimento/até 1 salário-mínimo 39,5%; acima de 1 a 2 salários-mínimos 27,2%; acima de 2 a 5 salários-mínimos 22,8%; acima de 5 a 10 salários-mínimos 6,7%; acima de 10 salários-mínimos 3,8% (Fonte dos dados: Censo IBGE/2010 - https://cidades.ibge.gov.br/brasil/ba/pesquisa/23/24304). Observação: De acordo com informações do Instituto Brasileiro de Geografia e Estatística (IBGE), não há previsão de data para a divulgação do perfil econômico da população brasileira do CENSO 2022. Portanto, considerando que os dados sobre o nível econômico obtidos no Censo 2022 ainda não foram publicados, adotou-se para essa variável os dados disponíveis do Censo IBGE/2010. Está prevista eventual ponderação para correção das variáveis gênero, idade e grau de instrução com base nos percentuais anteriormente mencionados, caso ocorram diferenças superiores a 3 pontos percentuais entre o previsto na amostra e a coleta de dados realizada. Para a variável nível econômico do entrevistado, o fator previsto para ponderação é 1 (resultados obtidos em campo). O tamanho da amostra previsto é de 1000 entrevistas. O nível de confiança estimado é de 95% e a margem de erro máxima estimada considerando um modelo de amostragem aleatório simples, é de 3,1 pontos percentuais para mais ou para menos sobre os resultados encontrados no total da amostra. Os intervalos de confiança serão calculados considerando os resultados obtidos para um nível de confiança de 95%. FONTE DOS DADOS: Censo IBGE (2010 e 2022) | TSE (eleitorado de julho / 2026) | PNAD continua 1º trimestre de 2026.";"As entrevistas serão realizadas por uma equipe de entrevistadores qualificados, que receberão treinamento e orientações especificas sobre o questionário e os objetivos da pesquisa, antes de iniciarem a coleta. Durante todo o período de aplicação das entrevistas, os entrevistadores serão monitorados recebendo apoio ou orientações de uma equipe de supervisores, com experiência e treinamento em pesquisas de opinião pública. Serão checados no mínimo 20% (vinte por cento) dos questionários aplicados por cada entrevistador, para a verificação das respostas e adequação dos entrevistados aos parâmetros amostrais. Os dados coletados e tratados nesta pesquisa atendem às exigências da Lei nº 13.709, de 14 de agosto de 2018, a Lei Geral de Proteção de Dados ¿ LGPD, garantindo ao respondente o sigilo de sua identidade e de seus dados pessoais, bem como o correto tratamento de suas respostas.";"A área de abrangência da coleta é o Estado da Bahia. A relação dos Municípios cuja totalidade do território e respectivos bairros foram selecionados como área de abrangência para a pesquisa constará em anexo a ser apresentado até o dia seguinte, a partir do dia em que a pesquisa puder ser divulgada, conforme as Resoluções 23.600/2019, no art. 2º; §7º e 23.727/2024 do TSE."
"28/09/2026";"05:46:54";2026;81;"Eleições Gerais 2026";"BA";"BA";"BAHIA";"BA029172026";"2026-08-28 20:32:10";"S";"00654576000172";"INSTITUTO VERITA LTDA";"VERITA";"Governador, Senador";"2026-08-29 00:00:00";"2026-09-01 00:00:00";"2026-09-03 00:00:00";2020;"10699";"Guilherme Alvarenga Laia";"155540,00";"Estudo quantitativo voltado às Eleições 2026, realizado por meio de entrevistas individuais, aplicadas mediante questionário eletrônico estruturado e Unidade Automatizada de Respostas Audíveis e Auditáveis, por meio de ligações para telefones móveis (celulares). A inteligência artificial é empregada exclusivamente para a transcrição automatizada das respostas em áudio, não interferindo na formulação das perguntas, na condução das entrevistas, na coleta das informações, na interpretação das respostas ou no tratamento estatístico dos dados.

A participação dos eleitores é voluntária, espontânea e não remunerada. As respostas são prestadas por autodeclaração, sendo, em sua maioria, registradas por meio de códigos numéricos correspondentes às alternativas previamente definidas no questionário.

A utilização de sistema eletrônico automatizado para a coleta e o registro das respostas proporciona elevado nível de padronização operacional, reduz a possibilidade de interferência humana durante a realização das entrevistas, amplia a rastreabilidade e a auditabilidade de todo o processo de coleta e contribui para maior precisão, consistência e confiabilidade dos dados obtidos.

O plano amostral foi elaborado para assegurar a representatividade estatística do eleitorado da respectiva Unidade da Federação, observando critérios técnicos de seleção, distribuição e ponderação da amostra, quando aplicáveis.";"A pesquisa foi planejada para produzir uma amostra estatisticamente representativa do eleitorado do estado DA BAHIA, utilizando o método de Probabilidade Proporcional ao Tamanho (PPT), com plano amostral em múltiplos estágios. Na primeira etapa, esta Unidade da Federação é dividida em macrorregiões, de forma a assegurar adequada distribuição territorial da amostra e representação das diferentes características geográficas, demográficas e eleitorais. Na segunda etapa, os municípios de cada estrato são ordenados segundo seu porte populacional e eleitoral e sorteados. Na terceira etapa, os respondentes são selecionados entre os eleitores aptos residentes nos municípios sorteados, observando-se a distribuição proporcional da amostra e as cotas estabelecidas para as variáveis de sexo, faixa etária, grau de instrução e nível econômico. As cotas são estabelecidas para a pesquisa completa, considerando a composição do eleitorado e os parâmetros oficiais de referência, não sendo aplicadas isoladamente a cada município selecionado.

SEXO E FAIXA ETÁRIA - Fonte: Tribunal Superior Eleitoral (TSE), Perfil do Eleitorado, junho de 2026. Feminino de 16 a 34 anos: 17%; Masculino de 16 a 34 anos: 15,6%; Feminino de 35 a 54 anos: 20,4%; Masculino de 35 a 54 anos: 18,4%; Feminino com 55 anos ou mais: 15,4%; Masculino com 55 anos ou mais: 13,2%. Os parâmetros de sexo e idade têm como referência o cadastro eleitoral brasileiro atualizado pelo Tribunal Superior Eleitoral, considerando o universo de eleitores aptos com 16 anos ou mais.

GRAU DE INSTRUÇÃO - Fonte: IBGE - Pesquisa Nacional por Amostra de Domicílios Contínua - PNAD Contínua, 1º trimestre de 2026. A distribuição é: sem instrução 7,2%; ensino fundamental incompleto ou equivalente 30%; ensino fundamental completo ou equivalente 6,7%; ensino médio incompleto ou equivalente 8,8%; ensino médio completo ou equivalente 32,5%; ensino superior incompleto ou equivalente 4%; ensino superior completo 10,9%. Para não confundir os respondentes as faixas de escolaridade no questionário foram agrupadas em 3 faixas: até ensino fundamental incompleto e completo, ensino médio incompleto e completo e superior incompleto, completo ou mais. A PNAD Contínua é utilizada como referência por constituir a fonte oficial mais atualizada para a mensuração do nível de instrução da população brasileira, sua utilização também corrige limitações decorrentes da ausência de atualização obrigatória e contínua das informações de escolaridade no cadastro eleitoral do Tribunal Superior Eleitoral.

NÍVEL ECONÔMICO - RENDA FAMILIAR DO DOMICÍLIO - Fonte: IBGE - PNAD Contínua Anual 2025. Considera-se a renda domiciliar total, compreendendo rendimentos provenientes de trabalho formal e informal, aposentadorias, pensões, benefícios sociais e demais fontes de renda existentes no domicílio. observando-se a seguinte distribuição: renda familiar de até 2 salários-mínimos 60,5%; de 2 a 5 salários-mínimos 29,8%, acima de 5 salários-mínimos 9,7%.

PONDERAÇÃO E CALIBRAÇÃO DA AMOSTRA - Prevê-se eventual ponderação das variáveis de sexo, faixa etária, grau de instrução e nível econômico, caso sejam verificadas diferenças relevantes entre a distribuição da amostra efetivamente coletada e os parâmetros populacionais de referência adotados. Inicialmente, o fator de ponderação é igual a 1 (um), podendo ser recalculado sempre que necessário para assegurar a representatividade estatística da amostra.
INTERVALO DE CONFIANÇA E MARGEM DE ERRO - O intervalo de confiança adotado é de 95%, com margem máxima estimada de erro de aproximadamente 2,5 pontos percentuais, para mais ou para menos, sobre os resultados do total da amostra, calculada segundo o modelo de amostragem aleatória simples e a hipótese de máxima variabilidade.";"Após os trabalhos de coleta de dados, os questionários são submetidos a uma fiscalização, conferência e checagem de cerca de 20% (vinte por cento) dos questionários aplicados. Todas as entrevistas são integralmente registradas em áudio, permanecendo auditáveis e rastreáveis, permitindo a verificação da integridade do processo de coleta, preservado o sigilo das informações pessoais dos entrevistados e observadas as disposições da Lei Geral de Proteção de Dados Pessoais (Lei nº 13.709/2018).";"Em observância ao art. 2º, § 7º, da Resolução TSE nº 23.600/2019, com redação dada pela Resolução TSE nº 23.747/2026, a presente pesquisa terá seu registro complementado no Sistema de Registro de Pesquisas Eleitorais a partir da data em que sua divulgação for permitida e até o dia seguinte, com a identificação dos municípios em que foram realizadas as entrevistas, bem como da composição final da amostra quanto a gênero, idade, grau de instrução e nível econômico, na forma exigida pela legislação eleitoral vigente."
"28/09/2026";"05:46:54";2026;81;"Eleições Gerais 2026";"BA";"BA";"BAHIA";"BA076282026";"2026-08-21 21:16:46";"N";"81908345000140";"INSTITUTO PARANA DE PESQUISAS E ANALISE DE CONSUMIDOR LTDA";"#NULO#";"Governador, Senador";"2026-08-23 00:00:00";"2026-08-25 00:00:00";"2026-08-27 00:00:00";1400;"10245 - 4ª";"Tatiani Cristina Ara";"45000,00";"Pesquisa com metodologia quantitativa, com a realização de entrevistas pessoais, domiciliares e presenciais, utilizando questionário estruturado junto a uma amostra representativa do eleitorado do Estado da Bahia.


";"""A amostra será representativa do eleitorado da área pesquisada e será selecionada em três etapas. Na primeira etapa realiza-se um sorteio probabilístico dos municípios onde as entrevistas serão realizadas através do método PPT (Probabilidade Proporcional ao Tamanho), considerando a população eleitora com 16 anos ou mais residente nos municípios como base para essa seleção. Na segunda etapa, faz-se um sorteio probabilístico das localidades, onde as entrevistas serão realizadas, através do método PPT (Probabilidade Proporcional ao Tamanho), tomando a população eleitora de 16 anos ou mais residente nas localidades como base para essa seleção. Na terceira etapa, a seleção do entrevistado dentro da localidade, será feita utilizando-se quotas amostrais proporcionais, em função das seguintes variáveis:
GÊNERO: TSE Julho 2026 (https://sig.tse.jus.br/ords/dwapr/r/seai/sig-eleitor-eleitorado-mensal/cruzamento-eleitorado-mensal?p24_metricas=E&p24_back=22&p24_cruzamento_1=ds_sexo&clear=24&p0_uf=BA&p0_mes=7&debug=LEVEL5&session=312990078978641)
Masculino - 47%; |
Feminino - 53%; |
FAIXA ETÁRIA: TSE Julho 2026 (https://sig.tse.jus.br/ords/dwapr/r/seai/sig-eleitor-eleitorado-mensal/cruzamento-eleitorado-mensal?p24_cruzamento_1=ds_faixa_etaria&p24_metricas=E&p24_back=22&clear=24&p0_uf=BA&p0_mes=7&debug=LEVEL5&session=8904950028837) 
Entre 16 e 24 anos: 13%; |
Entre 25 e 34 anos: 19%; |
Entre 35 e 44 anos: 20%; |
Entre 45 e 59 anos: 26%; |
Com 60 anos ou mais: 22%; |
ESCOLARIDADE: TSE Julho 2026 (https://sig.tse.jus.br/ords/dwapr/r/seai/sig-eleitor-eleitorado-mensal/cruzamento-eleitorado-mensal?p24_cruzamento_1=ds_grau_instrucao&p24_metricas=E&p24_back=22&clear=24&p0_uf=BA&p0_mes=7&debug=LEVEL5&session=309383598034615) Observação: Conforme informações obtidas no site do Tribunal Superior Eleitoral, o TSE, (https://dadosabertos.tse.jus.br/group/about/eleitorado) """"Os registros de grau de escolaridade podem apresentar dados defasados, pois refletem a situação do eleitor na ocasião do cadastramento.""""
De analfabeto até ensino fundamental completo: 42%; |
Ensino médio incompleto ou completo: 46% |
Ensino superior incompleto ou completo: 12% |
RENDA DOMICILIAR MENSAL:  (https://cidades.ibge.gov.br/brasil/ba/pesquisa/23/24304) IBGE - Censo 2010. Observação: Conforme informações obtidas do Instituto Brasileiro de Geografia e Estatística, o IBGE, não divulgou - e não tem previsão - de data para divulgação do perfil econômico (nível econômico) da população brasileira; portanto, os dados quanto ao nível econômico obtidos no Censo 2022, não podem ser utilizados, pois não foram publicados. (https://censo2022.ibge.gov.br/panorama/)
Sem rendimentos até 2 salários mínimos: 67% |
Mais de 2 a 5 salários mínimos: 23% |
Mais de 5 salários mínimos: 10% |
Está prevista eventual ponderação para correção das variáveis gênero e faixa etária, com base nos percentuais acima apresentados, caso ocorram diferenças superiores a 3,0 (três) pontos percentuais entre o previsto na amostra e a coleta realizada; para as variáveis escolaridade e renda domiciliar mensal, o fator de ponderação é igual a 1 (resultados obtidos no campo). O nível de confiança estimado é de 95% (noventa e cinco por cento) para uma margem de erro estimada, considerando uma técnica de amostragem aleatória simples, de aproximadamente 2,7 (dois vírgula sete) pontos percentuais para mais ou para menos sobre os resultados obtidos.
Considerando que (a) o Partido Democracia Cristã do Estado da Bahia realizou duas convenções, (b) as deliberações das convenções realizadas foram distintas, (c) foram registraram duas candidaturas ao mesmo cargo (Governador) na Justiça Eleitoral e, por fim, (d) ainda não houve deliberação acerca da demanda por parte do Tribunal Regional Eleitoral da Bahia, o Instituto Paraná Pesquisas apresentará ao eleitor dois cenários distintos aos respondentes: um cenário contendo o nome do candidato Ariel Capistrano e outro cenário contendo o nome do candidato Estevão""





";"""As entrevistas serão conduzidas por uma equipe de entrevistadores e supervisores devidamente qualificados pelo Instituto Paraná Pesquisas, todos com experiência e treinamento específico em pesquisas de opinião pública. 
Controle: O controle do processo será realizado por meio de um software de coleta de dados.
Conferência e Fiscalização: Durante a coleta de dados os questionários aplicados são fiscalizados e conferidos através de um supervisor.   
Adicionalmente, pelo menos 30% dos questionários passarão por uma verificação posterior, que avaliará a precisão na aplicação e a adequação dos entrevistados às variáveis das quotas amostrais. Ou seja, no mínimo 420 entrevistas desta pesquisa serão auditadas pela equipe de qualidade do Instituto Paraná Pesquisas, podendo essa auditoria ser solicitada ao Instituto a qualquer momento.
Verificação: Após a coleta, os questionários passam por uma etapa de verificação e validação dos dados, para garantir a integridade e precisão dos dados coletados.""





";"""A pesquisa será realizada no Estado da Bahia, a relação dos dados relativos aos municípios e às localidades será apresentado até o dia seguinte à data a partir da qual a pesquisa puder ser divulgada, conforme §7º do art. 2º da Resolução-TSE nº. 23.600/2019""




"
"28/09/2026";"05:46:54";2026;81;"Eleições Gerais 2026";"BA";"BA";"BAHIA";"BA028062026";"2026-08-14 22:07:16";"S";"00654576000172";"INSTITUTO VERITA LTDA";"VERITA";"Governador, Senador";"2026-08-15 00:00:00";"2026-08-19 00:00:00";"2026-08-20 00:00:00";2020;"10699";"Guilherme Alvarenga Laia";"155540,00";"Estudo quantitativo voltado às Eleições 2026, realizado por meio de entrevistas individuais, aplicadas mediante questionário eletrônico estruturado e Unidade Automatizada de Respostas Audíveis e Auditáveis, por meio de ligações para telefones móveis (celulares). A inteligência artificial é empregada exclusivamente para a transcrição automatizada das respostas em áudio, não interferindo na formulação das perguntas, na condução das entrevistas, na coleta das informações, na interpretação das respostas ou no tratamento estatístico dos dados.

A participação dos eleitores é voluntária, espontânea e não remunerada. As respostas são prestadas por autodeclaração, sendo, em sua maioria, registradas por meio de códigos numéricos correspondentes às alternativas previamente definidas no questionário.

A utilização de sistema eletrônico automatizado para a coleta e o registro das respostas proporciona elevado nível de padronização operacional, reduz a possibilidade de interferência humana durante a realização das entrevistas, amplia a rastreabilidade e a auditabilidade de todo o processo de coleta e contribui para maior precisão, consistência e confiabilidade dos dados obtidos.

O plano amostral foi elaborado para assegurar a representatividade estatística do eleitorado da respectiva Unidade da Federação, observando critérios técnicos de seleção, distribuição e ponderação da amostra, quando aplicáveis.";"A pesquisa foi planejada para produzir uma amostra estatisticamente representativa do eleitorado desta UF, utilizando o método de Probabilidade Proporcional ao Tamanho (PPT), com plano amostral em múltiplos estágios. Na primeira etapa, a Unidade da Federação é estratificada em macrorregiões geográficas. Na segunda, os municípios de cada estrato são ordenados segundo seu porte populacional. Na terceira, os municípios são selecionados pelo método PPT. Na quarta, os respondentes são selecionados aleatoriamente entre eleitores aptos, observando-se a distribuição proporcional entre os municípios selecionados e as quotas estabelecidas para as variáveis de sexo, faixa etária, grau de instrução e nível econômico; as cotas são calculadas para a pesquisa completa, não para cada município isoladamente.

SEXO E FAIXA ETÁRIA - Fonte: Tribunal Superior Eleitoral (TSE), Perfil do Eleitorado, junho de 2026. Disponível em: https://sig.tse.jus.br/ords/dwapr/r/seai/sig-eleicao-eleitorado/painel-perfil-eleitorado. A ponderação observa a seguinte distribuição: Feminino de 16 a 34 anos: 17%; Masculino de 16 a 34 anos: 15,6%; Feminino de 35 a 54 anos: 20,4%; Masculino de 35 a 54 anos: 18,4%; Feminino com 55 anos ou mais: 15,4%; Masculino com 55 anos ou mais: 13,2%.

GRAU DE INSTRUÇÃO - DADOS DO TSE PARA FINS DE ESCOLARIDADE NÃO SÃO CORRETOS POR NÃO SEREM ATUALIZADOS. Usamos como fonte: IBGE - PNAD Contínua 2025 (Tabela SIDRA nº 7135), disponível em: https://sidra.ibge.gov.br/tabela/7135#resultado. A distribuição é: sem instrução 8,9%; ensino fundamental incompleto ou equivalente 32,5%; ensino fundamental completo ou equivalente 5,2%; ensino médio incompleto ou equivalente 5,2%; ensino médio completo ou equivalente 32,4%; ensino superior incompleto ou equivalente 2,8%; ensino superior completo 13,1%.

NÍVEL ECONÔMICO - RENDA FAMILIAR DO DOMICÍLIO - Fonte: PNAD Contínua Anual 2025. Considera-se a renda domiciliar total (trabalho formal e informal, aposentadorias, pensões, benefícios sociais e demais fontes), observando-se a seguinte distribuição: renda familiar de até 2 salários-mínimos 60,5%; de 2 a 5 salários-mínimos 29,8%, acima de 5 salários-mínimos 9,7%.

Como INDICADOR COMPLEMENTAR DA ESTRUTURA SOCIOECONÔMICA da amostra, utiliza-se a condição de atividade econômica da população, conforme IBGE - PNAD Contínua, primeiro trimestre de 2026, sendo 45,9% de população não economicamente ativa e 54,1% de população economicamente ativa.

Prevê-se eventual ponderação das variáveis de sexo, faixa etária, grau de instrução e nível econômico, caso sejam verificadas diferenças superiores à margem de erro entre a distribuição da amostra coletada e os parâmetros de referência adotados. Inicialmente, o fator de ponderação é igual a 1 (um), podendo ser recalculado sempre que necessário para assegurar a representatividade estatística da amostra.

O intervalo de confiança adotado é de 95%, com margem máxima estimada de erro de aproximadamente 2,5 pontos percentuais, para mais ou para menos, sobre os resultados do total da amostra, calculada segundo o modelo de amostragem aleatória simples e a hipótese de máxima variabilidade.";"Após os trabalhos de coleta de dados, os questionários são submetidos a uma fiscalização, conferência e checagem de cerca de 20% (vinte por cento) dos questionários aplicados. Todas as entrevistas são integralmente registradas em áudio, permanecendo auditáveis e rastreáveis, permitindo a verificação da integridade do processo de coleta, preservado o sigilo das informações pessoais dos entrevistados e observadas as disposições da Lei Geral de Proteção de Dados Pessoais (Lei nº 13.709/2018).";"Em observância ao art. 2º, § 7º, da Resolução TSE nº 23.600/2019, com redação dada pela Resolução TSE nº 23.747/2026, a presente pesquisa terá seu registro complementado no Sistema de Registro de Pesquisas Eleitorais a partir da data em que sua divulgação for permitida e até o dia seguinte, com a identificação dos municípios em que foram realizadas as entrevistas, bem como da composição final da amostra quanto a gênero, idade, grau de instrução e nível econômico, na forma exigida pela legislação eleitoral vigente."
"28/09/2026";"05:46:54";2026;81;"Eleições Gerais 2026";"BA";"BA";"BAHIA";"BA033672026";"2026-08-13 22:35:05";"S";"51772470000104";"INSTITUTO DATATRENDS LTDA";"DATATRENDS";"Governador, Senador";"2026-08-15 00:00:00";"2026-08-17 00:00:00";"2026-08-19 00:00:00";1200;"10663";"Ythalo Hugo da SIlva Santos";"15000,00";"Pesquisa quantitativa por amostragem, com seleção probabilística de contatos telefônicos no âmbito da base amostral, estratificada pelas Regiões Geográficas Imediatas do Estado da Bahia, realizada por meio de questionário estruturado aplicado via contatos telefônicos fixos e móveis, com abrangência estadual. A estratificação regional é definida com base na distribuição do eleitorado, conforme dados oficiais do Tribunal Superior Eleitoral (TSE), adotando-se como referência a divisão territorial do Instituto Brasileiro de Geografia e Estatística (IBGE) em Regiões Geográficas Imediatas, com os municípios agregados ao respectivo estrato. A seleção dos contatos será realizada de forma aleatória e automatizada a partir de banco próprio de números telefônicos fixos e móveis, com cobertura estadual, observadas as disposições da Lei nº 13.709/2018 (Lei Geral de Proteção de Dados). Essa base constitui instrumento operacional para seleção dos contatos e não é utilizada como fonte dos parâmetros populacionais do plano amostral e da ponderação, que são obtidos em fontes públicas oficiais do TSE e do IBGE. Os contatos encontram-se previamente classificados por área geográfica para organização dos estratos e do sorteio. Durante a entrevista, após a confirmação de que possui título de eleitor e vota na Bahia, o respondente informa por voz o município em que vota; a resposta verbal é processada pelo sistema de reconhecimento de voz e o município identificado é registrado eletronicamente na base de dados. Essa informação é utilizada para confirmação do domicílio eleitoral e para verificação da consistência territorial da amostra. A seleção ocorre por sorteio aleatório dos contatos dentro de cada estrato, sem direcionamento por preferência política ou intenção de voto, de modo que todos os registros telefônicos integrantes da base amostral tenham, dentro do respectivo estrato, probabilidade conhecida e não nula de serem selecionados para contato. A elegibilidade eleitoral é confirmada durante a entrevista. O universo da pesquisa é composto por eleitores com 16 anos ou mais, com título eleitoral e aptos a votar no Estado da Bahia. A base é submetida a procedimentos de tratamento, deduplicação e aleatorização. Nas perguntas estimuladas, a ordem de apresentação dos nomes será rotacionada automaticamente pelo sistema de coleta, com o objetivo de reduzir viés de ordem.";"A pesquisa terá 1.200 entrevistas. A amostra será estratificada pelas Regiões Geográficas Imediatas do IBGE, com alocação proporcional ao tamanho do eleitorado de cada estrato. A participação de cada Região Geográfica Imediata será obtida a partir da soma do eleitorado dos municípios que a compõem, utilizando dados oficiais do TSE, e a seleção dos contatos telefônicos será realizada aleatoriamente dentro de cada estrato, a partir de base com cobertura estadual. As entrevistas serão realizadas por sistema telefônico automatizado (URA), com respostas por teclado e, para a identificação do município de domicílio eleitoral, por voz. A composição territorial da amostra será acompanhada durante a coleta com base no município em que o entrevistado declara votar. Na apresentação final dos resultados, os dados serão ponderados para ajuste aos parâmetros populacionais de sexo, faixa etária, grau de instrução, nível econômico e distribuição territorial, conforme a composição observada na amostra. Serão utilizados como fontes públicas o Tribunal Superior Eleitoral (TSE), com dados de junho de 2026, para sexo, faixa etária e grau de instrução (Masculino: 47%; Feminino: 53%; 16 a 24 anos: 13%; 25 a 34 anos: 19%; 35 a 44 anos: 20%; 45 a 59 anos: 26%; 60 anos ou mais: 22%; Analfabeto/lê e escreve: 16%; Ensino Fundamental: 26%; Ensino Médio: 46%; Ensino Superior: 12%), e o Instituto Brasileiro de Geografia e Estatística (IBGE), Censo Demográfico 2022, Tabela SIDRA 10296, para o nível econômico, segundo classes de rendimento nominal mensal domiciliar per capita (sem rendimento ou até 2 salários mínimos por pessoa: 92%; mais de 2 até 5 salários mínimos por pessoa: 6%; mais de 5 salários mínimos por pessoa: 2%). A categoria ¿sem rendimento domiciliar¿, coletada separadamente no questionário, será agregada à primeira faixa para fins de ponderação. Os fatores de ponderação serão calculados após a coleta pela razão entre a proporção de referência e a proporção observada em cada categoria (F = P/A), com ajustes sucessivos entre as variáveis até a convergência aos parâmetros definidos. O fator igual a 1, quando ocorrer, representará a manutenção do peso original da observação naquela dimensão ou categoria. O desenho não utiliza seleção por conglomerados ou múltiplos estágios territoriais; eventual efeito decorrente dos pesos finais de ponderação será avaliado após a coleta. A margem de erro máxima convencional de referência para os resultados globais é de aproximadamente 2,83 pontos percentuais, para mais ou para menos, considerando 1.200 entrevistas, nível de confiança de 95% e máxima variabilidade das proporções (p = 0,50). A margem de 2,83 pontos percentuais decorre do cálculo convencional baseado no tamanho da amostra e no nível de confiança informado. A relação dos municípios abrangidos e a composição final da amostra serão complementadas no PesqEle a partir do dia em que a pesquisa puder ser divulgada e até o dia seguinte, nos termos da Resolução-TSE nº 23.600/2019.";"A coleta de dados será realizada por meio de sistema telefônico automatizado, com aplicação de questionário estruturado e registro eletrônico das respostas informadas pelo entrevistado. O sistema interno de controle e verificação da coleta será composto pelos registros gerados automaticamente pela plataforma de telefonia e pelo sistema de coleta, permitindo a conferência posterior das entrevistas realizadas. Para cada tentativa de contato e entrevista concluída serão mantidos, quando aplicável, registros de data e horário da chamada, número telefônico acionado, status da ligação, duração, identificação da versão do questionário, respostas registradas, município de domicílio eleitoral informado pelo entrevistado, conclusão ou interrupção da entrevista e resultado dos filtros de elegibilidade. O sistema adotará mecanismos para evitar duplicidades, incluindo limitação de uma entrevista válida por número telefônico, identificação de registros repetidos e exclusão de entrevistas incompletas, inconsistentes ou inelegíveis. Serão considerados elegíveis apenas os respondentes com 16 anos ou mais que confirmarem possuir título eleitoral e votar no Estado da Bahia. Após a coleta, o banco de dados será submetido a procedimentos de crítica, conferência e validação, com verificação da consistência das respostas, do tempo de duração das entrevistas, da distribuição territorial da amostra, do preenchimento das variáveis de perfil e da compatibilidade com os filtros aplicados no questionário. Entrevistas com inconsistências, duplicidades, ausência de confirmação de elegibilidade ou tempo incompatível com a aplicação regular do questionário poderão ser desconsideradas da base final. A fiscalização interna será realizada por meio da análise dos bancos de respostas, registros de chamadas e logs do sistema, possibilitando a rastreabilidade da coleta, a conferência das entrevistas válidas e o acompanhamento da composição amostral. Os dados e registros necessários à verificação serão mantidos sob guarda da empresa responsável, observados os prazos legais e as normas aplicáveis à pesquisa eleitoral e à proteção de dados pessoais.";"Em razão da metodologia telefônica adotada, a identificação territorial da entrevista será realizada com base no município de domicílio eleitoral informado diretamente pelo próprio respondente, mediante a pergunta ""Em qual município você vota?"". A resposta será fornecida por voz, identificada pelo sistema de reconhecimento de voz e registrada eletronicamente. A classificação territorial previamente disponível na base de contatos será utilizada apenas como informação auxiliar para controle e consistência; em caso de divergência, a classificação da entrevista para fins da composição final da amostra será feita pelo município de domicílio eleitoral informado pelo respondente. A metodologia telefônica não permite identificar, de forma tecnicamente segura e universal, o setor censitário ou o bairro de todos os entrevistados. Assim, nos termos do art. 2º, §7º-F, da Resolução-TSE nº 23.600/2019, a unidade territorial efetivamente utilizada será o município de domicílio eleitoral informado pelo entrevistado, agregado à respectiva Região Geográfica Imediata do IBGE. A relação dos municípios abrangidos e a distribuição final da amostra serão informadas no PesqEle dentro do prazo legal estabelecido pela regulamentação eleitoral."
"28/09/2026";"05:46:54";2026;81;"Eleições Gerais 2026";"BA";"BA";"BAHIA";"BA027332026";"2026-04-09 17:27:30";"N";"61362466000121";"MEDIA - INTELIGENCIA EM PESQUISA LTDA";"MEDIA - INTELIGENCIA EM PESQUISA";"Deputado Federal, Deputado Estadual";"2026-04-10 00:00:00";"2026-04-13 00:00:00";"2026-04-15 00:00:00";820;"7655";"AUGUSTO DA SILVA ROCHA";"10000,00";"A pesquisa cobrirá o município envolvendo todas regiões do município de Vitória da Conquista/BA. 
Universo da pesquisa será dos eleitores com 16 anos ou mais. 
 A amostra representará os eleitores do Município, selecionados em 2(dois) estágios. No primeiro estágio, os setores censitários, onde as entrevistas serão realizadas, foram selecionadas, probabilisticamente, através do método PPT - Probabilidade Proporcional ao Tamanho, tomando o número de eleitores como base para seleção. No segundo estágio, a seleção do entrevistado, dentro do setor censitário, será feita utilizando-se quotas proporcionais, e a abordagem será domiciliar.";"Utilizamos quotas proporcionais, em função das seguintes variáveis: 
Gênero: 
FEMININO	54,23%	;
MASCULINO	45,77%	; 

Faixa etária: 
16 a 24 anos	12,2%	;
25 a 34 anos	19,9%	;
35 a 44 anos	21,3%	;
45 a 59 anos	26,3%	;
60 anos ou mais	20,3%	;
  

Grau de instrução: ANALFABETO	3,6%	;
LÊ E ESCREVE	10,0%	;
ENSINO FUNDAMENTAL INCOMPLETO	22,0%	;
ENSINO FUNDAMENTAL COMPLETO	4,5%	;
ENSINO MÉDIO INCOMPLETO	15,9%	;
ENSINO MÉDIO COMPLETO	27,7%	;
SUPERIOR INCOMPLETO	5,7%	;
SUPERIOR COMPLETO	10,6%	;
 

Renda familiar: 
 Até 1/2 salário mínimo	5,0%	;
Mais de 1/2 a 1 salário mínimo	20,0%	;
Mais de 1 a 2 salários mínimos	27,0%	;
Mais de 2 a 5 salários mínimos	29,2%	;
Mais de 5 a 10 salários mínimos	9,4%	;
Mais de 10 a 20 salários mínimos	3,5%	;
Mais de 20 salários mínimos	1,4%	;
Sem rendimento	4,5%	;


Fonte dos dados: TSE-Tribunal Superior Eleitoral/ mar2026; IBGE-Censo 2010-IBGE-CENSO 2022 (IBGE/Censo 2010 - Classe de rendimento nominal mensal domiciliar) ; 
https://sig.tse.jus.br/; https://cidades.ibge.gov.br/brasil/ba/vitoria-da-conquista/pesquisa/23/24304?detalhes=true. 
""Está prevista eventual ponderação da amostra para correção das variáveis sexo, idade, renda familiar e escolaridade com base nos percentuais anteriormente mencionados, caso ocorram diferenças entre os percentuais previstos na amostra e a coleta de dados realizada. 
Dentro do público-alvo, serão realizadas 820 entrevistas. 
O nível de confiança estimado é de 95% e a margem de erro máxima prevista, baseada em uma amostra aleatória simples (AAS), 
é de cerca de 3,5 pontos percentuais para mais ou para menos em relação aos totais da amostra. 

Nível Econômico: IBGE (Censo/2010) - Observação: Conforme informações obtidas do Instituto Brasileiro de Geografia e Estatística, o IBGE, não divulgou - e não tem previsão - de data para divulgação do perfil econômico (nível econômico) da população brasileira; portanto, os dados quanto ao nível econômico obtidos no Censo 2022, não podem ser utilizados, pois não foram publicados.""";"Para a realização da pesquisa, utiliza-se uma equipe de entrevistadores e supervisores credenciados devidamente treinados pela empresa para esse tipo de pesquisa. Após os trabalhos de campo, 100% dos questionários são criticados e passam por uma fiscalização de cerca de 20% (vinte por cento) dos questionários aplicados por cada entrevistador; para verificação da consistência das respostas e da adequação dos entrevistados aos parâmetros amostrais.
";"A relação das localidades e setores censitários selecionadas para aplicação da amostra será apresentada a partir do dia em que a pesquisa puder ser divulgada e até o dia seguinte, conforme expresso no art. 2º, §7º da Resolução 23.600/2019 do TSE."
"28/09/2026";"05:46:54";2026;81;"Eleições Gerais 2026";"BA";"BA";"BAHIA";"BA018502026";"2026-09-18 19:41:58";"N";"22445600000104";"QUAEST PESQUISAS, CONSULTORIA E PROJETOS LTDA.";"#NULO#";"Governador, Senador";"2026-09-20 00:00:00";"2026-09-23 00:00:00";"2026-09-24 00:00:00";900;"6731";"Margarida Maria de Mendonca";"130770,00";"Pesquisa quantitativa, de survey, que consiste na realização de entrevistas pessoais, domiciliares e presenciais, conduzidas por profissionais treinados, com a aplicação de questionários estruturados a uma amostra representativa da população votante de 16 anos ou mais residente no estado da Bahia. O desenho amostral aplicado combina sorteio probabilístico de municípios e de setores censitários fornecidos pelo IBGE (unidades territoriais homogêneas, de tamanho similar a quadras ou blocos), dentro dos quais serão selecionadas pessoas respondentes por meio de cotas amostrais.";"O público pesquisado é composto por eleitores de 16 anos ou mais residentes na área de abrangência da pesquisa. Para produzir uma amostra representativa desse público-alvo, utilizamos um desenho amostral por conglomerados que prevê três estágios. No primeiro estágio, é feito um sorteio probabilístico de municípios para comporem a amostra por meio do método PPT (Probabilidade Proporcional ao Tamanho) a partir de suas populações votantes acima de 16 anos. Dentro da lista de municípios sorteados, no segundo estágio, é realizado um sorteio probabilístico por meio do método PPT (Probabilidade Proporcional ao Tamanho) de setores censitários a serem visitados pelos entrevistadores, sorteio que tem como base o total de habitantes residentes nos setores de acordo com dados do Censo de 2022, o que garante a dispersão aleatória e estatística da amostra dentro dos territórios municipais, independentemente de divisões administrativas. Finalmente, dentro da lista de setores censitários sorteados, no último estágio são selecionados domicílios e pessoas a serem entrevistadas utilizando-se cotas amostrais para as seguintes variáveis: sexo, idade, renda familiar e escolaridade. O perfil da amostra, definido pelas cotas previstas, é o seguinte:

Sexo: Masculino (47%); Feminino (53%).
Faixa etária: 16-34 anos (32%); 35-59 anos (46%); 60 ou mais (22%).
Renda domiciliar total, incluindo pensões, benefícios e rendimentos de trabalhos informais: Até 2 salários-mínimos (49%); Mais de 2 a 5 salários-mínimos (38%); Mais de 5 salários-mínimos (13%).
Nível de instrução: Até Fundamental completo ou médio incompleto (48%); Médio completo ou superior incompleto (39%); Superior completo ou mais (13%).

Fonte dos dados: para a distribuição de sexo e idade, TSE-Tribunal Superior Eleitoral - agosto/2026; para a malha de setores censitários, Censo 2022 (IBGE); para a distribuição de renda domiciliar, PNADc Anual 2025, 1ª visita (IBGE); e, para a distribuição de escolaridade/instrução, PNADc trimestral 2-2026 (IBGE). A PNADc é utilizada por ser a fonte oficial mais atualizada de rendimentos do país, incluindo rendimentos informais, pensões, entre outros, e corrigindo as defasagens temporais do Censo 2022, além de ser a fonte mais atualizada de nível de instrução da população com 16 anos ou mais dada ausência de atualização obrigatória da escolaridade no registro de eleitores do TSE.

Está prevista eventual pós-estratificação da amostra, por meio de algoritmos de calibração (rake) e modelos (MrP), para correção (1) de estimativas e (2) das distribuições de variáveis que medem o perfil da população.

Dentro do público-alvo anteriormente descrito, serão realizadas 900 entrevistas. O nível de confiança das estimativas é de 95% e a margem de erro máxima prevista, atendendo às diretivas do TSE e usando o cálculo para amostra aleatória simples (AAS) como aproximação, é de cerca de 3 pontos percentuais para mais ou para menos em relação aos totais da amostra.";"As entrevistas serão realizadas por uma equipe de entrevistadores devidamente qualificada, com experiência e treinamento em pesquisa de opinião pública. Todo trabalho é feito em tablets ou outros dispositivos eletrônicos. Após a realização da coleta de dados, as entrevistas junto aos respondentes são checadas por meio de procedimentos de consistência e de georreferenciamento dos locais de aplicação em tempo real. Adicionalmente, ao longo e após os trabalhos de campo, é realizada uma fiscalização que consiste na checagem de áudio de uma amostra de 30% dos questionários aplicados para verificação das respostas e da adequação dos entrevistados aos parâmetros amostrais.";"A área de abrangência da coleta é o território do estado da Bahia. A relação do número de pessoas pesquisadas nas áreas de aplicação da pesquisa, discriminadas por município, bairros e setores censitários a partir dos identificadores utilizados pelo IBGE, além da composição do eleitorado entrevistado na área de abrangência quanto a gênero, idade, grau de instrução e nível econômico, constará em anexo. O mapa com os códigos destes setores censitários e as áreas que delimitam no país todo podem ser conferidos na seguinte fonte oficial: https://censo2022.ibge.gov.br/panorama/mapas.html?localidade=&recorte=setores_censitarios"
"28/09/2026";"05:46:54";2026;81;"Eleições Gerais 2026";"BA";"BA";"BAHIA";"BA076372026";"2026-04-22 23:08:03";"S";"00654576000172";"INSTITUTO VERITA LTDA";"VERITA";"Governador, Senador";"2026-04-23 00:00:00";"2026-04-27 00:00:00";"2026-04-28 00:00:00";2020;"10699";"GUILHERME ALVARENGA LAIA";"155540,00";"Pesquisa quantitativa, que consiste na realização de entrevistas, com a aplicação de questionário estruturado junto a uma amostra representativa do eleitorado desta Unidade da Federação.";"ESTUDO REPRESENTATIVO DO ELEITORADO DO ESTADO DA BAHIA - MÉTODO PPT (Probabilidade Proporcional ao Tamanho) - PLANO AMOSTRAL E PONDERAÇÃO QUANTO A SEXO, IDADE, GRAU DE INSTRUÇÃO E NÍVEL ECONÔMICO DO ENTREVISTADO; INTERVALO DE CONFIANÇA E MARGEM DE ERRO: Representativo do eleitorado da área em estudo, elaborada, em vários estágios, da seguinte forma: - 1. Divisão da UF em estratos proporcionais de municípios. 2. Ordenação dos municípios de cada estrato segundo o porte. 3. Sorteio dos municípios de cada estrato. 4. Os respondentes são selecionados através de quotas amostrais proporcionais em função de variáveis significativas, a saber: GÊNERO / FAIXA ETÁRIA - FEMININO E MASCULINO 16 A 34 ANOS 16,7% E 15,4%, 35 A 54 ANOS 20,7% E 18,6%, 55 ANOS OU MAIS 15,4% E 13,3%. GRAU DE INSTRUÇÃO ¿ FEMININO E MASCULINO Sem instrução até Ensino Médio completo 69,6%, Ensino superior incompleto e completo 30,4% NÍVEL ECONÔMICO - FEMININO população não economicamente ativa 46,5% população economicamente ativa 53,5% MASCULINO população não economicamente ativa 27,2% população economicamente ativa 72,8%. RENDA FAMILIAR DO DOMICÍLIO renda familiar de até 2 salários-mínimos 30,7%; de 2 a 5 salários-mínimos 44,2%, acima de 5 salários-mínimos 25,1%. Está prevista eventual ponderação para correção das variáveis, com base nos percentuais anteriormente mencionados, caso ocorram diferenças superiores a margem de erro da pesquisa previsto entre a amostra e a coleta de dados realizada. O fator previsto para ponderação é 1 (resultados obtidos na coleta de dados). O intervalo de confiança estimado é de 95% e a margem de erro máxima estimada considerando um modelo de amostragem aleatório simples, é de aproximadamente 2,5 pontos percentuais para mais ou para menos sobre os resultados encontrados no total da amostra. FONTE DOS DADOS: IBGE/Censo 2022 para fins de densidade demográfica, setores censitários e alocação da amostra. IBGE/PNAD/PNADC/MEC/INEP para fins de Nível Econômico e Escolaridade. TSE FEVEREIRO/2026 para fins de Sexo, Faixa Etária e eleitorado por município ou regiões previamente definidas (importante ressaltar para o público leigo que os dados do TSE são os únicos corretos para gênero, idade dos eleitores e quantitativo de eleitores por municípios já que a base de dados se atualiza automaticamente, PORÉM, dados de escolaridade e nível econômico NÃO são corretos e confiáveis devido a desatualização que ocorre naturalmente com o passar dos anos). Definição de margem de erro e intervalo de confiança: Margem de erro e intervalo de confiança não são grandezas diretamente proporcionais. A SOMA NÃO TEM QUE RESULTAR 100%. ";"Após os trabalhos de coleta de dados, os questionários são submetidos a uma fiscalização, conferência e checagem de cerca de 20% (vinte por cento) dos questionários aplicados.";"A relação dos municípios sorteados ou selecionados para esta pesquisa será apresentada em arquivo anexo até 1 (um) dia após a divulgação desta pesquisa conforme §7º. do art. 2º. da Resolução-TSE nº. 23.600/2019. A área de abrangência desta pesquisa é o Estado DA BAHIA"
"28/09/2026";"05:46:54";2026;81;"Eleições Gerais 2026";"BA";"BA";"BAHIA";"BA085022026";"2026-09-19 22:24:45";"N";"00654576000172";"INSTITUTO VERITA LTDA";"VERITA";"Governador, Senador";"2026-09-20 00:00:00";"2026-09-24 00:00:00";"2026-09-25 00:00:00";2020;"10699";"Guilherme Alvarenga Laia";"37037,04";"Estudo quantitativo voltado às Eleições 2026, realizado por meio de entrevistas individuais, aplicadas mediante questionário eletrônico estruturado e Unidade Automatizada de Respostas Audíveis e Auditáveis, por meio de ligações para telefones móveis (celulares). A inteligência artificial é empregada exclusivamente para a transcrição automatizada das respostas em áudio, não interferindo na formulação das perguntas, na condução das entrevistas, na coleta das informações, na interpretação das respostas ou no tratamento estatístico dos dados.

A participação dos eleitores é voluntária, espontânea e não remunerada. As respostas são prestadas por autodeclaração, sendo, em sua maioria, registradas por meio de códigos numéricos correspondentes às alternativas previamente definidas no questionário.

A utilização de sistema eletrônico automatizado para a coleta e o registro das respostas proporciona elevado nível de padronização operacional, reduz a possibilidade de interferência humana durante a realização das entrevistas, amplia a rastreabilidade e a auditabilidade de todo o processo de coleta e contribui para maior precisão, consistência e confiabilidade dos dados obtidos.

O plano amostral foi elaborado para assegurar a representatividade estatística do eleitorado da respectiva Unidade da Federação, observando critérios técnicos de seleção, distribuição e ponderação da amostra, quando aplicáveis.";"A pesquisa foi planejada para produzir uma amostra estatisticamente representativa do eleitorado do estado DA BAHIA, utilizando o método de Probabilidade Proporcional ao Tamanho (PPT), com plano amostral em múltiplos estágios. Na primeira etapa, esta Unidade da Federação é dividida em macrorregiões, de forma a assegurar adequada distribuição territorial da amostra e representação das diferentes características geográficas, demográficas e eleitorais. Na segunda etapa, os municípios de cada estrato são ordenados segundo seu porte populacional e eleitoral e sorteados. Na terceira etapa, os respondentes são selecionados entre os eleitores aptos residentes nos municípios sorteados, observando-se a distribuição proporcional da amostra e as cotas estabelecidas para as variáveis de sexo, faixa etária, grau de instrução e nível econômico. As cotas são estabelecidas para a pesquisa completa, considerando a composição do eleitorado e os parâmetros oficiais de referência, não sendo aplicadas isoladamente a cada município selecionado.

SEXO E FAIXA ETÁRIA - Fonte: Tribunal Superior Eleitoral (TSE), Perfil do Eleitorado, junho de 2026. Feminino de 16 a 34 anos: 17%; Masculino de 16 a 34 anos: 15,6%; Feminino de 35 a 54 anos: 20,4%; Masculino de 35 a 54 anos: 18,4%; Feminino com 55 anos ou mais: 15,4%; Masculino com 55 anos ou mais: 13,2%. Os parâmetros de sexo e idade têm como referência o cadastro eleitoral brasileiro atualizado pelo Tribunal Superior Eleitoral, considerando o universo de eleitores aptos com 16 anos ou mais.

GRAU DE INSTRUÇÃO - Fonte: IBGE - PNAD Contínua Anual 2025. A distribuição é: sem instrução 7,2%; ensino fundamental incompleto ou equivalente 30%; ensino fundamental completo ou equivalente 6,7%; ensino médio incompleto ou equivalente 8,8%; ensino médio completo ou equivalente 32,5%; ensino superior incompleto ou equivalente 4%; ensino superior completo 10,9%. Para não confundir os respondentes as faixas de escolaridade no questionário foram agrupadas em 3 faixas: até ensino fundamental incompleto e completo, ensino médio incompleto e completo e superior incompleto, completo ou mais. A PNAD Contínua é utilizada como referência por constituir a fonte oficial mais atualizada para a mensuração do nível de instrução da população brasileira, sua utilização também corrige limitações decorrentes da ausência de atualização obrigatória e contínua das informações de escolaridade no cadastro eleitoral do Tribunal Superior Eleitoral.

NÍVEL ECONÔMICO - RENDA FAMILIAR DO DOMICÍLIO - Fonte: IBGE - PNAD Contínua Anual 2025. Considera-se a renda domiciliar total, compreendendo rendimentos provenientes de trabalho formal e informal, aposentadorias, pensões, benefícios sociais e demais fontes de renda existentes no domicílio. observando-se a seguinte distribuição: renda familiar de até 2 salários-mínimos 60,5%; de 2 a 5 salários-mínimos 29,8%, acima de 5 salários-mínimos 9,7%.

PONDERAÇÃO E CALIBRAÇÃO DA AMOSTRA - Prevê-se eventual ponderação das variáveis de sexo, faixa etária, grau de instrução e nível econômico, caso sejam verificadas diferenças relevantes entre a distribuição da amostra efetivamente coletada e os parâmetros populacionais de referência adotados. Inicialmente, o fator de ponderação é igual a 1 (um), podendo ser recalculado sempre que necessário para assegurar a representatividade estatística da amostra.
INTERVALO DE CONFIANÇA E MARGEM DE ERRO - O intervalo de confiança adotado é de 95%, com margem máxima estimada de erro de aproximadamente 2,5 pontos percentuais, para mais ou para menos, sobre os resultados do total da amostra, calculada segundo o modelo de amostragem aleatória simples e a hipótese de máxima variabilidade.";"Após os trabalhos de coleta de dados, os questionários são submetidos a uma fiscalização, conferência e checagem de cerca de 20% (vinte por cento) dos questionários aplicados. Todas as entrevistas são integralmente registradas em áudio, permanecendo auditáveis e rastreáveis, permitindo a verificação da integridade do processo de coleta, preservado o sigilo das informações pessoais dos entrevistados e observadas as disposições da Lei Geral de Proteção de Dados Pessoais (Lei nº 13.709/2018).";"Em observância ao art. 2º, § 7º, da Resolução TSE nº 23.600/2019, com redação dada pela Resolução TSE nº 23.747/2026, a presente pesquisa terá seu registro complementado no Sistema de Registro de Pesquisas Eleitorais a partir da data em que sua divulgação for permitida e até o dia seguinte, com a identificação dos municípios em que foram realizadas as entrevistas, bem como da composição final da amostra quanto a gênero, idade, grau de instrução e nível econômico, na forma exigida pela legislação eleitoral vigente."
"28/09/2026";"05:46:54";2026;81;"Eleições Gerais 2026";"BA";"BA";"BAHIA";"BA036572026";"2026-04-23 19:53:55";"N";"22445600000104";"QUAEST PESQUISAS, CONSULTORIA E PROJETOS LTDA.";"#NULO#";"Governador, Senador";"2026-04-23 00:00:00";"2026-04-27 00:00:00";"2026-04-29 00:00:00";1200;"6731";"Margarida Maria de Mendonça";"246482,01";"Pesquisa quantitativa, de survey, que consiste na realização de entrevistas pessoais, domiciliares e presenciais, conduzidas por profissionais treinados, com a aplicação de questionários estruturados a uma amostra representativa da população votante de 16 anos ou mais residente no estado da Bahia. O desenho amostral aplicado combina sorteio probabilístico de municípios e de setores censitários fornecidos pelo IBGE (unidades territoriais homogêneas, de tamanho similar a quadras ou blocos), dentro dos quais serão selecionadas pessoas respondentes por meio de cotas amostrais.";"O público pesquisado é composto por eleitores de 16 anos ou mais residentes na área de abrangência da pesquisa. Para produzir uma amostra representativa desse público-alvo, utilizamos um desenho amostral por conglomerados que prevê três estágios. No primeiro estágio, é feito um sorteio probabilístico de municípios para comporem a amostra por meio do método PPT (Probabilidade Proporcional ao Tamanho) a partir de suas populações votantes acima de 16 anos. Dentro da lista de municípios sorteados, no segundo estágio, é realizado um sorteio probabilístico por meio do método PPT (Probabilidade Proporcional ao Tamanho) de setores censitários a serem visitados pelos entrevistadores, sorteio que tem como base o total de habitantes residentes nos setores de acordo com dados do Censo de 2022, o que garante a dispersão aleatória e estatística da amostra dentro dos territórios municipais, independentemente de divisões administrativas. Finalmente, dentro da lista de setores censitários sorteados, no último estágio são selecionados domicílios e pessoas a serem entrevistadas utilizando-se cotas amostrais para as seguintes variáveis: sexo, idade, renda familiar e escolaridade. O perfil da amostra, definido pelas cotas previstas, é o seguinte:

Sexo: Masculino (47%); Feminino (53%). 
Faixa etária: 16-34 anos (32%); 35-59 anos (47%); 60 ou mais (21%). 
Renda domiciliar total, incluindo pensões, benefícios e rendimentos de trabalhos informais: Até 2 salários-mínimos (53%); Mais de 2 a 5 salários-mínimos (36%); Mais de 5 salários-mínimos (11%). 
Nível de instrução: Até Fundamental completo ou médio incompleto (49%); Médio completo ou superior incompleto (39%); Superior completo ou mais (12%). 

Fonte dos dados: para a distribuição de sexo e idade, TSE-Tribunal Superior Eleitoral - março/2026; para a malha de setores censitários, Censo 2022 (IBGE); para a distribuição de renda domiciliar, PNADc Anual 2024, 5a visita (IBGE); e, para a distribuição de escolaridade/instrução, PNADc trimestral 4-2025 (IBGE). A PNADc é utilizada por ser a fonte oficial mais atualizada de rendimentos do país, incluindo rendimentos informais, pensões, entre outros, e corrigindo as defasagens temporais do Censo 2022, além de ser a fonte mais atualizada de nível de instrução da população com 16 anos ou mais dada ausência de atualização obrigatória da escolaridade no registro de eleitores do TSE.

Está prevista eventual pós-estratificação da amostra, por meio de algoritmos de calibração (rake) e modelos (MrP), para correção de estimativas e das distribuições das variáveis sexo, idade, renda familiar e escolaridade, com base nos percentuais anteriormente mencionados, caso ocorram diferenças entre os percentuais previstos na amostra e a coleta de dados realizada. 

Dentro do público-alvo anteriormente descrito, serão realizadas 1.200 entrevistas. O nível de confiança das estimativas é de 95% e a margem de erro máxima prevista, atendendo às diretivas do TSE e usando o cálculo para amostra aleatória simples (AAS) como aproximação, é de cerca de 3 pontos percentuais para mais ou para menos em relação aos totais da amostra.";"As entrevistas serão realizadas por uma equipe de entrevistadores devidamente qualificada, com experiência e treinamento em pesquisa de opinião pública. Todo trabalho é feito em tablets ou outros dispositivos eletrônicos. Após a realização da coleta de dados, as entrevistas junto aos respondentes são checadas por meio de procedimentos de consistência e de georreferenciamento dos locais de aplicação em tempo real. Adicionalmente, ao longo e após os trabalhos de campo, é realizada uma fiscalização que consiste na checagem de áudio de uma amostra de 30% dos questionários aplicados para verificação das respostas e da adequação dos entrevistados aos parâmetros amostrais.";"A área de abrangência da coleta é o território do estado da Bahia. A relação do número de pessoas pesquisadas nas áreas de aplicação da pesquisa, discriminadas por município, bairros e setores censitários a partir dos identificadores utilizados pelo IBGE, além da composição do eleitorado entrevistado na área de abrangência quanto a gênero, idade, grau de instrução e nível econômico, constará em anexo. O mapa com os códigos destes setores censitários e as áreas que delimitam no país todo podem ser conferidos na seguinte fonte oficial: https://censo2022.ibge.gov.br/panorama/mapas.html?localidade=&recorte=setores_censitarios"
"28/09/2026";"05:46:54";2026;81;"Eleições Gerais 2026";"BA";"BA";"BAHIA";"BA030162026";"2026-09-03 22:27:09";"S";"00654576000172";"INSTITUTO VERITA LTDA";"VERITA";"Governador, Senador";"2026-09-04 00:00:00";"2026-09-09 00:00:00";"2026-09-09 00:00:00";2020;"10699";"Guilherme Alvarenga Laia";"155540,00";"Estudo quantitativo voltado às Eleições 2026, realizado por meio de entrevistas individuais, aplicadas mediante questionário eletrônico estruturado e Unidade Automatizada de Respostas Audíveis e Auditáveis, por meio de ligações para telefones móveis (celulares). A inteligência artificial é empregada exclusivamente para a transcrição automatizada das respostas em áudio, não interferindo na formulação das perguntas, na condução das entrevistas, na coleta das informações, na interpretação das respostas ou no tratamento estatístico dos dados.

A participação dos eleitores é voluntária, espontânea e não remunerada. As respostas são prestadas por autodeclaração, sendo, em sua maioria, registradas por meio de códigos numéricos correspondentes às alternativas previamente definidas no questionário.

A utilização de sistema eletrônico automatizado para a coleta e o registro das respostas proporciona elevado nível de padronização operacional, reduz a possibilidade de interferência humana durante a realização das entrevistas, amplia a rastreabilidade e a auditabilidade de todo o processo de coleta e contribui para maior precisão, consistência e confiabilidade dos dados obtidos.

O plano amostral foi elaborado para assegurar a representatividade estatística do eleitorado da respectiva Unidade da Federação, observando critérios técnicos de seleção, distribuição e ponderação da amostra, quando aplicáveis.";"A pesquisa foi planejada para produzir uma amostra estatisticamente representativa do eleitorado do estado DA BAHIA, utilizando o método de Probabilidade Proporcional ao Tamanho (PPT), com plano amostral em múltiplos estágios. Na primeira etapa, esta Unidade da Federação é dividida em macrorregiões, de forma a assegurar adequada distribuição territorial da amostra e representação das diferentes características geográficas, demográficas e eleitorais. Na segunda etapa, os municípios de cada estrato são ordenados segundo seu porte populacional e eleitoral e sorteados. Na terceira etapa, os respondentes são selecionados entre os eleitores aptos residentes nos municípios sorteados, observando-se a distribuição proporcional da amostra e as cotas estabelecidas para as variáveis de sexo, faixa etária, grau de instrução e nível econômico. As cotas são estabelecidas para a pesquisa completa, considerando a composição do eleitorado e os parâmetros oficiais de referência, não sendo aplicadas isoladamente a cada município selecionado.

SEXO E FAIXA ETÁRIA - Fonte: Tribunal Superior Eleitoral (TSE), Perfil do Eleitorado, junho de 2026. Feminino de 16 a 34 anos: 17%; Masculino de 16 a 34 anos: 15,6%; Feminino de 35 a 54 anos: 20,4%; Masculino de 35 a 54 anos: 18,4%; Feminino com 55 anos ou mais: 15,4%; Masculino com 55 anos ou mais: 13,2%. Os parâmetros de sexo e idade têm como referência o cadastro eleitoral brasileiro atualizado pelo Tribunal Superior Eleitoral, considerando o universo de eleitores aptos com 16 anos ou mais.

GRAU DE INSTRUÇÃO - Fonte: IBGE - PNAD Contínua Anual 2025. A distribuição é: sem instrução 7,2%; ensino fundamental incompleto ou equivalente 30%; ensino fundamental completo ou equivalente 6,7%; ensino médio incompleto ou equivalente 8,8%; ensino médio completo ou equivalente 32,5%; ensino superior incompleto ou equivalente 4%; ensino superior completo 10,9%. Para não confundir os respondentes as faixas de escolaridade no questionário foram agrupadas em 3 faixas: até ensino fundamental incompleto e completo, ensino médio incompleto e completo e superior incompleto, completo ou mais. A PNAD Contínua é utilizada como referência por constituir a fonte oficial mais atualizada para a mensuração do nível de instrução da população brasileira, sua utilização também corrige limitações decorrentes da ausência de atualização obrigatória e contínua das informações de escolaridade no cadastro eleitoral do Tribunal Superior Eleitoral.

NÍVEL ECONÔMICO - RENDA FAMILIAR DO DOMICÍLIO - Fonte: IBGE - PNAD Contínua Anual 2025. Considera-se a renda domiciliar total, compreendendo rendimentos provenientes de trabalho formal e informal, aposentadorias, pensões, benefícios sociais e demais fontes de renda existentes no domicílio. observando-se a seguinte distribuição: renda familiar de até 2 salários-mínimos 60,5%; de 2 a 5 salários-mínimos 29,8%, acima de 5 salários-mínimos 9,7%.

PONDERAÇÃO E CALIBRAÇÃO DA AMOSTRA - Prevê-se eventual ponderação das variáveis de sexo, faixa etária, grau de instrução e nível econômico, caso sejam verificadas diferenças relevantes entre a distribuição da amostra efetivamente coletada e os parâmetros populacionais de referência adotados. Inicialmente, o fator de ponderação é igual a 1 (um), podendo ser recalculado sempre que necessário para assegurar a representatividade estatística da amostra.
INTERVALO DE CONFIANÇA E MARGEM DE ERRO - O intervalo de confiança adotado é de 95%, com margem máxima estimada de erro de aproximadamente 2,5 pontos percentuais, para mais ou para menos, sobre os resultados do total da amostra, calculada segundo o modelo de amostragem aleatória simples e a hipótese de máxima variabilidade.";"Após os trabalhos de coleta de dados, os questionários são submetidos a uma fiscalização, conferência e checagem de cerca de 20% (vinte por cento) dos questionários aplicados. Todas as entrevistas são integralmente registradas em áudio, permanecendo auditáveis e rastreáveis, permitindo a verificação da integridade do processo de coleta, preservado o sigilo das informações pessoais dos entrevistados e observadas as disposições da Lei Geral de Proteção de Dados Pessoais (Lei nº 13.709/2018).";"Em observância ao art. 2º, § 7º, da Resolução TSE nº 23.600/2019, com redação dada pela Resolução TSE nº 23.747/2026, a presente pesquisa terá seu registro complementado no Sistema de Registro de Pesquisas Eleitorais a partir da data em que sua divulgação for permitida e até o dia seguinte, com a identificação dos municípios em que foram realizadas as entrevistas, bem como da composição final da amostra quanto a gênero, idade, grau de instrução e nível econômico, na forma exigida pela legislação eleitoral vigente."
"28/09/2026";"05:46:54";2026;81;"Eleições Gerais 2026";"BA";"BA";"BAHIA";"BA000802026";"2026-05-23 18:51:15";"S";"00654576000172";"INSTITUTO VERITA LTDA";"VERITA";"Governador, Senador";"2026-05-22 00:00:00";"2026-05-26 00:00:00";"2026-05-29 00:00:00";2020;"10699";"GUILHERME ALVARENGA LAIA";"155540,00";"Pesquisa quantitativa, que consiste na realização de entrevistas, com a aplicação de questionário estruturado junto a uma amostra representativa do eleitorado desta Unidade da Federação.";"ESTUDO REPRESENTATIVO DO ELEITORADO DO ESTADO DA BAHIA - MÉTODO PPT (Probabilidade Proporcional ao Tamanho) - PLANO AMOSTRAL E PONDERAÇÃO QUANTO A SEXO, IDADE, GRAU DE INSTRUÇÃO E NÍVEL ECONÔMICO DO ENTREVISTADO; INTERVALO DE CONFIANÇA E MARGEM DE ERRO: Representativo do eleitorado da área em estudo, elaborada, em vários estágios, da seguinte forma: - 1. Divisão da UF em estratos proporcionais de municípios. 2. Ordenação dos municípios de cada estrato segundo o porte. 3. Sorteio dos municípios de cada estrato. 4. Os respondentes são selecionados através de quotas amostrais proporcionais em função de variáveis significativas, a saber: GÊNERO / FAIXA ETÁRIA - FEMININO E MASCULINO 16 A 34 ANOS 16,7% E 15,4%, 35 A 54 ANOS 20,7% E 18,6%, 55 ANOS OU MAIS 15,4% E 13,3%. GRAU DE INSTRUÇÃO ¿ FEMININO E MASCULINO Sem instrução até Ensino Médio completo 69,6%, Ensino superior incompleto e completo 30,4% NÍVEL ECONÔMICO - FEMININO população não economicamente ativa 46,5% população economicamente ativa 53,5% MASCULINO população não economicamente ativa 27,2% população economicamente ativa 72,8%. RENDA FAMILIAR DO DOMICÍLIO renda familiar de até 2 salários-mínimos 30,7%; de 2 a 5 salários-mínimos 44,2%, acima de 5 salários-mínimos 25,1%. Está prevista eventual ponderação para correção das variáveis, com base nos percentuais anteriormente mencionados, caso ocorram diferenças superiores a margem de erro da pesquisa previsto entre a amostra e a coleta de dados realizada. O fator previsto para ponderação é 1 (resultados obtidos na coleta de dados). O intervalo de confiança estimado é de 95% e a margem de erro máxima estimada considerando um modelo de amostragem aleatório simples, é de aproximadamente 2,5 pontos percentuais para mais ou para menos sobre os resultados encontrados no total da amostra. FONTE DOS DADOS: IBGE/Censo 2022 para fins de densidade demográfica, setores censitários e alocação da amostra. IBGE/PNAD/PNADC/MEC/INEP para fins de Nível Econômico e Escolaridade. TSE FEVEREIRO/2026 para fins de Sexo, Faixa Etária e eleitorado por município ou regiões previamente definidas (importante ressaltar para o público leigo que os dados do TSE são os únicos corretos para gênero, idade dos eleitores e quantitativo de eleitores por municípios já que a base de dados se atualiza automaticamente, PORÉM, dados de escolaridade e nível econômico NÃO são corretos e confiáveis devido a desatualização que ocorre naturalmente com o passar dos anos). Definição de margem de erro e intervalo de confiança: Margem de erro e intervalo de confiança não são grandezas diretamente proporcionais. A SOMA NÃO TEM QUE RESULTAR 100%. ";"Após os trabalhos de coleta de dados, os questionários são submetidos a uma fiscalização, conferência e checagem de cerca de 20% (vinte por cento) dos questionários aplicados.";"A relação dos municípios sorteados ou selecionados para esta pesquisa será apresentada em arquivo anexo até 1 (um) dia após a divulgação desta pesquisa conforme §7º. do art. 2º. da Resolução-TSE nº. 23.600/2019. A área de abrangência desta pesquisa é o Estado DA BAHIA"
"28/09/2026";"05:46:54";2026;81;"Eleições Gerais 2026";"BA";"BA";"BAHIA";"BA022452026";"2026-03-17 23:19:02";"S";"00654576000172";"INSTITUTO VERITA LTDA";"VERITA";"Governador, Senador, Deputado Federal, Deputado Estadual";"2026-03-18 00:00:00";"2026-03-24 00:00:00";"2026-03-23 00:00:00";2020;"10699";"GUILHERME ALVARENGA LAIA";"155540,00";"Pesquisa quantitativa, que consiste na realização de entrevistas, com a aplicação de questionário estruturado junto a uma amostra representativa do eleitorado desta Unidade da Federação.";"ESTUDO REPRESENTATIVO DO ELEITORADO DO ESTADO DA BAHIA - MÉTODO PPT (Probabilidade Proporcional ao Tamanho) - PLANO AMOSTRAL E PONDERAÇÃO QUANTO A SEXO, IDADE, GRAU DE INSTRUÇÃO E NÍVEL ECONÔMICO DO ENTREVISTADO; INTERVALO DE CONFIANÇA E MARGEM DE ERRO: Representativo do eleitorado da área em estudo, elaborada, em vários estágios, da seguinte forma: - 1. Divisão da UF em estratos proporcionais de municípios. 2. Ordenação dos municípios de cada estrato segundo o porte. 3. Sorteio dos municípios de cada estrato. 4. Os respondentes são selecionados através de quotas amostrais proporcionais em função de variáveis significativas, a saber: GÊNERO / FAIXA ETÁRIA - FEMININO E MASCULINO 16 A 34 ANOS 16,7% E 15,4%, 35 A 54 ANOS 20,7% E 18,6%, 55 ANOS OU MAIS 15,4% E 13,3%. GRAU DE INSTRUÇÃO - FEMININO Sem instrução até Ensino Médio completo 69,6%, Ensino superior incompleto e completo % NÍVEL ECONÔMICO - FEMININO população não economicamente ativa 46,5% população economicamente ativa 53,5% MASCULINO população não economicamente ativa 27,2% população economicamente ativa 72,8%. RENDA FAMILIAR DO DOMICÍLIO renda familiar de até 2 salários-mínimos 30,7%; de 2 a 5 salários-mínimos 44,2%, acima de 5 salários-mínimos 25,1%. Está prevista eventual ponderação para correção das variáveis, com base nos percentuais anteriormente mencionados, caso ocorram diferenças superiores a margem de erro da pesquisa previsto entre a amostra e a coleta de dados realizada. O fator previsto para ponderação é 1 (resultados obtidos na coleta de dados). O intervalo de confiança estimado é de 95% e a margem de erro máxima estimada considerando um modelo de amostragem aleatório simples, é de X,X pontos percentuais para mais ou para menos sobre os resultados encontrados no total da amostra. FONTE DOS DADOS: IBGE/Censo 2022 para fins de densidade demográfica, setores censitários e alocação da amostra. IBGE/PNAD/PNADC/MEC/INEP para fins de Nível Econômico e Escolaridade. TSE FEVEREIRO/2026 para fins de Sexo, Faixa Etária e eleitorado por município ou regiões previamente definidas (importante ressaltar para o público leigo que os dados do TSE são os únicos corretos para gênero, idade dos eleitores e quantitativo de eleitores por municípios já que a base de dados se atualiza automaticamente, PORÉM, dados de escolaridade e nível econômico NÃO são corretos e confiáveis devido a desatualização que ocorre naturalmente com o passar dos anos). Definição de margem de erro e intervalo de confiança: Margem de erro e intervalo de confiança não são grandezas diretamente proporcionais. A SOMA NÃO TEM QUE RESULTAR 100%. ";"Após os trabalhos de coleta de dados, os questionários são submetidos a uma fiscalização, conferência e checagem de cerca de 20% (vinte por cento) dos questionários aplicados.";"A relação dos municípios sorteados ou selecionados para esta pesquisa será apresentada em arquivo anexo até 1 (um) dia após a divulgação desta pesquisa conforme §7º. do art. 2º. da Resolução-TSE nº. 23.600/2019. A área de abrangência desta pesquisa é o Estado DA BAHIA"
"28/09/2026";"05:46:54";2026;81;"Eleições Gerais 2026";"BA";"BA";"BAHIA";"BA097622026";"2026-08-13 19:05:02";"N";"13475743000160";"BOAS IDEIAS INTELIGENCIA EM PESQUISA E ESTRATEGIA DIGITAL LTDA";"BOAS IDEIAS, ESTRATEGIA E INTELIGENCIA DIGITAL.";"Governador, Senador";"2026-08-14 00:00:00";"2026-08-18 00:00:00";"2026-08-19 00:00:00";1500;"10524";"ADRIANA APARECIDA MARCAL";"35000,00";"Pesquisa quantitativa com aplicação de questionário estruturado, através pesquisa telefônica, junto a uma parcela representativa do eleitorado do estado da Bahia.";"Representativo do eleitorado da área em estudo selecionado por amostragem através do método de probabilidade proporcional ao tamanho (PPT), com a técnica de Random Digit Dialing (RDD), que consiste na geração aleatória de números de telefone, assegurando que todos os indivíduos da população-alvo tenham probabilidade conhecida e diferente de zero de serem selecionados, o que permite o cálculo estatístico do tamanho da amostra, da margem de erro e dos intervalos de confiança. Considerando a população com 16 anos ou mais residente na localidade pesquisada em função das seguintes variáveis: Gênero: Masculino: 47%; Feminino: 53%; Grupos de idade: 16-24: 13%; 25-34: 19%; 35-44: 20%; 45-59: 26%; 60 anos e mais: 22%; Nível de escolaridade: Fundamental: 43%; Médio: 46% e Superior: 11%; Nível Econômico: Economicamente Ativo: 52%, Não Economicamente Ativo: 48%. Ponderação dos resultados: Está prevista eventual ponderação para correção das variáveis sexo e idade com base nos percentuais anteriormente mencionados, caso ocorram diferenças superiores a 2,5 pontos percentuais entre o previsto na amostra e a coleta de dados realizada. Para as variáveis de grau de instrução e nível econômico do entrevistado, o fator previsto para ponderação é 1 (resultados obtidos em campo). Margem de Erro: A margem de erro máxima estimada, considerando um modelo de amostragem aleatório simples, é de 2,5% para mais ou para menos e o nível de confiança é de 95%. Fonte dos dados: As proporções das variáveis são definidas a partir das pesquisas PNAD 2025 e Censo 2022/IBGE, TSE 2025.
";"Os pesquisadores envolvidos na realização desta pesquisa são devidamente treinados para aplicação da técnica e deste tipo de questionário, recebendo instruções específicas para cada projeto. A coleta será feita por telefone. São checados 30% dos questionários de cada pesquisador, posteriormente, por telefone. Há monitoramento de contatos telefônicos. Internamente, todo o material é verificado e codificado. Antes do processamento final e emissão dos resultados, realiza-se processo de consistência dos dados.";"A área de abrangência da coleta é o estado da Bahia. A relação das localidades selecionadas para aplicação da amostra será apresentada até o dia seguinte ao registro da pesquisa, conforme expresso no art. 2º, §7º da Resolução 23.600/2019 do TSE."
"28/09/2026";"05:46:54";2026;81;"Eleições Gerais 2026";"BA";"BA";"BAHIA";"BA056712026";"2026-09-27 01:19:35";"N";"19259002000128";"ATLASINTEL TECNOLOGIA DE DADOS LTDA";"ATLASINTEL";"Governador, Senador";"2026-09-27 00:00:00";"2026-10-02 00:00:00";"2026-10-03 00:00:00";2200;"11220";"ANDREI CAMILO DOS SANTOS";"75000,00";"Pesquisa quantitativa com coleta aleatória via questionário estruturado web e pós-estratificação da amostra de acordo com as características do eleitorado de Bahia.";"Amostra aleatória pós-estratificada via algoritmo iterativo com quotas proporcionais, representando as características do eleitorado de Bahia:
SEXO: Masculino: 47.2%; Feminino: 52.8%.
FAIXA ETÁRIA: Entre 16 a 24 anos: 12.9%; Entre 25 a 34 anos: 19.2%; Entre 35 a 44 anos: 20.2%; Entre 45 a 59 anos: 26.2%; 60 ou mais: 21.6%.
ESCOLARIDADE: Até Ensino Médio completo ou incompleto (inclui Ensino Fundamental completo/incompleto e pessoas sem instrução): 80.2%; Ensino Superior completo ou incompleto: 19.8%.
NÍVEL ECONÔMICO: Renda familiar mensal até R$ 2.000: 30.4%; de R$ 2.000 a R$ 3.000: 15.5%; de R$ 3.000 a R$ 5.000: 29.5%; de R$ 5.000 a R$ 10.000: 16.8%; mais de R$ 10.000: 7.8%.
OBS.: devido ao arredondamento, a soma dos percentuais pode variar de 99% a 101%. Na agregação final, para cada variável de ponderação, serão admissíveis desvios de até 2 pontos percentuais em relação às quotas estipuladas. Confiança estimada: 95%, margem de erro: +/- 2.0 pontos percentuais. FONTE DOS DADOS: PNADC 2026 para escolaridade | PNADC 2025 para renda | TSE 2026 para sexo e faixa etária.";"Coleta feita com a utilização de questionário eletrônico com procedimentos específicos para o armazenamento seguro dos dados. São checados manualmente no mínimo 15% dos questionários para detectar possíveis anomalias. Pesquisadores especializados realizam internamente uma verificação exaustiva da consistência dos dados antes da divulgação dos resultados finais.";"#NULO#"
"28/09/2026";"05:46:54";2026;81;"Eleições Gerais 2026";"BA";"BA";"BAHIA";"BA055762026";"2026-09-27 21:18:13";"S";"24899123000174";"INSTITUTO FRANCA DE PESQUISAS LTDA";"INSTITUTO FRANCA DE PESQUISA PESQUISA E ASSESSORIA";"Governador, Senador";"2026-09-28 00:00:00";"2026-10-02 00:00:00";"2026-10-03 00:00:00";1536;"10682";"Aldine Andrea Oliveira de Sousa Cabral";"20000,00";"Pesquisa de natureza quantitativa, realizada por meio da execução da metodologia CATI (FONE), com aplicação de questionário estruturado junto a eleitoras e eleitores aptos a votar no Estado da Bahia. A pesquisa é realizada por iniciativa do Instituto França, sem contratante externo, sendo a própria entidade responsável pela realização e pelo custeio do levantamento. Os recursos empregados na execução da pesquisa são provenientes do caixa próprio da empresa, devendo o valor informado no registro corresponder aos recursos atribuídos à realização do levantamento, conforme os critérios administrativos, operacionais e contábeis adotados pela entidade.";"Universo: eleitoras e eleitores com 16 anos de idade ou mais. Tamanho da amostra: 2000 entrevistas. Técnica de amostragem: amostra aleatória simples a partir de banco de dados de números telefônicos fixos e celulares. A amostra é estratificada por região geográfica com base no município informado quando da coleta. Na apresentação final do resultado da pesquisa os dados serão ponderados com base nos percentuais mencionados abaixo, caso ocorram diferenças entre os percentuais previstos na amostra e a coleta de dados realizada. Fonte pública dos dados: TSE (julho 2026) e IBGE (Censo 2010 e Censo 2022). As categorias demográficas foram estratificadas da seguinte forma: Sexo (Masculino 47,23% e Feminino: 52,77%); Faixa Etária: 16 anos (F = 0,47% M = 0,45%) 17 anos (F = 0,78% M = 0,74%) 18 anos (F = 1,29% M = 1,38%) 19 anos (F = 1,44% M = 1,57%), 20 anos (F = 1,56% M = 1,70%), 21 a 24 anos (F = 6,99% M = 7,40%), 25 a 29 anos (F = 9,62% M = 9,85%), 30 a 34 anos (F = 9,52% M = 9,46%), 35 a 39 anos (F = 9,55% M = 9,43%), 40 a 44 anos (F = 10,65% M = 10,68%), 45 a 49 anos (F = 10,08% M = 10,29%), 50 a 54 anos (F = 8,36% M = 8,51%), 55 a 59 anos (F = 7,59% M = 7,57%), 60 a 64 anos (F = 6,72% M = 6,64%%), 65 a 69 anos (F = 5,42% M = 5,26%), 70 a 74 anos (F = 4,12% M = 3,84%), 75 a 79 anos (F = 2,92% M = 2,65%), 80 a 84 anos (F = 1,64% M = 1,47%), 85 a 89 anos (F = 0,83% M = 0,72%), 90 a 94 anos (F = 0,32% M = 0,27%), 95 a 99 anos (F = 0,09% M = 0,08%) , 100 anos ou mais (F = 0,02% M = 0,02%); Grau de Instrução: Analfabeto (F = 4,95% M = 5,75%), Lê E Escreve (F = 10,03% M = 12,45%), Ensino Fundamental Incompleto (F = 19,39% M = 24,67%), Ensino Fundamental Completo (F = 3,75% M = 4,62%), Ensino Médio Incompleto (F = 17,27% M = 18,42%), Ensino Médio Completo (F = 30,61% M = 24,86%); Superior Incompleto (F = 4,24% M = 3,40%), Superior Completo (F= 9,76% M = 5,82%). Para a variável Nível Econômico: SEM RENDA ATÉ 1 SALÁRIO MÍNIMO 32,95%, MAIS DE 1 ATÉ 2 SALÁRIOS MÍNIMOS 27,56%, MAIS DE 2 ATÉ 5 SALÁRIOS MÍNIMOS 26,58%, MAIS DE 5 ATÉ 10 SALÁRIOS MÍNIMOS 7,96%, MAIS DE 10 ATÉ 20 SALÁRIOS MÍNIMOS 3,20%, MAIS DE 20 SALÁRIOS MÍNIMOS 1,75%. Para fins de dimensionamento e estimação da precisão amostral, adota-se como referência a aproximação normal para estimação de proporções, considerando máxima variabilidade populacional (p = 0,50 e q = 0,50), nível de confiança de 95% e hipótese estatística de equivalência à amostragem aleatória simples. Nessas condições, a margem de erro máxima estimada para os resultados referentes ao conjunto da amostra é de aproximadamente 3,0 pontos percentuais, para mais ou para menos. Fontes dos dados Para elaboração, execução e controle do plano amostral serão utilizadas fontes públicas devidamente identificadas, compreendendo: Tribunal Superior Eleitoral ¿ TSE: dados públicos relativos ao eleitorado apto e às características demográficas do eleitorado utilizadas na elaboração das quotas e dos parâmetros amostrais; Instituto Brasileiro de Geografia e Estatística ¿ IBGE: malha e identificação dos setores censitários/localidades, dados populacionais e demais informações demográficas, territoriais e socioeconômicas efetivamente utilizadas no planejamento da pesquisa;";"As entrevistas serão realizadas por equipe de entrevistadores e supervisores devidamente selecionados, treinados e orientados pelo Instituto França de Pesquisas, com experiência na execução de pesquisas de opinião pública e eleitoral. Todo o processo de coleta será acompanhado pela coordenação responsável, mantendo-se registros e mecanismos internos de controle destinados a assegurar a qualidade e a confiabilidade das informações obtidas.";"A área de abrangência da coleta corresponde ao Estado da Bahia. Os dados relativos aos municípios, bairros e demais áreas geográficas efetivamente pesquisadas serão informados na complementação do registro da pesquisa, dentro do prazo estabelecido pela regulamentação eleitoral vigente."
"28/09/2026";"05:46:54";2026;81;"Eleições Gerais 2026";"BA";"BA";"BAHIA";"BA091212026";"2026-09-26 21:59:06";"N";"39265223000116";"TML DE SOUZA PAIVA PUBLICIDADES";"PUBLIVENDE ASSSSSORIA E COMUNICACAO";"Governador, Senador";"2026-09-27 00:00:00";"2026-10-01 00:00:00";"2026-10-02 00:00:00";2200;"8532";"HILDETE ALVES DA COSTA";"20000,00";"Pesquisa quantitativa, consistente na realização de entrevistas, com a aplicação de questionário estruturado
junto a uma amostra representativa do eleitorado referente aos municípios da Unidade da Federaçãocom o objetivo de esclarecer a tendência da opinião eleitoral
acerca dos candidatos e identificar o perfil dos entrevistados. Assim, foram analisados criteriosamente os
fatores estatístico-amostrais: idade, gênero, grau de instrução, faixa de renda, bem como a situação da cidade
onde foi executada a pesquisa, a fim de se obter um planejamento eficiente e condizente com os recursos
disponíveis. A definição dos 66 municípios seguiu um critério técnico¿estatístico baseado na estrutura
territorial do Estado e na distribuição do eleitorado.
Inicialmente, o universo foi estratificado pelas regiões geográficas imediatas da Bahia (conforme classificação
do IBGE). Para cada região imediata, calculou¿se o número de entrevistas de forma proporcional ao total de
eleitores nela residentes (Eleitorado TSE), garantindo que o peso de cada região na amostra refletisse seu
peso no eleitorado estadual.
Em seguida, dentro de cada região imediata, os municípios foram selecionados de modo a compor o total de
66, assegurando que todas as regiões estivessem representadas e que houvesse equilíbrio entre áreas de
maior e menor porte populacional. A alocação de entrevistas em cada município também foi proporcional ao
seu número de eleitores, de forma a preservar a representatividade interna de cada estrato territorial.2. Método de amostragem e seleção da amostra
A amostragem foi realizada pelo método PPT (Probabilidade Proporcional ao Tamanho), sendo a amostra
total dividida em subamostras. Em cada subamostra, foi aplicada a amostragem aleatória simples, garantindo
que todas as unidades da população tivessem a mesma probabilidade de serem selecionadas. Esse
procedimento assegura a aleatoriedade interna de cada parte da amostra e mantém a representatividade
estatística do conjunto: 1 - todos os indivíduos da população têm a mesma probabilidade de serem escolhidos
para a amostra; e 2 - cada subconjunto possível de indivíduos (amostra) tem a mesma probabilidade de ser
escolhido que qualquer outro subconjunto de indivíduos. De forma mais rigorosa, pode-se dizer que uma
amostra aleatória simples é uma amostra de tamanho n extraída de uma população de tamanho N, de tal
maneira que cada amostra possível de tamanho n tenha a mesma probabilidade de ser selecionada.
A amostra é representativa dos eleitores do Estado da Bahia e foi selecionada em duas etapas. Na primeira
etapa, realizou-se um sorteio probabilístico das localidades onde as entrevistas seriam realizadas, por meio
do método PPT (2), considerando-se a população com 16 anos ou mais residente nas localidades como base
para essa seleção (3). Na segunda etapa, a seleção do entrevistado dentro da localidade foi feita utilizandose quotas amostrais proporcionais.
Em seguida, dentro de cada estrato (região imediata), foi realizada amostragem aleatória dos municípios,
respeitando a proporção de eleitores atribuída àquela região. Contudo, municípios de grande porte eleitoral,
como Salvador, Feira de Santana Vitória da Conquista, Camaçari e outros polos regionais, não podiam ser
excluídos aleatoriamente, pois concentram parcelas expressivas do eleitorado e exercem influência política
significativa. Por isso, esses municípios foram incluídos obrigatoriamente, enquanto os demais foram
selecionados por sorteio dentro do estrato.";"Dessa forma, o tamanho da amostra utilizada será de 2.200 (dois mil e duzentos), calculado com base na
população dos municípios citados, mediante amostragem aleatória simples e entrevistas pessoais com
eleitores de 16 anos ou mais, conforme o plano amostral a seguir: GÊNERO: gênero masculino (47,23%) e
gênero feminino (52,76%). FAIXA ETÁRIA: de 16 a 24 anos (12,86%), de 25 a 34 anos (19,22%), de 35 a 44
(20,16%) de 45 a 59 (26,20%) e de 60 anos ou mais (21, 56%). ESCOLARIDADE: Analfabeto (5,33%), Lê e
escreve (11,17%), Ensino Fundamental Incompleto (21,89%), Ensino Fundamental Completo (4,16%), Ensino
Médio Incompleto (17,81%), Ensino Médio Completo (27,90%), Ensino Superior Incompleto (3,84%) e Ensino
Superior Completo (7,90%). RENDA: SR (1,53%), Até ¼ do SM (10,04%), Mais de ¼ a ½ do SM (12,93%), Mais
de ½ a 1 SM (36,16%), Mais 1 a 2 SM (21,73%), Mais de 2 a 3 SM (7,75%), Mais de 3 a 5 SM (5,73%), Mais de
5 a 10 SM (2,82%), Mais de 10 a 15 SM (0,62%), Mais de 15 a 20 SM (0,38%), Mais de 20 SM (0,32%). (4).
A coleta de dados seguiu quotas proporcionais fixas para a variável gênero e quotas flexíveis para idade,
escolaridade e renda. Será admitida uma margem de flexibilização de 4,0 (quatro vírgula zero) pontos
percentuais, para mais ou para menos, nas variáveis flexíveis. Caso fossem identificadas diferenças superiores
a esse limite entre a distribuição prevista na amostra e os resultados obtidos em campo, seria aplicada
ponderação sobre idade, escolaridade e renda, de modo a corrigir eventuais desequilíbrios na composição da
amostra. Após a etapa de coleta, na fase de processamento e tabulação dos dados, será aplicado um fator de
ponderação sobre as variáveis de controle (5), com o objetivo de ajustar possíveis desvios ocorridos durante
o trabalho de campo e garantir que a amostra final ficasse mais próxima do perfil real da população.
Renda Individual https://sidra.ibge.gov.br/tabela/10292; O nível de confiança estimado é de 95% (noventa e cinco por cento), para uma margem de erro estimada ,considerando-se uma técnica de amostragem aleatória simples, de aproximadamente 2,09 (dois vírgula zero
nove) pontos percentuais, para mais ou para menos, sobre os resultados obtidos.";"A organização e todos os dados serão coletados de forma transparente, respeitosa e precisa, seguindo
rigorosamente os critérios estatísticos que garantem a confiabilidade e a facilidade de acesso às informações,
permitindo ao entrevistado firmar sua opinião eleitoral acerca da temática. Para a realização da pesquisa, será utilizada equipes de entrevistadores, fiscais de campo e um supervisor devidamente treinados pela
TML DE SOUZA PAIVA PUBLICIDADE (TML), com experiência em pesquisas de opinião pública. O trabalho de
campo será acompanhado ininterruptamente por um supervisor, que checou as visitas aos bairros e às áreas
predefinidas, visando manter o equilíbrio e a qualidade da amostra conforme as ponderações especificadas.
Após o trabalho de campo, os questionários serão auditados em, no mínimo, 20% (vinte por cento). No
escritório da empresa, antes da tabulação dos dados, todos os questionários da amostra foram analisados e
conferidos criteriosamente, assim como as planilhas de fiscalização adotadas no trabalho de campo. Haverá
filtragem em todos os questionários após a realização das entrevistas. Vale enfatizar que a pesquisa será
realizada de 27 de setembro até 01 de outubro do corrente ano (2026), com pessoas pertencentes às faixas etárias
de 16 a 60 anos ou mais. Serão utilizados questionários elaborados de acordo com os objetivos da pesquisa.As informações utilizadas para definição e controle das quotas amostrais e para a organização territorial da
pesquisa foram extraídas das seguintes fontes públicas oficiais:
Tribunal Superior Eleitoral (TSE) ¿ Estatísticas Eleitorais / SIG Eleição ¿ Eleitorado da Eleição 2026,
Unidade da Federação: Bahia (BA). Fonte utilizada para as distribuições relativas a gênero, faixa etária e
grau de instrução do eleitorado. A consulta deve ser identificada como referente ao eleitorado da eleição de
2026 no Estado da Bahia, no sistema de estatísticas eleitorais do TSE (SIG Eleição ¿ Eleitorado).
Instituto Brasileiro de Geografia e Estatística (IBGE) Sistema IBGE de Recuperação Automática
(SIDRA) Censo Demográfico 2022 Tabela 10292 , utilizada como referência para a variável rendimento.
Instituto Brasileiro de Geografia e Estatística (IBGE) ¿ Censo Demográfico 2022 ¿ Malha de Setores
Censitários 2022 e respectivos arquivos geoespaciais e agregados por setores censitários. Fonte utilizada
para a identificação e organização territorial dos setores censitários, situação urbana ou rural, municípios,
distritos, subdistritos, bairros, núcleos urbanos e aglomerados rurais, bem como para a vinculação dos setores
às Regiões Geográficas Imediatas e Intermediárias. A Malha de Setores Censitários 2022 disponibiliza, entre
outros, os campos de identificação do setor censitário, município, distrito, subdistrito, bairro, situação do
setor, aglomerado, Região Geográfica Imediata e Região Geográfica Intermediária.
TSE ¿ SIG Eleição ¿ Eleitorado: TSE ¿ SIG Eleição ¿ Eleitorado: https://sig.tse.jus.br/ords/dwapr/r/seai/sigeleicao-eleitorado/home?p0_uf=BA ;
IBGE/SIDRA ¿ Tabela 10292: https://sidra.ibge.gov.br/tabela/10292;
IBGE ¿ Censo Demográfico 2022 / Malha de Setores Censitários:
https://www.ibge.gov.br/estatisticas/sociais/populacao/22827-censo-demografico-2022.html.";"Em observância ao art. 2º, § 7º, da Resolução TSE nº 23.600/2019, com redação dada pela Resolução TSE nº 23.747/2026, a presente pesquisa terá seu registro complementado no Sistema de Registro de Pesquisas Eleitorais a partir da data em que sua divulgação for permitida e até o dia seguinte"
"28/09/2026";"05:46:54";2026;81;"Eleições Gerais 2026";"BA";"BA";"BAHIA";"BA018772026";"2026-04-27 23:15:05";"N";"24091590000173";"DATA POVO INSTITUTO DE PESQUISAS MARKETING E CONSULTORIA LTDA";"DATA POVO CONSULTORIA";"Governador";"2026-04-20 00:00:00";"2026-04-21 00:00:00";"2026-05-03 00:00:00";1000;"10233";"Israel Oliveira da Costa Sousa";"91500,00";"Pesquisa quantitativa, do tipo survey, realizada por meio de entrevistas diretas, com aplicação de questionário estruturado a uma amostra representativa do eleitorado da Bahia.";"O universo pesquisado é o eleitorado Estado da Bahia, com 16 anos ou mais, que esteja apto a votar. O tamanho da amostra prevista é de 1.000 entrevistas, com uma margem de erro de 3,10% A amostra foi calculada pelo método de amostragem aleatória simples, essa amostra é estratificada com as cotas de ponderação segundo as variáveis sexo, idade, grau de instrução e nível econômico do eleitorado. O tamanho dos estratos será proporcional a esses segmentos, de acordo com as informações de estatística do eleitorado fornecidas pelo Tribunal Superior Eleitoral - TSE (dados do eleitorado de março/2026) e para as classes de rendimento, dados do Censo Demográfico realizado pelo Instituto Brasileiro de Geografia e Estatística - IBGE. Os tamanhos desses segmentos são: SEXO: Masculino (47%) e Feminino (53%); FAIXA ETÁRIA: 16 a 24 anos (13%), 25 a 44 anos (40%), 45 a 59 anos (26%) e 60 anos acima (21%); GRAU DE INSTRUÇÃO: Sem escolaridade/Lê e escreve (17%), Ensino Fundamental Incompleto/Completo (26%), Ensino Médio Incompleto/Completo (45%) e Ensino Superior Incompleto/Completo (12%); NÍVEL ECONÔMICO: Sem rendimento (5%), Até 1 salário mínimo (28%), De 1 a 2 salários mínimos (27%), De 2 a 5 salários mínimos (27%), De 5 a 10 salários mínimos (8%) e Acima de 10 salários mínimos (5%).";"O trabalho de coleta de dados é feito por entrevistadores e acompanhado in loco por supervisores. Após os trabalhos de campo, os questionários são submetidos a uma fiscalização de cerca de 20% (vinte por cento) dos questionários aplicados pelos entrevistadores; para verificação das respostas e da adequação dos entrevistadores aos parâmetros amostrais. Codificação e crítica de 100% dos questionários antes da tabulação.";"Salvador, Feira de Santana, Vitoria da Conquista, Camaçari, Juazeiro, Ilhéus, Lauro de Freitas, Porto Seguro, São Felix, Luís Eduardo Magalhães, Barreiras, Itacaré, Santo Amaro, São Francisco do Conde."
"28/09/2026";"05:46:54";2026;81;"Eleições Gerais 2026";"BA";"BA";"BAHIA";"BA025312026";"2026-09-10 21:28:30";"S";"00654576000172";"INSTITUTO VERITA LTDA";"VERITA";"Governador, Senador";"2026-09-10 00:00:00";"2026-09-15 00:00:00";"2026-09-16 00:00:00";2020;"10699";"Guilherme Alvarenga Laia";"155540,00";"Estudo quantitativo voltado às Eleições 2026, realizado por meio de entrevistas individuais, aplicadas mediante questionário eletrônico estruturado e Unidade Automatizada de Respostas Audíveis e Auditáveis, por meio de ligações para telefones móveis (celulares). A inteligência artificial é empregada exclusivamente para a transcrição automatizada das respostas em áudio, não interferindo na formulação das perguntas, na condução das entrevistas, na coleta das informações, na interpretação das respostas ou no tratamento estatístico dos dados.

A participação dos eleitores é voluntária, espontânea e não remunerada. As respostas são prestadas por autodeclaração, sendo, em sua maioria, registradas por meio de códigos numéricos correspondentes às alternativas previamente definidas no questionário.

A utilização de sistema eletrônico automatizado para a coleta e o registro das respostas proporciona elevado nível de padronização operacional, reduz a possibilidade de interferência humana durante a realização das entrevistas, amplia a rastreabilidade e a auditabilidade de todo o processo de coleta e contribui para maior precisão, consistência e confiabilidade dos dados obtidos.

O plano amostral foi elaborado para assegurar a representatividade estatística do eleitorado da respectiva Unidade da Federação, observando critérios técnicos de seleção, distribuição e ponderação da amostra, quando aplicáveis.";"A pesquisa foi planejada para produzir uma amostra estatisticamente representativa do eleitorado do estado DA BAHIA, utilizando o método de Probabilidade Proporcional ao Tamanho (PPT), com plano amostral em múltiplos estágios. Na primeira etapa, esta Unidade da Federação é dividida em macrorregiões, de forma a assegurar adequada distribuição territorial da amostra e representação das diferentes características geográficas, demográficas e eleitorais. Na segunda etapa, os municípios de cada estrato são ordenados segundo seu porte populacional e eleitoral e sorteados. Na terceira etapa, os respondentes são selecionados entre os eleitores aptos residentes nos municípios sorteados, observando-se a distribuição proporcional da amostra e as cotas estabelecidas para as variáveis de sexo, faixa etária, grau de instrução e nível econômico. As cotas são estabelecidas para a pesquisa completa, considerando a composição do eleitorado e os parâmetros oficiais de referência, não sendo aplicadas isoladamente a cada município selecionado.

SEXO E FAIXA ETÁRIA - Fonte: Tribunal Superior Eleitoral (TSE), Perfil do Eleitorado, junho de 2026. Feminino de 16 a 34 anos: 17%; Masculino de 16 a 34 anos: 15,6%; Feminino de 35 a 54 anos: 20,4%; Masculino de 35 a 54 anos: 18,4%; Feminino com 55 anos ou mais: 15,4%; Masculino com 55 anos ou mais: 13,2%. Os parâmetros de sexo e idade têm como referência o cadastro eleitoral brasileiro atualizado pelo Tribunal Superior Eleitoral, considerando o universo de eleitores aptos com 16 anos ou mais.

GRAU DE INSTRUÇÃO - Fonte: IBGE - PNAD Contínua Anual 2025. A distribuição é: sem instrução 7,2%; ensino fundamental incompleto ou equivalente 30%; ensino fundamental completo ou equivalente 6,7%; ensino médio incompleto ou equivalente 8,8%; ensino médio completo ou equivalente 32,5%; ensino superior incompleto ou equivalente 4%; ensino superior completo 10,9%. Para não confundir os respondentes as faixas de escolaridade no questionário foram agrupadas em 3 faixas: até ensino fundamental incompleto e completo, ensino médio incompleto e completo e superior incompleto, completo ou mais. A PNAD Contínua é utilizada como referência por constituir a fonte oficial mais atualizada para a mensuração do nível de instrução da população brasileira, sua utilização também corrige limitações decorrentes da ausência de atualização obrigatória e contínua das informações de escolaridade no cadastro eleitoral do Tribunal Superior Eleitoral.

NÍVEL ECONÔMICO - RENDA FAMILIAR DO DOMICÍLIO - Fonte: IBGE - PNAD Contínua Anual 2025. Considera-se a renda domiciliar total, compreendendo rendimentos provenientes de trabalho formal e informal, aposentadorias, pensões, benefícios sociais e demais fontes de renda existentes no domicílio. observando-se a seguinte distribuição: renda familiar de até 2 salários-mínimos 60,5%; de 2 a 5 salários-mínimos 29,8%, acima de 5 salários-mínimos 9,7%.

PONDERAÇÃO E CALIBRAÇÃO DA AMOSTRA - Prevê-se eventual ponderação das variáveis de sexo, faixa etária, grau de instrução e nível econômico, caso sejam verificadas diferenças relevantes entre a distribuição da amostra efetivamente coletada e os parâmetros populacionais de referência adotados. Inicialmente, o fator de ponderação é igual a 1 (um), podendo ser recalculado sempre que necessário para assegurar a representatividade estatística da amostra.
INTERVALO DE CONFIANÇA E MARGEM DE ERRO - O intervalo de confiança adotado é de 95%, com margem máxima estimada de erro de aproximadamente 2,5 pontos percentuais, para mais ou para menos, sobre os resultados do total da amostra, calculada segundo o modelo de amostragem aleatória simples e a hipótese de máxima variabilidade.";"Após os trabalhos de coleta de dados, os questionários são submetidos a uma fiscalização, conferência e checagem de cerca de 20% (vinte por cento) dos questionários aplicados. Todas as entrevistas são integralmente registradas em áudio, permanecendo auditáveis e rastreáveis, permitindo a verificação da integridade do processo de coleta, preservado o sigilo das informações pessoais dos entrevistados e observadas as disposições da Lei Geral de Proteção de Dados Pessoais (Lei nº 13.709/2018).";"Em observância ao art. 2º, § 7º, da Resolução TSE nº 23.600/2019, com redação dada pela Resolução TSE nº 23.747/2026, a presente pesquisa terá seu registro complementado no Sistema de Registro de Pesquisas Eleitorais a partir da data em que sua divulgação for permitida e até o dia seguinte, com a identificação dos municípios em que foram realizadas as entrevistas, bem como da composição final da amostra quanto a gênero, idade, grau de instrução e nível econômico, na forma exigida pela legislação eleitoral vigente."
"28/09/2026";"05:46:54";2026;81;"Eleições Gerais 2026";"BA";"BA";"BAHIA";"BA004782026";"2026-09-10 15:04:20";"N";"24374946000186";"SECULUS CONSULTORIA E ASSESSORIA LTDA ME";"SECULUS CONSULTORIA E ASSESSORIA LTDA";"Governador, Senador";"2026-09-10 00:00:00";"2026-09-15 00:00:00";"2026-09-16 00:00:00";1535;"8223A";"DANILIO SILVA SANTOS";"50000,00";"Assim como em sua parte conceitual a pesquisa será realizada em municípios no Estado da Bahia, subdividido por 07 Mesorregiões. Mesorregião Vale São Franciscano da Bahia, Mesorregião Nordeste Baiano, Mesorregião Centro-Norte Baiano, Mesorregião Metropolitana de Salvador, Mesorregião Sul Baiano, Mesorregião Centro-Sul Baiano, Mesorregião Extremo Oeste Baiano. Tende esclarecer a tendência com relação à opinião eleitoral a cercada dos cenários políticos, buscando identificar o perfil dos entrevistados, assim sendo foram analisados criteriosamente os fatores estatístico amostrais: idade, sexo, grau de instrução, faixa nominal de renda bem como a situação das cidades onde fora executada as amostras, a fim de ter um planejamento eficiente e condizente com os recursos disponíveis.
Amostragem aleatória simples, método PPT (Probabilidade Proporcional ao Tamanho), consiste em uma amostragem onde um conjunto de indivíduos podem ser selecionados totalmente ao acaso a partir de um conjunto maior (a população) por um processo que garanta:
1- Todos os indivíduos da população têm a mesma probabilidade de ser escolhido para a amostra; e
2- Cada subconjunto possível de indivíduos (amostra) tem a mesma probabilidade de ser escolhido que qualquer outro subconjunto de indivíduos.
Se quisermos sermos mais rigorosos poder-se-ia dizer que uma amostra aleatória simples é uma amostra de tamanho n desenhada a partir de uma população de tamanho N de tal maneira que cada amostra possível de tamanho n tem a mesma probabilidade de ser selecionada.";"Desta forma, o tamanho da amostra utilizada será de 1.535 (Hum mil, quinhentos e trinta e cinco), onde fora calculado como base na população do estado da Bahia, através de amostragem aleatória simples, através de entrevistas pessoais com eleitores com 16 anos ou mais como nos indica o plano amostral a seguir: GÊNERO: HOMENS: 47,23% E MULHERES: 52,77%; FAIXA ETÁRIA: 16 ANOS: 0,46%, 17 ANOS: 0,76%, 18 ANOS: 1,33%, 19 ANOS: 1,50%, 20 ANOS: 1,62%, 21 A 24 ANOS: 7,18%, 25 Á 29 ANOS: 9,73%, 30 Á 34 ANOS: 9,49%, 35 Á 39 ANOS: 9,49%, 40 Á 44 ANOS: 10,67%, 45 A 49 ANOS: 10,18%, 50 Á 54 ANOS: 8,43%, 55 Á 59 ANOS: 7,58%, 60 Á 64 ANOS: 6,68%, 65 Á 69 ANOS: 5,34%, 70 Á 74 ANOS: 3,99%, 75 A 79 ANOS: 2,79%, 80 Á 84 ANOS: 1,56%, 85 Á 89 ANOS: 0,78%, 90 Á 94 ANOS: 0,30%, 95 Á 99 ANOS: 0,08%, 100 ANOS OU MAIS: 0,02%; ESCOLARIDADE: ANALFABETO: 5,33%, ENSINO FUNDAMENTAL COMPLETO: 4,16%, ENSINO FUNDAMENTAL INCOMPLETO: 21,89%, ENSINO MÉDIO COMPLETO: 27,90%, ENSINO MÉDIO INCOMPLETO: 17,81%, LÊ E ESCREVE: 11,17%, SUPERIOR COMPLETO: 7,90%, SUPERIOR INCOMPLETO: 3,84%; FAIXA DE RENDA NOMINAL MENSAL: ATÉ ¼ DE SALÁRIO MÍNIMO: 10,04%, MAIS DE ¼ A ½ A SALÁRIO MÍNIMO: 12,93%, MAIS DE ½ A 1 SALÁRIO MÍNIMO: 36,16%, MAIS DE 01 A 02 SALÁRIOS MÍNIMOS: 21,73%, MAIS DE 02 A 03 SALÁRIOS MÍNIMOS: 7,75%, MAIS DE 03 A 05 SALÁRIOS MÍNIMOS: 5,73%, MAIS DE 05 A 10 SALÁRIOS MÍNIMOS: 2,82%, MAIS DE 10 A 15 SALÁRIOS MÍNIMOS: 0,61%, MAIS DE 15 A 20 SALÁRIOS MÍNIMOS: 0,38%, MAIS DE 20 SL MÍNIMOS: 0,32%, SEM RENDIMENTO: 1,53%. Está prevista eventual ponderação para correção das variáveis gênero e faixa etária, com base nos percentuais acima apresentados, caso ocorram diferenças superiores a 3,0 (três virgula zero) pontos percentuais entre o previsto na amostra e a coleta realizada, para as variáveis escolaridade e renda domiciliar mensal, o fator de ponderação é igual a 1, (resultados obtidos no campo). Constituindo o nível de confiança de: 95% e margem de erro estimada de 2,5 pontos percentuais para mais ou para menos sobre os resultados encontrados no total da amostra. Fonte dos dados: TSE-Tribunal Superior Eleitoral ¿ Agosto de 2026 para Gênero/Faixa etária/Escolaridade e IBGE-Censo 2022 para Nível Econômico.";"A organização de todos os dados serão coletados de forma transparente, respeitosa e precisa, seguindo rigorosamente os critérios estatísticos que garante a confiabilidade e facilidade de acesso a informações que busca e firmar sua opinião eleitoral acerca da temática. Para a realização da pesquisa, será utilizada equipes de entrevistadores, um fiscal de campo e um supervisor devidamente treinado pela Empresa SÉCULUS, com experiência em pesquisas de opinião pública. O trabalho de campo é acompanhado ininterruptamente por um supervisor que checa a visita nos bairros e áreas pré-definidas visando manter o equilíbrio e a qualidade da amostra conforme as ponderações especificadas. Após o trabalho de campo, os questionários são auditados, em no mínimo 20% (vinte por cento). No escritório da empresa, antes da tabulação dos dados, todos os questionários da amostra são analisados e conferidos criteriosamente, como também as planilhas de fiscalização adotadas no trabalho de campo. Haverá filtragem em todos os questionários após a realização das entrevistas.
Vale enfatizar que a pesquisa estará sendo realizada no período de 10 a 15 de Setembro do corrente ano, serão realizadas com pessoas entre as faixas etárias de 16 a 60 anos ou mais. Utilizando-se questionários elaborados de acordo com os objetivos da pesquisa.";"A área física de realização da pesquisa é o Estado da Bahia, subdividido por 07 Mesorregiões. Mesorregião Vale São Franciscano da Bahia 6,8%, Mesorregião Nordeste Baiano 11,1%, Mesorregião Centro-Norte Baiano 16,0%, Mesorregião Metropolitana de Salvador 30,3%, Mesorregião Sul Baiano 13,4%, Mesorregião Centro-Sul Baiano 17,8%, Mesorregião Extremo Oeste Baiano 4,6%. Os municípios serão informados após a realização das entrevistas."
"28/09/2026";"05:46:54";2026;81;"Eleições Gerais 2026";"BA";"BA";"BAHIA";"BA056512026";"2026-09-26 21:31:11";"S";"00654576000172";"INSTITUTO VERITA LTDA";"VERITA";"Governador, Senador";"2026-09-26 00:00:00";"2026-10-01 00:00:00";"2026-10-02 00:00:00";2020;"10699";"Guilherme Alvarenga Laia";"155540,00";"Estudo quantitativo voltado às Eleições 2026, realizado por meio de entrevistas individuais, aplicadas mediante questionário eletrônico estruturado e Unidade Automatizada de Respostas Audíveis e Auditáveis, por meio de ligações para telefones móveis (celulares). A inteligência artificial é empregada exclusivamente para a transcrição automatizada das respostas em áudio, não interferindo na formulação das perguntas, na condução das entrevistas, na coleta das informações, na interpretação das respostas ou no tratamento estatístico dos dados.

A participação dos eleitores é voluntária, espontânea e não remunerada. As respostas são prestadas por autodeclaração, sendo, em sua maioria, registradas por meio de códigos numéricos correspondentes às alternativas previamente definidas no questionário.

A utilização de sistema eletrônico automatizado para a coleta e o registro das respostas proporciona elevado nível de padronização operacional, reduz a possibilidade de interferência humana durante a realização das entrevistas, amplia a rastreabilidade e a auditabilidade de todo o processo de coleta e contribui para maior precisão, consistência e confiabilidade dos dados obtidos.

O plano amostral foi elaborado para assegurar a representatividade estatística do eleitorado da respectiva Unidade da Federação, observando critérios técnicos de seleção, distribuição e ponderação da amostra, quando aplicáveis.";"A pesquisa foi planejada para produzir uma amostra estatisticamente representativa do eleitorado do estado DA BAHIA, utilizando o método de Probabilidade Proporcional ao Tamanho (PPT), com plano amostral em múltiplos estágios. Na primeira etapa, esta Unidade da Federação é dividida em macrorregiões, de forma a assegurar adequada distribuição territorial da amostra e representação das diferentes características geográficas, demográficas e eleitorais. Na segunda etapa, os municípios de cada estrato são ordenados segundo seu porte populacional e eleitoral e sorteados. Na terceira etapa, os respondentes são selecionados entre os eleitores aptos residentes nos municípios sorteados, observando-se a distribuição proporcional da amostra e as cotas estabelecidas para as variáveis de sexo, faixa etária, grau de instrução e nível econômico. As cotas são estabelecidas para a pesquisa completa, considerando a composição do eleitorado e os parâmetros oficiais de referência, não sendo aplicadas isoladamente a cada município selecionado.

SEXO E FAIXA ETÁRIA - Fonte: Tribunal Superior Eleitoral (TSE), Perfil do Eleitorado, junho de 2026. Feminino de 16 a 34 anos: 17%; Masculino de 16 a 34 anos: 15,6%; Feminino de 35 a 54 anos: 20,4%; Masculino de 35 a 54 anos: 18,4%; Feminino com 55 anos ou mais: 15,4%; Masculino com 55 anos ou mais: 13,2%. Os parâmetros de sexo e idade têm como referência o cadastro eleitoral brasileiro atualizado pelo Tribunal Superior Eleitoral, considerando o universo de eleitores aptos com 16 anos ou mais.

GRAU DE INSTRUÇÃO - Fonte: IBGE - PNAD Contínua Anual 2025. A distribuição é: sem instrução 7,2%; ensino fundamental incompleto ou equivalente 30%; ensino fundamental completo ou equivalente 6,7%; ensino médio incompleto ou equivalente 8,8%; ensino médio completo ou equivalente 32,5%; ensino superior incompleto ou equivalente 4%; ensino superior completo 10,9%. Para não confundir os respondentes as faixas de escolaridade no questionário foram agrupadas em 3 faixas: até ensino fundamental incompleto e completo, ensino médio incompleto e completo e superior incompleto, completo ou mais. A PNAD Contínua é utilizada como referência por constituir a fonte oficial mais atualizada para a mensuração do nível de instrução da população brasileira, sua utilização também corrige limitações decorrentes da ausência de atualização obrigatória e contínua das informações de escolaridade no cadastro eleitoral do Tribunal Superior Eleitoral.

NÍVEL ECONÔMICO - RENDA FAMILIAR DO DOMICÍLIO - Fonte: IBGE - PNAD Contínua Anual 2025. Considera-se a renda domiciliar total, compreendendo rendimentos provenientes de trabalho formal e informal, aposentadorias, pensões, benefícios sociais e demais fontes de renda existentes no domicílio. observando-se a seguinte distribuição: renda familiar de até 2 salários-mínimos 60,5%; de 2 a 5 salários-mínimos 29,8%, acima de 5 salários-mínimos 9,7%.

PONDERAÇÃO E CALIBRAÇÃO DA AMOSTRA - Prevê-se eventual ponderação das variáveis de sexo, faixa etária, grau de instrução e nível econômico, caso sejam verificadas diferenças relevantes entre a distribuição da amostra efetivamente coletada e os parâmetros populacionais de referência adotados. Inicialmente, o fator de ponderação é igual a 1 (um), podendo ser recalculado sempre que necessário para assegurar a representatividade estatística da amostra.
INTERVALO DE CONFIANÇA E MARGEM DE ERRO - O intervalo de confiança adotado é de 95%, com margem máxima estimada de erro de aproximadamente 2,5 pontos percentuais, para mais ou para menos, sobre os resultados do total da amostra, calculada segundo o modelo de amostragem aleatória simples e a hipótese de máxima variabilidade.";"Após os trabalhos de coleta de dados, os questionários são submetidos a uma fiscalização, conferência e checagem de cerca de 20% (vinte por cento) dos questionários aplicados. Todas as entrevistas são integralmente registradas em áudio, permanecendo auditáveis e rastreáveis, permitindo a verificação da integridade do processo de coleta, preservado o sigilo das informações pessoais dos entrevistados e observadas as disposições da Lei Geral de Proteção de Dados Pessoais (Lei nº 13.709/2018).";"Em observância ao art. 2º, § 7º, da Resolução TSE nº 23.600/2019, com redação dada pela Resolução TSE nº 23.747/2026, a presente pesquisa terá seu registro complementado no Sistema de Registro de Pesquisas Eleitorais a partir da data em que sua divulgação for permitida e até o dia seguinte, com a identificação dos municípios em que foram realizadas as entrevistas, bem como da composição final da amostra quanto a gênero, idade, grau de instrução e nível econômico, na forma exigida pela legislação eleitoral vigente."
"28/09/2026";"05:46:54";2026;81;"Eleições Gerais 2026";"BA";"BA";"BAHIA";"BA075942026";"2026-09-27 22:58:01";"N";"17159578000198";"M B BARROS CONSULTORIA LTDA - ME";"INSTITUTO DATASENSUS";"Governador, Senador, Deputado Federal, Deputado Estadual";"2026-10-01 00:00:00";"2026-10-01 00:00:00";"2026-10-03 00:00:00";800;"9596";"Lucemberg de Araujo Pedrosa";"18000,00";"Pesquisa quantitativa, por amostragem, com a aplicação, via abordagem pessoal em pontos de fluxo, de questionário estruturado junto a uma amostra representativa da população. O conjunto de eleitores do município de Paulo Afonso com 16 anos ou mais foi tomado como universo da pesquisa.";"Universo: Eleitores com 16 anos ou mais, do município de Paulo Afonso.
Tamanho da amostra: A amostra prevista é de 800 entrevistas.
Técnica de amostragem: A amostra é aleatória em 3 estágios. No primeiro estágio, são sorteados bairros/localidades, no segundo estágio são sorteados os setores censitários. No 1º e 2º estágios, o sorteio é realizado com probabilidade proporcional ao tamanho (PPT), tendo como base o total de domicílios. No 3º estágio, são sorteados os pontos de fluxo, em seguida os eleitores a serem entrevistados, atendendo ao controle das seguintes variáveis amostrais: Sexo: Masculino: 46,2%, Feminino: 53,8%, Idade: 16-24 anos: 13,2%, 25-34 anos: 20,1%, 35-44 anos: 19,5%, 45-59 anos: 27,3% e 60 anos ou mais: 20,0%, Escolaridade: Até o ensino fundamental incompleto 38,4% (inclui os sem escolaridade e analfabetos), ensino fundamental completo até o ensino médio incompleto 16,8%, ensino médio completo até o superior incompleto 33,2%, ensino superior completo 11,7%.
Ponderação dos resultados: Está prevista eventual ponderação para correção nos tamanhos dos estratos, considerando as variáveis: sexo, faixa etária e escolaridade, de acordo com os percentuais detalhados anteriormente, caso as diferenças sejam maiores que a margem de erro da pesquisa.
Para o nível econômico dos entrevistados (renda familiar mensal aproximada declarada) os dados de referência são: até 2 S.M. (salários mínimos) = 59%, mais de 2 S.M. a 5 S.M. = 27%, mais de 5 S.M. = 14%. Para essa variável, o fator previsto para ponderação é 1 (resultados obtidos em campo).
Área física da pesquisa: o município de Paulo Afonso.
O nível de confiança estimado é de 95% e a margem de erro é de 3,5 pontos percentuais para mais ou para menos sobre os resultados encontrados no total da amostra e baseada em uma amostra aleatória simples.
Fonte: Os dados utilizados para de¿nição e seleção da amostra são baseados nos dados fornecidos pelo IBGE (Censo 2022 e 2010, CNEFE 2022) e TSE (agosto/2026).";"Os entrevistadores envolvidos na realização desta pesquisa são treinados pelo Instituto DataSensus e recebem instruções especí¿cas para cada projeto realizado. A coleta será feita com a utilização de tablet e questionário eletrônico. Todo trabalho de coleta é supervisionado em tempo real e no mínimo 20% dos questionários de cada pesquisador são checados. Após os trabalhos de campo e antes do processamento dos resultados, realiza-se processo de checagem para verificação dos parâmetros amostrais e da consistência dos dados coletados. Os dados coletados e tratados nesta pesquisa atendem às exigências da Lei Geral de Proteção de Dados - LGPD, garantindo aos entrevistados o sigilo de suas identidades e o correto tratamento de suas respostas.";"A área de abrangência da coleta dos dados é o município de Paulo Afonso. A relação completa dos bairros pesquisados será anexada ao registro até o dia seguinte à data de publicação da pesquisa, conforme Resolução 23.600/2019 do TSE, no art.2º §7º."
"28/09/2026";"05:46:54";2026;81;"Eleições Gerais 2026";"BA";"BA";"BAHIA";"BA088912026";"2026-08-28 18:18:58";"N";"19259002000128";"ATLASINTEL TECNOLOGIA DE DADOS LTDA";"ATLASINTEL";"Governador, Senador";"2026-08-28 00:00:00";"2026-09-02 00:00:00";"2026-09-03 00:00:00";1800;"11220";"ANDREI CAMILO DOS SANTOS";"150000,00";"Pesquisa quantitativa com coleta aleatória via questionário estruturado web e pós-estratificação da amostra de acordo com as características do eleitorado de Bahia.";"Amostra aleatória pós-estratificada via algoritmo iterativo com quotas proporcionais, representando características do eleitorado de Bahia: SEXO: Masculino: 47.2%; Feminino: 52.8%. FAIXA ETÁRIA: Entre 16 a 24 anos: 13.3%; Entre 25 a 34 anos: 19.2%; Entre 35 a 44 anos: 20.3%; Entre 45 a 59 anos: 26.0%; 60 ou mais: 21.2%. ESCOLARIDADE: Ensino Fundamental completo ou incompleto e eleitores sem educação formal: 40.8%; Ensino Médio completo ou incompleto: 42.7%; Ensino Superior completo ou incompleto: 16.5%. NÍVEL ECONÔMICO: Renda familiar mensal até R$2000: 37.9%; Mais de R$2.000 a R$3.000: 23.3%; Mais de R$3.000 a R$5.000: 20.1%; Mais de R$5.000 a R$10.000: 12.9%; Mais de R$10.000: 5.8%. OBS.: devido ao arredondamento, a soma dos percentuais pode variar de 99% a 101%. Na agregação final, para cada variável de ponderação, serão admissíveis desvios de até 2.0 pontos percentuais em relação às quotas estipuladas. Confiança estimada: 95%, margem de erro: +/- 2.0 pontos percentuais. FONTE DOS DADOS: PNADC 2024 para escolaridade e nível econômico | TSE 2026 para sexo e faixa etária.";"Coleta feita com a utilização de questionário eletrônico com procedimentos específicos para o armazenamento seguro dos dados. São checados manualmente no mínimo 15% dos questionários para detectar possíveis anomalias. Pesquisadores especializados realizam internamente uma verificação exaustiva da consistência dos dados antes da divulgação dos resultados finais.";"#NULO#"
"28/09/2026";"05:46:54";2026;81;"Eleições Gerais 2026";"BA";"BA";"BAHIA";"BA044722026";"2026-08-17 19:51:40";"N";"09409427000112";"INSTITUTO OPNUS DE PESQUISA, CONSULTORIA E INTELIGENCIA DE DADOS LTDA";"INSTITUTO OPNUS";"Governador, Senador";"2026-08-17 00:00:00";"2026-08-22 00:00:00";"2026-08-23 00:00:00";1200;"11002";"LUCAS ARAUJO DA SILVA";"148800,00";"Pesquisa quantitativa, tipo survey, de opinião pública, a ser realizada junto ao eleitorado do estado da Bahia (população de 16 anos ou mais apta a votar nesta eleição), com aplicação de questionários estruturados e padronizados. As entrevistas são pessoais e domiciliares, com realização em pontos de fluxo apenas em setores onde a abordagem domiciliar não seja possível devido à impossibilidade de contato com os moradores.
A distribuição da amostra é realizada por meio do sorteio dos municípios baianos, os quais são subdividos em setores censitários (no caso de Salvador) e bairros (demais municípios), territórios a partir dos quais serão selecionados os respondentes da pesquisa.
";"A pesquisa possuirá amostra total de 1.200 entrevistas, representativa do eleitorado do estado da Bahia.
Será utilizada amostragem por conglomerados em três estágios. No primeiro estágio, são sorteados os municípios, pelo método PPT (probabilidade proporcional ao tamanho), a partir do número de eleitores de cada um. No segundo estágio é realizado o sorteio de setores censitários (no caso de Salvador) e bairros (demais municípios), tendo como base a população de cada território. No terceiro e último estágio, serão selecionados os eleitores a serem entrevistados tendo como base cotas das variáveis de: (a) Sexo; (b) Faixa etária; (c) Escolaridade e (d) Renda familiar. 
O perfil da amostra total, controlado pelas variáveis acima, é de:  Sexo: Masculino (47%); Feminino (53%) / Faixa Etária: 16-24 (13%); 25-34 (19%); 35-44 (20%); 45-59 (26%); 60 anos ou + (22%) / Escolaridade: Até Fundamental Completo (41%); Ensino Médio Incompleto e Completo (43%); Ensino Superior Incompleto e Completo (16%) / Renda Familiar: Até 2 SM (50%); De 2 a 5 SM (37%); Mais de 5 SM (13%).
O intervalo de confiança estimado será de 95%, com margem de erro máxima estimada de aproximadamente 3 pontos percentuais para mais ou para menos para os resultados gerais da amostra estadual, usando, como aproximação, o cálculo para uma amostra aleatória simples (AAS).
Está prevista eventual ponderação por meio de algoritmo iterativo de calibração (rake) para possíveis correções das estimativas de sexo, faixa etária, escolaridade e renda familiar, caso os dados coletados difiram em relação aos percentuais previstos inicialmente na amostra.
Fontes dos dados - Sexo e Faixa Etária: TSE, Julho de 2026. Escolaridade e Renda Familiar: IBGE - PNADc Anual 2025. Para a malha dos setores censitários: IBGE ¿ Censo 2022.
";"A pesquisa é realizada por uma equipe de entrevistadores profissionais e experientes, os quais recebem treinamento específico para a metodologia e aplicação do questionário desta pesquisa. O trabalho de coleta de dados é submetido a uma fiscalização, por meio de checagem de áudio e localização, de, no mínimo, 20% dos questionários aplicados por cada entrevistador. A fiscalização é realizada simultaneamente à coleta de dados em campo.";"A área de abrangência da pesquisa é o estado da Bahia, com seleção dos entrevistados realizada em setores censitários (caso de Salvador) e bairros (demais municípios) dos municípios baianos sorteados na amostra conforme metodologia descrita.
A relação detalhada dos bairros e/ou áreas de realização das entrevistas presenciais será complementada no registro da pesquisa, na forma e no prazo previstos no §7º do art. 2º da Resolução-TSE nº 23.600/2019."
"28/09/2026";"05:46:54";2026;81;"Eleições Gerais 2026";"BA";"BA";"BAHIA";"BA007592026";"2026-09-18 19:14:48";"N";"81908345000140";"INSTITUTO PARANA DE PESQUISAS E ANALISE DE CONSUMIDOR LTDA";"#NULO#";"Governador, Senador";"2026-09-21 00:00:00";"2026-09-23 00:00:00";"2026-09-24 00:00:00";1400;"10245 - 4ª";"Tatiani Cristina Ara";"45000,00";"Pesquisa com metodologia quantitativa, com a realização de entrevistas pessoais, domiciliares e presenciais, utilizando questionário estruturado junto a uma amostra representativa do eleitorado do Estado da Bahia.
";"""A amostra será representativa do eleitorado da área pesquisada e será selecionada em três etapas. Na primeira etapa realiza-se um sorteio probabilístico dos municípios onde as entrevistas serão realizadas através do método PPT (Probabilidade Proporcional ao Tamanho), considerando a população eleitora com 16 anos ou mais residente nos municípios como base para essa seleção. Na segunda etapa, faz-se um sorteio probabilístico das localidades, onde as entrevistas serão realizadas, através do método PPT (Probabilidade Proporcional ao Tamanho), tomando a população eleitora de 16 anos ou mais residente nas localidades como base para essa seleção. Na terceira etapa, a seleção do entrevistado dentro da localidade, será feita utilizando-se quotas amostrais proporcionais, em função das seguintes variáveis:
GÊNERO: TSE Agosto 2026 (https://sig.tse.jus.br/ords/dwapr/r/seai/sig-eleitor-eleitorado-mensal/cruzamento-eleitorado-mensal?p24_metricas=E&p24_back=22&p24_cruzamento_1=ds_sexo&clear=24&p0_uf=BA&p0_mes=8&debug=LEVEL5&session=312990078978641)
Masculino - 47%; |
Feminino - 53%; |
FAIXA ETÁRIA: TSE Agosto 2026 (https://sig.tse.jus.br/ords/dwapr/r/seai/sig-eleitor-eleitorado-mensal/cruzamento-eleitorado-mensal?p24_cruzamento_1=ds_faixa_etaria&p24_metricas=E&p24_back=22&clear=24&p0_uf=BA&p0_mes=8&debug=LEVEL5&session=8904950028837)
Entre 16 e 24 anos: 13%; |
Entre 25 e 34 anos: 19%; |
Entre 35 e 44 anos: 20%; |
Entre 45 e 59 anos: 26%; |
Com 60 anos ou mais: 22%; |
ESCOLARIDADE: TSE Agosto 2026 (https://sig.tse.jus.br/ords/dwapr/r/seai/sig-eleitor-eleitorado-mensal/cruzamento-eleitorado-mensal?p24_cruzamento_1=ds_grau_instrucao&p24_metricas=E&p24_back=22&clear=24&p0_uf=BA&p0_mes=8&debug=LEVEL5&session=309383598034615) Observação: Conforme informações obtidas no site do Tribunal Superior Eleitoral, o TSE, (https://dadosabertos.tse.jus.br/group/about/eleitorado) """"Os registros de grau de escolaridade podem apresentar dados defasados, pois refletem a situação do eleitor na ocasião do cadastramento.""""
De analfabeto até ensino fundamental completo: 42%; |
Ensino médio incompleto ou completo: 46% |
Ensino superior incompleto ou completo: 12% |
RENDA DOMICILIAR MENSAL: (https://cidades.ibge.gov.br/brasil/ba/pesquisa/23/24304) IBGE - Censo 2010. Observação: Conforme informações obtidas do Instituto Brasileiro de Geografia e Estatística, o IBGE não divulgou - e não tem previsão de data - para divulgação do perfil econômico (nível econômico) da população brasileira nos parâmetros metodológicos utilizados pela Paraná Pesquisas (renda domiciliar mensal), tendo sido divulgados apenas a renda per capita; portanto, os dados divulgados pelo IBGE, por exemplo, em 2022 e 2025 quanto ao nível econômico, não podem ser utilizados pois não correspondem aos parâmetros metodológicos utilizados pela Paraná Pesquisas.
Sem rendimentos até 2 salários mínimos: 67% |
Mais de 2 a 5 salários mínimos: 23% |
Mais de 5 salários mínimos: 10% |
Está prevista eventual ponderação para correção das variáveis gênero e faixa etária, com base nos percentuais acima apresentados, caso ocorram diferenças superiores a 3,0 (três) pontos percentuais entre o previsto na amostra e a coleta realizada; para as variáveis escolaridade e renda domiciliar mensal, o fator de ponderação é igual a 1 (resultados obtidos no campo). O nível de confiança estimado é de 95% (noventa e cinco por cento) para uma margem de erro estimada, considerando uma técnica de amostragem aleatória simples, de aproximadamente 2,7 (dois vírgula sete) pontos percentuais para mais ou para menos sobre os resultados obtidos.""



";"""As entrevistas serão conduzidas por uma equipe de entrevistadores e supervisores devidamente qualificados pelo Instituto Paraná Pesquisas, todos com experiência e treinamento específico em pesquisas de opinião pública.
Controle: O controle do processo será realizado por meio de um software de coleta de dados.
Conferência e Fiscalização: Durante a coleta de dados os questionários aplicados são fiscalizados e conferidos através de um supervisor.
Adicionalmente, pelo menos 30% dos questionários passarão por uma verificação posterior, que avaliará a precisão na aplicação e a adequação dos entrevistados às variáveis das quotas amostrais. Ou seja, no mínimo 420 entrevistas desta pesquisa serão auditadas pela equipe de qualidade do Instituto Paraná Pesquisas, podendo essa auditoria ser solicitada ao Instituto a qualquer momento.
Verificação: Após a coleta, os questionários passam por uma etapa de verificação e validação dos dados, para garantir a integridade e precisão dos dados coletados.""



";"""A pesquisa será realizada no Estado da Bahia, a relação dos dados relativos aos municípios e às localidades será apresentado até o dia seguinte à data a partir da qual a pesquisa puder ser divulgada, conforme §7º do art. 2º da Resolução-TSE nº. 23.600/2019""


"
"28/09/2026";"05:46:54";2026;81;"Eleições Gerais 2026";"BA";"BA";"BAHIA";"BA000732026";"2026-09-21 20:25:32";"S";"24899123000174";"INSTITUTO FRANCA DE PESQUISAS LTDA";"INSTITUTO FRANCA DE PESQUISA PESQUISA E ASSESSORIA";"Governador, Senador, Deputado Federal, Deputado Estadual";"2026-09-23 00:00:00";"2026-09-26 00:00:00";"2026-09-27 00:00:00";2000;"10682";"Aldine Andrea Oliveira de Sousa Cabral";"30000,00";"Pesquisa de natureza quantitativa, realizada por meio da execução da metodologia CATI (FONE), com aplicação de questionário estruturado junto a eleitoras e eleitores aptos a votar no Estado da Bahia. A pesquisa é realizada por iniciativa do Instituto França, sem contratante externo, sendo a própria entidade responsável pela realização e pelo custeio do levantamento. Os recursos empregados na execução da pesquisa são provenientes do caixa próprio da empresa, devendo o valor informado no registro corresponder aos recursos atribuídos à realização do levantamento, conforme os critérios administrativos, operacionais e contábeis adotados pela entidade.";"Universo: eleitoras e eleitores com 16 anos de idade ou mais. Tamanho da amostra: 2000 entrevistas. Técnica de amostragem: amostra aleatória simples a partir de banco de dados de números telefônicos fixos e celulares. A amostra é estratificada por região geográfica com base no município informado quando da coleta. Na apresentação final do resultado da pesquisa os dados serão ponderados com base nos percentuais mencionados abaixo, caso ocorram diferenças entre os percentuais previstos na amostra e a coleta de dados realizada. Fonte pública dos dados: TSE (julho 2026) e IBGE (Censo 2010 e Censo 2022). As categorias demográficas foram estratificadas da seguinte forma:

Sexo (Masculino 47,23% e Feminino: 52,77%);

Faixa Etária: 16 anos (F = 0,47% M = 0,45%) 17 anos (F = 0,78% M = 0,74%) 18 anos (F = 1,29% M = 1,38%) 19 anos (F = 1,44% M = 1,57%), 20 anos (F = 1,56% M = 1,70%), 21 a 24 anos (F = 6,99% M = 7,40%), 25 a 29 anos (F = 9,62% M = 9,85%), 30 a 34 anos (F = 9,52% M = 9,46%), 35 a 39 anos (F = 9,55% M = 9,43%), 40 a 44 anos (F = 10,65% M = 10,68%), 45 a 49 anos (F = 10,08% M = 10,29%), 50 a 54 anos (F = 8,36% M = 8,51%), 55 a 59 anos (F = 7,59% M = 7,57%), 60 a 64 anos (F = 6,72% M = 6,64%%), 65 a 69 anos (F = 5,42% M = 5,26%), 70 a 74 anos (F = 4,12% M = 3,84%), 75 a 79 anos (F = 2,92% M = 2,65%), 80 a 84 anos (F = 1,64% M = 1,47%), 85 a 89 anos (F = 0,83% M = 0,72%), 90 a 94 anos (F = 0,32% M = 0,27%), 95 a 99 anos (F = 0,09% M = 0,08%) , 100 anos ou mais (F = 0,02% M = 0,02%);

Grau de Instrução: Analfabeto (F = 4,95% M = 5,75%), Lê E Escreve (F = 10,03% M = 12,45%), Ensino Fundamental Incompleto (F = 19,39% M = 24,67%), Ensino Fundamental Completo (F = 3,75% M = 4,62%), Ensino Médio Incompleto (F = 17,27% M = 18,42%), Ensino Médio Completo (F = 30,61% M = 24,86%); Superior Incompleto (F = 4,24% M = 3,40%), Superior Completo (F= 9,76% M = 5,82%).

Para a variável Nível Econômico: SEM RENDA ATÉ 1 SALÁRIO MÍNIMO 32,95%, MAIS DE 1 ATÉ 2 SALÁRIOS MÍNIMOS 27,56%, MAIS DE 2 ATÉ 5 SALÁRIOS MÍNIMOS 26,58%, MAIS DE 5 ATÉ 10 SALÁRIOS MÍNIMOS 7,96%, MAIS DE 10 ATÉ 20 SALÁRIOS MÍNIMOS 3,20%, MAIS DE 20 SALÁRIOS MÍNIMOS 1,75%.


Para fins de dimensionamento e estimação da precisão amostral, adota-se como referência a aproximação normal para estimação de proporções, considerando máxima variabilidade populacional (p = 0,50 e q = 0,50), nível de confiança de 95% e hipótese estatística de equivalência à amostragem aleatória simples. Nessas condições, a margem de erro máxima estimada para os resultados referentes ao conjunto da amostra é de aproximadamente 2,2 pontos percentuais, para mais ou para menos. Fontes dos dados Para elaboração, execução e controle do plano amostral serão utilizadas fontes públicas devidamente identificadas, compreendendo: Tribunal Superior Eleitoral ¿ TSE: dados públicos relativos ao eleitorado apto e às características demográficas do eleitorado utilizadas na elaboração das quotas e dos parâmetros amostrais; Instituto Brasileiro de Geografia e Estatística ¿ IBGE: malha e identificação dos setores censitários/localidades, dados populacionais e demais informações demográficas, territoriais e socioeconômicas efetivamente utilizadas no planejamento da pesquisa;";"As entrevistas serão realizadas por equipe de entrevistadores e supervisores devidamente selecionados, treinados e orientados pelo Instituto França de Pesquisas, com experiência na execução de pesquisas de opinião pública e eleitoral. Todo o processo de coleta será acompanhado pela coordenação responsável, mantendo-se registros e mecanismos internos de controle destinados a assegurar a qualidade e a confiabilidade das informações obtidas.";"A área de abrangência da coleta corresponde ao Estado da Bahia. Os dados relativos aos municípios, bairros e demais áreas geográficas efetivamente pesquisadas serão informados na complementação do registro da pesquisa, dentro do prazo estabelecido pela regulamentação eleitoral vigente."
"28/09/2026";"05:46:54";2026;81;"Eleições Gerais 2026";"BA";"BA";"BAHIA";"BA079242026";"2026-07-28 15:11:47";"N";"52908063000144";"100% CIDADES PARTICIPACOES LTDA";"100 CIDADES";"Governador, Senador";"2026-07-24 00:00:00";"2026-07-25 00:00:00";"2026-08-03 00:00:00";1000;"8140";"FABIOLA MIRANDA VON RONDOW";"80000,00";"Pesquisa do tipo quantitativa, por amostragem, com aplicação de questionário estruturado realizado por meio telefônico. O universo da pesquisa é o eleitorado do Estado da Bahia com 16 anos ou mais. Dentro das localidades indicadas, os respondentes são selecionados aleatoriamente, considerando todo o território e a totalidade dos respectivos bairros dos Municípios abrangidos pela pesquisa, pelo sistema de cotas amostrais em função de variáveis significativas.";"Representativo do eleitorado da área em estudo. A amostra é estratificada por região de moradia, com base na população residente em quaisquer dos bairros ou áreas dos Municípios abrangidos pela pesquisa. (Fonte dos Dados: Censo IBGE 2022). Dentro da área de abrangência da pesquisa, os respondentes são selecionados aleatoriamente com o auxílio de computador pelo sistema de cotas amostrais em função de variáveis significativas, a saber: Gênero: masculino 47,2%; feminino 52,8% (Fonte dos Dados: TSE- junho/2026 - https://sig.tse.jus.br/ords/dwapr/r/seai/sig-eleitor-eleitorado-mensal/cruzamento-eleitorado-mensal?p24_metricas=E&p24_back=1&clear=24&session=215476166435463 - cruzamento 1: Gênero); Faixa etária: 16 a 24 anos, 13,3%; 25 a 34 anos, 19,2%; 35 a 44 anos, 20,3%; 45 a 59 anos, 26,0%; 60 anos ou mais, 21,2% (Fonte dos Dados: TSE- junho /2026 - https://sig.tse.jus.br/ords/dwapr/r/seai/sig-eleitor-eleitorado-mensal/cruzamento-eleitorado-mensal?p24_metricas=E&p24_back=1&clear=24&session=215476166435463 - cruzamento 1: Faixa Etária); Para a variável grau de instrução, os dados são: Até Ensino Fundamental Completo, 40,0%; Ensino Médio incompleto ou completo, 42,4%; Ensino superior incompleto ou mais, 17,5% (Fonte dos dados: PNAD continua 1º trimestre de 2026); Para a variável nível econômico, a renda familiar: Sem rendimento/até 1 salário-mínimo 39,5%; acima de 1 a 2 salários-mínimos 27,2%; acima de 2 a 5 salários-mínimos 22,8%; acima de 5 a 10 salários-mínimos 6,7%; acima de 10 salários-mínimos 3,8% (Fonte dos dados: Censo IBGE/2010 - https://cidades.ibge.gov.br/brasil/ba/pesquisa/23/24304). Observação: De acordo com informações do Instituto Brasileiro de Geografia e Estatística (IBGE), não há previsão de data para a divulgação do perfil econômico da população brasileira do CENSO 2022. Portanto, considerando que os dados sobre o nível econômico obtidos no Censo 2022 ainda não foram publicados, adotou-se para essa variável os dados disponíveis do Censo IBGE/2010. Está prevista eventual ponderação para correção das variáveis gênero, idade e grau de instrução com base nos percentuais anteriormente mencionados, caso ocorram diferenças superiores a 3 pontos percentuais entre o previsto na amostra e a coleta de dados realizada. Para a variável nível econômico do entrevistado, o fator previsto para ponderação é 1 (resultados obtidos em campo). O tamanho da amostra previsto é de 1000 entrevistas. O nível de confiança estimado é de 95% e a margem de erro máxima estimada considerando um modelo de amostragem aleatório simples, é de 3,1 pontos percentuais para mais ou para menos sobre os resultados encontrados no total da amostra. Os intervalos de confiança serão calculados considerando os resultados obtidos para um nível de confiança de 95%. FONTE DOS DADOS: Censo IBGE (2010 e 2022) | TSE (eleitorado de junho / 2026) | PNAD continua 1º trimestre de 2026.";"As entrevistas serão realizadas por uma equipe de entrevistadores qualificados, que receberão treinamento e orientações especificas sobre o questionário e os objetivos da pesquisa, antes de iniciarem a coleta. Durante todo o período de aplicação das entrevistas, os entrevistadores serão monitorados recebendo apoio ou orientações de uma equipe de supervisores, com experiência e treinamento em pesquisas de opinião pública. Serão checados no mínimo 20% (vinte por cento) dos questionários aplicados por cada entrevistador, para a verificação das respostas e adequação dos entrevistados aos parâmetros amostrais. Os dados coletados e tratados nesta pesquisa atendem às exigências da Lei nº 13.709, de 14 de agosto de 2018, a Lei Geral de Proteção de Dados ¿ LGPD, garantindo ao respondente o sigilo de sua identidade e de seus dados pessoais, bem como o correto tratamento de suas respostas.";"A área de abrangência da coleta é o Estado da Bahia. A relação dos Municípios cuja totalidade do território e respectivos bairros foram selecionados como área de abrangência para a pesquisa constará em anexo a ser apresentado até o dia seguinte, a partir do dia em que a pesquisa puder ser divulgada, conforme as Resoluções 23.600/2019, no art. 2º; §7º e 23.727/2024 do TSE."
"28/09/2026";"05:46:54";2026;81;"Eleições Gerais 2026";"BA";"BA";"BAHIA";"BA030432026";"2026-07-28 19:54:54";"N";"81908345000140";"INSTITUTO PARANA DE PESQUISAS E ANALISE DE CONSUMIDOR LTDA";"#NULO#";"Governador, Senador";"2026-07-31 00:00:00";"2026-08-02 00:00:00";"2026-08-03 00:00:00";1400;"10245 - 4ª";"Tatiani Cristina Ara";"45000,00";"Pesquisa com metodologia quantitativa, com a realização de entrevistas pessoais, domiciliares e presenciais, utilizando questionário estruturado junto a uma amostra representativa do eleitorado do Estado da Bahia.


";"""A amostra será representativa do eleitorado da área pesquisada e será selecionada em três etapas. Na primeira etapa realiza-se um sorteio probabilístico dos municípios onde as entrevistas serão realizadas através do método PPT (Probabilidade Proporcional ao Tamanho), considerando a população eleitora com 16 anos ou mais residente nos municípios como base para essa seleção. Na segunda etapa, faz-se um sorteio probabilístico das localidades, onde as entrevistas serão realizadas, através do método PPT (Probabilidade Proporcional ao Tamanho), tomando a população eleitora de 16 anos ou mais residente nas localidades como base para essa seleção. Na terceira etapa, a seleção do entrevistado dentro da localidade, será feita utilizando-se quotas amostrais proporcionais, em função das seguintes variáveis:
GÊNERO: TSE Junho 2026 (https://sig.tse.jus.br/ords/dwapr/r/seai/sig-eleitor-eleitorado-mensal/cruzamento-eleitorado-mensal?p24_metricas=E&p24_back=22&p24_cruzamento_1=ds_sexo&clear=24&p0_uf=BA&p0_mes=6&debug=LEVEL5&session=312990078978641)
Masculino - 47%; |
Feminino - 53%; |
FAIXA ETÁRIA: TSE Junho 2026 (https://sig.tse.jus.br/ords/dwapr/r/seai/sig-eleitor-eleitorado-mensal/cruzamento-eleitorado-mensal?p24_cruzamento_1=ds_faixa_etaria&p24_metricas=E&p24_back=22&clear=24&p0_uf=BA&p0_mes=6&debug=LEVEL5&session=8904950028837) 
Entre 16 e 24 anos: 14%; |
Entre 25 e 34 anos: 19%; |
Entre 35 e 44 anos: 20%; |
Entre 45 e 59 anos: 26%; |
Com 60 anos ou mais: 21%; |
ESCOLARIDADE: TSE Junho 2026 (https://sig.tse.jus.br/ords/dwapr/r/seai/sig-eleitor-eleitorado-mensal/cruzamento-eleitorado-mensal?p24_cruzamento_1=ds_grau_instrucao&p24_metricas=E&p24_back=22&clear=24&p0_uf=BA&p0_mes=6&debug=LEVEL5&session=309383598034615) Observação: Conforme informações obtidas no site do Tribunal Superior Eleitoral, o TSE, (https://dadosabertos.tse.jus.br/group/about/eleitorado) """"Os registros de grau de escolaridade podem apresentar dados defasados, pois refletem a situação do eleitor na ocasião do cadastramento.""""
De analfabeto até ensino fundamental completo: 42%; |
Ensino médio incompleto ou completo: 46% |
Ensino superior incompleto ou completo: 12% |
RENDA DOMICILIAR MENSAL:  (https://cidades.ibge.gov.br/brasil/ba/pesquisa/23/24304) IBGE - Censo 2010. Observação: Conforme informações obtidas do Instituto Brasileiro de Geografia e Estatística, o IBGE, não divulgou - e não tem previsão - de data para divulgação do perfil econômico (nível econômico) da população brasileira; portanto, os dados quanto ao nível econômico obtidos no Censo 2022, não podem ser utilizados, pois não foram publicados. (https://censo2022.ibge.gov.br/panorama/)
Sem rendimentos até 2 salários mínimos: 67% |
Mais de 2 a 5 salários mínimos: 23% |
Mais de 5 salários mínimos: 10% |
Está prevista eventual ponderação para correção das variáveis gênero e faixa etária, com base nos percentuais acima apresentados, caso ocorram diferenças superiores a 3,0 (três) pontos percentuais entre o previsto na amostra e a coleta realizada; para as variáveis escolaridade e renda domiciliar mensal, o fator de ponderação é igual a 1 (resultados obtidos no campo). O nível de confiança estimado é de 95% (noventa e cinco por cento) para uma margem de erro estimada, considerando uma técnica de amostragem aleatória simples, de aproximadamente 2,7 (dois vírgula sete) pontos percentuais para mais ou para menos sobre os resultados obtidos.""





";"""As entrevistas serão conduzidas por uma equipe de entrevistadores e supervisores devidamente qualificados pelo Instituto Paraná Pesquisas, todos com experiência e treinamento específico em pesquisas de opinião pública. 
Controle: O controle do processo será realizado por meio de um software de coleta de dados.
Conferência e Fiscalização: Durante a coleta de dados os questionários aplicados são fiscalizados e conferidos através de um supervisor.   
Adicionalmente, pelo menos 30% dos questionários passarão por uma verificação posterior, que avaliará a precisão na aplicação e a adequação dos entrevistados às variáveis das quotas amostrais. Ou seja, no mínimo 420 entrevistas desta pesquisa serão auditadas pela equipe de qualidade do Instituto Paraná Pesquisas, podendo essa auditoria ser solicitada ao Instituto a qualquer momento.
Verificação: Após a coleta, os questionários passam por uma etapa de verificação e validação dos dados, para garantir a integridade e precisão dos dados coletados.""





";" ""A pesquisa será realizada no Estado da Bahia, a relação dos dados relativos aos municípios e às localidades será apresentado até o dia seguinte à data a partir da qual a pesquisa puder ser divulgada, conforme §7º do art. 2º da Resolução-TSE nº. 23.600/2019""





"
"28/09/2026";"05:46:54";2026;81;"Eleições Gerais 2026";"BA";"BA";"BAHIA";"BA015872026";"2026-06-05 20:59:51";"S";"51772470000104";"INSTITUTO DATATRENDS LTDA";"DATATRENDS";"Governador, Senador";"2026-06-07 00:00:00";"2026-06-09 00:00:00";"2026-06-11 00:00:00";1200;"10663";"Ythalo Hugo da Silva Santos";"15000,00";"Pesquisa quantitativa por amostragem, com procedimento probabilístico estratificado por regiões do estado, realizada por meio de questionário estruturado aplicado via contatos telefônicos (fixos e móveis), com abrangência estadual. A estratificação regional é definida com base na distribuição do eleitorado, conforme dados oficiais do Tribunal Superior Eleitoral (TSE) e do Instituto Brasileiro de Geografia e Estatística (IBGE), adotando-se como referência a divisão territorial mais recente do IBGE em Regiões Geográficas Imediatas, sendo os municípios agregados para fins operacionais de amostragem. A base de contatos utilizada possui cobertura estadual e é composta por registros oriundos de fontes públicas acessíveis e por base própria constituída em pesquisas anteriores realizadas pelo instituto, observadas as disposições da Lei nº 13.709/2018 (Lei Geral de Proteção de Dados). Os contatos telefônicos encontram-se previamente classificados por área geográfica associada, sendo essa classificação utilizada na definição dos estratos amostrais. Durante a entrevista, a identificação municipal será confirmada a partir da informação prestada espontaneamente pelo próprio respondente no sistema de coleta, relativa ao município de seu domicílio eleitoral, sendo posteriormente cruzada com a classificação territorial disponível na base de contatos para fins de controle, consistência e validação da composição amostral. A seleção dos entrevistados ocorre mediante sorteio aleatório dos contatos dentro de cada estrato definido, sem qualquer direcionamento por variável eleitoral ou preferência política, assegurando que todos os registros elegíveis possuam probabilidade conhecida e não nula de seleção. O universo da pesquisa é composto por eleitores com 16 anos ou mais, aptos a votar no estado da Bahia, sendo aplicado filtro de elegibilidade para confirmação do domicílio eleitoral e da aptidão para voto. Durante a entrevista, o respondente informa espontaneamente, no sistema de coleta, seu domicílio eleitoral, inclusive quanto ao estado e ao município em que vota. Essa informação será utilizada para confirmação da elegibilidade do entrevistado e para verificação de consistência territorial, mediante cruzamento com a classificação geográfica disponível na base de contatos. A base é submetida a procedimentos de tratamento, deduplicação e aleatorização, visando garantir cobertura adequada do universo pesquisado e reduzir potenciais vieses de seleção. Nas perguntas estimuladas, a ordem de apresentação dos nomes será rotacionada automaticamente pelo sistema de coleta, com o objetivo de reduzir viés de ordem.";"Público pesquisado: eleitores do estado da Bahia. A amostra é definida por procedimento probabilístico, com alocação proporcional segundo o método de Probabilidade Proporcional ao Tamanho (PPT), tomando como referência a distribuição do eleitorado nas regiões do estado, conforme dados oficiais do TSE e do IBGE, de modo a assegurar representatividade estadual. A seleção dos entrevistados ocorre por estratificação, com sorteio aleatório de contatos telefônicos (fixos e móveis) dentro de cada estrato, a partir de base de dados com cobertura estadual. As entrevistas são realizadas por meio de sistema telefônico automatizado (URA), com interação do respondente por meio do teclado do aparelho. A distribuição da amostra por região observa a proporcionalidade do eleitorado, conforme estrutura definida no plano amostral, permitindo a verificação da composição territorial da amostra. Os contatos são classificados preliminarmente segundo sua área de registro, e o domicílio eleitoral é confirmado no momento da entrevista, mediante informação prestada espontaneamente pelo próprio respondente no sistema de coleta. Essa informação é cruzada com a classificação territorial disponível na base de contatos, para fins de controle, consistência e validação da composição amostral, sendo considerados apenas entrevistados aptos a votar no estado da Bahia. Na apresentação final dos resultados, os dados poderão ser ponderados para ajuste aos parâmetros populacionais conhecidos, utilizando como fontes públicas o Tribunal Superior Eleitoral (TSE, maio de 2026) para sexo, faixa etária e escolaridade (Masculino: 47%; Feminino: 53%; 16 a 24 anos: 13%; 25 a 34 anos: 19%; 35 a 44 anos: 20%; 45 a 59 anos: 26%; 60 anos ou mais: 21%; Analfabeto/lê e escreve: 17%; Ensino Fundamental: 26%; Ensino Médio: 46%; Ensino Superior: 12%) e o Instituto Brasileiro de Geografia e Estatística (IBGE, Censo 2022) para classe de rendimento mensal domiciliar per capita (sem rendimentos ou até 2 salários mínimos: 92%; de 2 a 5 salários mínimos: 6%; superior a 5 salários mínimos: 2%), sempre que identificadas discrepâncias relevantes entre a amostra coletada e os parâmetros do universo pesquisado. Ressalta-se que a variável de nível econômico (renda), embora coletada para fins de caracterização do perfil da amostra, não será utilizada no processo de ponderação dos dados, em razão das limitações inerentes à mensuração dessa variável em pesquisas telefônicas e da ausência de parâmetros específicos consolidados para o eleitorado.  O cálculo do tamanho da amostra considera a estimativa de proporções populacionais sob variância máxima (p = 0,5), resultando em margem de erro de aproximadamente 2,83 pontos percentuais para os resultados globais, para mais ou para menos, com nível de confiança de 95%. A relação dos municípios contemplados será anexada até o dia seguinte à divulgação dos resultados, nos termos da Resolução TSE nº 23.600/2019.";"A coleta de dados será realizada por meio de sistema telefônico automatizado, com aplicação de questionário estruturado e registro eletrônico das respostas informadas pelo entrevistado. O sistema interno de controle e verificação da coleta será composto por registros gerados automaticamente pela plataforma de telefonia e pelo sistema de coleta, permitindo a conferência posterior das entrevistas realizadas. Para cada tentativa de contato e entrevista concluída, serão mantidos registros operacionais, quando aplicável, contendo data e horário da chamada, número telefônico acionado, status da ligação, duração da chamada, identificação do questionário aplicado, respostas registradas, conclusão ou interrupção da entrevista e resultado dos filtros de elegibilidade. O sistema adotará mecanismos de controle para evitar duplicidades, incluindo limitação de uma entrevista válida por número telefônico, identificação de registros repetidos e exclusão de entrevistas incompletas, inconsistentes ou inelegíveis. Serão considerados elegíveis apenas os respondentes que confirmarem possuir título eleitoral e votar no estado da Bahia. Após a coleta, o banco de dados será submetido a procedimentos de crítica, conferência e validação, com verificação da consistência das respostas, do tempo de duração das entrevistas, da distribuição territorial da amostra, do município de domicílio eleitoral informado pelo respondente, do preenchimento das variáveis de perfil e da compatibilidade com os filtros aplicados no questionário. Entrevistas com inconsistências, duplicidades, ausência de confirmação de elegibilidade ou tempo incompatível com a aplicação regular do questionário poderão ser desconsideradas da base final. A fiscalização interna da coleta será realizada por meio da análise dos bancos de respostas, registros de chamadas e logs do sistema, possibilitando a rastreabilidade do processo de coleta, a conferência das entrevistas válidas e o acompanhamento da composição amostral. Os dados e registros necessários à verificação da coleta serão mantidos sob guarda da empresa responsável, observados os prazos legais e as normas aplicáveis à pesquisa eleitoral e à proteção de dados pessoais.";"Em razão da metodologia telefônica adotada, a identificação territorial da entrevista será realizada com base no município de domicílio eleitoral informado espontaneamente pelo próprio respondente no sistema de coleta. Essa informação será registrada eletronicamente e cruzada com a classificação territorial disponível na base de contatos, para fins de controle, consistência e validação da composição territorial da amostra. Não é possível identificar, de forma tecnicamente segura e universal, o setor censitário ou o bairro individual de todos os respondentes. Assim, nos termos do art. 2º, §7º-F, da Resolução TSE nº 23.600/2019, a unidade territorial efetivamente utilizada será o município de domicílio eleitoral informado pelo entrevistado, agregado à respectiva Região Geográfica Imediata do IBGE. A relação detalhada dos municípios abrangidos, bem como a distribuição da amostra, será apresentada em documento complementar, denominado plano amostral detalhado, dentro do prazo legal estabelecido pela regulamentação eleitoral."
"28/09/2026";"05:46:54";2026;81;"Eleições Gerais 2026";"BA";"BA";"BAHIA";"BA015682026";"2026-09-03 16:00:25";"S";"22345021000181";"REAL TIME MIDIA LTDA";"REAL TIME BIG DATA";"Governador, Senador";"2026-09-04 00:00:00";"2026-09-08 00:00:00";"2026-09-09 00:00:00";1600;"10839";"Isabela Zara Cremoneze";"24000,00";"Pesquisa quantitativa, que consiste na realização de entrevistas com eleitores do universo a ser explorado, feitas em combinação mista por entrevistadores humanos e recursos de inteligência artificial, com a aplicação de questionário estruturado com abordagens telefônicas e digitais junto a uma amostra representativa do eleitorado em estudo. Pesquisa realizada no Estado de Bahia (BA).";"Representativo do eleitorado da área em estudo, elaborada em três estágios.
No primeiro estágio, realiza-se um sorteio probabilístico dos municípios onde as entrevistas serão realizadas, pelo método PPT (Probabilidade Proporcional ao Tamanho), tomando a população eleitora de 16 anos ou mais residente nos municípios como base para essa seleção.
No segundo estágio, efetua-se um sorteio probabilístico das localidades dentro dos municípios selecionados, também pelo método PPT (Probabilidade Proporcional ao Tamanho), considerando a população eleitora de 16 anos ou mais residente nessas localidades como base para a seleção.
No terceiro e último estágio, dentro das localidades sorteadas, os respondentes são selecionados por meio de quotas amostrais proporcionais, em função de variáveis significativas, a saber:

GÊNERO:
Feminino: 52,77%;
Masculino: 47,23%;
(Fonte: TSE, Agosto/2026 -- https://sig.tse.jus.br/ords/dwapr/r/seai/sig-eleitor-eleitorado-mensal/cruzamento-eleitorado-mensal?p24_metricas=E&p24_back=22&p24_cruzamento_1=ds_sexo&clear=24&session=118872650620746)
FAIXA ETÁRIA:
16 anos: 0,46%;
17 anos: 0,76%;
18 a 20 anos: 4,46%;
21 a 24 anos: 7,18%;
25 a 34 anos: 19,22%;
35 a 44 anos: 20,16%;
45 a 59 anos: 26,20%;
60 a 69 anos: 12,03%;
70 a 79 anos: 6,78%;
Superior a 79 anos: 2,74%;
(Fonte: TSE, Agosto/2026 -- https://sig.tse.jus.br/ords/dwapr/r/seai/sig-eleitor-eleitorado-mensal/cruzamento-eleitorado-mensal?p24_cruzamento_1=ds_faixa_etaria&p24_metricas=E&p24_back=22&clear=24&session=118872650620746)
ESCOLARIDADE:
Analfabeto: 5,33%;
Lê e Escreve: 11,17%;
Ensino Fundamental Incompleto: 21,89%;
Ensino Fundamental Completo: 4,16%;
Ensino Médio Incompleto: 17,81%;
Ensino Médio Completo: 27,90%;
Ensino Superior Incompleto: 3,84%;
Ensino Superior Completo: 7,90%;
(Fonte: TSE, Agosto/2026 -- https://sig.tse.jus.br/ords/dwapr/r/seai/sig-eleitor-eleitorado-mensal/cruzamento-eleitorado-mensal?p24_cruzamento_1=ds_grau_instrucao&p24_metricas=E&p24_back=22&clear=24&session=118872650620746)
RENDA DOMICILIAR MENSAL:
Sem rendimento: 6,18%;
Até 1/2 Salário Mínimo: 10,07%;
Mais de 1/2 a 1 Salário Mínimo: 23,25%;
Mais de 1 a 2 Salários Mínimos: 27,21%;
Mais de 2 a 5 Salários Mínimos: 22,82%;
Mais de 5 a 10 Salários Mínimos: 6,67%;
Mais de 10 a 20 Salários Mínimos: 2,62%;
Mais de 20 Salários Mínimos: 1,19%;
(Fonte: IBGE (CENSO-2010) -- https://cidades.ibge.gov.br/brasil/ba/pesquisa/23/24304?detalhes=true)
Observação: De acordo com informações do Instituto Brasileiro de Geografia e Estatística (IBGE), não há previsão de data para a divulgação do perfil econômico da população brasileira do CENSO 2022. Portanto, os dados sobre o nível econômico obtidos no Censo 2022 não podem ser utilizados, pois ainda não foram publicados.
Está prevista eventual ponderação para correção das variáveis sexo e idade, com base nos percentuais anteriormente mencionados, caso ocorram diferenças superiores a 3 pontos percentuais entre o previsto na amostra e a coleta de dados realizada. Para as variáveis de grau de instrução e nível econômico do entrevistado, o fator previsto para ponderação é 1 (resultados obtidos em campo). O nível de confiança estimado é de 95% e a margem de erro máxima estimada considerando um modelo de amostragem aleatório simples, é de aproximadamente 2 (dois) pontos percentuais para mais ou para menos sobre os resultados encontrados no total da amostra.";"O trabalho de coleta de dados é acompanhado por supervisores humanos. São selecionados aleatoriamente 15% (quinze por cento) dos questionários para uma verificação posterior e, em caso de dúvida, o formulário é descartado e o responsável pela coleta chamado para esclarecimentos. Há uma equipe especializada que confere os dados à exaustão com objetivo de averiguar e aferir os resultados coletados.";"O anexo do arquivo com os bairros será realizado até o dia seguinte da divulgação conforme indicado no §7º. do art. 2º. da Resolução-TSE nº. 23.600/2019."
