"DT_GERACAO";"HH_GERACAO";"AA_ELEICAO";"CD_ELEICAO";"NM_ELEICAO";"SG_UF";"SG_UE";"NM_UE";"NR_PROTOCOLO_REGISTRO";"DT_REGISTRO";"ST_PESQUISA_PROPRIA";"NR_CNPJ_EMPRESA";"NM_EMPRESA";"NM_EMPRESA_FANTASIA";"DS_CARGO";"DT_INICIO_PESQUISA";"DT_FIM_PESQUISA";"DT_DIVULGACAO";"QT_ENTREVISTADO";"CD_CONRE";"NM_ESTATISTICO_RESP";"VR_PESQUISA";"DS_METODOLOGIA_PESQUISA";"DS_PLANO_AMOSTRAL";"DS_SISTEMA_CONTROLE";"DS_DADO_MUNICIPIO"
"28/09/2026";"05:46:54";2026;81;"Eleições Gerais 2026";"TO";"TO";"TOCANTINS";"TO096642026";"2026-09-17 19:12:07";"S";"86951993000100";"PROMOTION - EDITORA PORTAL DE NOTICIAS E PESQUISAS LTDA";"PORTAL E INSTITUTO STYLO";"Governador, Senador";"2026-09-18 00:00:00";"2026-09-20 00:00:00";"2026-09-23 00:00:00";1200;"6892";"JOAO SOARES DE ARAUJO NETO";"21000,00";"I) METODOLOGIA DA PESQUISA:
I.1) Objetivo: Aferir a intenção de voto dos eleitores, em 29 municípios do Estado, obedecendo a distribuição geográfica da população por Regiões Geográficas do Estado do Tocantins. Sendo relevante o quantitativo do número de habitantes e eleitores, na escolha dos municípios.
Intenção de voto do eleitorado do Estado do Tocantins, com relação aos candidatos a Presidência da República, Governo do Estado e Senado Federal, através de entrevistas diretas junto ao eleitorado. Essas terão por objetivo, identificar de forma espontânea, a aceitação e/ou rejeição dos candidatos postulantes aos cargos eletivos.
I.2) Procedimentos para a realização da Pesquisa: Aplicação de entrevistas diretas junto ao eleitorado dos 29 municípios de 6 regiões (Bico do Papagaio, Norte, Central, Sudeste, Vale do Araguaia e Sul), que abrangem o Estado do Tocantins. Aplicando-se questionários estruturados nos domicílios, estabelecimentos comerciais e de serviços e áreas públicas, na zona urbana dos municípios. Para cada domicílio e/ou estabelecimento comercial/serviços, será realizada uma única entrevista. A seleção das entrevistas utilizará o critério de aleatoriedade no sorteio das unidades que irão compor o painel amostral, tendo por objetivo minimizar a tendenciosidade e os possíveis viés, que são passíveis de ocorrerem neste tipo de pesquisa. O número de questionários aplicados, terá por base uma amostra significativa e representativa do eleitorado cadastrado nestes municípios, tendo por base o número de eleitores informado pelo TSE referente ao Estado do Tocantins, tendo por referência o mês de agosto do ano corrente.
I.3) Abrangência Geográfica:
I.3.1) Região do Bico do Papagaio, composta pelos municípios de:
-Araguatins, Augustinópolis, Tocantinópolis e Sítio Novo;

I.3.2) Região Norte, composta pelos municípios de:
-Araguaína, Colinas do Tocantins, Guaraí e Nova Olinda;

I.3.3) Região Central, composta pelos municípios de:
- Barrolândia, Miracema do Tocantins, Miranorte, Palmas e Porto Nacional;

I.3.4) Região Sudeste, composta pelos municípios de:
-Almas, Arraias, Dianópolis, Natividade e Taguatinga;


I.3.5) Região Vale do Araguaia, composta pelos municípios de:
-Cristalândia, Divinópolis, Lagoa da Confusão; Paraíso e Pium;

I.3.6) Região Sul, composta pelos municípios de:
-Araguaçu, Alvorada, Figueirópolis, Formoso do Araguaia, Gurupi e Peixe.

O número de entrevistas realizado em cada Região, terá por base o Cadastro do TSE/TO referente a cada município a ser pesquisado, tendo por referência o mês de agosto de 2026. As entrevistas serão realizadas majoritariamente nos domicílios (90%), e o restante nos estabelecimentos comerciais/serviços e áreas de circulação públicas.
I.4) Os dados que permitirão a caracterização do perfil do eleitorado para o dimensionamento da amostra, tiveram como base de referência, as informações do cadastro de eleitores do TSE/TO referente a agosto/2026, para identificação do número de eleitores, por sexo, faixa etária, grau de instrução e o Censo Populacional de 2010 do IBGE, para identificar a classe de rendimentos por domicílios (Publicação IBGE Cidades).
Com base no banco de dados do TSE/TO, registrado em agosto/2026, o total de eleitores no
Estado corresponde a 1.182.768.
A amostra da população entrevistada corresponderá a um percentual robusto e significativo, que permita a realização de inferência para o restante dos demais municípios, que não foram abrangidos pela Pesquisa.

Links para obtenção dos dados utilizados como fonte de dados da Metodologia:
https://www.tse.jus.br>eleições>estatisticas-do-eleitorado
https://cidades.ibge.gov.br>brasil";"II.1) Descrição: Foi elaborado utilizando-se o critério de AAS (Amostragem Aleatória Simples) para o cálculo do tamanho da amostra de uma população finita, considerando para as variáveis p(sucesso) e q(não sucesso) para a obtenção ou não de votos junto ao eleitorado. Tendo por objetivo o dimensionamento de uma amostra confiável e significativa para a descrição do fenômeno objeto de avaliação. Minimizando a probabilidade de ocorrência de erros e a consequente obtenção de uma amostra representativa em relação a população componente do universo pesquisado. A pesquisa foi dimensionada para uma amostra com Margem de Confiança de 95% e Erro Amostral de 2,9 pontos percentuais para mais ou para menos, totalizando 1200 questionários.
II.2) Distribuição dos questionários por Regiões/municípios e cotas (sexo, faixa etária, grau de instrução e renda domiciliar):

Os questionários foram distribuídos pelas Regiões da seguinte forma:

II.2.1) Região do Bico do Papagaio: 11%.
Nº de Questionários:132

II.2.2) Região Norte: 23%.
Nº de Questionários:276

II.2.3) Região Central: 37%.
Nº de Questionários:444

II.2.4) Região Sudeste: 7%.
Nº de Questionários:84II.2.5) Região Vale do Araguaia: 9%.
Nº de Questionários:108

II.2.6) Região Sul: 13%.
Nº de Questionários:156

II.3.1) Por Sexo: Masculino e Feminino;
II.3.2) Por Faixa Etária (anos): 16 a 20, 21 a 24, 25 a 34, 35 a 44, 45 a 59, 60 a 69 e 70 anos ou mais;
II.3.3) Por Grau de Instrução: Analfabeto, Fundamental Incompleto juntamente com Lê/Escreve, Fundamental Completo, Médio Incompleto, Médio Completo, Superior Incompleto e Superior Completo.
II.3.4) Renda Domiciliar (Sal. Mínimo): Sem rendimentos, Até ½, Mais de ½ a 1, Mais de 1 a 2, Mais de 2 a 5, Mais de 5 a 10, Mais de 10.
OBS.: As informações referentes aos itens II.3.1 a II.3.4, estão especificadas em quadros anexos assinados digitalmente.";"Obedecerá aos seguintes critérios:
III.1) Seleção aleatória de alguns setores pesquisados, havendo posterior visita de supervisores de campo do instituto, para avaliação da qualidade das informações coletadas;
III.2) Visita a 10% dos domicílios do local selecionado, para confirmação da veracidade das informações coletadas;
III.3) Acompanhamento de algumas entrevistas por parte do supervisor, para observar se o pesquisador está influenciando, ainda que de forma indireta na resposta do entrevistado, comprometendo assim, a qualidade da entrevista e consequentemente o resultado da Pesquisa.
III.4) Utilização de fatores de ponderação para ajustes na amostra coletada, com base na amostra prevista. Caso ocorram distorções significativas, entre os quantitativos obtidos na coleta de determinada variável e o determinado no dimensionamento da amostra.
Exemplo:
III.4.1) Ponderação por sexo e idade: Ocorrendo diferença superior a 5 pontos percentuais, entre o previsto no cálculo do dimensionamento da amostra e, o coletado no campo;
III.4.2) Grau de Instrução e Renda Domiciliar: Ocorrendo a mesma situação de diferença superior a 5 pontos percentuais, na coleta dessas variáveis, será utilizado fator de ponderação igual a um. Correspondente aos valores obtidos na coleta de campo.

III..5) Na ausência de delimitação de bairros nos municípios pesquisados, serão identificadas as áreas em que foram realizadas as entrevistas para coleta de dados. Essas informações serão disponibilizadas no prazo estabelecido e regulamentado pelo TSE. Obedecendo a regulação do TSE. Conforme o parágrafo 7 do artigo 2 da resolução TSE, número 23.600/2019

(Obs: Esta metodologia segue assinada digitalmente nos anexos pelo estatístico responsável).";"I.3) Abrangência Geográfica:
I.3.1) Região do Bico do Papagaio, composta pelos municípios de:
-Araguatins, Augustinópolis, Tocantinópolis e Sítio Novo;

I.3.2) Região Norte, composta pelos municípios de:
-Araguaína, Colinas do Tocantins, Guaraí e Nova Olinda;

I.3.3) Região Central, composta pelos municípios de:
- Barrolândia, Miracema do Tocantins, Miranorte, Palmas e Porto Nacional;

I.3.4) Região Sudeste, composta pelos municípios de:
-Almas, Arraias, Dianópolis, Natividade e Taguatinga;


I.3.5) Região Vale do Araguaia, composta pelos municípios de:
-Cristalândia, Divinópolis, Lagoa da Confusão; Paraíso e Pium;

I.3.6) Região Sul, composta pelos municípios de:
-Araguaçu, Alvorada, Figueirópolis, Formoso do Araguaia, Gurupi e Peixe.

II.2.1) Região do Bico do Papagaio: 11%.
Nº de Questionários:132

II.2.2) Região Norte: 23%.
Nº de Questionários:276

II.2.3) Região Central: 37%.
Nº de Questionários:444

II.2.4) Região Sudeste: 7%.
Nº de Questionários:84II.2.5) Região Vale do Araguaia: 9%.
Nº de Questionários:108

II.2.6) Região Sul: 13%.
Nº de Questionários:156"
"28/09/2026";"05:46:54";2026;81;"Eleições Gerais 2026";"TO";"TO";"TOCANTINS";"TO082532026";"2026-09-25 16:30:36";"S";"86951993000100";"PROMOTION - EDITORA PORTAL DE NOTICIAS E PESQUISAS LTDA";"PORTAL E INSTITUTO STYLO";"Governador, Senador";"2026-09-25 00:00:00";"2026-09-28 00:00:00";"2026-10-01 00:00:00";1200;"6892";"JOAO SOARES DE ARAUJO NETO";"21000,00";"I.1) Obje vo: Aferir a intenção de voto dos eleitores, em 29 municípios do Estado, obedecendo a
distribuição geográfica da população por Regiões Geográficas do Estado do Tocan ns. Sendo
relevante o quan ta vo do número de habitantes e eleitores, na escolha dos municípios.
Intenção de voto do eleitorado do Estado do Tocan ns, com relação aos candidatos a Presidência da
República, Governo do Estado e Senado Federal, através de entrevistas diretas junto ao eleitorado.
Essas terão por obje vo, iden ficar de forma espontânea, a aceitação e/ou rejeição dos candidatos
postulantes aos cargos ele vos.
I.2) Procedimentos para a realização da Pesquisa: Aplicação de entrevistas diretas junto ao
eleitorado dos 29 municípios de 6 regiões (Bico do Papagaio, Norte, Central, Sudeste, Vale do
Araguaia e Sul), que abrangem o Estado do Tocan ns. Aplicando-se ques onários estruturados nos
domicílios, estabelecimentos comerciais e de serviços e áreas públicas, na zona urbana dos
municípios. Para cada domicílio e/ou estabelecimento comercial/serviços, será realizada uma única
entrevista. A seleção das entrevistas u lizará o critério de aleatoriedade no sorteio das unidades que
irão compor o painel amostral, tendo por obje vo minimizar a tendenciosidade e os possíveis viés,
que são passíveis de ocorrerem neste po de pesquisa. O número de ques onários aplicados, terá
por base uma amostra significa va e representa va do eleitorado cadastrado nestes municípios,
tendo por base o número de eleitores informado pelo TSE referente ao Estado do Tocan ns, tendo
por referência o mês de agosto do ano corrente.
I.3) Abrangência Geográfica:
I.3.1) Região do Bico do Papagaio, composta pelos municípios de:-Aragua ns, Augus nópolis, Tocan nópolis e Sí o Novo;
I.3.2) Região Norte, composta pelos municípios de:-Araguaína, Colinas do Tocan ns, Guaraí e Nova Olinda;
I.3.3) Região Central, composta pelos municípios de:- Barrolândia, Miracema do Tocan ns, Miranorte, Palmas e Porto Nacional;
I.3.4) Região Sudeste, composta pelos municípios de:-Almas, Arraias, Dianópolis, Na vidade e Tagua nga;
I.3.5) Região Vale do Araguaia, composta pelos municípios de:-Cristalândia, Divinópolis, Lagoa da Confusão; Paraíso e Pium;
I.3.6) Região Sul, composta pelos municípios de:-Araguaçu, Alvorada, Figueirópolis, Formoso do Araguaia, Gurupi e Peixe.
O número de entrevistas realizado em cada Região, terá por base o Cadastro do TSE/TO referente a
cada município a ser pesquisado, tendo por referência o mês de agosto de 2026. As entrevistas
serão realizadas majoritariamente nos domicílios (90%), e o restante nos estabelecimentos
comerciais/serviços e áreas de circulação públicas.
I.4) Os dados que permi rão a caracterização do perfil do eleitorado para o dimensionamento da
amostra, veram como base de referência, as informações do cadastro de eleitores do TSE/TO
referente a agosto/2026, para iden ficação do número de eleitores, por sexo, faixa etária, grau de
instrução e o Censo Populacional de 2010 do IBGE, para iden ficar a classe de rendimentos por
domicílios (Publicação IBGE Cidades).
Com base no banco de dados do TSE/TO, registrado em agosto/2026, o total de eleitores no
Estado corresponde a 1.182.768.
A amostra da população entrevistada corresponderá a um percentual robusto e significa vo, que
permita a realização de inferência para o restante dos demais municípios, que não foram abrangidos
pela Pesquisa.
Links para obtenção dos dados utilizados como fonte de dados da
Metodologia:
https://www.tse.jus.br>eleições>estatisticas-do-eleitorado
https://cidades.ibge.gov.br>brasi";"II.1) Descrição: Foi elaborado u lizando-se o critério de AAS (Amostragem Aleatória Simples) para o
cálculo do tamanho da amostra de uma população finita, considerando para as variáveis p(sucesso)
e q(não sucesso) para a obtenção ou não de votos junto ao eleitorado. Tendo por obje vo o
dimensionamento de uma amostra confiável e significa va para a descrição do fenômeno objeto de
avaliação. Minimizando a probabilidade de ocorrência de erros e a consequente obtenção de uma
amostra representa va em relação a população componente do universo pesquisado. A pesquisa foi
dimensionada para uma amostra com Margem de Confiança de 95% e Erro Amostral de 2,9 pontos
percentuais para mais ou para menos, totalizando 1200 ques onários.
II.2) Distribuição dos ques onários por Regiões/municípios e cotas (sexo, faixa etária, grau de
instrução e renda domiciliar):
Os ques onários foram distribuídos pelas Regiões da seguinte forma:
II.2.1) Região do Bico do Papagaio: 11%.
Nº de Ques onários:132
II.2.2) Região Norte: 23%.
Nº de Ques onários:276
II.2.3) Região Central: 37%.
Nº de Ques onários:444
II.2.4) Região Sudeste: 7%.
Nº de Ques onários:84
II.2.5) Região Vale do Araguaia: 9%.
Nº de Ques onários:108
II.2.6) Região Sul: 13%.
Nº de Ques onários:156
II.3.1) Por Sexo: Masculino e Feminino;
II.3.2) Por Faixa Etária (anos): 16 a 20, 21 a 24, 25 a 34, 35 a 44, 45 a 59, 60 a 69 e 70 anos ou mais;
II.3.3) Por Grau de Instrução: Analfabeto, Fundamental Incompleto juntamente com Lê/Escreve,
Fundamental Completo, Médio Incompleto, Médio Completo, Superior Incompleto e Superior
Completo.
II.3.4) Renda Domiciliar (Sal. Mínimo): Sem rendimentos, Até ½, Mais de ½ a 1, Mais de 1 a 2, Mais
de 2 a 5, Mais de 5 a 10, Mais de 10.
OBS.: As informações referentes aos itens II.3.1 a II.3.4, estão especificadas em quadros anexos
assinados digitalmente";"Obedecerá aos seguintes critérios:
III.1) Seleção aleatória de alguns setores pesquisados, havendo posterior visita de supervisores de
campo do ins tuto, para avaliação da qualidade das informações coletadas;
III.2) Visita a 10% dos domicílios do local selecionado, para confirmação da veracidade das
informações coletadas;
III.3) Acompanhamento de algumas entrevistas por parte do supervisor, para observar se o
pesquisador está influenciando, ainda que de forma indireta na resposta do entrevistado,
comprometendo assim, a qualidade da entrevista e consequentemente o resultado da Pesquisa.
III.4) U lização de fatores de ponderação para ajustes na amostra coletada, com base na amostra
prevista. Caso ocorram distorções significa vas, entre os quan ta vos ob dos na coleta de
determinada variável e o determinado no dimensionamento da amostra.
Exemplo:
III.4.1) Ponderação por sexo e idade: Ocorrendo diferença superior a 5 pontos percentuais, entre o
previsto no cálculo do dimensionamento da amostra e, o coletado no campo;
III.4.2) Grau de Instrução e Renda Domiciliar: Ocorrendo a mesma situação de diferença superior a 5
pontos percentuais, na coleta dessas variáveis, será u lizado fator de ponderação igual a um.
Correspondente aos valores ob dos na coleta de campo.
III..5) Na ausência de delimitação de bairros nos municípios pesquisados, serão iden ficadas as áreas
em que foram realizadas as entrevistas para coleta de dados. Essas informações serão
disponibilizadas no prazo estabelecido e regulamentado pelo TSE. Obedecendo a regulação do TSE.
Conforme o parágrafo 7 do ar go 2 da resolução TSE, número 23.600/2019
(Obs: Esta metodologia segue assinada digitalmente nos anexos pelo esta s co responsável)";"Aplicação de entrevistas diretas junto ao
eleitorado dos 29 municípios de 6 regiões (Bico do Papagaio, Norte, Central, Sudeste, Vale do
Araguaia e Sul), que abrangem o Estado do Tocan ns. Aplicando-se ques onários estruturados nos
domicílios, estabelecimentos comerciais e de serviços e áreas públicas, na zona urbana dos
municípios. Para cada domicílio e/ou estabelecimento comercial/serviços, será realizada uma única
entrevista. A seleção das entrevistas u lizará o critério de aleatoriedade no sorteio das unidades que
irão compor o painel amostral, tendo por obje vo minimizar a tendenciosidade e os possíveis viés,
que são passíveis de ocorrerem neste po de pesquisa. O número de ques onários aplicados, terá
por base uma amostra significa va e representa va do eleitorado cadastrado nestes municípios,
tendo por base o número de eleitores informado pelo TSE referente ao Estado do Tocan ns, tendo
por referência o mês de agosto do ano corrente.
I.3) Abrangência Geográfica:
I.3.1) Região do Bico do Papagaio, composta pelos municípios de:-Aragua ns, Augus nópolis, Tocan nópolis e Sí o Novo;
I.3.2) Região Norte, composta pelos municípios de:-Araguaína, Colinas do Tocan ns, Guaraí e Nova Olinda;
I.3.3) Região Central, composta pelos municípios de:- Barrolândia, Miracema do Tocan ns, Miranorte, Palmas e Porto Nacional;
I.3.4) Região Sudeste, composta pelos municípios de:-Almas, Arraias, Dianópolis, Na vidade e Tagua nga;
I.3.5) Região Vale do Araguaia, composta pelos municípios de:-Cristalândia, Divinópolis, Lagoa da Confusão; Paraíso e Pium;
I.3.6) Região Sul, composta pelos municípios de:-Araguaçu, Alvorada, Figueirópolis, Formoso do Araguaia, Gurupi e PeixeOs ques onários foram distribuídos pelas Regiões da seguinte forma:
II.2.1) Região do Bico do Papagaio: 11%.
Nº de Ques onários:132
II.2.2) Região Norte: 23%.
Nº de Ques onários:276
II.2.3) Região Central: 37%.
Nº de Ques onários:444
II.2.4) Região Sudeste: 7%.
Nº de Ques onários:84
II.2.5) Região Vale do Araguaia: 9%.
Nº de Ques onários:108
II.2.6) Região Sul: 13%.
Nº de Ques onários:156"
"28/09/2026";"05:46:54";2026;81;"Eleições Gerais 2026";"TO";"TO";"TOCANTINS";"TO057252026";"2026-09-23 22:13:08";"N";"17590594000130";"JORNAL CORREIO DO POVO TOCANTINENSE LTDA";"CORREIO DO POVO TOCANTINENSE";"Governador, Senador";"2026-09-18 00:00:00";"2026-09-24 00:00:00";"2026-09-29 00:00:00";1600;"6892";"Joao Soares de Araujo Neto";"35000,00";"I.1) Objetivo: Aferir a intenção de voto dos eleitores, em 52 municípios das Regiões Norte, Centro/Norte, Central, Sudeste e Sul do Estado do Tocantins, com relação aos candidatos ao Governo e Senado, do Estado, através de entrevistas diretas junto ao eleitorado. Essas terão por objetivo, identificar de forma Estimulada e Espontânea a aceitação e/ou rejeição dos candidatos postulantes aos cargos eletivos para Governo do Estado, e SOMENTE Estimulada para o Senado Federal.
I.2) Procedimentos para a realização da Pesquisa: Aplicação de entrevistas diretas por meio digital (tablets), junto ao eleitorado dos 52 municípios de 5 regiões em que o Estado foi dividido, aplicando-se questionários estruturados, nos domicílios e áreas comerciais, na zona urbana dos municípios. Para cada domicílio e/ou estabelecimento comercial, será realizada uma única entrevista. A seleção das entrevistas utilizará o critério de aleatoriedade no sorteio das unidades que irão compor o painel amostral, tendo por objetivo minimizar a tendenciosidade e os possíveis viés, que são passíveis de ocorrerem neste tipo de pesquisa. O número de questionários aplicados, terá por base uma amostra significativa e representativa do eleitorado cadastrado nestes municípios, tendo por base o número de eleitores informado pelo TSE para o estado do Tocantins, tendo por referência o mês de agosto do ano corrente.
https://www.tse.jus.br>eleições>estatisticas-do-eleitorado
I.3) Abrangência Geográfica:
1) Região Norte/ Polo Bico do Papagaio, composta pelos municípios de:
Aguiarnópolis, Angico, Araguatins, Augustinópolis, Axixá, Buritis, Nazaré, São Miguel, Tocantinópolis e Xambioa;
2) Região Centro Norte/Polo Araguaína, composta pelos municípios de:
Araguaína, Babaçulândia, Colinas do Tocantins, Colmeia, Filadélfia, Guaraí, Nova Olinda e Presidente Kennedy;
3) Região Central/Polo Palmas, composta pelos municípios de:
Araguacema, Barrolândia, Caseara, Cristalândia, Divinópolis, Fátima, Lagoa da Confusão, Marianópolis, Miracema, Miranorte, Palmas, Paraíso do Tocantins, Pium e Porto Nacional;
4) Região Sudeste/Polo Dianópolis, composta pelos municípios de:
Almas, Arraias, Dianópolis, Natividade, Ponte Alta do TO, Santa Rosa, São Valério e Taguatinga;
5) Região Sul/Polo Gurupi, composta pelos municípios de:
Aliança, Alvorada do Tocantins, Araguaçu, Cariri, Crixás, Dueré, Figueirópolis, Formoso do Araguaia, Gurupi, Peixe, Sandolândia e Santa Rita.
O número de entrevistas realizado em cada Região, terá por base o Cadastro do TSE referente ao estado do Tocantins, tendo por referência o mês de agosto de 2026. As entrevistas serão realizadas majoritariamente nos domicílios (90%), e o restante nos estabelecimentos comerciais e áreas de circulação públicas.
I.4) Os dados que permitirão a caracterização do perfil do eleitorado para o dimensionamento da amostra, tiveram como base de referência, as informações do cadastro de eleitores do TSE referentes ao estado do TO, mês de agosto/2026, para identificação do número de eleitores, por sexo, faixa etária e grau de instrução, e o Censo Populacional de 2010 do IBGE, para identificação da renda domiciliar da população.
Links para obtenção dos dados utilizados como fonte de dados da Metodologia:
https://www.tse.jus.br>eleições>estatisticas-do-eleitorado
https://cidades.ibge.gov.br>brasil
Observação: O total de eleitores nesses 52 municípios objetos da Pesquisa é de 851.176 Eleitores.
Com base no banco de dados do TSE relacionado ao estado do TO, registrado em agosto/2026, o total de eleitores no estado corresponde a 1.182.768. A proporção de eleitores pesquisados em relação ao total geral do estado, corresponde a 72,0%. Um percentual robusto e significativo, que permite a realização de inferência para o restante dos demais municípios, que não foram abrangidos pela Pesquisa.";"II) PLANO AMOSTRAL, PONDERAÇÃO DO NÚMERO DE ENTREVISTADOS POR VARIÁVEIS ASSOCIADAS A PESQUISA, MARGEM DE CONFIANÇA E ERRO AMOSTRAL. II.1) Descrição: Foi elaborado utilizando-se o critério de AAS(Amostragem Aleatória Simples), considerando para as variáveis p(sucesso) e q(não sucesso) para a obtenção ou não de votos junto ao eleitorado. Minimizando a probabilidade de ocorrência de erros e a consequente obtenção de uma amostra Significativa, em relação a população componente do universo pesquisado. A pesquisa foi dimensionada para uma amostra com Margem de Confiança de 95% e Erro Amostral de 2,5 pontos percentuais para mais ou para menos, totalizando 1600 questionários. II.2) Distribuição dos questionários por Regiões/municípios e por cotas(sexo, faixa etária, grau de instrução e renda per capita) Os questionários foram distribuídos pelas Regiões da seguinte forma: 1) Região Norte/Bico do papagaio: 12,0%(192 questionários), distribuídos da seguinte forma: Aguiarnópolis 4%, Angico 3% , Araguatins 23%, Augustinópolis 14%, Axixá 9% , Buritis 7%, Nazaré 4%, São Miguel 10%, Tocantinópolis 17% e Xambioá 9%; 2) Região Centro/Norte: 23,0%(368 questionários), distribuídos da seguinte forma: Araguaína 63%, Babaçulândia 3%, Colinas do Tocantins 13%, Colmeia 3%, Filadélfia 3%, Guaraí 9%, Nova Olinda 4% e Presidente Kennedy 2%; 3) Região Central: 44,0%(704 questionários), distribuídos da seguinte forma: Araguacema 1%, Barrolândia 1%, Caseara 1%, Cristalândia 1%, Divinópolis 1%, Fátima 1%, Lagoa da Confusão 3%, Marianópolis 1%, Miracema 4%, Miranorte 3%, Palmas 58%, Paraíso 10%, Pium 2%, Porto Nacional 13% ; 4) Região Sudeste: 7%(112 questionários), distribuídos da seguinte forma: Almas 9%, Arraias 14% Dianópolis 22%, Natividade 12%, Ponte Alta do Tocantins 10%, Santa Rosa 7%, São Valério 7% e Taguatinga 19%; 5) Região Sul: 14,0%(224 questionários), distribuídos da seguinte forma: Aliança 4%, Alvorada 7%, Araguaçu 5%, Cariri %, Crixás 3%, Dueré 2%, Figueirópolis 3%, Formoso do Araguaia 12%, Gurupi 50%, Peixe 6%, Sandolândia 3% e Santa Rita do Tocantins 2%. ATENÇÃO!!! ATENÇÃO!!! Devido à falta de espaço neste local, segue em anexo, a METODOLOGIA COMPLETA com o Plano Amostral e as tabelas de dados referentes às regiões, sexo, renda per capita, escolaridade nas pastas de arquivos (formulário) devidamente assinadas pelo estatístico responsável";"Obedecerá aos seguintes critérios:
III.1) Seleção aleatória de alguns setores pesquisados, havendo posterior visita de supervisores de campo do instituto, para avaliação da qualidade das informações coletadas;
III.2) Visita a 10% dos domicílios do local selecionado, para confirmação da veracidade das informações coletadas;
III.3) Acompanhamento de algumas entrevistas por parte do supervisor, para observar se o pesquisador está influenciando, ainda que de forma indireta na resposta do entrevistado, comprometendo assim, a qualidade da entrevista e consequentemente o resultado da Pesquisa.
III.4) Utilização de fatores de ponderação para ajustes na amostra coletada, com base na amostra prevista. Caso ocorram distorções significativas, entre os quantitativos obtidos na coleta de determinada variável e o determinado no dimensionamento da amostra.
Exemplo:
III.4.1) Ponderação por sexo e idade: Ocorrendo diferença superior a 5 pontos percentuais, entre o previsto no cálculo do dimensionamento da amostra e, o coletado no campo;
III.4.2) Grau de Instrução e Renda Domiciliar: Ocorrendo a mesma situação de diferença superior a 5 pontos percentuais, na coleta dessas variáveis, será utilizado fator de ponderação igual a um. Correspondente aos valores obtidos na coleta de campo.

III..5) Na ausência de delimitação de bairros nos municípios pesquisados, serão identificadas as áreas em que foram realizadas as entrevistas para coleta de dados. Essas informações serão disponibilizadas no prazo estabelecido e regulamentado pelo TSE. Obedecendo a regulação do TSE. Conforme o parágrafo 7 do artigo 2 da resolução TSE, número 23.600/2019
(Obs: Esta metodologia segue assinada digitalmente em anexo pelo estatístico responsável).
João Soares de Araújo Neto - Registro Profissional ¿ 6892 Série A ¿ CONRE Região 2.
";"Será anexado no prazo previsto em Lei"
"28/09/2026";"05:46:54";2026;81;"Eleições Gerais 2026";"TO";"TO";"TOCANTINS";"TO090602026";"2026-09-06 20:32:15";"S";"00654576000172";"INSTITUTO VERITA LTDA";"VERITA";"Governador, Senador";"2026-09-07 00:00:00";"2026-09-12 00:00:00";"2026-09-12 00:00:00";1220;"10699";"Guilherme Alvarenga Laia";"93940,00";"Estudo quantitativo voltado às Eleições 2026, realizado por meio de entrevistas individuais, aplicadas mediante questionário eletrônico estruturado e Unidade Automatizada de Respostas Audíveis e Auditáveis, por meio de ligações para telefones móveis (celulares). A inteligência artificial é empregada exclusivamente para a transcrição automatizada das respostas em áudio, não interferindo na formulação das perguntas, na condução das entrevistas, na coleta das informações, na interpretação das respostas ou no tratamento estatístico dos dados.

A participação dos eleitores é voluntária, espontânea e não remunerada. As respostas são prestadas por autodeclaração, sendo, em sua maioria, registradas por meio de códigos numéricos correspondentes às alternativas previamente definidas no questionário.

A utilização de sistema eletrônico automatizado para a coleta e o registro das respostas proporciona elevado nível de padronização operacional, reduz a possibilidade de interferência humana durante a realização das entrevistas, amplia a rastreabilidade e a auditabilidade de todo o processo de coleta e contribui para maior precisão, consistência e confiabilidade dos dados obtidos.

O plano amostral foi elaborado para assegurar a representatividade estatística do eleitorado da respectiva Unidade da Federação, observando critérios técnicos de seleção, distribuição e ponderação da amostra, quando aplicáveis.";"A pesquisa foi planejada para produzir uma amostra estatisticamente representativa do eleitorado do estado DO TOCANTINS, utilizando o método de Probabilidade Proporcional ao Tamanho (PPT), com plano amostral em múltiplos estágios. Na primeira etapa, esta Unidade da Federação é dividida em macrorregiões, de forma a assegurar adequada distribuição territorial da amostra e representação das diferentes características geográficas, demográficas e eleitorais. Na segunda etapa, os municípios de cada estrato são ordenados segundo seu porte populacional e eleitoral e sorteados. Na terceira etapa, os respondentes são selecionados entre os eleitores aptos residentes nos municípios sorteados, observando-se a distribuição proporcional da amostra e as cotas estabelecidas para as variáveis de sexo, faixa etária, grau de instrução e nível econômico. As cotas são estabelecidas para a pesquisa completa, considerando a composição do eleitorado e os parâmetros oficiais de referência, não sendo aplicadas isoladamente a cada município selecionado.

SEXO E FAIXA ETÁRIA - Fonte: Tribunal Superior Eleitoral (TSE), Perfil do Eleitorado, junho de 2026. Feminino de 16 a 34 anos: 18,8%; Masculino de 16 a 34 anos: 17,9%; Feminino de 35 a 54 anos: 19,2%; Masculino de 35 a 54 anos: 18,3%; Feminino com 55 anos ou mais: 12,9%; Masculino com 55 anos ou mais: 12,9%. Os parâmetros de sexo e idade têm como referência o cadastro eleitoral brasileiro atualizado pelo Tribunal Superior Eleitoral, considerando o universo de eleitores aptos com 16 anos ou mais.

GRAU DE INSTRUÇÃO - Fonte: IBGE - PNAD Contínua Anual 2025. A distribuição é: sem instrução 6,3%; ensino fundamental incompleto ou equivalente 21,9%; ensino fundamental completo ou equivalente 7,7%; ensino médio incompleto ou equivalente 9,6%; ensino médio completo ou equivalente 30,4%; ensino superior incompleto ou equivalente 6,7%; ensino superior completo 17,3%. Para não confundir os respondentes as faixas de escolaridade no questionário foram agrupadas em 3 faixas: até ensino fundamental incompleto e completo, ensino médio incompleto e completo e superior incompleto, completo ou mais. A PNAD Contínua é utilizada como referência por constituir a fonte oficial mais atualizada para a mensuração do nível de instrução da população brasileira, sua utilização também corrige limitações decorrentes da ausência de atualização obrigatória e contínua das informações de escolaridade no cadastro eleitoral do Tribunal Superior Eleitoral.

NÍVEL ECONÔMICO - RENDA FAMILIAR DO DOMICÍLIO - Fonte: IBGE - PNAD Contínua Anual 2025. Considera-se a renda domiciliar total, compreendendo rendimentos provenientes de trabalho formal e informal, aposentadorias, pensões, benefícios sociais e demais fontes de renda existentes no domicílio. observando-se a seguinte distribuição: renda familiar de até 2 salários-mínimos 43,9%; de 2 a 5 salários-mínimos 37,9%, acima de 5 salários-mínimos 18,2%.

PONDERAÇÃO E CALIBRAÇÃO DA AMOSTRA - Prevê-se eventual ponderação das variáveis de sexo, faixa etária, grau de instrução e nível econômico, caso sejam verificadas diferenças relevantes entre a distribuição da amostra efetivamente coletada e os parâmetros populacionais de referência adotados. Inicialmente, o fator de ponderação é igual a 1 (um), podendo ser recalculado sempre que necessário para assegurar a representatividade estatística da amostra.
INTERVALO DE CONFIANÇA E MARGEM DE ERRO - O intervalo de confiança adotado é de 95%, com margem máxima estimada de erro de aproximadamente 3 pontos percentuais, para mais ou para menos, sobre os resultados do total da amostra, calculada segundo o modelo de amostragem aleatória simples e a hipótese de máxima variabilidade.";"Após os trabalhos de coleta de dados, os questionários são submetidos a uma fiscalização, conferência e checagem de cerca de 20% (vinte por cento) dos questionários aplicados. Todas as entrevistas são integralmente registradas em áudio, permanecendo auditáveis e rastreáveis, permitindo a verificação da integridade do processo de coleta, preservado o sigilo das informações pessoais dos entrevistados e observadas as disposições da Lei Geral de Proteção de Dados Pessoais (Lei nº 13.709/2018).";"Em observância ao art. 2º, § 7º, da Resolução TSE nº 23.600/2019, com redação dada pela Resolução TSE nº 23.747/2026, a presente pesquisa terá seu registro complementado no Sistema de Registro de Pesquisas Eleitorais a partir da data em que sua divulgação for permitida e até o dia seguinte, com a identificação dos municípios em que foram realizadas as entrevistas, bem como da composição final da amostra quanto a gênero, idade, grau de instrução e nível econômico, na forma exigida pela legislação eleitoral vigente."
"28/09/2026";"05:46:54";2026;81;"Eleições Gerais 2026";"TO";"TO";"TOCANTINS";"TO066452026";"2026-03-20 19:57:00";"N";"56824073000152";"EXATA.GO PESQUISA LTDA";"EXATA.GO";"Governador, Senador";"2026-03-20 00:00:00";"2026-03-25 00:00:00";"2026-03-26 00:00:00";1316;"10809";"ESTENIO DA COSTA SANTOS";"5000,00";"A pesquisa será do tipo quantitativo, por amostragem aleatória, com aplicação de questionário estruturado e abordagem de moradores eleitores do município de Palmas, estado do Tocantins, em pontos estratégicos de fluxo de pessoal do município e por visitas às residências do município. O conjunto da população de Palmas com 16 anos ou mais e que são votantes na referida cidade foi tomado como universo da pesquisa.";"O universo da pesquisa se concentra na população do município de Palmas, estado do Tocantins, com 16 anos ou mais votantes no estado. Tamanho da amostra: A amostra prevista é de 1.316 entrevistas. Técnica de amostragem: A amostra é representativa do universo pesquisado e selecionada em duas etapas. Na primeira etapa são selecionados os bairros / setores que farão parte da amostra. Numa segunda etapa são sorteados os pontos de abordagem onde serão aplicadas as entrevistas. Por fim, os entrevistados são selecionados aleatoriamente para responder ao questionário, de acordo com cotas de sexo e faixa etária. Os dados relativos a sexo e faixa etária são: Sexo masculino: 47%; Sexo feminino: 53%, Idade: 16 a 24 anos: 16,3%; 25 a 34 anos: 23,7%; 35 a 44 anos: 23,7%; 45 a 59 anos: 24,2% e 60 anos ou mais: 12,1%. Para grau de instrução, os dados utilizados como referência são: Analfabetos: 1,0%; Lê e escreve + Ensino fundamental incompleto: 13,3%; Ensino fundamental completo + Ensino médio incompleto: 23,2%; Ensino médio completo + Ensino superior incompleto: 43,5%, Ensino superior completo ou mais: 19,0%. Os dados utilizados para definição e seleção da amostra são baseados nos dados fornecidos pelo TSE (setembro/2025), IBGE (PNAD Contínua, Censo 2010 e Censo 2022) e dados primários de outros levantamentos do instituto. Ponderação dos resultados: Está prevista eventual ponderação para correção nos tamanhos dos estratos, considerando as variáveis sexo, faixa etária e escolaridade, de acordo com os percentuais detalhados anteriormente, casos as diferenças sejam maiores que 3 pontos percentuais. Para o nível econômico do entrevistado (renda individual mensal aproximada declarada) os dados de referência são: até 2 S. M. (salários mínimos) = 57,4%; mais de 2 S. M. e menos de 5 S. M. = 30,0%; mais de 5 S. M. = 12,6%. Para essa variável, o fator previsto para ponderação é 1 (resultados obtidos em campo). Área física: A relação completa dos municípios incluídos no levantamento será encaminhada a esse tribunal posteriormente, a partir do dia em que a pesquisa puder ser divulgada e até o dia seguinte, conforme a Resoluções 23.600/2019, no art.2º §7º e 23.747/2026 do TSE. Margem de Erro: A margem de erro máxima prevista é de 2,7 pontos percentuais para mais ou para menos, considerando um nível de confiança de 95% e baseada em uma amostra aleatória.";"Os entrevistadores envolvidos na realização desta pesquisa são treinados pelo Instituto e recebem instruções específicas para cada projeto realizado. A coleta será feita com a utilização de questionário impresso, que serão computados posteriormente à pesquisa de campo. Os pesquisadores são supervisionados por um coordenador que estará em campo juntamente com a equipe garantindo a lisura da pesquisa. Internamente, todo o material é verificado e codificado. Antes do processamento final e emissão dos resultados, realiza-se processo de consistência dos dados. Os dados coletados e tratados nesta pesquisa atendem às exigências da LGPD, Lei Geral de Proteção de Dados, garantindo ao respondente o sigilo de sua identidade e o correto tratamento de suas respostas.";"Os bairros serão:
REGIÃO I (VILA UNIÃO, SETOR FUMAÇA, SETOR ÁGUA FRIA E SETOR ÁGUA BOA);
ARNO (QUADRAS: 303; 305; 307; 403; 407; 409; 503; 603; 605; 607; 203; 205 E 207);
ARSO SUL, PLANO DIRETOR SUL: (QUADRAS: 1005; 1007; 1207; 1307; 1407; 407; 507; 607; 707; 1103; 807 E 407);
TAQUARALTO;
TAQUARUÇÚ; E
JARDIM AURENY (I, II, III E IV)."
"28/09/2026";"05:46:54";2026;81;"Eleições Gerais 2026";"TO";"TO";"TOCANTINS";"TO067002026";"2026-03-28 18:03:42";"S";"00654576000172";"INSTITUTO VERITA LTDA";"VERITA";"Governador, Senador, Deputado Federal, Deputado Estadual";"2026-03-29 00:00:00";"2026-04-04 00:00:00";"2026-04-03 00:00:00";1220;"10699";"GUILHERME ALVARENGA LAIA";"93940,00";"Pesquisa quantitativa, que consiste na realização de entrevistas, com a aplicação de questionário estruturado junto a uma amostra representativa do eleitorado desta Unidade da Federação.";"ESTUDO REPRESENTATIVO DO ELEITORADO DO ESTADO DO TOCANTINS - MÉTODO PPT (Probabilidade Proporcional ao Tamanho) - PLANO AMOSTRAL E PONDERAÇÃO QUANTO A SEXO, IDADE, GRAU DE INSTRUÇÃO E NÍVEL ECONÔMICO DO ENTREVISTADO; INTERVALO DE CONFIANÇA E MARGEM DE ERRO: Representativo do eleitorado da área em estudo, elaborada, em vários estágios, da seguinte forma: - 1. Divisão da UF em estratos proporcionais de municípios. 2. Ordenação dos municípios de cada estrato segundo o porte. 3. Sorteio dos municípios de cada estrato. 4. Os respondentes são selecionados através de quotas amostrais proporcionais em função de variáveis significativas, a saber: GÊNERO / FAIXA ETÁRIA - FEMININO E MASCULINO 16 A 34 ANOS 18,5% E 17,5%, 35 A 54 ANOS 19,5% E 18,5%, 55 ANOS OU MAIS 13% E 13%. GRAU DE INSTRUÇÃO ¿ FEMININO E MASCULINO Sem instrução até Ensino Médio completo 62,9%, Ensino superior incompleto e completo 37,1% NÍVEL ECONÔMICO - FEMININO população não economicamente ativa 46,5% população economicamente ativa 53,5% MASCULINO população não economicamente ativa 27,2% população economicamente ativa 72,8%. RENDA FAMILIAR DO DOMICÍLIO renda familiar de até 2 salários-mínimos 30,7%; de 2 a 5 salários-mínimos 44,2%, acima de 5 salários-mínimos 25,1%. Está prevista eventual ponderação para correção das variáveis, com base nos percentuais anteriormente mencionados, caso ocorram diferenças superiores a margem de erro da pesquisa prevista entre a amostra e a coleta de dados realizada. O fator previsto para ponderação é 1 (resultados obtidos na coleta de dados). O intervalo de confiança estimado é de 95% e a margem de erro máxima estimada considerando um modelo de amostragem aleatório simples, é de aproximadamente 3 pontos percentuais para mais ou para menos sobre os resultados encontrados no total da amostra. FONTE DOS DADOS: IBGE/Censo 2022 para fins de densidade demográfica, setores censitários e alocação da amostra. IBGE/PNAD/PNADC/MEC/INEP para fins de Nível Econômico e Escolaridade. TSE FEVEREIRO/2026 para fins de Sexo, Faixa Etária e eleitorado por município ou regiões previamente definidas (importante ressaltar para o público leigo que os dados do TSE são os únicos corretos para gênero, idade dos eleitores e quantitativo de eleitores por municípios já que a base de dados se atualiza automaticamente, PORÉM, dados de escolaridade e nível econômico NÃO são corretos e confiáveis devido a desatualização que ocorre naturalmente com o passar dos anos). Definição de margem de erro e intervalo de confiança: Margem de erro e intervalo de confiança não são grandezas diretamente proporcionais. A SOMA NÃO TEM QUE RESULTAR 100%. ";"Após os trabalhos de coleta de dados, os questionários são submetidos a uma fiscalização, conferência e checagem de cerca de 20% (vinte por cento) dos questionários aplicados.";"A relação dos municípios sorteados ou selecionados para esta pesquisa será apresentada em arquivo anexo até 1 (um) dia após a divulgação desta pesquisa conforme §7º. do art. 2º. da Resolução-TSE nº. 23.600/2019. A área de abrangência desta pesquisa é o Estado DO TOCANTINS"
"28/09/2026";"05:46:54";2026;81;"Eleições Gerais 2026";"TO";"TO";"TOCANTINS";"TO028482026";"2026-07-28 19:51:18";"N";"49875610000128";"BRASMARKET ANALISE E INVESTIGACAO DE MERCADO LTDA";"BRASMARKET";"Governador, Senador";"2026-07-29 00:00:00";"2026-07-31 00:00:00";"2026-08-03 00:00:00";1200;"8151";"Juliane Silveira Freire da Silva";"30000,00";"A pesquisa é quantitativa de opinião pública, realizada por meio de entrevistas telefônicas, com aplicação de questionário estruturado e padronizado, utilizando sistema de entrevistas assistidas por computador (CATI). A coleta é monitorada para controle de cotas e filtragem de inconsistências.";"Universo: eleitores com 16 anos ou mais, aptos a votar no Estado do Tocantins, conforme dados do Tribunal Superior Eleitoral (TSE), com base no eleitorado mais recente disponível.
Tamanho da amostra: 1200 entrevistas. 
Técnica de amostragem: A amostra é estruturada de forma a representar o eleitorado do Tocantins. A seleção do entrevistado dentro da localidade será feita utilizando-se quotas amostrais proporcionais às características sociodemográficas do universo, em função das seguintes variáveis:
¿ Sexo: masculino (49,1%) e feminino (50,9%), conforme dados do TSE (maio 2026);
¿ Faixa etária: 16 a 24 anos (16,2%); 25 a 34 anos (20,4%); 35 a 44 anos (20,2%); 45 a 59 anos (24,3%); 60 anos ou mais (18,9%), conforme dados do TSE (maio 2026);
¿ Grau de instrução: analfabeto/lê e escreve (12,1%); Fundamental (incompleto/completo) (23,5%); Ensino Médio (incompleto/completo)  (47,2%); Superior (incompleto/completo) (17,2%), conforme dados do TSE (maio 2026);
¿ Nível econômico (renda domiciliar per capita): sem rendimento/até 1 salário-mínimo (72,5%); acima de 1 a 2 salários-mínimos (15,6%); acima de 2 a 5 salários-mínimos (8,7%) acima de 5 salários-mínimos (3,2%), (IBGE 2010 tabela 3261). Observação: Para a variável nível econômico, foram utilizados como referência os dados do Censo Demográfico 2010 do Instituto Brasileiro de Geografia e Estatística (IBGE), considerando a indisponibilidade de dados mais recentes com a mesma estrutura de classificação. 
Não está prevista a aplicação de ponderação para essa variável, sendo adotado fator igual a 1 (resultados obtidos em campo).
Está prevista a aplicação de ponderação para correção de eventuais desvios entre a distribuição observada na amostra e os parâmetros populacionais, para as variáveis sexo, idade e grau de instrução, sempre que necessário. Para a variável nível econômico, não está prevista ponderação.
ÁREA FÍSICA DE REALIZAÇÃO DO TRABALHO
A área física de realização da pesquisa corresponde ao Estado do Tocantins, sendo as entrevistas realizadas por meio telefônico junto a eleitores residentes no estado.
A distribuição geográfica da amostra é realizada de forma a refletir a composição do eleitorado do Estado do Tocantins, considerando a proporcionalidade entre regiões e/ou conjuntos de municípios, com base em dados oficiais do TSE e do IBGE.

INTERVALO DE CONFIANÇA E MARGEM DE ERRO
A margem de erro máxima estimada é de 2,84 pontos percentuais, para mais ou para menos, considerando um nível de confiança de 95%.
Essa estimativa é calculada com base em um modelo de amostragem aleatório simples, sendo adotada como referência para interpretação dos resultados da pesquisa, não sendo aplicável a subgrupos da amostra.
Os intervalos de confiança são estimados considerando nível de confiança de 95%.
";"Sistema interno de controle e verificação, conferência e fiscalização da coleta de dados e do trabalho de campo: Para a realização da pesquisa utiliza-se uma equipe de entrevistadores/atendentes e coordenadores devidamente treinados para o trabalho da BRASMARKET. As entrevistas são telefônicas, feitas por meio de questionário estruturado, aplicando-se apenas um questionário por entrevistado, respeitando as cotas pré-determinadas. Durante a realização dos trabalhos, os entrevistadores são submetidos a uma fiscalização permanente por parte dos coordenadores e são realizadas checagem de 20% da amostra para atestar a realização das entrevistas e a fidedignidade dos dados apurados, garantindo-se dessa forma, o grau de precisão dos estimadores, em função dos parâmetros previamente estabelecidos.";"#NULO#"
"28/09/2026";"05:46:54";2026;81;"Eleições Gerais 2026";"TO";"TO";"TOCANTINS";"TO004372026";"2026-07-20 22:10:01";"S";"40453099000100";"LUCRO ATIVO LTDA";"LUCRO ATIVO";"Governador, Senador, Deputado Federal, Deputado Estadual";"2026-07-21 00:00:00";"2026-07-25 00:00:00";"2026-07-26 00:00:00";1500;"8954";"Galttieri Ferreira Tavares";"20000,00";"Pesquisa com metodologia quantitativa, com a realização de entrevistas pessoais utilizando questionário estruturado junto a uma amostra representativa do eleitorado do Estado do Tocantins.";"A amostra será representativa dos eleitores das áreas pesquisadas e será selecionada em duas etapas. Na primeira etapa realiza-se um sorteio probabilístico das localidades onde as entrevistas serão realizadas através do método PPT (Probabilidade Proporcional ao Tamanho), considerando a população com 16 anos ou mais residente nas localidades como base para essa seleção. Na segunda etapa, a seleção do entrevistado dentro da localidade será feita utilizando-se quotas amostrais proporcionais, em função das seguintes variáveis: Gênero: Masculino (49.09%); Feminino (50.91%); ; Faixa etária: De 16 a 20 anos: (8.38%); Entre 21 e 24 anos: (8.08%); Entre 25 e 34 anos: (20.36%); Entre 35 e 44 anos: (20.10%); 45 a 59 anos: (24.28%); Com 60 anos ou mais: (18.80%); ; ESCOLARIDADE: De analfabeto até ensino fundamental completo (Contêm eleitores que apenas Lê e escrevem, Analfabetos e que cursaram Ensino Fundamental Incompleto e Completo): 35,59%; Ensino médio incompleto ou completo: 47,21%; Ensino superior incompleto ou completo: 17,20% ; RENDA DOMICILIAR MENSAL: Sem rendimento: (0,95%); Até 1 Salário Minimo: (42,30%); Mais de 1 a 2 salários mínimos: (28,44%); Mais de 2 a 5 salários mínimos: (22,13%); Mais de 5 a 10 salários mínimos: (4,02%); Mais de 10 salários mínimos: (2,15%). . Está prevista eventual ponderação para correção das variáveis gênero e faixa etária, com base nos percentuais acima apresentados, caso ocorram diferenças superiores a 4,5 (quatro vírgula cinco) pontos percentuais entre o previsto na amostra e a coleta realizada, para as variáveis escolaridade e renda domiciliar mensal, o fator de ponderação é igual a 1 (resultados obtidos no campo). O nível de confiança estimado é de 95% (noventa e cinco por cento) para uma margem de erro estimada, considerando uma técnica de amostragem aleatória simples, de aproximadamente 3 pontos percentuais para mais ou para menos sobre os resultados obtidos. Fonte de Dados: TSE - maio/2026 e dados do IBGE 2022.";"As entrevistas serão realizadas por uma equipe de entrevistadores e supervisores devidamente qualificada pelo Instituto, com experiência e treinamento em pesquisas de opinião pública. No decorrer do trabalho de coleta de dados, os questionários aplicados, serão auditados em no mínimo 20% (vinte por cento) para verificação quanto ao cuidado na sua aplicação, bem como a adequação do entrevistado às variáveis das quotas amostrais.";"Dados relativos aos municípios e bairros abrangidos pela pesquisa. Na ausência de delimitação do bairro, será identificada a área em que foi realizada a pesquisa (conforme §7º do art. 2º da Resolução-TSE nº 23.600/2019). A partir do dia em que a pesquisa puder ser divulgada e até o dia seguinte, o registro deverá ser complementado, sob pena de ser a pesquisa considerada não registrada; na ausência de delimitação do bairro, será identificada a área em que foi realizada."
"28/09/2026";"05:46:54";2026;81;"Eleições Gerais 2026";"TO";"TO";"TOCANTINS";"TO010562026";"2026-07-29 17:44:28";"S";"14888537000144";"VOZ E PESQUISA TOCANTINS LTDA";"#NULO#";"Governador, Senador";"2026-07-30 00:00:00";"2026-08-03 00:00:00";"2026-08-04 00:00:00";1250;"6892";"Joao Soares de Araujo Neto";"19000,00";"I) METODOLOGIA. I.1) Objetivo - Avaliar a intenção de voto da população de eleitores dos 34 municípios das Regiões do Bico do Papagaio, Central, Norte, Sudeste, Sul e Vale do Araguaia, com relação aos cargos eletivos de Governador e Senador do Estado do TO nas eleições do ano de 2026, através de entrevistas diretas junto à população. Essas terão por objetivo identificar de forma estimulada a intenção de voto dos entrevistados. I.2) Procedimentos para a realização: Aplicação de entrevistas diretas junto à população dos 34 municípios das 06 Regiões aplicando-se questionários estruturados nos domicílios e áreas comerciais, nas zonas urbanas dos municípios. Para cada domicílio e/ou estabelecimento comercial, será realizada uma única entrevista. A seleção das entrevistas utilizará o critério de aleatoriedade no sorteio das unidades que irão compor o painel amostral tendo por objetivo minimizar a tendenciosidade e os possíveis viés, que são passíveis de ocorrerem neste tipo de pesquisa. O número de questionários, terá por base uma amostra significativa e representativa da população residente nestes municípios, que esteja apta a votar, tendo por base o número de eleitores informados pelo TSE no mês de maio de 2026. As variáveis associadas a sexo, faixa etária, grau de instrução, terão por parâmetro as informações contidas no site do TSE em maio/2026, referentes aos 34 municípios que compõem o painel amostral da Pesquisa. A variável renda, terá como parâmetro a renda domiciliar informada no Censo Demográfico de 2010, referente a cada um dos 34 municípios, que está disponibilizada na página da publicação IBGE Cidades. Utilizamos esse procedimento, pois não há informação divulgada ainda da renda domiciliar, referente ao Censo Demográfico de 2022. I.3) Abrangência Geográfica - A pesquisa será realizada na área urbana dos 34 municípios, divididos em 06 Regiões: I.3.1) Região Norte, composta pelos municípios de Araguaína, Colinas do Tocantins, Guaraí, Nova Olinda, Wanderlândia e Xambioá; I.3.2) Região Central, composta pelos municípios de Miracema do Tocantins, Miranorte, Palmas, Pedro Afonso e Porto Nacional I.3.3) Região Sudeste, composta pelos municípios de Dianópolis, Taguatinga, Paranã, Arraias e Natividade I.3.4) Região Sul, composta pelos municípios de Gurupi, Formoso do Araguaia, Alvorada do Tocantins, Peixe, Araguaçu e Palmeirópolis I.3.5) Região do Vale do Araguaia, composta pelos municípios de Paraíso do TO, Lagoa da Confusão, Pium e Divinópolis I.3.6) Bico do Papagaio, composta pelos municípios de Araguatins, Augustinópolis, Tocantinópolis, Axixá do TO, Ananás, Esperantina, São Miguel do TO e Sítio Novo do TO O número de entrevistas em cada Região, levará em consideração a proporção do tamanho da população residente e apta a votar em cada um dos grupos de municípios localizados nessa região, tendo por base as informações do número de eleitores informados no site do TSE, mês de maio de 2026. As entrevistas serão realizadas majoritariamente nos domicílios (90%), e o restante nos estabelecimentos comerciais e áreas de circulação públicas. I.4) Cadastros utilizados para seleção dos componentes do painel amostral e respectivas variáveis associadas a Pesquisa, que permitirão a caracterização do perfil do eleitorado ¿Foram utilizados como base de referência para o dimensionamento da amostra, as informações do cadastro de eleitores do TSE/TO, maio/2026, para identificação das seguintes variáveis: Número de eleitores, por sexo, faixa etária, grau de instrução. O total de eleitores informado pelo TSE no mês de maio de 2026, corresponde a 1.183.446 eleitores. O número de eleitores dos 34 municípios relacionados ao total de eleitores do Estado informado pelo TSE, tendo o mês de maio de 2026 como referência, corresponde ao percentual de 67%. I.4.1) Número Total de eleitores no Estado do Tocantins -TSE maio 2026:1.183.446; Número total de eleitores dos 34 municípios -TSE maio 2026:796.633.";"PLANO AMOSTRAL II.1) Descrição - Foi elaborado utilizando-se o critério de AAS (Amostragem Aleatória Simples), considerando para as variáveis p (sucesso) e q (não sucesso) para a aprovação ou rejeição na escolha do candidato pela população dos municípios tocantinenses. Esse procedimento, tem por objetivo o dimensionamento de uma amostra confiável e com elevado nível de significância, para a descrição do fenômeno objeto de avaliação. Minimizando a probabilidade de ocorrência de erros e a consequente obtenção de uma amostra significativa em relação a população componente do universo pesquisado. Apresentando resultados confiáveis e representativos do fenômeno objeto da Pesquisa. A distribuição dos questionários nas cidades a serem pesquisadas componentes das 06 Regiões considerou a proporcionalidade de moradores aptos a votar, associados às cotas (variáveis) informadas no cadastro do TSE/TO, tendo por referência o mês de maio do corrente ano com relação ao universo de eleitores dos municípios de cada Região. A pesquisa foi dimensionada para uma amostra com Margem de Confiança de 95% e Erro Amostral de 2,8 pontos percentuais para mais ou para menos, totalizando 1250 questionários, tendo por base o tamanho da População total de eleitores do Estado do Tocantins, informada no site do TSE, referente a maio de 2026, correspondendo a 1.183.446 eleitores. II.2) Distribuição dos questionários por Regiões/municípios e por cotas (sexo, faixa etária, grau de instrução e renda familiar) - Os questionários foram distribuídos pelas Regiões da seguinte forma: ATENÇÃO -ATENÇÃO - IMPORTANTE: Por falta de espaço neste campo, o restante do Plano amostral e ponderação quanto a sexo, idade, grau de instrução e nível econômico dos entrevistados, foi juntado em arquivos PDF no mesmo arquivo que contem o questionário, os discos, bem como a Declaração de Responsabilidade e de Vínculo do Profissional de Estatística com o Instituto Voz e Pesquisa Tocantins (VOPE), com o Termo de Compromisso do referido profissional, tendo sido os documentos (questionário, discos, restante do Plano Amostral e Declaração de Vínculo do Estatístico e Termo de Compromisso, juntados em um PDF só, atendendo desta forma, com a Declaração do Estatistico a atualização efetuada pela Resolução TSE Nº 23.747/2026.";"III) SISTEMA INTERNO DE CONTROLE E VERIFICAÇÃO, CONFERÊNCIA E FISCALIZAÇÃO DA COLETA DE DADOS, DO TRABALHO DE CAMPO E PONDERAÇÕES PARA CORREÇÃO DE POSSÍVEIS DISTORÇÕES DAS VARIÁVEIS COMPONENTES DA AMOSTRA. Obedecerá aos seguintes critérios: III.1) Seleção aleatória de alguns setores pesquisados, havendo posterior fiscalização de supervisores de campo do instituto, para avaliação da qualidade das informações coletadas; III.2) Visita/confirmação a 15% dos domicílios do local selecionado, para confirmação da veracidade das informações coletadas; III.3) Acompanhamento de algumas entrevistas por parte de supervisor, para observar se o pesquisador está influenciando, ainda que de forma indireta na resposta do entrevistado, comprometendo assim, a qualidade da entrevista e consequentemente o resultado da Pesquisa; III.4) Na eventualidade de necessidade de utilização de fatores de ponderações para ajustes da amostra prevista com relação a amostra coletada: quando houver distorções significativas entre os quantitativos obtidos na coleta de alguma variável e o indicado na amostra, ocorrerá conforme especificação a seguir: III.4.1) Ponderação para sexo e idade ¿ Quando ocorrer diferença superior a 5 pontos percentuais entre o previsto e o coletado; III.4.2) Ponderação para grau de instrução e renda domiciliar - Ocorrendo a mesma situação na coleta dessas variáveis, será utilizado o fator de ponderação igual a um, equivalente ao levantamento obtido no trabalho de campo.";"Serão disponibilizados no prazo legal (até o dia seguinte à data a partir da qual a pesquisa puder ser divulgada, conforme §7º do art. 2º da Resolução-TSE nº. 23.600/2019, os anexos no campo especifico, contendo os municípios/localidades do Estado do Tocantins pesquisados nas 06 Regiões, com o detalhamento das amostras associadas às variáveis de cada uma das localidades, sendo sexo, idade, grau de instrução e renda familiar, especificadas em tabelas pelas regiões e municípios."
"28/09/2026";"05:46:54";2026;81;"Eleições Gerais 2026";"TO";"TO";"TOCANTINS";"TO043782026";"2026-08-13 15:45:58";"S";"40453099000100";"LUCRO ATIVO LTDA";"LUCRO ATIVO";"Governador, Senador";"2026-08-10 00:00:00";"2026-08-15 00:00:00";"2026-08-19 00:00:00";1500;"8954";"Galttieri Ferreira Tavares";"20000,00";"Pesquisa com metodologia quantitativa, com a realização de entrevistas pessoais utilizando questionário estruturado junto a uma amostra representativa do eleitorado do Estado do Tocantins.";"A amostra será representativa dos eleitores das áreas pesquisadas e será selecionada em duas etapas. Na primeira etapa realiza-se um sorteio probabilístico das localidades onde as entrevistas serão realizadas através do método PPT (Probabilidade Proporcional ao Tamanho), considerando a população com 16 anos ou mais residente nas localidades como base para essa seleção. Na segunda etapa, a seleção do entrevistado dentro da localidade será feita utilizando-se quotas amostrais proporcionais, em função das seguintes variáveis: Gênero: Masculino (49.09%); Feminino (50.91%); ; Faixa etária: De 16 a 20 anos: (8.38%); Entre 21 e 24 anos: (8.08%); Entre 25 e 34 anos: (20.36%); Entre 35 e 44 anos: (20.10%); 45 a 59 anos: (24.28%); Com 60 anos ou mais: (18.80%); ; ESCOLARIDADE: De analfabeto até ensino fundamental completo (Contêm eleitores que apenas Lê e escrevem, Analfabetos e que cursaram Ensino Fundamental Incompleto e Completo): 35,59%; Ensino médio incompleto ou completo: 47,21%; Ensino superior incompleto ou completo: 17,20% ; RENDA DOMICILIAR MENSAL: Sem rendimento: (0,95%); Até 1 Salário Minimo: (42,30%); Mais de 1 a 2 salários mínimos: (28,44%); Mais de 2 a 5 salários mínimos: (22,13%); Mais de 5 a 10 salários mínimos: (4,02%); Mais de 10 salários mínimos: (2,15%). . Está prevista eventual ponderação para correção das variáveis gênero e faixa etária, com base nos percentuais acima apresentados, caso ocorram diferenças superiores a 4,5 (quatro vírgula cinco) pontos percentuais entre o previsto na amostra e a coleta realizada, para as variáveis escolaridade e renda domiciliar mensal, o fator de ponderação é igual a 1 (resultados obtidos no campo). O nível de confiança estimado é de 95% (noventa e cinco por cento) para uma margem de erro estimada, considerando uma técnica de amostragem aleatória simples, de aproximadamente 3 pontos percentuais para mais ou para menos sobre os resultados obtidos. Fonte de Dados: TSE ¿ junho/2026 (gênero, faixa etária e escolaridade) e IBGE ¿ Censo 2022 (renda domiciliar, municípios e bairros).";"As entrevistas serão realizadas por uma equipe de entrevistadores e supervisores devidamente qualificada pelo Instituto, com experiência e treinamento em pesquisas de opinião pública. No decorrer do trabalho de coleta de dados, os questionários aplicados, serão auditados em no mínimo 20% (vinte por cento) para verificação quanto ao cuidado na sua aplicação, bem como a adequação do entrevistado às variáveis das quotas amostrais.";"Dados relativos aos municípios e bairros abrangidos pela pesquisa. Na ausência de delimitação do bairro, será identificada a área em que foi realizada a pesquisa (conforme §7º do art. 2º da Resolução-TSE nº 23.600/2019). A partir do dia em que a pesquisa puder ser divulgada e até o dia seguinte, o registro deverá ser complementado, sob pena de ser a pesquisa considerada não registrada; na ausência de delimitação do bairro, será identificada a área em que foi realizada."
"28/09/2026";"05:46:54";2026;81;"Eleições Gerais 2026";"TO";"TO";"TOCANTINS";"TO022992026";"2026-03-19 18:34:12";"S";"22345021000181";"REAL TIME MIDIA LTDA";"REAL TIME BIG DATA";"Governador, Senador";"2026-03-23 00:00:00";"2026-03-24 00:00:00";"2026-03-25 00:00:00";1600;"10839";"Isabela Zara Cremoneze";"64000,00";"Pesquisa quantitativa, que consiste na realização de entrevistas pessoais, com a aplicação de questionário estruturado junto a uma amostra representativa do eleitorado em estudo. Pesquisa realizada no Estado do Tocantins (TO).";"Representativo do eleitorado da área em estudo, elaborada em três estágios. 
No primeiro estágio, realiza-se um sorteio probabilístico dos municípios onde as entrevistas serão realizadas, pelo método PPT (Probabilidade Proporcional ao Tamanho), tomando a população eleitora de 16 anos ou mais residente nos municípios como base para essa seleção.
No segundo estágio, efetua-se um sorteio probabilístico das localidades dentro dos municípios selecionados, também pelo método PPT (Probabilidade Proporcional ao Tamanho), considerando a população eleitora de 16 anos ou mais residente nessas localidades como base para a seleção.
No terceiro e último estágio, dentro das localidades sorteadas, os respondentes são selecionados por meio de quotas amostrais proporcionais, em função de variáveis significativas, a saber:

GÊNERO:
Feminino: 50,9%;
Masculino: 49,1%.
(Fonte: TSE (Fevereiro/2026) - https://sig.tse.jus.br/ords/dwapr/r/seai/sig-eleitor-eleitorado-mensal/cruzamento-eleitorado-mensal?p24_metricas=E&p24_back=22&p24_cruzamento_1=ds_sexo&clear=24&session=201975337269181)
FAIXA ETÁRIA:
16 anos: 0,4%;
17 anos: 1,1%;
18 a 20 anos: 5,8%;
21 a 24 anos: 8,2%;
25 a 34 anos: 20,6%;
35 a 44 anos: 20,4%;
45 a 59 anos: 24,5%;
60 a 69 anos: 10,4%;
70 a 79 anos: 5,8%;
Superior a 79 anos: 2,8%.
(Fonte: TSE (Fevereiro/2026) - https://sig.tse.jus.br/ords/dwapr/r/seai/sig-eleitor-eleitorado-mensal/cruzamento-eleitorado-mensal?p24_cruzamento_1=ds_faixa_etaria&p24_metricas=E&p24_back=22&clear=24&session=201975337269181)
ESCOLARIDADE:
Analfabeto: 4,9%;
Lê e Escreve: 7,4%;
Ensino Fundamental Incompleto: 19,5%;
Ensino Fundamental Completo: 4,4%;
Ensino Médio Incompleto: 19,2%;
Ensino Médio Completo: 27,4%;
Ensino Superior Incompleto: 6,1%;
Ensino Superior Completo: 11,0%.
(Fonte: TSE (Fevereiro/2026) - https://sig.tse.jus.br/ords/dwapr/r/seai/sig-eleitor-eleitorado-mensal/cruzamento-eleitorado-mensal?p24_cruzamento_1=ds_grau_instrucao&p24_metricas=E&p24_back=22&clear=24&session=201975337269181)
RENDA DOMICILIAR MENSAL:
Sem rendimento: 5,5%;
Até 1/2 Salário Mínimo: 5,6%;
Mais de 1/2 a 1 Salário Mínimo: 19,2%;
Mais de 1 a 2 Salários Mínimos: 27,2%;
Mais de 2 a 5 Salários Mínimos: 27,4%;
Mais de 5 a 10 Salários Mínimos: 9,8%;
Mais de 10 a 20 Salários Mínimos: 3,8%;
Mais de 20 Salários Mínimos: 1,5%.
(Fonte: IBGE (Censo 2010) - https://cidades.ibge.gov.br/brasil/to/pesquisa/23/24304?detalhes=true)
Observação: De acordo com informações do Instituto Brasileiro de Geografia e Estatística (IBGE), não há previsão de data para a divulgação do perfil econômico da população brasileira do CENSO 2022. Portanto, os dados sobre o nível econômico obtidos no Censo 2022 não podem ser utilizados, pois ainda não foram publicados.
Está prevista eventual ponderação para correção das variáveis sexo e idade, com base nos percentuais anteriormente mencionados, caso ocorram diferenças superiores a 3 pontos percentuais entre o previsto na amostra e a coleta de dados realizada. Para as variáveis de grau de instrução e nível econômico do entrevistado, o fator previsto para ponderação é 1 (resultados obtidos em campo). O nível de confiança estimado é de 95% e a margem de erro máxima estimada considerando um modelo de amostragem aleatório simples, é de aproximadamente 2 (dois) pontos percentuais para mais ou para menos sobre os resultados encontrados no total da amostra.
";"O trabalho de coleta de dados é acompanhado presencialmente por supervisores. São selecionados aleatoriamente 15% (quinze por cento) dos questionários para uma verificação posterior com ligações telefônicas para os números indicados nos formulários, em caso de dúvida, o formulário é descartado e o entrevistador chamado para esclarecimentos.";"O anexo do arquivo com os bairros será realizado até o dia seguinte da divulgação conforme indicado no §7º. do art. 2º. da Resolução-TSE nº. 23.600/2019."
"28/09/2026";"05:46:54";2026;81;"Eleições Gerais 2026";"TO";"TO";"TOCANTINS";"TO029002026";"2026-08-22 20:50:49";"N";"81908345000140";"INSTITUTO PARANA DE PESQUISAS E ANALISE DE CONSUMIDOR LTDA";"#NULO#";"Governador, Senador";"2026-08-25 00:00:00";"2026-08-27 00:00:00";"2026-08-28 00:00:00";1504;"10245 - 4ª";"Tatiani Cristina Ara";"210000,00";"Pesquisa com metodologia quantitativa, com a realização de entrevistas pessoais, domiciliares e presenciais, utilizando questionário estruturado junto a uma amostra representativa do eleitorado do Estado do Tocantins.


";"""A amostra será representativa do eleitorado da área pesquisada e será selecionada em três etapas. Na primeira etapa realiza-se um sorteio probabilístico dos municípios onde as entrevistas serão realizadas através do método PPT (Probabilidade Proporcional ao Tamanho), considerando a população eleitora com 16 anos ou mais residente nos municípios como base para essa seleção. Na segunda etapa, faz-se um sorteio probabilístico das localidades, onde as entrevistas serão realizadas, através do método PPT (Probabilidade Proporcional ao Tamanho), tomando a população eleitora de 16 anos ou mais residente nas localidades como base para essa seleção. Na terceira etapa, a seleção do entrevistado dentro da localidade, será feita utilizando-se quotas amostrais proporcionais, em função das seguintes variáveis:
GÊNERO: TSE Julho 2026 (https://sig.tse.jus.br/ords/dwapr/r/seai/sig-eleitor-eleitorado-mensal/cruzamento-eleitorado-mensal?p24_metricas=E&p24_back=22&p24_cruzamento_1=ds_sexo&clear=24&p0_uf=TO&p0_mes=7&debug=LEVEL5&session=312990078978641)
Masculino - 49%; |
Feminino - 51%; |
FAIXA ETÁRIA: TSE Julho 2026 (https://sig.tse.jus.br/ords/dwapr/r/seai/sig-eleitor-eleitorado-mensal/cruzamento-eleitorado-mensal?p24_cruzamento_1=ds_faixa_etaria&p24_metricas=E&p24_back=22&clear=24&p0_uf=TO&p0_mes=7&debug=LEVEL5&session=8904950028837) 
Entre 16 e 24 anos: 16%; |
Entre 25 e 34 anos: 20%; |
Entre 35 e 44 anos: 20%; |
Entre 45 e 59 anos: 25%; |
Com 60 anos ou mais: 19%; |
ESCOLARIDADE: TSE Julho 2026 (https://sig.tse.jus.br/ords/dwapr/r/seai/sig-eleitor-eleitorado-mensal/cruzamento-eleitorado-mensal?p24_cruzamento_1=ds_grau_instrucao&p24_metricas=E&p24_back=22&clear=24&p0_uf=TO&p0_mes=7&debug=LEVEL5&session=309383598034615) Observação: Conforme informações obtidas no site do Tribunal Superior Eleitoral, o TSE, (https://dadosabertos.tse.jus.br/group/about/eleitorado) """"Os registros de grau de escolaridade podem apresentar dados defasados, pois refletem a situação do eleitor na ocasião do cadastramento.""""
De analfabeto até ensino fundamental completo: 36%; |
Ensino médio incompleto ou completo: 47% |
Ensino superior incompleto ou completo: 17% |
RENDA DOMICILIAR MENSAL:  (https://cidades.ibge.gov.br/brasil/to/pesquisa/23/24304) IBGE - Censo 2010. Observação: Conforme informações obtidas do Instituto Brasileiro de Geografia e Estatística, o IBGE, não divulgou - e não tem previsão - de data para divulgação do perfil econômico (nível econômico) da população brasileira; portanto, os dados quanto ao nível econômico obtidos no Censo 2022, não podem ser utilizados, pois não foram publicados. (https://censo2022.ibge.gov.br/panorama/)
Sem rendimentos até 2 salários mínimos: 58% |
Mais de 2 a 5 salários mínimos: 27% |
Mais de 5 salários mínimos: 15% |
Está prevista eventual ponderação para correção das variáveis gênero e faixa etária, com base nos percentuais acima apresentados, caso ocorram diferenças superiores a 3,0 (três) pontos percentuais entre o previsto na amostra e a coleta realizada; para as variáveis escolaridade e renda domiciliar mensal, o fator de ponderação é igual a 1 (resultados obtidos no campo). O nível de confiança estimado é de 95% (noventa e cinco por cento) para uma margem de erro estimada, considerando uma técnica de amostragem aleatória simples, de aproximadamente 2,6 (dois vírgula seis) pontos percentuais para mais ou para menos sobre os resultados obtidos.""





";"""As entrevistas serão conduzidas por uma equipe de entrevistadores e supervisores devidamente qualificados pelo Instituto Paraná Pesquisas, todos com experiência e treinamento específico em pesquisas de opinião pública. 
Controle: O controle do processo será realizado por meio de um software de coleta de dados.
Conferência e Fiscalização: Durante a coleta de dados os questionários aplicados são fiscalizados e conferidos através de um supervisor.   
Adicionalmente, pelo menos 30% dos questionários passarão por uma verificação posterior, que avaliará a precisão na aplicação e a adequação dos entrevistados às variáveis das quotas amostrais. Ou seja, no mínimo 452 entrevistas desta pesquisa serão auditadas pela equipe de qualidade do Instituto Paraná Pesquisas, podendo essa auditoria ser solicitada ao Instituto a qualquer momento.
Verificação: Após a coleta, os questionários passam por uma etapa de verificação e validação dos dados, para garantir a integridade e precisão dos dados coletados.""





";"""A pesquisa será realizada no Estado do Tocantins, a relação dos dados relativos aos municípios e às localidades será apresentado até o dia seguinte à data a partir da qual a pesquisa puder ser divulgada, conforme §7º do art. 2º da Resolução-TSE nº. 23.600/2019""




"
"28/09/2026";"05:46:54";2026;81;"Eleições Gerais 2026";"TO";"TO";"TOCANTINS";"TO098692026";"2026-09-07 19:25:39";"S";"40453099000100";"LUCRO ATIVO LTDA";"LUCRO ATIVO";"Governador, Senador";"2026-09-07 00:00:00";"2026-09-12 00:00:00";"2026-09-13 00:00:00";800;"8954";"Galttieri Ferreira Tavares";"6000,00";"Pesquisa com metodologia quantitativa, com a realização de entrevistas pessoais utilizando questionário estruturado junto a uma amostra representativa do eleitorado do município de PALMAS.";"A amostra será representativa dos eleitores das áreas pesquisadas e será selecionada em duas etapas. Na primeira etapa realiza-se um sorteio probabilístico das localidades onde as entrevistas serão realizadas através do método PPT (Probabilidade Proporcional ao Tamanho), considerando a população com 16 anos ou mais residente nas localidades como base para essa seleção. Na segunda etapa, a seleção do entrevistado dentro da localidade será feita utilizando-se quotas amostrais proporcionais, em função das seguintes variáveis: Gênero: Masculino (46.72%); Feminino (53.28%); ; Faixa etária: De 16 a 20 anos: (7.28%); Entre 21 e 24 anos: (8.35%); Entre 25 e 34 anos: (22.77%); Entre 35 e 44 anos: (22.72%); 45 a 59 anos: (25.43%); Com 60 anos ou mais: (13.46%); ; ESCOLARIDADE: De analfabeto até ensino fundamental completo (Contêm eleitores que apenas Lê e escrevem, Analfabetos e que cursaram Ensino Fundamental Incompleto e Completo): 17,41%; Ensino médio incompleto ou completo: 51,86%; Ensino superior incompleto ou completo: 30,73% ; RENDA DOMICILIAR MENSAL: Sem rendimento: (0,45%); Até 1 Salário Minimo: (26,76%); Mais de 1 a 2 salários mínimos: (30,18%); Mais de 2 a 5 salários mínimos: (29,99%); Mais de 5 a 10 salários mínimos: (7,76%); Mais de 10 salários mínimos: (4,87%). . Está prevista eventual ponderação para correção das variáveis gênero e faixa etária, com base nos percentuais acima apresentados, caso ocorram diferenças superiores a 4,5 (quatro vírgula cinco) pontos percentuais entre o previsto na amostra e a coleta realizada, para as variáveis escolaridade e renda domiciliar mensal, o fator de ponderação é igual a 1 (resultados obtidos no campo). O nível de confiança estimado é de 95% (noventa e cinco por cento) para uma margem de erro estimada, considerando uma técnica de amostragem aleatória simples, de aproximadamente 3 pontos percentuais para mais ou para menos sobre os resultados obtidos. Fonte de Dados: TSE - agosto/2026 e dados do IBGE (censo 2022 para classes de rendimento).";"As entrevistas serão realizadas por uma equipe de entrevistadores e supervisores devidamente qualificada pelo Instituto, com experiência e treinamento em pesquisas de opinião pública. No decorrer do trabalho de coleta de dados, os questionários aplicados, serão auditados em no mínimo 20% (vinte por cento) para verificação quanto ao cuidado na sua aplicação, bem como a adequação do entrevistado às variáveis das quotas amostrais.";"Dados relativos aos municípios e bairros abrangidos pela pesquisa. Na ausência de delimitação do bairro, será identificada a área em que foi realizada a pesquisa (conforme §7º do art. 2º da Resolução-TSE nº 23.600/2019). A partir do dia em que a pesquisa puder ser divulgada e até o dia seguinte, o registro deverá ser complementado, sob pena de ser a pesquisa considerada não registrada; na ausência de delimitação do bairro, será identificada a área em que foi realizada."
"28/09/2026";"05:46:54";2026;81;"Eleições Gerais 2026";"TO";"TO";"TOCANTINS";"TO056242026";"2026-03-25 21:59:35";"N";"56824073000152";"EXATA.GO PESQUISA LTDA";"EXATA.GO";"Governador, Senador";"2026-03-20 00:00:00";"2026-03-29 00:00:00";"2026-03-31 00:00:00";3200;"7655";"AUGUSTO DA SILVA ROCHA";"30000,00";"A pesquisa será do tipo quantitativo, por amostragem aleatória, com aplicação de questionário estruturado e abordagem de moradores eleitores em 54 municípios do estado do Tocantins, divididos em 7 regiões dentro do estado, em pontos estratégicos de fluxo de pessoal dos municípios e por visitas às residências dos municípios. O conjunto da população do Tocantins com 16 anos ou mais e que são votantes no referido estado foi tomado como universo da pesquisa.";"O universo da pesquisa se concentra na população do município de 54 municípios do estado do Tocantins, divididos em 7 regiões com 16 anos ou mais votantes no estado. A amostra é representativa do universo pesquisado e selecionada em duas etapas. Na primeira etapa são selecionados os municípios que farão parte da amostra. Numa segunda etapa são sorteados os pontos de abordagem onde serão aplicadas as entrevistas. Por fim, os entrevistados são selecionados aleatoriamente para responder ao questionário, de acordo com cotas: Sexo: FEMININO 50,94% ; MASCULINO 49,06% ; Fonte pública dos dados (TSE/FEV2026) https://sig.tse.jus.br/ords/dwapr/r/seai/sig-eleitor-eleitorado-mensal/cruzamento-eleitorado-mensal?p24_metricas=E&p24_back=22&p24_cruzamento_1=ds_sexo&clear=24&session=101301754171490; Faixa Etária: 16 a 24 anos 15,53% ; 25 a 34 anos 20,58% ; 35 a 44 anos 20,39% ; 45 a 59 anos 24,51% ; 60 anos ou mais 18,99% ; Fonte pública dos dados (TSE/FEV2026) https://sig.tse.jus.br/ords/dwapr/r/seai/sig-eleitor-eleitorado-mensal/cruzamento-eleitorado-mensal?p24_cruzamento_1=ds_faixa_etaria&p24_metricas=E&p24_back=22&clear=24&session=101301754171490; Grau de instrução: ANALFABETO 4,94% ; ENSINO FUNDAMENTAL COMPLETO 4,43% ; ENSINO FUNDAMENTAL INCOMPLETO 19,46% ; ENSINO MÉDIO COMPLETO 27,38% ; ENSINO MÉDIO INCOMPLETO 19,24% ; LÊ E ESCREVE 7,41% ; SUPERIOR COMPLETO 11,03% ; SUPERIOR INCOMPLETO 6,11% ; Fonte pública dos dados (TSE/FEV2026) https://sig.tse.jus.br/ords/dwapr/r/seai/sig-eleitor-eleitorado-mensal/cruzamento-eleitorado-mensal?p24_cruzamento_1=ds_grau_instrucao&p24_metricas=E&p24_back=22&clear=24&session=101301754171490; Nível econômico (renda mensal familiar): Até 1/2 salário mínimo 5,6% ; Mais de 1/2 a 1 salário mínimo 19,2% ; Mais de 1 a 2 salários mínimos 27,2% ; Mais de 2 a 5 salários mínimos 27,4% ; Mais de 5 a 10 salários mínimos 9,8% ; Mais de 10 a 20 salários mínimos 3,8% ; Mais de 20 salários mínimos 1,5% ; Sem rendimento 5,5% ; Fonte : Fonte de dados IBGE 2010 (https://cidades.ibge.gov.br/brasil/to/pesquisa/23/22787 ) Observação: Conforme informações disponibilizadas pelo Instituto Brasileiro de Geografia e Estatística (IBGE), não houve nem há previsão de divulgação do perfil econômico (nível econômico) da população brasileira no âmbito do Censo Demográfico de 2022 (https://censo2022.ibge.gov.br/panorama/), para essa variável será adotado o fator de ponderação igual a 1, correspondente aos resultados obtidos em campo, caso seja verificada diferença superior à margem de erro prevista no estudo entre a projeção da amostra baseada nos dados do IBGE 2010 e os dados efetivamente coletados. Para as variáveis de sexo, idade e grau de instrução, está previsto uma eventual ponderação, nos limites da margem de erro, para correção nos tamanhos das variáveis, caso ocorra uma diferença entre a previsão da amostra e a coleta dos dados realizados sobre a faixa de eleitores acima de 16 anos. Margem de Erro: A margem de erro máxima prevista é de 1,7 pontos percentuais para mais ou para menos, considerando um nível de confiança de 95%.";"Os entrevistadores envolvidos na realização desta pesquisa são treinados pelo Instituto e recebem instruções específicas para cada projeto realizado. A coleta será feita com a utilização de questionário impresso, que serão computados posteriormente à pesquisa de campo. Os pesquisadores são supervisionados por um coordenador que estará em campo juntamente com a equipe garantindo a lisura da pesquisa. Internamente, todo o material é verificado e codificado. Antes do processamento final e emissão dos resultados, realiza-se processo de consistência dos dados. Os dados coletados e tratados nesta pesquisa atendem às exigências da LGPD, Lei Geral de Proteção de Dados, garantindo ao respondente o sigilo de sua identidade e o correto tratamento de suas respostas.";"A relação completa dos municípios incluídos no levantamento será encaminhada posteriormente, a partir do dia em que a pesquisa puder ser divulgada e até o dia seguinte, conforme a Resoluções 23.600/2019 e 23.747/2026 do TSE.
"
"28/09/2026";"05:46:54";2026;81;"Eleições Gerais 2026";"TO";"TO";"TOCANTINS";"TO007792026";"2026-09-26 19:26:49";"N";"22345021000181";"REAL TIME MIDIA LTDA";"REAL TIME BIG DATA";"Governador, Senador";"2026-09-28 00:00:00";"2026-10-01 00:00:00";"2026-10-02 00:00:00";1600;"10839";"Isabela Zara Cremoneze";"20000,00";"Pesquisa quantitativa, que consiste na realização de entrevistas com eleitores do universo a ser explorado, feitas em combinação mista por entrevistadores humanos e recursos de inteligência artificial, com a aplicação de questionário estruturado com abordagens telefônicas e digitais junto a uma amostra representativa do eleitorado em estudo. Pesquisa realizada no Estado do Tocantins (TO).";"Representativo do eleitorado da área em estudo, elaborada em três estágios.
No primeiro estágio, realiza-se um sorteio probabilístico dos municípios onde as entrevistas serão realizadas, pelo método PPT (Probabilidade Proporcional ao Tamanho), tomando a população eleitora de 16 anos ou mais residente nos municípios como base para essa seleção.
No segundo estágio, efetua-se um sorteio probabilístico das localidades dentro dos municípios selecionados, também pelo método PPT (Probabilidade Proporcional ao Tamanho), considerando a população eleitora de 16 anos ou mais residente nessas localidades como base para a seleção.
No terceiro e último estágio, dentro das localidades sorteadas, os respondentes são selecionados por meio de quotas amostrais proporcionais, em função de variáveis significativas, a saber:

GÊNERO:
Feminino: 50,92%;
Masculino: 49,08%
(Fonte: TSE (Agosto/2026) - https://sig.tse.jus.br/ords/dwapr/r/seai/sig-eleitor-eleitorado-mensal/cruzamento-eleitorado-mensal?p24_metricas=E&p24_back=22&p24_cruzamento_1=ds_sexo&clear=24&session=6255761252678)
FAIXA ETÁRIA:
16 anos: 0,83%;
17 anos: 1,16%;
18 a 20 anos: 5,62%;
21 a 24 anos: 8,10%;
25 a 34 anos: 20,38%;
35 a 44 anos: 20,07%;
45 a 59 anos: 24,55%;
60 a 69 anos: 10,49%;
70 a 79 anos: 5,94%;
Superior a 79 anos: 2,86%.
(Fonte: TSE (Agosto/2026) - https://sig.tse.jus.br/ords/dwapr/r/seai/sig-eleitor-eleitorado-mensal/cruzamento-eleitorado-mensal?p24_cruzamento_1=ds_faixa_etaria&p24_metricas=E&p24_back=22&clear=24&session=6255761252678)
ESCOLARIDADE:
Analfabeto: 4,83%;
Lê e Escreve: 7,21%;
Ensino Fundamental Incompleto: 19,15%;
Ensino Fundamental Completo: 4,37%;
Ensino Médio Incompleto: 19,90%;
Ensino Médio Completo: 27,32%;
Ensino Superior Incompleto: 6,17%;
Ensino Superior Completo: 11,03%
(Fonte: TSE (Agosto/2026) - https://sig.tse.jus.br/ords/dwapr/r/seai/sig-eleitor-eleitorado-mensal/cruzamento-eleitorado-mensal?p24_cruzamento_1=ds_grau_instrucao&p24_metricas=E&p24_back=22&clear=24&session=6255761252678)
RENDA DOMICILIAR MENSAL:
Sem rendimento: 5,52%;
Até 1/2 Salário Mínimo: 5,62%;
Mais de 1/2 a 1 Salário Mínimo: 19,15%;
Mais de 1 a 2 Salários Mínimos: 27,22%;
Mais de 2 a 5 Salários Mínimos: 27,39%;
Mais de 5 a 10 Salários Mínimos: 9,81%;
Mais de 10 a 20 Salários Mínimos: 3,79%;
Mais de 20 Salários Mínimos: 1,49%.
(Fonte: IBGE (Censo 2010) - https://cidades.ibge.gov.br/brasil/to/pesquisa/23/24304?detalhes=true)
Observação: De acordo com informações do Instituto Brasileiro de Geografia e Estatística (IBGE), não há previsão de data para a divulgação do perfil econômico da população brasileira do CENSO 2022. Portanto, os dados sobre o nível econômico obtidos no Censo 2022 não podem ser utilizados, pois ainda não foram publicados.
Está prevista eventual ponderação para correção das variáveis sexo e idade, com base nos percentuais anteriormente mencionados, caso ocorram diferenças superiores a 3 pontos percentuais entre o previsto na amostra e a coleta de dados realizada. Para as variáveis de grau de instrução e nível econômico do entrevistado, o fator previsto para ponderação é 1 (resultados obtidos em campo). O nível de confiança estimado é de 95% e a margem de erro máxima estimada considerando um modelo de amostragem aleatório simples, é de aproximadamente 2 (dois) pontos percentuais para mais ou para menos sobre os resultados encontrados no total da amostra.";"O trabalho de coleta de dados é acompanhado por supervisores humanos. São selecionados aleatoriamente 15% (quinze por cento) dos questionários para uma verificação posterior e, em caso de dúvida, o formulário é descartado e o responsável pela coleta chamado para esclarecimentos. Há uma equipe especializada que confere os dados à exaustão com objetivo de averiguar e aferir os resultados coletados.";"O anexo do arquivo com os bairros será realizado até o dia seguinte da divulgação conforme indicado no §7º. do art. 2º. da Resolução-TSE nº. 23.600/2019.


"
"28/09/2026";"05:46:54";2026;81;"Eleições Gerais 2026";"TO";"TO";"TOCANTINS";"TO019462026";"2026-09-27 00:44:52";"N";"22445600000104";"QUAEST PESQUISAS, CONSULTORIA E PROJETOS LTDA.";"#NULO#";"Governador, Senador";"2026-10-02 00:00:00";"2026-10-03 00:00:00";"2026-10-03 00:00:00";1800;"6731";"Margarida Maria de Mendonca";"253260,00";"Pesquisa quantitativa, de survey, que consiste na realização de entrevistas pessoais, domiciliares e presenciais, conduzidas por profissionais treinados, com a aplicação de questionários estruturados a uma amostra representativa da população votante de 16 anos ou mais residente no estado do Tocantins. O desenho amostral aplicado combina sorteio probabilístico de municípios e de setores censitários fornecidos pelo IBGE (unidades territoriais homogêneas, de tamanho similar a quadras ou blocos), dentro dos quais serão selecionadas pessoas respondentes por meio de cotas amostrais.";"O público pesquisado é composto por eleitores de 16 anos ou mais residentes na área de abrangência da pesquisa. Para produzir uma amostra representativa desse público-alvo, utilizamos um desenho amostral por conglomerados que prevê três estágios. No primeiro estágio, é feito um sorteio probabilístico de municípios para comporem a amostra por meio do método PPT (Probabilidade Proporcional ao Tamanho) a partir de suas populações votantes acima de 16 anos. Dentro da lista de municípios sorteados, no segundo estágio, é realizado um sorteio probabilístico por meio do método PPT (Probabilidade Proporcional ao Tamanho) de setores censitários a serem visitados pelos entrevistadores, sorteio que tem como base o total de habitantes residentes nos setores de acordo com dados do Censo de 2022, o que garante a dispersão aleatória e estatística da amostra dentro dos territórios municipais, independentemente de divisões administrativas. Finalmente, dentro da lista de setores censitários sorteados, no último estágio são selecionados domicílios e pessoas a serem entrevistadas utilizando-se cotas amostrais para as seguintes variáveis: sexo, idade, renda familiar e escolaridade. O perfil da amostra, definido pelas cotas previstas, é o seguinte:

Sexo: Masculino (49%); Feminino (51%).
Faixa etária: 16-34 anos (36%); 35-59 anos (45%); 60 ou mais (19%).
Renda domiciliar total, incluindo pensões, benefícios e rendimentos de trabalhos informais: Até 2 salários-mínimos (32%); Mais de 2 a 5 salários-mínimos (45%); Mais de 5 salários-mínimos (23%).
Nível de instrução: Até Fundamental completo ou médio incompleto (42%); Médio completo ou superior incompleto (40%); Superior completo ou mais (18%).

Fonte dos dados: para a distribuição de sexo e idade, TSE-Tribunal Superior Eleitoral - agosto/2026; para a malha de setores censitários, Censo 2022 (IBGE); para a distribuição de renda domiciliar, PNADc Anual 2025, 1ª visita (IBGE); e, para a distribuição de escolaridade/instrução, PNADc trimestral 2-2026 (IBGE). A PNADc é utilizada por ser a fonte oficial mais atualizada de rendimentos do país, incluindo rendimentos informais, pensões, entre outros, e corrigindo as defasagens temporais do Censo 2022, além de ser a fonte mais atualizada de nível de instrução da população com 16 anos ou mais dada ausência de atualização obrigatória da escolaridade no registro de eleitores do TSE.

Está prevista eventual pós-estratificação da amostra, por meio de algoritmos de calibração (rake) e modelos (MrP e likely voter), para correção (1) de estimativas, (2) das distribuições de variáveis que medem o perfil da população e (3) percentual do eleitorado propenso a votar.

Dentro do público-alvo anteriormente descrito, serão realizadas 1.800 entrevistas. O nível de confiança das estimativas é de 95% e a margem de erro máxima prevista, atendendo às diretivas do TSE e usando o cálculo para amostra aleatória simples (AAS) como aproximação, é de cerca de 2 pontos percentuais para mais ou para menos em relação aos totais da amostra.

Pagante (s) do trabalho: CNPJ 01755356000289 - CENTRO NORTE DE COMUNICACAO LTDA / TV ANHANGUERA";"As entrevistas serão realizadas por uma equipe de entrevistadores devidamente qualificada, com experiência e treinamento em pesquisa de opinião pública. Todo trabalho é feito em tablets ou outros dispositivos eletrônicos. Após a realização da coleta de dados, as entrevistas junto aos respondentes são checadas por meio de procedimentos de consistência e de georreferenciamento dos locais de aplicação em tempo real. Adicionalmente, ao longo e após os trabalhos de campo, é realizada uma fiscalização que consiste na checagem de áudio de uma amostra de 30% dos questionários aplicados para verificação das respostas e da adequação dos entrevistados aos parâmetros amostrais.";"A área de abrangência da coleta é o território do estado do Tocantins. A relação do número de pessoas pesquisadas nas áreas de aplicação da pesquisa, discriminadas por município, bairros e setores censitários a partir dos identificadores utilizados pelo IBGE, além da composição do eleitorado entrevistado na área de abrangência quanto a gênero, idade, grau de instrução e nível econômico, constará em anexo. O mapa com os códigos destes setores censitários e as áreas que delimitam no país todo podem ser conferidos na seguinte fonte oficial: https://censo2022.ibge.gov.br/panorama/mapas.html?localidade=&recorte=setores_censitarios"
"28/09/2026";"05:46:54";2026;81;"Eleições Gerais 2026";"TO";"TO";"TOCANTINS";"TO083772026";"2026-09-21 21:22:51";"N";"52634112000106";"OLHAR PUBLICO PESQUISAS DE OPINIAO LTDA.";"OLHAR PUBLICO PESQUISAS DE OPINIAO";"Governador, Senador";"2026-09-22 00:00:00";"2026-09-26 00:00:00";"2026-09-27 00:00:00";1220;"7655";"AUGUSTO DA SILVA ROCHA";"35000,00";"A pesquisa será do tipo quantitativo, por amostragem aleatória, com aplicação de questionário estruturado e abordagem de moradores eleitores nos municípios do estado do Tocantins, divididos nas regiões dentro do estado. O conjunto da população do Estado do Tocantins com 16 anos ou mais e que são votantes no referido estado foi tomado como universo da pesquisa.";"A amostra será representativa do eleitorado da área pesquisada e será selecionada em três etapas. Na primeira etapa realiza-se um sorteio probabilístico dos municípios onde as entrevistas serão realizadas através do método PPT (Probabilidade Proporcional ao Tamanho), considerando a população eleitora com 16 anos ou mais residente nos municípios como base para essa seleção. Na segunda etapa, faz-se um sorteio probabilístico das localidades, onde as entrevistas serão realizadas, através do método PPT (Probabilidade Proporcional ao Tamanho), tomando a população eleitora de 16 anos ou mais residente nas localidades como base para essa seleção. Na terceira etapa, a seleção do entrevistado dentro da localidade, será feita utilizando-se quotas amostrais proporcionais, em função das variáveis sexo, faixa etária, grau de instrução e Nível socioeconômico (renda mensal familiar). Por fim, os entrevistados são selecionados aleatoriamente para responder ao questionário, de acordo com cotas: GÊNERO: FEMININO 50,92% ; MASCULINO 49,08% ; FAIXA ETÁRIA: 16 a 24 anos 15,75% ; 25 a 34 anos 20,37% ; 35 a 44 anos 20,06% ; 45 a 59 anos 24,55% ; 60 anos ou mais 19,27% ; GRAU DE INSTRUÇÃO: Analfabeto 4,8% ; Ensino Fundamental Completo 4,4% ; Ensino Fundamental Incompleto 19,2% ; Ensino Médio Completo 27,3% ; Ensino Médio Incompleto 19,9% ; Lê E Escreve 7,2% ; Superior Completo 11,0% ; Superior Incompleto 6,2% ; Fonte tse/ago2026 https://sig.tse.jus.br/ords/dwapr/r/seai/sig-eleitor-eleitorado-mensal/cruzamento-eleitorado-mensal?p0_uf=TO&session=15160602905434 ; Renda familiar (A variável ¿classe de rendimento nominal mensal domiciliar¿ corresponde à classificação dos domicílios segundo a soma dos rendimentos nominais mensais de seus moradores, expressa em faixas de salários mínimos vigentes no período de referência do Censo Demográfico 2010. Trata-se da renda total do domicílio, não dividida pelo número de moradores, não devendo ser confundida com rendimento domiciliar per capita. Para fins de planejamento amostral e ponderação, foram preservadas as categorias e os percentuais originalmente disponibilizados pelo IBGE, sem reagrupamento ou recálculo das faixas.): IBGE - Censo 2.010 - (fonte: https://cidades.ibge.gov.br/brasil/to/pesquisa/23/24304) . Até 1/2 salário mínimo 5,62% ; Mais de 1/2 a 1 salário mínimo 19,15% ; Mais de 1 a 2 salários mínimos 27,22% ; Mais de 2 a 5 salários mínimos 27,39% ; Mais de 5 a 10 salários mínimos 9,81% ; Mais de 10 a 20 salários mínimos 3,79% ; Mais de 20 salários mínimos 1,49% ; Sem rendimento 5,53% ; Observação: Conforme informações disponibilizadas pelo Instituto Brasileiro de Geografia e Estatística (IBGE), não houve nem há previsão de divulgação do perfil econômico (nível econômico) da população brasileira no âmbito do Censo Demográfico de 2022 (https://censo2022.ibge.gov.br/panorama/), para essa variável será adotado o fator de ponderação igual a 1, correspondente aos resultados obtidos em campo, caso seja verificada diferença superior à margem de erro prevista no estudo entre a projeção da amostra baseada nos dados do IBGE 2010 e os dados efetivamente coletados. Para as variáveis de sexo, idade e grau de instrução, está previsto uma eventual ponderação, nos limites da margem de erro, para correção nos tamanhos das variáveis, caso ocorra uma diferença entre a previsão da amostra e a coleta dos dados realizados sobre a faixa de eleitores acima de 16 anos. Margem de Erro: A margem de erro máxima prevista é de 2,8 pontos percentuais para mais ou para menos, considerando um nível de confiança de 95%.";"Os entrevistadores envolvidos na realização desta pesquisa são treinados pelo Instituto e recebem instruções específicas para cada projeto realizado. Os pesquisadores são supervisionados por um coordenador que estará em campo juntamente com a equipe garantindo a lisura da pesquisa. Internamente, todo o material é verificado e codificado. Antes do processamento final e emissão dos resultados, realiza-se processo de consistência dos dados. Os dados coletados e tratados nesta pesquisa atendem às exigências da LGPD, Lei Geral de Proteção de Dados, garantindo ao respondente o sigilo de sua identidade e o correto tratamento de suas respostas.";"#NULO#"
"28/09/2026";"05:46:54";2026;81;"Eleições Gerais 2026";"TO";"TO";"TOCANTINS";"TO059482026";"2026-09-16 20:56:00";"N";"52634112000106";"OLHAR PUBLICO PESQUISAS DE OPINIAO LTDA.";"OLHAR PUBLICO PESQUISAS DE OPINIAO";"Governador, Senador";"2026-09-18 00:00:00";"2026-09-20 00:00:00";"2026-09-22 00:00:00";1220;"7655";"AUGUSTO DA SILVA ROCHA";"35000,00";"A pesquisa será do tipo quantitativo, por amostragem aleatória, com aplicação de questionário estruturado e abordagem de moradores eleitores nos municípios do estado do Tocantins, divididos nas regiões dentro do estado. O conjunto da população do Estado do Tocantins com 16 anos ou mais e que são votantes no referido estado foi tomado como universo da pesquisa.";"A amostra será representativa do eleitorado da área pesquisada e será selecionada em três etapas. Na primeira etapa realiza-se um sorteio probabilístico dos municípios onde as entrevistas serão realizadas através do método PPT (Probabilidade Proporcional ao Tamanho), considerando a população eleitora com 16 anos ou mais residente nos municípios como base para essa seleção. Na segunda etapa, faz-se um sorteio probabilístico das localidades, onde as entrevistas serão realizadas, através do método PPT (Probabilidade Proporcional ao Tamanho), tomando a população eleitora de 16 anos ou mais residente nas localidades como base para essa seleção. Na terceira etapa, a seleção do entrevistado dentro da localidade, será feita utilizando-se quotas amostrais proporcionais, em função das variáveis sexo, faixa etária, grau de instrução e Nível socioeconômico (renda mensal familiar). Por fim, os entrevistados são selecionados aleatoriamente para responder ao questionário, de acordo com cotas:
GÊNERO: FEMININO 50,92% ;
MASCULINO 49,08% ;


FAIXA ETÁRIA: 16 a 24 anos 15,75% ;
25 a 34 anos 20,37% ;
35 a 44 anos 20,06% ;
45 a 59 anos 24,55% ;
60 anos ou mais 19,27% ;


GRAU DE INSTRUÇÃO: Analfabeto 4,8% ;
Ensino Fundamental Completo 4,4% ;
Ensino Fundamental Incompleto 19,2% ;
Ensino Médio Completo 27,3% ;
Ensino Médio Incompleto 19,9% ;
Lê E Escreve 7,2% ;
Superior Completo 11,0% ;
Superior Incompleto 6,2% ;


Fonte tse/ago2026 https://sig.tse.jus.br/ords/dwapr/r/seai/sig-eleitor-eleitorado-mensal/cruzamento-eleitorado-mensal?p0_uf=TO&session=15160602905434 ;


Renda familiar (A variável ¿classe de rendimento nominal mensal domiciliar¿ corresponde à classificação dos domicílios segundo a soma dos rendimentos nominais mensais de seus moradores, expressa em faixas de salários mínimos vigentes no período de referência do Censo Demográfico 2010. Trata-se da renda total do domicílio, não dividida pelo número de moradores, não devendo ser confundida com rendimento domiciliar per capita. Para fins de planejamento amostral e ponderação, foram preservadas as categorias e os percentuais originalmente disponibilizados pelo IBGE, sem reagrupamento ou recálculo das faixas.): IBGE - Censo 2.010 - (fonte: https://cidades.ibge.gov.br/brasil/to/pesquisa/23/24304) .

Até 1/2 salário mínimo 5,62% ;
Mais de 1/2 a 1 salário mínimo 19,15% ;
Mais de 1 a 2 salários mínimos 27,22% ;
Mais de 2 a 5 salários mínimos 27,39% ;
Mais de 5 a 10 salários mínimos 9,81% ;
Mais de 10 a 20 salários mínimos 3,79% ;
Mais de 20 salários mínimos 1,49% ;
Sem rendimento 5,53% ;



Observação: Conforme informações disponibilizadas pelo Instituto Brasileiro de Geografia e Estatística (IBGE), não houve nem há previsão de divulgação do perfil econômico (nível econômico) da população brasileira no âmbito do Censo Demográfico de 2022 (https://censo2022.ibge.gov.br/panorama/), para essa variável será adotado o fator de ponderação igual a 1, correspondente aos resultados obtidos em campo, caso seja verificada diferença superior à margem de erro prevista no estudo entre a projeção da amostra baseada nos dados do IBGE 2010 e os dados efetivamente coletados. Para as variáveis de sexo, idade e grau de instrução, está previsto uma eventual ponderação, nos limites da margem de erro, para correção nos tamanhos das variáveis, caso ocorra uma diferença entre a previsão da amostra e a coleta dos dados realizados sobre a faixa de eleitores acima de 16 anos. Margem de Erro: A margem de erro máxima prevista é de 2,8 pontos percentuais para mais ou para menos, considerando um nível de confiança de 95%.";"Os entrevistadores envolvidos na realização desta pesquisa são treinados pelo Instituto e recebem instruções específicas para cada projeto realizado. Os pesquisadores são supervisionados por um coordenador que estará em campo juntamente com a equipe garantindo a lisura da pesquisa. Internamente, todo o material é verificado e codificado. Antes do processamento final e emissão dos resultados, realiza-se processo de consistência dos dados. Os dados coletados e tratados nesta pesquisa atendem às exigências da LGPD, Lei Geral de Proteção de Dados, garantindo ao respondente o sigilo de sua identidade e o correto tratamento de suas respostas.";"#NULO#"
"28/09/2026";"05:46:54";2026;81;"Eleições Gerais 2026";"TO";"TO";"TOCANTINS";"TO058482026";"2026-09-27 19:49:20";"S";"00654576000172";"INSTITUTO VERITA LTDA";"VERITA";"Governador, Senador";"2026-09-28 00:00:00";"2026-10-02 00:00:00";"2026-10-03 00:00:00";1220;"10699";"Guilherme Alvarenga Laia";"93940,00";"Estudo quantitativo voltado às Eleições 2026, realizado por meio de entrevistas individuais, aplicadas mediante questionário eletrônico estruturado e Unidade Automatizada de Respostas Audíveis e Auditáveis, por meio de ligações para telefones móveis (celulares). A inteligência artificial é empregada exclusivamente para a transcrição automatizada das respostas em áudio, não interferindo na formulação das perguntas, na condução das entrevistas, na coleta das informações, na interpretação das respostas ou no tratamento estatístico dos dados.

A participação dos eleitores é voluntária, espontânea e não remunerada. As respostas são prestadas por autodeclaração, sendo, em sua maioria, registradas por meio de códigos numéricos correspondentes às alternativas previamente definidas no questionário.

A utilização de sistema eletrônico automatizado para a coleta e o registro das respostas proporciona elevado nível de padronização operacional, reduz a possibilidade de interferência humana durante a realização das entrevistas, amplia a rastreabilidade e a auditabilidade de todo o processo de coleta e contribui para maior precisão, consistência e confiabilidade dos dados obtidos.

O plano amostral foi elaborado para assegurar a representatividade estatística do eleitorado da respectiva Unidade da Federação, observando critérios técnicos de seleção, distribuição e ponderação da amostra, quando aplicáveis.";"A pesquisa foi planejada para produzir uma amostra estatisticamente representativa do eleitorado do estado DO TOCANTINS, utilizando o método de Probabilidade Proporcional ao Tamanho (PPT), com plano amostral em múltiplos estágios. Na primeira etapa, esta Unidade da Federação é dividida em macrorregiões, de forma a assegurar adequada distribuição territorial da amostra e representação das diferentes características geográficas, demográficas e eleitorais. Na segunda etapa, os municípios de cada estrato são ordenados segundo seu porte populacional e eleitoral e sorteados. Na terceira etapa, os respondentes são selecionados entre os eleitores aptos residentes nos municípios sorteados, observando-se a distribuição proporcional da amostra e as cotas estabelecidas para as variáveis de sexo, faixa etária, grau de instrução e nível econômico. As cotas são estabelecidas para a pesquisa completa, considerando a composição do eleitorado e os parâmetros oficiais de referência, não sendo aplicadas isoladamente a cada município selecionado.

SEXO E FAIXA ETÁRIA - Fonte: Tribunal Superior Eleitoral (TSE), Perfil do Eleitorado, junho de 2026. Feminino de 16 a 34 anos: 18,8%; Masculino de 16 a 34 anos: 17,9%; Feminino de 35 a 54 anos: 19,2%; Masculino de 35 a 54 anos: 18,3%; Feminino com 55 anos ou mais: 12,9%; Masculino com 55 anos ou mais: 12,9%. Os parâmetros de sexo e idade têm como referência o cadastro eleitoral brasileiro atualizado pelo Tribunal Superior Eleitoral, considerando o universo de eleitores aptos com 16 anos ou mais.

GRAU DE INSTRUÇÃO - Fonte: IBGE - PNAD Contínua Anual 2025. A distribuição é: sem instrução 6,3%; ensino fundamental incompleto ou equivalente 21,9%; ensino fundamental completo ou equivalente 7,7%; ensino médio incompleto ou equivalente 9,6%; ensino médio completo ou equivalente 30,4%; ensino superior incompleto ou equivalente 6,7%; ensino superior completo 17,3%. Para não confundir os respondentes as faixas de escolaridade no questionário foram agrupadas em 3 faixas: até ensino fundamental incompleto e completo, ensino médio incompleto e completo e superior incompleto, completo ou mais. A PNAD Contínua é utilizada como referência por constituir a fonte oficial mais atualizada para a mensuração do nível de instrução da população brasileira, sua utilização também corrige limitações decorrentes da ausência de atualização obrigatória e contínua das informações de escolaridade no cadastro eleitoral do Tribunal Superior Eleitoral.

NÍVEL ECONÔMICO - RENDA FAMILIAR DO DOMICÍLIO - Fonte: IBGE - PNAD Contínua Anual 2025. Considera-se a renda domiciliar total, compreendendo rendimentos provenientes de trabalho formal e informal, aposentadorias, pensões, benefícios sociais e demais fontes de renda existentes no domicílio. observando-se a seguinte distribuição: renda familiar de até 2 salários-mínimos 43,9%; de 2 a 5 salários-mínimos 37,9%, acima de 5 salários-mínimos 18,2%.

PONDERAÇÃO E CALIBRAÇÃO DA AMOSTRA - Prevê-se eventual ponderação das variáveis de sexo, faixa etária, grau de instrução e nível econômico, caso sejam verificadas diferenças relevantes entre a distribuição da amostra efetivamente coletada e os parâmetros populacionais de referência adotados. Inicialmente, o fator de ponderação é igual a 1 (um), podendo ser recalculado sempre que necessário para assegurar a representatividade estatística da amostra.
INTERVALO DE CONFIANÇA E MARGEM DE ERRO - O intervalo de confiança adotado é de 95%, com margem máxima estimada de erro de aproximadamente 3 pontos percentuais, para mais ou para menos, sobre os resultados do total da amostra, calculada segundo o modelo de amostragem aleatória simples e a hipótese de máxima variabilidade.";"Após os trabalhos de coleta de dados, os questionários são submetidos a uma fiscalização, conferência e checagem de cerca de 20% (vinte por cento) dos questionários aplicados. Todas as entrevistas são integralmente registradas em áudio, permanecendo auditáveis e rastreáveis, permitindo a verificação da integridade do processo de coleta, preservado o sigilo das informações pessoais dos entrevistados e observadas as disposições da Lei Geral de Proteção de Dados Pessoais (Lei nº 13.709/2018).";"Em observância ao art. 2º, § 7º, da Resolução TSE nº 23.600/2019, com redação dada pela Resolução TSE nº 23.747/2026, a presente pesquisa terá seu registro complementado no Sistema de Registro de Pesquisas Eleitorais a partir da data em que sua divulgação for permitida e até o dia seguinte, com a identificação dos municípios em que foram realizadas as entrevistas, bem como da composição final da amostra quanto a gênero, idade, grau de instrução e nível econômico, na forma exigida pela legislação eleitoral vigente."
"28/09/2026";"05:46:54";2026;81;"Eleições Gerais 2026";"TO";"TO";"TOCANTINS";"TO053662026";"2026-09-13 18:41:04";"S";"00654576000172";"INSTITUTO VERITA LTDA";"VERITA";"Governador, Senador";"2026-09-14 00:00:00";"2026-09-19 00:00:00";"2026-09-19 00:00:00";1220;"10699";"Guilherme Alvarenga Laia";"93940,00";"Estudo quantitativo voltado às Eleições 2026, realizado por meio de entrevistas individuais, aplicadas mediante questionário eletrônico estruturado e Unidade Automatizada de Respostas Audíveis e Auditáveis, por meio de ligações para telefones móveis (celulares). A inteligência artificial é empregada exclusivamente para a transcrição automatizada das respostas em áudio, não interferindo na formulação das perguntas, na condução das entrevistas, na coleta das informações, na interpretação das respostas ou no tratamento estatístico dos dados.

A participação dos eleitores é voluntária, espontânea e não remunerada. As respostas são prestadas por autodeclaração, sendo, em sua maioria, registradas por meio de códigos numéricos correspondentes às alternativas previamente definidas no questionário.

A utilização de sistema eletrônico automatizado para a coleta e o registro das respostas proporciona elevado nível de padronização operacional, reduz a possibilidade de interferência humana durante a realização das entrevistas, amplia a rastreabilidade e a auditabilidade de todo o processo de coleta e contribui para maior precisão, consistência e confiabilidade dos dados obtidos.

O plano amostral foi elaborado para assegurar a representatividade estatística do eleitorado da respectiva Unidade da Federação, observando critérios técnicos de seleção, distribuição e ponderação da amostra, quando aplicáveis.";"A pesquisa foi planejada para produzir uma amostra estatisticamente representativa do eleitorado do estado DO TOCANTINS, utilizando o método de Probabilidade Proporcional ao Tamanho (PPT), com plano amostral em múltiplos estágios. Na primeira etapa, esta Unidade da Federação é dividida em macrorregiões, de forma a assegurar adequada distribuição territorial da amostra e representação das diferentes características geográficas, demográficas e eleitorais. Na segunda etapa, os municípios de cada estrato são ordenados segundo seu porte populacional e eleitoral e sorteados. Na terceira etapa, os respondentes são selecionados entre os eleitores aptos residentes nos municípios sorteados, observando-se a distribuição proporcional da amostra e as cotas estabelecidas para as variáveis de sexo, faixa etária, grau de instrução e nível econômico. As cotas são estabelecidas para a pesquisa completa, considerando a composição do eleitorado e os parâmetros oficiais de referência, não sendo aplicadas isoladamente a cada município selecionado.

SEXO E FAIXA ETÁRIA - Fonte: Tribunal Superior Eleitoral (TSE), Perfil do Eleitorado, junho de 2026. Feminino de 16 a 34 anos: 18,8%; Masculino de 16 a 34 anos: 17,9%; Feminino de 35 a 54 anos: 19,2%; Masculino de 35 a 54 anos: 18,3%; Feminino com 55 anos ou mais: 12,9%; Masculino com 55 anos ou mais: 12,9%. Os parâmetros de sexo e idade têm como referência o cadastro eleitoral brasileiro atualizado pelo Tribunal Superior Eleitoral, considerando o universo de eleitores aptos com 16 anos ou mais.

GRAU DE INSTRUÇÃO - Fonte: IBGE - PNAD Contínua Anual 2025. A distribuição é: sem instrução 6,3%; ensino fundamental incompleto ou equivalente 21,9%; ensino fundamental completo ou equivalente 7,7%; ensino médio incompleto ou equivalente 9,6%; ensino médio completo ou equivalente 30,4%; ensino superior incompleto ou equivalente 6,7%; ensino superior completo 17,3%. Para não confundir os respondentes as faixas de escolaridade no questionário foram agrupadas em 3 faixas: até ensino fundamental incompleto e completo, ensino médio incompleto e completo e superior incompleto, completo ou mais. A PNAD Contínua é utilizada como referência por constituir a fonte oficial mais atualizada para a mensuração do nível de instrução da população brasileira, sua utilização também corrige limitações decorrentes da ausência de atualização obrigatória e contínua das informações de escolaridade no cadastro eleitoral do Tribunal Superior Eleitoral.

NÍVEL ECONÔMICO - RENDA FAMILIAR DO DOMICÍLIO - Fonte: IBGE - PNAD Contínua Anual 2025. Considera-se a renda domiciliar total, compreendendo rendimentos provenientes de trabalho formal e informal, aposentadorias, pensões, benefícios sociais e demais fontes de renda existentes no domicílio. observando-se a seguinte distribuição: renda familiar de até 2 salários-mínimos 43,9%; de 2 a 5 salários-mínimos 37,9%, acima de 5 salários-mínimos 18,2%.

PONDERAÇÃO E CALIBRAÇÃO DA AMOSTRA - Prevê-se eventual ponderação das variáveis de sexo, faixa etária, grau de instrução e nível econômico, caso sejam verificadas diferenças relevantes entre a distribuição da amostra efetivamente coletada e os parâmetros populacionais de referência adotados. Inicialmente, o fator de ponderação é igual a 1 (um), podendo ser recalculado sempre que necessário para assegurar a representatividade estatística da amostra.
INTERVALO DE CONFIANÇA E MARGEM DE ERRO - O intervalo de confiança adotado é de 95%, com margem máxima estimada de erro de aproximadamente 3 pontos percentuais, para mais ou para menos, sobre os resultados do total da amostra, calculada segundo o modelo de amostragem aleatória simples e a hipótese de máxima variabilidade.";"Após os trabalhos de coleta de dados, os questionários são submetidos a uma fiscalização, conferência e checagem de cerca de 20% (vinte por cento) dos questionários aplicados. Todas as entrevistas são integralmente registradas em áudio, permanecendo auditáveis e rastreáveis, permitindo a verificação da integridade do processo de coleta, preservado o sigilo das informações pessoais dos entrevistados e observadas as disposições da Lei Geral de Proteção de Dados Pessoais (Lei nº 13.709/2018).";"Em observância ao art. 2º, § 7º, da Resolução TSE nº 23.600/2019, com redação dada pela Resolução TSE nº 23.747/2026, a presente pesquisa terá seu registro complementado no Sistema de Registro de Pesquisas Eleitorais a partir da data em que sua divulgação for permitida e até o dia seguinte, com a identificação dos municípios em que foram realizadas as entrevistas, bem como da composição final da amostra quanto a gênero, idade, grau de instrução e nível econômico, na forma exigida pela legislação eleitoral vigente."
"28/09/2026";"05:46:54";2026;81;"Eleições Gerais 2026";"TO";"TO";"TOCANTINS";"TO081082026";"2026-09-25 19:50:48";"S";"24357977000129";"JORNAL E PORTAL O COLETIVO LTDA";"O COLETIVO";"Governador, Senador";"2026-09-26 00:00:00";"2026-09-30 00:00:00";"2026-10-01 00:00:00";1000;"6892";"Joao Soares de Araujo Neto";"16000,00";"I.1) Objetivo - Avaliar a intenção de voto da população de eleitores de 30 municípios das Regiões do Bico do Papagaio, Central, Norte, Sudeste, Sul e Vale do Araguaia, em relação aos cargos de Governador e Senador do Estado do Tocantins nas eleições de 2026, por meio de entrevistas diretas junto à população, identificando, de forma estimulada, a intenção de voto dos entrevistados.
I.2) Procedimentos para a realização da Pesquisa ¿ Aplicação de entrevistas diretas junto à população dos 30 municípios das 6 Regiões, mediante questionários estruturados, nos domicílios e áreas comerciais das zonas urbanas. Em cada domicílio e/ou estabelecimento comercial será realizada uma única entrevista. A seleção utilizará o critério de aleatoriedade no sorteio das unidades que irão compor o painel amostral, buscando minimizar a tendenciosidade e possíveis vieses.
O número de questionários aplicados terá por base uma amostra significativa e representativa da população residente nos municípios, apta a votar, considerando o número de eleitores informado pelo TSE em agosto de 2026. As variáveis sexo, faixa etária e grau de instrução terão como parâmetro as informações do TSE de agosto/2026 referentes aos 30 municípios que compõem o painel amostral.
A variável renda terá como parâmetro a renda domiciliar informada no Censo Demográfico de 2010, referente a cada município, disponibilizada na página IBGE Cidades, pois não há informação divulgada sobre renda domiciliar referente ao Censo Demográfico de 2022.
Links acessados para obtenção da base de dados:
https://www.tse.jus.br>eleições>estatisticas-do-eleitorado
https://cidades.ibge.gov.br>brasil
I.3) Abrangência Geográfica ¿ A pesquisa será realizada na área urbana dos 30 municípios, divididos em 6 Regiões, cada uma representando um conglomerado:
I.3.1) Conglomerado 1 - Região Norte: Araguaína, Colinas do Tocantins, Guaraí, Nova Olinda, Wanderlândia e Xambioá.
I.3.2) Conglomerado 2 - Região Central: Miracema do TO, Miranorte, Palmas e Porto Nacional.
I.3.3) Conglomerado 3 - Região Sudeste: Dianópolis, Taguatinga, Arraias e Natividade.
I.3.4) Conglomerado 4 - Região Sul: Gurupi, Formoso do Araguaia, Alvorada do Tocantins, Peixe e Araguaçu.
I.3.5) Conglomerado 5 - Região do Vale do Araguaia: Paraíso do TO, Lagoa da Confusão, Pium e Divinópolis.
I.3.6) Conglomerado 6 - Região do Bico do Papagaio: Araguatins, Augustinópolis, Tocantinópolis, Axixá do TO, Ananás, São Miguel do TO e Sítio Novo do TO.
O número de entrevistas realizado em cada Região levará em consideração a proporção da população residente apta a votar em cada grupo de municípios, tendo por base os dados de eleitores informados pelo TSE, com referência a agosto de 2026. As entrevistas serão realizadas majoritariamente nos domicílios (90%), e o restante em estabelecimentos comerciais e áreas públicas de circulação.
I.4) Cadastros utilizados e variáveis ¿ Para o dimensionamento da amostra, foram utilizados como referência os dados do cadastro de eleitores do TSE/TO, com referência a agosto/2026, para identificação das seguintes variáveis: número de eleitores, sexo, faixa etária e grau de instrução.
O total de eleitores informado pelo TSE no Estado do Tocantins, em agosto de 2026, corresponde a 1.182.768 eleitores. O número de eleitores dos 30 municípios relacionados corresponde a 763.981, equivalente a 64,6% do total de eleitores do Estado.
I.4.1) Número total de eleitores no Estado do Tocantins - TSE agosto/2026: 1.182.768.
Número total de eleitores dos 30 municípios - TSE agosto/2026: 763.981.";"II.1) Descrição - Foi elaborado utilizando-se o critério de AAS(Amostragem Aleatória Simples), considerando para as variáveis p(sucesso) e q(não sucesso) para a aprovação ou rejeição na escolha do candidato pela população dos municípios tocantinenses. Esse procedimento, tem por objetivo o dimensionamento de uma amostra confiável e com elevado nível de significância, para a descrição do fenômeno objeto de avaliação. Minimizando a probabilidade de ocorrência de erros e a consequente obtenção de uma amostra significativa em relação a população componente do universo pesquisado. Apresentando resultados confiáveis e representativos do fenômeno objeto da Pesquisa.
A distribuição dos questionários nos setores a serem pesquisados, considerou a proporcionalidade de moradores aptos a votar, associados as cotas (variáveis) informadas no cadastro do TSE/TO, tendo por referência o mês de agosto do corrente ano com relação ao universo de eleitores dos municípios de cada Região.
A pesquisa foi dimensionada para uma amostra com Margem de Confiança de 95% e Erro Amostral de 3,1 pontos percentuais para mais ou para menos, totalizando 1000 questionários, tendo por base o tamanho da População total de eleitores do Estado do Tocantins, informada no site do TSE, referente a agosto de 2026, correspondendo a 1.182.768 eleitores.

II.2) Distribuição dos questionários por Regiões/municípios e por cotas (sexo, faixa etária, grau de instrução e renda domiciliar) - Os questionários foram distribuídos pelas Regiões da seguinte forma: ALERTA IMPORTANTE, como este campo do registro de pesquisa eleitoral só comporta texto com até 4 (quatro) mil caracteres, não há como colocar todo o restante do Plano Amostral e as variáveis da pesquisa envolvendo sexo, idade, grau de instrução e nível econômico dos entrevistados, desta forma foi juntado em arquivos PDF no mesmo arquivo em que estão o questionário, os discos, a Declaração de Vínculo e de Responsabilidade do Estatístico com o Instituto IVOX e o Termo de Compromisso, estão em um PDF só, declaração esta exigida pela Resolução mais recente do Tribunal Superior Eleitoral.";"Obedecerá aos seguintes critérios:

III.1) Seleção aleatória de alguns setores pesquisados, havendo posterior visita de supervisores de campo do instituto, para avaliação da qualidade das informações coletadas;

III.2)Visita a 15% dos domicílios do local selecionado, para confirmação da veracidade das informações coletadas;

III.3) Acompanhamento de algumas entrevistas por parte do supervisor, para observar se o pesquisador está influenciando, ainda que de forma indireta na resposta do entrevistado, comprometendo assim, a qualidade da entrevista e consequentemente o resultado da Pesquisa;

III.4) Eventualidade de necessidade na utilização de fatores de ponderações para ajustes da amostra prevista com relação a amostra coletada: Quando houver distorções significativas entre os quantitativos obtidos na coleta de alguma variável e o indicado na amostra, conforme especificação a seguir:

III.4.1) Ponderação para sexo e idade ¿ Quando ocorrer diferença superior a 5 pontos percentuais entre o previsto e o coletado;

III.4.2) Ponderação para grau de instrução e renda domiciliar ¿ Ocorrendo a mesma situação na coleta dessas variáveis. Será utilizado o fator de ponderação igual a um. Equivalente ao levantamento obtido no trabalho de campo.terObedecerá aos seguintes critérios:

III.1) Seleção aleatória de alguns setores pesquisados, havendo posterior visita de supervisores de campo do instituto, para avaliação da qualidade das informações coletadas;

III.2)Visita a 15% dos domicílios do local selecionado, para confirmação da veracidade das informações coletadas;

III.3) Acompanhamento de algumas entrevistas por parte do supervisor, para observar se o pesquisador está influenciando, ainda que de forma indireta na resposta do entrevistado, comprometendo assim, a qualidade da entrevista e consequentemente o resultado da Pesquisa;

III.4) Eventualidade de necessidade na utilização de fatores de ponderações para ajustes da amostra prevista com relação a amostra coletada: Quando houver distorções significativas entre os quantitativos obtidos na coleta de alguma variável e o indicado na amostra, conforme especificação a seguir:

III.4.1) Ponderação para sexo e idade ¿ Quando ocorrer diferença superior a 5 pontos percentuais entre o previsto e o coletado;

III.4.2) Ponderação para grau de instrução e renda domiciliar ¿ Ocorrendo a mesma situação na coleta dessas variáveis. Será utilizado o fator de ponderação igual a um. Equivalente ao levantamento obtido no trabalho de campo.";"Serão disponibilizados no prazo legal, que é até o dia seguinte à data a partir da qual a pesquisa puder ser divulgada, conforme §7º do art. 2º da Resolução-TSE nº. 23.600/2019, contendo os municípios do Estado do Tocantins pesquisados nas 06 Regiões, com o detalhamento das amostras associadas às variáveis de cada uma das localidades, sendo sexo, idade, grau de instrução e renda familiar, especificadas em tabelas pelas regiões e municípios."
"28/09/2026";"05:46:54";2026;81;"Eleições Gerais 2026";"TO";"TO";"TOCANTINS";"TO058932026";"2026-08-31 10:29:37";"S";"36938497000130";"INSTITUTO SONDA SERVICOS DE PESQUISA E PUBLICIDADE LTDA";"INSTITUTO SONDA";"Governador, Senador, Deputado Federal, Deputado Estadual";"2026-08-31 00:00:00";"2026-09-04 00:00:00";"2026-09-06 00:00:00";1000;"9443-A";"Marcelo Hidemi Uemura";"20000,00";"Pesquisa do tipo quantitativa, com amostragem por quotas representativas do eleitorado (Gênero, faixa etária, escolaridade, renda nominal mensal domiciliar, e municípios) do Estado do Tocantins-TO. (Fonte de dados: TSE e IBGE) para os cargos de governador, senador, deputados federal e estadual, através de questionário estruturado, com questões fechadas, e abrangência por telefone (Call Center), sendo entrevistados no máximo uma pessoa por família, de forma que se possa determinar as verdadeiras intenções do eleitor com relação ao pleito que se aproxima";"Amostra composta por 1.000 eleitores. Cada Estrato proporcional ao tamanho do Universo de eleitores do Estado. Foram divididos da seguinte maneira: Gênero: Feminino: 50,90%; Masculino: 49,10%. Faixa Etária: 16 a 24 anos: 15,70%; 25 a 34 anos: 20,40%; 35 a 44 anos: 20,10%; 45 a 59 anos: 24,50%; Mais de 60 anos: 19,30%. Grau de Instrução: Analfabeto / Lê e escreve: 12,10%; Ensino Fundamental Incompleto / Completo: 23,50%; Ensino Médio Incompleto / Completo: 47,20%; Ensino Superior Incompleto / Completo: 17,20%. Renda Nominal Mensal Domiciliar: Até 2 Salários Mínimos: 57,50%; De 2 a 5 Salários Mínimos: 27,40%; Mais de 5 Salários Mínimos: 15,10%. Fonte de dados: TSE: Julho/2026 (Gênero, faixa etária e Grau de Instrução), IBGE: Censo Demográfico 2010 (Renda Nominal Mensal Domiciliar, última atualização foi em 2010), e Censo Demográfico 2022 e TSE: Julho/2026 (Municípios e eleitorado por município). Margem de erro 3,1% para mais ou para menos, considerando um nível de confiança de 95,0%. Há a previsão para eventual ponderação para correção nos tamanhos dos estratos, considerando as variáveis do plano amostral";"Para a coleta de dados, utiliza-se uma equipe de entrevistadores contratados, devidamente treinados para o trabalho, além de contarem com apoio de supervisor para eventuais dúvidas. Durantes a coleta os supervisores fazem a fiscalização in loco nos locais onde estão distribuídos os pesquisadores. Após a realização das entrevistas, os questionários passam por uma codificação e crítica, e depois disso, são fiscalizados entre 10% a 20%.";"Em Anexo."
"28/09/2026";"05:46:54";2026;81;"Eleições Gerais 2026";"TO";"TO";"TOCANTINS";"TO000862026";"2026-09-24 15:59:25";"S";"14888537000144";"VOZ E PESQUISA TOCANTINS LTDA";"#NULO#";"Governador, Senador";"2026-09-25 00:00:00";"2026-09-29 00:00:00";"2026-09-30 00:00:00";1250;"6892";"Joao Soares de Araujo Neto";"19000,00";"I.1) Objetivo - Avaliar a intenção de voto da população de eleitores de 34 municípios das Regiões do Bico do Papagaio, Central, Norte, Sudeste, Sul e Vale do Araguaia, quanto aos cargos de Governador e Senador do Estado do Tocantins nas eleições de 2026, através de entrevistas diretas junto à população, identificando, de forma estimulada, a intenção de voto dos entrevistados. I.2) Procedimentos para realização da Pesquisa - Aplicação de entrevistas diretas junto à população dos 34 municípios das 6 Regiões, mediante questionários estruturados, nos domicílios e áreas comerciais das zonas urbanas. Para cada domicílio e/ou estabelecimento comercial será realizada uma única entrevista. A seleção utilizará critério de aleatoriedade no sorteio das unidades que comporão o painel amostral, visando minimizar a tendenciosidade e possíveis vieses deste tipo de pesquisa. O número de questionários terá por base uma amostra significativa e representativa da população residente nestes municípios, apta a votar, considerando o número de eleitores informado pelo TSE em agosto de 2026. Sexo, faixa etária e grau de instrução terão por parâmetro as informações contidas no site do TSE em agosto/2026, referentes aos 34 municípios que compõem o painel amostral da Pesquisa. A renda terá como parâmetro a renda domiciliar informada no Censo Demográfico de 2010, referente a cada um dos 34 municípios, disponibilizada na página da publicação IBGE Cidades. Utiliza-se esse procedimento porque não há informação divulgada da renda domiciliar referente ao Censo Demográfico de 2022. Links acessados para obter base de dados da Pesquisa: https://www.tse.jus.br>eleições>estatisticas-do-eleitorado https://cidades.ibge.gov.br>brasil I.3) Abrangência Geográfica - A pesquisa será realizada na área urbana dos 34 municípios, divididos em 6 Regiões, cada uma representando um conglomerado: I.3.1) Conglomerado 1 - Região Norte, composta pelos municípios de Araguaína, Colinas do Tocantins, Guaraí, Nova Olinda, Wanderlândia e Xambioá; I.3.2) Conglomerado 2 - Região Central, composta pelos municípios de Miracema do TO, Miranorte, Palmas, Pedro Afonso e Porto Nacional; I.3.3) Conglomerado 3 - Região Sudeste, composta pelos municípios de Dianópolis, Taguatinga, Paranã, Arraias e Natividade; I.3.4) Conglomerado 4 - Região Sul, composta pelos municípios de Gurupi, Formoso do Araguaia, Alvorada do Tocantins, Peixe, Araguaçu e Palmeirópolis; I.3.5) Conglomerado 5 ¿ Região do Vale do Araguaia, composta pelos municípios de Paraíso do TO, Lagoa da Confusão, Pium e Divinópolis; I.3.6) Conglomerado 6 ¿ Região do Bico do Papagaio, composta pelos municípios de Araguatins, Augustinópolis, Tocantinópolis, Axixá do TO, Ananás, Esperantina, São Miguel do TO e Sítio Novo do TO. O número de entrevistas em cada Região considerará a proporção do tamanho da população residente apta a votar em cada grupo de municípios localizados nessa Região, tendo por base as informações do número de eleitores no site do TSE, referência agosto/2026. As entrevistas serão realizadas majoritariamente nos domicílios (90%), e restante nos estabelecimentos comerciais e áreas de circulação públicas. I.4) Cadastros utilizados para seleção dos componentes do painel amostral e respectivas variáveis associadas à Pesquisa ¿ Foram utilizadas como base de referência para o dimensionamento da amostra as informações do cadastro de eleitores do TSE/TO, tendo como referência agosto/2026, para identificação das seguintes variáveis: número de eleitores, sexo, faixa etária e grau de instrução. O total de eleitores informado pelo TSE no mês de agosto de 2026 corresponde a 1.182.768 eleitores. O número de eleitores dos 34 municípios, relacionado ao total de eleitores do Estado informado pelo TSE, tendo agosto de 2026 como referência, corresponde ao percentual de 67,3%. I.4.1) Número total de eleitores no Estado do Tocantins TSE agosto/2026: 1.182.768; número total de eleitores dos 34 municípios - TSE agosto/2026: 796.226.";"II.1) Descrição - Foi elaborado utilizando-se o critério de AAS (Amostragem Aleatória Simples), considerando para as variáveis p (sucesso) e q (não sucesso) para a aprovação ou rejeição na escolha do candidato pela população dos municípios tocantinenses. Esse procedimento, tem por objetivo o dimensionamento de uma amostra confiável e com elevado nível de significância, para a descrição do fenômeno objeto de avaliação. Minimizando a probabilidade de ocorrência de erros e a consequente obtenção de uma amostra significativa em relação a população componente do universo pesquisado. Apresentando resultados confiáveis e representativos do fenômeno objeto da Pesquisa. A distribuição dos questionários nos setores a serem pesquisados, considerou a proporcionalidade de moradores aptos a votar, associados as cotas (variáveis) informadas no cadastro do TSE/TO, tendo por referência o mês de agosto do corrente ano com relação ao universo de eleitores dos municípios de cada Região. A pesquisa foi dimensionada para uma amostra com Margem de Confiança de 95% e Erro Amostral de 2,8 pontos percentuais para mais ou para menos, totalizando 1250 questionários, tendo por base o tamanho da População total de eleitores do Estado do Tocantins, informada no site do TSE, referente a agosto de 2026, correspondendo a 1.182.768 eleitores. II.2) Distribuição dos questionários por Regiões/municípios e por cotas (sexo, faixa etária, grau de instrução e renda domiciliar) - Os questionários foram distribuídos pelas Regiões da seguinte forma: ATENÇÃO - ATENÇÃO - IMPORTANTE: Por falta de espaço neste campo, o restante do Plano Amostral e ponderação quanto a sexo, idade, grau de instrução e nível econômico dos entrevistados, foi juntado em arquivos PDF no mesmo arquivo que contém o questionário, os discos, bem como a Declaração de Responsabilidade e de Vínculo do Profissional de Estatística com o Instituto Voz e Pesquisa Tocantins (VÓPE), com o Termo de Compromisso do referido profissional, tendo sido os documentos (questionário, discos, restante do Plano Amostral e Declaração de Vínculo do Estatístico e Termo de Compromisso, juntados em um PDF só, atendendo desta forma, com a Declaração do Estatístico a atualização efetuada pela Resolução TSE Nº 23.747/2026.";"Obedecerá aos seguintes critérios: III.1) Seleção aleatória de alguns setores pesquisados, havendo posterior fiscalização de supervisores de campo do instituto, para avaliação da qualidade das informações coletadas; III.2) Visita/confirmação a 15% dos domicílios do local selecionado, para comprovação da veracidade das informações coletadas; III.3) Acompanhamento de algumas entrevistas por parte de supervisor, para observar se o pesquisador está influenciando, ainda que de forma indireta na resposta do entrevistado, comprometendo assim, a qualidade da entrevista e consequentemente o resultado da Pesquisa; III.4) Na eventualidade de necessidade de utilização de fatores de ponderações para ajustes da amostra prevista com relação a amostra coletada: quando houver distorções significativas entre os quantitativos obtidos na coleta de alguma variável e o indicado na amostra, ocorrerá conforme especificação a seguir: III.4.1) Ponderação para sexo e idade - Quando ocorrer diferença superior a 5 pontos percentuais entre o previsto e o coletado; III.4.2) Ponderação para grau de instrução e renda domiciliar - Ocorrendo a mesma situação na coleta dessas variáveis, será utilizado o fator de ponderação igual a um, equivalente ao levantamento obtido no trabalho de campo.";"Serão disponibilizados no prazo legal (até o dia seguinte à data a partir da qual a pesquisa puder ser divulgada, conforme §7º do art. 2º da Resolução-TSE nº. 23.600/2019, os anexos no campo especifico, contendo os municípios/localidades do Estado do Tocantins pesquisados nas 06 Regiões, com o detalhamento das amostras associadas às variáveis de cada uma das localidades, sendo sexo, idade, grau de instrução e renda familiar, especificadas em tabelas pelas regiões e municípios."
"28/09/2026";"05:46:54";2026;81;"Eleições Gerais 2026";"TO";"TO";"TOCANTINS";"TO074132026";"2026-03-14 19:04:22";"S";"40453099000100";"LUCRO ATIVO LTDA";"LUCRO ATIVO";"Governador, Senador, Deputado Federal, Deputado Estadual";"2026-03-14 00:00:00";"2026-03-19 00:00:00";"2026-03-20 00:00:00";800;"8954";"Galttieri ferreira Tavares";"5000,00";"Pesquisa com metodologia quantitativa, com a realização de entrevistas pessoais utilizando questionário estruturado junto a uma amostra representativa do eleitorado do município de PALMAS-TO.";"A amostra será representativa dos eleitores das áreas pesquisadas e será selecionada em duas etapas. Na primeira etapa realiza-se um sorteio probabilístico das localidades onde as entrevistas serão realizadas através do método PPT (Probabilidade Proporcional ao Tamanho), considerando a população com 16 anos ou mais residente nas localidades como base para essa seleção. Na segunda etapa, a seleção do entrevistado dentro da localidade será feita utilizando-se quotas amostrais proporcionais, em função das seguintes variáveis: Gênero: Masculino (46.8%); Feminino (53.2%); ; Faixa etária: De 16 a 20 anos: (6.8%); Entre 21 e 24 anos: (8.4%); Entre 25 e 34 anos: (23.0%); Entre 35 e 44 anos: (23.2%); 45 a 59 anos: (25.4%); Com 60 anos ou mais: (13.2%); ; ESCOLARIDADE: De analfabeto até ensino fundamental completo (Contêm eleitores que apenas Lê e escrevem, Analfabetos e que cursaram Ensino Fundamental Incompleto e Completo): 17,8%; Ensino médio incompleto ou completo: 51,3%; Ensino superior incompleto ou completo: 30,9% ; RENDA DOMICILIAR MENSAL: Sem rendimento: (0,45%); Até 1 Salário Minimo: (26,76%); Mais de 1 a 2 salários mínimos: (30,18%); Mais de 2 a 5 salários mínimos: (29,99%); Mais de 5 a 10 salários mínimos: (7,76%); Mais de 10 salários mínimos: (4,87%). . Está prevista eventual ponderação para correção das variáveis gênero e faixa etária, com base nos percentuais acima apresentados, caso ocorram diferenças superiores a 4,5 (quatro vírgula cinco) pontos percentuais entre o previsto na amostra e a coleta realizada, para as variáveis escolaridade e renda domiciliar mensal, o fator de ponderação é igual a 1 (resultados obtidos no campo). O nível de confiança estimado é de 95% (noventa e cinco por cento) para uma margem de erro estimada, considerando uma técnica de amostragem aleatória simples, de aproximadamente 3.4 pontos percentuais para mais ou para menos sobre os resultados obtidos. Fonte de Dados: TSE - fevereiro/2026 e dados do IBGE.";"As entrevistas serão realizadas por uma equipe de entrevistadores e supervisores devidamente qualificada pelo Instituto, com experiência e treinamento em pesquisas de opinião pública. No decorrer do trabalho de coleta de dados, os questionários aplicados, serão auditados em no mínimo 20% (vinte por cento) para verificação quanto ao cuidado na sua aplicação, bem como a adequação do entrevistado às variáveis das quotas amostrais.";"Na ausência de delimitação do bairro, será identificada a área em que foi realizada a pesquisa (conforme §7º do art. 2º da Resolução-TSE nº 23.600/2019). A partir do dia em que a pesquisa puder ser divulgada e até o dia seguinte, o registro deverá ser complementado, sob pena de ser a pesquisa considerada não registrada; na ausência de delimitação do bairro, será identificada a área em que foi realizada."
"28/09/2026";"05:46:54";2026;81;"Eleições Gerais 2026";"TO";"TO";"TOCANTINS";"TO092382026";"2026-09-26 21:20:46";"N";"03084715000168";"M P P DOS SANTOS";"IPEX INSTITUTO DE PESQUISA EXECUTIVA";"Governador, Senador";"2026-09-26 00:00:00";"2026-09-30 00:00:00";"2026-10-02 00:00:00";1067;"8954";"GALTTIERI FERREIRA TAVARES";"18000,00";"Identificar, através de entrevistas diretas junto ao eleitorado, as intenções de voto dos eleitores do Tocantins, com relação aos candidatos ao Governo e ao Senado para o Estado. Busca-se aferir, também, de forma espontânea e estimulada a aceitação e/ou rejeição dos candidatos postulantes aos cargos.";"Realização de entrevistas diretas, mediante aplicação de questionários estruturados na zona urbana de 38 municípios pertencentes às 11 Regiões Geográficas definidas pelo Instituto Brasileiro de Geografia e Estatística ¿ IBGE (2017) para o estado do Tocantins. A distribuição dos questionários observou o percentual de eleitores de cada Região em relação ao total do estado, conforme dados do TSE atualizados em 01/09/2026. A amostra total é de 1.067 entrevistas, tendo como referência o eleitorado estadual de 1.182.768 eleitores. Os municípios e respectivos questionários são: Araguaína: Araguaína (139), Xambioá (13), Ananás (13), Wanderlândia (13), Nova Olinda (13), Goiatins (15); Araguatins: Araguatins (32), São Miguel do Tocantins (20), Sítio Novo do Tocantins (18), Augustinópolis (24); Colinas do Tocantins: Colinas (27), Palmeirante (10), Itacajá (10); Dianópolis: Dianópolis (26), Taguatinga (18), Arraias (16); Guaraí: Guaraí (27), Colmeia (16), Pedro Afonso (20); Gurupi: Gurupi (71), Peixe (13), Paranã (15), Formoso do Araguaia (22), Alvorada (12); Miracema do Tocantins: Miracema (20), Miranorte (14); Paraíso do Tocantins: Paraíso (46), Lagoa da Confusão (16), Pium (13), Cristalândia (11); Porto Nacional: Porto Nacional (54), Ponte Alta do Tocantins (14), Natividade (17); Palmas: Palmas (203), Novo Acordo (10), Aparecida do Rio Negro (10); Tocantinópolis: Tocantinópolis (25), Aguiarnópolis (11). A seleção da amostra foi realizada em duas etapas. Na primeira, houve sorteio probabilístico das localidades pelo método PPT (Probabilidade Proporcional ao Tamanho), considerando a população apta a votar. Na segunda, os entrevistados foram selecionados por quotas proporcionais, considerando gênero, faixa etária, escolaridade e renda familiar mensal. GÊNERO: feminino, 50,92%; masculino, 49,08%. FAIXA ETÁRIA: menores de 20 anos, 7,65%; 21 a 24 anos, 8,10%; 25 a 34 anos, 20,37%; 35 a 44 anos, 20,06%; 45 a 59 anos, 24,55%; 60 a 69 anos, 10,49%; 70 anos ou mais, 8,79%. ESCOLARIDADE: analfabetos ou que leem e escrevem, 12,04%; ensino fundamental incompleto ou completo, 23,52%; ensino médio incompleto ou completo, 47,22%; ensino superior incompleto ou completo, 17,20%. RENDA FAMILIAR MENSAL: sem rendimento, 5,28%; até 1/2 salário mínimo, 6,22%; mais de 1/2 a 1 salário mínimo, 14,26%; mais de 1 a 2 salários mínimos, 26,27%; mais de 2 a 5 salários mínimos, 29,98%; mais de 5 a 10 salários mínimos, 11,26%; mais de 10 a 20 salários mínimos, 4,52%; mais de 20 salários mínimos, 2,22%. Os quantitativos por subgrupo serão detalhados no Plano Amostral, juntamente com bairros e setores de coleta. Está prevista ponderação para correção das variáveis gênero e faixa etária caso sejam observadas diferenças superiores a 4,5 pontos percentuais entre o previsto e o coletado. Para escolaridade e renda domiciliar mensal, o fator de ponderação será igual a 1, utilizando os resultados obtidos em campo. O nível de confiança estimado é de 95%, com margem de erro de aproximadamente 3,5 pontos percentuais para mais ou para menos, considerando técnica de amostragem aleatória simples. FONTES DOS DADOS: percentuais de gênero, faixa etária e escolaridade: Tribunal Superior Eleitoral ¿ TSE, base de agosto, atualizada em 01/09/2026, disponível em sig.tse.jus.br. Dados populacionais: Censo Demográfico 2022, realizado pelo IBGE, disponível em cidades.ibge.gov.br. Para renda, devido à ausência de atualização dessa variável pelo Censo 2022, foram utilizados dados do Censo Demográfico 2010, também disponibilizados pelo IBGE.";"As entrevistas serão realizadas por uma equipe de entrevistadores e supervisores devidamente qualificada pelo Instituto, com experiência e treinamento em pesquisas de opinião pública. No decorrer do trabalho de coleta de dados, os questionários aplicados serão auditados em no mínimo 20% (vinte por cento) para verificação quanto ao cuidado na sua aplicação, bem como a adequação do entrevistado às variáveis das quotas amostrais.";"A pesquisa será realizada em 38 municípios de 11 regiões geográficas do estado do Tocantins, tendo a relação dos dados relativos aos bairros abrangidos pela pesquisa ou a descrição da área em que a mesma será realizada complementada até o dia seguinte à data a partir da qual a pesquisa puder ser divulgada, conforme §7º do art. 2º da Resolução-TSE nº. 23.600/2019."
"28/09/2026";"05:46:54";2026;81;"Eleições Gerais 2026";"TO";"TO";"TOCANTINS";"TO090592026";"2026-09-15 00:15:46";"S";"09597283000175";"W S EDITORA GIRASSOL LTDA";"JORNAL O GIRASSOL";"Governador, Senador";"2026-09-15 00:00:00";"2026-09-17 00:00:00";"2026-09-21 00:00:00";1200;"6892";"JOAO SOARES DE ARAUJO NETO";"19500,00";"Objetivo: Avaliar a intenção de voto dos eleitores, em 29 municípios do Estado, obedecendo a
distribuição geográfica da população por Regiões Geográficas do Estado do Tocantins. Tendo por
parâmetro, o quantitativo do número de habitantes e eleitores, na escolha dos municípios.
Procurar identificar e quantificar a intenção de voto do eleitorado do Estado do Tocantins, com
relação aos candidatos ao Governo do Estado e Senado Federal, através de entrevistas diretas junto
ao eleitorado. Essas terão por objetivo, identificar de forma estimulada e espontânea, a aceitação
e/ou rejeição dos candidatos postulantes aos cargos eletivos.
I.2) Procedimentos para a realização da Pesquisa: Aplicação de entrevistas diretas junto ao
eleitorado dos 29 municípios de 6 regiões (Bico do Papagaio, Norte, Central, Sudeste, Vale do
Araguaia e Sul), que abrangem o Estado do Tocantins. Aplicando-se questionários estruturados nos
domicílios, estabelecimentos comerciais e de serviços e áreas públicas, na zona urbana dos
municípios. Para cada domicílio e/ou estabelecimento comercial/serviços, será realizada uma única
entrevista. A seleção das entrevistas utilizará o critério de aleatoriedade no sorteio das unidades que
irão compor o painel amostral, tendo por objetivo minimizar a tendenciosidade e os possíveis viés,
que são passíveis de ocorrerem neste tipo de pesquisa. O número de questionários aplicados, terá
por base uma amostra significativa e representativa do eleitorado cadastrado nestes municípios,
tendo por base o número de eleitores informado pelo TSE referente ao Estado do Tocantins, tendo
por referência o mês de agosto do ano corrente.
I.3) Abrangência Geográfica:
I.3.1) Região do Bico do Papagaio, representada pelos municípios de: -Araguatins, Augustinópolis, Tocantinópolis e Sítio Novo;
I.3.2) Região Norte, representada pelos municípios de: -Araguaína, Colinas do Tocantins, Guaraí e Nova Olinda;
I.3.3) Região Central, representada pelos municípios de: - Barrolândia, Miracema do Tocantins, Miranorte, Palmas e Porto Nacional;
I.3.4) Região Sudeste, representada pelos municípios de: -Almas, Arraias, Dianópolis, Natividade e Taguatinga;
I.3.5) Região Vale do Araguaia, representada pelos municípios de: -Cristalândia, Divinópolis, Lagoa da Confusão; Paraíso e Pium;
I.3.6) Região Sul, representada pelos municípios de: -Araguaçu, Alvorada, Figueirópolis, Formoso do Araguaia, Gurupi e Peixe.
O número de entrevistas realizado em cada Região, terá por base o Cadastro do TSE/TO referente a
cada município a ser pesquisado, tendo por referência o mês de agosto de 2026. As entrevistas
serão realizadas majoritariamente nos domicílios (90%), e o restante nos estabelecimentos
comerciais/serviços e áreas de circulação públicas.
I.4) Os dados que permitirão a caracterização do perfil do eleitorado para o dimensionamento da
amostra, tiveram como base de referência, as informações do cadastro de eleitores do TSE/TO
referente a agosto/2026, para identificação do número de eleitores, por sexo, faixa etária, grau de
instrução e o Censo Populacional de 2010 do IBGE, para identificar a classe de rendimentos por
domicílios(Publicação IBGE Cidades).
Com base no banco de dados do TSE/TO, registrado em agosto/2026, o total de eleitores no
Estado corresponde a 1.182.768.
A amostra da população entrevistada corresponderá a um percentual robusto e significativo, que
permita a realização de inferência para o restante dos demais municípios, que não foram abrangidos
pela Pesquisa.";"Descrição: Foi elaborado utilizando-se o critério de AAS (Amostragem Aleatória Simples) para o
cálculo do tamanho da amostra de uma população finita, considerando para as variáveis p(sucesso)
e q(não sucesso) para a obtenção ou não de votos junto ao eleitorado. Tendo por objetivo o
dimensionamento de uma amostra confiável e significativa para a descrição do fenômeno objeto de
avaliação. Minimizando a probabilidade de ocorrência de erros e a consequente obtenção de uma
amostra representativa em relação a população componente do universo pesquisado. A pesquisa foi
dimensionada para uma amostra com Margem de Confiança de 95% e Erro Amostral de 2,9 pontos
percentuais para mais ou para menos, totalizando 1200 questionários.
II.2) Distribuição dos questionários por Regiões/municípios e cotas (sexo, faixa etária, grau de
instrução e renda domiciliar):
Os questionários foram distribuídos pelas Regiões da seguinte forma:
II.2.1) Região do Bico do Papagaio: 11%.
Nº de Questionários:132
II.2.2) Região Norte: 23%.
Nº de Questionários:276
II.2.3) Região Central: 37%.
Nº de Questionários:444
II.2.4) Região Sudeste: 7%.
Nº de Questionários:84
II.2.5) Região Vale do Araguaia: 9%.
Nº de Questionários:108
II.2.6) Região Sul: 13%.
Nº de Questionários:156
II.3.1) Por Sexo: Masculino e Feminino;
II.3.2) Por Faixa Etária (anos): 16 a 20, 21 a 24, 25 a 34, 35 a 44, 45 a 59, 60 a 69 e 70 anos ou mais;
II.3.3) Por Grau de Instrução: Analfabeto, Fundamental Incompleto juntamente com Lê/Escreve,
Fundamental Completo, Médio Incompleto, Médio Completo, Superior Incompleto e Superior
Completo.
II.3.4) Renda Domiciliar (Sal. Mínimo): Sem rendimentos, Até ½, Mais de ½ a 1, Mais de 1 a 2, Mais
de 2 a 5, Mais de 5 a 10, Mais de 10.
OBS.: As informações referentes aos itens II.3.1 a II.3.4, estão especificadas em quadros anexos
assinados digitalmente.";"Obedecerá aos seguintes critérios:
III.1) Seleção aleatória de alguns setores pesquisados, havendo posterior visita de supervisores de
campo do instituto, para avaliação da qualidade das informações coletadas;
III.2) Visita a 10% dos domicílios do local selecionado, para confirmação da veracidade das
informações coletadas;
III.3) Acompanhamento de algumas entrevistas por parte do supervisor, para observar se o
pesquisador está influenciando, ainda que de forma indireta na resposta do entrevistado,
comprometendo assim, a qualidade da entrevista e consequentemente o resultado da Pesquisa.
III.4) Utilização de fatores de ponderação para ajustes na amostra coletada, com base na amostra
prevista. Caso ocorram distorções significativas, entre os quantitativos obtidos na coleta de
determinada variável e o determinado no dimensionamento da amostra.
Exemplo:
III.4.1) Ponderação por sexo e idade: Ocorrendo diferença superior a 5 pontos percentuais, entre o
previsto no cálculo do dimensionamento da amostra e, o coletado no campo;
III.4.2) Grau de Instrução e Renda Domiciliar: Ocorrendo a mesma situação de diferença superior a 5
pontos percentuais, na coleta dessas variáveis, será utilizado fator de ponderação igual a um.
Correspondente aos valores obtidos na coleta de campo.
III..5) Na ausência de delimitação de bairros nos municípios pesquisados, serão identificadas as áreas
em que foram realizadas as entrevistas para coleta de dados. Essas informações serão
disponibilizadas no prazo estabelecido e regulamentado pelo TSE. Obedecendo a regulação do TSE.
Conforme o parágrafo 7 do artigo 2 da resolução TSE, número 23.600/2019";"Região do Bico do Papagaio, representada pelos municípios de: -Araguatins, Augustinópolis, Tocantinópolis e Sítio Novo; I.3.2) Região Norte, representada pelos municípios de: -Araguaína, Colinas do Tocantins, Guaraí e Nova Olinda; I.3.3) Região Central, representada pelos municípios de: - Barrolândia, Miracema do Tocantins, Miranorte, Palmas e Porto Nacional; I.3.4) Região Sudeste, representada pelos municípios de: -Almas, Arraias, Dianópolis, Natividade e Taguatinga; I.3.5) Região Vale do Araguaia, representada pelos municípios de: -Cristalândia, Divinópolis, Lagoa da Confusão; Paraíso e Pium; I.3.6) Região Sul, representada pelos municípios de: -Araguaçu, Alvorada, Figueirópolis, Formoso do Araguaia, Gurupi e Peixe."
"28/09/2026";"05:46:54";2026;81;"Eleições Gerais 2026";"TO";"TO";"TOCANTINS";"TO017752026";"2026-09-27 04:16:00";"S";"19259002000128";"ATLASINTEL TECNOLOGIA DE DADOS LTDA";"ATLASINTEL";"Governador, Senador";"2026-09-27 00:00:00";"2026-10-02 00:00:00";"2026-10-03 00:00:00";800;"11220";"ANDREI CAMILO DOS SANTOS";"75000,00";"Pesquisa quantitativa com coleta aleatória via questionário estruturado web e pós-estratificação da amostra de acordo com as características do eleitorado de Tocantins.";"Amostra aleatória pós-estratificada via algoritmo iterativo com quotas proporcionais, representando as características do eleitorado de Tocantins:
SEXO: Masculino: 49.1%; Feminino: 50.9%.
FAIXA ETÁRIA: Entre 16 a 24 anos: 15.7%; Entre 25 a 34 anos: 20.4%; Entre 35 a 44 anos: 20.1%; Entre 45 a 59 anos: 24.6%; 60 ou mais: 19.3%.
ESCOLARIDADE: Até Ensino Médio completo ou incompleto (inclui Ensino Fundamental completo/incompleto e pessoas sem instrução): 71.2%; Ensino Superior completo ou incompleto: 28.8%.
NÍVEL ECONÔMICO: Renda familiar mensal até R$ 2.000: 18.1%; de R$ 2.000 a R$ 3.000: 11.2%; de R$ 3.000 a R$ 5.000: 29.5%; de R$ 5.000 a R$ 10.000: 25.5%; mais de R$ 10.000: 15.6%.
OBS.: devido ao arredondamento, a soma dos percentuais pode variar de 99% a 101%. Na agregação final, para cada variável de ponderação, serão admissíveis desvios de até 3 pontos percentuais em relação às quotas estipuladas. Confiança estimada: 95%, margem de erro: +/- 3.0 pontos percentuais. FONTE DOS DADOS: PNADC 2026 para escolaridade | PNADC 2025 para renda | TSE 2026 para sexo e faixa etária.";"Coleta feita com a utilização de questionário eletrônico com procedimentos específicos para o armazenamento seguro dos dados. São checados manualmente no mínimo 15% dos questionários para detectar possíveis anomalias. Pesquisadores especializados realizam internamente uma verificação exaustiva da consistência dos dados antes da divulgação dos resultados finais.";"#NULO#"
"28/09/2026";"05:46:54";2026;81;"Eleições Gerais 2026";"TO";"TO";"TOCANTINS";"TO022512026";"2026-01-26 09:32:24";"S";"40453099000100";"LUCRO ATIVO LTDA";"LUCRO ATIVO";"Governador, Senador, Deputado Federal, Deputado Estadual";"2026-01-23 00:00:00";"2026-01-27 00:00:00";"2026-02-01 00:00:00";1600;"8954";"Galttieri ferreira Tavares ";"15000,00";"Pesquisa com metodologia quantitativa, com a realização de entrevistas pessoais utilizando questionário estruturado junto a uma amostra representativa do eleitorado do Estado do Tocantins.";"A amostra será representativa dos eleitores das áreas pesquisadas e será selecionada em duas etapas. Na primeira etapa realiza-se um sorteio probabilístico das localidades onde as entrevistas serão realizadas através do método PPT (Probabilidade Proporcional ao Tamanho), considerando a população com 16 anos ou mais residente nas localidades como base para essa seleção. Na segunda etapa, a seleção do entrevistado dentro da localidade será feita utilizando-se quotas amostrais proporcionais, em função das seguintes variáveis: Gênero: Masculino (49.0%); Feminino (51.0%); ; Faixa etária: De 16 a 20 anos: (7.4%); Entre 21 e 24 anos: (8.1%); Entre 25 e 34 anos: (20.6%); Entre 35 e 44 anos: (20.4%); 45 a 59 anos: (24.5%); Com 60 anos ou mais: (18.8%); ; ESCOLARIDADE: De analfabeto até ensino fundamental completo (Contêm eleitores que apenas Lê e escrevem, Analfabetos e que cursaram Ensino Fundamental Incompleto e Completo): 36,4%; Ensino médio incompleto ou completo: 46,5%; Ensino superior incompleto ou completo: 17,1% ; RENDA DOMICILIAR MENSAL: Sem rendimento: (1,84%); Até 1 Salário Minimo: (66,23%); Mais de 1 a 2 salários mínimos: (19,66%); Mais de 2 a 5 salários mínimos: (9,69%); Mais de 5 a 10 salários mínimos: (1,99%); Mais de 10 salários mínimos: (0,60%). . Está prevista eventual ponderação para correção das variáveis gênero e faixa etária, com base nos percentuais acima apresentados, caso ocorram diferenças superiores a 4,5 (quatro vírgula cinco) pontos percentuais entre o previsto na amostra e a coleta realizada, para as variáveis escolaridade e renda domiciliar mensal, o fator de ponderação é igual a 1 (resultados obtidos no campo). O nível de confiança estimado é de 95% (noventa e cinco por cento) para uma margem de erro estimada, considerando uma técnica de amostragem aleatória simples, de aproximadamente 3 pontos percentuais para mais ou para menos sobre os resultados obtidos. Fonte de Dados: TSE - Dezembro/2025 e dados do IBGE.";"As entrevistas serão realizadas por uma equipe de entrevistadores e supervisores devidamente qualificada pelo Instituto, com experiência e treinamento em pesquisas de opinião pública. No decorrer do trabalho de coleta de dados, os questionários aplicados, serão auditados em no mínimo 20% (vinte por cento) para verificação quanto ao cuidado na sua aplicação, bem como a adequação do entrevistado às variáveis das quotas amostrais.";"Na ausência de delimitação do bairro, será identificada a área em que foi realizada a pesquisa (conforme §7º do art. 2º da Resolução-TSE nº 23.600/2019). A partir do dia em que a pesquisa puder ser divulgada e até o dia seguinte, o registro deverá ser complementado, sob pena de ser a pesquisa considerada não registrada; na ausência de delimitação do bairro, será identificada a área em que foi realizada."
"28/09/2026";"05:46:54";2026;81;"Eleições Gerais 2026";"TO";"TO";"TOCANTINS";"TO085782026";"2026-09-09 19:34:15";"N";"81908345000140";"INSTITUTO PARANA DE PESQUISAS E ANALISE DE CONSUMIDOR LTDA";"#NULO#";"Governador, Senador";"2026-09-12 00:00:00";"2026-09-14 00:00:00";"2026-09-15 00:00:00";1504;"10245 - 4ª";"Tatiani Cristina Ara";"105000,00";"Pesquisa com metodologia quantitativa, com a realização de entrevistas pessoais, domiciliares e presenciais, utilizando questionário estruturado junto a uma amostra representativa do eleitorado do Estado do Tocantins.

";"""A amostra será representativa do eleitorado da área pesquisada e será selecionada em três etapas. Na primeira etapa realiza-se um sorteio probabilístico dos municípios onde as entrevistas serão realizadas através do método PPT (Probabilidade Proporcional ao Tamanho), considerando a população eleitora com 16 anos ou mais residente nos municípios como base para essa seleção. Na segunda etapa, faz-se um sorteio probabilístico das localidades, onde as entrevistas serão realizadas, através do método PPT (Probabilidade Proporcional ao Tamanho), tomando a população eleitora de 16 anos ou mais residente nas localidades como base para essa seleção. Na terceira etapa, a seleção do entrevistado dentro da localidade, será feita utilizando-se quotas amostrais proporcionais, em função das seguintes variáveis:
GÊNERO: TSE Agosto 2026 (https://sig.tse.jus.br/ords/dwapr/r/seai/sig-eleitor-eleitorado-mensal/cruzamento-eleitorado-mensal?p24_metricas=E&p24_back=22&p24_cruzamento_1=ds_sexo&clear=24&p0_uf=TO&p0_mes=8&debug=LEVEL5&session=312990078978641)
Masculino - 49%; |
Feminino - 51%; |
FAIXA ETÁRIA: TSE Agosto 2026 (https://sig.tse.jus.br/ords/dwapr/r/seai/sig-eleitor-eleitorado-mensal/cruzamento-eleitorado-mensal?p24_cruzamento_1=ds_faixa_etaria&p24_metricas=E&p24_back=22&clear=24&p0_uf=TO&p0_mes=8&debug=LEVEL5&session=8904950028837)
Entre 16 e 24 anos: 16%; |
Entre 25 e 34 anos: 20%; |
Entre 35 e 44 anos: 20%; |
Entre 45 e 59 anos: 25%; |
Com 60 anos ou mais: 19%; |
ESCOLARIDADE: TSE Agosto 2026 (https://sig.tse.jus.br/ords/dwapr/r/seai/sig-eleitor-eleitorado-mensal/cruzamento-eleitorado-mensal?p24_cruzamento_1=ds_grau_instrucao&p24_metricas=E&p24_back=22&clear=24&p0_uf=TO&p0_mes=8&debug=LEVEL5&session=309383598034615) Observação: Conforme informações obtidas no site do Tribunal Superior Eleitoral, o TSE, (https://dadosabertos.tse.jus.br/group/about/eleitorado) """"Os registros de grau de escolaridade podem apresentar dados defasados, pois refletem a situação do eleitor na ocasião do cadastramento.""""
De analfabeto até ensino fundamental completo: 36%; |
Ensino médio incompleto ou completo: 47% |
Ensino superior incompleto ou completo: 17% |
RENDA DOMICILIAR MENSAL: (https://cidades.ibge.gov.br/brasil/to/pesquisa/23/24304) IBGE - Censo 2010. Observação: Conforme informações obtidas do Instituto Brasileiro de Geografia e Estatística, o IBGE, não divulgou - e não tem previsão - de data para divulgação do perfil econômico (nível econômico) da população brasileira; portanto, os dados quanto ao nível econômico obtidos no Censo 2022, não podem ser utilizados, pois não foram publicados. (https://censo2022.ibge.gov.br/panorama/)
Sem rendimentos até 2 salários mínimos: 58% |
Mais de 2 a 5 salários mínimos: 27% |
Mais de 5 salários mínimos: 15% |
Está prevista eventual ponderação para correção das variáveis gênero e faixa etária, com base nos percentuais acima apresentados, caso ocorram diferenças superiores a 3,0 (três) pontos percentuais entre o previsto na amostra e a coleta realizada; para as variáveis escolaridade e renda domiciliar mensal, o fator de ponderação é igual a 1 (resultados obtidos no campo). O nível de confiança estimado é de 95% (noventa e cinco por cento) para uma margem de erro estimada, considerando uma técnica de amostragem aleatória simples, de aproximadamente 2,6 (dois vírgula seis) pontos percentuais para mais ou para menos sobre os resultados obtidos.""




";"""As entrevistas serão conduzidas por uma equipe de entrevistadores e supervisores devidamente qualificados pelo Instituto Paraná Pesquisas, todos com experiência e treinamento específico em pesquisas de opinião pública.
Controle: O controle do processo será realizado por meio de um software de coleta de dados.
Conferência e Fiscalização: Durante a coleta de dados os questionários aplicados são fiscalizados e conferidos através de um supervisor.
Adicionalmente, pelo menos 30% dos questionários passarão por uma verificação posterior, que avaliará a precisão na aplicação e a adequação dos entrevistados às variáveis das quotas amostrais. Ou seja, no mínimo 452 entrevistas desta pesquisa serão auditadas pela equipe de qualidade do Instituto Paraná Pesquisas, podendo essa auditoria ser solicitada ao Instituto a qualquer momento.
Verificação: Após a coleta, os questionários passam por uma etapa de verificação e validação dos dados, para garantir a integridade e precisão dos dados coletados.""




";"""A pesquisa será realizada no Estado do Tocantins, a relação dos dados relativos aos municípios e às localidades será apresentado até o dia seguinte à data a partir da qual a pesquisa puder ser divulgada, conforme §7º do art. 2º da Resolução-TSE nº. 23.600/2019""



"
"28/09/2026";"05:46:54";2026;81;"Eleições Gerais 2026";"TO";"TO";"TOCANTINS";"TO079612026";"2026-09-20 20:15:20";"N";"00654576000172";"INSTITUTO VERITA LTDA";"VERITA";"Governador, Senador";"2026-09-21 00:00:00";"2026-09-25 00:00:00";"2026-09-26 00:00:00";1220;"10699";"Guilherme Alvarenga Laia";"37037,04";"Estudo quantitativo voltado às Eleições 2026, realizado por meio de entrevistas individuais, aplicadas mediante questionário eletrônico estruturado e Unidade Automatizada de Respostas Audíveis e Auditáveis, por meio de ligações para telefones móveis (celulares). A inteligência artificial é empregada exclusivamente para a transcrição automatizada das respostas em áudio, não interferindo na formulação das perguntas, na condução das entrevistas, na coleta das informações, na interpretação das respostas ou no tratamento estatístico dos dados.

A participação dos eleitores é voluntária, espontânea e não remunerada. As respostas são prestadas por autodeclaração, sendo, em sua maioria, registradas por meio de códigos numéricos correspondentes às alternativas previamente definidas no questionário.

A utilização de sistema eletrônico automatizado para a coleta e o registro das respostas proporciona elevado nível de padronização operacional, reduz a possibilidade de interferência humana durante a realização das entrevistas, amplia a rastreabilidade e a auditabilidade de todo o processo de coleta e contribui para maior precisão, consistência e confiabilidade dos dados obtidos.

O plano amostral foi elaborado para assegurar a representatividade estatística do eleitorado da respectiva Unidade da Federação, observando critérios técnicos de seleção, distribuição e ponderação da amostra, quando aplicáveis.";"A pesquisa foi planejada para produzir uma amostra estatisticamente representativa do eleitorado do estado DO TOCANTINS, utilizando o método de Probabilidade Proporcional ao Tamanho (PPT), com plano amostral em múltiplos estágios. Na primeira etapa, esta Unidade da Federação é dividida em macrorregiões, de forma a assegurar adequada distribuição territorial da amostra e representação das diferentes características geográficas, demográficas e eleitorais. Na segunda etapa, os municípios de cada estrato são ordenados segundo seu porte populacional e eleitoral e sorteados. Na terceira etapa, os respondentes são selecionados entre os eleitores aptos residentes nos municípios sorteados, observando-se a distribuição proporcional da amostra e as cotas estabelecidas para as variáveis de sexo, faixa etária, grau de instrução e nível econômico. As cotas são estabelecidas para a pesquisa completa, considerando a composição do eleitorado e os parâmetros oficiais de referência, não sendo aplicadas isoladamente a cada município selecionado.

SEXO E FAIXA ETÁRIA - Fonte: Tribunal Superior Eleitoral (TSE), Perfil do Eleitorado, junho de 2026. Feminino de 16 a 34 anos: 18,8%; Masculino de 16 a 34 anos: 17,9%; Feminino de 35 a 54 anos: 19,2%; Masculino de 35 a 54 anos: 18,3%; Feminino com 55 anos ou mais: 12,9%; Masculino com 55 anos ou mais: 12,9%. Os parâmetros de sexo e idade têm como referência o cadastro eleitoral brasileiro atualizado pelo Tribunal Superior Eleitoral, considerando o universo de eleitores aptos com 16 anos ou mais.

GRAU DE INSTRUÇÃO - Fonte: IBGE - PNAD Contínua Anual 2025. A distribuição é: sem instrução 6,3%; ensino fundamental incompleto ou equivalente 21,9%; ensino fundamental completo ou equivalente 7,7%; ensino médio incompleto ou equivalente 9,6%; ensino médio completo ou equivalente 30,4%; ensino superior incompleto ou equivalente 6,7%; ensino superior completo 17,3%. Para não confundir os respondentes as faixas de escolaridade no questionário foram agrupadas em 3 faixas: até ensino fundamental incompleto e completo, ensino médio incompleto e completo e superior incompleto, completo ou mais. A PNAD Contínua é utilizada como referência por constituir a fonte oficial mais atualizada para a mensuração do nível de instrução da população brasileira, sua utilização também corrige limitações decorrentes da ausência de atualização obrigatória e contínua das informações de escolaridade no cadastro eleitoral do Tribunal Superior Eleitoral.

NÍVEL ECONÔMICO - RENDA FAMILIAR DO DOMICÍLIO - Fonte: IBGE - PNAD Contínua Anual 2025. Considera-se a renda domiciliar total, compreendendo rendimentos provenientes de trabalho formal e informal, aposentadorias, pensões, benefícios sociais e demais fontes de renda existentes no domicílio. observando-se a seguinte distribuição: renda familiar de até 2 salários-mínimos 43,9%; de 2 a 5 salários-mínimos 37,9%, acima de 5 salários-mínimos 18,2%.

PONDERAÇÃO E CALIBRAÇÃO DA AMOSTRA - Prevê-se eventual ponderação das variáveis de sexo, faixa etária, grau de instrução e nível econômico, caso sejam verificadas diferenças relevantes entre a distribuição da amostra efetivamente coletada e os parâmetros populacionais de referência adotados. Inicialmente, o fator de ponderação é igual a 1 (um), podendo ser recalculado sempre que necessário para assegurar a representatividade estatística da amostra.
INTERVALO DE CONFIANÇA E MARGEM DE ERRO - O intervalo de confiança adotado é de 95%, com margem máxima estimada de erro de aproximadamente 3 pontos percentuais, para mais ou para menos, sobre os resultados do total da amostra, calculada segundo o modelo de amostragem aleatória simples e a hipótese de máxima variabilidade.";"Após os trabalhos de coleta de dados, os questionários são submetidos a uma fiscalização, conferência e checagem de cerca de 20% (vinte por cento) dos questionários aplicados. Todas as entrevistas são integralmente registradas em áudio, permanecendo auditáveis e rastreáveis, permitindo a verificação da integridade do processo de coleta, preservado o sigilo das informações pessoais dos entrevistados e observadas as disposições da Lei Geral de Proteção de Dados Pessoais (Lei nº 13.709/2018).";"Em observância ao art. 2º, § 7º, da Resolução TSE nº 23.600/2019, com redação dada pela Resolução TSE nº 23.747/2026, a presente pesquisa terá seu registro complementado no Sistema de Registro de Pesquisas Eleitorais a partir da data em que sua divulgação for permitida e até o dia seguinte, com a identificação dos municípios em que foram realizadas as entrevistas, bem como da composição final da amostra quanto a gênero, idade, grau de instrução e nível econômico, na forma exigida pela legislação eleitoral vigente."
"28/09/2026";"05:46:54";2026;81;"Eleições Gerais 2026";"TO";"TO";"TOCANTINS";"TO073172026";"2026-06-18 16:03:26";"N";"81908345000140";"INSTITUTO PARANA DE PESQUISAS E ANALISE DE CONSUMIDOR LTDA";"#NULO#";"Governador, Senador";"2026-06-20 00:00:00";"2026-06-22 00:00:00";"2026-06-24 00:00:00";1340;"10245 - 4ª Região";"Tatiani Cristina Ara";"45000,00";"Pesquisa com metodologia quantitativa, com a realização de entrevistas pessoais, domiciliares e presenciais, utilizando questionário estruturado junto a uma amostra representativa do eleitorado do Estado do Tocantins.


";"""A amostra será representativa do eleitorado da área pesquisada e será selecionada em três etapas. Na primeira etapa realiza-se um sorteio probabilístico dos municípios onde as entrevistas serão realizadas através do método PPT (Probabilidade Proporcional ao Tamanho), considerando a população eleitora com 16 anos ou mais residente nos municípios como base para essa seleção. Na segunda etapa, faz-se um sorteio probabilístico das localidades, onde as entrevistas serão realizadas, através do método PPT (Probabilidade Proporcional ao Tamanho), tomando a população eleitora de 16 anos ou mais residente nas localidades como base para essa seleção. Na terceira etapa, a seleção do entrevistado dentro da localidade, será feita utilizando-se quotas amostrais proporcionais, em função das seguintes variáveis:
GÊNERO: TSE Maio 2026 (https://sig.tse.jus.br/ords/dwapr/r/seai/sig-eleitor-eleitorado-mensal/cruzamento-eleitorado-mensal?p24_metricas=E&p24_back=22&p24_cruzamento_1=ds_sexo&clear=24&p0_uf=TO&p0_mes=5&debug=LEVEL5&session=312990078978641)
Masculino - 49%; |
Feminino - 51%; |
FAIXA ETÁRIA: TSE Maio 2026 (https://sig.tse.jus.br/ords/dwapr/r/seai/sig-eleitor-eleitorado-mensal/cruzamento-eleitorado-mensal?p24_cruzamento_1=ds_faixa_etaria&p24_metricas=E&p24_back=22&clear=24&p0_uf=TO&p0_mes=5&debug=LEVEL5&session=8904950028837)
Entre 16 e 24 anos: 17%; |
Entre 25 e 34 anos: 20%; |
Entre 35 e 44 anos: 20%; |
Entre 45 e 59 anos: 24%; |
Com 60 anos ou mais: 19%; |
ESCOLARIDADE: TSE Maio 2026 (https://sig.tse.jus.br/ords/dwapr/r/seai/sig-eleitor-eleitorado-mensal/cruzamento-eleitorado-mensal?p24_cruzamento_1=ds_grau_instrucao&p24_metricas=E&p24_back=22&clear=24&p0_uf=TO&p0_mes=5&debug=LEVEL5&session=309383598034615)
De analfabeto até ensino fundamental completo: 36%; |
Ensino médio incompleto ou completo: 47% |
Ensino superior incompleto ou completo: 17% |
RENDA DOMICILIAR MENSAL:  (https://cidades.ibge.gov.br/brasil/to/pesquisa/23/24304) IBGE - Censo 2010. Observação: Conforme informações obtidas do Instituto Brasileiro de Geografia e Estatística, o IBGE, não divulgou - e não tem previsão - de data para divulgação do perfil econômico (nível econômico) da população brasileira; portanto, os dados quanto ao nível econômico obtidos no Censo 2022, não podem ser utilizados, pois não foram publicados. (https://censo2022.ibge.gov.br/panorama/)
Sem rendimentos até 2 salários mínimos: 58% |
Mais de 2 a 5 salários mínimos: 27% |
Mais de 5 salários mínimos: 15% |
Está prevista eventual ponderação para correção das variáveis gênero e faixa etária, com base nos percentuais acima apresentados, caso ocorram diferenças superiores a 3,0 (três) pontos percentuais entre o previsto na amostra e a coleta realizada; para as variáveis escolaridade e renda domiciliar mensal, o fator de ponderação é igual a 1 (resultados obtidos no campo). O nível de confiança estimado é de 95% (noventa e cinco por cento) para uma margem de erro estimada, considerando uma técnica de amostragem aleatória simples, de aproximadamente 2,7 (dois vírgula sete) pontos percentuais para mais ou para menos sobre os resultados obtidos.""





";"""As entrevistas serão conduzidas por uma equipe de entrevistadores e supervisores devidamente qualificados pelo Instituto Paraná Pesquisas, todos com experiência e treinamento específico em pesquisas de opinião pública. 
Controle: O controle do processo será realizado por meio de um software de coleta de dados, o qual permitirá o monitoramento garantindo o cumprimento das cotas amostrais.
Conferência e Fiscalização: Durante a coleta de dados os questionários aplicados são fiscalizados e conferidos através de um supervisor.   
Adicionalmente, pelo menos 30% dos questionários passarão por uma verificação posterior, que avaliará a precisão na aplicação e a adequação dos entrevistados às variáveis das quotas amostrais. Ou seja, no mínimo 402 entrevistas desta pesquisa serão auditadas pela equipe de qualidade do Instituto Paraná Pesquisas, podendo essa auditoria ser solicitada ao Instituto a qualquer momento.
Verificação: Após a coleta, os questionários passam por uma etapa de verificação e validação dos dados, para garantir a integridade e precisão dos dados coletados.""





";" ""A pesquisa será realizada no Estado do Tocantins, a relação dos dados relativos aos municípios e às localidades será apresentado até o dia seguinte à data a partir da qual a pesquisa puder ser divulgada, conforme §7º do art. 2º da Resolução-TSE nº. 23.600/2019""





"
"28/09/2026";"05:46:54";2026;81;"Eleições Gerais 2026";"TO";"TO";"TOCANTINS";"TO098102026";"2026-05-04 20:34:30";"S";"40453099000100";"LUCRO ATIVO LTDA";"LUCRO ATIVO";"Governador, Senador, Deputado Federal, Deputado Estadual";"2026-05-05 00:00:00";"2026-05-11 00:00:00";"2026-05-10 00:00:00";800;"8954";"Galttieri ferreira Tavares ";"7000,00";"Pesquisa com metodologia quantitativa, com a realização de entrevistas pessoais utilizando questionário estruturado junto a uma amostra representativa do eleitorado do município de PALMAS.";"A amostra será representativa dos eleitores das áreas pesquisadas e será selecionada em duas etapas. Na primeira etapa realiza-se um sorteio probabilístico das localidades onde as entrevistas serão realizadas através do método PPT (Probabilidade Proporcional ao Tamanho), considerando a população com 16 anos ou mais residente nas localidades como base para essa seleção. Na segunda etapa, a seleção do entrevistado dentro da localidade será feita utilizando-se quotas amostrais proporcionais, em função das seguintes variáveis: Gênero: Masculino (46.76%); Feminino (53.24%); ; Faixa etária: De 16 a 20 anos: (7.38%); Entre 21 e 24 anos: (8.38%); Entre 25 e 34 anos: (22.85%); Entre 35 e 44 anos: (22.96%); 45 a 59 anos: (25.26%); Com 60 anos ou mais: (13.17%); ; ESCOLARIDADE: De analfabeto até ensino fundamental completo (Contêm eleitores que apenas Lê e escrevem, Analfabetos e que cursaram Ensino Fundamental Incompleto e Completo): 17,61%; Ensino médio incompleto ou completo: 51,57%; Ensino superior incompleto ou completo: 30,81% ; RENDA DOMICILIAR MENSAL: Sem rendimento: (0,45%); Até 1 Salário Minimo: (26,76%); Mais de 1 a 2 salários mínimos: (30,18%); Mais de 2 a 5 salários mínimos: (29,99%); Mais de 5 a 10 salários mínimos: (7,76%); Mais de 10 salários mínimos: (4,87%). . Está prevista eventual ponderação para correção das variáveis gênero e faixa etária, com base nos percentuais acima apresentados, caso ocorram diferenças superiores a 4,5 (quatro vírgula cinco) pontos percentuais entre o previsto na amostra e a coleta realizada, para as variáveis escolaridade e renda domiciliar mensal, o fator de ponderação é igual a 1 (resultados obtidos no campo). O nível de confiança estimado é de 95% (noventa e cinco por cento) para uma margem de erro estimada, considerando uma técnica de amostragem aleatória simples, de aproximadamente 3 pontos percentuais para mais ou para menos sobre os resultados obtidos. Fonte de Dados: TSE - ABRIL/202 6 e dados do IBGE.
";"As entrevistas serão realizadas por uma equipe de entrevistadores e supervisores devidamente qualificada pelo Instituto, com experiência e treinamento em pesquisas de opinião pública. No decorrer do trabalho de coleta de dados, os questionários aplicados, serão auditados em no mínimo 20% (vinte por cento) para verificação quanto ao cuidado na sua aplicação, bem como a adequação do entrevistado às variáveis das quotas amostrais.";"Dados relativos aos municípios e bairros abrangidos pela pesquisa. Na ausência de delimitação do bairro, será identificada a área em que foi realizada a pesquisa (conforme §7º do art. 2º da Resolução-TSE nº 23.600/2019). A partir do dia em que a pesquisa puder ser divulgada e até o dia seguinte, o registro deverá ser complementado, sob pena de ser a pesquisa considerada não registrada; na ausência de delimitação do bairro, será identificada a área em que foi realizada."
"28/09/2026";"05:46:54";2026;81;"Eleições Gerais 2026";"TO";"TO";"TOCANTINS";"TO021352026";"2026-03-23 21:27:53";"S";"36938497000130";"INSTITUTO SONDA SERVICOS DE PESQUISA E PUBLICIDADE LTDA";"INSTITUTO SONDA";"Governador, Senador, Deputado Federal, Deputado Estadual";"2026-03-24 00:00:00";"2026-03-26 00:00:00";"2026-03-29 00:00:00";330;"9443-A";"Marcelo Hidemi Uemura";"7000,00";"Pesquisa do tipo quantitativa, com amostragem por quotas representativas do eleitorado (Gênero, faixa etária, escolaridade, renda nominal mensal domiciliar, e bairros) do município de Colinas do Tocantins-TO. (Fonte de dados: TSE e IBGE) para os cargos de governador, senador, deputados federal e estadual, através de questionário estruturado, com questões fechadas, e abrangência por telefone (Call Center), sendo entrevistados no máximo uma pessoa por família, de forma que se possa determinar as verdadeiras intenções do eleitor com relação ao pleito que se aproxima.";"Amostra composta por 330 eleitores. Cada Estrato proporcional ao tamanho do Universo de eleitores do Município. Foram divididos da seguinte maneira: Gênero: Feminino: 53,33%; Masculino: 46,67%. Faixa Etária: 16 a 24 anos: 18,48%; 25 a 34 anos: 20,00%; 35 a 44 anos: 20,00%; 45 a 59 anos: 23,64%; Mais de 60 anos: 17,88%. Grau de Instrução: Analfabeto / Lê e escreve: 13,03%; Ensino Fundamental Incompleto / Completo: 25,76%; Ensino Médio Incompleto / Completo: 43,64%; Ensino Superior Incompleto / Completo: 17,57%. Renda Nominal Mensal Domiciliar: Até 2 Salários Mínimos: 52,42%; De 2 a 5 Salários Mínimos: 29,09%; Mais de 5 Salários Mínimos: 18,49%. Fonte de dados: TSE: Fevereiro/2026 (Gênero, faixa etária e Grau de Instrução) e IBGE: Censo Demográfico 2010 (Renda Nominal Mensal Domiciliar, última atualização foi em 2010), e Censo Demográfico 2022 (Bairros). Margem de erro 5,4% para mais ou para menos, considerando um nível de confiança de 95,0%. Há a previsão para eventual ponderação para correção nos tamanhos dos estratos, considerando as variáveis do plano amostral";"Para a coleta de dados, utiliza-se uma equipe de entrevistadores contratados, devidamente treinados para o trabalho, além de contarem com apoio de supervisor para eventuais dúvidas. Durantes a coleta os supervisores fazem a fiscalização in loco nos locais onde estão distribuídos os pesquisadores. Após a realização das entrevistas, os questionários passam por uma codificação e crítica, e depois disso, são fiscalizados entre 10% a 20%.";"Em Anexo."
"28/09/2026";"05:46:54";2026;81;"Eleições Gerais 2026";"TO";"TO";"TOCANTINS";"TO080982026";"2026-08-29 21:46:54";"S";"00654576000172";"INSTITUTO VERITA LTDA";"VERITA";"Governador, Senador";"2026-08-29 00:00:00";"2026-09-01 00:00:00";"2026-09-04 00:00:00";1220;"10699";"Guilherme Alvarenga Laia";"93940,00";"Estudo quantitativo voltado às Eleições 2026, realizado por meio de entrevistas individuais, aplicadas mediante questionário eletrônico estruturado e Unidade Automatizada de Respostas Audíveis e Auditáveis, por meio de ligações para telefones móveis (celulares). A inteligência artificial é empregada exclusivamente para a transcrição automatizada das respostas em áudio, não interferindo na formulação das perguntas, na condução das entrevistas, na coleta das informações, na interpretação das respostas ou no tratamento estatístico dos dados.

A participação dos eleitores é voluntária, espontânea e não remunerada. As respostas são prestadas por autodeclaração, sendo, em sua maioria, registradas por meio de códigos numéricos correspondentes às alternativas previamente definidas no questionário.

A utilização de sistema eletrônico automatizado para a coleta e o registro das respostas proporciona elevado nível de padronização operacional, reduz a possibilidade de interferência humana durante a realização das entrevistas, amplia a rastreabilidade e a auditabilidade de todo o processo de coleta e contribui para maior precisão, consistência e confiabilidade dos dados obtidos.

O plano amostral foi elaborado para assegurar a representatividade estatística do eleitorado da respectiva Unidade da Federação, observando critérios técnicos de seleção, distribuição e ponderação da amostra, quando aplicáveis.";"A pesquisa foi planejada para produzir uma amostra estatisticamente representativa do eleitorado do estado DO TOCANTINS, utilizando o método de Probabilidade Proporcional ao Tamanho (PPT), com plano amostral em múltiplos estágios. Na primeira etapa, esta Unidade da Federação é dividida em macrorregiões, de forma a assegurar adequada distribuição territorial da amostra e representação das diferentes características geográficas, demográficas e eleitorais. Na segunda etapa, os municípios de cada estrato são ordenados segundo seu porte populacional e eleitoral e sorteados. Na terceira etapa, os respondentes são selecionados entre os eleitores aptos residentes nos municípios sorteados, observando-se a distribuição proporcional da amostra e as cotas estabelecidas para as variáveis de sexo, faixa etária, grau de instrução e nível econômico. As cotas são estabelecidas para a pesquisa completa, considerando a composição do eleitorado e os parâmetros oficiais de referência, não sendo aplicadas isoladamente a cada município selecionado.

SEXO E FAIXA ETÁRIA - Fonte: Tribunal Superior Eleitoral (TSE), Perfil do Eleitorado, junho de 2026. Feminino de 16 a 34 anos: 18,8%; Masculino de 16 a 34 anos: 17,9%; Feminino de 35 a 54 anos: 19,2%; Masculino de 35 a 54 anos: 18,3%; Feminino com 55 anos ou mais: 12,9%; Masculino com 55 anos ou mais: 12,9%. Os parâmetros de sexo e idade têm como referência o cadastro eleitoral brasileiro atualizado pelo Tribunal Superior Eleitoral, considerando o universo de eleitores aptos com 16 anos ou mais.

GRAU DE INSTRUÇÃO - Fonte: IBGE - Pesquisa Nacional por Amostra de Domicílios Contínua - PNAD Contínua, 1º trimestre de 2026. A distribuição é: sem instrução 6,3%; ensino fundamental incompleto ou equivalente 21,9%; ensino fundamental completo ou equivalente 7,7%; ensino médio incompleto ou equivalente 9,6%; ensino médio completo ou equivalente 30,4%; ensino superior incompleto ou equivalente 6,7%; ensino superior completo 17,3%. Para não confundir os respondentes as faixas de escolaridade no questionário foram agrupadas em 3 faixas: até ensino fundamental incompleto e completo, ensino médio incompleto e completo e superior incompleto, completo ou mais. A PNAD Contínua é utilizada como referência por constituir a fonte oficial mais atualizada para a mensuração do nível de instrução da população brasileira, sua utilização também corrige limitações decorrentes da ausência de atualização obrigatória e contínua das informações de escolaridade no cadastro eleitoral do Tribunal Superior Eleitoral.

NÍVEL ECONÔMICO - RENDA FAMILIAR DO DOMICÍLIO - Fonte: IBGE - PNAD Contínua Anual 2025. Considera-se a renda domiciliar total, compreendendo rendimentos provenientes de trabalho formal e informal, aposentadorias, pensões, benefícios sociais e demais fontes de renda existentes no domicílio. observando-se a seguinte distribuição: renda familiar de até 2 salários-mínimos 43,9%; de 2 a 5 salários-mínimos 37,9%, acima de 5 salários-mínimos 18,2%.

PONDERAÇÃO E CALIBRAÇÃO DA AMOSTRA - Prevê-se eventual ponderação das variáveis de sexo, faixa etária, grau de instrução e nível econômico, caso sejam verificadas diferenças relevantes entre a distribuição da amostra efetivamente coletada e os parâmetros populacionais de referência adotados. Inicialmente, o fator de ponderação é igual a 1 (um), podendo ser recalculado sempre que necessário para assegurar a representatividade estatística da amostra.
INTERVALO DE CONFIANÇA E MARGEM DE ERRO - O intervalo de confiança adotado é de 95%, com margem máxima estimada de erro de aproximadamente 3 pontos percentuais, para mais ou para menos, sobre os resultados do total da amostra, calculada segundo o modelo de amostragem aleatória simples e a hipótese de máxima variabilidade.";"Após os trabalhos de coleta de dados, os questionários são submetidos a uma fiscalização, conferência e checagem de cerca de 20% (vinte por cento) dos questionários aplicados. Todas as entrevistas são integralmente registradas em áudio, permanecendo auditáveis e rastreáveis, permitindo a verificação da integridade do processo de coleta, preservado o sigilo das informações pessoais dos entrevistados e observadas as disposições da Lei Geral de Proteção de Dados Pessoais (Lei nº 13.709/2018).";"Em observância ao art. 2º, § 7º, da Resolução TSE nº 23.600/2019, com redação dada pela Resolução TSE nº 23.747/2026, a presente pesquisa terá seu registro complementado no Sistema de Registro de Pesquisas Eleitorais a partir da data em que sua divulgação for permitida e até o dia seguinte, com a identificação dos municípios em que foram realizadas as entrevistas, bem como da composição final da amostra quanto a gênero, idade, grau de instrução e nível econômico, na forma exigida pela legislação eleitoral vigente."
"28/09/2026";"05:46:54";2026;81;"Eleições Gerais 2026";"TO";"TO";"TOCANTINS";"TO088262026";"2026-09-01 15:57:46";"N";"36841542000134";"BRASIL CONSULTORIA E MARKETING LTDA";"VR SKALA";"Governador, Senador";"2026-09-01 00:00:00";"2026-09-06 00:00:00";"2026-09-07 00:00:00";1600;"8954";"GALTTIERI FERREIRA TAVARES";"20000,00";"Pesquisa com metodologia quantitativa, com a realização de entrevistas pessoais utilizando questionário estruturado junto a uma amostra representativa do eleitorado do Estado do Tocantins.";"Pesquisa quantitativa, de survey, que consiste na realização de entrevistas pessoais, domiciliares e presenciais, conduzidas por profissionais treinados, com a aplicação de questionários estruturados a uma amostra representativa da população votante de 16 anos ou mais residente no estado do Tocantins. O desenho amostral aplicado combina sorteio probabilístico de municípios e de setores censitários fornecidos pelo IBGE (unidades territoriais homogêneas, de tamanho similar a quadras ou blocos), dentro dos quais serão selecionadas pessoas respondentes por meio de cotas amostrais.

Plano amostral e ponderação quanto a sexo, idade, grau de instrução e nível econômico do entrevistado; intervalo de confiança e margem de erro:
O público pesquisado é composto por eleitores de 16 anos ou mais residentes na área de abrangência da pesquisa. Para produzir uma amostra representativa desse público-alvo, utilizamos um desenho amostral por conglomerados que prevê três estágios. No primeiro estágio, é feito um sorteio probabilístico de municípios para comporem a amostra por meio do método PPT (Probabilidade Proporcional ao Tamanho) a partir de suas populações votantes acima de 16 anos. Dentro da lista de municípios sorteados, no segundo estágio, é realizado um sorteio probabilístico por meio do método PPT (Probabilidade Proporcional ao Tamanho) de setores censitários a serem visitados pelos entrevistadores, sorteio que tem como base o total de habitantes residentes nos setores de acordo com dados do Censo de 2022, o que garante a dispersão aleatória e estatística da amostra dentro dos territórios municipais, independentemente de divisões administrativas. Finalmente, dentro da lista de setores censitários sorteados, no último estágio são selecionados domicílios e pessoas a serem entrevistadas utilizando-se cotas amostrais para as seguintes variáveis:
Sexo: Masculino (49,08%), Feminino (50,92%).
Idade: 16 anos (0,83%), 17 anos (1,16%), 18 a 20 anos (5,62%), 21 a 24 anos (8,10%), 25 a 34 anos (20,38%), 35 a 44 anos (20,07%), 45 a 59 anos (24,55%), 60 a 69 anos (10,49%), 70 a 79 anos (5,94%), Superior a 79 anos (2,86%).
Escolaridade: Analfabeto (4,83%), Lê e Escreve (7,21%), Ensino Fundamental Incompleto (19,15%), Ensino Fundamental Completo (4,37%), Ensino Médio Incompleto (19,90%), Ensino Médio Completo (27,32%), Ensino Superior Incompleto (6,17%), Ensino Superior Completo (11,03%).
Renda domiciliar (em salários mínimos): Sem rendimento (5,52%), Até 1/2 Salário Mínimo (5,62%), Mais de 1/2 a 1 Salário Mínimo (19,15%), Mais de 1 a 2 Salários Mínimos (27,22%), Mais de 2 a 5 Salários Mínimos (27,39%), Mais de 5 a 10 Salários Mínimos (9,81%), Mais de 10 a 20 Salários Mínimos (3,79%), Mais de 20 Salários Mínimos (1,49%).
Está prevista eventual ponderação para correção das variáveis gênero e faixa etária, com base nos percentuais acima apresentados, caso ocorram diferenças superiores a 4,5 (quatro vírgula cinco) pontos percentuais entre o previsto na amostra e a coleta realizada, para as variáveis escolaridade e renda domiciliar mensal, o fator de ponderação é igual a 1 (resultados obtidos no campo). O nível de confiança estimado é de 95% (noventa e cinco por cento) para uma margem de erro estimada, considerando uma técnica de amostragem aleatória simples, de aproximadamente 3 pontos percentuais para mais ou para menos sobre os resultados obtidos. Fonte de Dados: TSE - junho/2026 (gênero, faixa etária e escolaridade) e IBGE - Censo 2022 (renda domiciliar, municípios e bairros).";"As entrevistas serão realizadas por uma equipe de entrevistadores e supervisores devidamente qualificada pelo Instituto, com experiência e treinamento em pesquisas de opinião pública. No decorrer do trabalho de coleta de dados, os questionários aplicados, serão auditados em no mínimo 20% (vinte por cento) para verificação quanto ao cuidado na sua aplicação, bem como a adequação do entrevistado às variáveis das quotas amostrais.";"Dados relativos aos municípios e bairros abrangidos pela pesquisa. Na ausência de delimitação do bairro, será identificada a área em que foi realizada a pesquisa(conforme §7º. do art. 2º. da Resolução-TSE nº. 23.600/2019, A partir do dia em que a pesquisa puder ser divulgada e até o dia seguinte, o registro deverá ser complementado, sob pena de ser a pesquisa considerada não registrada; na ausência de delimitação do bairro, será identificada a área em que foi realizada):"
"28/09/2026";"05:46:54";2026;81;"Eleições Gerais 2026";"TO";"TO";"TOCANTINS";"TO074882026";"2026-09-10 18:19:26";"N";"32002842000179";"INSTITUTO NACIONAL DE DESENVOLVIMENTO E INOVACAO TECNOLOGICA DE POLITICAS PUBLICAS E PRIVADAS";"INDITEPP";"Governador, Senador";"2026-08-26 00:00:00";"2026-09-04 00:00:00";"2026-09-16 00:00:00";1200;"10.980";"Viviane Costa Silva";"24000,00";"Survey quantitativo, questionário estruturado autoaplicado, estímulos padronizados,
recrutamento por mídia digital (tráfego pago).";"5.1 Desenho
Amostragem não probabilística por quotas, com estratificação prévia por região, sexo e faixa etária. O recrutamento por tráfego pago não permite sorteio aleatório do universo (não há marco amostral de contato), portanto a representatividade é buscada por construção: quotas proporcionais ao perfil do eleitorado apto de cada estrato, seguidas de ponderação pós-estratificada quando necessário (Capítulo 18). Essa natureza não probabilística é declarada explicitamente no registro e no relatório.
5.2 Tamanho da amostra
O tamanho total da amostra é [A DEFINIR]. Para dimensionamento, adota-se a formulação clássica para proporções, n = z²·p(1-p)/e², com p = 0,5 (variância máxima), z conforme o nível de confiança escolhido e e igual à margem de erro desejada, aplicando-se em seguida o ajuste pelo efeito de desenho (deff) estimado para amostras por quota ponderadas. O n efetivo (n dividido pelo deff) é o que sustenta a margem declarada, não o n bruto. Os valores de margem, confiança e deff previsto são [A DEFINIR] e serão fixados pelo estatístico responsável.
5.3 Alocação por região
A alocação entre as 8 regiões será proporcional ao eleitorado apto de cada região, com piso mínimo por região de entrevistas para viabilizar leitura regional. Caso o piso force desvio da proporcionalidade, a correção se dá por ponderação na consolidação estadual. A tabela de metas por região é gerada automaticamente pela planilha de eleitorado assim que a composição municipal for validada.
5.4 Célula amostral
A célula amostral é a combinação região × sexo × faixa etária. Cada célula tem meta própria e é monitorada diariamente durante o campo (Capítulo 7). O painel de acompanhamento reporta, por célula: meta, obtido, saldo, taxa de descarte antifraude e custo por resposta válida.";"O controle de qualidade opera em três momentos:
11.1 Antes do campo
n Pré-teste do instrumento (compreensão, tempo, abandono por tela).
n Teste de carga e de integridade do pipeline de gravação (nenhuma resposta perdida ou duplicada em condição de pico).
n Simulação de ataque (bots simples, replays de token) para validar a camada antifraude antes de existir dado real.
11.2 Durante o campo
n Painel diário por célula: meta, obtido, descarte, custo por resposta válida.
n Alertas de desequilíbrio: célula abaixo de [A DEFINIR]% do ritmo esperado dispara realocação de mídia.
n Monitoramento de qualidade de resposta: tempo total e por tela, padrões de resposta em linha reta nos blocos demográficos, taxa de conclusão por origem de tráfego.
11.3 Após o campo
n Validação e limpeza da base (Capítulo 17), com registro de cada descarte e motivo.
n Conferência das distribuições finais contra o perfil do eleitorado (TSE) antes da ponderação.
n Congelamento da base analítica com hash, para que o relatório final seja reproduzível.";"Estado do Tocantins, segmentado em 7 regiões
Bico do Papagaio
Norte
Meio-Norte
Central
Sul
Sudeste
Jalapão"
"28/09/2026";"05:46:54";2026;81;"Eleições Gerais 2026";"TO";"TO";"TOCANTINS";"TO044652026";"2026-08-28 22:57:08";"S";"56824073000152";"EXATA.GO PESQUISA LTDA";"EXATA.GO";"Governador, Senador";"2026-08-29 00:00:00";"2026-09-02 00:00:00";"2026-09-03 00:00:00";2000;"9137-A";"Erika Cristina Ferreira";"35000,00";"Trata-se de uma pesquisa quantitativa realizada por meio de entrevistas, com aplicação de questionário estruturado a uma amostra representativa do eleitorado em estudo. A pesquisa foi conduzida no Estado do Tocantins (TO).";"A amostra é representativa do eleitorado da área pesquisada e foi elaborada em três estágios.
No primeiro estágio, realiza-se o sorteio probabilístico dos municípios onde serão conduzidas as entrevistas, utilizando o método PPT (Probabilidade Proporcional ao Tamanho). Para essa seleção, considera-se como base a população eleitora residente nos municípios com 16 anos ou mais.
No segundo estágio, é realizado o sorteio probabilístico das localidades dentro dos municípios previamente selecionados, também por meio do método PPT (Probabilidade Proporcional ao Tamanho), tomando como referência a população eleitora com 16 anos ou mais residente nessas localidades.
No terceiro e último estágio, dentro das localidades sorteadas, os entrevistados são selecionados por meio de cotas amostrais proporcionais, definidas a partir de variáveis consideradas relevantes, conforme descrito a seguir:
GÊNERO:
Feminino: 50,9%;
Masculino: 49,1%
(Fonte: TSE (Julho/2026) - https://sig.tse.jus.br/ords/dwapr/r/seai/sig-eleitor-eleitorado-mensal/cruzamento-eleitorado-mensal?p24_metricas=E&p24_back=22&p24_cruzamento_1=ds_sexo&clear=24&session=6255761252678)
FAIXA ETÁRIA:
16 a 24 anos: 15,7%
25 a 34 anos: 20,4%
35 a 44 anos: 20,1%
45 a 59 anos: 24,6%
60 anos ou mais: 19,3%
(Fonte: TSE (Julho/2026) - https://sig.tse.jus.br/ords/dwapr/r/seai/sig-eleitor-eleitorado-mensal/cruzamento-eleitorado-mensal?p24_cruzamento_1=ds_faixa_etaria&p24_metricas=E&p24_back=22&clear=24&session=6255761252678)
ESCOLARIDADE:
Lê e Escreve: 7,2%;
Analfabeto: 4,8%;
Ensino Fundamental Incompleto: 19,2%;
Ensino Fundamental Completo: 4,4%;
Ensino Médio Incompleto: 19,9%;
Ensino Médio Completo: 27,3%;
Ensino Superior Incompleto: 6,2%;
Ensino Superior Completo: 11,0%
(Fonte: TSE (Julho/2026) - https://sig.tse.jus.br/ords/dwapr/r/seai/sig-eleitor-eleitorado-mensal/cruzamento-eleitorado-mensal?p24_cruzamento_1=ds_grau_instrucao&p24_metricas=E&p24_back=22&clear=24&session=6255761252678)
RENDA DOMICILIAR MENSAL:
Sem rendimento: 5,5%;
Até 1/2 Salário Mínimo: 5,6%;
Mais de 1/2 a 1 Salário Mínimo: 19,2%;
Mais de 1 a 2 Salários Mínimos: 27,2%;
Mais de 2 a 5 Salários Mínimos: 27,4%;
Mais de 5 a 10 Salários Mínimos: 9,8%;
Mais de 10 a 20 Salários Mínimos: 3,8%;
Mais de 20 Salários Mínimos: 1,5%.
(Fonte: IBGE (Censo 2010) - https://cidades.ibge.gov.br/brasil/to/pesquisa/23/24304?detalhes=true)
Observação: De acordo com o Instituto Brasileiro de Geografia e Estatística (IBGE), ainda não há previsão de divulgação do perfil econômico da população brasileira com base no Censo 2022. Dessa forma, os dados referentes ao nível econômico provenientes desse censo ainda não podem ser utilizados, pois não foram publicados.
Está prevista a realização de ponderação para correção das variáveis sexo e idade, com base nos percentuais apresentados anteriormente, caso sejam observadas diferenças superiores a três pontos percentuais entre a distribuição prevista na amostra e aquela obtida na coleta de dados. Para as variáveis grau de instrução e nível econômico do entrevistado, o fator de ponderação previsto é igual a 1, ou seja, serão utilizados os resultados observados em campo.
O nível de confiança estimado para os resultados é de 95%, e a margem de erro máxima estimada, considerando um modelo de amostragem aleatória simples, é de aproximadamente 2,2 pontos percentuais para mais ou para menos sobre os resultados observados para o total da amostra.
";"A coleta de dados é acompanhada por supervisores responsáveis pelo monitoramento das atividades de campo. Além disso, 30% (trinta por cento) dos questionários são selecionados aleatoriamente para verificação posterior, por meio de ligações telefônicas realizadas para os números informados nos formulários. Em caso de inconsistências ou dúvidas, o questionário é descartado e o entrevistador é convocado para prestar esclarecimentos.";"O detalhamento dos municípios e bairros contemplados na pesquisa será apresentado em arquivo anexo. Nos casos em que não houver delimitação específica do bairro, será indicada a área onde a entrevista foi realizada, conforme disposto no §7º do art. 2º da Resolução-TSE nº 23.600/2019."
"28/09/2026";"05:46:54";2026;81;"Eleições Gerais 2026";"TO";"TO";"TOCANTINS";"TO018432026";"2026-04-07 07:53:05";"S";"40453099000100";"LUCRO ATIVO LTDA";"LUCRO ATIVO";"Governador, Senador, Deputado Federal, Deputado Estadual";"2026-04-08 00:00:00";"2026-04-12 00:00:00";"2026-04-13 00:00:00";1600;"8954";"Galttieri ferreira Tavares ";"15000,00";"Pesquisa com metodologia quantitativa, com a realização de entrevistas pessoais utilizando questionário estruturado junto a uma amostra representativa do eleitorado do Estado do Tocantins.";"A amostra será representativa dos eleitores das áreas pesquisadas e será selecionada em duas etapas. Na primeira etapa realiza-se um sorteio probabilístico das localidades onde as entrevistas serão realizadas através do método PPT (Probabilidade Proporcional ao Tamanho), considerando a população com 16 anos ou mais residente nas localidades como base para essa seleção. Na segunda etapa, a seleção do entrevistado dentro da localidade será feita utilizando-se quotas amostrais proporcionais, em função das seguintes variáveis: Gênero: Masculino (49.0%); Feminino (51.0%); ; Faixa etária: De 16 a 20 anos: (7.4%); Entre 21 e 24 anos: (8.1%); Entre 25 e 34 anos: (20.6%); Entre 35 e 44 anos: (20.4%); 45 a 59 anos: (24.5%); Com 60 anos ou mais: (18.8%); ; ESCOLARIDADE: De analfabeto até ensino fundamental completo (Contêm eleitores que apenas Lê e escrevem, Analfabetos e que cursaram Ensino Fundamental Incompleto e Completo): 36,4%; Ensino médio incompleto ou completo: 46,5%; Ensino superior incompleto ou completo: 17,1% ; RENDA DOMICILIAR MENSAL: Sem rendimento: (1,84%); Até 1 Salário Minimo: (66,23%); Mais de 1 a 2 salários mínimos: (19,66%); Mais de 2 a 5 salários mínimos: (9,69%); Mais de 5 a 10 salários mínimos: (1,99%); Mais de 10 salários mínimos: (0,60%). . Está prevista eventual ponderação para correção das variáveis gênero e faixa etária, com base nos percentuais acima apresentados, caso ocorram diferenças superiores a 4,5 (quatro vírgula cinco) pontos percentuais entre o previsto na amostra e a coleta realizada, para as variáveis escolaridade e renda domiciliar mensal, o fator de ponderação é igual a 1 (resultados obtidos no campo). O nível de confiança estimado é de 95% (noventa e cinco por cento) para uma margem de erro estimada, considerando uma técnica de amostragem aleatória simples, de aproximadamente 3 pontos percentuais para mais ou para menos sobre os resultados obtidos. Fonte de Dados: TSE - Dezembro/2025 e dados do IBGE.
";"As entrevistas serão realizadas por uma equipe de entrevistadores e supervisores devidamente qualificada pelo Instituto, com experiência e treinamento em pesquisas de opinião pública. No decorrer do trabalho de coleta de dados, os questionários aplicados, serão auditados em no mínimo 20% (vinte por cento) para verificação quanto ao cuidado na sua aplicação, bem como a adequação do entrevistado às variáveis das quotas amostrais.";"Na ausência de delimitação do bairro, será identificada a área em que foi realizada a pesquisa (conforme §7º do art. 2º da Resolução-TSE nº 23.600/2019). A partir do dia em que a pesquisa puder ser divulgada e até o dia seguinte, o registro deverá ser complementado, sob pena de ser a pesquisa considerada não registrada; na ausência de delimitação do bairro, será identificada a área em que foi realizada."
"28/09/2026";"05:46:54";2026;81;"Eleições Gerais 2026";"TO";"TO";"TOCANTINS";"TO016932026";"2026-03-20 00:40:33";"N";"56824073000152";"EXATA.GO PESQUISA LTDA";"EXATA.GO";"Governador, Senador";"2026-03-20 00:00:00";"2026-03-25 00:00:00";"2026-03-26 00:00:00";3200;"10809";"ESTENIO DA COSTA SANTOS";"30000,00";"A pesquisa será do tipo quantitativo, por amostragem aleatória, com aplicação de questionário estruturado e abordagem de moradores eleitores em 52 municípios do estado do Tocantins, divididos em 7 regiões dentro do estado, em pontos estratégicos de fluxo de pessoal dos municípios e por visitas às residências dos municípios. O conjunto da população do Tocantins com 16 anos ou mais e que são votantes no referido estado foi tomado como universo da pesquisa.";"O universo da pesquisa se concentra na população do município de 52 municípios do estado do Tocantins, divididos em 7 regiões (listados em anexo) com 16 anos ou mais votantes no estado. Tamanho da amostra: A amostra prevista é de 3.200 entrevistas. Técnica de amostragem: A amostra é representativa do universo pesquisado e selecionada em duas etapas. Na primeira etapa são selecionados os municípios que farão parte da amostra. Numa segunda etapa são sorteados os pontos de abordagem onde serão aplicadas as entrevistas. Por fim, os entrevistados são selecionados aleatoriamente para responder ao questionário, de acordo com cotas de sexo e faixa etária. Os dados relativos a sexo e faixa etária são: Sexo masculino: 49%; Sexo feminino: 51%, Idade: 16 a 24 anos: 16,9%; 25 a 34 anos: 21,0%; 35 a 44 anos: 20,7%; 45 a 59 anos: 23,6% e 60 anos ou mais: 17,8%. Para grau de instrução, os dados utilizados como referência são: Analfabetos: 5%; Lê e escreve + Ensino fundamental incompleto: 27,7%; Ensino fundamental completo + Ensino médio incompleto: 23,8%; Ensino médio completo + Ensino superior incompleto: 32,8%, Ensino superior completo ou mais: 10,7%. Os dados utilizados para definição e seleção da amostra são baseados nos dados fornecidos pelo TSE (setembro/2025), IBGE (PNAD Contínua, Censo 2010 e Censo 2022) e dados primários de outros levantamentos do instituto. Ponderação dos resultados: Está prevista eventual ponderação para correção nos tamanhos dos estratos, considerando as variáveis sexo, faixa etária e escolaridade, de acordo com os percentuais detalhados anteriormente, casos as diferenças sejam maiores que 3 pontos percentuais. Para o nível econômico do entrevistado (renda individual mensal aproximada declarada) os dados de referência são: até 2 S. M. (salários mínimos) = 85%; mais de 2 S. M. = 12%, não souberam ou recusaram a resposta = 3%. Para essa variável, o fator previsto para ponderação é 1 (resultados obtidos em campo). Área física: A relação completa dos municípios incluídos no levantamento será encaminhada a esse tribunal posteriormente, a partir do dia em que a pesquisa puder ser divulgada e até o dia seguinte, conforme a Resoluções 23.600/2019, no art.2º §7º e 23.747/2026 do TSE. Margem de Erro: A margem de erro máxima prevista é de 1,7 pontos percentuais para mais ou para menos, considerando um nível de confiança de 95% e baseada em uma amostra aleatória.";"Os entrevistadores envolvidos na realização desta pesquisa são treinados pelo Instituto e recebem instruções específicas para cada projeto realizado. A coleta será feita com a utilização de questionário impresso, que serão computados posteriormente à pesquisa de campo. Os pesquisadores são supervisionados por um coordenador que estará em campo juntamente com a equipe garantindo a lisura da pesquisa. Internamente, todo o material é verificado e codificado. Antes do processamento final e emissão dos resultados, realiza-se processo de consistência dos dados. Os dados coletados e tratados nesta pesquisa atendem às exigências da LGPD, Lei Geral de Proteção de Dados, garantindo ao respondente o sigilo de sua identidade e o correto tratamento de suas respostas.";"A relação completa dos municípios incluídos no levantamento será encaminhada posteriormente, a partir do dia em que a pesquisa puder ser divulgada e até o dia seguinte, conforme a Resoluções 23.600/2019 e 23.747/2026 do TSE."
"28/09/2026";"05:46:54";2026;81;"Eleições Gerais 2026";"TO";"TO";"TOCANTINS";"TO079902026";"2026-07-12 20:19:36";"S";"14888537000144";"VOZ E PESQUISA TOCANTINS LTDA";"#NULO#";"Governador, Senador";"2026-07-11 00:00:00";"2026-07-16 00:00:00";"2026-07-18 00:00:00";1250;"6892";"JOAO SOARES DE ARAUJO NETO";"19000,00";"I) METODOLOGIA. 

I.1) Objetivo - Avaliar a intenção de voto da população de eleitores dos 34 municípios das Regiões do Bico do Papagaio, Central, Norte, Sudeste, Sul e Vale do Araguaia, com relação aos cargos eletivos de Governador e Senador do Estado do TO nas eleições do ano de 2026, através de entrevistas diretas junto à população.

Essas terão por objetivo identificar de forma estimulada a intenção de voto dos entrevistados. 

I.2) Procedimentos para a realização: Aplicação de entrevistas diretas junto à população dos 34 municípios das 06 Regiões aplicando-se questionários estruturados nos domicílios e áreas comerciais, nas zonas urbanas dos municípios. Para cada domicílio e/ou estabelecimento comercial, será realizada uma única entrevista. A seleção das entrevistas utilizará o critério de aleatoriedade no sorteio das unidades que irão compor o painel amostral tendo por objetivo minimizar a tendenciosidade e os possíveis viés, que são passíveis de ocorrerem neste tipo de pesquisa. 

O número de questionários, terá por base uma amostra significativa e representativa da população residente nestes municípios, que esteja apta a votar, tendo por base o número de eleitores informados pelo TSE no mês de maio de 2026. As variáveis associadas a sexo, faixa etária, grau de instrução, terão por parâmetro as informações contidas no site do TSE em maio/2026, referentes aos 34 municípios que compõem o painel amostral da Pesquisa. 

A variável renda, terá como parâmetro a renda domiciliar informada no Censo Demográfico de 2010, referente a cada um dos 34 municípios, que está disponibilizada na página da publicação IBGE Cidades. Utilizamos esse procedimento, pois não há informação divulgada ainda da renda domiciliar, referente ao Censo Demográfico de 2022. 

I.3) Abrangência Geográfica - A pesquisa será realizada na área urbana dos 34 municípios, divididos em 06 Regiões: 

I.3.1) Região Norte, composta pelos municípios de Araguaína, Colinas do Tocantins, Guaraí, Nova Olinda, Wanderlândia e Xambioá; 

I.3.2) Região Central, composta pelos municípios de Miracema do Tocantins, Miranorte, Palmas, Pedro Afonso e Porto Nacional

I.3.3) Região Sudeste, composta pelos municípios de Dianópolis, Taguatinga, Paranã, Arraias e Natividade 

I.3.4) Região Sul, composta pelos municípios de Gurupi, Formoso do Araguaia, Alvorada do Tocantins, Peixe, Araguaçu e Palmeirópolis

I.3.5) Região do Vale do Araguaia, composta pelos municípios de Paraíso do TO, Lagoa da Confusão, Pium e Divinópolis 

I.3.6) Bico do Papagaio, composta pelos municípios de Araguatins, Augustinópolis, Tocantinópolis, Axixá do TO, Ananás, Esperantina, São Miguel do TO e Sítio Novo do TO

O número de entrevistas em cada Região, levará em consideração a proporção do tamanho da população residente e apta a votar em cada um dos grupos de municípios localizados nessa região, tendo por base as informações do número de eleitores informados no site do TSE, mês de maio de 2026. 

As entrevistas serão realizadas majoritariamente nos domicílios (90%), e o restante nos estabelecimentos comerciais e áreas de circulação públicas. 

I.4) Cadastros utilizados para seleção dos componentes do painel amostral e respectivas variáveis associadas a Pesquisa, que permitirão a caracterização do perfil do eleitorado ¿Foram utilizados como base de referência para o dimensionamento da amostra, as informações do cadastro de eleitores do TSE/TO, maio/2026, para identificação das seguintes variáveis: Número de eleitores, por sexo, faixa etária, grau de instrução. 

O total de eleitores informado pelo TSE no mês de maio de 2026, corresponde a 1.183.446 eleitores. 

O número de eleitores dos 34 municípios relacionados ao total de eleitores do Estado informado pelo TSE, tendo o mês de maio de 2026 como referência, corresponde ao percentual de 67%. 

I.4.1) Número Total de eleitores no Estado do Tocantins -TSE maio 2026:1.183.446; 
Número total de eleitores dos 34 municípios -TSE maio 2026:796.633. ";"PLANO AMOSTRAL 

II.1) Descrição - Foi elaborado utilizando-se o critério de AAS (Amostragem Aleatória Simples), considerando para as variáveis p (sucesso) e q (não sucesso) para a aprovação ou rejeição na escolha do candidato pela população dos municípios tocantinenses. Esse procedimento, tem por objetivo o dimensionamento de uma amostra confiável e com elevado nível de significância, para a descrição do fenômeno objeto de avaliação. Minimizando a probabilidade de ocorrência de erros e a consequente obtenção de uma amostra significativa em relação a população componente do universo pesquisado. Apresentando resultados confiáveis e representativos do fenômeno objeto da Pesquisa. 
A distribuição dos questionários nas cidades a serem pesquisadas componentes das 06 Regiões considerou a proporcionalidade de moradores aptos a votar, associados às cotas (variáveis) informadas no cadastro do TSE/TO, tendo por referência o mês de maio do corrente ano com relação ao universo de eleitores dos municípios de cada Região. 

A pesquisa foi dimensionada para uma amostra com Margem de Confiança de 95% e Erro Amostral de 2,8 pontos percentuais para mais ou para menos, totalizando 1250 questionários, tendo por base o tamanho da População total de eleitores do Estado do Tocantins, informada no site do TSE, referente a maio de 2026, correspondendo a 1.183.446 eleitores. 

II.2) Distribuição dos questionários por Regiões/municípios e por cotas (sexo, faixa etária, grau de instrução e renda familiar) - Os questionários foram distribuídos pelas Regiões da seguinte forma:

ATENÇÃO -ATENÇÃO - IMPORTANTE: Por falta de espaço neste campo, o restante do Plano amostral e ponderação quanto a sexo, idade, grau de instrução e nível econômico dos entrevistados, foi juntado em arquivos PDF no mesmo arquivo que contem o questionário, os discos, bem como a Declaração de Responsabilidade e de Vínculo do Profissional de Estatística com o Instituto Voz e Pesquisa Tocantins (VOPE), com o Termo de Compromisso do referido profissional, tendo sido os documentos (questionário, discos, restante do Plano Amostral e Declaração de Vínculo do Estatístico e Termo de Compromisso, juntados em um PDF só, atendendo desta forma, com a Declaração do Estatistico a atualização efetuada pela Resolução TSE Nº 23.747/2026.";"III) SISTEMA INTERNO DE CONTROLE E VERIFICAÇÃO, CONFERÊNCIA E FISCALIZAÇÃO DA COLETA DE DADOS, DO TRABALHO DE CAMPO E PONDERAÇÕES PARA CORREÇÃO DE POSSÍVEIS DISTORÇÕES DAS VARIÁVEIS COMPONENTES DA AMOSTRA. 

Obedecerá aos seguintes critérios: 

III.1) Seleção aleatória de alguns setores pesquisados, havendo posterior fiscalização de supervisores de campo do instituto, para avaliação da qualidade das informações coletadas;

III.2) Visita/confirmação a 15% dos domicílios do local selecionado, para confirmação da veracidade das informações coletadas; 

III.3) Acompanhamento de algumas entrevistas por parte de supervisor, para observar se o pesquisador está influenciando, ainda que de forma indireta na resposta do entrevistado, comprometendo assim, a qualidade da entrevista e consequentemente o resultado da Pesquisa; 

III.4) Na eventualidade de necessidade de utilização de fatores de ponderações para ajustes da amostra prevista com relação a amostra coletada: quando houver distorções significativas entre os quantitativos obtidos na coleta de alguma variável e o indicado na amostra, ocorrerá conforme 
especificação a seguir: 

III.4.1) Ponderação para sexo e idade ¿ Quando ocorrer diferença superior a 5 pontos percentuais entre o previsto e o coletado; 

III.4.2) Ponderação para grau de instrução e renda domiciliar - Ocorrendo a mesma situação na coleta dessas variáveis, será utilizado o fator de ponderação igual a um, equivalente ao levantamento obtido no trabalho de campo.";"Serão disponibilizados no prazo legal (até o dia seguinte à data a partir da qual a pesquisa puder ser divulgada, conforme §7º do art. 2º da Resolução-TSE nº. 23.600/2019, os anexos no campo especifico, contendo os municípios/localidades do Estado do Tocantins pesquisados nas 06 Regiões, com o detalhamento das amostras associadas às variáveis de cada uma das localidades, sendo sexo, idade, grau de instrução e renda familiar, especificadas em tabelas pelas regiões e municípios. "
"28/09/2026";"05:46:54";2026;81;"Eleições Gerais 2026";"TO";"TO";"TOCANTINS";"TO021162026";"2026-09-26 14:40:46";"N";"81908345000140";"INSTITUTO PARANA DE PESQUISAS E ANALISE DE CONSUMIDOR LTDA";"#NULO#";"Governador, Senador";"2026-09-29 00:00:00";"2026-10-01 00:00:00";"2026-10-02 00:00:00";1504;"10245 - 4ª";"Tatiani Cristina Ara";"105000,00";"Pesquisa com metodologia quantitativa, com a realização de entrevistas pessoais, domiciliares e presenciais, utilizando questionário estruturado junto a uma amostra representativa do eleitorado do Estado do Tocantins.
";"""A amostra será representativa do eleitorado da área pesquisada e será selecionada em três etapas. Na primeira etapa realiza-se um sorteio probabilístico dos municípios onde as entrevistas serão realizadas através do método PPT (Probabilidade Proporcional ao Tamanho), considerando a população eleitora com 16 anos ou mais residente nos municípios como base para essa seleção. Na segunda etapa, faz-se um sorteio probabilístico das localidades, onde as entrevistas serão realizadas, através do método PPT (Probabilidade Proporcional ao Tamanho), tomando a população eleitora de 16 anos ou mais residente nas localidades como base para essa seleção. Na terceira etapa, a seleção do entrevistado dentro da localidade, será feita utilizando-se quotas amostrais proporcionais, em função das seguintes variáveis:
GÊNERO: TSE Agosto 2026 (https://sig.tse.jus.br/ords/dwapr/r/seai/sig-eleitor-eleitorado-mensal/cruzamento-eleitorado-mensal?p24_metricas=E&p24_back=22&p24_cruzamento_1=ds_sexo&clear=24&p0_uf=TO&p0_mes=8&debug=LEVEL5&session=312990078978641)
Masculino - 49%; |
Feminino - 51%; |
FAIXA ETÁRIA: TSE Agosto 2026 (https://sig.tse.jus.br/ords/dwapr/r/seai/sig-eleitor-eleitorado-mensal/cruzamento-eleitorado-mensal?p24_cruzamento_1=ds_faixa_etaria&p24_metricas=E&p24_back=22&clear=24&p0_uf=TO&p0_mes=8&debug=LEVEL5&session=8904950028837)
Entre 16 e 24 anos: 16%; |
Entre 25 e 34 anos: 20%; |
Entre 35 e 44 anos: 20%; |
Entre 45 e 59 anos: 25%; |
Com 60 anos ou mais: 19%; |
ESCOLARIDADE: TSE Agosto 2026 (https://sig.tse.jus.br/ords/dwapr/r/seai/sig-eleitor-eleitorado-mensal/cruzamento-eleitorado-mensal?p24_cruzamento_1=ds_grau_instrucao&p24_metricas=E&p24_back=22&clear=24&p0_uf=TO&p0_mes=8&debug=LEVEL5&session=309383598034615) Observação: Conforme informações obtidas no site do Tribunal Superior Eleitoral, o TSE, (https://dadosabertos.tse.jus.br/group/about/eleitorado) """"Os registros de grau de escolaridade podem apresentar dados defasados, pois refletem a situação do eleitor na ocasião do cadastramento.""""
De analfabeto até ensino fundamental completo: 36%; |
Ensino médio incompleto ou completo: 47% |
Ensino superior incompleto ou completo: 17% |
RENDA DOMICILIAR MENSAL: (https://cidades.ibge.gov.br/brasil/to/pesquisa/23/24304) IBGE - Censo 2010. Observação: Conforme informações obtidas do Instituto Brasileiro de Geografia e Estatística, o IBGE não divulgou - e não tem previsão de data - para divulgação do perfil econômico (nível econômico) da população brasileira nos parâmetros metodológicos utilizados pela Paraná Pesquisas (renda domiciliar mensal), tendo sido divulgados apenas a renda per capita; portanto, os dados divulgados pelo IBGE, por exemplo, em 2022 e 2025 quanto ao nível econômico, não podem ser utilizados pois não correspondem aos parâmetros metodológicos utilizados pela Paraná Pesquisas.
Sem rendimentos até 2 salários mínimos: 58% |
Mais de 2 a 5 salários mínimos: 27% |
Mais de 5 salários mínimos: 15% |
Está prevista eventual ponderação para correção das variáveis gênero e faixa etária, com base nos percentuais acima apresentados, caso ocorram diferenças superiores a 3,0 (três) pontos percentuais entre o previsto na amostra e a coleta realizada; para as variáveis escolaridade e renda domiciliar mensal, o fator de ponderação é igual a 1 (resultados obtidos no campo). O nível de confiança estimado é de 95% (noventa e cinco por cento) para uma margem de erro estimada, considerando uma técnica de amostragem aleatória simples, de aproximadamente 2,6 (dois vírgula seis) pontos percentuais para mais ou para menos sobre os resultados obtidos.""



";"""As entrevistas serão conduzidas por uma equipe de entrevistadores e supervisores devidamente qualificados pelo Instituto Paraná Pesquisas, todos com experiência e treinamento específico em pesquisas de opinião pública.
Controle: O controle do processo será realizado por meio de um software de coleta de dados.
Conferência e Fiscalização: Durante a coleta de dados os questionários aplicados são fiscalizados e conferidos através de um supervisor.
Adicionalmente, pelo menos 30% dos questionários passarão por uma verificação posterior, que avaliará a precisão na aplicação e a adequação dos entrevistados às variáveis das quotas amostrais. Ou seja, no mínimo 452 entrevistas desta pesquisa serão auditadas pela equipe de qualidade do Instituto Paraná Pesquisas, podendo essa auditoria ser solicitada ao Instituto a qualquer momento.
Verificação: Após a coleta, os questionários passam por uma etapa de verificação e validação dos dados, para garantir a integridade e precisão dos dados coletados.""



";"""A pesquisa será realizada no Estado do Tocantins, a relação dos dados relativos aos municípios e às localidades será apresentado até o dia seguinte à data a partir da qual a pesquisa puder ser divulgada, conforme §7º do art. 2º da Resolução-TSE nº. 23.600/2019""



"
"28/09/2026";"05:46:54";2026;81;"Eleições Gerais 2026";"TO";"TO";"TOCANTINS";"TO000412026";"2026-09-26 15:26:53";"N";"44826961000125";"SMS - DIRECT PESQUISAS E MARKETING LTDA";"DIRECT PESQUISAS";"Governador, Senador";"2026-09-27 00:00:00";"2026-09-30 00:00:00";"2026-10-02 00:00:00";1200;"10526";"Jose Dos Reis Cunha Filho";"15000,00";"Pesquisa quantitativa com abordagem porta a porta, com eleitores que votam e/ou residem no estado de Tocantins, consistindo na realização de entrevistas pessoais e individuais, com a aplicação de questionário estruturado junto a uma amostra representativa do eleitorado em estudo. Devido a ordem probabilística da amostra, nesta pesquisa será considerada apenas os eleitores residentes dentro do município ou que no dia da entrevista estejam nele. Todas as entrevistas são espontâneas e os dados são sigilosos, guardados no banco de dados do instituto para tabulação e apresentação gráfica e analítica.";"Trata-se de uma amostra probabilística estratificada, com abordagem aleatória simples através de cotas de sexo, idade e escolaridade, ponderadas de acordo com a estatística do Eleitorado do TSE, 2026 (https://sig.tse.jus.br) e renda ponderada de acordo com registro do último senso estratificado do IBGE (https://cidades.ibge.gov.br) de acordo com a Resolução do TSE 23.600/2019, complementada pela Resolução 23.676/2021, com entrevistas domiciliares aos eleitores de 16 anos ou mais que exerça seu voto nas cidades Palmas, Porto Nacional, Paraiso do Tocantins, Miracema do Norte, Miranorte do Tocantins, Lageado, Tocantinia do Tocantins, Araguaína, Colinas do Tocantins, Colmeia, Guaraí, Pedro Afonso, Wanderlândia, Xambioá, Babaçulândia, Arapoema, Araguatins, Axixa do Tocantins, Buriti do Tocantins, Goiatins, Tocantinópolis, São Miguel do Tocantins, Augustinópolis, Gurupi, Aliança do Tocantins, Formoso do Tocantins, Peixe, Alvorada do Norte, Cristalândia, Almas do Tocantins, Dianópolis, Natividade, Taguatinga, Arraias do Tocantins no estado de Tocantins. Totalizando uma população eleitoral de 1.182.768 e amostra de 1.200, a um nível de confiança = 95%; Nível de significância = 5%; Margem de erro = 2,83%, com P = 0,5.
SEXO: Masculino (49,08%), Feminino (50,92%); FAIXA ETÁRIA: até 24 anos (16,12%), de 25 a 34 anos (20,43%), de 35 a 44 anos (20,14%), de 45 a 59 anos (24,40%), 60 anos ou mais (18,92%); ESCOLARIDADE: Analfabeto (4,83%), Lê e escreve (7,21%), 1º Grau inc/comp (23,52%), 2º Grau inc/comp (47,24%), 3º Grau inc/comp (17,20%); RENDA: Até 1 salário (25,75%), entre 1 e 2 salários (26,27%), entre 2 e 5 salários (29,98%), entre 5 e 10 salários (11,26%), Mais de 10 salários (6,74%).";"Os questionários são aplicados com uso de equipamentos eletrônicos, supervisão in loco e via GPS, passarão por conferência através de novo contato até 20% dos entrevistados, todas as regiões pesquisadas foram selecionadas proporcionalmente.";"Os bairros serão anexados de acordo com a resolução."
"28/09/2026";"05:46:54";2026;81;"Eleições Gerais 2026";"TO";"TO";"TOCANTINS";"TO059612026";"2026-07-26 22:48:51";"N";"44826961000125";"SMS - DIRECT PESQUISAS E MARKETING LTDA";"DIRECT PESQUISAS";"Governador, Senador, Deputado Federal, Deputado Estadual";"2026-07-26 00:00:00";"2026-07-30 00:00:00";"2026-08-01 00:00:00";2000;"10526";"Jose Dos Reis Cunha Filho";"20000,00";"Pesquisa quantitativa com abordagem porta a porta, com eleitores que votam e/ou residem no estado de Tocantins, consistindo na realização de entrevistas pessoais e individuais, com a aplicação de questionário estruturado junto a uma amostra representativa do eleitorado em estudo. Devido a ordem probabilística da amostra, nesta pesquisa será considerada apenas os eleitores residentes dentro do município ou que no dia da entrevista estejam nele. Todas as entrevistas são espontâneas e os dados são sigilosos, guardados no banco de dados do instituto para tabulação e apresentação gráfica e analítica.";"Trata-se de uma amostra probabilística estratificada, com abordagem aleatória simples através de cotas de sexo, idade e escolaridade, ponderadas de acordo com a estatística do Eleitorado do TSE, 2026 (https://sig.tse.jus.br) e renda ponderada de acordo com registro do último senso estratificado do IBGE (https://cidades.ibge.gov.br) de acordo com a Resolução do TSE 23.600/2019, complementada pela Resolução 23.676/2021, com entrevistas domiciliares aos eleitores de 16 anos ou mais que exerça seu voto no estado de Tocantins. Totalizando uma população eleitoral de 1.182.767 e amostra de 2.000, a um nível de confiança = 95%; Nível de significância = 5%; Margem de erro = 2,19%, com P = 0,5.
SEXO: Masculino (49,08%), Feminino (50,92%); FAIXA ETÁRIA: até 24 anos (16,12%), de 25 a 34 anos (20,43%), de 35 a 44 anos (20,14%), de 45 a 59 anos (24,40%), 60 anos ou mais (18,92%); ESCOLARIDADE: Analfabeto (4,83%), Lê e escreve (7,21%), 1º Grau inc/comp (23,52%), 2º Grau inc/comp (47,24%), 3º Grau inc/comp (17,20%); RENDA: Até 1 salário (25,75%), entre 1 e 2 salários (26,27%), entre 2 e 5 salários (29,98%), entre 5 e 10 salários (11,26%), Mais de 10 salários (6,74%).
";"Os questionários são aplicados com uso de equipamentos eletrônicos, supervisão in loco e via GPS, passarão por conferência através de novo contato até 20% dos entrevistados, todas as regiões pesquisadas foram selecionadas proporcionalmente.";"Os bairros serão anexados de acordo com a resolução."
"28/09/2026";"05:46:54";2026;81;"Eleições Gerais 2026";"TO";"TO";"TOCANTINS";"TO021612026";"2026-08-19 17:05:30";"N";"22445600000104";"QUAEST PESQUISAS, CONSULTORIA E PROJETOS LTDA.";"#NULO#";"Governador, Senador";"2026-08-21 00:00:00";"2026-08-24 00:00:00";"2026-08-25 00:00:00";804;" 6731";"Margarida Maria de Mendonca";"117384,00";"Pesquisa quantitativa, de survey, que consiste na realização de entrevistas pessoais, domiciliares e presenciais, conduzidas por profissionais treinados, com a aplicação de questionários estruturados a uma amostra representativa da população votante de 16 anos ou mais residente no estado do Tocantins. O desenho amostral aplicado combina sorteio probabilístico de municípios e de setores censitários fornecidos pelo IBGE (unidades territoriais homogêneas, de tamanho similar a quadras ou blocos), dentro dos quais serão selecionadas pessoas respondentes por meio de cotas amostrais.";"O público pesquisado é composto por eleitores de 16 anos ou mais residentes na área de abrangência da pesquisa. Para produzir uma amostra representativa desse público-alvo, utilizamos um desenho amostral por conglomerados que prevê três estágios. No primeiro estágio, é feito um sorteio probabilístico de municípios para comporem a amostra por meio do método PPT (Probabilidade Proporcional ao Tamanho) a partir de suas populações votantes acima de 16 anos. Dentro da lista de municípios sorteados, no segundo estágio, é realizado um sorteio probabilístico por meio do método PPT (Probabilidade Proporcional ao Tamanho) de setores censitários a serem visitados pelos entrevistadores, sorteio que tem como base o total de habitantes residentes nos setores de acordo com dados do Censo de 2022, o que garante a dispersão aleatória e estatística da amostra dentro dos territórios municipais, independentemente de divisões administrativas. Finalmente, dentro da lista de setores censitários sorteados, no último estágio são selecionados domicílios e pessoas a serem entrevistadas utilizando-se cotas amostrais para as seguintes variáveis: sexo, idade, renda familiar e escolaridade. O perfil da amostra, definido pelas cotas previstas, é o seguinte:

Sexo: Masculino (49%); Feminino (51%). 
Faixa etária: 16-34 anos (36%); 35-59 anos (45%); 60 ou mais (19%). 
Renda domiciliar total, incluindo pensões, benefícios e rendimentos de trabalhos informais: Até 2 salários-mínimos (32%); Mais de 2 a 5 salários-mínimos (45%); Mais de 5 salários-mínimos (23%). 
Nível de instrução: Até Fundamental completo ou médio incompleto (40%); Médio completo ou superior incompleto (41%); Superior completo ou mais (19%). 

Fonte dos dados: para a distribuição de sexo e idade, TSE-Tribunal Superior Eleitoral - julho/2026; para a malha de setores censitários, Censo 2022 (IBGE); para a distribuição de renda domiciliar, PNADc Anual 2025, 1ª visita (IBGE); e, para a distribuição de escolaridade/instrução, PNADc trimestral 1-2026 (IBGE). A PNADc é utilizada por ser a fonte oficial mais atualizada de rendimentos do país, incluindo rendimentos informais, pensões, entre outros, e corrigindo as defasagens temporais do Censo 2022, além de ser a fonte mais atualizada de nível de instrução da população com 16 anos ou mais dada ausência de atualização obrigatória da escolaridade no registro de eleitores do TSE.

Está prevista eventual pós-estratificação da amostra, por meio de algoritmos de calibração (rake) e modelos (MrP), para correção de estimativas e das distribuições das variáveis sexo, idade, renda familiar e escolaridade, com base nos percentuais anteriormente mencionados, caso ocorram diferenças entre os percentuais previstos na amostra e a coleta de dados realizada. 

Dentro do público-alvo anteriormente descrito, serão realizadas 804 entrevistas. O nível de confiança das estimativas é de 95% e a margem de erro máxima prevista, atendendo às diretivas do TSE e usando o cálculo para amostra aleatória simples (AAS) como aproximação, é de cerca de 3 pontos percentuais para mais ou para menos em relação aos totais da amostra.";"As entrevistas serão realizadas por uma equipe de entrevistadores devidamente qualificada, com experiência e treinamento em pesquisa de opinião pública. Todo trabalho é feito em tablets ou outros dispositivos eletrônicos. Após a realização da coleta de dados, as entrevistas junto aos respondentes são checadas por meio de procedimentos de consistência e de georreferenciamento dos locais de aplicação em tempo real. Adicionalmente, ao longo e após os trabalhos de campo, é realizada uma fiscalização que consiste na checagem de áudio de uma amostra de 30% dos questionários aplicados para verificação das respostas e da adequação dos entrevistados aos parâmetros amostrais.";"A área de abrangência da coleta é o território do estado do Tocantins. A relação do número de pessoas pesquisadas nas áreas de aplicação da pesquisa, discriminadas por município, bairros e setores censitários a partir dos identificadores utilizados pelo IBGE, além da composição do eleitorado entrevistado na área de abrangência quanto a gênero, idade, grau de instrução e nível econômico, constará em anexo. O mapa com os códigos destes setores censitários e as áreas que delimitam no país todo podem ser conferidos na seguinte fonte oficial: https://censo2022.ibge.gov.br/panorama/mapas.html?localidade=&recorte=setores_censitarios"
"28/09/2026";"05:46:54";2026;81;"Eleições Gerais 2026";"TO";"TO";"TOCANTINS";"TO045102026";"2026-03-25 22:20:38";"N";"56824073000152";"EXATA.GO PESQUISA LTDA";"EXATA.GO";"Governador, Senador";"2026-03-24 00:00:00";"2026-03-27 00:00:00";"2026-03-31 00:00:00";1316;"7655";"AUGUSTO DA SILVA ROCHA";"5000,00";"Pesquisa do tipo quantitativo, por amostragem aleatória, com aplicação de questionário estruturado
 e abordagem de moradores eleitores do município de Palmas/TO, em pontos estratégicos de fluxo 
de pessoal do município e por visitas às residências do município. O conjunto da população de Palmas com 16 anos ou mais e que são votantes na referida cidade foi tomado como universo da pesquisa.";"O universo da pesquisa se concentra na população do município de Palmas, estado do Tocantins, 
com 16 anos ou mais votantes no estado. Tamanho da amostra: A amostra prevista é de 1.316 entrevistas. 

 A amostra é representativa do universo pesquisado e selecionada em duas etapas. 
Na primeira etapa são selecionados os bairros / setores que farão parte da amostra. 
Numa segunda etapa são sorteados os pontos de abordagem onde serão aplicadas as entrevistas. 
Por fim, os entrevistados são selecionados aleatoriamente para responder ao questionário, de acordo com 
cotas de:  FEMININO	53,24%	;
MASCULINO	46,76%.   
( FONTE     TSE/FEV2026:   https://sig.tse.jus.br/ords/dwapr/r/seai/sig-eleitor-eleitorado-mensal/cruzamento-eleitorado-mensal?session=9302969183802
https://sig.tse.jus.br/ords/dwapr/r/seai/sig-eleitor-eleitorado-mensal/cruzamento-eleitorado-mensal?p24_metricas=E&p24_back=22&p24_cruzamento_1=ds_sexo&clear=24&session=9302969183802
).  
Faixa etária:  		
16 a 24 anos	15,24%	;
25 a 34 anos	22,97%	;
35 a 44 anos	23,15%	;
45 a 59 anos	25,43%	;
60 anos ou mais	13,21%.  
( FONTE TSE/FEV2026:  https://sig.tse.jus.br/ords/dwapr/r/seai/sig-eleitor-eleitorado-mensal/cruzamento-eleitorado-mensal?p24_cruzamento_1=ds_faixa_etaria&p24_metricas=E&p24_back=22&clear=24&session=9302969183802)  

Grau de instrução:  		
ANALFABETO	1,03%	;
LÊ E ESCREVE	1,83%	;
ENSINO FUNDAMENTAL COMPLETO	4,01%	;
ENSINO FUNDAMENTAL INCOMPLETO	10,93%	;
ENSINO MÉDIO COMPLETO	32,47%	;
ENSINO MÉDIO INCOMPLETO	18,87%	;
SUPERIOR COMPLETO	19,36%	;
SUPERIOR INCOMPLETO	11,50%.   
( FONTE TSE/FEV2026:  https://sig.tse.jus.br/ords/dwapr/r/seai/sig-eleitor-eleitorado-mensal/cruzamento-eleitorado-mensal?p24_cruzamento_1=ds_grau_instrucao&p24_metricas=E&p24_back=22&clear=24&session=9302969183802)  

Nível Econômico (renda mensal familiar):  		
Até 1/2 salário mínimo	0,8%	;
Mais de 1/2 a 1 salário mínimo	10,3%	;
Mais de 1 a 2 salários mínimos	20,5%	;
Mais de 2 a 5 salários mínimos	33,7%	;
Mais de 5 a 10 salários mínimos	18,0%	;
Mais de 10 a 20 salários mínimos	9,4%	;
Mais de 20 salários mínimos	4,2%	;
Sem rendimento	3,1%	;
( FONTE: IBGE | Cidades@ | Tocantins | Palmas | Pesquisa | Censo 2010 | Universo - Características da população e dos domicílios
https://cidades.ibge.gov.br/brasil/to/palmas/pesquisa/23/24304)

Observação: Conforme informações disponibilizadas pelo Instituto Brasileiro de Geografia e Estatística (IBGE), não houve nem há previsão de divulgação do perfil econômico (nível econômico) da população brasileira no âmbito do Censo Demográfico de 2022 (https://censo2022.ibge.gov.br/panorama/), para essa variável será adotado o fator de ponderação igual a 1, correspondente aos resultados obtidos em campo, caso seja verificada diferença superior à margem de erro prevista no estudo entre a projeção da amostra baseada nos dados do IBGE 2010 e os dados efetivamente coletados. Para as variáveis de sexo, idade e grau de instrução, está previsto uma eventual ponderação, nos limites da margem de erro, para correção nos tamanhos das variáveis, caso ocorra uma diferença entre a previsão da amostra e a coleta dos dados realizados sobre a faixa de eleitores acima de 16 anos. 

Margem de Erro: A margem de erro máxima prevista é de 2,7 pontos percentuais para mais ou para menos, considerando um nível de confiança de 95%.
";"Os entrevistadores envolvidos na realização desta pesquisa são treinados pelo Instituto e recebem instruções específicas para cada projeto realizado. A coleta será feita com a utilização de questionário impresso, que serão computados posteriormente à pesquisa de campo. Os pesquisadores são supervisionados por um coordenador que estará em campo juntamente com a equipe garantindo a lisura da pesquisa. Internamente, todo o material é verificado e codificado. Antes do processamento final e emissão dos resultados, realiza-se processo de consistência dos dados. Os dados coletados e tratados nesta pesquisa atendem às exigências da LGPD, Lei Geral de Proteção de Dados, garantindo ao respondente o sigilo de sua identidade e o correto tratamento de suas respostas.";"A relação completa dos municípios incluídos no levantamento será encaminhada posteriormente, a partir do dia em que a pesquisa puder ser divulgada e até o dia seguinte, conforme a Resoluções 23.600/2019 e 23.747/2026 do TSE."
"28/09/2026";"05:46:54";2026;81;"Eleições Gerais 2026";"TO";"TO";"TOCANTINS";"TO096652026";"2026-08-20 08:23:13";"S";"22345021000181";"REAL TIME MIDIA LTDA";"REAL TIME BIG DATA";"Governador, Senador";"2026-08-21 00:00:00";"2026-08-25 00:00:00";"2026-08-26 00:00:00";1600;"10839";"Isabela Zara Cremoneze";"24000,00";"Pesquisa quantitativa, que consiste na realização de entrevistas com eleitores do universo a ser explorado, feitas em combinação mista por entrevistadores humanos e recursos de inteligência artificial, com a aplicação de questionário estruturado com abordagens telefônicas e digitais junto a uma amostra representativa do eleitorado em estudo. Pesquisa realizada no Estado do Tocantins (TO).";"Representativo do eleitorado da área em estudo, elaborada em três estágios. 
No primeiro estágio, realiza-se um sorteio probabilístico dos municípios onde as entrevistas serão realizadas, pelo método PPT (Probabilidade Proporcional ao Tamanho), tomando a população eleitora de 16 anos ou mais residente nos municípios como base para essa seleção.
No segundo estágio, efetua-se um sorteio probabilístico das localidades dentro dos municípios selecionados, também pelo método PPT (Probabilidade Proporcional ao Tamanho), considerando a população eleitora de 16 anos ou mais residente nessas localidades como base para a seleção.
No terceiro e último estágio, dentro das localidades sorteadas, os respondentes são selecionados por meio de quotas amostrais proporcionais, em função de variáveis significativas, a saber:

GÊNERO:
Feminino: 50,9%;
Masculino: 49,1%
(Fonte: TSE (Julho/2026) - https://sig.tse.jus.br/ords/dwapr/r/seai/sig-eleitor-eleitorado-mensal/cruzamento-eleitorado-mensal?p24_metricas=E&p24_back=22&p24_cruzamento_1=ds_sexo&clear=24&session=6255761252678)
FAIXA ETÁRIA:
16 anos: 0,8%;
17 anos: 1,2%;
18 a 20 anos: 5,6%;
21 a 24 anos: 8,1%;
25 a 34 anos: 20,4%;
35 a 44 anos: 20,1%;
45 a 59 anos: 24,6%;
60 a 69 anos: 10,5%;
70 a 79 anos: 5,9%;
Superior a 79 anos: 2,9%. 
(Fonte: TSE (Julho/2026) - https://sig.tse.jus.br/ords/dwapr/r/seai/sig-eleitor-eleitorado-mensal/cruzamento-eleitorado-mensal?p24_cruzamento_1=ds_faixa_etaria&p24_metricas=E&p24_back=22&clear=24&session=6255761252678)
ESCOLARIDADE:
Analfabeto: 4,8%;
Lê e Escreve: 7,2%;
Ensino Fundamental Incompleto: 19,2%;
Ensino Fundamental Completo: 4,4%;
Ensino Médio Incompleto: 19,9%;
Ensino Médio Completo: 27,3%;
Ensino Superior Incompleto: 6,2%;
Ensino Superior Completo: 11,0%
(Fonte: TSE (Julho/2026) - https://sig.tse.jus.br/ords/dwapr/r/seai/sig-eleitor-eleitorado-mensal/cruzamento-eleitorado-mensal?p24_cruzamento_1=ds_grau_instrucao&p24_metricas=E&p24_back=22&clear=24&session=6255761252678)
RENDA DOMICILIAR MENSAL:
Sem rendimento: 5,5%;
Até 1/2 Salário Mínimo: 5,6%;
Mais de 1/2 a 1 Salário Mínimo: 19,2%;
Mais de 1 a 2 Salários Mínimos: 27,2%;
Mais de 2 a 5 Salários Mínimos: 27,4%;
Mais de 5 a 10 Salários Mínimos: 9,8%;
Mais de 10 a 20 Salários Mínimos: 3,8%;
Mais de 20 Salários Mínimos: 1,5%.
(Fonte: IBGE (Censo 2010) - https://cidades.ibge.gov.br/brasil/to/pesquisa/23/24304?detalhes=true)
Observação: De acordo com informações do Instituto Brasileiro de Geografia e Estatística (IBGE), não há previsão de data para a divulgação do perfil econômico da população brasileira do CENSO 2022. Portanto, os dados sobre o nível econômico obtidos no Censo 2022 não podem ser utilizados, pois ainda não foram publicados.
Está prevista eventual ponderação para correção das variáveis sexo e idade, com base nos percentuais anteriormente mencionados, caso ocorram diferenças superiores a 3 pontos percentuais entre o previsto na amostra e a coleta de dados realizada. Para as variáveis de grau de instrução e nível econômico do entrevistado, o fator previsto para ponderação é 1 (resultados obtidos em campo). O nível de confiança estimado é de 95% e a margem de erro máxima estimada considerando um modelo de amostragem aleatório simples, é de aproximadamente 2 (dois) pontos percentuais para mais ou para menos sobre os resultados encontrados no total da amostra.
";"O trabalho de coleta de dados é acompanhado por supervisores humanos. São selecionados aleatoriamente 15% (quinze por cento) dos questionários para uma verificação posterior e, em caso de dúvida, o formulário é descartado e o responsável pela coleta chamado para esclarecimentos. Há uma equipe especializada que confere os dados à exaustão com objetivo de averiguar e aferir os resultados coletados.";"O anexo do arquivo com os bairros será realizado até o dia seguinte da divulgação conforme indicado no §7º. do art. 2º. da Resolução-TSE nº. 23.600/2019."
"28/09/2026";"05:46:54";2026;81;"Eleições Gerais 2026";"TO";"TO";"TOCANTINS";"TO095732026";"2026-08-13 09:06:29";"N";"11077560000160";"NEXUS PESQUISA E INTELIGENCIA DE DADOS LTDA";"NEXUS";"Governador, Senador";"2026-08-13 00:00:00";"2026-08-18 00:00:00";"2026-08-19 00:00:00";1200;"8656-A";"Neale Ahmed El Dash";"90000,00";"Pesquisa quantitativa telefônica realizada com população de Tocantins a partir de 16 anos e com título de eleitor, em um questionário estruturado, para avaliação do cenário político eleitoral. Os entrevistados são selecionados por sorteio em uma amostra representativa do eleitorado com acesso a telefonia fixa e móvel. Todas as entrevistas são realizadas por um time de pesquisadores experientes com pesquisas de opinião e treinados especificamente para o projeto.";"Realização de 1.200 entrevistas em uma amostra representativa do eleitorado de Tocantins (a partir de 16 anos com título de eleitor) selecionados de modo aleatório, a partir do cadastro de todos os telefones fixos e móveis existentes de acordo com a Agência Nacional de Telecomunicações (Anatel). A técnica de seleção dos entrevistados é a aleatória estratificada por DDD, em uma amostra com margem de erro estimada de 2.9 pontos percentuais para mais ou para menos, considerando um intervalo de confiança de 95%. 

A amostra é controlada a partir de cinco variáveis: (a) condição do município; (b) tipo de telefonia (fixo e móvel), (c) sexo, (d) idade e (e) escolaridade. A distribuição amostral esperada segue: para escolaridade ? até fundamental completo (35%), até médio completo (41%) e superior incompleto ou mais (24%); ?  para faixa etária  ?  16 a 24 anos (20%), 25 a 34 anos (21%), 35 a 44 anos (20%), 45 a 59 anos (23%) e 60 anos ou mais (16%);  ?  para sexo  ?  homem (51%) e mulher (49%);  ?, para condição do município  ? capital (22%) e interior (78%); - e para o tipo de telefonia, móvel (90%) e fixo (10%). Os dados da Pesquisa Nacional por Amostragem de Domicílios Contínua (PNADc), do suplemento anual acumulado da 1ª Visita de 2024, são usados como referência para a construção da amostra.

Ao final da coleta, será aplicado um fator de ponderação nos resultados para correção de eventuais diferenças entre o planejado na amostra e o observado pelo trabalho de campo ? levando em conta todas as variáveis descritas acima e variáveis como pessoas dentro e fora da força de trabalho e renda domiciliar. 

As distribuições amostrais esperadas de renda domiciliar e das pessoas dentro e fora da força de trabalho são as seguintes: 42% até 2 salários mínimos, 39% de 2 a 5 salários mínimos, 19% acima de 5 salários mínimos; pessoas dentro da força de trabalho 66%, pessoas fora da força de trabalho 34%. 

Os dados da Pesquisa Nacional por Amostragem de Domicílios Contínua (PNADc), do suplemento anual acumulado da 1ª Visita de 2024, são usados como referência para a construção da amostra.A relação completa dos municípios pesquisados será encaminhada a este tribunal até o sétimo dia seguinte à data de registro da pesquisa, conforme a Resolução 23.600/2019 do TSE, art.2º §7º
";"O controle de qualidade e verificação das entrevistas é realizado durante o campo, por equipe de auditoria responsável pela fiscalização de cerca de 20% dos questionários aplicados durante o trabalho de campo. Essa etapa é assistida por meio de software que leva em consideração a adequação das entrevistas ao fluxo do questionário para conferência e fiscalização dos dados coletados durante o campo da pesquisa. 

Além da auditoria descrita, o sistema operacional de discagem mantém o registro de todas as ligações realizadas aleatoriamente: entrevistas completas, recusas ou interrupções antes do término, contatos inelegíveis (por exemplo, entrevistados menores de 16 anos) e os números sem contato (após duas tentativas em turnos diferentes no mesmo dia). As taxas de resposta e de cooperação, respectivamente, são calculadas pela razão entre as entrevistas completas e o total de números elegíveis e pela razão entre as entrevistas completas e o total de contatos efetivos com pessoas elegíveis.
";"Pesquisa realizada por meio de entrevistas telefônicas, utilizando como procedimento de seleção da amostra a técnica de Random Digit Dialing (RDD). Nesse tipo de metodologia, a unidade amostral primária é o número de telefone (com DDD), e não o domicílio ou o setor censitário.

O Random Digit Dialing (RDD) é um método de amostragem amplamente utilizado em pesquisas telefônicas, no qual números de telefone são gerados aleatoriamente por algoritmo, respeitando as combinações válidas de prefixos e códigos de área da região geográfica pesquisada. Dessa forma, o sistema realiza chamadas para números que podem ou não estar previamente listados em cadastros públicos ou privados, permitindo alcançar tanto números fixos quanto celulares e ampliando a cobertura potencial da população-alvo.

Nesse procedimento, cada número telefônico elegível dentro da área geográfica definida possui probabilidade conhecida de ser selecionado, garantindo o caráter probabilístico da amostra. Após o contato, são aplicados critérios de elegibilidade (por exemplo, residência na área pesquisada e pertencimento ao eleitorado do local) e coletadas informações sociodemográficas do entrevistado para fins de controle amostral e ponderação estatística.

Dessa forma, não há setores censitários a serem informados ou divulgados no registro da pesquisa, uma vez que o processo de seleção amostral é realizado exclusivamente a partir de números telefônicos gerados aleatoriamente (RDD), que constituem a unidade amostral utilizada no estudo.

Destaca-se que não há substituição dirigida de entrevistados: números esgotados, recusas e casos não elegíveis são registrados como perdas e o número seguinte é sorteado aleatoriamente pelo mesmo procedimento de RDD, dentro do mesmo estrato de DDD e do mesmo tipo de telefonia, preservando a probabilidade conhecida de seleção de cada número elegível. A reposição, portanto, ocorre no nível da unidade amostral primária (o número telefônico) e não no nível do indivíduo, não sendo admitida a troca de um respondente por outro de perfil equivalente por conveniência do entrevistador.

Eventuais desvios remanescentes entre a amostra planejada e a obtida, decorrentes de diferenças de propensão a responder entre subgrupos, são corrigidos pelo fator de ponderação descrito na seção de plano amostral.

A relação completa dos municípios pesquisados será encaminhada a este tribunal até o sétimo dia seguinte à data de registro da pesquisa, conforme a Resolução 23.600/2019 do TSE, art.2º §7º
"
"28/09/2026";"05:46:54";2026;81;"Eleições Gerais 2026";"TO";"TO";"TOCANTINS";"TO078962026";"2026-08-14 22:08:33";"S";"00654576000172";"INSTITUTO VERITA LTDA";"VERITA";"Governador, Senador";"2026-08-15 00:00:00";"2026-08-19 00:00:00";"2026-08-20 00:00:00";1220;"10699";"Guilherme Alvarenga Laia";"93940,00";"Estudo quantitativo voltado às Eleições 2026, realizado por meio de entrevistas individuais, aplicadas mediante questionário eletrônico estruturado e Unidade Automatizada de Respostas Audíveis e Auditáveis, por meio de ligações para telefones móveis (celulares). A inteligência artificial é empregada exclusivamente para a transcrição automatizada das respostas em áudio, não interferindo na formulação das perguntas, na condução das entrevistas, na coleta das informações, na interpretação das respostas ou no tratamento estatístico dos dados.

A participação dos eleitores é voluntária, espontânea e não remunerada. As respostas são prestadas por autodeclaração, sendo, em sua maioria, registradas por meio de códigos numéricos correspondentes às alternativas previamente definidas no questionário.

A utilização de sistema eletrônico automatizado para a coleta e o registro das respostas proporciona elevado nível de padronização operacional, reduz a possibilidade de interferência humana durante a realização das entrevistas, amplia a rastreabilidade e a auditabilidade de todo o processo de coleta e contribui para maior precisão, consistência e confiabilidade dos dados obtidos.

O plano amostral foi elaborado para assegurar a representatividade estatística do eleitorado da respectiva Unidade da Federação, observando critérios técnicos de seleção, distribuição e ponderação da amostra, quando aplicáveis.";"A pesquisa foi planejada para produzir uma amostra estatisticamente representativa do eleitorado desta UF, utilizando o método de Probabilidade Proporcional ao Tamanho (PPT), com plano amostral em múltiplos estágios. Na primeira etapa, a Unidade da Federação é estratificada em macrorregiões geográficas. Na segunda, os municípios de cada estrato são ordenados segundo seu porte populacional. Na terceira, os municípios são selecionados pelo método PPT. Na quarta, os respondentes são selecionados aleatoriamente entre eleitores aptos, observando-se a distribuição proporcional entre os municípios selecionados e as quotas estabelecidas para as variáveis de sexo, faixa etária, grau de instrução e nível econômico; as cotas são calculadas para a pesquisa completa, não para cada município isoladamente.

SEXO E FAIXA ETÁRIA - Fonte: Tribunal Superior Eleitoral (TSE), Perfil do Eleitorado, junho de 2026. Disponível em: https://sig.tse.jus.br/ords/dwapr/r/seai/sig-eleicao-eleitorado/painel-perfil-eleitorado. A ponderação observa a seguinte distribuição: Feminino de 16 a 34 anos: 18,8%; Masculino de 16 a 34 anos: 17,9%; Feminino de 35 a 54 anos: 19,2%; Masculino de 35 a 54 anos: 18,3%; Feminino com 55 anos ou mais: 12,9%; Masculino com 55 anos ou mais: 12,9%.

GRAU DE INSTRUÇÃO - DADOS DO TSE PARA FINS DE ESCOLARIDADE NÃO SÃO CORRETOS POR NÃO SEREM ATUALIZADOS. Usamos como fonte: IBGE - PNAD Contínua 2025 (Tabela SIDRA nº 7135), disponível em: https://sidra.ibge.gov.br/tabela/7135#resultado. A distribuição é: sem instrução 8,1%; ensino fundamental incompleto ou equivalente 24,5%; ensino fundamental completo ou equivalente 6,6%; ensino médio incompleto ou equivalente 5,3%; ensino médio completo ou equivalente 29,3%; ensino superior incompleto ou equivalente 4,9%; ensino superior completo 21,2%.

NÍVEL ECONÔMICO - RENDA FAMILIAR DO DOMICÍLIO - Fonte: PNAD Contínua Anual 2025. Considera-se a renda domiciliar total (trabalho formal e informal, aposentadorias, pensões, benefícios sociais e demais fontes), observando-se a seguinte distribuição: renda familiar de até 2 salários-mínimos 43,9%; de 2 a 5 salários-mínimos 37,9%, acima de 5 salários-mínimos 18,2%.

Como INDICADOR COMPLEMENTAR DA ESTRUTURA SOCIOECONÔMICA da amostra, utiliza-se a condição de atividade econômica da população, conforme IBGE - PNAD Contínua, primeiro trimestre de 2026, sendo 40,5% de população não economicamente ativa e 59,5% de população economicamente ativa.

Prevê-se eventual ponderação das variáveis de sexo, faixa etária, grau de instrução e nível econômico, caso sejam verificadas diferenças superiores à margem de erro entre a distribuição da amostra coletada e os parâmetros de referência adotados. Inicialmente, o fator de ponderação é igual a 1 (um), podendo ser recalculado sempre que necessário para assegurar a representatividade estatística da amostra.

O intervalo de confiança adotado é de 95%, com margem máxima estimada de erro de aproximadamente 3 pontos percentuais, para mais ou para menos, sobre os resultados do total da amostra, calculada segundo o modelo de amostragem aleatória simples e a hipótese de máxima variabilidade.";"Após os trabalhos de coleta de dados, os questionários são submetidos a uma fiscalização, conferência e checagem de cerca de 20% (vinte por cento) dos questionários aplicados. Todas as entrevistas são integralmente registradas em áudio, permanecendo auditáveis e rastreáveis, permitindo a verificação da integridade do processo de coleta, preservado o sigilo das informações pessoais dos entrevistados e observadas as disposições da Lei Geral de Proteção de Dados Pessoais (Lei nº 13.709/2018).";"Em observância ao art. 2º, § 7º, da Resolução TSE nº 23.600/2019, com redação dada pela Resolução TSE nº 23.747/2026, a presente pesquisa terá seu registro complementado no Sistema de Registro de Pesquisas Eleitorais a partir da data em que sua divulgação for permitida e até o dia seguinte, com a identificação dos municípios em que foram realizadas as entrevistas, bem como da composição final da amostra quanto a gênero, idade, grau de instrução e nível econômico, na forma exigida pela legislação eleitoral vigente."
"28/09/2026";"05:46:54";2026;81;"Eleições Gerais 2026";"TO";"TO";"TOCANTINS";"TO048802026";"2026-09-26 22:22:15";"S";"56824073000152";"EXATA.GO PESQUISA LTDA";"EXATA.GO";"Governador, Deputado Federal, Deputado Estadual";"2026-09-26 00:00:00";"2026-10-01 00:00:00";"2026-10-02 00:00:00";1300;"7655";"AUGUSTO DA SILVA ROCHA";"20000,00";"
Trata-se de uma pesquisa quantitativa realizada por meio de entrevistas, com aplicação de questionário estruturado a uma amostra representativa do eleitorado em estudo. A pesquisa foi conduzida no Estado do Tocantins (TO).";"A amostra é representativa do eleitorado da área pesquisada e foi elaborada em três estágios. No primeiro estágio, realiza-se o sorteio probabilístico dos municípios onde serão conduzidas as entrevistas, utilizando o método PPT (Probabilidade Proporcional ao Tamanho). Para essa seleção, considera-se como base a população eleitora residente nos municípios com 16 anos ou mais. No segundo estágio, é realizado o sorteio probabilístico das localidades dentro dos municípios previamente selecionados, também por meio do método PPT (Probabilidade Proporcional ao Tamanho), tomando como referência a população eleitora com 16 anos ou mais residente nessas localidades. No terceiro e último estágio, dentro das localidades sorteadas, os entrevistados são selecionados por meio de cotas amostrais proporcionais, definidas a partir de variáveis consideradas relevantes, conforme descrito a seguir: GÊNERO: Feminino: 50,9%; Masculino: 49,1% (Fonte: TSE (Julho/2026) - https://sig.tse.jus.br/ords/dwapr/r/seai/sig-eleitor-eleitorado-mensal/cruzamento-eleitorado-mensal?p24_metricas=E&p24_back=22&p24_cruzamento_1=ds_sexo&clear=24&session=6255761252678) FAIXA ETÁRIA: 16 a 24 anos: 15,7% 25 a 34 anos: 20,4% 35 a 44 anos: 20,1% 45 a 59 anos: 24,6% 60 anos ou mais: 19,3% (Fonte: TSE (Julho/2026) - https://sig.tse.jus.br/ords/dwapr/r/seai/sig-eleitor-eleitorado-mensal/cruzamento-eleitorado-mensal?p24_cruzamento_1=ds_faixa_etaria&p24_metricas=E&p24_back=22&clear=24&session=6255761252678) ESCOLARIDADE: Lê e Escreve: 7,2%; Analfabeto: 4,8%; Ensino Fundamental Incompleto: 19,2%; Ensino Fundamental Completo: 4,4%; Ensino Médio Incompleto: 19,9%; Ensino Médio Completo: 27,3%; Ensino Superior Incompleto: 6,2%; Ensino Superior Completo: 11,0% (Fonte: TSE (Julho/2026) - https://sig.tse.jus.br/ords/dwapr/r/seai/sig-eleitor-eleitorado-mensal/cruzamento-eleitorado-mensal?p24_cruzamento_1=ds_grau_instrucao&p24_metricas=E&p24_back=22&clear=24&session=6255761252678) RENDA DOMICILIAR MENSAL: Sem rendimento: 5,5%; Até 1/2 Salário Mínimo: 5,6%; Mais de 1/2 a 1 Salário Mínimo: 19,2%; Mais de 1 a 2 Salários Mínimos: 27,2%; Mais de 2 a 5 Salários Mínimos: 27,4%; Mais de 5 a 10 Salários Mínimos: 9,8%; Mais de 10 a 20 Salários Mínimos: 3,8%; Mais de 20 Salários Mínimos: 1,5%. (Fonte: IBGE (Censo 2010) - https://cidades.ibge.gov.br/brasil/to/pesquisa/23/24304?detalhes=true) Observação: De acordo com o Instituto Brasileiro de Geografia e Estatística (IBGE), ainda não há previsão de divulgação do perfil econômico da população brasileira com base no Censo 2022. Dessa forma, os dados referentes ao nível econômico provenientes desse censo ainda não podem ser utilizados, pois não foram publicados. Está prevista a realização de ponderação para correção das variáveis sexo e idade, com base nos percentuais apresentados anteriormente, caso sejam observadas diferenças superiores a três pontos percentuais entre a distribuição prevista na amostra e aquela obtida na coleta de dados. Para as variáveis grau de instrução e nível econômico do entrevistado, o fator de ponderação previsto é igual a 1, ou seja, serão utilizados os resultados observados em campo. O nível de confiança estimado para os resultados é de 95%, e a margem de erro máxima estimada, considerando um modelo de amostragem aleatória simples, é de aproximadamente 2,7 pontos percentuais para mais ou para menos sobre os resultados observados para o total da amostra.";"A coleta de dados é acompanhada por supervisores responsáveis pelo monitoramento das atividades de campo. Além disso, 30% (trinta por cento) dos questionários são selecionados aleatoriamente para verificação posterior, por meio de ligações telefônicas realizadas para os números informados nos formulários. Em caso de inconsistências ou dúvidas, o questionário é descartado e o entrevistador é convocado para prestar esclarecimentos.";"#NULO#"
"28/09/2026";"05:46:54";2026;81;"Eleições Gerais 2026";"TO";"TO";"TOCANTINS";"TO045492026";"2026-07-08 19:54:43";"S";"00654576000172";"INSTITUTO VERITA LTDA";"VERITA";"Governador, Senador";"2026-07-09 00:00:00";"2026-07-13 00:00:00";"2026-07-14 00:00:00";1220;"10699";"Guilherme Alvarenga Laia";"93940,00";"Pesquisa quantitativa, que consiste na realização de entrevistas, com a aplicação de questionário estruturado junto a uma amostra representativa do eleitorado desta Unidade da Federação.";"ESTUDO REPRESENTATIVO DO ELEITORADO DO ESTADO DO TOCANTINS - MÉTODO PPT (Probabilidade Proporcional ao Tamanho) - PLANO AMOSTRAL E PONDERAÇÃO QUANTO A SEXO, IDADE, GRAU DE INSTRUÇÃO E NÍVEL ECONÔMICO DO ENTREVISTADO; INTERVALO DE CONFIANÇA E MARGEM DE ERRO: Representativo do eleitorado da área em estudo, elaborada, em vários estágios, da seguinte forma: - 1. Divisão da UF em estratos proporcionais de municípios. 2. Ordenação dos municípios de cada estrato segundo o porte. 3. Sorteio dos municípios de cada estrato. 4. Os respondentes são selecionados através de quotas amostrais proporcionais em função de variáveis significativas, a saber: GÊNERO / FAIXA ETÁRIA - FEMININO E MASCULINO 16 A 34 ANOS 18,8% E 17,9%, 35 A 54 ANOS 19,2% E 18,3%, 55 ANOS OU MAIS 12,9% E 12,9%. GRAU DE INSTRUÇÃO ¿ FEMININO E MASCULINO Sem instrução até Ensino Médio completo 62,9%, Ensino superior incompleto e completo 37,1% NÍVEL ECONÔMICO - FEMININO população não economicamente ativa 46,5% população economicamente ativa 53,5% MASCULINO população não economicamente ativa 27,2% população economicamente ativa 72,8%. RENDA FAMILIAR DO DOMICÍLIO renda familiar de até 2 salários-mínimos 30,7%; de 2 a 5 salários-mínimos 44,2%, acima de 5 salários-mínimos 25,1%. Está prevista eventual ponderação para correção das variáveis, com base nos percentuais anteriormente mencionados, caso ocorram diferenças superiores a margem de erro da pesquisa previsto entre a amostra e a coleta de dados realizada. O fator previsto para ponderação é 1 (resultados obtidos na coleta de dados). O intervalo de confiança estimado é de 95% e a margem de erro máxima estimada considerando um modelo de amostragem aleatório simples, é de aproximadamente 3 pontos percentuais para mais ou para menos sobre os resultados encontrados no total da amostra. FONTE DOS DADOS: IBGE/Censo 2022 para fins de densidade demográfica, setores censitários e alocação da amostra. IBGE/PNAD/PNADC/MEC/INEP para fins de Nível Econômico e Escolaridade. TSE JUNHO/2026 para fins de Sexo, Faixa Etária e eleitorado por município ou regiões previamente definidas (importante ressaltar para o público leigo que os dados do TSE são os únicos corretos para gênero, idade dos eleitores e quantitativo de eleitores por municípios já que a base de dados se atualiza automaticamente, PORÉM, dados de escolaridade e nível econômico NÃO são corretos e confiáveis devido a desatualização que ocorre naturalmente com o passar dos anos). Definição de margem de erro e intervalo de confiança: Margem de erro e intervalo de confiança não são grandezas diretamente proporcionais. A SOMA NÃO TEM QUE RESULTAR 100%. ";"Após os trabalhos de coleta de dados, os questionários são submetidos a uma fiscalização, conferência e checagem de cerca de 20% (vinte por cento) dos questionários aplicados.";"A relação dos municípios sorteados ou selecionados para esta pesquisa será apresentada em arquivo anexo até 1 (um) dia após a divulgação desta pesquisa conforme §7º. do art. 2º. da Resolução-TSE nº. 23.600/2019. A área de abrangência desta pesquisa é o Estado DO TOCANTINS."
"28/09/2026";"05:46:54";2026;81;"Eleições Gerais 2026";"TO";"TO";"TOCANTINS";"TO091462026";"2026-09-02 20:12:26";"S";"86951993000100";"PROMOTION - EDITORA PORTAL DE NOTICIAS E PESQUISAS LTDA";"PORTAL E INSTITUTO STYLO";"Governador, Senador";"2026-09-03 00:00:00";"2026-09-05 00:00:00";"2026-09-08 00:00:00";1200;"6892";"JOAO SOARES DE ARAUJO NETO";"21000,00";"I.1) Objetivo: Aferir a intenção de voto dos eleitores, em 29 municípios do Estado, obedecendo a
distribuição geográfica da população por Regiões Geográficas do Estado do Tocantins. Sendo
relevante o quantitativo do número de habitantes e eleitores, na escolha dos municípios.
Intenção de voto do eleitorado do Estado do Tocantins, com relação aos candidatos ao Governo do
Estado e Senado Federal, através de entrevistas diretas junto ao eleitorado. Essas terão por objetivo,
identificar de forma estimulada e espontânea, a aceitação e/ou rejeição dos candidatos postulantes
aos cargos eletivos.
I.2) Procedimentos para a realização da Pesquisa: Aplicação de entrevistas diretas junto ao
eleitorado dos 29 municípios de 6 regiões (Bico do Papagaio, Norte, Central, Sudeste, Vale do
Araguaia e Sul), que abrangem o Estado do Tocantins. Aplicando-se questionários estruturados nos
domicílios, estabelecimentos comerciais e de serviços e áreas públicas, na zona urbana dos
municípios. Para cada domicílio e/ou estabelecimento comercial/serviços, será realizada uma única
entrevista. A seleção das entrevistas utilizará o critério de aleatoriedade no sorteio das unidades que
irão compor o painel amostral, tendo por objetivo minimizar a tendenciosidade e os possíveis viés,
que são passíveis de ocorrerem neste tipo de pesquisa. O número de questionários aplicados, terá
por base uma amostra significativa e representativa do eleitorado cadastrado nestes municípios,
tendo por base o número de eleitores informado pelo TSE referente ao Estado do Tocantins, tendo
por referência o mês de julho do ano corrente.
I.3) Abrangência Geográfica:
I.3.1) Região do Bico do Papagaio, composta pelos municípios de: -Araguatins, Augustinópolis, Tocantinópolis e Sítio Novo;
I.3.2) Região Norte, composta pelos municípios de: -Araguaína, Colinas do Tocantins, Guaraí e Nova Olinda;
I.3.3) Região Central, composta pelos municípios de: - Barrolândia, Miracema do Tocantins, Miranorte, Palmas e Porto Nacional;
I.3.4) Região Sudeste, composta pelos municípios de: -Almas, Arraias, Dianópolis, Natividade e Taguatinga;
I.3.5) Região Vale do Araguaia, composta pelos municípios de: -Cristalândia, Divinópolis, Lagoa da Confusão; Paraíso e Pium;
I.3.6) Região Sul, composta pelos municípios de: -Araguaçu, Alvorada, Figueirópolis, Formoso do Araguaia, Gurupi e Peixe.
O número de entrevistas realizado em cada Região, terá por base o Cadastro do TSE/TO referente a
cada município a ser pesquisado, tendo por referência o mês de julho de 2026. As entrevistas serão
realizadas majoritariamente nos domicílios (90%), e o restante nos estabelecimentos
comerciais/serviços e áreas de circulação públicas.
I.4) Os dados que permitirão a caracterização do perfil do eleitorado para o dimensionamento da
amostra, tiveram como base de referência, as informações do cadastro de eleitores do TSE/TO
referente a julho/2026, para identificação do número de eleitores, por sexo, faixa etária, grau de
instrução e o Censo Populacional de 2010 do IBGE, para identificar a classe de rendimentos por
domicílios(Publicação IBGE Cidades).
Com base no banco de dados do TSE/TO, registrado em julho/2026, o total de eleitores no
Estado corresponde a 1.182.768.
A amostra da população entrevistada corresponderá a um percentual robusto e significativo, que
permita a realização de inferência para o restante dos demais municípios, que não foram abrangidos
pela Pesquisa.";"Descrição: Foi elaborado utilizando-se o critério de AAS (Amostragem Aleatória Simples) para o
cálculo do tamanho da amostra de uma população finita, considerando para as variáveis p(sucesso)
e q(não sucesso) para a obtenção ou não de votos junto ao eleitorado. Tendo por objetivo o
dimensionamento de uma amostra confiável e significativa para a descrição do fenômeno objeto de
avaliação. Minimizando a probabilidade de ocorrência de erros e a consequente obtenção de uma
amostra representativa em relação a população componente do universo pesquisado. A pesquisa foi
dimensionada para uma amostra com Margem de Confiança de 95% e Erro Amostral de 2,9 pontos
percentuais para mais ou para menos, totalizando 1200 questionários.
II.2) Distribuição dos questionários por Regiões/municípios e cotas (sexo, faixa etária, grau de
instrução e renda domiciliar):
Os questionários foram distribuídos pelas Regiões da seguinte forma:
II.2.1) Região do Bico do Papagaio: 11%.
Nº de Questionários:132
II.2.2) Região Norte: 23%.
Nº de Questionários:276
II.2.3) Região Central: 37%.
Nº de Questionários:444
II.2.4) Região Sudeste: 7%.
Nº de Questionários:84
II.2.5) Região Vale do Araguaia: 9%.
Nº de Questionários:108
II.2.6) Região Sul: 13%.
Nº de Questionários:156
II.3.1) Por Sexo: Masculino e Feminino;
II.3.2) Por Faixa Etária (anos): 16 a 20, 21 a 24, 25 a 34, 35 a 44, 45 a 59, 60 a 69 e 70 anos ou mais;
II.3.3) Por Grau de Instrução: Analfabeto, Fundamental Incompleto juntamente com Lê/Escreve,
Fundamental Completo, Médio Incompleto, Médio Completo, Superior Incompleto e Superior
Completo.
II.3.4) Renda Domiciliar (Sal. Mínimo): Sem rendimentos, Até ½, Mais de ½ a 1, Mais de 1 a 2, Mais
de 2 a 5, Mais de 5 a 10, Mais de 10.
OBS.: As informações referentes aos itens II.3.1 a II.3.4, estão especificadas em quadros anexos
assinados digitalmente";"COLETA DE DADOS E DO TRABALHO DE CAMPO:
Obedecerá aos seguintes critérios:
III.1) Seleção aleatória de alguns setores pesquisados, havendo posterior visita de supervisores de
campo do instituto, para avaliação da qualidade das informações coletadas;
III.2) Visita a 10% dos domicílios do local selecionado, para confirmação da veracidade das
informações coletadas;
III.3) Acompanhamento de algumas entrevistas por parte do supervisor, para observar se o
pesquisador está influenciando, ainda que de forma indireta na resposta do entrevistado,
comprometendo assim, a qualidade da entrevista e consequentemente o resultado da Pesquisa.
III.4) Utilização de fatores de ponderação para ajustes na amostra coletada, com base na amostra
prevista. Caso ocorram distorções significativas, entre os quantitativos obtidos na coleta de
determinada variável e o determinado no dimensionamento da amostra.
Exemplo:
III.4.1) Ponderação por sexo e idade: Ocorrendo diferença superior a 5 pontos percentuais, entre o
previsto no cálculo do dimensionamento da amostra e, o coletado no campo;
III.4.2) Grau de Instrução e Renda Domiciliar: Ocorrendo a mesma situação de diferença superior a 5
pontos percentuais, na coleta dessas variáveis, será utilizado fator de ponderação igual a um.
Correspondente aos valores obtidos na coleta de campo.

III..5) Na ausência de delimitação de bairros nos municípios pesquisados, serão identificadas as áreas
em que foram realizadas as entrevistas para coleta de dados. Essas informações serão
disponibilizadas no prazo estabelecido e regulamentado pelo TSE. Obedecendo a regulação do TSE.
Conforme o parágrafo 7 do artigo 2 da resolução TSE, número 23.600/2019

(Obs: Esta metodologia segue assinada digitalmente nos anexos pelo estatístico responsável).";"I.3) Abrangência Geográfica:
I.3.1) Região do Bico do Papagaio, composta pelos municípios de: -Araguatins, Augustinópolis, Tocantinópolis e Sítio Novo;
I.3.2) Região Norte, composta pelos municípios de: -Araguaína, Colinas do Tocantins, Guaraí e Nova Olinda;
I.3.3) Região Central, composta pelos municípios de: - Barrolândia, Miracema do Tocantins, Miranorte, Palmas e Porto Nacional;
I.3.4) Região Sudeste, composta pelos municípios de: -Almas, Arraias, Dianópolis, Natividade e Taguatinga;
I.3.5) Região Vale do Araguaia, composta pelos municípios de: -Cristalândia, Divinópolis, Lagoa da Confusão; Paraíso e Pium;
I.3.6) Região Sul, composta pelos municípios de: -Araguaçu, Alvorada, Figueirópolis, Formoso do Araguaia, Gurupi e Peixe."
"28/09/2026";"05:46:54";2026;81;"Eleições Gerais 2026";"TO";"TO";"TOCANTINS";"TO017852026";"2026-07-29 18:16:23";"N";"11077560000160";"NEXUS PESQUISA E INTELIGENCIA DE DADOS LTDA";"NEXUS";"Governador, Senador";"2026-07-30 00:00:00";"2026-08-02 00:00:00";"2026-08-04 00:00:00";1200;"8656-A";"Neale Ahmed El Dash";"90000,00";"Pesquisa quantitativa telefônica realizada com população brasileira de Tocantins a partir de 16 anos e com título de eleitor, em um questionário estruturado, para avaliação do cenário político eleitoral. Os entrevistados são selecionados por sorteio em uma amostra representativa do eleitorado brasileiro com acesso a telefonia fixa e móvel. Todas as entrevistas são realizadas por um time de pesquisadores experientes com pesquisas de opinião e treinados especificamente para o projeto";"Realização de 1.200 entrevistas em uma amostra representativa do eleitorado brasileiro de Tocantins (a partir de 16 anos com título de eleitor) selecionados de modo aleatório a partir do cadastro de todos os telefones fixos e móveis existentes de acordo com a Agência Nacional de Telecomunicações (Anatel). A técnica de seleção dos entrevistados é a aleatória estratificada por DDD, em uma amostra com margem de erro estimada de 3.5 pontos percentuais para mais ou para menos, considerando um intervalo de confiança de 95%. 

A amostra é controlada a partir de cinco variáveis: (a) região; (b) tipo de telefonia (fixo e móvel), (c) sexo, (d) idade e (e) escolaridade. Para construção da amostra são usados como referência os dados da Pesquisa Nacional por Amostragem de Domicílios Contínua (PNADc), do suplemento anual acumulado da 1º Visita de 2024.

A distribuição amostral esperada é a seguinte: para escolaridade: Até Fundamental Completo (35%), Até Medio Completo (41%), Superior Incompleto ou mais (24%); para faixa etária: 16 a 24 anos (20%), 25 a 34 anos (21%), 35 a 44 anos (20%), 45 a 59 anos (23%), 60 anos ou mais (16%); Sexo: Homem (51%), Mulher (49%); e para região: Capital (22%), Interior (78%). 

Ao final da coleta, será aplicado um fator de ponderação nos resultados para correção de eventuais diferenças entre o planejado na amostra e o observado pelo trabalho de campo, levando em conta todas as variáveis descritas acima, além de variáveis como pessoas dentro e fora da força de trabalho e renda.

A relação completa dos municípios pesquisados será encaminhada a este tribunal até o sétimo dia seguinte à data de registro da pesquisa, conforme a Resolução 23.600/2019 do TSE, art.2º §7º
";"O controle de qualidade e verificação das entrevistas é realizado durante o campo, por equipe de auditoria responsável pela fiscalização de cerca de 20% dos questionários aplicados durante o trabalho de campo. Essa etapa é assistida por meio de software que leva em consideração a adequação das entrevistas ao fluxo do questionário para conferência e fiscalização dos dados coletados durante o campo da pesquisa.";"Pesquisa realizada por meio de entrevistas telefônicas, utilizando como procedimento de seleção da amostra a técnica de Random Digit Dialing (RDD). Nesse tipo de metodologia, a unidade amostral primária é o número de telefone (com DDD), e não o domicílio ou o setor censitário.

O Random Digit Dialing (RDD) é um método de amostragem amplamente utilizado em pesquisas telefônicas, no qual números de telefone são gerados aleatoriamente por algoritmo, respeitando as combinações válidas de prefixos e códigos de área da região geográfica pesquisada. Dessa forma, o sistema realiza chamadas para números que podem ou não estar previamente listados em cadastros públicos ou privados, permitindo alcançar tanto números fixos quanto celulares e ampliando a cobertura potencial da população-alvo.

Nesse procedimento, cada número telefônico elegível dentro da área geográfica definida possui probabilidade conhecida de ser selecionado, garantindo o caráter probabilístico da amostra. Após o contato, são aplicados critérios de elegibilidade (por exemplo, residência na área pesquisada e pertencimento ao eleitorado do local) e coletadas informações sociodemográficas do entrevistado para fins de controle amostral e ponderação estatística.

Dessa forma, não há setores censitários a serem informados ou divulgados no registro da pesquisa, uma vez que o processo de seleção amostral é realizado exclusivamente a partir de números telefônicos gerados aleatoriamente (RDD), que constituem a unidade amostral utilizada no estudo.

A relação completa dos municípios pesquisados será encaminhada a este tribunal até o sétimo dia seguinte à data de registro da pesquisa, conforme a Resolução 23.600/2019 do TSE, art.2º §7º
"
"28/09/2026";"05:46:54";2026;81;"Eleições Gerais 2026";"TO";"TO";"TOCANTINS";"TO084212026";"2026-09-07 21:49:46";"N";"17590594000130";"JORNAL CORREIO DO POVO TOCANTINENSE LTDA";"CORREIO DO POVO TOCANTINENSE";"Governador, Senador";"2026-08-31 00:00:00";"2026-09-08 00:00:00";"2026-09-13 00:00:00";1600;"6892";"Joao Soares de Araujo Neto";"35000,00";"Objetivo: Aferir, através de pesquisa quantitativa, a intenção de voto dos eleitores, em 52 municípios das Regiões Norte, Centro/Norte, Central, Sudeste e Sul do Estado do Tocantins, com relação aos candidatos ao Governo e Senado, do Estado, através de entrevistas diretas junto ao eleitorado. Essas terão por objetivo, identificar de forma Estimulada e Espontânea a aceitação e/ou rejeição dos candidatos postulantes ao cargo eletivo para Governo do Estado e SOMENTE Estimulada para o Senado Federal.
I.2) Procedimentos para a realização da Pesquisa: Aplicação de entrevistas diretas por meio digital (tablets), junto ao eleitorado dos 52 municípios de 5 regiões em que o Estado foi dividido, aplicando-se questionários estruturados, nos domicílios e áreas comerciais, na zona urbana dos municípios. Para cada domicílio e/ou estabelecimento comercial, será realizada uma única entrevista. A seleção das entrevistas utilizará o critério de aleatoriedade no sorteio das unidades que irão compor o painel amostral, tendo por objetivo minimizar a tendenciosidade e os possíveis viés, que são passíveis de ocorrerem neste tipo de pesquisa. O número de questionários aplicados, terá por base uma amostra significativa e representativa do eleitorado cadastrado nestes municípios, tendo por base o número de eleitores informado pelo TSE para o estado do Tocantins, tendo por referência o mês de julho do ano corrente. FONTE: https://www.tse.jus.br>eleições>estatisticas-do-eleitorado
I.3) Abrangência Geográfica:
1) Região Norte/ Polo Bico do Papagaio, composta pelos municípios de:
Aguiarnópolis, Angico, Araguatins, Augustinópolis, Axixá, Buritis, Nazaré, São Miguel, Tocantinópolis e Xambioa;
2) Região Centro Norte/Polo Araguaína, composta pelos municípios de:
Araguaína, Babaçulândia, Colinas do Tocantins, Colmeia, Filadélfia, Guaraí, Nova Olinda e Presidente Kennedy;
3) Região Central/Polo Palmas, composta pelos municípios de:
Araguacema, Barrolândia, Caseara, Cristalândia, Divinópolis, Fátima, Lagoa da Confusão, Marianópolis, Miracema, Miranorte, Palmas, Paraíso do Tocantins, Pium e Porto Nacional;
4) Região Sudeste/Polo Dianópolis, composta pelos municípios de:
Almas, Arraias, Dianópolis, Natividade, Ponte Alta do TO, Santa Rosa, São Valério e Taguatinga;
5) Região Sul/Polo Gurupi, composta pelos municípios de:
Aliança, Alvorada do Tocantins, Araguaçu, Cariri, Crixás, Dueré, Figueirópolis, Formoso do Araguaia, Gurupi, Peixe, Sandolândia e Santa Rita.
O número de entrevistas realizado em cada Região, terá por base o Cadastro do TSE referente ao estado do Tocantins, tendo por referência o mês de julho de 2026. As entrevistas serão realizadas majoritariamente nos domicílios (90%), e o restante nos estabelecimentos comerciais e áreas de circulação públicas.
I.4) Os dados que permitirão a caracterização do perfil do eleitorado para o dimensionamento da amostra, tiveram como base de referência, as informações do cadastro de eleitores do TSE referentes ao estado do TO, mês de Julho/2026, para identificação do número de eleitores, por sexo, faixa etária e grau de instrução, e o Censo Populacional de 2010 do IBGE, para identificação da renda domiciliar da população.
Links para obtenção dos dados utilizados como fonte de dados da Metodologia:
https://www.tse.jus.br>eleições>estatisticas-do-eleitorado
https://cidades.ibge.gov.br>brasil
Observação: O total de eleitores nesses 52 municípios objetos da Pesquisa é de 851.176 Eleitores.
Com base no banco de dados do TSE relacionado ao estado do TO, registrado em julho/2026, o total de eleitores no estado corresponde a 1.182.768. A proporção de eleitores pesquisados em relação ao total geral do estado, corresponde a 72,0%. Um percentual robusto e significativo, que permite a realização de inferência para o restante dos demais municípios, que não foram abrangidos pela Pesquisa.";"II) PLANO AMOSTRAL, PONDERAÇÃO DO NÚMERO DE ENTREVISTADOS POR VARIÁVEIS ASSOCIADAS A PESQUISA, MARGEM DE CONFIANÇA E ERRO AMOSTRAL.
II.1) Descrição: Foi elaborado utilizando-se o critério de AAS(Amostragem Aleatória Simples), considerando para as variáveis p(sucesso) e q(não sucesso) para a obtenção ou não de votos junto ao eleitorado.
Minimizando a probabilidade de ocorrência de erros e a consequente obtenção de uma amostra
Significativa, em relação a população componente do universo pesquisado. A pesquisa foi dimensionada para uma amostra com Margem de Confiança de 95% e Erro Amostral de 2,5 pontos percentuais para mais ou para menos, totalizando 1600 questionários.
II.2) Distribuição dos questionários por Regiões/municípios e por cotas(sexo, faixa etária, grau de instrução e renda per capita)
Os questionários foram distribuídos pelas Regiões da seguinte forma:
1) Região Norte/Bico do papagaio: 12,0%(192 questionários), distribuídos da seguinte forma: Aguiarnópolis 4%, Angico 3% , Araguatins 23%, Augustinópolis 14%, Axixá 9% , Buritis 7%, Nazaré 4%, São Miguel 10%, Tocantinópolis 17% e Xambioá 9%;
2) Região Centro/Norte: 23,0%(368 questionários), distribuídos da seguinte forma:
Araguaína 63%, Babaçulândia 3%, Colinas do Tocantins 13%, Colmeia 3%, Filadélfia 3%, Guaraí 9%, Nova Olinda 4% e Presidente Kennedy 2%;
3) Região Central: 44,0%(704 questionários), distribuídos da seguinte forma:
Araguacema 1%, Barrolândia 1%, Caseara 1%, Cristalândia 1%, Divinópolis 1%, Fátima 1%, Lagoa da Confusão 3%, Marianópolis 1%, Miracema 4%, Miranorte 3%, Palmas 58%, Paraíso 10%, Pium 2%, Porto Nacional 13% ;
4) Região Sudeste: 7%(112 questionários), distribuídos da seguinte forma:
Almas 9%, Arraias 14% Dianópolis 22%, Natividade 12%, Ponte Alta do Tocantins 10%, Santa Rosa 7%, São Valério 7% e Taguatinga 19%;
5) Região Sul: 14,0%(224 questionários), distribuídos da seguinte forma:
Aliança 4%, Alvorada 7%, Araguaçu 5%, Cariri %, Crixás 3%, Dueré 2%, Figueirópolis 3%, Formoso do Araguaia 12%, Gurupi 50%, Peixe 6%, Sandolândia 3% e Santa Rita do Tocantins 2%.

ATENÇÃO!!! ATENÇÃO!!! Devido à falta de espaço neste local, segue em anexo, a METODOLOGIA COMPLETA com o Plano Amostral e as tabelas de dados referentes às regiões, sexo, renda per capita, escolaridade nas pastas de arquivos devidamente assinadas pelo estatístico responsável.
OBS: Como a Pesquisa foi iniciada dia 31 de agosto e seguiu até 08/09 o nome do candidato (indeferido pelo TRE) Luiz Carlos Ferreira da Silva, constou no questionário. O nome do substituto será incluído em um novo levantamento.";"III) SISTEMA INTERNO DE CONTROLE E VERIFICAÇÃO, CONFERÊNCIA E FISCALIZAÇÃO DA COLETA DE DADOS E DO TRABALHO DE CAMPO:
Obedecerá aos seguintes critérios:
III.1) Seleção aleatória de alguns setores pesquisados, havendo posterior visita de supervisores de campo do instituto, para avaliação da qualidade das informações coletadas;
III.2) Visita a 10% dos domicílios do local selecionado, para confirmação da veracidade das informações coletadas;
III.3) Acompanhamento de algumas entrevistas por parte do supervisor, para observar se o pesquisador está influenciando, ainda que de forma indireta na resposta do entrevistado, comprometendo assim, a qualidade da entrevista e consequentemente o resultado da Pesquisa.
III.4) Utilização de fatores de ponderação para ajustes na amostra coletada, com base na amostra prevista. Caso ocorram distorções significativas, entre os quantitativos obtidos na coleta de determinada variável e o determinado no dimensionamento da amostra.
Exemplo:
III.4.1) Ponderação por sexo e idade: Ocorrendo diferença superior a 5 pontos percentuais, entre o previsto no cálculo do dimensionamento da amostra e, o coletado no campo;
III.4.2) Grau de Instrução e Renda Domiciliar: Ocorrendo a mesma situação de diferença superior a 5 pontos percentuais, na coleta dessas variáveis, será utilizado fator de ponderação igual a um. Correspondente aos valores obtidos na coleta de campo.
III..5) Na ausência de delimitação de bairros nos municípios pesquisados, serão identificadas as áreas em que foram realizadas as entrevistas para coleta de dados. Essas informações serão disponibilizadas no prazo estabelecido e regulamentado pelo TSE. Obedecendo a regulação do TSE. Conforme o parágrafo 7 do artigo 2 da resolução TSE, número 23.600/2019.";"Serão disponibilizados no prazo legal (até o dia seguinte à data a partir da qual a pesquisa puder ser divulgada), conforme §7º do art. 2º da Resolução-TSE nº. 23.600/2019."
"28/09/2026";"05:46:54";2026;81;"Eleições Gerais 2026";"TO";"TO";"TOCANTINS";"TO058132026";"2026-09-27 20:05:43";"N";"17590594000130";"JORNAL CORREIO DO POVO TOCANTINENSE LTDA";"CORREIO DO POVO TOCANTINENSE";"Governador, Senador";"2026-09-28 00:00:00";"2026-10-02 00:00:00";"2026-10-03 00:00:00";1600;"6892";"Joao Soares de Araujo Neto";"35000,00";"I.1) Objetivo: Aferir a intenção de voto dos eleitores, em 52 municípios das Regiões Norte, Centro/Norte, Central, Sudeste e Sul do Estado do Tocantins, com relação aos candidatos ao Governo e Senado, do Estado, através de entrevistas diretas junto ao eleitorado. Essas terão por objetivo, identificar de forma estimulada e espontânea a aceitação e/ou rejeição dos candidatos postulantes aos cargos eletivos para Governo do Estado e somente estimulada para o Senado Federal.
I.2) Procedimentos para a realização da Pesquisa: Aplicação de entrevistas diretas por meio digital (tablets), junto ao eleitorado dos 52 municípios de 5 regiões em que o Estado foi dividido, aplicando-se questionários estruturados, nos domicílios e áreas comerciais, na zona urbana dos municípios. Para cada domicílio e/ou estabelecimento comercial, será realizada uma única entrevista. A seleção das entrevistas utilizará o critério de aleatoriedade no sorteio das unidades que irão compor o painel amostral, tendo por objetivo minimizar a tendenciosidade e os possíveis viés, que são passíveis de ocorrerem neste tipo de pesquisa. O número de questionários aplicados, terá por base uma amostra significativa e representativa do eleitorado cadastrado nestes municípios, tendo por base o número de eleitores informado pelo TSE para o estado do Tocantins, tendo por referência o mês de agosto do ano corrente. https://www.tse.jus.br>eleições>estatisticas-do-eleitorado
I.3) Abrangência Geográfica:
1) Região Norte/ Polo Bico do Papagaio, composta pelos municípios de:
Aguiarnópolis, Angico, Araguatins, Augustinópolis, Axixá, Buritis, Nazaré, São Miguel, Tocantinópolis e Xambioa;
2) Região Centro Norte/Polo Araguaína, composta pelos municípios de:
Araguaína, Babaçulândia, Colinas do Tocantins, Colmeia, Filadélfia, Guaraí, Nova Olinda e Presidente Kennedy;
3) Região Central/Polo Palmas, composta pelos municípios de:
Araguacema, Barrolândia, Caseara, Cristalândia, Divinópolis, Fátima, Lagoa da Confusão, Marianópolis, Miracema, Miranorte, Palmas, Paraíso do Tocantins, Pium e Porto Nacional;
4) Região Sudeste/Polo Dianópolis, composta pelos municípios de:
Almas, Arraias, Dianópolis, Natividade, Ponte Alta do TO, Santa Rosa, São Valério e Taguatinga;
5) Região Sul/Polo Gurupi, composta pelos municípios de:
Aliança, Alvorada do Tocantins, Araguaçu, Cariri, Crixás, Dueré, Figueirópolis, Formoso do Araguaia, Gurupi, Peixe, Sandolândia e Santa Rita.
O número de entrevistas realizado em cada Região, terá por base o Cadastro do TSE referente ao estado do Tocantins, tendo por referência o mês de agosto de 2026. As entrevistas serão realizadas majoritariamente nos domicílios (90%), e o restante nos estabelecimentos comerciais e áreas de circulação públicas.
I.4) Os dados que permitirão a caracterização do perfil do eleitorado para o dimensionamento da amostra, tiveram como base de referência, as informações do cadastro de eleitores do TSE referentes ao estado do TO, mês de agosto/2026, para identificação do número de eleitores, por sexo, faixa etária e grau de instrução, e o Censo Populacional de 2010 do IBGE, para identificação da renda domiciliar da população.
Links para obtenção dos dados utilizados como fonte de dados da Metodologia:
https://www.tse.jus.br>eleições>estatisticas-do-eleitorado
https://cidades.ibge.gov.br>brasil
Observação: O total de eleitores nesses 52 municípios objetos da Pesquisa é de 851.176 Eleitores.
Com base no banco de dados do TSE relacionado ao estado do TO, registrado em agosto/2026, o total de eleitores no estado corresponde a 1.182.768. A proporção de eleitores pesquisados em relação ao total geral do estado, corresponde a 72,0%. Um percentual robusto e significativo, que permite a realização de inferência para o restante dos demais municípios, que não foram abrangidos pela Pesquisa.";"II) PLANO AMOSTRAL, PONDERAÇÃO DO NÚMERO DE ENTREVISTADOS POR VARIÁVEIS ASSOCIADAS A PESQUISA, MARGEM DE CONFIANÇA E ERRO AMOSTRAL. II.1) Descrição: Foi elaborado utilizando-se o critério de AAS(Amostragem Aleatória Simples), considerando para as variáveis p(sucesso) e q(não sucesso) para a obtenção ou não de votos junto ao eleitorado. Minimizando a probabilidade de ocorrência de erros e a consequente obtenção de uma amostra Significativa, em relação a população componente do universo pesquisado. A pesquisa foi dimensionada para uma amostra com Margem de Confiança de 95% e Erro Amostral de 2,5 pontos percentuais para mais ou para menos, totalizando 1600 questionários. II.2) Distribuição dos questionários por Regiões/municípios e por cotas(sexo, faixa etária, grau de instrução e renda per capita) Os questionários foram distribuídos pelas Regiões da seguinte forma: 1) Região Norte/Bico do papagaio: 12,0%(192 questionários), distribuídos da seguinte forma: Aguiarnópolis 4%, Angico 3% , Araguatins 23%, Augustinópolis 14%, Axixá 9% , Buritis 7%, Nazaré 4%, São Miguel 10%, Tocantinópolis 17% e Xambioá 9%; 2) Região Centro/Norte: 23,0%(368 questionários), distribuídos da seguinte forma: Araguaína 63%, Babaçulândia 3%, Colinas do Tocantins 13%, Colmeia 3%, Filadélfia 3%, Guaraí 9%, Nova Olinda 4% e Presidente Kennedy 2%; 3) Região Central: 44,0%(704 questionários), distribuídos da seguinte forma: Araguacema 1%, Barrolândia 1%, Caseara 1%, Cristalândia 1%, Divinópolis 1%, Fátima 1%, Lagoa da Confusão 3%, Marianópolis 1%, Miracema 4%, Miranorte 3%, Palmas 58%, Paraíso 10%, Pium 2%, Porto Nacional 13% ; 4) Região Sudeste: 7%(112 questionários), distribuídos da seguinte forma: Almas 9%, Arraias 14% Dianópolis 22%, Natividade 12%, Ponte Alta do Tocantins 10%, Santa Rosa 7%, São Valério 7% e Taguatinga 19%; 5) Região Sul: 14,0%(224 questionários), distribuídos da seguinte forma: Aliança 4%, Alvorada 7%, Araguaçu 5%, Cariri %, Crixás 3%, Dueré 2%, Figueirópolis 3%, Formoso do Araguaia 12%, Gurupi 50%, Peixe 6%, Sandolândia 3% e Santa Rita do Tocantins 2%. ATENÇÃO!!! ATENÇÃO!!! Devido à falta de espaço neste local, segue em anexo, a METODOLOGIA COMPLETA com o Plano Amostral e as tabelas de dados referentes às regiões, sexo, renda per capita, escolaridade nas pastas de arquivos (formulário) devidamente assinadas pelo estatístico responsável";"III) SISTEMA INTERNO DE CONTROLE E VERIFICAÇÃO, CONFERÊNCIA E FISCALIZAÇÃO DA COLETA DE DADOS E DO TRABALHO DE CAMPO:
Obedecerá aos seguintes critérios:
III.1) Seleção aleatória de alguns setores pesquisados, havendo posterior visita de supervisores de campo do instituto, para avaliação da qualidade das informações coletadas;
III.2) Visita a 10% dos domicílios do local selecionado, para confirmação da veracidade das informações coletadas;
III.3) Acompanhamento de algumas entrevistas por parte do supervisor, para observar se o pesquisador está influenciando, ainda que de forma indireta na resposta do entrevistado, comprometendo assim, a qualidade da entrevista e consequentemente o resultado da Pesquisa.
III.4) Utilização de fatores de ponderação para ajustes na amostra coletada, com base na amostra prevista. Caso ocorram distorções significativas, entre os quantitativos obtidos na coleta de determinada variável e o determinado no dimensionamento da amostra.
Exemplo:
III.4.1) Ponderação por sexo e idade: Ocorrendo diferença superior a 5 pontos percentuais, entre o previsto no cálculo do dimensionamento da amostra e, o coletado no campo;
III.4.2) Grau de Instrução e Renda Domiciliar: Ocorrendo a mesma situação de diferença superior a 5 pontos percentuais, na coleta dessas variáveis, será utilizado fator de ponderação igual a um. Correspondente aos valores obtidos na coleta de campo.
III..5) Na ausência de delimitação de bairros nos municípios pesquisados, serão identificadas as áreas em que foram realizadas as entrevistas para coleta de dados. Essas informações serão disponibilizadas no prazo estabelecido e regulamentado pelo TSE. Obedecendo a regulação do TSE. Conforme o parágrafo 7 do artigo 2 da resolução TSE, número 23.600/2019
(Obs: Esta metodologia segue assinada digitalmente pelo estatístico responsável).";"Os dados serão inseridos até no prazo permitido em Lei"
"28/09/2026";"05:46:54";2026;81;"Eleições Gerais 2026";"TO";"TO";"TOCANTINS";"TO003712026";"2026-09-17 20:07:09";"N";"22445600000104";"QUAEST PESQUISAS, CONSULTORIA E PROJETOS LTDA.";"#NULO#";"Governador, Senador";"2026-09-19 00:00:00";"2026-09-22 00:00:00";"2026-09-23 00:00:00";804;"6731";"Margarida Maria de Mendonca";"117384,00";"Pesquisa quantitativa, de survey, que consiste na realização de entrevistas pessoais, domiciliares e presenciais, conduzidas por profissionais treinados, com a aplicação de questionários estruturados a uma amostra representativa da população votante de 16 anos ou mais residente no estado do Tocantins. O desenho amostral aplicado combina sorteio probabilístico de municípios e de setores censitários fornecidos pelo IBGE (unidades territoriais homogêneas, de tamanho similar a quadras ou blocos), dentro dos quais serão selecionadas pessoas respondentes por meio de cotas amostrais.";"O público pesquisado é composto por eleitores de 16 anos ou mais residentes na área de abrangência da pesquisa. Para produzir uma amostra representativa desse público-alvo, utilizamos um desenho amostral por conglomerados que prevê três estágios. No primeiro estágio, é feito um sorteio probabilístico de municípios para comporem a amostra por meio do método PPT (Probabilidade Proporcional ao Tamanho) a partir de suas populações votantes acima de 16 anos. Dentro da lista de municípios sorteados, no segundo estágio, é realizado um sorteio probabilístico por meio do método PPT (Probabilidade Proporcional ao Tamanho) de setores censitários a serem visitados pelos entrevistadores, sorteio que tem como base o total de habitantes residentes nos setores de acordo com dados do Censo de 2022, o que garante a dispersão aleatória e estatística da amostra dentro dos territórios municipais, independentemente de divisões administrativas. Finalmente, dentro da lista de setores censitários sorteados, no último estágio são selecionados domicílios e pessoas a serem entrevistadas utilizando-se cotas amostrais para as seguintes variáveis: sexo, idade, renda familiar e escolaridade. O perfil da amostra, definido pelas cotas previstas, é o seguinte:

Sexo: Masculino (49%); Feminino (51%).
Faixa etária: 16-34 anos (36%); 35-59 anos (45%); 60 ou mais (19%).
Renda domiciliar total, incluindo pensões, benefícios e rendimentos de trabalhos informais: Até 2 salários-mínimos (32%); Mais de 2 a 5 salários-mínimos (45%); Mais de 5 salários-mínimos (23%).
Nível de instrução: Até Fundamental completo ou médio incompleto (42%); Médio completo ou superior incompleto (40%); Superior completo ou mais (18%).

Fonte dos dados: para a distribuição de sexo e idade, TSE-Tribunal Superior Eleitoral - agosto/2026; para a malha de setores censitários, Censo 2022 (IBGE); para a distribuição de renda domiciliar, PNADc Anual 2025, 1ª visita (IBGE); e, para a distribuição de escolaridade/instrução, PNADc trimestral 2-2026 (IBGE). A PNADc é utilizada por ser a fonte oficial mais atualizada de rendimentos do país, incluindo rendimentos informais, pensões, entre outros, e corrigindo as defasagens temporais do Censo 2022, além de ser a fonte mais atualizada de nível de instrução da população com 16 anos ou mais dada ausência de atualização obrigatória da escolaridade no registro de eleitores do TSE.

Está prevista eventual pós-estratificação da amostra, por meio de algoritmos de calibração (rake) e modelos (MrP), para correção (1) de estimativas e (2) das distribuições de variáveis que medem o perfil da população.

Dentro do público-alvo anteriormente descrito, serão realizadas 804 entrevistas. O nível de confiança das estimativas é de 95% e a margem de erro máxima prevista, atendendo às diretivas do TSE e usando o cálculo para amostra aleatória simples (AAS) como aproximação, é de cerca de 3 pontos percentuais para mais ou para menos em relação aos totais da amostra.";"As entrevistas serão realizadas por uma equipe de entrevistadores devidamente qualificada, com experiência e treinamento em pesquisa de opinião pública. Todo trabalho é feito em tablets ou outros dispositivos eletrônicos. Após a realização da coleta de dados, as entrevistas junto aos respondentes são checadas por meio de procedimentos de consistência e de georreferenciamento dos locais de aplicação em tempo real. Adicionalmente, ao longo e após os trabalhos de campo, é realizada uma fiscalização que consiste na checagem de áudio de uma amostra de 30% dos questionários aplicados para verificação das respostas e da adequação dos entrevistados aos parâmetros amostrais.";"A área de abrangência da coleta é o território do estado do Tocantins. A relação do número de pessoas pesquisadas nas áreas de aplicação da pesquisa, discriminadas por município, bairros e setores censitários a partir dos identificadores utilizados pelo IBGE, além da composição do eleitorado entrevistado na área de abrangência quanto a gênero, idade, grau de instrução e nível econômico, constará em anexo. O mapa com os códigos destes setores censitários e as áreas que delimitam no país todo podem ser conferidos na seguinte fonte oficial: https://censo2022.ibge.gov.br/panorama/mapas.html?localidade=&recorte=setores_censitarios"
"28/09/2026";"05:46:54";2026;81;"Eleições Gerais 2026";"TO";"TO";"TOCANTINS";"TO034712026";"2026-09-26 13:22:35";"S";"09597283000175";"W S EDITORA GIRASSOL LTDA";"JORNAL O GIRASSOL";"Governador";"2026-09-28 00:00:00";"2026-09-30 00:00:00";"2026-10-02 00:00:00";1200;"6892";"JOAO SOARES DE ARAUJO NETO";"19500,00";"Objetivo: Avaliar a intenção de voto dos eleitores, em 29 municípios do Estado, obedecendo a
distribuição geográfica da população por Regiões Geográficas do Estado do Tocantins. Tendo por
parâmetro, o quantitativo do número de habitantes e eleitores, na escolha dos municípios.
Procurar identificar e quantificar a intenção de voto do eleitorado do Estado do Tocantins, com
relação aos candidatos ao Governo do Estado, através de entrevistas diretas junto ao eleitorado.
Essas terão por objetivo, identificar de forma estimulada, a aceitação e/ou rejeição dos candidatos
postulantes aos cargos eletivos no primeiro turno para governador, e também possível segundo
turno das eleições 2026 para o cargo de governador.
I.2) Procedimentos para a realização da Pesquisa: Aplicação de entrevistas diretas junto ao
eleitorado dos 29 municípios de 6 regiões (Bico do Papagaio, Norte, Central, Sudeste, Vale do
Araguaia e Sul), que abrangem o Estado do Tocantins. Aplicando-se questionários estruturados nos
domicílios, estabelecimentos comerciais e de serviços e áreas públicas, na zona urbana dos
municípios. Para cada domicílio e/ou estabelecimento comercial/serviços, será realizada uma única
entrevista. A seleção das entrevistas utilizará o critério de aleatoriedade no sorteio das unidades que
irão compor o painel amostral, tendo por objetivo minimizar a tendenciosidade e os possíveis viés,
que são passíveis de ocorrerem neste tipo de pesquisa. O número de questionários aplicados, terá
por base uma amostra significativa e representativa do eleitorado cadastrado nestes municípios,
tendo por base o número de eleitores informado pelo TSE referente ao Estado do Tocantins, tendo
por referência o mês de agosto do ano corrente.
I.3) Abrangência Geográfica:
I.3.1) Região do Bico do Papagaio, representada pelos municípios de: -Araguatins, Augustinópolis, Tocantinópolis e Sítio Novo;
I.3.2) Região Norte, representada pelos municípios de: -Araguaína, Colinas do Tocantins, Guaraí e Nova Olinda;
I.3.3) Região Central, representada pelos municípios de: - Barrolândia, Miracema do Tocantins, Miranorte, Palmas e Porto Nacional;
I.3.4) Região Sudeste, representada pelos municípios de: -Almas, Arraias, Dianópolis, Natividade e Taguatinga;
I.3.5) Região Vale do Araguaia, representada pelos municípios de: -Cristalândia, Divinópolis, Lagoa da Confusão; Paraíso e Pium;
I.3.6) Região Sul, representada pelos municípios de: -Araguaçu, Alvorada, Figueirópolis, Formoso do Araguaia, Gurupi e Peixe.
O número de entrevistas realizado em cada Região, terá por base o Cadastro do TSE/TO referente a
cada município a ser pesquisado, tendo por referência o mês de agosto de 2026. As entrevistas
serão realizadas majoritariamente nos domicílios (90%), e o restante nos estabelecimentos
comerciais/serviços e áreas de circulação públicas.
I.4) Os dados que permitirão a caracterização do perfil do eleitorado para o dimensionamento da
amostra, tiveram como base de referência, as informações do cadastro de eleitores do TSE/TO
referente a agosto/2026, para identificação do número de eleitores, por sexo, faixa etária, grau de
instrução e o Censo Populacional de 2010 do IBGE, para identificar a classe de rendimentos por
domicílios(Publicação IBGE Cidades).
Com base no banco de dados do TSE/TO, registrado em agosto/2026, o total de eleitores no
Estado corresponde a 1.182.768.
A amostra da população entrevistada corresponderá a um percentual robusto e significativo, que
permita a realização de inferência para o restante dos demais municípios, que não foram abrangidos
pela Pesquisa.";"Descrição: Foi elaborado utilizando-se o critério de AAS (Amostragem Aleatória Simples) para o
cálculo do tamanho da amostra de uma população finita, considerando para as variáveis p(sucesso)
e q(não sucesso) para a obtenção ou não de votos junto ao eleitorado. Tendo por objetivo o
dimensionamento de uma amostra confiável e significativa para a descrição do fenômeno objeto de
avaliação. Minimizando a probabilidade de ocorrência de erros e a consequente obtenção de uma
amostra representativa em relação a população componente do universo pesquisado. A pesquisa foi
dimensionada para uma amostra com Margem de Confiança de 95% e Erro Amostral de 2,9 pontos
percentuais para mais ou para menos, totalizando 1200 questionários.
II.2) Distribuição dos questionários por Regiões/municípios e cotas (sexo, faixa etária, grau de
instrução e renda domiciliar):
Os questionários foram distribuídos pelas Regiões da seguinte forma:
II.2.1) Região do Bico do Papagaio: 11%.
Nº de Questionários:132
II.2.2) Região Norte: 23%.
Nº de Questionários:276
II.2.3) Região Central: 37%.
Nº de Questionários:444
II.2.4) Região Sudeste: 7%.
Nº de Questionários:84
II.2.5) Região Vale do Araguaia: 9%.
Nº de Questionários:108
II.2.6) Região Sul: 13%.
Nº de Questionários:156
II.3.1) Por Sexo: Masculino e Feminino;
II.3.2) Por Faixa Etária (anos): 16 a 20, 21 a 24, 25 a 34, 35 a 44, 45 a 59, 60 a 69 e 70 anos ou mais;
II.3.3) Por Grau de Instrução: Analfabeto, Fundamental Incompleto juntamente com Lê/Escreve,
Fundamental Completo, Médio Incompleto, Médio Completo, Superior Incompleto e Superior
Completo.
II.3.4) Renda Domiciliar (Sal. Mínimo): Sem rendimentos, Até ½, Mais de ½ a 1, Mais de 1 a 2, Mais
de 2 a 5, Mais de 5 a 10, Mais de 10.
OBS.: As informações referentes aos itens II.3.1 a II.3.4, estão especificadas em quadros anexos
assinados digitalmente.";"Obedecerá aos seguintes critérios:
III.1) Seleção aleatória de alguns setores pesquisados, havendo posterior visita de supervisores de
campo do instituto, para avaliação da qualidade das informações coletadas;
III.2) Visita a 10% dos domicílios do local selecionado, para confirmação da veracidade das
informações coletadas;
III.3) Acompanhamento de algumas entrevistas por parte do supervisor, para observar se o
pesquisador está influenciando, ainda que de forma indireta na resposta do entrevistado,
comprometendo assim, a qualidade da entrevista e consequentemente o resultado da Pesquisa.
III.4) Utilização de fatores de ponderação para ajustes na amostra coletada, com base na amostra
prevista. Caso ocorram distorções significativas, entre os quantitativos obtidos na coleta de
determinada variável e o determinado no dimensionamento da amostra.
Exemplo:
III.4.1) Ponderação por sexo e idade: Ocorrendo diferença superior a 5 pontos percentuais, entre o
previsto no cálculo do dimensionamento da amostra e, o coletado no campo;
III.4.2) Grau de Instrução e Renda Domiciliar: Ocorrendo a mesma situação de diferença superior a 5
pontos percentuais, na coleta dessas variáveis, será utilizado fator de ponderação igual a um.
Correspondente aos valores obtidos na coleta de campo.
III..5) Na ausência de delimitação de bairros nos municípios pesquisados, serão identificadas as áreas
em que foram realizadas as entrevistas para coleta de dados. Essas informações serão
disponibilizadas no prazo estabelecido e regulamentado pelo TSE. Obedecendo a regulação do TSE.
Conforme o parágrafo 7 do artigo 2 da resolução TSE, número 23.600/2019
(Obs: Esta metodologia segue assinada digitalmente nos anexos pelo estatístico responsável).";"Região do Bico do Papagaio, representada pelos municípios de: -Araguatins, Augustinópolis, Tocantinópolis e Sítio Novo; I.3.2) Região Norte, representada pelos municípios de: -Araguaína, Colinas do Tocantins, Guaraí e Nova Olinda; I.3.3) Região Central, representada pelos municípios de: - Barrolândia, Miracema do Tocantins, Miranorte, Palmas e Porto Nacional; I.3.4) Região Sudeste, representada pelos municípios de: -Almas, Arraias, Dianópolis, Natividade e Taguatinga; I.3.5) Região Vale do Araguaia, representada pelos municípios de: -Cristalândia, Divinópolis, Lagoa da Confusão; Paraíso e Pium; I.3.6) Região Sul, representada pelos municípios de: -Araguaçu, Alvorada, Figueirópolis, Formoso do Araguaia, Gurupi e Peixe."
"28/09/2026";"05:46:54";2026;81;"Eleições Gerais 2026";"TO";"TO";"TOCANTINS";"TO043402026";"2026-09-19 22:13:48";"N";"22345021000181";"REAL TIME MIDIA LTDA";"REAL TIME BIG DATA";"Governador, Senador";"2026-09-21 00:00:00";"2026-09-24 00:00:00";"2026-09-25 00:00:00";1600;"10839";"Isabela Zara Cremoneze";"20000,00";"Pesquisa quantitativa, que consiste na realização de entrevistas com eleitores do universo a ser explorado, feitas em combinação mista por entrevistadores humanos e recursos de inteligência artificial, com a aplicação de questionário estruturado com abordagens telefônicas e digitais junto a uma amostra representativa do eleitorado em estudo. Pesquisa realizada no Estado do Tocantins (TO).";"Representativo do eleitorado da área em estudo, elaborada em três estágios.
No primeiro estágio, realiza-se um sorteio probabilístico dos municípios onde as entrevistas serão realizadas, pelo método PPT (Probabilidade Proporcional ao Tamanho), tomando a população eleitora de 16 anos ou mais residente nos municípios como base para essa seleção.
No segundo estágio, efetua-se um sorteio probabilístico das localidades dentro dos municípios selecionados, também pelo método PPT (Probabilidade Proporcional ao Tamanho), considerando a população eleitora de 16 anos ou mais residente nessas localidades como base para a seleção.
No terceiro e último estágio, dentro das localidades sorteadas, os respondentes são selecionados por meio de quotas amostrais proporcionais, em função de variáveis significativas, a saber:

GÊNERO:
Feminino: 50,92%;
Masculino: 49,08%
(Fonte: TSE (Agosto/2026) - https://sig.tse.jus.br/ords/dwapr/r/seai/sig-eleitor-eleitorado-mensal/cruzamento-eleitorado-mensal?p24_metricas=E&p24_back=22&p24_cruzamento_1=ds_sexo&clear=24&session=6255761252678)
FAIXA ETÁRIA:
16 anos: 0,83%;
17 anos: 1,16%;
18 a 20 anos: 5,62%;
21 a 24 anos: 8,10%;
25 a 34 anos: 20,38%;
35 a 44 anos: 20,07%;
45 a 59 anos: 24,55%;
60 a 69 anos: 10,49%;
70 a 79 anos: 5,94%;
Superior a 79 anos: 2,86%.
(Fonte: TSE (Agosto/2026) - https://sig.tse.jus.br/ords/dwapr/r/seai/sig-eleitor-eleitorado-mensal/cruzamento-eleitorado-mensal?p24_cruzamento_1=ds_faixa_etaria&p24_metricas=E&p24_back=22&clear=24&session=6255761252678)
ESCOLARIDADE:
Analfabeto: 4,83%;
Lê e Escreve: 7,21%;
Ensino Fundamental Incompleto: 19,15%;
Ensino Fundamental Completo: 4,37%;
Ensino Médio Incompleto: 19,90%;
Ensino Médio Completo: 27,32%;
Ensino Superior Incompleto: 6,17%;
Ensino Superior Completo: 11,03%
(Fonte: TSE (Agosto/2026) - https://sig.tse.jus.br/ords/dwapr/r/seai/sig-eleitor-eleitorado-mensal/cruzamento-eleitorado-mensal?p24_cruzamento_1=ds_grau_instrucao&p24_metricas=E&p24_back=22&clear=24&session=6255761252678)
RENDA DOMICILIAR MENSAL:
Sem rendimento: 5,52%;
Até 1/2 Salário Mínimo: 5,62%;
Mais de 1/2 a 1 Salário Mínimo: 19,15%;
Mais de 1 a 2 Salários Mínimos: 27,22%;
Mais de 2 a 5 Salários Mínimos: 27,39%;
Mais de 5 a 10 Salários Mínimos: 9,81%;
Mais de 10 a 20 Salários Mínimos: 3,79%;
Mais de 20 Salários Mínimos: 1,49%.
(Fonte: IBGE (Censo 2010) - https://cidades.ibge.gov.br/brasil/to/pesquisa/23/24304?detalhes=true)
Observação: De acordo com informações do Instituto Brasileiro de Geografia e Estatística (IBGE), não há previsão de data para a divulgação do perfil econômico da população brasileira do CENSO 2022. Portanto, os dados sobre o nível econômico obtidos no Censo 2022 não podem ser utilizados, pois ainda não foram publicados.
Está prevista eventual ponderação para correção das variáveis sexo e idade, com base nos percentuais anteriormente mencionados, caso ocorram diferenças superiores a 3 pontos percentuais entre o previsto na amostra e a coleta de dados realizada. Para as variáveis de grau de instrução e nível econômico do entrevistado, o fator previsto para ponderação é 1 (resultados obtidos em campo). O nível de confiança estimado é de 95% e a margem de erro máxima estimada considerando um modelo de amostragem aleatório simples, é de aproximadamente 2 (dois) pontos percentuais para mais ou para menos sobre os resultados encontrados no total da amostra.";"O trabalho de coleta de dados é acompanhado por supervisores humanos. São selecionados aleatoriamente 15% (quinze por cento) dos questionários para uma verificação posterior e, em caso de dúvida, o formulário é descartado e o responsável pela coleta chamado para esclarecimentos. Há uma equipe especializada que confere os dados à exaustão com objetivo de averiguar e aferir os resultados coletados.";"O anexo do arquivo com os bairros será realizado até o dia seguinte da divulgação conforme indicado no §7º. do art. 2º. da Resolução-TSE nº. 23.600/2019.

"
"28/09/2026";"05:46:54";2026;81;"Eleições Gerais 2026";"TO";"TO";"TOCANTINS";"TO073492026";"2026-08-25 00:24:26";"S";"09597283000175";"W S EDITORA GIRASSOL LTDA";"JORNAL O GIRASSOL";"Governador, Senador";"2026-08-25 00:00:00";"2026-08-27 00:00:00";"2026-08-31 00:00:00";1200;"6892";"JOAO SOARES DE ARAUJO NETO";"19500,00";"Objetivo: Avaliar a intenção de voto dos eleitores, em 29 municípios do Estado, obedecendo a 
distribuição geográfica da população por Regiões Geográficas do Estado do Tocantins. Tendo por 
parâmetro, o quantitativo do número de habitantes e eleitores, na escolha dos municípios. 
Procurar identificar e quantificar a intenção de voto do eleitorado do Estado do Tocantins, com 
relação aos candidatos ao Governo do Estado e Senado Federal, através de entrevistas diretas junto 
ao eleitorado. Essas terão por objetivo, identificar de forma estimulada e espontânea, a aceitação 
e/ou rejeição dos candidatos postulantes aos cargos eletivos.  
I.2) Procedimentos para a realização da Pesquisa: Aplicação de entrevistas diretas junto ao 
eleitorado dos 29 municípios de 6 regiões (Bico do Papagaio, Norte, Central, Sudeste, Vale do 
Araguaia e Sul), que abrangem o Estado do Tocantins. Aplicando-se questionários estruturados nos 
domicílios, estabelecimentos comerciais e de serviços e áreas públicas, na zona urbana dos 
municípios. Para cada domicílio e/ou estabelecimento comercial/serviços, será realizada uma única 
entrevista. A seleção das entrevistas utilizará o critério de aleatoriedade no sorteio das unidades que 
irão compor o painel amostral, tendo por objetivo minimizar a tendenciosidade e os possíveis viés, 
que são passíveis de ocorrerem neste tipo de pesquisa. O número de questionários aplicados, terá 
por base uma amostra significativa e representativa do eleitorado cadastrado nestes municípios, 
tendo por base o número de eleitores informado pelo TSE referente ao Estado do Tocantins, tendo 
por referência o mês de julho do ano corrente. 
I.3) Abrangência Geográfica: 
I.3.1) Região do Bico do Papagaio, representada pelos municípios de: -Araguatins, Augustinópolis, Tocantinópolis e Sítio Novo; 
I.3.2) Região Norte, representada pelos municípios de: -Araguaína, Colinas do Tocantins, Guaraí e Nova Olinda; 
I.3.3) Região Central, representada pelos municípios de: - Barrolândia, Miracema do Tocantins, Miranorte, Palmas e Porto Nacional; 
I.3.4) Região Sudeste, representada pelos municípios de: -Almas, Arraias, Dianópolis, Natividade e Taguatinga; 
I.3.5) Região Vale do Araguaia, representada pelos municípios de: -Cristalândia, Divinópolis, Lagoa da Confusão; Paraíso e Pium; 
I.3.6) Região Sul, representada pelos municípios de: -Araguaçu, Alvorada, Figueirópolis, Formoso do Araguaia, Gurupi e Peixe. 
O número de entrevistas realizado em cada Região, terá por base o Cadastro do TSE/TO referente a 
cada município a ser pesquisado, tendo por referência o mês de julho de 2026. As entrevistas serão 
realizadas majoritariamente nos domicílios (90%), e o restante nos estabelecimentos 
comerciais/serviços e áreas de circulação públicas. 
I.4) Os dados que permitirão a caracterização do perfil do eleitorado para o dimensionamento da 
amostra, tiveram como base de referência, as informações do cadastro de eleitores do TSE/TO 
referente a julho/2026, para identificação do número de eleitores, por sexo, faixa etária, grau de 
instrução e o Censo Populacional de 2010 do IBGE, para identificar a classe de rendimentos por 
domicílios(Publicação IBGE Cidades). 
Com base no banco de dados do TSE/TO, registrado em julho/2026, o total de eleitores no 
Estado corresponde a 1.182.768. 
A amostra da população entrevistada corresponderá a um percentual robusto e significativo, que 
permita a realização de inferência para o restante dos demais municípios, que não foram abrangidos 
pela Pesquisa.";"Descrição: Foi elaborado utilizando-se o critério de AAS (Amostragem Aleatória Simples) para o 
cálculo do tamanho da amostra de uma população finita, considerando para as variáveis p(sucesso) 
e q(não sucesso) para a obtenção ou não de votos junto ao eleitorado. Tendo por objetivo o 
dimensionamento de uma amostra confiável e significativa para a descrição do fenômeno objeto de 
avaliação. Minimizando a probabilidade de ocorrência de erros e a consequente obtenção de uma 
amostra representativa em relação a população componente do universo pesquisado. A pesquisa foi 
dimensionada para uma amostra com Margem de Confiança de 95% e Erro Amostral de 2,9 pontos 
percentuais para mais ou para menos, totalizando 1200 questionários. 
II.2) Distribuição dos questionários por Regiões/municípios e cotas (sexo, faixa etária, grau de 
instrução e renda domiciliar): 
Os questionários foram distribuídos pelas Regiões da seguinte forma: 
II.2.1) Região do Bico do Papagaio: 11%.   
Nº de Questionários:132 
II.2.2) Região Norte: 23%. 
Nº de Questionários:276 
II.2.3) Região Central: 37%.  
Nº de Questionários:444 
II.2.4) Região Sudeste: 7%. 
Nº de Questionários:84 
II.2.5) Região Vale do Araguaia: 9%. 
Nº de Questionários:108 
II.2.6) Região Sul: 13%. 
Nº de Questionários:156 
II.3.1) Por Sexo: Masculino e Feminino; 
II.3.2) Por Faixa Etária (anos): 16 a 20, 21 a 24, 25 a 34, 35 a 44, 45 a 59, 60 a 69 e 70 anos ou mais;  
II.3.3) Por Grau de Instrução: Analfabeto, Fundamental Incompleto juntamente com Lê/Escreve, 
Fundamental Completo, Médio Incompleto, Médio Completo, Superior Incompleto e Superior 
Completo. 
II.3.4) Renda Domiciliar (Sal. Mínimo): Sem rendimentos, Até ½, Mais de ½ a 1, Mais de 1 a 2, Mais 
de 2 a 5, Mais de 5 a 10, Mais de 10. 
OBS.: As informações referentes aos itens II.3.1 a II.3.4, estão especificadas em quadros anexos 
assinados digitalmente.";"Obedecerá aos seguintes critérios: 
 III.1) Seleção aleatória de alguns setores pesquisados, havendo posterior visita de supervisores de 
campo do instituto, para avaliação da qualidade das informações coletadas;  
III.2) Visita a 10% dos domicílios do local selecionado, para confirmação da veracidade das 
informações coletadas; 
 III.3) Acompanhamento de algumas entrevistas por parte do supervisor, para observar se o 
pesquisador está influenciando, ainda que de forma indireta na resposta do entrevistado, 
comprometendo assim, a qualidade da entrevista e consequentemente o resultado da Pesquisa. 
III.4) Utilização de fatores de ponderação para ajustes na amostra coletada, com base na amostra 
prevista. Caso ocorram distorções significativas, entre os quantitativos obtidos na coleta de 
determinada variável e o determinado no dimensionamento da amostra. 
Exemplo: 
III.4.1) Ponderação por sexo e idade: Ocorrendo diferença superior a 5 pontos percentuais, entre o 
previsto no cálculo do dimensionamento da amostra e, o coletado no campo; 
III.4.2) Grau de Instrução e Renda Domiciliar: Ocorrendo a mesma situação de diferença superior a 5 
pontos percentuais, na coleta dessas variáveis, será utilizado fator de ponderação igual a um. 
Correspondente aos valores obtidos na coleta de campo. 
III..5) Na ausência de delimitação de bairros nos municípios pesquisados, serão identificadas as áreas 
em que foram realizadas as entrevistas para coleta de dados. Essas informações serão 
disponibilizadas no prazo estabelecido e regulamentado pelo TSE. Obedecendo a regulação do TSE. 
Conforme o parágrafo 7 do artigo 2 da resolução TSE, número 23.600/2019  ";"Região do Bico do Papagaio, representada pelos municípios de: -Araguatins, Augustinópolis, Tocantinópolis e Sítio Novo; I.3.2) Região Norte, representada pelos municípios de: -Araguaína, Colinas do Tocantins, Guaraí e Nova Olinda; I.3.3) Região Central, representada pelos municípios de: - Barrolândia, Miracema do Tocantins, Miranorte, Palmas e Porto Nacional; I.3.4) Região Sudeste, representada pelos municípios de: -Almas, Arraias, Dianópolis, Natividade e Taguatinga; I.3.5) Região Vale do Araguaia, representada pelos municípios de: -Cristalândia, Divinópolis, Lagoa da Confusão; Paraíso e Pium; I.3.6) Região Sul, representada pelos municípios de: -Araguaçu, Alvorada, Figueirópolis, Formoso do Araguaia, Gurupi e Peixe."
"28/09/2026";"05:46:54";2026;81;"Eleições Gerais 2026";"TO";"TO";"TOCANTINS";"TO067172026";"2026-06-03 22:48:05";"S";"00654576000172";"INSTITUTO VERITA LTDA";"VERITA";"Governador, Senador";"2026-06-03 00:00:00";"2026-06-07 00:00:00";"2026-06-09 00:00:00";1220;"10699";"GUILHERME ALVARENGA LAIA";"96380,00";"Pesquisa quantitativa, que consiste na realização de entrevistas, com a aplicação de questionário estruturado junto a uma amostra representativa do eleitorado desta Unidade da Federação.";"ESTUDO REPRESENTATIVO DO ELEITORADO DO ESTADO DO TOCANTINS - MÉTODO PPT (Probabilidade Proporcional ao Tamanho) - PLANO AMOSTRAL E PONDERAÇÃO QUANTO A SEXO, IDADE, GRAU DE INSTRUÇÃO E NÍVEL ECONÔMICO DO ENTREVISTADO; INTERVALO DE CONFIANÇA E MARGEM DE ERRO:

Representativo do eleitorado da área em estudo, elaborado em vários estágios, da seguinte forma:

Divisão da UF em estratos proporcionais de municípios.
Ordenação dos municípios de cada estrato segundo o porte.
Sorteio dos municípios de cada estrato.
Os respondentes são selecionados por meio de quotas amostrais proporcionais, em função de variáveis significativas, a saber:

GÊNERO / FAIXA ETÁRIA - FEMININO E MASCULINO: 16 A 34 ANOS 18,5% E 17,5%; 35 A 54 ANOS 19,5% E 18,5%; 55 ANOS OU MAIS 13% E 13%.

GRAU DE INSTRUÇÃO - FEMININO E MASCULINO: sem instrução até Ensino Médio completo 62,9%; Ensino Superior incompleto e completo 37,1%.

NÍVEL ECONÔMICO - FEMININO: população não economicamente ativa 46,5%; população economicamente ativa 53,5%.
MASCULINO: população não economicamente ativa 27,2%; população economicamente ativa 72,8%.

RENDA FAMILIAR DO DOMICÍLIO: renda familiar de até 2 salários-mínimos, 30,7%; de 2 a 5 salários-mínimos, 44,2%; acima de 5 salários-mínimos, 25,1%.

Está prevista eventual ponderação para correção das variáveis, com base nos percentuais anteriormente mencionados, caso ocorram diferenças superiores à margem de erro da pesquisa prevista entre a amostra e a coleta de dados realizada. O fator previsto para ponderação é 1 (resultados obtidos na coleta de dados).

O intervalo de confiança estimado é de 95%, e a margem de erro máxima estimada, considerando um modelo de amostragem aleatório simples, é de aproximadamente 3 pontos percentuais, para mais ou para menos, sobre os resultados encontrados no total da amostra.

FONTE DOS DADOS: IBGE/Censo 2022, para fins de densidade demográfica, setores censitários e alocação da amostra. IBGE Censo 2022/PNAD/PNADC 2024, MEC 2025 e INEP Censo do Ensino Superior 2024, além de estudos anteriores que, calculados dentro do eleitorado brasileiro e do Estado do Tocantins, fornecem o percentual do número de eleitores que, ainda que por apenas alguns meses ou semanas, frequentaram o ensino superior, seja na modalidade EAD ou em outras. Portanto, para fins de nível econômico e escolaridade, foram utilizadas mais de uma fonte.

TSE FEVEREIRO/2026, para fins de sexo, faixa etária e eleitorado por município ou regiões previamente definidas. Importante ressaltar, para o público leigo, que os dados do TSE são os únicos corretos para gênero, idade dos eleitores e quantitativo de eleitores por municípios, já que a base de dados se atualiza automaticamente. Porém, os dados de escolaridade e nível econômico não são corretos nem confiáveis, devido à desatualização que ocorre naturalmente com o passar dos anos.

Definição de margem de erro e intervalo de confiança: margem de erro e intervalo de confiança não são grandezas diretamente proporcionais. A SOMA NÃO TEM QUE RESULTAR 100%.";"Após os trabalhos de coleta de dados, os questionários são submetidos a uma fiscalização, conferência e checagem de cerca de 20% (vinte por cento) dos questionários aplicados.";"A relação dos municípios sorteados ou selecionados para esta pesquisa será apresentada em arquivo anexo até 1 (um) dia após a divulgação desta pesquisa conforme §7º. do art. 2º. da Resolução-TSE nº. 23.600/2019. A área de abrangência desta pesquisa é o Estado DO TOCANTINS"
"28/09/2026";"05:46:54";2026;81;"Eleições Gerais 2026";"TO";"TO";"TOCANTINS";"TO068332026";"2026-07-19 17:06:04";"N";"81908345000140";"INSTITUTO PARANA DE PESQUISAS E ANALISE DE CONSUMIDOR LTDA";"#NULO#";"Governador, Senador";"2026-07-21 00:00:00";"2026-07-24 00:00:00";"2026-07-25 00:00:00";1300;"10245 - 4ª";"Tatiani Cristina Ara";"45000,00";"Pesquisa com metodologia quantitativa, com a realização de entrevistas pessoais, domiciliares e presenciais, utilizando questionário estruturado junto a uma amostra representativa do eleitorado do Estado do Tocantins.


";"""A amostra será representativa do eleitorado da área pesquisada e será selecionada em três etapas. Na primeira etapa realiza-se um sorteio probabilístico dos municípios onde as entrevistas serão realizadas através do método PPT (Probabilidade Proporcional ao Tamanho), considerando a população eleitora com 16 anos ou mais residente nos municípios como base para essa seleção. Na segunda etapa, faz-se um sorteio probabilístico das localidades, onde as entrevistas serão realizadas, através do método PPT (Probabilidade Proporcional ao Tamanho), tomando a população eleitora de 16 anos ou mais residente nas localidades como base para essa seleção. Na terceira etapa, a seleção do entrevistado dentro da localidade, será feita utilizando-se quotas amostrais proporcionais, em função das seguintes variáveis:
GÊNERO: TSE Junho 2026 (https://sig.tse.jus.br/ords/dwapr/r/seai/sig-eleitor-eleitorado-mensal/cruzamento-eleitorado-mensal?p24_metricas=E&p24_back=22&p24_cruzamento_1=ds_sexo&clear=24&p0_uf=TO&p0_mes=6&debug=LEVEL5&session=312990078978641)
Masculino - 49%; |
Feminino - 51%; |
FAIXA ETÁRIA: TSE Junho 2026 (https://sig.tse.jus.br/ords/dwapr/r/seai/sig-eleitor-eleitorado-mensal/cruzamento-eleitorado-mensal?p24_cruzamento_1=ds_faixa_etaria&p24_metricas=E&p24_back=22&clear=24&p0_uf=TO&p0_mes=6&debug=LEVEL5&session=8904950028837) 
Entre 16 e 24 anos: 16%; |
Entre 25 e 34 anos: 21%; |
Entre 35 e 44 anos: 20%; |
Entre 45 e 59 anos: 24%; |
Com 60 anos ou mais: 19%; |
ESCOLARIDADE: TSE Junho 2026 (https://sig.tse.jus.br/ords/dwapr/r/seai/sig-eleitor-eleitorado-mensal/cruzamento-eleitorado-mensal?p24_cruzamento_1=ds_grau_instrucao&p24_metricas=E&p24_back=22&clear=24&p0_uf=TO&p0_mes=6&debug=LEVEL5&session=309383598034615) 
De analfabeto até ensino fundamental completo: 36%; |
Ensino médio incompleto ou completo: 47% |
Ensino superior incompleto ou completo: 17% |
RENDA DOMICILIAR MENSAL:  (https://cidades.ibge.gov.br/brasil/to/pesquisa/23/24304) IBGE - Censo 2010. Observação: Conforme informações obtidas do Instituto Brasileiro de Geografia e Estatística, o IBGE, não divulgou - e não tem previsão - de data para divulgação do perfil econômico (nível econômico) da população brasileira; portanto, os dados quanto ao nível econômico obtidos no Censo 2022, não podem ser utilizados, pois não foram publicados. (https://censo2022.ibge.gov.br/panorama/)
Sem rendimentos até 2 salários mínimos: 58% |
Mais de 2 a 5 salários mínimos: 27% |
Mais de 5 salários mínimos: 15% |
Está prevista eventual ponderação para correção das variáveis gênero e faixa etária, com base nos percentuais acima apresentados, caso ocorram diferenças superiores a 3,0 (três) pontos percentuais entre o previsto na amostra e a coleta realizada; para as variáveis escolaridade e renda domiciliar mensal, o fator de ponderação é igual a 1 (resultados obtidos no campo). O nível de confiança estimado é de 95% (noventa e cinco por cento) para uma margem de erro estimada, considerando uma técnica de amostragem aleatória simples, de aproximadamente 2,8 (dois vírgula oito) pontos percentuais para mais ou para menos sobre os resultados obtidos.""





";"""As entrevistas serão conduzidas por uma equipe de entrevistadores e supervisores devidamente qualificados pelo Instituto Paraná Pesquisas, todos com experiência e treinamento específico em pesquisas de opinião pública. 
Controle: O controle do processo será realizado por meio de um software de coleta de dados.
Conferência e Fiscalização: Durante a coleta de dados os questionários aplicados são fiscalizados e conferidos através de um supervisor.   
Adicionalmente, pelo menos 30% dos questionários passarão por uma verificação posterior, que avaliará a precisão na aplicação e a adequação dos entrevistados às variáveis das quotas amostrais. Ou seja, no mínimo 390 entrevistas desta pesquisa serão auditadas pela equipe de qualidade do Instituto Paraná Pesquisas, podendo essa auditoria ser solicitada ao Instituto a qualquer momento.
Verificação: Após a coleta, os questionários passam por uma etapa de verificação e validação dos dados, para garantir a integridade e precisão dos dados coletados.""





";" ""A pesquisa será realizada no Estado do Tocantins, a relação dos dados relativos aos municípios e às localidades será apresentado até o dia seguinte à data a partir da qual a pesquisa puder ser divulgada, conforme §7º do art. 2º da Resolução-TSE nº. 23.600/2019""





"
"28/09/2026";"05:46:54";2026;81;"Eleições Gerais 2026";"TO";"TO";"TOCANTINS";"TO036232026";"2026-06-14 10:08:28";"S";"28017278000190";"MARCELLO LEONARDI BEZERRA";"INSTITUTO VOX TOCANTINS";"Governador, Senador";"2026-06-05 00:00:00";"2026-06-09 00:00:00";"2026-06-20 00:00:00";1314;"8954";"GALTTIERI FERREIRA TAVARES";"15000,00";"Pesquisa quantitativa, estimulada consistente na realização de entrevistas, com a aplicação de questionário estruturado junto a uma amostra representativa do eleitorado de forma presencial e por telefone nos municípios relacionados a seguir:
Augustinópolis, Sítio Novo, Ananás, Tocantinópolis, Araguaína, Wanderlândia, Goiatins, Colmeia, Pequizeiro, Guaraí, Itaporã, Araguacema, Miracema, Paraíso, Cristalândia, Natividade, Porto Nacional, Gurupi, Almas, Porto Alegre, Dianopolis,
Palmas.";"área elaborada da seguinte forma: divisão do município  onde serão realizadas as entrevistas em quantidade proporcional ao número de habitantes contidos em cada um destes; após esta divisão, dentro de cada região escolhida, os respondentes são selecionados através de quotas amostrais proporcionais em função de variáveis significativas; a saber: gênero ¿ Feminino 50.3% e masculino 49.7%; grau de instrução/escolaridade ¿ Analfabeto  Ensino Fundamental  Ensino Médio e Ensino Superior.
 Idade: 16 a 24 Anos, 25 a 34 Anos,  35 a 44 Anos, 45 a 59 Anos,  e Acima de 60 Anos ; Nível econômico/renda familiar completa - Até 2 salários-mínimos  de 2 a 5 salários-mínimos Acima de 5 salários e Sem Renda. Caso ocorram diferenças superiores à margem de erro prevista entre a amostra planejada. O intervalo de confiança estimado é de 95%. Considerando um modelo de amostragem aleatória simples, a margem de erro máxima estimada é de aproximadamente 3 pontos percentuais (para mais ou para menos) sobre os resultados obtidos para o total da amostra. Fontes dos dados: ""IBGE"" Censo 2022: utilizado para densidade demográfica, setores censitários, alocação da amostra e nível econômico. ""TSE"" Maio/2026: utilizado para sexo, faixa etária, escolaridade e distribuição do eleitorado por município ou regiões previamente definidas.";"Dados relativos aos municípios e bairros abrangidos pela pesquisa. Na ausência de delimitação do bairro, será identificada a área em que foi realizada a pesquisa(conforme §7º. do art. 2º. da Resolução-TSE nº. 23.600/2019, A partir do dia em que a pesquisa puder ser divulgada e até o dia seguinte, o registro deverá ser complementado, sob pena de ser a pesquisa considerada não registrada; na ausência de delimitação do bairro, será identificada a área em que foi realizada):
A relação dos bairros abrangidos pela pesquisa será apresentada em arquivo anexo até 1 (um) dia após a divulgação desta pesquisa conforme §7º. do art. 2º. da Resolução-TSE nº. 23.600/2019";"A relação dos setores abrangidos pela pesquisa será apresentada em arquivo anexo até 1 (um) dia após a divulgação desta pesquisa conforme §7º. do art. 2º. da Resolução-TSE nº. 23.600/2019."
"28/09/2026";"05:46:54";2026;81;"Eleições Gerais 2026";"TO";"TO";"TOCANTINS";"TO053792026";"2026-06-13 11:43:20";"S";"22345021000181";"REAL TIME MIDIA LTDA";"REAL TIME BIG DATA";"Governador, Senador";"2026-06-17 00:00:00";"2026-06-18 00:00:00";"2026-06-19 00:00:00";1600;"10839";"Isabela Zara Cremoneze";"64000,00";"Pesquisa quantitativa, que consiste na realização de entrevistas pessoais, com a aplicação de questionário estruturado junto a uma amostra representativa do eleitorado em estudo. Pesquisa realizada no Estado do Tocantins (TO).";"Representativo do eleitorado da área em estudo, elaborada em três estágios. 
No primeiro estágio, realiza-se um sorteio probabilístico dos municípios onde as entrevistas serão realizadas, pelo método PPT (Probabilidade Proporcional ao Tamanho), tomando a população eleitora de 16 anos ou mais residente nos municípios como base para essa seleção.
No segundo estágio, efetua-se um sorteio probabilístico das localidades dentro dos municípios selecionados, também pelo método PPT (Probabilidade Proporcional ao Tamanho), considerando a população eleitora de 16 anos ou mais residente nessas localidades como base para a seleção.
No terceiro e último estágio, dentro das localidades sorteadas, os respondentes são selecionados por meio de quotas amostrais proporcionais, em função de variáveis significativas, a saber:

GÊNERO:
Feminino: 50,9%;
Masculino: 49,1%
(Fonte: TSE (Maio/2026) - https://sig.tse.jus.br/ords/dwapr/r/seai/sig-eleitor-eleitorado-mensal/cruzamento-eleitorado-mensal?p24_metricas=E&p24_back=22&p24_cruzamento_1=ds_sexo&clear=24&session=6255761252678)
FAIXA ETÁRIA:
16 anos: 1,0%;
17 anos: 1,4%;
18 a 20 anos: 5,8%;
21 a 24 anos: 8,1%;
25 a 34 anos: 20,4%;
35 a 44 anos: 20,2%;
45 a 59 anos: 24,3%;
60 a 69 anos: 10,3%;
70 a 79 anos: 5,8%;
Superior a 79 anos: 2,7%. 
(Fonte: TSE (Maio/2026) - https://sig.tse.jus.br/ords/dwapr/r/seai/sig-eleitor-eleitorado-mensal/cruzamento-eleitorado-mensal?p24_cruzamento_1=ds_faixa_etaria&p24_metricas=E&p24_back=22&clear=24&session=6255761252678)
ESCOLARIDADE:
Analfabeto: 4,8%;
Lê e Escreve: 7,2%;
Ensino Fundamental Incompleto: 19,2%;
Ensino Fundamental Completo: 4,4%;
Ensino Médio Incompleto: 19,9%;
Ensino Médio Completo: 27,3%;
Ensino Superior Incompleto: 6,2%;
Ensino Superior Completo: 11,0%
(Fonte: TSE (Maio/2026) - https://sig.tse.jus.br/ords/dwapr/r/seai/sig-eleitor-eleitorado-mensal/cruzamento-eleitorado-mensal?p24_cruzamento_1=ds_grau_instrucao&p24_metricas=E&p24_back=22&clear=24&session=6255761252678)
RENDA DOMICILIAR MENSAL:
Sem rendimento: 5,5%;
Até 1/2 Salário Mínimo: 5,6%;
Mais de 1/2 a 1 Salário Mínimo: 19,2%;
Mais de 1 a 2 Salários Mínimos: 27,2%;
Mais de 2 a 5 Salários Mínimos: 27,4%;
Mais de 5 a 10 Salários Mínimos: 9,8%;
Mais de 10 a 20 Salários Mínimos: 3,8%;
Mais de 20 Salários Mínimos: 1,5%.
(Fonte: IBGE (Censo 2010) - https://cidades.ibge.gov.br/brasil/to/pesquisa/23/24304?detalhes=true)
Observação: De acordo com informações do Instituto Brasileiro de Geografia e Estatística (IBGE), não há previsão de data para a divulgação do perfil econômico da população brasileira do CENSO 2022. Portanto, os dados sobre o nível econômico obtidos no Censo 2022 não podem ser utilizados, pois ainda não foram publicados.
Está prevista eventual ponderação para correção das variáveis sexo e idade, com base nos percentuais anteriormente mencionados, caso ocorram diferenças superiores a 3 pontos percentuais entre o previsto na amostra e a coleta de dados realizada. Para as variáveis de grau de instrução e nível econômico do entrevistado, o fator previsto para ponderação é 1 (resultados obtidos em campo). O nível de confiança estimado é de 95% e a margem de erro máxima estimada considerando um modelo de amostragem aleatório simples, é de aproximadamente 2 (dois) pontos percentuais para mais ou para menos sobre os resultados encontrados no total da amostra.
";"O trabalho de coleta de dados é acompanhado presencialmente por supervisores. São selecionados aleatoriamente 15% (quinze por cento) dos questionários para uma verificação posterior com ligações telefônicas para os números indicados nos formulários, em caso de dúvida, o formulário é descartado e o entrevistador chamado para esclarecimentos.";"O anexo do arquivo com os bairros será realizado até o dia seguinte da divulgação conforme indicado no §7º. do art. 2º. da Resolução-TSE nº. 23.600/2019."
"28/09/2026";"05:46:54";2026;81;"Eleições Gerais 2026";"TO";"TO";"TOCANTINS";"TO017782026";"2026-05-05 22:00:59";"S";"00654576000172";"INSTITUTO VERITA LTDA";"VERITA";"Governador, Senador";"2026-05-06 00:00:00";"2026-05-10 00:00:00";"2026-05-11 00:00:00";1220;"10699";"GUILHERME ALVARENGA LAIA";"93940,00";"Pesquisa quantitativa, que consiste na realização de entrevistas, com a aplicação de questionário estruturado junto a uma amostra representativa do eleitorado desta Unidade da Federação.";"ESTUDO REPRESENTATIVO DO ELEITORADO DO ESTADO DO TOCANTINS - MÉTODO PPT (Probabilidade Proporcional ao Tamanho) - PLANO AMOSTRAL E PONDERAÇÃO QUANTO A SEXO, IDADE, GRAU DE INSTRUÇÃO E NÍVEL ECONÔMICO DO ENTREVISTADO; INTERVALO DE CONFIANÇA E MARGEM DE ERRO: Representativo do eleitorado da área em estudo, elaborada, em vários estágios, da seguinte forma: - 1. Divisão da UF em estratos proporcionais de municípios. 2. Ordenação dos municípios de cada estrato segundo o porte. 3. Sorteio dos municípios de cada estrato. 4. Os respondentes são selecionados através de quotas amostrais proporcionais em função de variáveis significativas, a saber: GÊNERO / FAIXA ETÁRIA - FEMININO E MASCULINO 16 A 34 ANOS 18,5% E 17,5%, 35 A 54 ANOS 19,5% E 18,5%, 55 ANOS OU MAIS 13% E 13%. GRAU DE INSTRUÇÃO ¿ FEMININO E MASCULINO Sem instrução até Ensino Médio completo 62,9%, Ensino superior incompleto e completo 37,1% NÍVEL ECONÔMICO - FEMININO população não economicamente ativa 46,5% população economicamente ativa 53,5% MASCULINO população não economicamente ativa 27,2% população economicamente ativa 72,8%. RENDA FAMILIAR DO DOMICÍLIO renda familiar de até 2 salários-mínimos 30,7%; de 2 a 5 salários-mínimos 44,2%, acima de 5 salários-mínimos 25,1%. Está prevista eventual ponderação para correção das variáveis, com base nos percentuais anteriormente mencionados, caso ocorram diferenças superiores a margem de erro da pesquisa previsto entre a amostra e a coleta de dados realizada. O fator previsto para ponderação é 1 (resultados obtidos na coleta de dados). O intervalo de confiança estimado é de 95% e a margem de erro máxima estimada considerando um modelo de amostragem aleatório simples, é de aproximadamente 3 pontos percentuais para mais ou para menos sobre os resultados encontrados no total da amostra. FONTE DOS DADOS: IBGE/Censo 2022 para fins de densidade demográfica, setores censitários e alocação da amostra. IBGE/PNAD/PNADC/MEC/INEP para fins de Nível Econômico e Escolaridade. TSE FEVEREIRO/2026 para fins de Sexo, Faixa Etária e eleitorado por município ou regiões previamente definidas (importante ressaltar para o público leigo que os dados do TSE são os únicos corretos para gênero, idade dos eleitores e quantitativo de eleitores por municípios já que a base de dados se atualiza automaticamente, PORÉM, dados de escolaridade e nível econômico NÃO são corretos e confiáveis devido a desatualização que ocorre naturalmente com o passar dos anos). Definição de margem de erro e intervalo de confiança: Margem de erro e intervalo de confiança não são grandezas diretamente proporcionais. A SOMA NÃO TEM QUE RESULTAR 100%. ";"Após os trabalhos de coleta de dados, os questionários são submetidos a uma fiscalização, conferência e checagem de cerca de 20% (vinte por cento) dos questionários aplicados.";"A relação dos municípios sorteados ou selecionados para esta pesquisa será apresentada em arquivo anexo até 1 (um) dia após a divulgação desta pesquisa conforme §7º. do art. 2º. da Resolução-TSE nº. 23.600/2019. A área de abrangência desta pesquisa é o Estado DO TOCANTINS"
"28/09/2026";"05:46:54";2026;81;"Eleições Gerais 2026";"TO";"TO";"TOCANTINS";"TO044632026";"2026-06-04 21:03:58";"S";"81908345000140";"INSTITUTO PARANA DE PESQUISAS E ANALISE DE CONSUMIDOR LTDA";"#NULO#";"Governador, Senador";"2026-06-07 00:00:00";"2026-06-09 00:00:00";"2026-06-10 00:00:00";1300;"10245 - 4ª Região";"Tatiani Cristina Ara";"40000,00";"Pesquisa com metodologia quantitativa, com a realização de entrevistas pessoais, domiciliares e presenciais, utilizando questionário estruturado junto a uma amostra representativa do eleitorado do Estado do Tocantins.


";"""A amostra será representativa do eleitorado da área pesquisada e será selecionada em três etapas. Na primeira etapa realiza-se um sorteio probabilístico dos municípios onde as entrevistas serão realizadas através do método PPT (Probabilidade Proporcional ao Tamanho), considerando a população eleitora com 16 anos ou mais residente nos municípios como base para essa seleção. Na segunda etapa, faz-se um sorteio probabilístico das localidades, onde as entrevistas serão realizadas, através do método PPT (Probabilidade Proporcional ao Tamanho), tomando a população eleitora de 16 anos ou mais residente nas localidades como base para essa seleção. Na terceira etapa, a seleção do entrevistado dentro da localidade, será feita utilizando-se quotas amostrais proporcionais, em função das seguintes variáveis:
GÊNERO: TSE Maio 2026 (https://sig.tse.jus.br/ords/dwapr/r/seai/sig-eleitor-eleitorado-mensal/cruzamento-eleitorado-mensal?p24_metricas=E&p24_back=22&p24_cruzamento_1=ds_sexo&clear=24&p0_uf=TO&p0_mes=5&debug=LEVEL5&session=312990078978641)
Masculino - 49%; |
Feminino - 51%; |
FAIXA ETÁRIA: TSE Maio2026 (https://sig.tse.jus.br/ords/dwapr/r/seai/sig-eleitor-eleitorado-mensal/cruzamento-eleitorado-mensal?p24_cruzamento_1=ds_faixa_etaria&p24_metricas=E&p24_back=22&clear=24&p0_uf=TO&p0_mes=5&debug=LEVEL5&session=8904950028837)
Entre 16 e 24 anos: 17%; |
Entre 25 e 34 anos: 20%; |
Entre 35 e 44 anos: 20%; |
Entre 45 e 59 anos: 24%; |
Com 60 anos ou mais: 19%; |
ESCOLARIDADE: TSE Maio 2026 (https://sig.tse.jus.br/ords/dwapr/r/seai/sig-eleitor-eleitorado-mensal/cruzamento-eleitorado-mensal?p24_cruzamento_1=ds_grau_instrucao&p24_metricas=E&p24_back=22&clear=24&p0_uf=TO&p0_mes=5&debug=LEVEL5&session=309383598034615)
De analfabeto até ensino fundamental completo: 36%; |
Ensino médio incompleto ou completo: 47% |
Ensino superior incompleto ou completo: 17% |
RENDA DOMICILIAR MENSAL:  (https://cidades.ibge.gov.br/brasil/to/pesquisa/23/24304) IBGE - Censo 2010. Observação: Conforme informações obtidas do Instituto Brasileiro de Geografia e Estatística, o IBGE, não divulgou - e não tem previsão - de data para divulgação do perfil econômico (nível econômico) da população brasileira; portanto, os dados quanto ao nível econômico obtidos no Censo 2022, não podem ser utilizados, pois não foram publicados. (https://censo2022.ibge.gov.br/panorama/)
Sem rendimentos até 2 salários mínimos: 58% |
Mais de 2 a 5 salários mínimos: 27% |
Mais de 5 salários mínimos: 15% |
Está prevista eventual ponderação para correção das variáveis gênero e faixa etária, com base nos percentuais acima apresentados, caso ocorram diferenças superiores a 3,0 (três) pontos percentuais entre o previsto na amostra e a coleta realizada; para as variáveis escolaridade e renda domiciliar mensal, o fator de ponderação é igual a 1 (resultados obtidos no campo). O nível de confiança estimado é de 95% (noventa e cinco por cento) para uma margem de erro estimada, considerando uma técnica de amostragem aleatória simples, de aproximadamente 2,8 (dois vírgula oito) pontos percentuais para mais ou para menos sobre os resultados obtidos.""





";"""As entrevistas serão conduzidas por uma equipe de entrevistadores e supervisores devidamente qualificados pelo Instituto Paraná Pesquisas, todos com experiência e treinamento específico em pesquisas de opinião pública. 
Controle: O controle do processo será realizado por meio de um software de coleta de dados, o qual permitirá o monitoramento garantindo o cumprimento das cotas amostrais.
Conferência e Fiscalização: Durante a coleta de dados os questionários aplicados são fiscalizados e conferidos através de um supervisor.   
Adicionalmente, pelo menos 30% dos questionários passarão por uma verificação posterior, que avaliará a precisão na aplicação e a adequação dos entrevistados às variáveis das quotas amostrais. Ou seja, no mínimo 390 entrevistas desta pesquisa serão auditadas pela equipe de qualidade do Instituto Paraná Pesquisas, podendo essa auditoria ser solicitada ao Instituto a qualquer momento.
Verificação: Após a coleta, os questionários passam por uma etapa de verificação e validação dos dados, para garantir a integridade e precisão dos dados coletados.""





";" ""A pesquisa será realizada no Estado do Tocantins, a relação dos dados relativos aos municípios e às localidades será apresentado até o dia seguinte à data a partir da qual a pesquisa puder ser divulgada, conforme §7º do art. 2º da Resolução-TSE nº. 23.600/2019""





"
"28/09/2026";"05:46:54";2026;81;"Eleições Gerais 2026";"TO";"TO";"TOCANTINS";"TO070462026";"2026-08-21 15:12:22";"S";"14888537000144";"VOZ E PESQUISA TOCANTINS LTDA";"#NULO#";"Governador, Senador";"2026-08-22 00:00:00";"2026-08-26 00:00:00";"2026-08-27 00:00:00";1250;"6892";"Joao Soares de Araujo Neto";"19000,00";"Avaliar a intenção de voto de eleitores, dos 34 municípios das Regiões do Bico do Papagaio, Central, Norte, Sudeste, Sul e Vale do Araguaia, com relação aos cargos eletivos de Governador e Senador do Tocantins  - 2026, através de entrevistas diretas. Essas terão por objetivo, identificar de forma estimulada e quantitativa a intenção de voto. I.2) Procedimentos para a realização da Pesquisa ¿ Aplicação de entrevistas diretas junto à população dos 34 municípios das 6 Regiões, aplicando-se questionários estruturados, nos domicílios e áreas comerciais, nas zonas urbanas dos municípios. Para cada domicílio e/ou estabelecimento comercial, será realizada uma única entrevista. A seleção utilizará o critério de aleatoriedade no sorteio das unidades que irão compor o painel, tendo por objetivo minimizar a tendenciosidade e os possíveis viés, que são passíveis de ocorrerem neste tipo de pesquisa. O número de questionários terá por base uma amostra significativa e representativa da população residente, que esteja apta a votar, tendo por base o número de eleitores informados pelo TSE no mês de julho de 2026. As variáveis associadas a sexo, faixa etária, grau de instrução, terão por parâmetro as informações contidas no site do TSE em julho/2026, referentes aos 34 municípios que compõem o painel. A variável renda, terá como parâmetro a renda domiciliar informada no Censo Demográfico de 2010, referente a cada um dos 34 municípios, que está disponibilizada na página da publicação IBGE Cidades. Utilizamos esse procedimento, pois não há informação divulgada da renda domiciliar, referente ao Censo Demográfico de 2022. I.3) Abrangência Geográfica ¿ A pesquisa será realizada na área urbana dos 34 municípios, divididos em 6 Regiões, cada uma representando um conglomerado, que estão descritos a seguir: I.3.1) Conglomerado 1 ¿ Região Norte, composta pelos municípios de Araguaína, Colinas do Tocantins, Guaraí, Nova Olinda, Wanderlândia e Xambioá; I.3.2) Conglomerado 2 ¿ Região Central, composta pelos municípios de Miracema do TO, Miranorte, Palmas, Pedro Afonso e Porto Nacional; I.3.3) Conglomerado 3 ¿ Região Sudeste, composta pelos municípios de Dianópolis, Taguatinga, Paranã, Arraias e Natividade; I.3.4) Conglomerado 4 ¿ Região Sul, composta pelos municípios de Gurupi, Formoso do Araguaia, Alvorada do Tocantins, Peixe, Araguaçu e Palmeirópolis; I.3.5) Conglomerado 5 ¿ Região do Vale do Araguaia, composta pelos municípios de Paraíso do TO, Lagoa da Confusão, Pium e Divinópolis; I.3.6) Conglomerado 6 ¿ Região do Bico do Papagaio, composta pelos municípios de Araguatins, Augustinópolis, Tocantinópolis, Axixá do TO, Ananás, Esperantina, São Miguel do TO e Sítio Novo do TO. O número de entrevistas realizado em cada Região, levará em consideração a proporção do tamanho da população apta a votar em cada um dos grupos de municípios localizados nessa região, tendo por base as informações do número de eleitores informados no site do TSE, tendo por referência o mês de julho do ano corrente. As entrevistas serão realizadas majoritariamente nos domicílios (90%), e o restante nos estabelecimentos comerciais e áreas de circulação públicas.I.4) Cadastros utilizados para seleção dos componentes do painel amostral e respectivas variáveis associadas a Pesquisa, que permitirão a caracterização do eleitorado ¿ Foram utilizados como base de referência para o dimensionamento da amostra, as informações do cadastro de eleitores do TSE/TO, tendo como referência, julho/2026, para identificação das variáveis: Número de eleitores, por sexo, faixa etária, grau de instrução. O total de eleitores informado pelo TSE no mês de julho de 2026, corresponde a 1.182.768 eleitores. O número de eleitores dos 34 municípios relacionados ao total de eleitores do Estado informado pelo TSE, tendo o mês de julho de 2026 a referência, corresponde a 67,3%. I.4.1) Número Total de eleitores no Tocantins - TSE julho 2026:1.182.768; Número total de eleitores dos 34 municípios - TSE julho 2026:796.226.";"II.1) Descrição ¿ Foi elaborado utilizando-se o critério de AAS (Amostragem Aleatória Simples),   considerando para as variáveis p (sucesso) e q (não sucesso) para a aprovação ou rejeição na escolha do candidato pela população dos municípios tocantinenses. Esse procedimento, tem por objetivo o dimensionamento de uma amostra confiável e com elevado nível de significância, para a descrição do fenômeno objeto de avaliação. Minimizando a probabilidade de ocorrência de erros e a consequente obtenção de uma amostra significativa em relação a população componente do universo pesquisado. Apresentando resultados confiáveis e representativos do fenômeno objeto da Pesquisa.
A distribuição dos questionários nos setores a serem pesquisados, considerou a proporcionalidade de moradores aptos a votar, associados as cotas (variáveis) informadas no cadastro do TSE/TO, tendo por referência o mês de julho do corrente ano com relação ao universo de eleitores dos municípios de cada Região.
A pesquisa foi dimensionada para uma amostra com Margem de Confiança de 95% e Erro Amostral de 2,8 pontos percentuais para mais ou para menos, totalizando 1250 questionários, tendo por base o tamanho da População total de eleitores do Estado do Tocantins, informada no site do TSE, referente a julho de 2026, correspondendo a 1.182.768 eleitores.

II.2) Distribuição dos questionários por Regiões/municípios e por cotas (sexo, faixa etária, grau de instrução e renda domiciliar) ¿ Os questionários foram distribuídos pelas Regiões da seguinte forma: ATENÇÃO -ATENÇÃO - IMPORTANTE: Por falta de espaço neste campo, o restante do Plano Amostral e ponderação quanto a sexo, idade, grau de instrução e nível econômico dos entrevistados, foi juntado em arquivos PDF no mesmo arquivo que contem o questionário, os discos, bem como a Declaração de Responsabilidade e de Vínculo do Profissional de Estatística com o Instituto Voz e Pesquisa Tocantins (VOPE), com o Termo de Compromisso do referido profissional, tendo sido os documentos (questionário, discos, restante do Plano Amostral e Declaração de Vínculo do Estatístico e Termo de Compromisso, juntados em um PDF só, atendendo desta forma, com a Declaração do Estatistico a atualização efetuada pela Resolução TSE Nº 23.747/2026.";"Obedecerá aos seguintes critérios: III.1) Seleção aleatória de alguns setores pesquisados, havendo posterior fiscalização de supervisores de campo do instituto, para avaliação da qualidade das informações coletadas; III.2) Visita/confirmação a 15% dos domicílios do local selecionado, para comprovação da veracidade das informações coletadas; III.3) Acompanhamento de algumas entrevistas por parte de supervisor, para observar se o pesquisador está influenciando, ainda que de forma indireta na resposta do entrevistado, comprometendo assim, a qualidade da entrevista e consequentemente o resultado da Pesquisa; III.4) Na eventualidade de necessidade de utilização de fatores de ponderações para ajustes da amostra prevista com relação a amostra coletada: quando houver distorções significativas entre os quantitativos obtidos na coleta de alguma variável e o indicado na amostra, ocorrerá conforme especificação a seguir: III.4.1) Ponderação para sexo e idade ¿ Quando ocorrer diferença superior a 5 pontos percentuais entre o previsto e o coletado; III.4.2) Ponderação para grau de instrução e renda domiciliar - Ocorrendo a mesma situação na coleta dessas variáveis, será utilizado o fator de ponderação igual a um, equivalente ao levantamento obtido no trabalho de campo.";"Serão disponibilizados no prazo legal (até o dia seguinte à data a partir da qual a pesquisa puder ser divulgada, conforme §7º do art. 2º da Resolução-TSE nº. 23.600/2019, os anexos no campo especifico, contendo os municípios/localidades do Estado do Tocantins pesquisados nas 06 Regiões, com o detalhamento das amostras associadas às variáveis de cada uma das localidades, sendo sexo, idade, grau de instrução e renda familiar, especificadas em tabelas pelas regiões e municípios."
"28/09/2026";"05:46:54";2026;81;"Eleições Gerais 2026";"TO";"TO";"TOCANTINS";"TO058052026";"2026-09-09 16:13:43";"N";"22345021000181";"REAL TIME MIDIA LTDA";"REAL TIME BIG DATA";"Governador, Senador";"2026-09-10 00:00:00";"2026-09-14 00:00:00";"2026-09-15 00:00:00";1600;"10839";"Isabela Zara Cremoneze";"20000,00";"Pesquisa quantitativa, que consiste na realização de entrevistas com eleitores do universo a ser explorado, feitas em combinação mista por entrevistadores humanos e recursos de inteligência artificial, com a aplicação de questionário estruturado com abordagens telefônicas e digitais junto a uma amostra representativa do eleitorado em estudo. Pesquisa realizada no Estado do Tocantins (TO).";"Representativo do eleitorado da área em estudo, elaborada em três estágios.
No primeiro estágio, realiza-se um sorteio probabilístico dos municípios onde as entrevistas serão realizadas, pelo método PPT (Probabilidade Proporcional ao Tamanho), tomando a população eleitora de 16 anos ou mais residente nos municípios como base para essa seleção.
No segundo estágio, efetua-se um sorteio probabilístico das localidades dentro dos municípios selecionados, também pelo método PPT (Probabilidade Proporcional ao Tamanho), considerando a população eleitora de 16 anos ou mais residente nessas localidades como base para a seleção.
No terceiro e último estágio, dentro das localidades sorteadas, os respondentes são selecionados por meio de quotas amostrais proporcionais, em função de variáveis significativas, a saber:

GÊNERO:
Feminino: 50,92%;
Masculino: 49,08%
(Fonte: TSE (Agosto/2026) - https://sig.tse.jus.br/ords/dwapr/r/seai/sig-eleitor-eleitorado-mensal/cruzamento-eleitorado-mensal?p24_metricas=E&p24_back=22&p24_cruzamento_1=ds_sexo&clear=24&session=6255761252678)
FAIXA ETÁRIA:
16 anos: 0,83%;
17 anos: 1,16%;
18 a 20 anos: 5,62%;
21 a 24 anos: 8,10%;
25 a 34 anos: 20,38%;
35 a 44 anos: 20,07%;
45 a 59 anos: 24,55%;
60 a 69 anos: 10,49%;
70 a 79 anos: 5,94%;
Superior a 79 anos: 2,86%.
(Fonte: TSE (Agosto/2026) - https://sig.tse.jus.br/ords/dwapr/r/seai/sig-eleitor-eleitorado-mensal/cruzamento-eleitorado-mensal?p24_cruzamento_1=ds_faixa_etaria&p24_metricas=E&p24_back=22&clear=24&session=6255761252678)
ESCOLARIDADE:
Analfabeto: 4,83%;
Lê e Escreve: 7,21%;
Ensino Fundamental Incompleto: 19,15%;
Ensino Fundamental Completo: 4,37%;
Ensino Médio Incompleto: 19,90%;
Ensino Médio Completo: 27,32%;
Ensino Superior Incompleto: 6,17%;
Ensino Superior Completo: 11,03%
(Fonte: TSE (Agosto/2026) - https://sig.tse.jus.br/ords/dwapr/r/seai/sig-eleitor-eleitorado-mensal/cruzamento-eleitorado-mensal?p24_cruzamento_1=ds_grau_instrucao&p24_metricas=E&p24_back=22&clear=24&session=6255761252678)
RENDA DOMICILIAR MENSAL:
Sem rendimento: 5,52%;
Até 1/2 Salário Mínimo: 5,62%;
Mais de 1/2 a 1 Salário Mínimo: 19,15%;
Mais de 1 a 2 Salários Mínimos: 27,22%;
Mais de 2 a 5 Salários Mínimos: 27,39%;
Mais de 5 a 10 Salários Mínimos: 9,81%;
Mais de 10 a 20 Salários Mínimos: 3,79%;
Mais de 20 Salários Mínimos: 1,49%.
(Fonte: IBGE (Censo 2010) - https://cidades.ibge.gov.br/brasil/to/pesquisa/23/24304?detalhes=true)
Observação: De acordo com informações do Instituto Brasileiro de Geografia e Estatística (IBGE), não há previsão de data para a divulgação do perfil econômico da população brasileira do CENSO 2022. Portanto, os dados sobre o nível econômico obtidos no Censo 2022 não podem ser utilizados, pois ainda não foram publicados.
Está prevista eventual ponderação para correção das variáveis sexo e idade, com base nos percentuais anteriormente mencionados, caso ocorram diferenças superiores a 3 pontos percentuais entre o previsto na amostra e a coleta de dados realizada. Para as variáveis de grau de instrução e nível econômico do entrevistado, o fator previsto para ponderação é 1 (resultados obtidos em campo). O nível de confiança estimado é de 95% e a margem de erro máxima estimada considerando um modelo de amostragem aleatório simples, é de aproximadamente 2 (dois) pontos percentuais para mais ou para menos sobre os resultados encontrados no total da amostra.";"O trabalho de coleta de dados é acompanhado por supervisores humanos. São selecionados aleatoriamente 15% (quinze por cento) dos questionários para uma verificação posterior e, em caso de dúvida, o formulário é descartado e o responsável pela coleta chamado para esclarecimentos. Há uma equipe especializada que confere os dados à exaustão com objetivo de averiguar e aferir os resultados coletados.";"O anexo do arquivo com os bairros será realizado até o dia seguinte da divulgação conforme indicado no §7º. do art. 2º. da Resolução-TSE nº. 23.600/2019."
"28/09/2026";"05:46:54";2026;81;"Eleições Gerais 2026";"TO";"TO";"TOCANTINS";"TO065952026";"2026-02-06 13:26:03";"N";"56824073000152";"EXATA.GO PESQUISA LTDA";"EXATA.GO";"Governador, Senador, Deputado Federal, Deputado Estadual, Deputado Distrital";"2026-02-06 00:00:00";"2026-02-11 00:00:00";"2026-02-12 00:00:00";22820;"10809";"ESTENIO DA COSTA SANTOS";"10000,00";"A pesquisa será do tipo quantitativo, por amostragem aleatória, com aplicação de questionário estruturado e abordagem de moradores eleitores em 54 municípios do estado do Tocantins, em pontos estratégicos de fluxo de pessoal dos municípios e por visitas às residências dos municípios. O conjunto da população do Tocantins, com 16 anos ou mais e que são votantes no referido estado foi tomado como universo da pesquisa.";"O universo da pesquisa se concentra na população do município de 54 municípios do estado do Tocantins (listados em anexo) com 16 anos ou mais votantes no estado. Tamanho da amostra: A amostra prevista é de 22.820 entrevistas. Técnica de amostragem: A amostra é representativa do universo pesquisado e selecionada em duas etapas. Na primeira etapa são sorteados os municípios que farão parte da amostra. Numa segunda etapa são sorteados os pontos de abordagem onde serão aplicadas as entrevistas. Por fim, os entrevistados são selecionados aleatoriamente para responder ao questionário, de acordo com cotas de sexo e faixa etária. Os dados relativos a sexo e faixa etária são: Sexo masculino: 49%; Sexo feminino: 51%, Idade: 16 a 24 anos: 16,9%; 25 a 34 anos: 21,0%; 35 a 44 anos: 20,7%; 45 a 59 anos: 23,6% e 60 anos ou mais: 17,8%. Para grau de instrução, os dados utilizados como referência são: Analfabetos: 5%; Lê e escreve + Ensino fundamental incompleto: 27,7%; Ensino fundamental completo + Ensino médio incompleto: 23,8%; Ensino médio completo + Ensino superior incompleto: 32,8%, Ensino superior completo ou mais: 10,7%. Os dados utilizados para definição e seleção da amostra são baseados nos dados fornecidos pelo TSE (setembro/2025), IBGE (PNAD Contínua, Censo 2010 e Censo 2022) e dados primários de outros levantamentos do instituto. Ponderação dos resultados: Está prevista eventual ponderação para correção nos tamanhos dos estratos, considerando as variáveis sexo, faixa etária e escolaridade, de acordo com os percentuais detalhados anteriormente, casos as diferenças sejam maiores que 3 pontos percentuais. Para o nível econômico do entrevistado (renda individual mensal aproximada declarada) os dados de referência são: até 2 S. M. (salários mínimos) = 85%; mais de 2 S. M. = 12%, não souberam ou recusaram a resposta = 3%. Para essa variável, o fator previsto para ponderação é 1 (resultados obtidos em campo). Área física: A relação completa dos municípios incluídos no levantamento será encaminhada a esse tribunal posteriormente, a partir do dia em que a pesquisa puder ser divulgada e até o dia seguinte, conforme a Resoluções 23.600/2019, no art.2º §7º e 23.727/2024 do TSE. Margem de Erro: A margem de erro máxima prevista é de 1,1 pontos percentuais para mais ou para menos, considerando um nível de confiança de 95% e baseada em uma amostra aleatória.";"Os entrevistadores envolvidos na realização desta pesquisa são treinados pelo Instituto e recebem instruções específicas para cada projeto realizado. A coleta será feita com a utilização de questionário impresso, que serão computados posteriormente à pesquisa de campo. Os pesquisadores são supervisionados por um coordenador que estará em campo juntamente com a equipe garantindo a lisura da pesquisa. Internamente, todo o material é verificado e codificado. Antes do processamento final e emissão dos resultados, realiza-se processo de consistência dos dados. Os dados coletados e tratados nesta pesquisa atendem às exigências da LGPD, Lei Geral de Proteção de Dados, garantindo ao respondente o sigilo de sua identidade e o correto tratamento de suas respostas.";"A relação definitiva dos municípios incluídos no levantamento será encaminhada posteriormente, a partir do dia em que a pesquisa puder ser divulgada e até o dia seguinte, conforme a Resoluções 23.600/2019 e 23.727/2024 do TSE."
"28/09/2026";"05:46:54";2026;81;"Eleições Gerais 2026";"TO";"TO";"TOCANTINS";"TO071092026";"2026-09-10 19:24:46";"S";"14888537000144";"VOZ E PESQUISA TOCANTINS LTDA";"#NULO#";"Governador, Senador";"2026-09-11 00:00:00";"2026-09-15 00:00:00";"2026-09-16 00:00:00";1250;"6892";"Joao Soares de Araujo Neto";"19000,00";"I.1) Objetivo ¿ Avaliar a intenção de voto da população de eleitores de 34 municípios das Regiões do Bico do Papagaio, Central, Norte, Sudeste, Sul e Vale do Araguaia, quanto aos cargos de Governador e Senador do Estado do Tocantins nas eleições de 2026, através de entrevistas diretas junto à população, identificando, de forma estimulada, a intenção de voto dos entrevistados.
I.2) Procedimentos para realização da Pesquisa ¿ Aplicação de entrevistas diretas junto à população dos 34 municípios das 6 Regiões, mediante questionários estruturados, nos domicílios e áreas comerciais das zonas urbanas. Para cada domicílio e/ou estabelecimento comercial será realizada uma única entrevista. A seleção utilizará critério de aleatoriedade no sorteio das unidades que comporão o painel amostral, visando minimizar a tendenciosidade e possíveis vieses deste tipo de pesquisa.
O número de questionários terá por base uma amostra significativa e representativa da população residente nestes municípios, apta a votar, considerando o número de eleitores informado pelo TSE em agosto de 2026. Sexo, faixa etária e grau de instrução terão por parâmetro as informações contidas no site do TSE em agosto/2026, referentes aos 34 municípios que compõem o painel amostral da Pesquisa. A renda terá como parâmetro a renda domiciliar informada no Censo Demográfico de 2010, referente a cada um dos 34 municípios, disponibilizada na página da publicação IBGE Cidades. Utiliza-se esse procedimento porque não há informação divulgada da renda domiciliar referente ao Censo Demográfico de 2022.
Links acessados para obter base de dados da Pesquisa:
https://www.tse.jus.br>eleições>estatisticas-do-eleitorado
https://cidades.ibge.gov.br>brasil
I.3) Abrangência Geográfica ¿ A pesquisa será realizada na área urbana dos 34 municípios, divididos em 6 Regiões, cada uma representando um conglomerado:
I.3.1) Conglomerado 1 ¿ Região Norte, composta pelos municípios de Araguaína, Colinas do Tocantins, Guaraí, Nova Olinda, Wanderlândia e Xambioá;
I.3.2) Conglomerado 2 ¿ Região Central, composta pelos municípios de Miracema do TO, Miranorte, Palmas, Pedro Afonso e Porto Nacional;
I.3.3) Conglomerado 3 ¿ Região Sudeste, composta pelos municípios de Dianópolis, Taguatinga, Paranã, Arraias e Natividade;
I.3.4) Conglomerado 4 ¿ Região Sul, composta pelos municípios de Gurupi, Formoso do Araguaia, Alvorada do Tocantins, Peixe, Araguaçu e Palmeirópolis;
I.3.5) Conglomerado 5 ¿ Região do Vale do Araguaia, composta pelos municípios de Paraíso do TO, Lagoa da Confusão, Pium e Divinópolis;
I.3.6) Conglomerado 6 ¿ Região do Bico do Papagaio, composta pelos municípios de Araguatins, Augustinópolis, Tocantinópolis, Axixá do TO, Ananás, Esperantina, São Miguel do TO e Sítio Novo do TO.
O número de entrevistas em cada Região considerará a proporção do tamanho da população residente apta a votar em cada grupo de municípios localizados nessa Região, tendo por base as informações do número de eleitores no site do TSE, referência agosto/2026. As entrevistas serão realizadas majoritariamente nos domicílios (90%), e restante nos estabelecimentos comerciais e áreas de circulação públicas.
I.4) Cadastros utilizados para seleção dos componentes do painel amostral e respectivas variáveis associadas à Pesquisa ¿ Foram utilizadas como base de referência para o dimensionamento da amostra as informações do cadastro de eleitores do TSE/TO, tendo como referência agosto/2026, para identificação das seguintes variáveis: número de eleitores, sexo, faixa etária e grau de instrução.
O total de eleitores informado pelo TSE no mês de agosto de 2026 corresponde a 1.182.768 eleitores. O número de eleitores dos 34 municípios, relacionado ao total de eleitores do Estado informado pelo TSE, tendo agosto de 2026 como referência, corresponde ao percentual de 67,3%.
I.4.1) Número total de eleitores no Estado do Tocantins ¿ TSE agosto/2026: 1.182.768; número total de eleitores dos 34 municípios ¿ TSE agosto/2026: 796.226.";"II.1) Descrição ¿ Foi elaborado utilizando-se o critério de AAS(Amostragem Aleatória Simples), considerando para as variáveis p(sucesso) e q(não sucesso) para a aprovação ou rejeição na escolha do candidato pela população dos municípios tocantinenses. Esse procedimento, tem por objetivo o dimensionamento de uma amostra confiável e com elevado nível de significância, para a descrição do fenômeno objeto de avaliação. Minimizando a probabilidade de ocorrência de erros e a consequente obtenção de uma amostra significativa em relação a população componente do universo pesquisado. Apresentando resultados confiáveis e representativos do fenômeno objeto da Pesquisa.
A distribuição dos questionários nos setores a serem pesquisados, considerou a proporcionalidade de moradores aptos a votar, associados as cotas (variáveis) informadas no cadastro do TSE/TO, tendo por referência o mês de agosto do corrente ano com relação ao universo de eleitores dos municípios de cada Região.
A pesquisa foi dimensionada para uma amostra com Margem de Confiança de 95% e Erro Amostral de 2,8 pontos percentuais para mais ou para menos, totalizando 1250 questionários, tendo por base o tamanho da População total de eleitores do Estado do Tocantins, informada no site do TSE, referente a agosto de 2026, correspondendo a 1.182.768 eleitores.
II.2) Distribuição dos questionários por Regiões/municípios e por cotas (sexo, faixa etária, grau de instrução e renda domiciliar) ¿ Os questionários foram distribuídos pelas Regiões da seguinte forma: ATENÇÃO -ATENÇÃO - IMPORTANTE: Por falta de espaço neste campo, o restante do Plano Amostral e ponderação quanto a sexo, idade, grau de instrução e nível econômico dos entrevistados, foi juntado em arquivos PDF no mesmo arquivo que contem o questionário, os discos, bem como a Declaração de Responsabilidade e de Vínculo do Profissional de Estatística com o Instituto Voz e Pesquisa Tocantins (VOPE), com o Termo de Compromisso do referido profissional, tendo sido os documentos (questionário, discos, restante do Plano Amostral e Declaração de Vínculo do Estatístico e Termo de Compromisso, juntados em um PDF só, atendendo desta forma, com a Declaração do Estatistico a atualização efetuada pela Resolução TSE Nº 23.747/2026.";"Obedecerá aos seguintes critérios: III.1) Seleção aleatória de alguns setores pesquisados, havendo posterior fiscalização de supervisores de campo do instituto, para avaliação da qualidade das informações coletadas; III.2) Visita/confirmação a 15% dos domicílios do local selecionado, para comprovação da veracidade das informações coletadas; III.3) Acompanhamento de algumas entrevistas por parte de supervisor, para observar se o pesquisador está influenciando, ainda que de forma indireta na resposta do entrevistado, comprometendo assim, a qualidade da entrevista e consequentemente o resultado da Pesquisa; III.4) Na eventualidade de necessidade de utilização de fatores de ponderações para ajustes da amostra prevista com relação a amostra coletada: quando houver distorções significativas entre os quantitativos obtidos na coleta de alguma variável e o indicado na amostra, ocorrerá conforme especificação a seguir: III.4.1) Ponderação para sexo e idade ¿ Quando ocorrer diferença superior a 5 pontos percentuais entre o previsto e o coletado; III.4.2) Ponderação para grau de instrução e renda domiciliar - Ocorrendo a mesma situação na coleta dessas variáveis, será utilizado o fator de ponderação igual a um, equivalente ao levantamento obtido no trabalho de campo.";"Serão disponibilizados no prazo legal (até o dia seguinte à data a partir da qual a pesquisa puder ser divulgada, conforme §7º do art. 2º da Resolução-TSE nº. 23.600/2019, os anexos no campo especifico, contendo os municípios/localidades do Estado do Tocantins pesquisados nas 06 Regiões, com o detalhamento das amostras associadas às variáveis de cada uma das localidades, sendo sexo, idade, grau de instrução e renda familiar, especificadas em tabelas pelas regiões e municípios."
"28/09/2026";"05:46:54";2026;81;"Eleições Gerais 2026";"TO";"TO";"TOCANTINS";"TO003202026";"2026-08-18 21:00:51";"S";"86951993000100";"PROMOTION - EDITORA PORTAL DE NOTICIAS E PESQUISAS LTDA";"PORTAL E INSTITUTO STYLO";"Governador, Senador";"2026-08-18 00:00:00";"2026-08-20 00:00:00";"2026-08-24 00:00:00";1200;"6892";"JOAO SOARES DE ARAUJO NETO";"21000,00";"Objetivo: Aferir a intenção de voto dos eleitores, em 29 municípios do Estado, obedecendo a distribuição geográfica da população por Regiões Geográficas do Estado do Tocantins. Sendo relevante o quantitativo do número de habitantes e eleitores, na escolha dos municípios.
Intenção de voto do eleitorado do Estado do Tocantins, com relação aos candidatos ao Governo do Estado e Senado Federal, através de entrevistas diretas junto ao eleitorado. Essas terão por objetivo, identificar de forma estimulada e espontânea, a aceitação e/ou rejeição dos candidatos postulantes aos cargos eletivos. 
I.2) Procedimentos para a realização da Pesquisa: Aplicação de entrevistas diretas junto ao eleitorado dos 29 municípios de 6 regiões (Bico do Papagaio, Norte, Central, Sudeste, Vale do Araguaia e Sul), que abrangem o Estado do Tocantins. Aplicando-se questionários estruturados nos
domicílios, estabelecimentos comerciais e de serviços e áreas públicas, na zona urbana dos municípios. Para cada domicílio e/ou estabelecimento comercial/serviços, será realizada uma única entrevista. A seleção das entrevistas utilizará o critério de aleatoriedade no sorteio das unidades que
irão compor o painel amostral, tendo por objetivo minimizar a tendenciosidade e os possíveis viés, que são passíveis de ocorrerem neste tipo de pesquisa. O número de questionários aplicados, terá por base uma amostra significativa e representativa do eleitorado cadastrado nestes municípios, tendo por base o número de eleitores informado pelo TSE referente ao Estado do Tocantins, tendo por referência o mês de julho do ano corrente O número de entrevistas realizado em cada Região, terá por base o Cadastro do TSE/TO referente a  cada município a ser pesquisado, tendo por referência o mês de julho de 2026. As entrevistas serão  realizadas majoritariamente nos domicílios (90%), e o restante nos estabelecimentos  comerciais/serviços e áreas de circulação públicas.  I.4) Os dados que permitirão a caracterização do perfil do eleitorado para o dimensionamento da  amostra, tiveram como base de referência, as informações do cadastro de eleitores do TSE/TO 
referente a julho/2026, para identificação do número de eleitores, por sexo, faixa etária, grau de instrução e o Censo Populacional de 2010 do IBGE, para identificar a classe de rendimentos por  domicílios(Publicação IBGE Cidades).  Com base no banco de dados do TSE/TO, registrado em julho/2026, o total de eleitores no  Estado corresponde a 1.182.768.  A amostra da população entrevistada corresponderá a um percentual robusto e significativo, que  permita a realização de inferência para o restante dos demais municípios, que não foram abrangidos pela Pesquisa. ";"II) PLANO AMOSTRAL, PONDERAÇÃO DO NÚMERO DE ENTREVISTADOS POR VARIÁVEIS ASSOCIADAS A PESQUISA, MARGEM DE CONFIANÇA E ERRO AMOSTRAL. II.1) Descrição: Foi elaborado utilizando-se o critério de AAS (Amostragem Aleatória Simples) para o cálculo do tamanho da amostra de uma população finita, considerando para as variáveis p(sucesso) e q(não sucesso) para a obtenção ou não de votos junto ao eleitorado. Tendo por objetivo o dimensionamento de uma amostra confiável e significativa para a descrição do fenômeno objeto de
avaliação. Minimizando a probabilidade de ocorrência de erros e a consequente obtenção de uma amostra representativa em relação a população componente do universo pesquisado. A pesquisa foi dimensionada para uma amostra com Margem de Confiança de 95% e Erro Amostral de 2,9 pontos percentuais para mais ou para menos, totalizando 1200 questionários.  II.2) Distribuição dos questionários por Regiões/municípios e cotas (sexo, faixa etária, grau de instrução e renda domiciliar): Os questionários foram distribuídos pelas Regiões da seguinte forma:Região do Bico do Papagaio: 11%. Nº de Questionários:132 II.2.2) Região Norte: 23%. Nº de Questionários:276 II.2.3) Região Central: 37%.
Nº de Questionários:444 II.2.4) Região Sudeste: 7%. Nº de Questionários:84 II.2.5) Região Vale do Araguaia: 9%. Nº de Questionários:108
II.2.6) Região Sul: 13%. Nº de Questionários:15";"Obedecerá aos seguintes critérios:III.1) Seleção aleatória de alguns setores pesquisados, havendo posterior visita de supervisores de
campo do instituto, para avaliação da qualidade das informações coletadas;III.2) Visita a 10% dos domicílios do local selecionado, para confirmação da veracidade dasinformações coletadas;III.3) Acompanhamento de algumas entrevistas por parte do supervisor, para observar se o
pesquisador está influenciando, ainda que de forma indireta na resposta do entrevistado,comprometendo assim, a qualidade da entrevista e consequentemente o resultado da Pesquisa.III.4) Utilização de fatores de ponderação para ajustes na amostra coletada, com base na amostra
prevista. Caso ocorram distorções significativas, entre os quantitativos obtidos na coleta de determinada variável e o determinado no dimensionamento da amostra. Exemplo:III.4.1) Ponderação por sexo e idade: Ocorrendo diferença superior a 5 pontos percentuais, entre o
previsto no cálculo do dimensionamento da amostra e, o coletado no campo;III.4.2) Grau de Instrução e Renda Domiciliar: Ocorrendo a mesma situação de diferença superior a 5pontos percentuais, na coleta dessas variáveis, será utilizado fator de ponderação igual a um.
Correspondente aos valores obtidos na coleta de campo. III..5) Na ausência de delimitação de bairros nos municípios pesquisados, serão identificadas as áreas em que foram realizadas as entrevistas para coleta de dados. Essas informações serão disponibilizadas no prazo estabelecido e regulamentado pelo TSE. Obedecendo a regulação do TSE. Conforme o parágrafo 7 do artigo 2 da resolução TSE, número 23.600/2019 (Obs: Esta metodologia segue assinada digitalmente nos anexos pelo estatístico responsável).";"Região do Bico do Papagaio, composta pelos municípios de: -Araguatins, Augustinópolis, Tocantinópolis e Sítio Novo; 
I.3.2) Região Norte, composta pelos municípios de: -Araguaína, Colinas do Tocantins, Guaraí e Nova Olinda; 
I.3.3) Região Central, composta pelos municípios de: - Barrolândia, Miracema do Tocantins, Miranorte, Palmas e Porto Nacional; 
I.3.4) Região Sudeste, composta pelos municípios de: -Almas, Arraias, Dianópolis, Natividade e Taguatinga; 
I.3.5) Região Vale do Araguaia, composta pelos municípios de: -Cristalândia, Divinópolis, Lagoa da Confusão; Paraíso e Pium; 
I.3.6) Região Sul, composta pelos municípios de: -Araguaçu, Alvorada, Figueirópolis, Formoso do Araguaia, Gurupi e Peixe. "
"28/09/2026";"05:46:54";2026;81;"Eleições Gerais 2026";"TO";"TO";"TOCANTINS";"TO009482026";"2026-05-13 08:30:02";"S";"00654576000172";"INSTITUTO VERITA LTDA";"VERITA";"Governador";"2026-05-13 00:00:00";"2026-05-17 00:00:00";"2026-05-19 00:00:00";1220;"10699";"GUILHERME ALVARENGA LAIA";"93940,00";"Pesquisa quantitativa, que consiste na realização de entrevistas, com a aplicação de questionário estruturado junto a uma amostra representativa do eleitorado desta Unidade da Federação.";"ESTUDO REPRESENTATIVO DO ELEITORADO DO ESTADO DO TOCANTINS - MÉTODO PPT (Probabilidade Proporcional ao Tamanho) - PLANO AMOSTRAL E PONDERAÇÃO QUANTO A SEXO, IDADE, GRAU DE INSTRUÇÃO E NÍVEL ECONÔMICO DO ENTREVISTADO; INTERVALO DE CONFIANÇA E MARGEM DE ERRO: Representativo do eleitorado da área em estudo, elaborada, em vários estágios, da seguinte forma: - 1. Divisão da UF em estratos proporcionais de municípios. 2. Ordenação dos municípios de cada estrato segundo o porte. 3. Sorteio dos municípios de cada estrato. 4. Os respondentes são selecionados através de quotas amostrais proporcionais em função de variáveis significativas, a saber: GÊNERO / FAIXA ETÁRIA - FEMININO E MASCULINO 16 A 34 ANOS 18,5% E 17,5%, 35 A 54 ANOS 19,5% E 18,5%, 55 ANOS OU MAIS 13% E 13%. GRAU DE INSTRUÇÃO ¿ FEMININO E MASCULINO Sem instrução até Ensino Médio completo 62,9%, Ensino superior incompleto e completo 37,1% NÍVEL ECONÔMICO - FEMININO população não economicamente ativa 46,5% população economicamente ativa 53,5% MASCULINO população não economicamente ativa 27,2% população economicamente ativa 72,8%. RENDA FAMILIAR DO DOMICÍLIO renda familiar de até 2 salários-mínimos 30,7%; de 2 a 5 salários-mínimos 44,2%, acima de 5 salários-mínimos 25,1%. Está prevista eventual ponderação para correção das variáveis, com base nos percentuais anteriormente mencionados, caso ocorram diferenças superiores a margem de erro da pesquisa previsto entre a amostra e a coleta de dados realizada. O fator previsto para ponderação é 1 (resultados obtidos na coleta de dados). O intervalo de confiança estimado é de 95% e a margem de erro máxima estimada considerando um modelo de amostragem aleatório simples, é de aproximadamente 3 pontos percentuais para mais ou para menos sobre os resultados encontrados no total da amostra. FONTE DOS DADOS: IBGE/Censo 2022 para fins de densidade demográfica, setores censitários e alocação da amostra. IBGE/PNAD/PNADC/MEC/INEP para fins de Nível Econômico e Escolaridade. TSE FEVEREIRO/2026 para fins de Sexo, Faixa Etária e eleitorado por município ou regiões previamente definidas (importante ressaltar para o público leigo que os dados do TSE são os únicos corretos para gênero, idade dos eleitores e quantitativo de eleitores por municípios já que a base de dados se atualiza automaticamente, PORÉM, dados de escolaridade e nível econômico NÃO são corretos e confiáveis devido a desatualização que ocorre naturalmente com o passar dos anos). Definição de margem de erro e intervalo de confiança: Margem de erro e intervalo de confiança não são grandezas diretamente proporcionais. A SOMA NÃO TEM QUE RESULTAR 100%. ";"Após os trabalhos de coleta de dados, os questionários são submetidos a uma fiscalização, conferência e checagem de cerca de 20% (vinte por cento) dos questionários aplicados.";"A relação dos municípios sorteados ou selecionados para esta pesquisa será apresentada em arquivo anexo até 1 (um) dia após a divulgação desta pesquisa conforme §7º. do art. 2º. da Resolução-TSE nº. 23.600/2019. A área de abrangência desta pesquisa é o Estado DO TOCANTINS"
