"DT_GERACAO";"HH_GERACAO";"AA_ELEICAO";"CD_ELEICAO";"NM_ELEICAO";"SG_UF";"SG_UE";"NM_UE";"NR_PROTOCOLO_REGISTRO";"DT_REGISTRO";"ST_PESQUISA_PROPRIA";"NR_CNPJ_EMPRESA";"NM_EMPRESA";"NM_EMPRESA_FANTASIA";"DS_CARGO";"DT_INICIO_PESQUISA";"DT_FIM_PESQUISA";"DT_DIVULGACAO";"QT_ENTREVISTADO";"CD_CONRE";"NM_ESTATISTICO_RESP";"VR_PESQUISA";"DS_METODOLOGIA_PESQUISA";"DS_PLANO_AMOSTRAL";"DS_SISTEMA_CONTROLE";"DS_DADO_MUNICIPIO"
"28/09/2026";"05:46:54";2026;81;"Eleições Gerais 2026";"RR";"RR";"RORAIMA";"RR017972026";"2026-05-05 20:27:02";"S";"00654576000172";"INSTITUTO VERITA LTDA";"VERITA";"Governador, Senador";"2026-05-06 00:00:00";"2026-05-10 00:00:00";"2026-05-11 00:00:00";1030;"10699";"GUILHERME ALVARENGA LAIA";"79310,00";"Pesquisa quantitativa, que consiste na realização de entrevistas, com a aplicação de questionário estruturado junto a uma amostra representativa do eleitorado desta Unidade da Federação.";"ESTUDO REPRESENTATIVO DO ELEITORADO DO ESTADO DE RORAIMA - MÉTODO PPT (Probabilidade Proporcional ao Tamanho) - PLANO AMOSTRAL E PONDERAÇÃO QUANTO A SEXO, IDADE, GRAU DE INSTRUÇÃO E NÍVEL ECONÔMICO DO ENTREVISTADO; INTERVALO DE CONFIANÇA E MARGEM DE ERRO: Representativo do eleitorado da área em estudo, elaborada, em vários estágios, da seguinte forma: - 1. Divisão da UF em estratos proporcionais de municípios. 2. Ordenação dos municípios de cada estrato segundo o porte. 3. Sorteio dos municípios de cada estrato. 4. Os respondentes são selecionados através de quotas amostrais proporcionais em função de variáveis significativas, a saber: GÊNERO / FAIXA ETÁRIA - FEMININO E MASCULINO 16 A 34 ANOS 21,1% E 19,9%, 35 A 54 ANOS 19,5% E 18%, 55 ANOS OU MAIS 10,6% E 11%. GRAU DE INSTRUÇÃO ¿ FEMININO E MASCULINO Sem instrução até Ensino Médio completo 55,7%, Ensino superior incompleto e completo 44,3% NÍVEL ECONÔMICO - FEMININO população não economicamente ativa 46,5% população economicamente ativa 53,5% MASCULINO população não economicamente ativa 27,2% população economicamente ativa 72,8%. RENDA FAMILIAR DO DOMICÍLIO renda familiar de até 2 salários-mínimos 30,7%; de 2 a 5 salários-mínimos 44,2%, acima de 5 salários-mínimos 25,1%. Está prevista eventual ponderação para correção das variáveis, com base nos percentuais anteriormente mencionados, caso ocorram diferenças superiores a margem de erro da pesquisa previsto entre a amostra e a coleta de dados realizada. O fator previsto para ponderação é 1 (resultados obtidos na coleta de dados). O intervalo de confiança estimado é de 95% e a margem de erro máxima estimada considerando um modelo de amostragem aleatório simples, é de 3,5 pontos percentuais para mais ou para menos sobre os resultados encontrados no total da amostra. FONTE DOS DADOS: IBGE/Censo 2022 para fins de densidade demográfica, setores censitários e alocação da amostra. IBGE/PNAD/PNADC/MEC/INEP para fins de Nível Econômico e Escolaridade. TSE FEVEREIRO/2026 para fins de Sexo, Faixa Etária e eleitorado por município ou regiões previamente definidas (importante ressaltar para o público leigo que os dados do TSE são os únicos corretos para gênero, idade dos eleitores e quantitativo de eleitores por municípios já que a base de dados se atualiza automaticamente, PORÉM, dados de escolaridade e nível econômico NÃO são corretos e confiáveis devido a desatualização que ocorre naturalmente com o passar dos anos). Definição de margem de erro e intervalo de confiança: Margem de erro e intervalo de confiança não são grandezas diretamente proporcionais. A SOMA NÃO TEM QUE RESULTAR 100%. ";"Após os trabalhos de coleta de dados, os questionários são submetidos a uma fiscalização, conferência e checagem de cerca de 20% (vinte por cento) dos questionários aplicados.";"A relação dos municípios sorteados ou selecionados para esta pesquisa será apresentada em arquivo anexo até 1 (um) dia após a divulgação desta pesquisa conforme §7º. do art. 2º. da Resolução-TSE nº. 23.600/2019. A área de abrangência desta pesquisa é o Estado DE RORAIMA"
"28/09/2026";"05:46:54";2026;81;"Eleições Gerais 2026";"RR";"RR";"RORAIMA";"RR036812026";"2026-09-13 18:15:26";"S";"00654576000172";"INSTITUTO VERITA LTDA";"VERITA";"Governador, Senador";"2026-09-14 00:00:00";"2026-09-19 00:00:00";"2026-09-19 00:00:00";1030;"10699";"Guilherme Alvarenga Laia";"79310,00";"Estudo quantitativo voltado às Eleições 2026, realizado por meio de entrevistas individuais, aplicadas mediante questionário eletrônico estruturado e Unidade Automatizada de Respostas Audíveis e Auditáveis, por meio de ligações para telefones móveis (celulares). A inteligência artificial é empregada exclusivamente para a transcrição automatizada das respostas em áudio, não interferindo na formulação das perguntas, na condução das entrevistas, na coleta das informações, na interpretação das respostas ou no tratamento estatístico dos dados.

A participação dos eleitores é voluntária, espontânea e não remunerada. As respostas são prestadas por autodeclaração, sendo, em sua maioria, registradas por meio de códigos numéricos correspondentes às alternativas previamente definidas no questionário.

A utilização de sistema eletrônico automatizado para a coleta e o registro das respostas proporciona elevado nível de padronização operacional, reduz a possibilidade de interferência humana durante a realização das entrevistas, amplia a rastreabilidade e a auditabilidade de todo o processo de coleta e contribui para maior precisão, consistência e confiabilidade dos dados obtidos.

O plano amostral foi elaborado para assegurar a representatividade estatística do eleitorado da respectiva Unidade da Federação, observando critérios técnicos de seleção, distribuição e ponderação da amostra, quando aplicáveis.";"A pesquisa foi planejada para produzir uma amostra estatisticamente representativa do eleitorado do estado DE RORAIMA, utilizando o método de Probabilidade Proporcional ao Tamanho (PPT), com plano amostral em múltiplos estágios. Na primeira etapa, esta Unidade da Federação é dividida em macrorregiões, de forma a assegurar adequada distribuição territorial da amostra e representação das diferentes características geográficas, demográficas e eleitorais. Na segunda etapa, os municípios de cada estrato são ordenados segundo seu porte populacional e eleitoral e sorteados. Na terceira etapa, os respondentes são selecionados entre os eleitores aptos residentes nos municípios sorteados, observando-se a distribuição proporcional da amostra e as cotas estabelecidas para as variáveis de sexo, faixa etária, grau de instrução e nível econômico. As cotas são estabelecidas para a pesquisa completa, considerando a composição do eleitorado e os parâmetros oficiais de referência, não sendo aplicadas isoladamente a cada município selecionado.

SEXO E FAIXA ETÁRIA - Fonte: Tribunal Superior Eleitoral (TSE), Perfil do Eleitorado, junho de 2026. Feminino de 16 a 34 anos: 21,6%; Masculino de 16 a 34 anos: 20,5%; Feminino de 35 a 54 anos: 19%; Masculino de 35 a 54 anos: 17,7%; Feminino com 55 anos ou mais: 10,4%; Masculino com 55 anos ou mais: 10,8%. Os parâmetros de sexo e idade têm como referência o cadastro eleitoral brasileiro atualizado pelo Tribunal Superior Eleitoral, considerando o universo de eleitores aptos com 16 anos ou mais.

GRAU DE INSTRUÇÃO - Fonte: IBGE - PNAD Contínua Anual 2025. A distribuição é: sem instrução 3,5%; ensino fundamental incompleto ou equivalente 18,4%; ensino fundamental completo ou equivalente 6,6%; ensino médio incompleto ou equivalente 8,1%; ensino médio completo ou equivalente 36,7%; ensino superior incompleto ou equivalente 7,8%; ensino superior completo 18,9%. Para não confundir os respondentes as faixas de escolaridade no questionário foram agrupadas em 3 faixas: até ensino fundamental incompleto e completo, ensino médio incompleto e completo e superior incompleto, completo ou mais. A PNAD Contínua é utilizada como referência por constituir a fonte oficial mais atualizada para a mensuração do nível de instrução da população brasileira, sua utilização também corrige limitações decorrentes da ausência de atualização obrigatória e contínua das informações de escolaridade no cadastro eleitoral do Tribunal Superior Eleitoral.

NÍVEL ECONÔMICO - RENDA FAMILIAR DO DOMICÍLIO - Fonte: IBGE - PNAD Contínua Anual 2025. Considera-se a renda domiciliar total, compreendendo rendimentos provenientes de trabalho formal e informal, aposentadorias, pensões, benefícios sociais e demais fontes de renda existentes no domicílio. observando-se a seguinte distribuição: renda familiar de até 2 salários-mínimos 41,7%; de 2 a 5 salários-mínimos 36,4%, acima de 5 salários-mínimos 21,8%.

PONDERAÇÃO E CALIBRAÇÃO DA AMOSTRA - Prevê-se eventual ponderação das variáveis de sexo, faixa etária, grau de instrução e nível econômico, caso sejam verificadas diferenças relevantes entre a distribuição da amostra efetivamente coletada e os parâmetros populacionais de referência adotados. Inicialmente, o fator de ponderação é igual a 1 (um), podendo ser recalculado sempre que necessário para assegurar a representatividade estatística da amostra.
INTERVALO DE CONFIANÇA E MARGEM DE ERRO - O intervalo de confiança adotado é de 95%, com margem máxima estimada de erro de aproximadamente 3,5 pontos percentuais, para mais ou para menos, sobre os resultados do total da amostra, calculada segundo o modelo de amostragem aleatória simples e a hipótese de máxima variabilidade.";"Após os trabalhos de coleta de dados, os questionários são submetidos a uma fiscalização, conferência e checagem de cerca de 20% (vinte por cento) dos questionários aplicados. Todas as entrevistas são integralmente registradas em áudio, permanecendo auditáveis e rastreáveis, permitindo a verificação da integridade do processo de coleta, preservado o sigilo das informações pessoais dos entrevistados e observadas as disposições da Lei Geral de Proteção de Dados Pessoais (Lei nº 13.709/2018).";"Em observância ao art. 2º, § 7º, da Resolução TSE nº 23.600/2019, com redação dada pela Resolução TSE nº 23.747/2026, a presente pesquisa terá seu registro complementado no Sistema de Registro de Pesquisas Eleitorais a partir da data em que sua divulgação for permitida e até o dia seguinte, com a identificação dos municípios em que foram realizadas as entrevistas, bem como da composição final da amostra quanto a gênero, idade, grau de instrução e nível econômico, na forma exigida pela legislação eleitoral vigente."
"28/09/2026";"05:46:54";2026;81;"Eleições Gerais 2026";"RR";"RR";"RORAIMA";"RR004282026";"2026-09-13 21:47:47";"N";"38346323000104";"IGOR OLAVO RAMOS TAVARES";"EFICAZ PESQUISAS & TECNOLOGIA";"Governador, Senador, Deputado Federal, Deputado Estadual";"2026-09-14 00:00:00";"2026-09-19 00:00:00";"2026-09-19 00:00:00";1300;"8940";"Erico Jander da Silva Lopes";"30000,00";"A metodologia empregada pela EFICAZ PESQUISAS & TECNOLOGIA caracteriza-se como pesquisa quantitativa, realizada por meio de questionário digital estruturado aplicado em entrevistas presenciais (face-a-face). A amostragem utilizada é probabilística simples, distribuída proporcional ao tamanho (PPT) com aplicação das entrevistas em pontos de fluxo populacional, considerando como população alvo os eleitores de Roraima, obedecendo ao regime de quotas (base TSE de 2024/Censo 2022/) por densidade eleitoral das regiões, sexo, idade, grau de instrução e nível econômico e com o número de entrevistas proporcionais ao número de eleitores do município. Esta metodologia assegura a representatividade de todos os segmentos sociais da população em qualquer Estado, sendo incluídas na amostra as zonas geográficas descritas no questionário.";"A metodologia considera uma Amostragem Aleatória Simples entre os eleitores dos municípios selecionados do Estado de Roraima, com 16 anos ou mais, considerando uma amostragem estratificada proporcional por município. Serão realizadas 1.300 entrevistas, sendo 825 entrevistas no município de Boa Vista (Capital) e 475 entrevistas nos municípios do Interior, o que proporciona uma margem de erro de aproximadamente 3% para um intervalo de confiança de 95%. Obedecendo a RESOLUÇÃO Nº 23.600/2019, art. 2, caput, IV, foram feitas as ponderações em relação a sexo, idade, grau de instrução e nível econômico, conforme percentuais TSE/JUNHO/2022, SEXO: Masculino (48%), Feminino (52%), FAIXA ETÁRIA: TSE/JUNHO/2022: De 16 a 24 anos (18%); De 25 a 34 anos (24%); De 35 a 44 anos (22%); De 45 a 59 anos (22%); Mais de 60 anos (14%); TSE (Portal de Dados Abertos) 2024, GRAU DE INSTRUÇÃO: Analfabeto/fundamental completo ou incompleto (21%), Ensino médio completo/incompleto (56%), Superior completo/incompleto (23%) ¿ FAIXA DE RENDA: Até 2 Salários (43%); De 2 até 5 Salários (33%); Mais de 5 Salários (24%). A distribuição da amostra considera a proporcionalidade do eleitorado dos municípios selecionados, sendo Rorainópolis (119 entrevistas); Caracaraí (82 entrevistas); Cantá (78 entrevistas); Mucajaí (72 entrevistas); Alto Alegre (64 entrevistas); Bonfim (59 entrevistas), totalizando 475 entrevistas no Interior. No município de Boa Vista, serão realizadas 825 entrevistas, distribuídas proporcionalmente entre as zonas e bairros considerados na composição da amostra.
Fonte: TSE ¿ Tribunal Superior Eleitoral ¿ julho/2024; IBGE ¿ Censo 2022; IBGE ¿ PNADc 2023; IBGE ¿ PNADc trimestral 2-2024.";"O sistema de controle interno é feito através de observação contínua dos dados, considerando o sistema de coleta online, bem como o sistema de geolocalização dos entrevistados, observando de forma aleatória 20% dos questionários coletados que são checados pelos coordenadores. Esta verificação é feita por meio de cruzamento de informações processadas diariamente, permitindo observar possíveis inconsistências nos resultados, o que o pode ser constatado por meio de uma segunda checagem telefônica e por meio do áudio da entrevista.";"ZONA CENTRO: Centro (9); ZONA LESTE: Caçari (12); ZONA NORTE: Paraviana (17); Nossa Senhora Aparecida (13); Dos Estados (10); Aeroporto (10); São Francisco (8); ZONA SUL: 13 de Setembro (24); São Vicente (15); Calunga (6); ZONA OESTE: Senador Hélio Campos (55); Cidade Satélite (53); Equatorial (28); Caranã (26); São Bento (24); Asa Branca (23); Pintolândia (23); Alvorada (23); Doutor Sílvio Leite (21); Santa Tereza (19); Nova Cidade (19); Buritis (19); Jóquei Clube (18); Doutor Airton Rocha (18); Cauamé (18); Centenário (18); Caimbé (17); Operário (17); Cinturão Verde (17); Raiar do Sol (17); Tancredo Neves (16); Doutor Sílvio Botelho (16); Professora Araceli Souto Maior (15); Pricumã (15); Laura Moreira (15); Jardim Primavera (14); Mecejana (14); Santa Luzia (14); Liberdade (14); Cambará (13); Bela Vista (13); Jardim Tropical (13); Jardim Floresta (12); União (11); Jardim Caranã (9); João de Barro (8); Murilo Teixeira (8); Pedra Pintada (8). INTERIOR: Rorainópolis (119); Caracaraí (82); Cantá (78); Mucajaí (72); Alto Alegre (64); Bonfim (59)."
"28/09/2026";"05:46:54";2026;81;"Eleições Gerais 2026";"RR";"RR";"RORAIMA";"RR031702026";"2026-09-04 19:32:38";"S";"22345021000181";"REAL TIME MIDIA LTDA";"REAL TIME BIG DATA";"Governador, Senador";"2026-09-05 00:00:00";"2026-09-09 00:00:00";"2026-09-10 00:00:00";1600;"10839";"Isabela Zara Cremoneze";"24000,00";"Pesquisa quantitativa, que consiste na realização de entrevistas com eleitores do universo a ser explorado, feitas em combinação mista por entrevistadores humanos e recursos de inteligência artificial, com a aplicação de questionário estruturado com abordagens telefônicas e digitais junto a uma amostra representativa do eleitorado em estudo. Pesquisa realizada no Estado de Roraima (RR).";"Representativo do eleitorado da área em estudo, elaborada em três estágios.
No primeiro estágio, realiza-se um sorteio probabilístico dos municípios onde as entrevistas serão realizadas, pelo método PPT (Probabilidade Proporcional ao Tamanho), tomando a população eleitora de 16 anos ou mais residente nos municípios como base para essa seleção.
No segundo estágio, efetua-se um sorteio probabilístico das localidades dentro dos municípios selecionados, também pelo método PPT (Probabilidade Proporcional ao Tamanho), considerando a população eleitora de 16 anos ou mais residente nessas localidades como base para a seleção.
No terceiro e último estágio, dentro das localidades sorteadas, os respondentes são selecionados por meio de quotas amostrais proporcionais, em função de variáveis significativas, a saber:

GÊNERO:
Feminino: 50,95%;
Masculino: 49,05%.
(Fonte: TSE, Agosto/2026 -- https://sig.tse.jus.br/ords/dwapr/r/seai/sig-eleitor-eleitorado-mensal/perfil-do-eleitorado-mensal?session=19870699363736)
FAIXA ETÁRIA:
16 anos: 1,19%;
17 anos: 1,69%;
18 a 20 anos: 6,43%;
21 a 24 anos: 9,15%;
25 a 34 anos: 23,05%;
35 a 44 anos: 20,41%;
45 a 59 anos: 22,53%;
60 a 69 anos: 9,03%;
70 a 79 anos: 4,67%;
Superior a 79 anos: 1,85%.
(Fonte: TSE, Agosto/2026 -- https://sig.tse.jus.br/ords/dwapr/r/seai/sig-eleitor-eleitorado-mensal/cruzamento-eleitorado-mensal?p24_cruzamento_1=ds_faixa_etaria&p24_metricas=E&p24_back=22&clear=24&session=19870699363736)
ESCOLARIDADE:
Analfabeto: 2,47%;
Lê e Escreve: 5,19%;
Ensino Fundamental Incompleto: 16,97%;
Ensino Fundamental Completo: 4,89%;
Ensino Médio Incompleto: 22,49%;
Ensino Médio Completo: 29,76%;
Ensino Superior Incompleto: 7,51%;
Ensino Superior Completo: 10,71%.
(Fonte: TSE, Agosto/2026 -- https://sig.tse.jus.br/ords/dwapr/r/seai/sig-eleitor-eleitorado-mensal/cruzamento-eleitorado-mensal?p24_cruzamento_1=ds_grau_instrucao&p24_metricas=E&p24_back=22&clear=24&session=19870699363736)
RENDA DOMICILIAR MENSAL:
Sem rendimento: 9,78%;
Até 1/2 Salário Mínimo: 4,26%;
Mais de 1/2 a 1 Salário Mínimo: 17,09%;
Mais de 1 a 2 Salários Mínimos: 22,68%;
Mais de 2 a 5 Salários Mínimos: 26,46%;
Mais de 5 a 10 Salários Mínimos: 12,39%;
Mais de 10 a 20 Salários Mínimos: 5,32%;
Mais de 20 Salários Mínimos: 2,02%.
(Fonte: IBGE (Censo/2010) -- https://cidades.ibge.gov.br/brasil/rr/pesquisa/23/24304?detalhes=true)

Observação: De acordo com informações do Instituto Brasileiro de Geografia e Estatística (IBGE), não há previsão de data para a divulgação do perfil econômico da população brasileira do CENSO 2022. Portanto, os dados sobre o nível econômico obtidos no Censo 2022 não podem ser utilizados, pois ainda não foram publicados.
Está prevista eventual ponderação para correção das variáveis sexo e idade, com base nos percentuais anteriormente mencionados, caso ocorram diferenças superiores a 3 pontos percentuais entre o previsto na amostra e a coleta de dados realizada. Para as variáveis de grau de instrução e nível econômico do entrevistado, o fator previsto para ponderação é 1 (resultados obtidos em campo). O nível de confiança estimado é de 95% e a margem de erro máxima estimada considerando um modelo de amostragem aleatório simples, é de aproximadamente 2 (dois) pontos percentuais para mais ou para menos sobre os resultados encontrados no total da amostra.";"O trabalho de coleta de dados é acompanhado por supervisores humanos. São selecionados aleatoriamente 15% (quinze por cento) dos questionários para uma verificação posterior e, em caso de dúvida, o formulário é descartado e o responsável pela coleta chamado para esclarecimentos. Há uma equipe especializada que confere os dados à exaustão com objetivo de averiguar e aferir os resultados coletados.";"O anexo do arquivo com os bairros será realizado até o dia seguinte da divulgação conforme indicado no §7º. do art. 2º. da Resolução-TSE nº. 23.600/2019."
"28/09/2026";"05:46:54";2026;81;"Eleições Gerais 2026";"RR";"RR";"RORAIMA";"RR007552026";"2026-06-15 20:53:30";"S";"00654576000172";"INSTITUTO VERITA LTDA";"VERITA";"Governador, Senador";"2026-06-16 00:00:00";"2026-06-20 00:00:00";"2026-06-21 00:00:00";1030;"10699";"GUILHERME ALVARENGA LAIA";"79310,00";"Pesquisa quantitativa, que consiste na realização de entrevistas, com a aplicação de questionário estruturado junto a uma amostra representativa do eleitorado desta Unidade da Federação.";"ESTUDO REPRESENTATIVO DO ELEITORADO DO ESTADO DE RORAIMA - MÉTODO PPT (Probabilidade Proporcional ao Tamanho) - PLANO AMOSTRAL E PONDERAÇÃO QUANTO A SEXO, IDADE, GRAU DE INSTRUÇÃO E NÍVEL ECONÔMICO DO ENTREVISTADO; INTERVALO DE CONFIANÇA E MARGEM DE ERRO: Representativo do eleitorado da área em estudo, elaborada, em vários estágios, da seguinte forma: - 1. Divisão da UF em estratos proporcionais de municípios. 2. Ordenação dos municípios de cada estrato segundo o porte. 3. Sorteio dos municípios de cada estrato. 4. Os respondentes são selecionados através de quotas amostrais proporcionais em função de variáveis significativas, a saber: GÊNERO / FAIXA ETÁRIA - FEMININO E MASCULINO 16 A 34 ANOS 21,1% E 19,9%, 35 A 54 ANOS 19,5% E 18%, 55 ANOS OU MAIS 10,6% E 11%. GRAU DE INSTRUÇÃO ¿ FEMININO E MASCULINO Sem instrução até Ensino Médio completo 55,7%, Ensino superior incompleto e completo 44,3% NÍVEL ECONÔMICO - FEMININO população não economicamente ativa 46,5% população economicamente ativa 53,5% MASCULINO população não economicamente ativa 27,2% população economicamente ativa 72,8%. RENDA FAMILIAR DO DOMICÍLIO renda familiar de até 2 salários-mínimos 30,7%; de 2 a 5 salários-mínimos 44,2%, acima de 5 salários-mínimos 25,1%. Está prevista eventual ponderação para correção das variáveis, com base nos percentuais anteriormente mencionados, caso ocorram diferenças superiores a margem de erro da pesquisa previsto entre a amostra e a coleta de dados realizada. O fator previsto para ponderação é 1 (resultados obtidos na coleta de dados). O intervalo de confiança estimado é de 95% e a margem de erro máxima estimada considerando um modelo de amostragem aleatório simples, é de 3,5 pontos percentuais para mais ou para menos sobre os resultados encontrados no total da amostra. FONTE DOS DADOS: IBGE/Censo 2022 para fins de densidade demográfica, setores censitários e alocação da amostra. IBGE/PNAD/PNADC/MEC/INEP para fins de Nível Econômico e Escolaridade. TSE FEVEREIRO/2026 para fins de Sexo, Faixa Etária e eleitorado por município ou regiões previamente definidas (importante ressaltar para o público leigo que os dados do TSE são os únicos corretos para gênero, idade dos eleitores e quantitativo de eleitores por municípios já que a base de dados se atualiza automaticamente, PORÉM, dados de escolaridade e nível econômico NÃO são corretos e confiáveis devido a desatualização que ocorre naturalmente com o passar dos anos). Definição de margem de erro e intervalo de confiança: Margem de erro e intervalo de confiança não são grandezas diretamente proporcionais. A SOMA NÃO TEM QUE RESULTAR 100%. ";"Após os trabalhos de coleta de dados, os questionários são submetidos a uma fiscalização, conferência e checagem de cerca de 20% (vinte por cento) dos questionários aplicados.";"A relação dos municípios sorteados ou selecionados para esta pesquisa será apresentada em arquivo anexo até 1 (um) dia após a divulgação desta pesquisa conforme §7º. do art. 2º. da Resolução-TSE nº. 23.600/2019. A área de abrangência desta pesquisa é o Estado DE RORAIMA"
"28/09/2026";"05:46:54";2026;81;"Eleições Gerais 2026";"RR";"RR";"RORAIMA";"RR077652026";"2026-09-27 04:37:51";"S";"19259002000128";"ATLASINTEL TECNOLOGIA DE DADOS LTDA";"ATLASINTEL";"Governador, Senador";"2026-09-27 00:00:00";"2026-10-02 00:00:00";"2026-10-03 00:00:00";800;"11220";"ANDREI CAMILO DOS SANTOS";"75000,00";"Pesquisa quantitativa com coleta aleatória via questionário estruturado web e pós-estratificação da amostra de acordo com as características do eleitorado de Roraima.";"Amostra aleatória pós-estratificada via algoritmo iterativo com quotas proporcionais, representando as características do eleitorado de Roraima:
SEXO: Masculino: 49.1%; Feminino: 50.9%.
FAIXA ETÁRIA: Entre 16 a 24 anos: 18.5%; Entre 25 a 34 anos: 23.0%; Entre 35 a 44 anos: 20.4%; Entre 45 a 59 anos: 22.5%; 60 ou mais: 15.6%.
ESCOLARIDADE: Até Ensino Médio completo ou incompleto (inclui Ensino Fundamental completo/incompleto e pessoas sem instrução): 70.4%; Ensino Superior completo ou incompleto: 29.6%.
NÍVEL ECONÔMICO: Renda familiar mensal até R$ 2.000: 21.2%; de R$ 2.000 a R$ 3.000: 10.2%; de R$ 3.000 a R$ 5.000: 25.5%; de R$ 5.000 a R$ 10.000: 25.6%; mais de R$ 10.000: 17.4%.
OBS.: devido ao arredondamento, a soma dos percentuais pode variar de 99% a 101%. Na agregação final, para cada variável de ponderação, serão admissíveis desvios de até 3 pontos percentuais em relação às quotas estipuladas. Confiança estimada: 95%, margem de erro: +/- 3.0 pontos percentuais. FONTE DOS DADOS: PNADC 2026 para escolaridade | PNADC 2025 para renda | TSE 2026 para sexo e faixa etária.";"Coleta feita com a utilização de questionário eletrônico com procedimentos específicos para o armazenamento seguro dos dados. São checados manualmente no mínimo 15% dos questionários para detectar possíveis anomalias. Pesquisadores especializados realizam internamente uma verificação exaustiva da consistência dos dados antes da divulgação dos resultados finais.";"#NULO#"
"28/09/2026";"05:46:54";2026;81;"Eleições Gerais 2026";"RR";"RR";"RORAIMA";"RR079602026";"2026-09-25 16:38:10";"S";"15625058000106";"INSTITUTO DE PESQUISA INOPE EXCELENCIA LTDA";"INST. DO NORTE DE OPINIAO PUBLICA E ESTATISTICA - INOPE";"Deputado Federal, Deputado Estadual";"2026-09-30 00:00:00";"2026-10-02 00:00:00";"2026-10-01 00:00:00";5000;"C8717";"Alan Ioshikazu Ofuji";"60000,00";"Essa pesquisa possui nível de confiança de 95% e margem de erro de 1,39% para mais ou para menos. O universo da pesquisa são os eleitores aptos, com 16 anos ou mais, residentes no estado de Roraima, e a pesquisa refere-se aos cargos de deputado estadual e deputado federal. Método quantitativo probabilístico e seleção aleatória da unidade amostral pelo método de amostragem estratificada com sondagens. Amostra bi etápica, onde em um 1º estágio é feito o sorteio da residência e em um 2º estágio é feita a seleção aleatória, de até duas pessoas, dentro desta residência. A seleção da unidade amostral é aleatória e a ponderação por sexo, idade, grau de instrução e renda é aplicada após a coleta, na elaboração dos resultados divulgados. A pesquisa será realizada 100% em residência. A margem de erro foi calculada para a situação de proporção máxima, com p igual a 0,5, segundo a expressão 1,96 x (0,25/n) elevado a 0,5, para n igual a 5.000.";"Amostragem: Amostra estratificada para a proporção.
Universo: Eleitores aptos, com 16 anos ou mais, residentes no estado de Roraima, totalizando 401.490 eleitores, segundo as estatísticas do eleitorado do TSE com carga de 1º de setembro de 2026.
Nível de Confiança: 95%
Margem de Erro: 1,39%
Tamanho da amostra: 5.000 entrevistados

As variáveis município, sexo, faixa etária e grau de instrução serão ponderadas conforme os percentuais do universo, segundo os dados disponibilizados pelo TSE por meio das estatísticas do eleitorado, com carga de 1º de setembro de 2026, conforme apresentado a seguir: MASCULINO (49,05%), FEMININO (50,95%), 16 A 24 ANOS (18,46%), 25 A 44 ANOS (43,46%), 45 A 59 ANOS (22,53%), 60 ANOS OU MAIS (15,55%), ANALFABETO ATÉ O ENSINO FUNDAMENTAL COMPLETO (29,53%), ENSINO MÉDIO INCOMPLETO/COMPLETO (52,25%), ENSINO SUPERIOR INCOMPLETO/COMPLETO (18,22%).
A variável renda familiar será ponderada conforme dados disponibilizados pelo IBGE, com base nos microdados da Pesquisa Nacional por Amostra de Domicílios Contínua (PNAD Contínua) de 2025, primeira visita, referentes ao rendimento domiciliar mensal das pessoas de 16 anos ou mais residentes em Roraima, com estimativas independentes para Boa Vista e para os demais municípios, compostas segundo a participação de cada área no eleitorado do estado, conforme apresentado a seguir:
ATÉ 1 SALÁRIO-MÍNIMO (SM) (11,8%), MAIS DE 1 A 2 SM (25,1%), MAIS DE 2 A 5 SM (40,9%), MAIS DE 5 SM (22,2%).";"Toda a equipe de pesquisadores possui prévio treinamento para a aplicação dos questionários e serão acompanhados por supervisor de campo para possíveis orientações que se fizerem necessárias. Haverá uma checagem de 20% dos questionários após a coleta dos dados e conferência de geolocalização por coordenadas GPS. A documentação de campo, incluindo os questionários aplicados e os registros de checagem, será mantida sob guarda e permanecerá auditável.";"ALTO ALEGRE (3,34%), AMAJARI (1,90%), BOA VISTA (60,06%), BONFIM (3,08%), CANTÁ (4,40%), CARACARAÍ (3,82%), CAROEBE (1,91%), IRACEMA (1,89%), MUCAJAÍ (3,59%), NORMANDIA (2,42%), PACARAIMA (2,43%), RORAINÓPOLIS (5,93%), SÃO JOÃO DA BALIZA (1,43%), SÃO LUIZ (1,52%), UIRAMUTÃ (2,27%)."
"28/09/2026";"05:46:54";2026;81;"Eleições Gerais 2026";"RR";"RR";"RORAIMA";"RR017412026";"2026-09-17 20:18:19";"N";"11028953000184";"CENSUS INSTITUTO DE PESQUISA ESTATISTICA E TECNOLOGIA LTDA";"CIPET";"Governador, Senador, Deputado Federal, Deputado Estadual";"2026-09-14 00:00:00";"2026-09-19 00:00:00";"2026-09-23 00:00:00";1500;"8332";"ezio lacerda lopes";"30000,00";"Pesquisa quantitativa de opinião pública, de abrangência estadual, realizada por meio de questionário estruturado e entrevistas presenciais em pontos de fluxo previamente definidos. A população de referência compreende residentes em Roraima com 16 anos ou mais, observados, para intenção de voto, os critérios eleitorais aplicáveis às Eleições 2026. A amostra contempla capital e interior, com distribuição proporcional aos parâmetros populacionais utilizados no plano amostral. As estimativas e análises produzidas destinam-se exclusivamente ao conjunto do Estado de Roraima, não sendo apropriadas para estimativas individualizadas por município, bairro ou localidade. A coleta em pontos de fluxo é acompanhada por controles sociodemográficos e territoriais e, após a coleta, por calibração dos pesos amostrais, não sendo esta, isoladamente, considerada mecanismo de transformação da seleção em pontos de fluxo em amostragem probabilística.";"A amostra planejada é de 1.500 entrevistas, distribuídas territorialmente entre a capital e o interior do estado e controladas segundo os parâmetros populacionais de referência utilizados na elaboração do plano amostral. A composição da amostra será acompanhada durante a coleta e, após o encerramento do trabalho de campo, os dados serão submetidos a procedimento de calibração dos pesos amostrais pelo método Rake (Iterative Proportional Fitting ¿ IPF). A calibração terá por finalidade fazer com que as distribuições marginais ponderadas da amostra final reproduzam os parâmetros de referência. Serão consideradas, conjuntamente, as seguintes dimensões de controle: SEXO: 50,95% Feminino e 49,05% Masculino; IDADE: 16-24 anos (18,46%), 25-34 anos (23,05%), 35-44 anos (20,41%), 45-59 anos (22,53%) e 60 ou mais anos (15,55%); ESCOLARIDADE: Até Fundamental Incompleto (24,64%), Fundamental Completo até Médio Incompleto (27,37%), Médio Completo até Superior Incompleto (37,28%) e Superior Completo (10,71%). Esses parâmetros foram estabelecidos tendo como referência à base oficial disponível do Tribunal Superior Eleitoral ¿ TSE de julho de 2026. Quanto à dimensão econômica exigida no plano amostral, serão utilizadas as fontes públicas disponíveis e compatíveis com o desenho da pesquisa, sendo a condição de atividade econômica incorporada como variável auxiliar de calibração. Para esse controle auxiliar, serão utilizadas as distribuições de População Economicamente Ativa (PEA): (64,09%) e População Não Economicamente Ativa ¿ PNEA: (35,91%), segundo os dados da PNAD Contínua do IBGE referentes ao 2º trimestre de 2026. Como parâmetro de distribuição territorial, foram considerados Capital (68,11%) e Interior (31,89%), definidos com base em dados públicos do IBGE, tendo como referência o Censo Demográfico 2022 e os dados de população residente, inclusive informações por idade e setor censitário. Para fins de referência estatística convencional, considerando-se hipoteticamente uma amostragem aleatória simples, proporção de 50%, nível de confiança de 95% e amostra de 1.500 entrevistas, obtém-se margem de erro teórica máxima de aproximadamente ±2,5 pontos percentuais. Essa margem de erro constitui referência teórica para o total da amostra e não incorpora integralmente eventuais efeitos decorrentes do processo de seleção em pontos de fluxo, da estratificação, da calibração dos pesos e de outras características do desenho amostral. Consequentemente, a precisão efetiva das estimativas poderá diferir da margem teórica de aproximadamente 2,5 pontos percentuais em razão do efeito de desenho e da ponderação aplicada aos dados. As estimativas e análises produzidas destinam-se exclusivamente ao conjunto do Estado de Roraima, não sendo apropriadas para estimativas individualizadas por município, bairro ou localidade.";"As entrevistas são realizadas por entrevistadores devidamente treinados e supervisionados, seguindo protocolos padronizados de abordagem, incluindo monitoramento contínuo da coleta, supervisão em tempo real, auditoria de aproximadamente 10% dos questionários mediante escuta e/ou contato telefônico, além de procedimentos de verificação de consistência e integridade das bases de dados.";"A amostra estadual de 1.500 entrevistas será distribuída da seguinte forma: No interior serão 478 entrevistas, distribuídas utilizando como unidade territorial de controle a distribuição proporcional por município de Alto Alegre (40), Amajari (26), Bonfim (29), Cantá (43), Caracaraí (48), Caroebe (25), Iracema (22), Mucajaí (43), Normandia (25), Pacaraima (37), Rorainópolis (78), São João da Baliza (22), São Luiz (18) e Uiramutã (22). Na capital, correspondente ao município de Boa Vista, serão realizadas 1.022 entrevistas, distribuídas proporcionalmente entre os bairros e localidades. A distribuição territorial terá como referência a população por setor censitário e faixa etária, permitindo uma representação proporcional da população. Posteriormente, os resultados serão agregados de acordo com as respectivas áreas e bairros de coleta. Senador Hélio Campos (91), Cidade Satélite (45), Caranã (34), Jardim Equatorial (33), São Bento (31), Asa Branca (30), Alvorada (28), Dr. Silvio Leite (27), Pintolândia (27), Santa Tereza (25), Buritis (25), Jóquei Clube (24), Paraviana (23), Centenário (23), Cauamé (23), Caimbé (22), Nova Cidade (22), Cinturão Verde (22), Tancredo Neves (21), Doutor Airton Rocha (20), Pricumã (20), Raiar do Sol (20), Dr. Silvio Botelho (19), Mecejana (19), Jardim Primavera (18), Liberdade (18), São Vicente (17), Aparecida (17), Santa Luzia (17), Cambará (17), Jardim Floresta (16), Treze de Setembro (16), Bela Vista (16), Jardim Tropical (15), Caçari (15), União (13), dos Estados (13), Professora Araceli Souto Maior (12), Centro (12), Jardim Caranã (11), Operário (11), São Francisco (11), Aeroporto (10), João de Barro (10), Pedra Pintada (9), Nova Canaã (8), Calunga (7), Murilo Teixeira Cidade (6), Laura Moreira (5), Trinta e um de Março (5), Olímpico (4), Said Salomão (4), Piscicultura (3), Canarinho (2), Governador Aquilino Mota Duarte (2), Assentamento Residencial Monte Cristo (2), São Pedro (2), 5 de Outubro (2) e Monte das Oliveiras (2). No interior as amostras serão por município: Alto Alegre (40), Amajari (26), Boa Vista (1022), Bonfim (29), Cantá (43), Caracaraí (48), Caroebe (25), Iracema (22), Mucajaí (43), Normandia (25), Pacaraima (37), Rorainópolis (78), São João da Baliza (22), São Luiz (18) e Uiramutã (22)."
"28/09/2026";"05:46:54";2026;81;"Eleições Gerais 2026";"RR";"RR";"RORAIMA";"RR065502026";"2026-09-17 22:39:12";"S";"27359974000112";"INSTITUTO PADRAO DE PESQUISA DE OPINIAO PUBLICA, CONSULTORIA E ASSESSORIA LTDA";"INSTITUTO PADRAO DE PESQUISA DE OPINIAO PUBLICA";"Deputado Federal, Deputado Estadual";"2026-09-21 00:00:00";"2026-09-23 00:00:00";"2026-09-23 00:00:00";3000;"C8717";"Alan Ioshikazu Ofuji";"40000,00";"Essa pesquisa possui nível de confiança de 95% e margem de erro de 1,79% para mais ou para menos. O universo da pesquisa são os eleitores aptos, com 16 anos ou mais, residentes no estado de Roraima, e a pesquisa refere-se aos cargos de deputado estadual e deputado federal. Método quantitativo probabilístico e seleção aleatória da unidade amostral pelo método de amostragem estratificada com sondagens. Amostra bi etápica, onde em um 1º estágio é feito o sorteio da residência e em um 2º estágio é feito a seleção aleatória, de uma única pessoa, dentro desta residência. Não são adotadas cotas de campo: a seleção da unidade amostral é aleatória e a ponderação por sexo, idade, grau de instrução e renda é aplicada após a coleta, na elaboração dos resultados divulgados. A pesquisa será realizada 100% em residência. A margem de erro foi calculada para a situação de proporção máxima, com p igual a 0,5, segundo a expressão 1,96 x (0,25/n) elevado a 0,5, para n igual a 3.000.";"Amostragem: Amostra estratificada para a proporção.
Universo: Eleitores aptos, com 16 anos ou mais, residentes no estado de Roraima, totalizando 401.490 eleitores, segundo as estatísticas do eleitorado do TSE com carga de 1º de setembro de 2026.
Nível de Confiança: 95%
Margem de Erro: 1,79%
Tamanho da amostra: 3.000 entrevistados
As variáveis município, sexo, faixa etária e grau de instrução serão ponderadas após a coleta, conforme os percentuais do universo, segundo os dados disponibilizados pelo TSE por meio das estatísticas do eleitorado, com carga de 1º de setembro de 2026, conforme apresentado a seguir: MASCULINO (49,05%), FEMININO (50,95%), 16 A 24 ANOS (18,46%), 25 A 44 ANOS (43,46%), 45 A 59 ANOS (22,53%), 60 ANOS OU MAIS (15,55%), ANALFABETO ATÉ O ENSINO FUNDAMENTAL COMPLETO (29,53%), ENSINO MÉDIO INCOMPLETO/COMPLETO (52,25%), ENSINO SUPERIOR INCOMPLETO/COMPLETO (18,22%).
A variável renda familiar será ponderada após a coleta conforme dados disponibilizados pelo IBGE, com base nos microdados da Pesquisa Nacional por Amostra de Domicílios Contínua (PNAD Contínua) de 2025, primeira visita, referentes ao rendimento domiciliar mensal das pessoas de 16 anos ou mais residentes em Roraima, com estimativas independentes para Boa Vista e para os demais municípios, compostas segundo a participação de cada área no eleitorado do estado, conforme apresentado a seguir:
ATÉ 1 SALÁRIO-MÍNIMO (SM) (11,8%), MAIS DE 1 A 2 SM (25,1%), MAIS DE 2 A 5 SM (40,9%), MAIS DE 5 SM (22,2%).";"Toda a equipe de pesquisadores possui prévio treinamento para a aplicação dos questionários e serão acompanhados por supervisor de campo para possíveis orientações que se fizerem necessárias. Haverá uma checagem de 20% dos questionários após a coleta dos dados e conferência de geolocalização por coordenadas GPS. A documentação de campo, incluindo os questionários aplicados e os registros de checagem, será mantida sob guarda e permanecerá auditável.";"ALTO ALEGRE (3,34%), AMAJARI (1,90%), BOA VISTA (60,06%), BONFIM (3,08%), CANTÁ (4,40%), CARACARAÍ (3,82%), CAROEBE (1,91%), IRACEMA (1,89%), MUCAJAÍ (3,59%), NORMANDIA (2,42%), PACARAIMA (2,43%), RORAINÓPOLIS (5,93%), SÃO JOÃO DA BALIZA (1,43%), SÃO LUIZ (1,52%), UIRAMUTÃ (2,27%)."
"28/09/2026";"05:46:54";2026;81;"Eleições Gerais 2026";"RR";"RR";"RORAIMA";"RR007842026";"2026-09-25 16:14:24";"S";"15625058000106";"INSTITUTO DE PESQUISA INOPE EXCELENCIA LTDA";"INST. DO NORTE DE OPINIAO PUBLICA E ESTATISTICA - INOPE";"Governador, Senador";"2026-10-01 00:00:00";"2026-10-02 00:00:00";"2026-10-01 00:00:00";1079;"C8717";"Alan Ioshikazu Ofuji";"15000,00";"Essa pesquisa possui nível de confiança de 95% e margem de erro de 2,98% para mais ou para menos. O universo da pesquisa são os eleitores aptos, com 16 anos ou mais, residentes no estado de Roraima, e a pesquisa refere-se aos cargos de governador e senador. Método quantitativo probabilístico e seleção aleatória da unidade amostral pelo método de amostragem estratificada com sondagens. Amostra bi etápica, onde em um 1º estágio é feito o sorteio da residência e em um 2º estágio é feita a seleção aleatória, de uma única pessoa, dentro desta residência. A seleção da unidade amostral é aleatória e a ponderação por sexo, idade, grau de instrução e renda é aplicada após a coleta, na elaboração dos resultados divulgados. A pesquisa será realizada 100% em residência. A margem de erro foi calculada para a situação de proporção máxima, com p igual a 0,5, segundo a expressão 1,96 x (0,25/n) elevado a 0,5, para n igual a 1.079.";"Amostragem: Amostra estratificada para a proporção.
Universo: Eleitores aptos, com 16 anos ou mais, residentes no estado de Roraima, totalizando 401.490 eleitores, segundo as estatísticas do eleitorado do TSE com carga de 1º de setembro de 2026.
Nível de Confiança: 95%
Margem de Erro: 2,98%
Tamanho da amostra: 1.079 entrevistados

As variáveis município, sexo, faixa etária e grau de instrução serão ponderadas conforme os percentuais do universo, segundo os dados disponibilizados pelo TSE por meio das estatísticas do eleitorado, com carga de 1º de setembro de 2026, conforme apresentado a seguir: MASCULINO (49,05%), FEMININO (50,95%), 16 A 24 ANOS (18,46%), 25 A 44 ANOS (43,46%), 45 A 59 ANOS (22,53%), 60 ANOS OU MAIS (15,55%), ANALFABETO ATÉ O ENSINO FUNDAMENTAL COMPLETO (29,53%), ENSINO MÉDIO INCOMPLETO/COMPLETO (52,25%), ENSINO SUPERIOR INCOMPLETO/COMPLETO (18,22%).
A variável renda familiar será ponderada conforme dados disponibilizados pelo IBGE, com base nos microdados da Pesquisa Nacional por Amostra de Domicílios Contínua (PNAD Contínua) de 2025, primeira visita, referentes ao rendimento domiciliar mensal das pessoas de 16 anos ou mais residentes em Roraima, com estimativas independentes para Boa Vista e para os demais municípios, compostas segundo a participação de cada área no eleitorado do estado, conforme apresentado a seguir:
ATÉ 1 SALÁRIO-MÍNIMO (SM) (11,8%), MAIS DE 1 A 2 SM (25,1%), MAIS DE 2 A 5 SM (40,9%), MAIS DE 5 SM (22,2%).";"Toda a equipe de pesquisadores possui prévio treinamento para a aplicação dos questionários e serão acompanhados por supervisor de campo para possíveis orientações que se fizerem necessárias. Haverá uma checagem de 20% dos questionários após a coleta dos dados e conferência de geolocalização por coordenadas GPS. A documentação de campo, incluindo os questionários aplicados e os registros de checagem, será mantida sob guarda e permanecerá auditável.";"ALTO ALEGRE (3,34%), AMAJARI (1,90%), BOA VISTA (60,06%), BONFIM (3,08%), CANTÁ (4,40%), CARACARAÍ (3,82%), CAROEBE (1,91%), IRACEMA (1,89%), MUCAJAÍ (3,59%), NORMANDIA (2,42%), PACARAIMA (2,43%), RORAINÓPOLIS (5,93%), SÃO JOÃO DA BALIZA (1,43%), SÃO LUIZ (1,52%), UIRAMUTÃ (2,27%)."
"28/09/2026";"05:46:54";2026;81;"Eleições Gerais 2026";"RR";"RR";"RORAIMA";"RR082832026";"2026-09-27 02:02:53";"N";"22445600000104";"QUAEST PESQUISAS, CONSULTORIA E PROJETOS LTDA.";"#NULO#";"Governador, Senador";"2026-10-02 00:00:00";"2026-10-03 00:00:00";"2026-10-03 00:00:00";1800;"6731";"Margarida Maria de Mendonca";"290304,00";"Pesquisa quantitativa, de survey, que consiste na realização de entrevistas pessoais, domiciliares e presenciais, conduzidas por profissionais treinados, com a aplicação de questionários estruturados a uma amostra representativa da população votante de 16 anos ou mais residente no estado de Roraima. O desenho amostral aplicado combina sorteio probabilístico de municípios e de setores censitários fornecidos pelo IBGE (unidades territoriais homogêneas, de tamanho similar a quadras ou blocos), dentro dos quais serão selecionadas pessoas respondentes por meio de cotas amostrais.";"O público pesquisado é composto por eleitores de 16 anos ou mais residentes na área de abrangência da pesquisa. Para produzir uma amostra representativa desse público-alvo, utilizamos um desenho amostral por conglomerados que prevê três estágios. No primeiro estágio, é feito um sorteio probabilístico de municípios para comporem a amostra por meio do método PPT (Probabilidade Proporcional ao Tamanho) a partir de suas populações votantes acima de 16 anos. Dentro da lista de municípios sorteados, no segundo estágio, é realizado um sorteio probabilístico por meio do método PPT (Probabilidade Proporcional ao Tamanho) de setores censitários a serem visitados pelos entrevistadores, sorteio que tem como base o total de habitantes residentes nos setores de acordo com dados do Censo de 2022, o que garante a dispersão aleatória e estatística da amostra dentro dos territórios municipais, independentemente de divisões administrativas. Finalmente, dentro da lista de setores censitários sorteados, no último estágio são selecionados domicílios e pessoas a serem entrevistadas utilizando-se cotas amostrais para as seguintes variáveis: sexo, idade, renda familiar e escolaridade. O perfil da amostra, definido pelas cotas previstas, é o seguinte:

Sexo: Masculino (49%); Feminino (51%).
Faixa etária: 16-34 anos (42%); 35-59 anos (43%); 60 ou mais (15%).
Renda domiciliar total, incluindo pensões, benefícios e rendimentos de trabalhos informais: Até 2 salários-mínimos (32%); Mais de 2 a 5 salários-mínimos (42%); Mais de 5 salários-mínimos (26%).
Nível de instrução: Até Fundamental completo ou médio incompleto (36%); Médio completo ou superior incompleto (46%); Superior completo ou mais (18%).

Fonte dos dados: para a distribuição de sexo e idade, TSE-Tribunal Superior Eleitoral - agosto/2026; para a malha de setores censitários, Censo 2022 (IBGE); para a distribuição de renda domiciliar, PNADc Anual 2025, 1ª visita (IBGE); e, para a distribuição de escolaridade/instrução, PNADc trimestral 2-2026 (IBGE). A PNADc é utilizada por ser a fonte oficial mais atualizada de rendimentos do país, incluindo rendimentos informais, pensões, entre outros, e corrigindo as defasagens temporais do Censo 2022, além de ser a fonte mais atualizada de nível de instrução da população com 16 anos ou mais dada ausência de atualização obrigatória da escolaridade no registro de eleitores do TSE.

Está prevista eventual pós-estratificação da amostra, por meio de algoritmos de calibração (rake) e modelos (MrP e likely voter), para correção (1) de estimativas, (2) das distribuições de variáveis que medem o perfil da população e (3) percentual do eleitorado propenso a votar.

Dentro do público-alvo anteriormente descrito, serão realizadas 1.800 entrevistas. O nível de confiança das estimativas é de 95% e a margem de erro máxima prevista, atendendo às diretivas do TSE e usando o cálculo para amostra aleatória simples (AAS) como aproximação, é de cerca de 2 pontos percentuais para mais ou para menos em relação aos totais da amostra.

Pagante (s) do trabalho: CNPJ 04387825000161 - RADIO TV DO AMAZONAS LTDA / REDE AMAZONICA RADIO E TELEVISAO.";"As entrevistas serão realizadas por uma equipe de entrevistadores devidamente qualificada, com experiência e treinamento em pesquisa de opinião pública. Todo trabalho é feito em tablets ou outros dispositivos eletrônicos. Após a realização da coleta de dados, as entrevistas junto aos respondentes são checadas por meio de procedimentos de consistência e de georreferenciamento dos locais de aplicação em tempo real. Adicionalmente, ao longo e após os trabalhos de campo, é realizada uma fiscalização que consiste na checagem de áudio de uma amostra de 30% dos questionários aplicados para verificação das respostas e da adequação dos entrevistados aos parâmetros amostrais.";"A área de abrangência da coleta é o território do estado de Roraima. A relação do número de pessoas pesquisadas nas áreas de aplicação da pesquisa, discriminadas por município, bairros e setores censitários a partir dos identificadores utilizados pelo IBGE, além da composição do eleitorado entrevistado na área de abrangência quanto a gênero, idade, grau de instrução e nível econômico, constará em anexo. O mapa com os códigos destes setores censitários e as áreas que delimitam no país todo podem ser conferidos na seguinte fonte oficial: https://censo2022.ibge.gov.br/panorama/mapas.html?localidade=&recorte=setores_censitarios"
"28/09/2026";"05:46:54";2026;81;"Eleições Gerais 2026";"RR";"RR";"RORAIMA";"RR060082026";"2026-06-15 15:28:06";"S";"15625058000106";"INSTITUTO DE PESQUISA INOPE EXCELENCIA LTDA";"INST. DO NORTE DE OPINIAO PUBLICA E ESTATISTICA - INOPE";"Governador";"2026-06-21 00:00:00";"2026-06-21 00:00:00";"2026-06-21 00:00:00";2000;"C8717";"Alan Ioshikazu Ofuji";"20000,00";"Esse registro é para as eleições suplementares para governador de Roraima, que ocorrerá no dia 21 de junho de 2026. Como o sistema Pesqele não está disponibilizando essa opção no campo ""Eleição:"" nos dados da pesquisa, foi informado ""Eleições Gerais 2026""

Pesquisa de boca de urna com data de realização no dia 21 de junho de 2026, durante o horário de votação da eleição suplementar para Governador do Estado de Roraima. Nível de confiança de 95% e margem de erro de 2,19% para mais ou para menos. O universo da pesquisa são os eleitores do Estado de Roraima que votam na eleição suplementar de 2026, nos 14 municípios abrangidos pela pesquisa. Método quantitativo probabilístico e seleção aleatória da unidade amostral pelo método de amostragem estratificada proporcional. Os entrevistadores posicionam-se em via pública, imediatamente após a saída dos eleitores das seções eleitorais, abordando os participantes mediante consentimento voluntário. A coleta é feita por meio de questionário estruturado com pergunta de voto declarado, apresentada em disco circular impresso com os nomes dos candidatos registrados. O registro de cada entrevista é efetuado em aplicativo móvel próprio, com captura automática de coordenadas GPS e horário. O período de aplicação dos questionários é o dia 21 de junho de 2026, das 8h às 16h30. A divulgação dos resultados ocorre a partir das 17h do dia 21 de junho de 2026, conforme art. 12 da Resolução TSE nº 23.600/2019.";"Tipo de pesquisa: levantamento de boca de urna.
Amostragem: probabilística, estratificada e proporcional, com seleção sistemática aleatória dos eleitores na saída das seções eleitorais, imediatamente após o voto.
Universo da pesquisa: eleitores que votam na eleição suplementar para Governador do Estado de Roraima realizada em 21 de junho de 2026, nos 14 municípios abrangidos: Alto Alegre, Amajari, Boa Vista, Bonfim, Cantá, Caracaraí, Caroebe, Iracema, Mucajaí, Normandia, Pacaraima, Rorainópolis, São João da Baliza e São Luiz.
Fonte pública dos dados: Estatísticas do Eleitorado do Tribunal Superior Eleitoral (TSE), data de corte de janeiro de 2026, totalizando 387.802 eleitores aptos nos municípios pesquisados. Essa base é utilizada tanto para a alocação proporcional da amostra quanto para a ponderação das variáveis demográficas.
Exclusão de Uiramutã: o município não integra o plano amostral em razão da relação desfavorável entre custo de coleta e relevância estatística. Possui o menor colégio eleitoral do estado, com peso inferior a 1% do eleitorado, acesso predominantemente por via aérea ou por estradas precárias e elevado custo operacional para coleta presencial. Seu impacto sobre o resultado estadual é estatisticamente negligenciável. Os resultados referem-se ao conjunto dos 14 municípios pesquisados.
Nível de confiança: 95%.
Margem de erro: 2,19% para mais ou para menos, calculada para a proporção máxima (p=0,5) pela fórmula ME = 1,96 x raiz(0,25/n), com n = 2.000. A margem de erro refere-se ao conjunto agregado da amostra, não sendo aplicável a recortes municipais individuais, cujos tamanhos amostrais não comportam o mesmo nível de precisão.
Tamanho da amostra: 2.000 entrevistas.
Distribuição proporcional da amostra por município (número de entrevistas): Boa Vista 1.187; Rorainópolis 119; Cantá 91; Bonfim 81; Caracaraí 78; Mucajaí 74; Alto Alegre 68; Normandia 64; Iracema 52; Pacaraima 49; Amajari 39; Caroebe 38; São Luiz 31; São João da Baliza 29.
Ponderação: as variáveis sexo, faixa etária e grau de instrução são ponderadas conforme os percentuais do universo, segundo os dados públicos do TSE, a saber: sexo feminino 51,1% e masculino 48,9%; faixa etária até 29 anos 29,9%, 30 a 39 anos 21,6%, 40 a 49 anos 19,7%, 50 anos ou mais 28,8%; grau de instrução até Ensino Fundamental completo 30,1%, Ensino Médio incompleto/completo 51,6%, Ensino Superior incompleto/completo 18,3%. A variável nível econômico (renda familiar) é submetida ao acaso, sem aplicação de cotas ou ponderação prévia, constituindo opção metodológica informada.
";"Toda a equipe de pesquisadores recebe treinamento prévio específico para pesquisa de boca de urna, com instrução sobre posicionamento em via pública, roteiro padronizado de abordagem e uso do aplicativo de coleta. Os entrevistadores abordam os eleitores exclusivamente após a saída das seções eleitorais, identificando-se com crachá neutro contendo o nome da empresa e o número de registro da pesquisa no TSE. A coleta de dados é realizada por meio de aplicativo móvel próprio, com registro automático de coordenadas GPS e horário para cada entrevista, vinculados ao identificador do dispositivo. A supervisão presencial ocorre na proporção de um supervisor para cada grupo de entrevistadores, com acompanhamento das abordagens, conferência do volume coletado por seção e registro de incidentes. Após a coleta, é realizada validação de consistência entre as coordenadas GPS registradas e os endereços das seções visitadas, e entre o número de entrevistas coletadas por seção e o volume proporcional esperado. É realizada ainda checagem de ao menos 20% dos questionários após a coleta. Os registros de GPS, horário e identificação dos dispositivos ficam disponíveis para auditoria pela Justiça Eleitoral e pelos partidos políticos, nos termos do art. 34 da Lei nº 9.504/1997.";"A pesquisa abrange 14 municípios do Estado de Roraima, com a seguinte distribuição prevista de entrevistas: Boa Vista 1.187; Rorainópolis 119; Cantá 91; Bonfim 81; Caracaraí 78; Mucajaí 74; Alto Alegre 68; Normandia 64; Iracema 52; Pacaraima 49; Amajari 39; Caroebe 38; São Luiz 31; São João da Baliza 29. Total: 2.000 entrevistas. A coleta é realizada nas seções eleitorais e respectivos locais de votação desses municípios, na via pública externa às seções, após a saída dos eleitores. A distribuição por município segue a proporção do eleitorado apto, conforme as Estatísticas do Eleitorado do TSE, data de corte de janeiro de 2026. Eventuais ajustes mínimos na alocação das entrevistas, decorrentes de condições operacionais de campo no dia da aplicação, poderão ocorrer e, se verificados, serão retificados no momento oportuno e legalmente previsto, por meio da complementação dos dados de abrangência a partir do dia em que a pesquisa puder ser divulgada e até o dia seguinte, nos termos do § 7º do art. 2º da Resolução TSE nº 23.600/2019."
"28/09/2026";"05:46:54";2026;81;"Eleições Gerais 2026";"RR";"RR";"RORAIMA";"RR066832026";"2026-09-20 19:20:39";"N";"00654576000172";"INSTITUTO VERITA LTDA";"VERITA";"Governador, Senador";"2026-09-21 00:00:00";"2026-09-25 00:00:00";"2026-09-26 00:00:00";1030;"10699";"Guilherme Alvarenga Laia";"37037,04";"Estudo quantitativo voltado às Eleições 2026, realizado por meio de entrevistas individuais, aplicadas mediante questionário eletrônico estruturado e Unidade Automatizada de Respostas Audíveis e Auditáveis, por meio de ligações para telefones móveis (celulares). A inteligência artificial é empregada exclusivamente para a transcrição automatizada das respostas em áudio, não interferindo na formulação das perguntas, na condução das entrevistas, na coleta das informações, na interpretação das respostas ou no tratamento estatístico dos dados.

A participação dos eleitores é voluntária, espontânea e não remunerada. As respostas são prestadas por autodeclaração, sendo, em sua maioria, registradas por meio de códigos numéricos correspondentes às alternativas previamente definidas no questionário.

A utilização de sistema eletrônico automatizado para a coleta e o registro das respostas proporciona elevado nível de padronização operacional, reduz a possibilidade de interferência humana durante a realização das entrevistas, amplia a rastreabilidade e a auditabilidade de todo o processo de coleta e contribui para maior precisão, consistência e confiabilidade dos dados obtidos.

O plano amostral foi elaborado para assegurar a representatividade estatística do eleitorado da respectiva Unidade da Federação, observando critérios técnicos de seleção, distribuição e ponderação da amostra, quando aplicáveis.";"A pesquisa foi planejada para produzir uma amostra estatisticamente representativa do eleitorado do estado DE RORAIMA, utilizando o método de Probabilidade Proporcional ao Tamanho (PPT), com plano amostral em múltiplos estágios. Na primeira etapa, esta Unidade da Federação é dividida em macrorregiões, de forma a assegurar adequada distribuição territorial da amostra e representação das diferentes características geográficas, demográficas e eleitorais. Na segunda etapa, os municípios de cada estrato são ordenados segundo seu porte populacional e eleitoral e sorteados. Na terceira etapa, os respondentes são selecionados entre os eleitores aptos residentes nos municípios sorteados, observando-se a distribuição proporcional da amostra e as cotas estabelecidas para as variáveis de sexo, faixa etária, grau de instrução e nível econômico. As cotas são estabelecidas para a pesquisa completa, considerando a composição do eleitorado e os parâmetros oficiais de referência, não sendo aplicadas isoladamente a cada município selecionado.

SEXO E FAIXA ETÁRIA - Fonte: Tribunal Superior Eleitoral (TSE), Perfil do Eleitorado, junho de 2026. Feminino de 16 a 34 anos: 21,6%; Masculino de 16 a 34 anos: 20,5%; Feminino de 35 a 54 anos: 19%; Masculino de 35 a 54 anos: 17,7%; Feminino com 55 anos ou mais: 10,4%; Masculino com 55 anos ou mais: 10,8%. Os parâmetros de sexo e idade têm como referência o cadastro eleitoral brasileiro atualizado pelo Tribunal Superior Eleitoral, considerando o universo de eleitores aptos com 16 anos ou mais.

GRAU DE INSTRUÇÃO - Fonte: IBGE - PNAD Contínua Anual 2025. A distribuição é: sem instrução 3,5%; ensino fundamental incompleto ou equivalente 18,4%; ensino fundamental completo ou equivalente 6,6%; ensino médio incompleto ou equivalente 8,1%; ensino médio completo ou equivalente 36,7%; ensino superior incompleto ou equivalente 7,8%; ensino superior completo 18,9%. Para não confundir os respondentes as faixas de escolaridade no questionário foram agrupadas em 3 faixas: até ensino fundamental incompleto e completo, ensino médio incompleto e completo e superior incompleto, completo ou mais. A PNAD Contínua é utilizada como referência por constituir a fonte oficial mais atualizada para a mensuração do nível de instrução da população brasileira, sua utilização também corrige limitações decorrentes da ausência de atualização obrigatória e contínua das informações de escolaridade no cadastro eleitoral do Tribunal Superior Eleitoral.

NÍVEL ECONÔMICO - RENDA FAMILIAR DO DOMICÍLIO - Fonte: IBGE - PNAD Contínua Anual 2025. Considera-se a renda domiciliar total, compreendendo rendimentos provenientes de trabalho formal e informal, aposentadorias, pensões, benefícios sociais e demais fontes de renda existentes no domicílio. observando-se a seguinte distribuição: renda familiar de até 2 salários-mínimos 41,7%; de 2 a 5 salários-mínimos 36,4%, acima de 5 salários-mínimos 21,8%.

PONDERAÇÃO E CALIBRAÇÃO DA AMOSTRA - Prevê-se eventual ponderação das variáveis de sexo, faixa etária, grau de instrução e nível econômico, caso sejam verificadas diferenças relevantes entre a distribuição da amostra efetivamente coletada e os parâmetros populacionais de referência adotados. Inicialmente, o fator de ponderação é igual a 1 (um), podendo ser recalculado sempre que necessário para assegurar a representatividade estatística da amostra.
INTERVALO DE CONFIANÇA E MARGEM DE ERRO - O intervalo de confiança adotado é de 95%, com margem máxima estimada de erro de aproximadamente 3,5 pontos percentuais, para mais ou para menos, sobre os resultados do total da amostra, calculada segundo o modelo de amostragem aleatória simples e a hipótese de máxima variabilidade.";"Após os trabalhos de coleta de dados, os questionários são submetidos a uma fiscalização, conferência e checagem de cerca de 20% (vinte por cento) dos questionários aplicados. Todas as entrevistas são integralmente registradas em áudio, permanecendo auditáveis e rastreáveis, permitindo a verificação da integridade do processo de coleta, preservado o sigilo das informações pessoais dos entrevistados e observadas as disposições da Lei Geral de Proteção de Dados Pessoais (Lei nº 13.709/2018).";"Em observância ao art. 2º, § 7º, da Resolução TSE nº 23.600/2019, com redação dada pela Resolução TSE nº 23.747/2026, a presente pesquisa terá seu registro complementado no Sistema de Registro de Pesquisas Eleitorais a partir da data em que sua divulgação for permitida e até o dia seguinte, com a identificação dos municípios em que foram realizadas as entrevistas, bem como da composição final da amostra quanto a gênero, idade, grau de instrução e nível econômico, na forma exigida pela legislação eleitoral vigente."
"28/09/2026";"05:46:54";2026;81;"Eleições Gerais 2026";"RR";"RR";"RORAIMA";"RR054592026";"2026-08-31 17:10:51";"N";"11028953000184";"CENSUS INSTITUTO DE PESQUISA ESTATISTICA E TECNOLOGIA LTDA";"CIPET";"Governador, Senador, Deputado Federal, Deputado Estadual";"2026-08-31 00:00:00";"2026-09-06 00:00:00";"2026-09-06 00:00:00";1500;"8332";"EZIO LACERDA LOPES";"30000,00";"Pesquisa quantitativa de opinião pública, de abrangência estadual, realizada por meio de questionário estruturado e entrevistas presenciais em pontos de fluxo previamente definidos. A população de referência compreende residentes em Roraima com 16 anos ou mais, observados, para intenção de voto, os critérios eleitorais aplicáveis às Eleições 2026. A amostra contempla capital e interior, com distribuição proporcional aos parâmetros populacionais utilizados no plano amostral. A inferência estatística é destinada exclusivamente ao conjunto do estado, não sendo apropriada para estimativas individualizadas por município, bairro ou localidade. A coleta em pontos de fluxo é acompanhada por controles sociodemográficos e territoriais e, após a coleta, por calibração dos pesos amostrais, não sendo esta, isoladamente, considerada mecanismo de transformação da seleção em pontos de fluxo em amostragem probabilística.";"A amostra planejada é de 1.500 entrevistas, distribuídas territorialmente entre a capital e o interior do estado e controladas segundo os parâmetros populacionais de referência utilizados na elaboração do plano amostral. A composição da amostra será acompanhada durante a coleta e, após o encerramento do trabalho de campo, os dados serão submetidos a procedimento de calibração dos pesos amostrais pelo método Rake (Iterative Proportional Fitting ¿ IPF). A calibração terá por finalidade fazer com que as distribuições marginais ponderadas da amostra final reproduzam os parâmetros de referência. Serão consideradas, conjuntamente, as seguintes dimensões de controle: SEXO: 50,95% Feminino e 49,05% Masculino; IDADE: 16-24 anos (18,46%), 25-34 anos (23,05%), 35-44 anos (20,41%), 45-59 anos (22,53%) e 60 ou mais anos (15,55%); ESCOLARIDADE: Até Fundamental Incompleto (24,64%), Fundamental Completo até Médio Incompleto (27,37%), Médio Completo até Superior Incompleto (37,28%) e Superior Completo (10,71%). Esses parâmetros foram estabelecidos tendo como referência à base oficial disponível do Tribunal Superior Eleitoral ¿ TSE de julho de 2026. Para a variável de nível econômico, serão utilizados dados da Pesquisa Nacional por Amostra de Domicílios Contínua (PNAD Contínua), do Instituto Brasileiro de Geografia e Estatística (IBGE), referentes ao 2º trimestre de 2026. Como variável auxiliar de calibração relacionada à condição de atividade econômica, será utilizada a distribuição da População Economicamente Ativa - PEA: (64,09%) e População Não Economicamente Ativa ¿ PNEA: (35,91%). A distribuição territorial da amostra considera como estratos de controle: Capital: (68,11%) e Interior: (31,89%). A distribuição territorial foi estabelecida com base em dados públicos do Instituto Brasileiro de Geografia e Estatística ¿ IBGE, tendo como referência o Censo Demográfico 2022 e os dados de população residente, inclusive informações por idade e setor censitário. O nível de confiança adotado é de 95% que para o total da amostra de 1.500 entrevistas, a margem de erro teórica máxima é de aproximadamente 2,5 pontos percentuais, sob a aproximação de amostragem aleatória simples e para uma proporção de 50%. Essa margem de erro constitui referência teórica para o total da amostra e não incorpora integralmente eventuais efeitos decorrentes do processo de seleção em pontos de fluxo, da estratificação, da calibração dos pesos e de outras características do desenho amostral. Consequentemente, a precisão efetiva das estimativas poderá diferir da margem teórica de aproximadamente 2,5 pontos percentuais em razão do efeito de desenho e da ponderação aplicada aos dados. As estimativas produzidas destinam-se ao conjunto do estado de Roraima e não são apropriadas para inferências estatísticas individualizadas por município, bairro ou localidade em razão do número de entrevistas alocado em cada unidade territorial.";"As entrevistas são realizadas por entrevistadores devidamente treinados e supervisionados, seguindo protocolos padronizados de abordagem, incluindo monitoramento contínuo da coleta, supervisão em tempo real, auditoria de aproximadamente 10% dos questionários mediante escuta e/ou contato telefônico, além de procedimentos de verificação de consistência e integridade das bases de dados.";"A amostra estadual de 1.500 entrevistas será distribuída da seguinte forma: No interior serão 478 entrevistas, distribuídas utilizando como unidade territorial de controle a distribuição proporcional por município de Alto Alegre (40), Amajari (26), Bonfim (29), Cantá (43), Caracaraí (48), Caroebe (25), Iracema (22), Mucajaí (43), Normandia (25), Pacaraima (37), Rorainópolis (78), São João da Baliza (22), São Luiz (18) e Uiramutã (22). Na capital, correspondente ao município de Boa Vista, serão realizadas 1.022 entrevistas, distribuídas proporcionalmente entre os bairros e localidades. A distribuição territorial terá como referência a população por setor censitário e faixa etária, permitindo uma representação proporcional da população. Posteriormente, os resultados serão agregados de acordo com as respectivas áreas e bairros de coleta. Senador Hélio Campos (91), Cidade Satélite (45), Caranã (34), Jardim Equatorial (33), São Bento (31), Asa Branca (30), Alvorada (28), Dr. Silvio Leite (27), Pintolândia (27), Santa Tereza (25), Buritis (25), Jóquei Clube (24), Paraviana (23), Centenário (23), Cauamé (23), Caimbé (22), Nova Cidade (22), Cinturão Verde (22), Tancredo Neves (21), Doutor Airton Rocha (20), Pricumã (20), Raiar do Sol (20), Dr. Silvio Botelho (19), Mecejana (19), Jardim Primavera (18), Liberdade (18), São Vicente (17), Aparecida (17), Santa Luzia (17), Cambará (17), Jardim Floresta (16), Treze de Setembro (16), Bela Vista (16), Jardim Tropical (15), Caçari (15), União (13), dos Estados (13), Professora Araceli Souto Maior (12), Centro (12), Jardim Caranã (11), Operário (11), São Francisco (11), Aeroporto (10), João de Barro (10), Pedra Pintada (9), Nova Canaã (8), Calunga (7), Murilo Teixeira Cidade (6), Laura Moreira (5), Trinta e um de Março (5), Olímpico (4), Said Salomão (4), Piscicultura (3), Canarinho (2), Governador Aquilino Mota Duarte (2), Assentamento Residencial Monte Cristo (2), São Pedro (2), 5 de Outubro (2) e Monte das Oliveiras (2). No interior as amostras foram por município: Alto Alegre (40), Amajari (26), Boa Vista (1022), Bonfim (29), Cantá (43), Caracaraí (48), Caroebe (25), Iracema (22), Mucajaí (43), Normandia (25), Pacaraima (37), Rorainópolis (78), São João da Baliza (22), São Luiz (18) e Uiramutã (22)."
"28/09/2026";"05:46:54";2026;81;"Eleições Gerais 2026";"RR";"RR";"RORAIMA";"RR063282026";"2026-03-28 17:38:16";"S";"00654576000172";"INSTITUTO VERITA LTDA";"VERITA";"Governador, Senador, Deputado Federal, Deputado Estadual";"2026-03-29 00:00:00";"2026-04-04 00:00:00";"2026-04-03 00:00:00";1030;"10699";"GUILHERME ALVARENGA LAIA";"79310,00";"Pesquisa quantitativa, que consiste na realização de entrevistas, com a aplicação de questionário estruturado junto a uma amostra representativa do eleitorado desta Unidade da Federação.";"ESTUDO REPRESENTATIVO DO ELEITORADO DO ESTADO DE RORAIMA - MÉTODO PPT (Probabilidade Proporcional ao Tamanho) - PLANO AMOSTRAL E PONDERAÇÃO QUANTO A SEXO, IDADE, GRAU DE INSTRUÇÃO E NÍVEL ECONÔMICO DO ENTREVISTADO; INTERVALO DE CONFIANÇA E MARGEM DE ERRO: Representativo do eleitorado da área em estudo, elaborada, em vários estágios, da seguinte forma: - 1. Divisão da UF em estratos proporcionais de municípios. 2. Ordenação dos municípios de cada estrato segundo o porte. 3. Sorteio dos municípios de cada estrato. 4. Os respondentes são selecionados através de quotas amostrais proporcionais em função de variáveis significativas, a saber: GÊNERO / FAIXA ETÁRIA - FEMININO E MASCULINO 16 A 34 ANOS 21,1% E 19,9%, 35 A 54 ANOS 19,5% E 18%, 55 ANOS OU MAIS 10,6% E 11%. GRAU DE INSTRUÇÃO ¿ FEMININO E MASCULINO Sem instrução até Ensino Médio completo 55,7%, Ensino superior incompleto e completo 44,3% NÍVEL ECONÔMICO - FEMININO população não economicamente ativa 46,5% população economicamente ativa 53,5% MASCULINO população não economicamente ativa 27,2% população economicamente ativa 72,8%. RENDA FAMILIAR DO DOMICÍLIO renda familiar de até 2 salários-mínimos 30,7%; de 2 a 5 salários-mínimos 44,2%, acima de 5 salários-mínimos 25,1%. Está prevista eventual ponderação para correção das variáveis, com base nos percentuais anteriormente mencionados, caso ocorram diferenças superiores a margem de erro da pesquisa prevista entre a amostra e a coleta de dados realizada. O fator previsto para ponderação é 1 (resultados obtidos na coleta de dados). O intervalo de confiança estimado é de 95% e a margem de erro máxima estimada considerando um modelo de amostragem aleatório simples, é de aproximadamente 3,5 pontos percentuais para mais ou para menos sobre os resultados encontrados no total da amostra. FONTE DOS DADOS: IBGE/Censo 2022 para fins de densidade demográfica, setores censitários e alocação da amostra. IBGE/PNAD/PNADC/MEC/INEP para fins de Nível Econômico e Escolaridade. TSE FEVEREIRO/2026 para fins de Sexo, Faixa Etária e eleitorado por município ou regiões previamente definidas (importante ressaltar para o público leigo que os dados do TSE são os únicos corretos para gênero, idade dos eleitores e quantitativo de eleitores por municípios já que a base de dados se atualiza automaticamente, PORÉM, dados de escolaridade e nível econômico NÃO são corretos e confiáveis devido a desatualização que ocorre naturalmente com o passar dos anos). Definição de margem de erro e intervalo de confiança: Margem de erro e intervalo de confiança não são grandezas diretamente proporcionais. A SOMA NÃO TEM QUE RESULTAR 100%. ";"Após os trabalhos de coleta de dados, os questionários são submetidos a uma fiscalização, conferência e checagem de cerca de 20% (vinte por cento) dos questionários aplicados.";"A relação dos municípios sorteados ou selecionados para esta pesquisa será apresentada em arquivo anexo até 1 (um) dia após a divulgação desta pesquisa conforme §7º. do art. 2º. da Resolução-TSE nº. 23.600/2019. A área de abrangência desta pesquisa é o Estado DE RORAIMA"
"28/09/2026";"05:46:54";2026;81;"Eleições Gerais 2026";"RR";"RR";"RORAIMA";"RR033362026";"2026-09-27 19:11:14";"S";"00654576000172";"INSTITUTO VERITA LTDA";"VERITA";"Governador, Senador";"2026-09-28 00:00:00";"2026-10-02 00:00:00";"2026-10-03 00:00:00";1030;"10699";"Guilherme Alvarenga Laia";"79310,00";"Estudo quantitativo voltado às Eleições 2026, realizado por meio de entrevistas individuais, aplicadas mediante questionário eletrônico estruturado e Unidade Automatizada de Respostas Audíveis e Auditáveis, por meio de ligações para telefones móveis (celulares). A inteligência artificial é empregada exclusivamente para a transcrição automatizada das respostas em áudio, não interferindo na formulação das perguntas, na condução das entrevistas, na coleta das informações, na interpretação das respostas ou no tratamento estatístico dos dados.

A participação dos eleitores é voluntária, espontânea e não remunerada. As respostas são prestadas por autodeclaração, sendo, em sua maioria, registradas por meio de códigos numéricos correspondentes às alternativas previamente definidas no questionário.

A utilização de sistema eletrônico automatizado para a coleta e o registro das respostas proporciona elevado nível de padronização operacional, reduz a possibilidade de interferência humana durante a realização das entrevistas, amplia a rastreabilidade e a auditabilidade de todo o processo de coleta e contribui para maior precisão, consistência e confiabilidade dos dados obtidos.

O plano amostral foi elaborado para assegurar a representatividade estatística do eleitorado da respectiva Unidade da Federação, observando critérios técnicos de seleção, distribuição e ponderação da amostra, quando aplicáveis.";"A pesquisa foi planejada para produzir uma amostra estatisticamente representativa do eleitorado do estado DE RORAIMA, utilizando o método de Probabilidade Proporcional ao Tamanho (PPT), com plano amostral em múltiplos estágios. Na primeira etapa, esta Unidade da Federação é dividida em macrorregiões, de forma a assegurar adequada distribuição territorial da amostra e representação das diferentes características geográficas, demográficas e eleitorais. Na segunda etapa, os municípios de cada estrato são ordenados segundo seu porte populacional e eleitoral e sorteados. Na terceira etapa, os respondentes são selecionados entre os eleitores aptos residentes nos municípios sorteados, observando-se a distribuição proporcional da amostra e as cotas estabelecidas para as variáveis de sexo, faixa etária, grau de instrução e nível econômico. As cotas são estabelecidas para a pesquisa completa, considerando a composição do eleitorado e os parâmetros oficiais de referência, não sendo aplicadas isoladamente a cada município selecionado.

SEXO E FAIXA ETÁRIA - Fonte: Tribunal Superior Eleitoral (TSE), Perfil do Eleitorado, junho de 2026. Feminino de 16 a 34 anos: 21,6%; Masculino de 16 a 34 anos: 20,5%; Feminino de 35 a 54 anos: 19%; Masculino de 35 a 54 anos: 17,7%; Feminino com 55 anos ou mais: 10,4%; Masculino com 55 anos ou mais: 10,8%. Os parâmetros de sexo e idade têm como referência o cadastro eleitoral brasileiro atualizado pelo Tribunal Superior Eleitoral, considerando o universo de eleitores aptos com 16 anos ou mais.

GRAU DE INSTRUÇÃO - Fonte: IBGE - PNAD Contínua Anual 2025. A distribuição é: sem instrução 3,5%; ensino fundamental incompleto ou equivalente 18,4%; ensino fundamental completo ou equivalente 6,6%; ensino médio incompleto ou equivalente 8,1%; ensino médio completo ou equivalente 36,7%; ensino superior incompleto ou equivalente 7,8%; ensino superior completo 18,9%. Para não confundir os respondentes as faixas de escolaridade no questionário foram agrupadas em 3 faixas: até ensino fundamental incompleto e completo, ensino médio incompleto e completo e superior incompleto, completo ou mais. A PNAD Contínua é utilizada como referência por constituir a fonte oficial mais atualizada para a mensuração do nível de instrução da população brasileira, sua utilização também corrige limitações decorrentes da ausência de atualização obrigatória e contínua das informações de escolaridade no cadastro eleitoral do Tribunal Superior Eleitoral.

NÍVEL ECONÔMICO - RENDA FAMILIAR DO DOMICÍLIO - Fonte: IBGE - PNAD Contínua Anual 2025. Considera-se a renda domiciliar total, compreendendo rendimentos provenientes de trabalho formal e informal, aposentadorias, pensões, benefícios sociais e demais fontes de renda existentes no domicílio. observando-se a seguinte distribuição: renda familiar de até 2 salários-mínimos 41,7%; de 2 a 5 salários-mínimos 36,4%, acima de 5 salários-mínimos 21,8%.

PONDERAÇÃO E CALIBRAÇÃO DA AMOSTRA - Prevê-se eventual ponderação das variáveis de sexo, faixa etária, grau de instrução e nível econômico, caso sejam verificadas diferenças relevantes entre a distribuição da amostra efetivamente coletada e os parâmetros populacionais de referência adotados. Inicialmente, o fator de ponderação é igual a 1 (um), podendo ser recalculado sempre que necessário para assegurar a representatividade estatística da amostra.
INTERVALO DE CONFIANÇA E MARGEM DE ERRO - O intervalo de confiança adotado é de 95%, com margem máxima estimada de erro de aproximadamente 3,5 pontos percentuais, para mais ou para menos, sobre os resultados do total da amostra, calculada segundo o modelo de amostragem aleatória simples e a hipótese de máxima variabilidade.";"Após os trabalhos de coleta de dados, os questionários são submetidos a uma fiscalização, conferência e checagem de cerca de 20% (vinte por cento) dos questionários aplicados. Todas as entrevistas são integralmente registradas em áudio, permanecendo auditáveis e rastreáveis, permitindo a verificação da integridade do processo de coleta, preservado o sigilo das informações pessoais dos entrevistados e observadas as disposições da Lei Geral de Proteção de Dados Pessoais (Lei nº 13.709/2018).";"Em observância ao art. 2º, § 7º, da Resolução TSE nº 23.600/2019, com redação dada pela Resolução TSE nº 23.747/2026, a presente pesquisa terá seu registro complementado no Sistema de Registro de Pesquisas Eleitorais a partir da data em que sua divulgação for permitida e até o dia seguinte, com a identificação dos municípios em que foram realizadas as entrevistas, bem como da composição final da amostra quanto a gênero, idade, grau de instrução e nível econômico, na forma exigida pela legislação eleitoral vigente."
"28/09/2026";"05:46:54";2026;81;"Eleições Gerais 2026";"RR";"RR";"RORAIMA";"RR057052026";"2026-08-29 21:31:04";"S";"00654576000172";"INSTITUTO VERITA LTDA";"VERITA";"Governador, Senador";"2026-08-29 00:00:00";"2026-09-01 00:00:00";"2026-09-04 00:00:00";1030;"10699";"Guilherme Alvarenga Laia";"79310,00";"Estudo quantitativo voltado às Eleições 2026, realizado por meio de entrevistas individuais, aplicadas mediante questionário eletrônico estruturado e Unidade Automatizada de Respostas Audíveis e Auditáveis, por meio de ligações para telefones móveis (celulares). A inteligência artificial é empregada exclusivamente para a transcrição automatizada das respostas em áudio, não interferindo na formulação das perguntas, na condução das entrevistas, na coleta das informações, na interpretação das respostas ou no tratamento estatístico dos dados.

A participação dos eleitores é voluntária, espontânea e não remunerada. As respostas são prestadas por autodeclaração, sendo, em sua maioria, registradas por meio de códigos numéricos correspondentes às alternativas previamente definidas no questionário.

A utilização de sistema eletrônico automatizado para a coleta e o registro das respostas proporciona elevado nível de padronização operacional, reduz a possibilidade de interferência humana durante a realização das entrevistas, amplia a rastreabilidade e a auditabilidade de todo o processo de coleta e contribui para maior precisão, consistência e confiabilidade dos dados obtidos.

O plano amostral foi elaborado para assegurar a representatividade estatística do eleitorado da respectiva Unidade da Federação, observando critérios técnicos de seleção, distribuição e ponderação da amostra, quando aplicáveis.";"A pesquisa foi planejada para produzir uma amostra estatisticamente representativa do eleitorado do estado DE RORAIMA, utilizando o método de Probabilidade Proporcional ao Tamanho (PPT), com plano amostral em múltiplos estágios. Na primeira etapa, esta Unidade da Federação é dividida em macrorregiões, de forma a assegurar adequada distribuição territorial da amostra e representação das diferentes características geográficas, demográficas e eleitorais. Na segunda etapa, os municípios de cada estrato são ordenados segundo seu porte populacional e eleitoral e sorteados. Na terceira etapa, os respondentes são selecionados entre os eleitores aptos residentes nos municípios sorteados, observando-se a distribuição proporcional da amostra e as cotas estabelecidas para as variáveis de sexo, faixa etária, grau de instrução e nível econômico. As cotas são estabelecidas para a pesquisa completa, considerando a composição do eleitorado e os parâmetros oficiais de referência, não sendo aplicadas isoladamente a cada município selecionado.

SEXO E FAIXA ETÁRIA - Fonte: Tribunal Superior Eleitoral (TSE), Perfil do Eleitorado, junho de 2026. Feminino de 16 a 34 anos: 21,6%; Masculino de 16 a 34 anos: 20,5%; Feminino de 35 a 54 anos: 19%; Masculino de 35 a 54 anos: 17,7%; Feminino com 55 anos ou mais: 10,4%; Masculino com 55 anos ou mais: 10,8%. Os parâmetros de sexo e idade têm como referência o cadastro eleitoral brasileiro atualizado pelo Tribunal Superior Eleitoral, considerando o universo de eleitores aptos com 16 anos ou mais.

GRAU DE INSTRUÇÃO - Fonte: IBGE - Pesquisa Nacional por Amostra de Domicílios Contínua - PNAD Contínua, 1º trimestre de 2026. A distribuição é: sem instrução 3,5%; ensino fundamental incompleto ou equivalente 18,4%; ensino fundamental completo ou equivalente 6,6%; ensino médio incompleto ou equivalente 8,1%; ensino médio completo ou equivalente 36,7%; ensino superior incompleto ou equivalente 7,8%; ensino superior completo 18,9%. Para não confundir os respondentes as faixas de escolaridade no questionário foram agrupadas em 3 faixas: até ensino fundamental incompleto e completo, ensino médio incompleto e completo e superior incompleto, completo ou mais. A PNAD Contínua é utilizada como referência por constituir a fonte oficial mais atualizada para a mensuração do nível de instrução da população brasileira, sua utilização também corrige limitações decorrentes da ausência de atualização obrigatória e contínua das informações de escolaridade no cadastro eleitoral do Tribunal Superior Eleitoral.

NÍVEL ECONÔMICO - RENDA FAMILIAR DO DOMICÍLIO - Fonte: IBGE - PNAD Contínua Anual 2025. Considera-se a renda domiciliar total, compreendendo rendimentos provenientes de trabalho formal e informal, aposentadorias, pensões, benefícios sociais e demais fontes de renda existentes no domicílio. observando-se a seguinte distribuição: renda familiar de até 2 salários-mínimos 41,7%; de 2 a 5 salários-mínimos 36,4%, acima de 5 salários-mínimos 21,8%.

PONDERAÇÃO E CALIBRAÇÃO DA AMOSTRA - Prevê-se eventual ponderação das variáveis de sexo, faixa etária, grau de instrução e nível econômico, caso sejam verificadas diferenças relevantes entre a distribuição da amostra efetivamente coletada e os parâmetros populacionais de referência adotados. Inicialmente, o fator de ponderação é igual a 1 (um), podendo ser recalculado sempre que necessário para assegurar a representatividade estatística da amostra.
INTERVALO DE CONFIANÇA E MARGEM DE ERRO - O intervalo de confiança adotado é de 95%, com margem máxima estimada de erro de aproximadamente 3,5 pontos percentuais, para mais ou para menos, sobre os resultados do total da amostra, calculada segundo o modelo de amostragem aleatória simples e a hipótese de máxima variabilidade.";"Após os trabalhos de coleta de dados, os questionários são submetidos a uma fiscalização, conferência e checagem de cerca de 20% (vinte por cento) dos questionários aplicados. Todas as entrevistas são integralmente registradas em áudio, permanecendo auditáveis e rastreáveis, permitindo a verificação da integridade do processo de coleta, preservado o sigilo das informações pessoais dos entrevistados e observadas as disposições da Lei Geral de Proteção de Dados Pessoais (Lei nº 13.709/2018).";"Em observância ao art. 2º, § 7º, da Resolução TSE nº 23.600/2019, com redação dada pela Resolução TSE nº 23.747/2026, a presente pesquisa terá seu registro complementado no Sistema de Registro de Pesquisas Eleitorais a partir da data em que sua divulgação for permitida e até o dia seguinte, com a identificação dos municípios em que foram realizadas as entrevistas, bem como da composição final da amostra quanto a gênero, idade, grau de instrução e nível econômico, na forma exigida pela legislação eleitoral vigente."
"28/09/2026";"05:46:54";2026;81;"Eleições Gerais 2026";"RR";"RR";"RORAIMA";"RR036582026";"2026-09-19 17:04:37";"N";"22445600000104";"QUAEST PESQUISAS, CONSULTORIA E PROJETOS LTDA.";"#NULO#";"Governador, Senador";"2026-09-21 00:00:00";"2026-09-24 00:00:00";"2026-09-25 00:00:00";804;"6731";"Margarida Maria de Mendonca";"132861,00";"Pesquisa quantitativa, de survey, que consiste na realização de entrevistas pessoais, domiciliares e presenciais, conduzidas por profissionais treinados, com a aplicação de questionários estruturados a uma amostra representativa da população votante de 16 anos ou mais residente no estado de Roraima. O desenho amostral aplicado combina sorteio probabilístico de municípios e de setores censitários fornecidos pelo IBGE (unidades territoriais homogêneas, de tamanho similar a quadras ou blocos), dentro dos quais serão selecionadas pessoas respondentes por meio de cotas amostrais.";"O público pesquisado é composto por eleitores de 16 anos ou mais residentes na área de abrangência da pesquisa. Para produzir uma amostra representativa desse público-alvo, utilizamos um desenho amostral por conglomerados que prevê três estágios. No primeiro estágio, é feito um sorteio probabilístico de municípios para comporem a amostra por meio do método PPT (Probabilidade Proporcional ao Tamanho) a partir de suas populações votantes acima de 16 anos. Dentro da lista de municípios sorteados, no segundo estágio, é realizado um sorteio probabilístico por meio do método PPT (Probabilidade Proporcional ao Tamanho) de setores censitários a serem visitados pelos entrevistadores, sorteio que tem como base o total de habitantes residentes nos setores de acordo com dados do Censo de 2022, o que garante a dispersão aleatória e estatística da amostra dentro dos territórios municipais, independentemente de divisões administrativas. Finalmente, dentro da lista de setores censitários sorteados, no último estágio são selecionados domicílios e pessoas a serem entrevistadas utilizando-se cotas amostrais para as seguintes variáveis: sexo, idade, renda familiar e escolaridade. O perfil da amostra, definido pelas cotas previstas, é o seguinte:

Sexo: Masculino (49%); Feminino (51%).
Faixa etária: 16-34 anos (42%); 35-59 anos (43%); 60 ou mais (15%).
Renda domiciliar total, incluindo pensões, benefícios e rendimentos de trabalhos informais: Até 2 salários-mínimos (32%); Mais de 2 a 5 salários-mínimos (42%); Mais de 5 salários-mínimos (26%).
Nível de instrução: Até Fundamental completo ou médio incompleto (36%); Médio completo ou superior incompleto (46%); Superior completo ou mais (18%).

Fonte dos dados: para a distribuição de sexo e idade, TSE-Tribunal Superior Eleitoral - agosto/2026; para a malha de setores censitários, Censo 2022 (IBGE); para a distribuição de renda domiciliar, PNADc Anual 2025, 1ª visita (IBGE); e, para a distribuição de escolaridade/instrução, PNADc trimestral 2-2026 (IBGE). A PNADc é utilizada por ser a fonte oficial mais atualizada de rendimentos do país, incluindo rendimentos informais, pensões, entre outros, e corrigindo as defasagens temporais do Censo 2022, além de ser a fonte mais atualizada de nível de instrução da população com 16 anos ou mais dada ausência de atualização obrigatória da escolaridade no registro de eleitores do TSE.

Está prevista eventual pós-estratificação da amostra, por meio de algoritmos de calibração (rake) e modelos (MrP), para correção (1) de estimativas e (2) das distribuições de variáveis que medem o perfil da população.

Dentro do público-alvo anteriormente descrito, serão realizadas 804 entrevistas. O nível de confiança das estimativas é de 95% e a margem de erro máxima prevista, atendendo às diretivas do TSE e usando o cálculo para amostra aleatória simples (AAS) como aproximação, é de cerca de 3 pontos percentuais para mais ou para menos em relação aos totais da amostra.";"As entrevistas serão realizadas por uma equipe de entrevistadores devidamente qualificada, com experiência e treinamento em pesquisa de opinião pública. Todo trabalho é feito em tablets ou outros dispositivos eletrônicos. Após a realização da coleta de dados, as entrevistas junto aos respondentes são checadas por meio de procedimentos de consistência e de georreferenciamento dos locais de aplicação em tempo real. Adicionalmente, ao longo e após os trabalhos de campo, é realizada uma fiscalização que consiste na checagem de áudio de uma amostra de 30% dos questionários aplicados para verificação das respostas e da adequação dos entrevistados aos parâmetros amostrais.";"A área de abrangência da coleta é o território do estado de Roraima. A relação do número de pessoas pesquisadas nas áreas de aplicação da pesquisa, discriminadas por município, bairros e setores censitários a partir dos identificadores utilizados pelo IBGE, além da composição do eleitorado entrevistado na área de abrangência quanto a gênero, idade, grau de instrução e nível econômico, constará em anexo. O mapa com os códigos destes setores censitários e as áreas que delimitam no país todo podem ser conferidos na seguinte fonte oficial: https://censo2022.ibge.gov.br/panorama/mapas.html?localidade=&recorte=setores_censitarios"
"28/09/2026";"05:46:54";2026;81;"Eleições Gerais 2026";"RR";"RR";"RORAIMA";"RR073462026";"2026-09-09 13:41:34";"N";"11028953000184";"CENSUS INSTITUTO DE PESQUISA ESTATISTICA E TECNOLOGIA LTDA";"CIPET";"Governador, Senador, Deputado Federal, Deputado Estadual";"2026-09-08 00:00:00";"2026-09-13 00:00:00";"2026-09-15 00:00:00";1500;"8332";"EZIO LACERDA LOPES";"30000,00";"Pesquisa quantitativa de opinião pública, de abrangência estadual, realizada por meio de questionário estruturado e entrevistas presenciais em pontos de fluxo previamente definidos. A população de referência compreende residentes em Roraima com 16 anos ou mais, observados, para intenção de voto, os critérios eleitorais aplicáveis às Eleições 2026. A amostra contempla capital e interior, com distribuição proporcional aos parâmetros populacionais utilizados no plano amostral. A inferência estatística é destinada exclusivamente ao conjunto do estado, não sendo apropriada para estimativas individualizadas por município, bairro ou localidade. A coleta em pontos de fluxo é acompanhada por controles sociodemográficos e territoriais e, após a coleta, por calibração dos pesos amostrais, não sendo esta, isoladamente, considerada mecanismo de transformação da seleção em pontos de fluxo em amostragem probabilística.";"A amostra planejada é de 1.500 entrevistas, distribuídas territorialmente entre a capital e o interior do estado e controladas segundo os parâmetros populacionais de referência utilizados na elaboração do plano amostral. A composição da amostra será acompanhada durante a coleta e, após o encerramento do trabalho de campo, os dados serão submetidos a procedimento de calibração dos pesos amostrais pelo método Rake (Iterative Proportional Fitting ¿ IPF). A calibração terá por finalidade fazer com que as distribuições marginais ponderadas da amostra final reproduzam os parâmetros de referência. Serão consideradas, conjuntamente, as seguintes dimensões de controle: SEXO: 50,95% Feminino e 49,05% Masculino; IDADE: 16-24 anos (18,46%), 25-34 anos (23,05%), 35-44 anos (20,41%), 45-59 anos (22,53%) e 60 ou mais anos (15,55%); ESCOLARIDADE: Até Fundamental Incompleto (24,64%), Fundamental Completo até Médio Incompleto (27,37%), Médio Completo até Superior Incompleto (37,28%) e Superior Completo (10,71%). Esses parâmetros foram estabelecidos tendo como referência à base oficial disponível do Tribunal Superior Eleitoral ¿ TSE de julho de 2026. Para a variável de nível econômico, serão utilizados dados da Pesquisa Nacional por Amostra de Domicílios Contínua (PNAD Contínua), do Instituto Brasileiro de Geografia e Estatística (IBGE), referentes ao 2º trimestre de 2026. Como variável auxiliar de calibração relacionada à condição de atividade econômica, será utilizada a distribuição da População Economicamente Ativa - PEA: (64,09%) e População Não Economicamente Ativa ¿ PNEA: (35,91%). A distribuição territorial da amostra considera como estratos de controle: Capital: (68,11%) e Interior: (31,89%). A distribuição territorial foi estabelecida com base em dados públicos do Instituto Brasileiro de Geografia e Estatística ¿ IBGE, tendo como referência o Censo Demográfico 2022 e os dados de população residente, inclusive informações por idade e setor censitário. O nível de confiança adotado é de 95% que para o total da amostra de 1.500 entrevistas, a margem de erro teórica máxima é de aproximadamente 2,5 pontos percentuais, sob a aproximação de amostragem aleatória simples e para uma proporção de 50%. Essa margem de erro constitui referência teórica para o total da amostra e não incorpora integralmente eventuais efeitos decorrentes do processo de seleção em pontos de fluxo, da estratificação, da calibração dos pesos e de outras características do desenho amostral. Consequentemente, a precisão efetiva das estimativas poderá diferir da margem teórica de aproximadamente 2,5 pontos percentuais em razão do efeito de desenho e da ponderação aplicada aos dados. As estimativas produzidas destinam-se ao conjunto do estado de Roraima e não são apropriadas para inferências estatísticas individualizadas por município, bairro ou localidade em razão do número de entrevistas alocado em cada unidade territorial.";"As entrevistas são realizadas por entrevistadores devidamente treinados e supervisionados, seguindo protocolos padronizados de abordagem, incluindo monitoramento contínuo da coleta, supervisão em tempo real, auditoria de aproximadamente 10% dos questionários mediante escuta e/ou contato telefônico, além de procedimentos de verificação de consistência e integridade das bases de dados.";"A amostra estadual de 1.500 entrevistas será distribuída da seguinte forma: No interior serão 478 entrevistas, distribuídas utilizando como unidade territorial de controle a distribuição proporcional por município de Alto Alegre (40), Amajari (26), Bonfim (29), Cantá (43), Caracaraí (48), Caroebe (25), Iracema (22), Mucajaí (43), Normandia (25), Pacaraima (37), Rorainópolis (78), São João da Baliza (22), São Luiz (18) e Uiramutã (22). Na capital, correspondente ao município de Boa Vista, serão realizadas 1.022 entrevistas, distribuídas proporcionalmente entre os bairros e localidades. A distribuição territorial terá como referência a população por setor censitário e faixa etária, permitindo uma representação proporcional da população. Posteriormente, os resultados serão agregados de acordo com as respectivas áreas e bairros de coleta. Senador Hélio Campos (91), Cidade Satélite (45), Caranã (34), Jardim Equatorial (33), São Bento (31), Asa Branca (30), Alvorada (28), Dr. Silvio Leite (27), Pintolândia (27), Santa Tereza (25), Buritis (25), Jóquei Clube (24), Paraviana (23), Centenário (23), Cauamé (23), Caimbé (22), Nova Cidade (22), Cinturão Verde (22), Tancredo Neves (21), Doutor Airton Rocha (20), Pricumã (20), Raiar do Sol (20), Dr. Silvio Botelho (19), Mecejana (19), Jardim Primavera (18), Liberdade (18), São Vicente (17), Aparecida (17), Santa Luzia (17), Cambará (17), Jardim Floresta (16), Treze de Setembro (16), Bela Vista (16), Jardim Tropical (15), Caçari (15), União (13), dos Estados (13), Professora Araceli Souto Maior (12), Centro (12), Jardim Caranã (11), Operário (11), São Francisco (11), Aeroporto (10), João de Barro (10), Pedra Pintada (9), Nova Canaã (8), Calunga (7), Murilo Teixeira Cidade (6), Laura Moreira (5), Trinta e um de Março (5), Olímpico (4), Said Salomão (4), Piscicultura (3), Canarinho (2), Governador Aquilino Mota Duarte (2), Assentamento Residencial Monte Cristo (2), São Pedro (2), 5 de Outubro (2) e Monte das Oliveiras (2). No interior as amostras foram por município: Alto Alegre (40), Amajari (26), Boa Vista (1022), Bonfim (29), Cantá (43), Caracaraí (48), Caroebe (25), Iracema (22), Mucajaí (43), Normandia (25), Pacaraima (37), Rorainópolis (78), São João da Baliza (22), São Luiz (18) e Uiramutã (22)."
"28/09/2026";"05:46:54";2026;81;"Eleições Gerais 2026";"RR";"RR";"RORAIMA";"RR004422026";"2026-09-06 20:00:44";"S";"00654576000172";"INSTITUTO VERITA LTDA";"VERITA";"Governador, Senador";"2026-09-07 00:00:00";"2026-09-12 00:00:00";"2026-09-12 00:00:00";1030;"10699";"Guilherme Alvarenga Laia";"79310,00";"Estudo quantitativo voltado às Eleições 2026, realizado por meio de entrevistas individuais, aplicadas mediante questionário eletrônico estruturado e Unidade Automatizada de Respostas Audíveis e Auditáveis, por meio de ligações para telefones móveis (celulares). A inteligência artificial é empregada exclusivamente para a transcrição automatizada das respostas em áudio, não interferindo na formulação das perguntas, na condução das entrevistas, na coleta das informações, na interpretação das respostas ou no tratamento estatístico dos dados.

A participação dos eleitores é voluntária, espontânea e não remunerada. As respostas são prestadas por autodeclaração, sendo, em sua maioria, registradas por meio de códigos numéricos correspondentes às alternativas previamente definidas no questionário.

A utilização de sistema eletrônico automatizado para a coleta e o registro das respostas proporciona elevado nível de padronização operacional, reduz a possibilidade de interferência humana durante a realização das entrevistas, amplia a rastreabilidade e a auditabilidade de todo o processo de coleta e contribui para maior precisão, consistência e confiabilidade dos dados obtidos.

O plano amostral foi elaborado para assegurar a representatividade estatística do eleitorado da respectiva Unidade da Federação, observando critérios técnicos de seleção, distribuição e ponderação da amostra, quando aplicáveis.";"A pesquisa foi planejada para produzir uma amostra estatisticamente representativa do eleitorado do estado DE RORAIMA, utilizando o método de Probabilidade Proporcional ao Tamanho (PPT), com plano amostral em múltiplos estágios. Na primeira etapa, esta Unidade da Federação é dividida em macrorregiões, de forma a assegurar adequada distribuição territorial da amostra e representação das diferentes características geográficas, demográficas e eleitorais. Na segunda etapa, os municípios de cada estrato são ordenados segundo seu porte populacional e eleitoral e sorteados. Na terceira etapa, os respondentes são selecionados entre os eleitores aptos residentes nos municípios sorteados, observando-se a distribuição proporcional da amostra e as cotas estabelecidas para as variáveis de sexo, faixa etária, grau de instrução e nível econômico. As cotas são estabelecidas para a pesquisa completa, considerando a composição do eleitorado e os parâmetros oficiais de referência, não sendo aplicadas isoladamente a cada município selecionado.

SEXO E FAIXA ETÁRIA - Fonte: Tribunal Superior Eleitoral (TSE), Perfil do Eleitorado, junho de 2026. Feminino de 16 a 34 anos: 21,6%; Masculino de 16 a 34 anos: 20,5%; Feminino de 35 a 54 anos: 19%; Masculino de 35 a 54 anos: 17,7%; Feminino com 55 anos ou mais: 10,4%; Masculino com 55 anos ou mais: 10,8%. Os parâmetros de sexo e idade têm como referência o cadastro eleitoral brasileiro atualizado pelo Tribunal Superior Eleitoral, considerando o universo de eleitores aptos com 16 anos ou mais.

GRAU DE INSTRUÇÃO - Fonte: IBGE - PNAD Contínua Anual 2025. A distribuição é: sem instrução 3,5%; ensino fundamental incompleto ou equivalente 18,4%; ensino fundamental completo ou equivalente 6,6%; ensino médio incompleto ou equivalente 8,1%; ensino médio completo ou equivalente 36,7%; ensino superior incompleto ou equivalente 7,8%; ensino superior completo 18,9%. Para não confundir os respondentes as faixas de escolaridade no questionário foram agrupadas em 3 faixas: até ensino fundamental incompleto e completo, ensino médio incompleto e completo e superior incompleto, completo ou mais. A PNAD Contínua é utilizada como referência por constituir a fonte oficial mais atualizada para a mensuração do nível de instrução da população brasileira, sua utilização também corrige limitações decorrentes da ausência de atualização obrigatória e contínua das informações de escolaridade no cadastro eleitoral do Tribunal Superior Eleitoral.

NÍVEL ECONÔMICO - RENDA FAMILIAR DO DOMICÍLIO - Fonte: IBGE - PNAD Contínua Anual 2025. Considera-se a renda domiciliar total, compreendendo rendimentos provenientes de trabalho formal e informal, aposentadorias, pensões, benefícios sociais e demais fontes de renda existentes no domicílio. observando-se a seguinte distribuição: renda familiar de até 2 salários-mínimos 41,7%; de 2 a 5 salários-mínimos 36,4%, acima de 5 salários-mínimos 21,8%.

PONDERAÇÃO E CALIBRAÇÃO DA AMOSTRA - Prevê-se eventual ponderação das variáveis de sexo, faixa etária, grau de instrução e nível econômico, caso sejam verificadas diferenças relevantes entre a distribuição da amostra efetivamente coletada e os parâmetros populacionais de referência adotados. Inicialmente, o fator de ponderação é igual a 1 (um), podendo ser recalculado sempre que necessário para assegurar a representatividade estatística da amostra.
INTERVALO DE CONFIANÇA E MARGEM DE ERRO - O intervalo de confiança adotado é de 95%, com margem máxima estimada de erro de aproximadamente 3,5 pontos percentuais, para mais ou para menos, sobre os resultados do total da amostra, calculada segundo o modelo de amostragem aleatória simples e a hipótese de máxima variabilidade.";"Após os trabalhos de coleta de dados, os questionários são submetidos a uma fiscalização, conferência e checagem de cerca de 20% (vinte por cento) dos questionários aplicados. Todas as entrevistas são integralmente registradas em áudio, permanecendo auditáveis e rastreáveis, permitindo a verificação da integridade do processo de coleta, preservado o sigilo das informações pessoais dos entrevistados e observadas as disposições da Lei Geral de Proteção de Dados Pessoais (Lei nº 13.709/2018).";"Em observância ao art. 2º, § 7º, da Resolução TSE nº 23.600/2019, com redação dada pela Resolução TSE nº 23.747/2026, a presente pesquisa terá seu registro complementado no Sistema de Registro de Pesquisas Eleitorais a partir da data em que sua divulgação for permitida e até o dia seguinte, com a identificação dos municípios em que foram realizadas as entrevistas, bem como da composição final da amostra quanto a gênero, idade, grau de instrução e nível econômico, na forma exigida pela legislação eleitoral vigente."
"28/09/2026";"05:46:54";2026;81;"Eleições Gerais 2026";"RR";"RR";"RORAIMA";"RR039182026";"2026-06-01 23:18:29";"S";"00654576000172";"INSTITUTO VERITA LTDA";"VERITA";"Governador, Senador";"2026-06-02 00:00:00";"2026-06-06 00:00:00";"2026-06-07 00:00:00";1030;"10699";"GUILHERME ALVARENGA LAIA";"79310,00";"Pesquisa quantitativa, que consiste na realização de entrevistas, com a aplicação de questionário estruturado junto a uma amostra representativa do eleitorado desta Unidade da Federação.";"ESTUDO REPRESENTATIVO DO ELEITORADO DO ESTADO DE RORAIMA - MÉTODO PPT (Probabilidade Proporcional ao Tamanho) - PLANO AMOSTRAL E PONDERAÇÃO QUANTO A SEXO, IDADE, GRAU DE INSTRUÇÃO E NÍVEL ECONÔMICO DO ENTREVISTADO; INTERVALO DE CONFIANÇA E MARGEM DE ERRO: Representativo do eleitorado da área em estudo, elaborada, em vários estágios, da seguinte forma: - 1. Divisão da UF em estratos proporcionais de municípios. 2. Ordenação dos municípios de cada estrato segundo o porte. 3. Sorteio dos municípios de cada estrato. 4. Os respondentes são selecionados através de quotas amostrais proporcionais em função de variáveis significativas, a saber: GÊNERO / FAIXA ETÁRIA - FEMININO E MASCULINO 16 A 34 ANOS 21,1% E 19,9%, 35 A 54 ANOS 19,5% E 18%, 55 ANOS OU MAIS 10,6% E 11%. GRAU DE INSTRUÇÃO ¿ FEMININO E MASCULINO Sem instrução até Ensino Médio completo 55,7%, Ensino superior incompleto e completo 44,3% NÍVEL ECONÔMICO - FEMININO população não economicamente ativa 46,5% população economicamente ativa 53,5% MASCULINO população não economicamente ativa 27,2% população economicamente ativa 72,8%. RENDA FAMILIAR DO DOMICÍLIO renda familiar de até 2 salários-mínimos 30,7%; de 2 a 5 salários-mínimos 44,2%, acima de 5 salários-mínimos 25,1%. Está prevista eventual ponderação para correção das variáveis, com base nos percentuais anteriormente mencionados, caso ocorram diferenças superiores a margem de erro da pesquisa previsto entre a amostra e a coleta de dados realizada. O fator previsto para ponderação é 1 (resultados obtidos na coleta de dados). O intervalo de confiança estimado é de 95% e a margem de erro máxima estimada considerando um modelo de amostragem aleatório simples, é de 3,5 pontos percentuais para mais ou para menos sobre os resultados encontrados no total da amostra. FONTE DOS DADOS: IBGE/Censo 2022 para fins de densidade demográfica, setores censitários e alocação da amostra. IBGE/PNAD/PNADC/MEC/INEP para fins de Nível Econômico e Escolaridade. TSE FEVEREIRO/2026 para fins de Sexo, Faixa Etária e eleitorado por município ou regiões previamente definidas (importante ressaltar para o público leigo que os dados do TSE são os únicos corretos para gênero, idade dos eleitores e quantitativo de eleitores por municípios já que a base de dados se atualiza automaticamente, PORÉM, dados de escolaridade e nível econômico NÃO são corretos e confiáveis devido a desatualização que ocorre naturalmente com o passar dos anos). Definição de margem de erro e intervalo de confiança: Margem de erro e intervalo de confiança não são grandezas diretamente proporcionais. A SOMA NÃO TEM QUE RESULTAR 100%. ";"Após os trabalhos de coleta de dados, os questionários são submetidos a uma fiscalização, conferência e checagem de cerca de 20% (vinte por cento) dos questionários aplicados.";"A relação dos municípios sorteados ou selecionados para esta pesquisa será apresentada em arquivo anexo até 1 (um) dia após a divulgação desta pesquisa conforme §7º. do art. 2º. da Resolução-TSE nº. 23.600/2019. A área de abrangência desta pesquisa é o Estado DE RORAIMA"
"28/09/2026";"05:46:54";2026;81;"Eleições Gerais 2026";"RR";"RR";"RORAIMA";"RR072802026";"2026-09-04 20:54:46";"S";"19259002000128";"ATLASINTEL TECNOLOGIA DE DADOS LTDA";"ATLASINTEL";"Governador, Senador";"2026-09-04 00:00:00";"2026-09-09 00:00:00";"2026-09-10 00:00:00";1200;"11220";"ANDREI CAMILO DOS SANTOS";"65000,00";"Pesquisa quantitativa com coleta aleatória via questionário estruturado web e pós-estratificação da amostra de acordo com as características do eleitorado de Roraima.";"Amostra aleatória pós-estratificada via algoritmo iterativo com quotas proporcionais, representando características do eleitorado de Roraima: SEXO: Masculino: 49.1%; Feminino: 50.9%. FAIXA ETÁRIA: Entre 16 a 24 anos: 18.5%; Entre 25 a 34 anos: 23.0%; Entre 35 a 44 anos: 20.4%; Entre 45 a 59 anos: 22.5%; 60 ou mais: 15.6%. ESCOLARIDADE: Ensino Fundamental completo ou incompleto e eleitores sem educação formal: 24.7%; Ensino Médio completo ou incompleto: 45.7%; Ensino Superior completo ou incompleto: 29.6%. NÍVEL ECONÔMICO: Renda familiar mensal até R$2000: 21.2%; Mais de R$2.000 a R$3.000: 10.2%; Mais de R$3.000 a R$5.000: 25.5%; Mais de R$5.000 a R$10.000: 25.6%; Mais de R$10.000: 17.4%. OBS.: devido ao arredondamento, a soma dos percentuais pode variar de 99% a 101%. Na agregação final, para cada variável de ponderação, serão admissíveis desvios de até 3.0 pontos percentuais em relação às quotas estipuladas. Confiança estimada: 95%, margem de erro: +/- 3.0 pontos percentuais. FONTE DOS DADOS: PNADc 2025/2026 para nível econômico e escolaridade | TSE 2026 para sexo e faixa etária.";"Coleta feita com a utilização de questionário eletrônico com procedimentos específicos para o armazenamento seguro dos dados. São checados manualmente no mínimo 15% dos questionários para detectar possíveis anomalias. Pesquisadores especializados realizam internamente uma verificação exaustiva da consistência dos dados antes da divulgação dos resultados finais.";"#NULO#"
"28/09/2026";"05:46:54";2026;81;"Eleições Gerais 2026";"RR";"RR";"RORAIMA";"RR049012026";"2026-09-26 18:30:05";"S";"38346323000104";"IGOR OLAVO RAMOS TAVARES";"EFICAZ PESQUISAS & TECNOLOGIA";"Governador, Senador";"2026-09-27 00:00:00";"2026-10-01 00:00:00";"2026-10-02 00:00:00";1300;"8940";"Erico Jander da Silva Lopes";"30000,00";"A metodologia empregada pela EFICAZ PESQUISAS & TECNOLOGIA caracteriza-se como pesquisa quantitativa, realizada por meio de questionário digital estruturado aplicado em entrevistas presenciais (face-a-face). A amostragem utilizada é probabilística simples, distribuída proporcional ao tamanho (PPT) com aplicação das entrevistas em pontos de fluxo populacional, considerando como população alvo os eleitores de Roraima, obedecendo ao regime de quotas (base TSE de 2024/Censo 2022/) por densidade eleitoral das regiões, sexo, idade, grau de instrução e nível econômico e com o número de entrevistas proporcionais ao número de eleitores do município. Esta metodologia assegura a representatividade de todos os segmentos sociais da população em qualquer Estado, sendo incluídas na amostra as zonas geográficas descritas no questionário.";"A metodologia considera uma Amostragem Aleatória Simples entre os eleitores dos municípios selecionados do Estado de Roraima, com 16 anos ou mais, considerando uma amostragem estratificada proporcional por município. Serão realizadas 1.300 entrevistas, sendo 825 entrevistas no município de Boa Vista (Capital) e 475 entrevistas nos municípios do Interior, o que proporciona uma margem de erro de aproximadamente 3% para um intervalo de confiança de 95%. Obedecendo à RESOLUÇÃO Nº 23.600/2019, art. 2º, caput, IV, foram feitas as ponderações em relação a sexo, idade, grau de instrução e nível econômico, conforme percentuais TSE/JUNHO/2022: SEXO: Masculino (48%), Feminino (52%); FAIXA ETÁRIA: De 16 a 24 anos (18%); De 25 a 34 anos (24%); De 35 a 44 anos (22%); De 45 a 59 anos (22%); Mais de 60 anos (14%); TSE (Portal de Dados Abertos) 2024, GRAU DE INSTRUÇÃO: Analfabeto/fundamental completo ou incompleto (21%), Ensino médio completo/incompleto (56%), Superior completo/incompleto (23%); FAIXA DE RENDA: Até 2 Salários (43%); De 2 até 5 Salários (33%); Mais de 5 Salários (24%). A distribuição da amostra considera a proporcionalidade do eleitorado dos municípios selecionados, sendo Rorainópolis (108 entrevistas); Caracaraí (75 entrevistas); Cantá (71 entrevistas); Mucajaí (66 entrevistas); Alto Alegre (58 entrevistas); Bonfim (54 entrevistas); Pacaraima (43 entrevistas), totalizando 475 entrevistas no Interior. No município de Boa Vista, serão realizadas 825 entrevistas, distribuídas proporcionalmente entre as zonas e bairros considerados na composição da amostra.
Fonte: TSE ¿ Tribunal Superior Eleitoral ¿ julho/2024; IBGE ¿ Censo 2022; IBGE ¿ PNADc 2023; IBGE ¿ PNADc trimestral 2-2024.";"O sistema de controle interno é feito através de observação contínua dos dados, considerando o sistema de coleta online, bem como o sistema de geolocalização dos entrevistados, observando de forma aleatória 20% dos questionários coletados que são checados pelos coordenadores. Esta verificação é feita por meio de cruzamento de informações processadas diariamente, permitindo observar possíveis inconsistências nos resultados, o que o pode ser constatado por meio de uma segunda checagem telefônica e por meio do áudio da entrevista.";"ZONA CENTRO: Centro (9); ZONA LESTE: Caçari (12); ZONA NORTE: Paraviana (17); Nossa Senhora Aparecida (13); Dos Estados (10); Aeroporto (10); São Francisco (8); ZONA SUL: 13 de Setembro (24); São Vicente (15); Calunga (6); ZONA OESTE: Senador Hélio Campos (55); Cidade Satélite (53); Equatorial (28); Caranã (26); São Bento (24); Asa Branca (23); Pintolândia (23); Alvorada (23); Doutor Sílvio Leite (21); Santa Tereza (19); Nova Cidade (19); Buritis (19); Jóquei Clube (18); Doutor Airton Rocha (18); Cauamé (18); Centenário (18); Caimbé (17); Operário (17); Cinturão Verde (17); Raiar do Sol (17); Tancredo Neves (16); Doutor Sílvio Botelho (16); Professora Araceli Souto Maior (15); Pricumã (15); Laura Moreira (15); Jardim Primavera (14); Mecejana (14); Santa Luzia (14); Liberdade (14); Cambará (13); Bela Vista (13); Jardim Tropical (13); Jardim Floresta (12); União (11); Jardim Caranã (9); João de Barro (8); Murilo Teixeira (8); Pedra Pintada (8). INTERIOR: Rorainópolis (108); Caracaraí (75); Cantá (71); Mucajaí (66); Alto Alegre (58); Bonfim (54); Pacaraima (43), totalizando 475 entrevistas no Interior."
"28/09/2026";"05:46:54";2026;81;"Eleições Gerais 2026";"RR";"RR";"RORAIMA";"RR024312026";"2026-09-25 16:43:22";"S";"15625058000106";"INSTITUTO DE PESQUISA INOPE EXCELENCIA LTDA";"INST. DO NORTE DE OPINIAO PUBLICA E ESTATISTICA - INOPE";"Governador, Senador, Deputado Federal, Deputado Estadual";"2026-10-04 00:00:00";"2026-10-04 00:00:00";"2026-10-01 00:00:00";2000;"C8717";"Alan Ioshikazu Ofuji";"30000,00";"Essa pesquisa de boca de urna possui nível de confiança de 95% e margem de erro de 2,19% para mais ou para menos. O universo da pesquisa são os eleitores aptos, com 16 anos ou mais, que comparecerem para votar no dia da eleição em 14 dos 15 municípios do estado de Roraima, e a pesquisa refere-se aos cargos de governador, senador, deputado estadual e deputado federal. O município de Uiramutã não integra o universo pesquisado: trata-se do menor colégio eleitoral do estado (9.121 eleitores aptos, cerca de 2,3% do eleitorado estadual, segundo as estatísticas do eleitorado do TSE com carga de 1º de setembro de 2026), de acesso predominantemente aéreo ou por estradas não pavimentadas, sem rota terrestre compatível com deslocamento e cobertura em um único dia de votação. Como a coleta de boca de urna exige equipes posicionadas nos locais de votação desde a abertura até o encerramento, no mesmo dia, em todos os municípios pesquisados, a inclusão de Uiramutã demandaria deslocamento aéreo dedicado e pernoite prévio de equipe para cobrir um colégio eleitoral de peso marginal no resultado agregado estadual, o que é desproporcional ao ganho metodológico; os resultados divulgados não devem ser extrapolados ao eleitorado do referido município. Método quantitativo, com coleta realizada nos locais de votação, por meio de abordagem sistemática dos eleitores imediatamente após a votação. Amostra bi etápica, onde em um 1º estágio é feita a seleção dos locais de votação por amostragem estratificada, com alocação proporcional ao colégio eleitoral de cada um dos 14 municípios pesquisados, e em um 2º estágio é feita a seleção sistemática dos eleitores abordados na saída do local de votação, a intervalos fixos, com distribuição das abordagens ao longo de todo o horário de funcionamento das urnas, de modo a reduzir o viés de horário. A ponderação por sexo, idade, grau de instrução, renda e município é aplicada após a coleta, na elaboração dos resultados divulgados. A margem de erro foi calculada para a situação de proporção máxima, com p igual a 0,5, segundo a expressão 1,96 x (0,25/n) elevado a 0,5, para n igual a 2.000. Em conformidade com o art. 12 da Resolução TSE nº 23.600/2019, a divulgação de levantamento de intenção de voto realizado no dia da eleição somente poderá ocorrer a partir das 17h (horário de Brasília).";"Amostragem: Amostra estratificada, com seleção sistemática dos eleitores nos locais de votação (boca de urna).
Universo: Eleitores aptos, com 16 anos ou mais, residentes em 14 dos 15 municípios do estado de Roraima (exclui Uiramutã), totalizando 392.369 eleitores, segundo as estatísticas do eleitorado do TSE com carga de 1º de setembro de 2026.
Nível de Confiança: 95%
Margem de Erro: 2,19%
Tamanho da amostra: 2.000 entrevistados

As variáveis município, sexo, faixa etária e grau de instrução serão ponderadas conforme os percentuais do universo, segundo os dados disponibilizados pelo TSE por meio das estatísticas do eleitorado, com carga de 1º de setembro de 2026, conforme apresentado a seguir: MASCULINO (49,00%), FEMININO (51,00%), 16 A 24 ANOS (18,18%), 25 A 44 ANOS (43,45%), 45 A 59 ANOS (22,70%), 60 ANOS OU MAIS (15,67%), ANALFABETO ATÉ O ENSINO FUNDAMENTAL COMPLETO (29,13%), ENSINO MÉDIO INCOMPLETO/COMPLETO (52,36%), ENSINO SUPERIOR INCOMPLETO/COMPLETO (18,51%).
A variável renda familiar será ponderada conforme dados disponibilizados pelo IBGE, com base nos microdados da Pesquisa Nacional por Amostra de Domicílios Contínua (PNAD Contínua) de 2025, primeira visita, referentes ao rendimento domiciliar mensal das pessoas de 16 anos ou mais residentes em Roraima, com estimativas independentes para Boa Vista e para os demais municípios pesquisados, compostas segundo a participação de cada área no eleitorado do universo desta pesquisa (exclui Uiramutã), conforme apresentado a seguir:
ATÉ 1 SALÁRIO-MÍNIMO (SM) (11,8%), MAIS DE 1 A 2 SM (24,9%), MAIS DE 2 A 5 SM (40,9%), MAIS DE 5 SM (22,5%).";"Toda a equipe de pesquisadores possui prévio treinamento para a aplicação dos questionários e atua sob supervisão de campo distribuída entre os pontos de coleta ao longo de todo o dia de votação, para possíveis orientações que se fizerem necessárias. Haverá uma checagem de 20% dos questionários após a coleta dos dados, com conferência de geolocalização por coordenadas GPS de cada entrevista, confirmando a presença do entrevistador no local de votação designado. A documentação de campo, incluindo os questionários aplicados e os registros de checagem, será mantida sob guarda e permanecerá auditável.";"ALTO ALEGRE (3,42%), AMAJARI (1,95%), BOA VISTA (61,46%), BONFIM (3,15%), CANTÁ (4,50%), CARACARAÍ (3,90%), CAROEBE (1,95%), IRACEMA (1,94%), MUCAJAÍ (3,68%), NORMANDIA (2,47%), PACARAIMA (2,49%), RORAINÓPOLIS (6,07%), SÃO JOÃO DA BALIZA (1,46%), SÃO LUIZ (1,55%)."
"28/09/2026";"05:46:54";2026;81;"Eleições Gerais 2026";"RR";"RR";"RORAIMA";"RR083232026";"2026-08-24 23:06:30";"N";"11028953000184";"CENSUS INSTITUTO DE PESQUISA ESTATISTICA E TECNOLOGIA LTDA";"CIPET";"Governador, Senador, Deputado Federal, Deputado Estadual";"2026-08-24 00:00:00";"2026-08-30 00:00:00";"2026-08-30 00:00:00";1500;"8332";"EZIO LACERDA LOPES";"30000,00";"Pesquisa quantitativa de opinião pública, de abrangência estadual, realizada por meio de questionário estruturado e entrevistas presenciais em pontos de fluxo previamente definidos. A população de referência compreende residentes em Roraima com 16 anos ou mais, observados, para intenção de voto, os critérios eleitorais aplicáveis às Eleições 2026. A amostra contempla capital e interior, com distribuição proporcional aos parâmetros populacionais utilizados no plano amostral. A inferência estatística é destinada exclusivamente ao conjunto do estado, não sendo apropriada para estimativas individualizadas por município, bairro ou localidade. A coleta em pontos de fluxo é acompanhada por controles sociodemográficos e territoriais e, após a coleta, por calibração dos pesos amostrais, não sendo esta, isoladamente, considerada mecanismo de transformação da seleção em pontos de fluxo em amostragem probabilística.";"A amostra planejada é de 1.500 entrevistas, distribuídas territorialmente entre a capital e o interior do estado e controladas segundo os parâmetros populacionais de referência utilizados na elaboração do plano amostral. A composição da amostra será acompanhada durante a coleta e, após o encerramento do trabalho de campo, os dados serão submetidos a procedimento de calibração dos pesos amostrais pelo método Rake (Iterative Proportional Fitting ¿ IPF). A calibração terá por finalidade fazer com que as distribuições marginais ponderadas da amostra final reproduzam os parâmetros de referência. Serão consideradas, conjuntamente, as seguintes dimensões de controle: SEXO: 50,95% Feminino e 49,05% Masculino; IDADE: 16-24 anos (18,46%), 25-34 anos (23,05%), 35-44 anos (20,41%), 45-59 anos (22,53%) e 60 ou mais anos (15,55%); ESCOLARIDADE:  Até Fundamental Incompleto (24,64%), Fundamental Completo até Médio Incompleto (27,37%), Médio Completo até Superior Incompleto (37,28%) e Superior Completo (10,71%). Esses parâmetros foram estabelecidos tendo como referência à base oficial disponível do Tribunal Superior Eleitoral ¿ TSE de julho de 2026.   Para a variável de nível econômico, serão utilizados dados da Pesquisa Nacional por Amostra de Domicílios Contínua (PNAD Contínua), do Instituto Brasileiro de Geografia e Estatística (IBGE), referentes ao 2º trimestre de 2026. Como variável auxiliar de calibração relacionada à condição de atividade econômica, será utilizada a distribuição da População Economicamente Ativa - PEA: (64,09%) e População Não Economicamente Ativa ¿ PNEA: (35,91%). A distribuição territorial da amostra considera como estratos de controle: Capital: (68,11%) e Interior: (31,89%). A distribuição territorial foi estabelecida com base em dados públicos do Instituto Brasileiro de Geografia e Estatística ¿ IBGE, tendo como referência o Censo Demográfico 2022 e os dados de população residente, inclusive informações por idade e setor censitário. O nível de confiança adotado é de 95% que para o total da amostra de 1.500 entrevistas, a margem de erro teórica máxima é de aproximadamente 2,5 pontos percentuais, sob a aproximação de amostragem aleatória simples e para uma proporção de 50%. Essa margem de erro constitui referência teórica para o total da amostra e não incorpora integralmente eventuais efeitos decorrentes do processo de seleção em pontos de fluxo, da estratificação, da calibração dos pesos e de outras características do desenho amostral. Consequentemente, a precisão efetiva das estimativas poderá diferir da margem teórica de aproximadamente 2,5 pontos percentuais em razão do efeito de desenho e da ponderação aplicada aos dados. As estimativas produzidas destinam-se ao conjunto do estado de Roraima e não são apropriadas para inferências estatísticas individualizadas por município, bairro ou localidade em razão do número de entrevistas alocado em cada unidade territorial.";"As entrevistas são realizadas por entrevistadores devidamente treinados e supervisionados, seguindo protocolos padronizados de abordagem, incluindo monitoramento contínuo da coleta, supervisão em tempo real, auditoria de aproximadamente 10% dos questionários mediante escuta e/ou contato telefônico, além de procedimentos de verificação de consistência e integridade das bases de dados.";"A amostra estadual de 1.500 entrevistas será distribuída da seguinte forma: No interior serão 478 entrevistas, distribuídas utilizando como unidade territorial de controle a distribuição proporcional por município de Alto Alegre (40), Amajari (26), Bonfim (29), Cantá (43), Caracaraí (48), Caroebe (25), Iracema (22), Mucajaí (43), Normandia (25), Pacaraima (37), Rorainópolis (78), São João da Baliza (22), São Luiz (18) e Uiramutã (22). Na capital, correspondente ao município de Boa Vista, serão realizadas 1.022 entrevistas, distribuídas proporcionalmente entre os bairros e localidades. A distribuição territorial terá como referência a população por setor censitário e faixa etária, permitindo uma representação proporcional da população. Posteriormente, os resultados serão agregados de acordo com as respectivas áreas e bairros de coleta. Senador Hélio Campos (91), Cidade Satélite (45), Caranã (34), Jardim Equatorial (33), São Bento (31), Asa Branca (30), Alvorada (28), Dr. Silvio Leite (27), Pintolândia (27), Santa Tereza (25), Buritis (25), Jóquei Clube (24), Paraviana (23), Centenário (23), Cauamé (23), Caimbé (22), Nova Cidade (22), Cinturão Verde (22), Tancredo Neves (21), Doutor Airton Rocha (20), Pricumã (20), Raiar do Sol (20), Dr. Silvio Botelho (19), Mecejana (19), Jardim Primavera (18), Liberdade (18), São Vicente (17), Aparecida (17), Santa Luzia (17), Cambará (17), Jardim Floresta (16), Treze de Setembro (16), Bela Vista (16), Jardim Tropical (15), Caçari (15), União (13), dos Estados (13), Professora Araceli Souto Maior (12), Centro (12), Jardim Caranã (11), Operário (11), São Francisco (11), Aeroporto (10), João de Barro (10), Pedra Pintada (9), Nova Canaã (8), Calunga (7), Murilo Teixeira Cidade (6), Laura Moreira (5), Trinta e um de Março (5), Olímpico (4), Said Salomão (4), Piscicultura (3), Canarinho (2), Governador Aquilino Mota Duarte (2), Assentamento Residencial Monte Cristo (2), São Pedro (2), 5 de Outubro (2) e Monte das Oliveiras (2). No interior as amostras foram por município: Alto Alegre (40), Amajari (26), Boa Vista (1022), Bonfim (29), Cantá (43), Caracaraí (48), Caroebe (25), Iracema (22), Mucajaí (43), Normandia (25), Pacaraima (37), Rorainópolis (78), São João da Baliza (22), São Luiz (18) e Uiramutã (22)."
"28/09/2026";"05:46:54";2026;81;"Eleições Gerais 2026";"RR";"RR";"RORAIMA";"RR047652026";"2026-08-21 10:22:56";"N";"22445600000104";"QUAEST PESQUISAS, CONSULTORIA E PROJETOS LTDA.";"#NULO#";"Governador, Senador";"2026-08-23 00:00:00";"2026-08-26 00:00:00";"2026-08-27 00:00:00";804;"6731";"Margarida Maria de Mendonca";"132861,00";"Pesquisa quantitativa, de survey, que consiste na realização de entrevistas pessoais, domiciliares e presenciais, conduzidas por profissionais treinados, com a aplicação de questionários estruturados a uma amostra representativa da população votante de 16 anos ou mais residente no estado de Roraima. O desenho amostral aplicado combina sorteio probabilístico de municípios e de setores censitários fornecidos pelo IBGE (unidades territoriais homogêneas, de tamanho similar a quadras ou blocos), dentro dos quais serão selecionadas pessoas respondentes por meio de cotas amostrais.";"O público pesquisado é composto por eleitores de 16 anos ou mais residentes na área de abrangência da pesquisa. Para produzir uma amostra representativa desse público-alvo, utilizamos um desenho amostral por conglomerados que prevê três estágios. No primeiro estágio, é feito um sorteio probabilístico de municípios para comporem a amostra por meio do método PPT (Probabilidade Proporcional ao Tamanho) a partir de suas populações votantes acima de 16 anos. Dentro da lista de municípios sorteados, no segundo estágio, é realizado um sorteio probabilístico por meio do método PPT (Probabilidade Proporcional ao Tamanho) de setores censitários a serem visitados pelos entrevistadores, sorteio que tem como base o total de habitantes residentes nos setores de acordo com dados do Censo de 2022, o que garante a dispersão aleatória e estatística da amostra dentro dos territórios municipais, independentemente de divisões administrativas. Finalmente, dentro da lista de setores censitários sorteados, no último estágio são selecionados domicílios e pessoas a serem entrevistadas utilizando-se cotas amostrais para as seguintes variáveis: sexo, idade, renda familiar e escolaridade. O perfil da amostra, definido pelas cotas previstas, é o seguinte:

Sexo: Masculino (49%); Feminino (51%). 
Faixa etária: 16-34 anos (42%); 35-59 anos (43%); 60 ou mais (15%). 
Renda domiciliar total, incluindo pensões, benefícios e rendimentos de trabalhos informais: Até 2 salários-mínimos (32%); Mais de 2 a 5 salários-mínimos (42%); Mais de 5 salários-mínimos (26%). 
Nível de instrução: Até Fundamental completo ou médio incompleto (35%); Médio completo ou superior incompleto (47%); Superior completo ou mais (18%). 

Fonte dos dados: para a distribuição de sexo e idade, TSE-Tribunal Superior Eleitoral - julho/2026; para a malha de setores censitários, Censo 2022 (IBGE); para a distribuição de renda domiciliar, PNADc Anual 2025, 1ª visita (IBGE); e, para a distribuição de escolaridade/instrução, PNADc trimestral 1-2026 (IBGE). A PNADc é utilizada por ser a fonte oficial mais atualizada de rendimentos do país, incluindo rendimentos informais, pensões, entre outros, e corrigindo as defasagens temporais do Censo 2022, além de ser a fonte mais atualizada de nível de instrução da população com 16 anos ou mais dada ausência de atualização obrigatória da escolaridade no registro de eleitores do TSE.

Está prevista eventual pós-estratificação da amostra, por meio de algoritmos de calibração (rake) e modelos (MrP), para correção de estimativas e das distribuições das variáveis sexo, idade, renda familiar e escolaridade, com base nos percentuais anteriormente mencionados, caso ocorram diferenças entre os percentuais previstos na amostra e a coleta de dados realizada. 

Dentro do público-alvo anteriormente descrito, serão realizadas 804 entrevistas. O nível de confiança das estimativas é de 95% e a margem de erro máxima prevista, atendendo às diretivas do TSE e usando o cálculo para amostra aleatória simples (AAS) como aproximação, é de cerca de 3 pontos percentuais para mais ou para menos em relação aos totais da amostra.
";"As entrevistas serão realizadas por uma equipe de entrevistadores devidamente qualificada, com experiência e treinamento em pesquisa de opinião pública. Todo trabalho é feito em tablets ou outros dispositivos eletrônicos. Após a realização da coleta de dados, as entrevistas junto aos respondentes são checadas por meio de procedimentos de consistência e de georreferenciamento dos locais de aplicação em tempo real. Adicionalmente, ao longo e após os trabalhos de campo, é realizada uma fiscalização que consiste na checagem de áudio de uma amostra de 30% dos questionários aplicados para verificação das respostas e da adequação dos entrevistados aos parâmetros amostrais.
";"A área de abrangência da coleta é o território do estado de Roraima. A relação do número de pessoas pesquisadas nas áreas de aplicação da pesquisa, discriminadas por município, bairros e setores censitários a partir dos identificadores utilizados pelo IBGE, além da composição do eleitorado entrevistado na área de abrangência quanto a gênero, idade, grau de instrução e nível econômico, constará em anexo. O mapa com os códigos destes setores censitários e as áreas que delimitam no país todo podem ser conferidos na seguinte fonte oficial: https://censo2022.ibge.gov.br/panorama/mapas.html?localidade=&recorte=setores_censitarios
"
