"DT_GERACAO";"HH_GERACAO";"AA_ELEICAO";"CD_ELEICAO";"NM_ELEICAO";"SG_UF";"SG_UE";"NM_UE";"NR_PROTOCOLO_REGISTRO";"DT_REGISTRO";"ST_PESQUISA_PROPRIA";"NR_CNPJ_EMPRESA";"NM_EMPRESA";"NM_EMPRESA_FANTASIA";"DS_CARGO";"DT_INICIO_PESQUISA";"DT_FIM_PESQUISA";"DT_DIVULGACAO";"QT_ENTREVISTADO";"CD_CONRE";"NM_ESTATISTICO_RESP";"VR_PESQUISA";"DS_METODOLOGIA_PESQUISA";"DS_PLANO_AMOSTRAL";"DS_SISTEMA_CONTROLE";"DS_DADO_MUNICIPIO"
"28/09/2026";"05:46:54";2026;81;"Eleições Gerais 2026";"MA";"MA";"MARANHÃO";"MA061782026";"2026-05-27 00:28:31";"N";"55536013000171";"M R BORGES PROMOCOES";"VOX BRASIL PUBLICIDADE MARKETING";"Governador, Senador, Deputado Federal, Deputado Estadual";"2026-05-26 00:00:00";"2026-05-29 00:00:00";"2026-06-02 00:00:00";400;"10394";"FILIPE MOREIRA MARTINE";"3500,00";"Metodologia de pesquisa:
Pesquisa quantitativa com coleta aleatória via questionário estruturado e pós-estratificação da
amostra de acordo com as características do eleitorado no município de BREJO no Estado do
Maranhão com 400 entrevistas.";"Plano amostral e ponderação quanto a sexo, idade, grau de instrução e nível econômico
do entrevistado; intervalo de confiança e margem de erro:
Amostra aleatória pós-estratificada com quotas proporcionais, representando características do
eleitorado de Maranhão: SEXO: Masculino: 48.3%; Feminino: 51.7%. FAIXA ETÁRIA: Entre 16 a
24 anos: 19.7%; Entre 25 a 34 anos: 18.8%; Entre 35 a 44 anos: 20.3%; Entre 45 a 59 anos:
21.0%; 60 ou mais: 20.2%. ESCOLARIDADE: Ensino Fundamental completo ou incompleto e
eleitores sem educação formal: 53.0%; Ensino Médio completo ou incompleto: 41.3%; Ensino
Superior completo ou incompleto: 5.7%. NÍVEL ECONÔMICO: Renda individual mensal até 1
Salário Mínimo (Até R$ 1.612,00): 79.2%; Mais de 1 SM até 2 Salários Mínimos (Entre R$
1.612,01 até R$ 3.224,00): 12.9%; Acima de 2 SM (Acima de R$ 3.224,00) 7.9%. OBS.: devido
ao arredondamento, a soma dos percentuais pode variar de 99% a 101%. Para cada variável de
ponderação, serão admissíveis desvios de até 4.8 pontos percentuais em relação às quotas
estipuladas. Confiança estimada: 95%, margem de erro: +/- 4.8 pontos percentuais. FONTE
DOS DADOS: Sexo, Idade e Escolaridade via TSE 2026 e CENSO IBGE 2022 para nível
econômico.";"Sistema interno de controle e verificação, conferência e fiscalização da coleta de dados e
do trabalho de campo:
Coleta feita com a utilização de questionário com procedimentos específicos e armazenamento
dos dados. São checados manualmente no mínimo até o limite de 20% dos questionários para
detecção de possíveis desvios de informação. Nossos Coordenadores especialistas realizam
internamente uma verificação da consistência dos dados antes da divulgação dos resultados
finais.
";"Dados relativos aos municípios e bairros abrangidos pela pesquisa. Na ausência de
delimitação do bairro, será identificada a área em que foi realizada a pesquisa (conforme §7º. do
art. 2º. da Resolução-TSE nº. 23.600/2019, A partir do dia em que a pesquisa for divulgada e até
o dia seguinte, o registro deverá ser complementado, sob pena de ser a pesquisa considerada
não registrada; na ausência de delimitação do bairro, será identificada a área em que foi
realizada):"
"28/09/2026";"05:46:54";2026;81;"Eleições Gerais 2026";"MA";"MA";"MARANHÃO";"MA098462026";"2026-05-08 19:42:24";"S";"19259002000128";"ATLASINTEL TECNOLOGIA DE DADOS LTDA";"ATLASINTEL";"Governador, Senador";"2026-05-08 00:00:00";"2026-05-13 00:00:00";"2026-05-14 00:00:00";1200;"11220";"ANDREI CAMILO DOS SANTOS";"75000,00";"Pesquisa quantitativa com coleta aleatória via questionário estruturado web e pós-estratificação da amostra de acordo com as características do eleitorado de Maranhão.

";"Amostra aleatória pós-estratificada via algoritmo iterativo com quotas proporcionais, representando características do eleitorado de Maranhão: SEXO: Masculino: 48.0%; Feminino: 52.0%. FAIXA ETÁRIA: Entre 16 a 24 anos: 17.1%; Entre 25 a 34 anos: 20.8%; Entre 35 a 44 anos: 20.6%; Entre 45 a 59 anos: 22.9%; 60 ou mais: 18.6%. ESCOLARIDADE: Ensino Fundamental completo ou incompleto e eleitores sem educação formal: 41.3%; Ensino Médio completo ou incompleto: 42.1%; Ensino Superior completo ou incompleto: 16.6%. NÍVEL ECONÔMICO: Renda familiar mensal até R$2000: 38.0%; Mais de R$2.000 a R$3.000: 23.4%; Mais de R$3.000 a R$5.000: 21.6%; Mais de R$5.000 a R$10.000: 12.1%; Mais de R$10.000: 4.9%. OBS.: devido ao arredondamento, a soma dos percentuais pode variar de 99% a 101%. Na agregação final, para cada variável de ponderação, serão admissíveis desvios de até 3.0 pontos percentuais em relação às quotas estipuladas. Confiança estimada: 95%, margem de erro: +/- 3.0 pontos percentuais. FONTE DOS DADOS: PNADC 2024 para escolaridade e nível econômico | TSE 2026 para sexo e faixa etária.

";"Coleta feita com a utilização de questionário eletrônico com procedimentos específicos para o armazenamento seguro dos dados. São checados manualmente no mínimo 15% dos questionários para detectar possíveis anomalias. Pesquisadores especializados realizam internamente uma verificação exaustiva da consistência dos dados antes da divulgação dos resultados finais.";"#NULO#"
"28/09/2026";"05:46:54";2026;81;"Eleições Gerais 2026";"MA";"MA";"MARANHÃO";"MA025612026";"2026-01-20 15:48:36";"N";"10320449000190";"M D C LEMOS LTDA";"INOP PREVISAO PESQUISAS SERVICOS E PUBLICIDADES";"Governador, Senador";"2026-01-18 00:00:00";"2026-01-28 00:00:00";"2026-01-26 00:00:00";2502;"8747 5ª REGIÃO ";"VITOR EMMANUEL BOUÇAS DA SILVA";"38000,00";"A pesquisa é realizada em âmbito estadual, abrangendo eleitores residentes nas zonas urbana e rural dos municípios do Estado do Maranhão, por meio de entrevistas presenciais, conduzidas tanto em domicílios quanto em pontos de fluxo populacional (tais como vias públicas, áreas comerciais, terminais de transporte, praças e locais de grande circulação), relacionando-as aos bairros ou povoados de moradia, mediante aplicação de questionário estruturado com perguntas abertas e fechadas.
As entrevistas são realizadas por equipe de entrevistadores previamente treinada e identificada, observando-se critérios de elegibilidade do respondente, quais sejam: ter 16 anos ou mais, residir no Estado do Maranhão e possuir título eleitoral válido, estando, portanto, apto a votar. A condição do entrevistado é verificada no momento da abordagem, não sendo questionada a intenção de comparecimento às urnas, por não constituir critério de elegibilidade para a participação na pesquisa.
";"O desenho amostral adotado é do tipo amostragem por conglomerados em dois estágios, sem aplicação de cotas durante a coleta. No primeiro estágio, os municípios do estado são estratificados por regiões geográficas (Norte, Sul, Leste, Oeste, Central e Grande Ilha), com alocação proporcional ao tamanho do eleitorado, conforme dados mais recentes do Tribunal Superior Eleitoral (TSE). Dentro de cada estrato, são sorteados municípios auto representativos e não auto representativos, estes últimos selecionados com probabilidade proporcional ao tamanho (PPT).
No segundo estágio, dentro dos municípios sorteados, são definidos conglomerados de coleta, compreendendo bairros ou áreas de grande circulação (pontos de fluxo), selecionados de forma aleatória ou sistemática. Nesses conglomerados, os entrevistadores realizam abordagens presenciais de eleitores, tanto em domicílios quanto em pontos de fluxo previamente definidos. A seleção do respondente respeita regras objetivas de abordagem (por exemplo, intervalo fixo de domicílios ou abordagem do próximo transeunte elegível), sem preenchimento de cotas durante o campo. Após a finalização do trabalho de campo, os dados coletados são comparados aos quantitativos populacionais e se necessário submetidos a procedimento de ponderação estatística (pós-estratificação), com o objetivo de ajustar a amostra às distribuições conhecidas do eleitorado estadual segundo sexo, faixa etária, escolaridade, renda familiar e religião do entrevistado, com base nas informações oficiais do Tribunal Superior Eleitoral (TSE-2026) e do Instituto Brasileiro de Geografia e Estatística (IBGE-2022). Esse procedimento visa corrigir eventuais desequilíbrios amostrais decorrentes do uso combinado de entrevistas domiciliares e em pontos de fluxo, assegurando a representatividade dos resultados em relação ao universo pesquisado.


GÊNERO: Masculino (47,99%); Feminino (52,01%);

GÊNERO e FAIXA ETÁRIA: Feminino 16 a 24 anos (18,99%); 25 a 29 anos (12,41%); 30 a 49 anos (40,68%); 50 anos ou mais (27,92%); Masculino 16 a 24 anos (17,42%); 25 a 29 anos (10,60%); 30 a 49 anos (39,39%); 50 anos ou mais (32,60%)
GÊNERO e GRAU DE INSTRUÇÃO: Feminino Até a 4°série do Ensino Fundamental (26,24%); 5° a 8° série do Ensino Fundamental (14,93%); Ensino Médio (47,48%); Ensino Superior (11,35%)
Masculino Até a 4°série do Ensino Fundamental (32,48%); 5° a 8° série do Ensino Fundamental (17,24%); Ensino Médio (43,21%); Ensino Superior (7,07%)


RENDA MENSAL INDIVIDUAL: Até 1 salário 37%; Mais de 1 a 2 salários 27%; Mais de 2 salários 36%. 

RELIGIÃO: Católica (63%), Evangélica (26%), Outras (4%), Sem religião (7%)

O nível de confiança estimado é de 95% e a margem de erro máxima é de 2%. FONTE DOS DADOS: IBGE 2022 | TSE 2026

Número de questionários aplicados, margem de erro e nível de confiança;

Serão realizadas 2502 entrevistas, com a margem de erro máxima de 2% para mais ou menos, e com um nível de confiança de 95%. Logo, afirma-se que, com 95% de certeza, os valores estimados distam no máximo 2 pontos percentuais dos valores reais.
";"O controle da qualidade da coleta de dados é realizado por meio de procedimentos contínuos de supervisão e auditoria interna, aplicados em todas as etapas do trabalho de campo. Todos os questionários passam por conferência técnica obrigatória, destinada à verificação de consistência, completude das respostas e adequação ao plano amostral previamente definido.
Adicionalmente, é realizada verificação independente em, no mínimo, 20% das entrevistas, selecionadas de forma aleatória, por meio de recontato telefônico ou visita de retorno ao domicílio, conforme a natureza da entrevista originalmente realizada. Esse procedimento tem por finalidade confirmar a realização da entrevista, a elegibilidade do respondente e a fidelidade das informações registradas.
Para a execução da pesquisa, é mobilizada uma equipe composta por entrevistadores de campo, supervisores regionais e coordenação geral, todos previamente treinados quanto aos procedimentos metodológicos, éticos e operacionais do levantamento. Os supervisores realizam acompanhamento direto e indireto das equipes, incluindo observação em campo, checagem de rotas e validação diária dos questionários coletados.
A coordenação geral é responsável pela consolidação das informações, pelo monitoramento do cumprimento do plano amostral e pela adoção de medidas corretivas sempre que identificadas inconsistências ou desvios nos procedimentos de coleta.

";"LOCALIDADE TOTAL
Açailândia 68
Água Doce do Maranhão 12
Aldeias Altas 16
Alto Alegre do Pindaré 20
Anapurus 14
Araioses 30
Arame 19
Axixá 14
Bacabal 65
Balsas 60
Barra do Corda 49
Barreirinhas 48
Boa Vista do Gurupi 09
Bom Lugar 14
Buriticupu 38
Cachoeira Grande 12
Campestre do Maranhão 12
Capinzal do Norte 12
Caxias 96
Cidelândia 12
Chapadinha 53
Codó 68
Colinas 30
Coroatá 40
Dom Pedro 20
Fortaleza dos Nogueiras 14
Fortuna 12
Gonçalves Dias 16
Governador Luiz Rocha 12
Grajaú 48
Imperatriz 170
Itapecuru - Mirim 40
Jatobá 13
Lagoa do Mato 14
Lago Verde 14
Magalhães de Almeida 14
Mirador 19
Mirinzal 12
Olho Dágua das Cunhães 14
Paço do Lumiar 76
Paulino Neves 16
Passagem Franca 18
Pedreiras 26
Pinheiro 56
Pio XII 18
Presidente Dutra 34
Presidente Juscelino 14
Rosário 32
Santa Inês 59
Santa Luzia 40
São Domingos do Maranhão 30
São José de Ribamar 101
São Luis 513
Sítio Novo do Maranhão 16
Timon 99
Tutóia 41
Viana 38
Zé Doca 32
MÉDIA GERAL 2502"
"28/09/2026";"05:46:54";2026;81;"Eleições Gerais 2026";"MA";"MA";"MARANHÃO";"MA090472026";"2026-09-25 20:14:47";"N";"49860741000131";"RANKING BRASIL INTELIGENCIA LTDA";"RANKING BRASIL INTELIGENCIA";"Governador, Senador";"2026-09-26 00:00:00";"2026-09-30 00:00:00";"2026-10-01 00:00:00";1000;"11564";"GIOVANA RILLARY DA SILVA ROCHA";"20000,00";"Pesquisa quantitativa, com realização de entrevistas pessoais e aplicação de questionário estruturado junto a uma amostra representativa do eleitorado do estado do Maranhão.";"A amostra será representativa do eleitorado da área de abrangência da pesquisa e será selecionada em três estágios. No primeiro estágio, será realizado o sorteio probabilístico dos municípios onde as entrevistas serão realizadas, por meio do método PPT (Probabilidade Proporcional ao Tamanho), considerando a população eleitora com 16 anos ou mais residente nos municípios como base para essa seleção. No segundo estágio, será realizado o sorteio probabilístico dos setores censitários onde as entrevistas serão realizadas, também por meio do método PPT (Probabilidade Proporcional ao Tamanho), tomando como base a população eleitora de 16 anos ou mais residente nos respectivos setores censitários. No terceiro estágio, a seleção do entrevistado dentro de cada setor censitário será feito por meio de cotas amostrais proporcionais, considerando as seguintes variáveis :

GÊNERO: GÊNERO: Feminino 51,9% ; Masculino 48,1% ;

FAIXA ETÁRIA: 16 a 24 anos 17,08% ; 25 a 34 anos 20,63% ; 35 a 44 anos 20,47% ; 45 a 59 anos 22,97% ; 60 ou mais 18,85% ;

GRAU DE INSTRUÇÃO: ANALFABETO 7,3% ; ENSINO FUNDAMENTAL COMPLETO 5,5% ; ENSINO FUNDAMENTAL INCOMPLETO 20,5% ; ENSINO MÉDIO COMPLETO 26,8% ; ENSINO MÉDIO INCOMPLETO 19,6% ; LÊ E ESCREVE 11,1% ; SUPERIOR COMPLETO 6,1% ; SUPERIOR INCOMPLETO 3,1% ; Fonte tse/ago2026 https://sig.tse.jus.br/ords/dwapr/r/seai/sig-eleitor-eleitorado-mensal/cruzamento-eleitorado-mensal?p0_uf=MA&session=211426802570335;


Nivel econômico do entrevistado: IBGE - Censo 2.010 - (fonte: https://cidades.ibge.gov.br/brasil/ma/pesquisa/23/24304 ): Até 1/2 salário mínimo 13,7% Mais de 1/2 a 1 salário mínimo 21,9% Mais de 1 a 2 salários mínimos 27,2% Mais de 2 a 5 salários mínimos 20,8% Mais de 5 a 10 salários mínimos 5,6% Mais de 10 a 20 salários mínimos 2,0% Mais de 20 salários mínimos 0,8% Sem rendimento 8,0%.
A variável ¿classe de rendimento nominal mensal domiciliar¿ corresponde à classificação dos domicílios segundo a soma dos rendimentos nominais mensais de seus moradores, expressa em faixas de salários mínimos vigentes no período de referência do Censo Demográfico 2010. Trata-se da renda total do domicílio, não dividida pelo número de moradores, não devendo ser confundida com rendimento domiciliar per capita. Para fins de planejamento amostral e ponderação, foram preservadas as categorias e os percentuais originalmente disponibilizados pelo IBGE, sem reagrupamento ou recálculo das faixas.). Conforme informações obtidas do Instituto Brasileiro de Geografia e Estatística - IBGE, o instituto não divulgou e não tem previsão de data para divulgação do perfil econômico (nível econômico) da população brasileira; portanto, os dados quanto ao nível econômico obtidos no Censo 2022 não podem ser utilizados, pois não foram publicados. (https://censo2022.ibge.gov.br/panorama/). Está prevista eventual ponderação para correção das variáveis gênero, faixa etária, grau de instrução e renda domiciliar com base nos percentuais acima apresentados, caso ocorram diferenças superiores a margem de erro definida entre a amostra prevista e a coleta realizada. Para as variáveis escolaridade e renda domiciliar mensal, o fator de ponderação será igual a 1, considerando-se os resultados obtidos em campo. Dentro do público-alvo anteriormente descrito, serão realizadas 1.000 (Um mil) entrevistas. O nível de confiança estimado é de 95% para uma margem de erro estimada, considerando uma técnica de amostragem aleatória simples (AAS), de aproximadamente 3,1 pontos percentuais para mais ou para menos sobre os resultados obtidos.";"Para a realização da pesquisa, utiliza-se uma equipe de entrevistadores credenciados devidamente treinados para esse tipo de trabalho pela empresa Ranking Brasil Inteligência. Após os trabalhos de campo, os questionários são submetidos a uma fiscalização de cerca de 20% (vinte por cento) dos questionários aplicados pelos entrevistadores; para verificação das respostas e da adequação dos entrevistados aos parâmetros amostrais.";"A área de abrangência da coleta é o Estado do Maranhão. A relação das localidades e setores censitários selecionadas para aplicação da amostra será apresentada a partir do dia em que a pesquisa puder ser divulgada e até o dia seguinte, conforme expresso no art. 2º, §7º da Resolução 23.600/2019 no art. 2º; §7º e resolução nº 23.747 do TSE."
"28/09/2026";"05:46:54";2026;81;"Eleições Gerais 2026";"MA";"MA";"MARANHÃO";"MA099102026";"2026-05-20 15:12:13";"N";"10320449000190";"M D C LEMOS LTDA";"INOP PREVISAO PESQUISAS SERVICOS E PUBLICIDADES";"Governador, Senador, Deputado Federal, Deputado Estadual";"2026-05-18 00:00:00";"2026-05-26 00:00:00";"2026-05-26 00:00:00";2667;"8747 5° REGIÃO";"VITOR EMMANUEL BOUÇAS DA SILVA";"45000,00";"A pesquisa é realizada em âmbito estadual, abrangendo eleitores residentes nas zonas urbana e rural
dos municípios do Estado do Maranhão, por meio de entrevistas presenciais, conduzidas tanto em
domicílios quanto em pontos de fluxo populacional (tais como vias públicas, áreas comerciais,
terminais de transporte, praças e locais de grande circulação), relacionando-as aos bairros ou
povoados de moradia, mediante aplicação de questionário estruturado com perguntas abertas e
fechadas. As entrevistas são realizadas por equipe de entrevistadores previamente treinada e
identificada, observando-se critérios de elegibilidade do respondente, quais sejam: ter 16 anos ou
mais, residir no Estado do Maranhão e possuir título eleitoral válido, estando, portanto, apto a votar.";"O desenho amostral adotado é do tipo misto com uso conglomerados em dois estágios e
estratificado. No primeiro estágio, os municípios do estado são estratificados por regiões
geográficas (Norte, Sul, Leste, Oeste, Central e Grande Ilha), com alocação proporcional ao
tamanho do eleitorado, conforme dados mais recentes do Tribunal Superior Eleitoral (TSE). Dentro
de cada estrato, são sorteados municípios auto representativos e não auto representativos, estes
últimos selecionados com probabilidade proporcional ao tamanho (PPT).
No segundo estágio, dentro dos municípios sorteados, são definidos conglomerados de coleta,
compreendendo bairros ou áreas de grande circulação (pontos de fluxo), selecionados de forma
aleatória ou sistemática. Nesses conglomerados, os entrevistadores realizam abordagens presenciais
de eleitores, tanto em domicílios quanto em pontos de fluxo previamente definidos. A seleção do
respondente respeita regras objetivas de abordagem (por exemplo, intervalo fixo de domicílios ou
abordagem do próximo transeunte elegível. Após a finalização do trabalho de campo, os dados
coletados são comparados aos quantitativos populacionais e se necessário submetidos a
procedimento de ponderação estatística (pós-estratificação), com o objetivo de ajustar a amostra às
distribuições conhecidas do eleitorado estadual segundo sexo, faixa etária, escolaridade, renda
familiar e religião do entrevistado, com base nas informações oficiais do Tribunal Superior Eleitoral
(TSE-2026) e do Instituto Brasileiro de Geografia e Estatística (IBGE-2022). Esse procedimento
visa corrigir eventuais desequilíbrios amostrais decorrentes do uso combinado de entrevistas
domiciliares e em pontos de fluxo, assegurando a representatividade dos resultados em relação ao
universo pesquisado.
GÊNERO: Masculino (48,07%); Feminino (51,93%);
GÊNERO e FAIXA ETÁRIA: Feminino 16 a 24 anos (16,29%); 25 a 29 anos (10,86%); 30 a 49
anos (40,10%); 50 anos ou mais (32,74%); Masculino 16 a 24 anos (17,43%); 25 a 29 anos
(10,94%); 30 a 49 anos (39,94%); 50 anos ou mais (31,69%)
GÊNERO e GRAU DE INSTRUÇÃO: Feminino até a 4°série do Ensino Fundamental (35,47%); 5°
a 8° série do Ensino Fundamental (23,56%); Ensino Médio (29,60%); Ensino Superior (11,37%)
Masculino até a 4°série do Ensino Fundamental (43,57%); 5°a 8° série do Ensino Fundamental
(25,29%); Ensino Médio (24,07%); Ensino Superior (7,07%)
RENDA MENSAL: Até 1 salário 64,84%; Mais de 1 a 2 salários 25,77%; Mais de 2 salários
9,39%.
RELIGIÃO: Católica (72,95%), Evangélica (19,36%), Outras (7,19%), Não sabe / Não opinou
(0,50%)
O nível de confiança estimado é de 95% e a margem de erro máxima é de 2,98%. FONTE DOS
DADOS: IBGE 2022 | TSE 2026
Número de questionários aplicados, margem de erro e nível de confiança;
A pesquisa foi realizada com 2667 entrevistas. O tamanho da amostra foi dimensionado para
garantir estimativas com nível de confiança de 95% e erro amostral máximo de aproximadamente
2,98 pontos percentuais, considerando agora a natureza multicategórica da pergunta de intenção de
voto. Assim, para cada percentual estimado individualmente, pode-se afirmar que, com 95% de
confiança, o valor real na população pode diferir do valor observado na amostra em até
aproximadamente 2,98 pontos percentuais. 
";"O controle da qualidade da coleta de dados é realizado por meio de procedimentos contínuos de
supervisão e auditoria interna, aplicados em todas as etapas do trabalho de campo. Todos os
questionários passam por conferência técnica obrigatória, destinada à verificação de consistência,
completude das respostas e adequação ao plano amostral previamente definido.
Adicionalmente, é realizada verificação independente em, no mínimo, 20% das entrevistas,
selecionadas de forma aleatória, por meio de recontato telefônico ou visita de retorno ao domicílio,
conforme a natureza da entrevista originalmente realizada. Esse procedimento tem por finalidade
confirmar a realização da entrevista, a elegibilidade do respondente e a fidelidade das informações
registradas.
Para a execução da pesquisa, é mobilizada uma equipe composta por entrevistadores de campo,
supervisores regionais e coordenação geral, todos previamente treinados quanto aos procedimentos
metodológicos, éticos e operacionais do levantamento. Os supervisores realizam acompanhamento
direto e indireto das equipes, incluindo observação em campo, checagem de rotas e validação diária
dos questionários coletados.
A coordenação geral é responsável pela consolidação das informações, pelo monitoramento do
cumprimento do plano amostral e pela adoção de medidas corretivas sempre que identificadas
inconsistências ou desvios nos procedimentos de coleta. ";"
SOMA DE ENTREVISTADOS POR LOCALIDADE
Maranhão 
Período: 18/05/2026 a 26/05/2026

1.	Açailândia	64
2.	Amarante 	24
3.	Alto Alegre do Pindaré	20
4.	Anapurus	12
5.	Araioses 28
6.	Arame	20
7.	Axixá 12
8.	Bacabeira	14
9.	Bacabal	64
10.	Balsas	68
11.	Barra do Corda	52
12.	Barreirinhas	44
13.	BEQUIMAO 18
14.	SANTA HELENA	20
15.	Bom Lugar	12
16.	Buriticupu	36
17.	Cachoeira Grande	12
18.	Capinzal do Norte	12
19.	Caxias	94
20.	Chapadinha	48
21.	Codó	64
22.	Colinas	30
23.	Coroatá	40
24.	CURURUPU 20
25.	Dom Pedro	20
26.	Fortaleza dos Nogueiras	14
27.	Fortuna	12
28.	Gonçalves Dias	18
29.	Grajaú	48
30.	ICATU  20
31.	Igarapé do Meio 12
32.	Imperatriz	170
33.	Itapecuru-Mirim	38
34.	JOÃO LISBOA 12
35.	LAGO DA PEDRA  30
36.	Magalhães de Almeida	14
37.	Mirador	18
38.	Mirinzal	14
39.	Paço do Lumiar	76
40.	Passagem Franca	18
41.	PASTOS BONS _16
42.	PORTO FRANCO 22
43.	POÇÃO DE PEDRAS 14
44.	Pedreiras	30
45.	PEDRO DO RASARIO 18
46.	PINDARE MIRIM ´24
47.	Pinheiro	50
48.	Pio XII	20
49.	Presidente Dutra	32
50.	Presidente Juscelino	14
51.	MORROS 18
52.	Rosário	28
53.	RIACHÃO 12
54.	Santa Inês	50
55.	SANTA HELENA -20
56.	Santa Luzia	40
57.	São Domingos do Maranhão	30
58.	SÃO BERNARDO 20
59.	SÃO JOÃO BATISTA 18
60.	SÃO BENTO 20
61.	São José de Ribamar	92
62.	São Luis	442
63.	SÃO MATEUS 30
64.	Sítio Novo do Maranhão	16
65.	Timon	98
66.	TUNTUM 26
67.	Tutóia	41
68.	Viana	38
69.	Zé Doca	30
TOTAL DE  2667                                                     "
"28/09/2026";"05:46:54";2026;81;"Eleições Gerais 2026";"MA";"MA";"MARANHÃO";"MA057292026";"2026-09-27 23:39:10";"S";"21703109000165";"INSTITUTO DIVULGA LTDA";"INSTITUTO DIVULGA";"Governador, Senador, Deputado Federal, Deputado Estadual, Deputado Distrital";"2026-09-22 00:00:00";"2026-09-25 00:00:00";"2026-10-03 00:00:00";1821;"11188";"RANIERE ALVES BRASIL";"35000,00";"Pesquisa do tipo quantitativa, realizada mediante entrevistas pessoais, domiciliares e presenciais, aplicadas por profissionais treinados, com utilização de questionários estruturados junto a amostra representativa do eleitorado com 16 anos ou mais. A coleta dos dados foi efetuada por meio de smartphone/tablet, no período de 22 a 25 de setembro de 2026, abrangendo as zonas urbana e rural do Estado do Maranhão. O Instituto Divulga Ltda, responsável pela realização da pesquisa, possui inscrição de Pessoa Jurídica no Conselho Federal de Estatística, sob o nº 10565.";"O plano amostral adota amostragem por conglomerados em múltiplos estágios. Inicialmente, o município é dividido em setores censitários/bairros, dos quais são selecionados conglomerados por método probabilístico proporcional ao tamanho. Em seguida, são selecionadas ruas e domicílios, aplicando-se amostragem sistemática. Na etapa final, a escolha da pessoa entrevistada, limitada a uma por domicílio, observa cotas de controle de sexo, faixa etária, grau de instrução e nível econômico, devendo ser a pessoa moradora da residência e eleitora do município pesquisado. A ponderação da amostra considera, ainda, a área física de realização da pesquisa. O tamanho da amostra observa os parâmetros estatísticos de nível de confiança e margem de erro, com base em fontes públicas oficiais da Justiça Eleitoral e do IBGE.
O universo da pesquisa corresponde ao eleitorado do município. A amostra foi estruturada a partir de dados públicos oficiais da Justiça Eleitoral e do IBGE. Para a definição do tamanho amostral, da distribuição territorial e das cotas de controle, foram utilizados: (a) estatísticas do eleitorado do município, disponibilizadas pela Justiça Eleitoral/TRE-MA, extraídas do Cadastro Nacional de Eleitores, com referência em julho de 2026; e (b) dados sociodemográficos oficiais do IBGE, especialmente os provenientes do Censo Demográfico e da PNAD mais recentes. Tais bases subsidiaram a ponderação da amostra por sexo, faixa etária, escolaridade, nível econômico e área física de realização do trabalho de campo.
Margem de erro de ±2,3 pontos percentuais para mais ou para menos, intervalo de confiança de 95%, nível de significância de 5%, chegou-se em uma amostra significativa e aleatória de 1.821 eleitores a
Página 2 de 3
Instituto Divulga | CNPJ 21.703.109/0001-65 | Sede: São Raimundo Nonato ¿ PI | Filial: Teresina ¿ PI|
www.institutodivulga.com | instagram:@institutodivulga | e-mail: contato@institutodivulga.com
PESQUISA
pesquisar, assim distribuídos: Sexo: Feminino 946; Masculino 875; Total: 1.821. Faixa Etária: 16 a 24 anos: 232; de 25 a 40 anos: 625; de 41 a 55 anos: 590; de 56 a 65 anos: 251; acima de 65 anos: 123; Total: 1.821. Grau de Instrução: Sem escolaridade: 90; Ensino Fundamental completo ou incompleto: 449; Ensino Médio completo ou incompleto: 1.017; Ensino Superior completo ou incompleto: 265; Total: 1.821; até 1 salário mínimo: 1.519; de mais de 1 a 3 salários mínimos: 264; acima de 3 salários mínimos: 38; Total: 1.821.";"A coleta foi realizada por meio de questionários eletrônicos aplicados em smartphones/tablets, com operação on-line e off-line, transmissão de dados em tempo real quando disponível conectividade, rastreabilidade do trabalho de campo, monitoramento do percurso por fluxo de GPS e gravação de áudio das entrevistas como mecanismos internos de controle, conferência e auditabilidade. Os procedimentos adotados observaram o sistema interno de controle e fiscalização da coleta de dados e do trabalho de campo, preservada a identidade das pessoas entrevistadas. O instituto contou, ainda, com estatístico responsável técnico com vínculo exclusivo com a empresa, em conformidade com a Resolução TSE nº 23.600/2019 e suas respectivas alterações normativas aplicáveis ao pleito eleitoral vigente, Resolução nº 23.747, de 26 de fevereiro de 2026.";"Em anexo"
"28/09/2026";"05:46:54";2026;81;"Eleições Gerais 2026";"MA";"MA";"MARANHÃO";"MA069472026";"2026-03-25 21:14:02";"N";"44470818000143";"ECONOMETRICA PESQUISA LTDA";"ECONOMETRICA PESQUISA";"Governador, Senador";"2026-03-18 00:00:00";"2026-03-21 00:00:00";"2026-03-31 00:00:00";1556;"8223-A";"DANILIO SILVA SANTOS";"40000,00";"Pesquisa quantitativa, que consiste na realização de entrevistas pessoais face a face, com a aplicação de questionário estruturado com questões abertas e fechadas, conduzida por pessoas previamente treinadas e oficialmente identificadas. A distribuição da amostra será feita a partir da representação do eleitorado das 6 regiões do Estado do Maranhão.";"Amostra representativa do eleitorado do Maranhão elaborada em três estágios. No primeiro estágio faz-se um sorteio probabilístico dos municípios de cada Mesorregião, onde o sorteio dos municípios será realizado pelo método PPT (Probabilidade Proporcional ao Tamanho), tomando o eleitorado como base para tal seleção. No segundo estágio faz-se um sorteio probabilístico dos bairros que serão pesquisados, tomando eleitorado como base para tal seleção. No terceiro e último estágio, dentro dos setores sorteados, os respondentes são selecionados através de quotas amostrais proporcionais em função de variáveis significativas, a saber: SEXO: Masculino: 48%; Feminino: 52%; IDADE: De 16 a 24 anos: 17%; De 25 a 34 anos: 21%; De 35 a 44 anos: 21%; De 45 a 59 anos: 23%, De 60 a mais: 18%; ESCOLARIDADE: Sem instrução ou Lê e escreve: 19%, Ensino Fundamental: 27%, Ensino Médio: 45%, Ensino Superior Incompleto e Completo: 9%. RENDA: Até 1 Salário-mínimo: 24%, De 1 a 2 Salários-mínimos: 48%, De 2 a 5 Salários-mínimos: 24% e Mais de 5 Salários-mínimos: 4%. Está prevista eventual ponderação para correção das variáveis sexo, idade e escolaridade e renda com base nos percentuais anteriormente mencionados, caso ocorram diferenças superiores a 3 pontos percentuais entre o previsto na amostra e a coleta de dados realizada. Para a variáveis RELIGIÃO do entrevistado, o fator previsto para ponderação é 1 (resultados obtidos em campo). O número de entrevistas é de 1556. O nível de confiança estimado é de 95% e a margem de erro máxima estimada considerando um modelo de amostragem aleatório simples, é de 2,5 pontos percentuais para mais ou para menos sobre os resultados encontrados no total da amostra.
FONTE DOS DADOS: Censo 2022 | TSE 2025.";"Para a realização da pesquisa, utiliza-se uma equipe de entrevistadores e supervisores contratados pelo ECONOMÉTRICA PESQUISA LTDA. devidamente treinados para o trabalho. Após os trabalhos de campo, os questionários são submetidos a uma fiscalização de 20% (vinte por cento) dos questionários aplicados pelos entrevistadores; para verificação das respostas e da adequação dos entrevistadores aos parâmetros amostrais";"Bacabal 45 , Barra do Corda 37 , Grajaú 31 , Presidente Dutra 19 , São Mateus do Maranhão 18 , São Domingos do Maranhão 18 , Arame 12 , Trizidela do Vale 13 , Esperantinópolis 11 , Gonçalves Dias 10 , Bom Lugar 10 , São Luís 225 , São José de Ribamar 41 , Paço do Lumiar 26 , Timon 65 , Caxias 59 , Codó 43 , Chapadinha 31 , Coroatá 22 , Coelho Neto 18 , Colinas 15 , Brejo 15 , São Bernardo 12 , Aldeias Altas 11 , São Benedito do Rio Preto 10 , Passagem Franca 10 , Pinheiro 39 , Barreirinhas 31 , Itapecuru Mirim 30 , Tutóia 27 , Viana 24 , Rosário 20 , São Bento 18 , Cururupu 16 , Vitória do Mearim 15 , Humberto de Campos 15 , Monção 15 , Matinha 12 , Morros 10 , São Vicente Ferrer 11 , Bacabeira 11 , Bacuri 10 , Mirinzal 10 , Primeira Cruz 10 , Presidente Juscelino 11 , Imperatriz 103 , Açailândia 42 , Santa Inês 35 , Santa Luzia 24 , Buriticupu 24 , Lago da Pedra 18 , Turiaçu 15 , Pindaré-Mirim 15 , Bom Jardim 16 , Governador Nunes Freire 9 , Governador Edison Lobão 10 , Buritirana 10 , Balsas 47 , Estreito 16 e São Raimundo das Mangabeiras 10. Total 1556 entrevistas."
"28/09/2026";"05:46:54";2026;81;"Eleições Gerais 2026";"MA";"MA";"MARANHÃO";"MA025692026";"2026-09-04 19:44:31";"S";"22345021000181";"REAL TIME MIDIA LTDA";"REAL TIME BIG DATA";"Governador, Senador";"2026-09-05 00:00:00";"2026-09-09 00:00:00";"2026-09-10 00:00:00";1600;"10839";"Isabela Zara Cremoneze";"24000,00";"Pesquisa quantitativa, que consiste na realização de entrevistas com eleitores do universo a ser explorado, feitas em combinação mista por entrevistadores humanos e recursos de inteligência artificial, com a aplicação de questionário estruturado com abordagens telefônicas e digitais junto a uma amostra representativa do eleitorado em estudo. Pesquisa realizada no Estado do Maranhão (MA).";"Representativo do eleitorado da área em estudo, elaborada em três estágios.
No primeiro estágio, realiza-se um sorteio probabilístico dos municípios onde as entrevistas serão realizadas, pelo método PPT (Probabilidade Proporcional ao Tamanho), tomando a população eleitora de 16 anos ou mais residente nos municípios como base para essa seleção.
No segundo estágio, efetua-se um sorteio probabilístico das localidades dentro dos municípios selecionados, também pelo método PPT (Probabilidade Proporcional ao Tamanho), considerando a população eleitora de 16 anos ou mais residente nessas localidades como base para a seleção.
No terceiro e último estágio, dentro das localidades sorteadas, os respondentes são selecionados por meio de quotas amostrais proporcionais, em função de variáveis significativas, a saber:

GÊNERO:
Feminino: 51,92%;
Masculino: 48,08%.
(Fonte: TSE, Agosto/2026 -- https://sig.tse.jus.br/ords/dwapr/r/seai/sig-eleitor-eleitorado-mensal/perfil-do-eleitorado-mensal?session=19870699363736)
FAIXA ETÁRIA:
16 anos: 0,86%;
17 anos: 1,28%;
18 a 20 anos: 6,24%;
21 a 24 anos: 8,68%;
25 a 34 anos: 20,63%;
35 a 44 anos: 20,48%;
45 a 59 anos: 22,99%;
60 a 69 anos: 10,15%;
70 a 79 anos: 5,92%;
Superior a 79 anos: 2,78%.
(Fonte: TSE, Agosto/2026 -- https://sig.tse.jus.br/ords/dwapr/r/seai/sig-eleitor-eleitorado-mensal/cruzamento-eleitorado-mensal?p24_cruzamento_1=ds_faixa_etaria&p24_metricas=E&p24_back=22&clear=24&session=19870699363736)
ESCOLARIDADE:
Analfabeto: 7,25%;
Lê e Escreve: 11,05%;
Ensino Fundamental Incompleto: 20,50%;
Ensino Fundamental Completo: 5,50%;
Ensino Médio Incompleto: 19,59%;
Ensino Médio Completo: 26,84%;
Ensino Superior Incompleto: 3,22%;
Ensino Superior Completo: 6,06%.
(Fonte: TSE, Agosto/2026 -- https://sig.tse.jus.br/ords/dwapr/r/seai/sig-eleitor-eleitorado-mensal/cruzamento-eleitorado-mensal?p24_cruzamento_1=ds_grau_instrucao&p24_metricas=E&p24_back=22&clear=24&session=19870699363736)
RENDA DOMICILIAR MENSAL:
Sem rendimento: 7,98%;
Até 1/2 Salário Mínimo: 13,71%;
Mais de 1/2 a 1 Salário Mínimo: 21,95%;
Mais de 1 a 2 Salários Mínimos: 27,15%;
Mais de 2 a 5 Salários Mínimos: 20,82%;
Mais de 5 a 10 Salários Mínimos: 5,56%;
Mais de 10 a 20 Salários Mínimos: 1,99%;
Mais de 20 Salários Mínimos: 0,85%.
(Fonte: IBGE (Censo/2010) -- https://cidades.ibge.gov.br/brasil/ma/pesquisa/23/24304?detalhes=true
)

Observação: De acordo com informações do Instituto Brasileiro de Geografia e Estatística (IBGE), não há previsão de data para a divulgação do perfil econômico da população brasileira do CENSO 2022. Portanto, os dados sobre o nível econômico obtidos no Censo 2022 não podem ser utilizados, pois ainda não foram publicados.
Está prevista eventual ponderação para correção das variáveis sexo e idade, com base nos percentuais anteriormente mencionados, caso ocorram diferenças superiores a 3 pontos percentuais entre o previsto na amostra e a coleta de dados realizada. Para as variáveis de grau de instrução e nível econômico do entrevistado, o fator previsto para ponderação é 1 (resultados obtidos em campo). O nível de confiança estimado é de 95% e a margem de erro máxima estimada considerando um modelo de amostragem aleatório simples, é de aproximadamente 2 (dois) pontos percentuais para mais ou para menos sobre os resultados encontrados no total da amostra.";"O trabalho de coleta de dados é acompanhado por supervisores humanos. São selecionados aleatoriamente 15% (quinze por cento) dos questionários para uma verificação posterior e, em caso de dúvida, o formulário é descartado e o responsável pela coleta chamado para esclarecimentos. Há uma equipe especializada que confere os dados à exaustão com objetivo de averiguar e aferir os resultados coletados";"O anexo do arquivo com os bairros será realizado até o dia seguinte da divulgação conforme indicado no §7º. do art. 2º. da Resolução-TSE nº. 23.600/2019."
"28/09/2026";"05:46:54";2026;81;"Eleições Gerais 2026";"MA";"MA";"MARANHÃO";"MA016322026";"2026-08-07 23:04:20";"N";"27844225000180";"VERITAS PLANEJAMENTO E ASSESSORIA LTDA";"VERITAS PLANEJAMENTO";"Governador, Senador";"2026-08-08 00:00:00";"2026-08-11 00:00:00";"2026-08-13 00:00:00";1000;"9137-A";"Erika Cristina Ferreira";"80000,00";"Trata-se de uma pesquisa quantitativa realizada por meio de entrevistas, com aplicação de questionário estruturado a uma amostra representativa do eleitorado em estudo. A pesquisa foi conduzida no Estado do Maranhão (MA).";"A amostra é representativa do eleitorado da área pesquisada e foi elaborada em três estágios.
No primeiro estágio, realiza-se o sorteio probabilístico dos municípios onde serão conduzidas as entrevistas, utilizando o método PPT (Probabilidade Proporcional ao Tamanho). Para essa seleção, considera-se como base a população eleitora residente nos municípios com 16 anos ou mais.
No segundo estágio, é realizado o sorteio probabilístico das localidades dentro dos municípios previamente selecionados, também por meio do método PPT (Probabilidade Proporcional ao Tamanho), tomando como referência a população eleitora com 16 anos ou mais residente nessas localidades.
No terceiro e último estágio, dentro das localidades sorteadas, os entrevistados são selecionados por meio de cotas amostrais proporcionais, definidas a partir de variáveis consideradas relevantes, conforme descrito a seguir:
GÊNERO:
Feminino: 51,92%;
Masculino: 48,08%.
(Fonte: TSE, Julho/2026 -- https://sig.tse.jus.br/ords/dwapr/r/seai/sig-eleitor-eleitorado-mensal/perfil-do-eleitorado-mensal?session=19870699363736)
FAIXA ETÁRIA:
16 a 17 anos: 2,14%;
18 a 24 anos: 14,92%;
25 a 34 anos: 20,63%;
35 a 44 anos: 20,48%;
45 a 59 anos: 22,99%;
60 anos ou mais: 18,85%.
(Fonte: TSE, Julho/2026 -- https://sig.tse.jus.br/ords/dwapr/r/seai/sig-eleitor-eleitorado-mensal/cruzamento-eleitorado-mensal?p24_cruzamento_1=ds_faixa_etaria&p24_metricas=E&p24_back=22&clear=24&session=19870699363736)
ESCOLARIDADE:
Analfabeto/Lê e Escreve: 18,30%;
Ensino Fundamental Completo: 5,50%;
Ensino Fundamental Incompleto: 20,50%;
Ensino Médio Completo: 26,84%;
Ensino Médio Incompleto: 19,59%;
Ensino Superior Completo: 6,06%;
Ensino Superior Incompleto: 3,22%.
(Fonte: TSE, Julho/2026 -- https://sig.tse.jus.br/ords/dwapr/r/seai/sig-eleitor-eleitorado-mensal/cruzamento-eleitorado-mensal?p24_cruzamento_1=ds_grau_instrucao&p24_metricas=E&p24_back=22&clear=24&session=19870699363736)
RENDA DOMICILIAR MENSAL:
Sem rendimento mensal: 7,98%;
Até ½ Salário Mínimo: 13,71%;
De ½ a 1 Salário Mínimo: 21,95%;
Entre 1 e 2 Salários Mínimos: 27,15%;
Entre 2 e 5 Salários Mínimos: 20,82%;
De 5 a 10 Salários Mínimos: 5,56%;
De 10 a 20 Salários Mínimos: 1,99%;
Mais de 20 Salários Mínimos: 0,85%.
(Fonte: IBGE (Censo/2010) -- https://cidades.ibge.gov.br/brasil/ma/pesquisa/23/24304?detalhes=true )
Observação: De acordo com o Instituto Brasileiro de Geografia e Estatística (IBGE), ainda não há previsão de divulgação do perfil econômico da população brasileira com base no Censo 2022. Dessa forma, os dados referentes ao nível econômico provenientes desse censo ainda não podem ser utilizados, pois não foram publicados.
Está prevista a realização de ponderação para correção das variáveis sexo e idade, com base nos percentuais apresentados anteriormente, caso sejam observadas diferenças superiores a três pontos percentuais entre a distribuição prevista na amostra e aquela obtida na coleta de dados. Para as variáveis grau de instrução e nível econômico do entrevistado, o fator de ponderação previsto é igual a 1, ou seja, serão utilizados os resultados observados em campo.
O nível de confiança estimado para os resultados é de 95%, e a margem de erro máxima estimada, considerando um modelo de amostragem aleatória simples, é de aproximadamente 3(três) pontos percentuais para mais ou para menos sobre os resultados observados para o total da amostra.

";"A coleta de dados é acompanhada por supervisores responsáveis pelo monitoramento das atividades de campo. Além disso, 30% (trinta por cento) dos questionários são selecionados aleatoriamente para verificação posterior, por meio de ligações telefônicas realizadas para os números informados nos formulários. Em caso de inconsistências ou dúvidas, o questionário é descartado e o entrevistador é convocado para prestar esclarecimentos.";"O detalhamento dos municípios e bairros contemplados na pesquisa será apresentado em arquivo anexo. Nos casos em que não houver delimitação específica do bairro, será indicada a área onde a entrevista foi realizada, conforme disposto no §7º do art. 2º da Resolução-TSE nº 23.600/2019. "
"28/09/2026";"05:46:54";2026;81;"Eleições Gerais 2026";"MA";"MA";"MARANHÃO";"MA075722026";"2026-08-25 17:40:04";"N";"10320449000190";"M D C LEMOS LTDA";"INOP PREVISAO PESQUISAS SERVICOS E PUBLICIDADES";"Governador, Senador, Deputado Federal, Deputado Estadual";"2026-08-19 00:00:00";"2026-08-26 00:00:00";"2026-08-31 00:00:00";2600;"8747";"VITOR EMMANUEL BOUCAS DA SILVA";"48000,00";"A pesquisa sendo realizada em âmbito estadual, abrangendo eleitores residentes nas zonas urbana e rural dos municípios do Estado do Maranhão, por meio de entrevistas presenciais, conduzidas tanto em domicílios quanto em pontos de fluxo populacional (tais como vias públicas, áreas comerciais, terminais de transporte, praças e locais de grande circulação), relacionando-as aos bairros ou povoados de moradia, mediante aplicação de questionário estruturado com perguntas abertas e fechadas. As entrevistas são realizadas por equipe de entrevistadores previamente treinada e identificada, observando-se critérios de elegibilidade do respondente, quais sejam: ter 16 anos ou mais, residir no Estado do Maranhão e possuir título eleitoral válido, estando, portanto, apto a votar.";"O desenho amostral adotado é do tipo misto com uso de conglomerados em dois estágios e estratificado. No primeiro estágio, os municípios do estado são estratificados por regiões geográficas (Norte, Sul, Leste, Oeste, Central e Grande Ilha), com alocação proporcional ao tamanho do eleitorado, conforme dados mais recentes do Tribunal Superior Eleitoral (TSE). Dentro de cada estrato, são sorteados municípios auto representativos e não auto representativos, estes últimos selecionados com probabilidade proporcional ao tamanho (PPT).
No segundo estágio, dentro dos municípios sorteados, são definidos conglomerados de coleta, compreendendo bairros ou áreas de grande circulação (pontos de fluxo), selecionados de forma aleatória ou sistemática. Nesses conglomerados, os entrevistadores realizam abordagens presenciais de eleitores, tanto em domicílios quanto em pontos de fluxo previamente definidos. A seleção do respondente respeita regras objetivas de abordagem (por exemplo, intervalo fixo de domicílios ou abordagem do próximo transeunte elegível). Após a finalização do trabalho de campo, os dados coletados são comparados aos quantitativos populacionais e se necessário submetidos a procedimento de ponderação estatística (pós-estratificação), com o objetivo de ajustar a amostra às distribuições conhecidas do eleitorado estadual segundo gênero, faixa etária, grau de instrução e renda domiciliar, com base nas informações oficiais do Tribunal Superior Eleitoral (TSE-2026) e do Instituto Brasileiro de Geografia e Estatística (IBGE-2022). Esse procedimento visa corrigir eventuais desequilíbrios amostrais decorrentes do uso combinado de entrevistas domiciliares e em pontos de fluxo, assegurando a representatividade dos resultados em relação ao universo pesquisado.

GÊNERO: Masculino (48,08%); Feminino (51,92%);

GÊNERO e FAIXA ETÁRIA: Feminino 16 a 24 anos (16,59%); 25 a 29 anos (10,68%); 30 a 49 anos (39,81%); 50 anos ou mais (32,93%); Masculino 16 a 24 anos (17,73%); 25 a 29 anos (10,79%); 30 a 49 anos (39,64%); 50 anos ou mais (31,85%)

GÊNERO e GRAU DE INSTRUÇÃO: Feminino Até a 4°série do Ensino Fundamental (34,93%); 5° a 8° série do Ensino Fundamental (24,22%); Ensino Médio (29,49%); Ensino Superior (11,37%)
Masculino Até a 4°série do Ensino Fundamental (42,97%); 5°a 8° série do Ensino Fundamental (26,02%); Ensino Médio (23,98%); Ensino Superior (7,03%)

RENDA DOMICILIAR: Até 1 salário 38%; Mais de 1 a 2 salários 27%; Mais de 2 salários 35%.

O nível de confiança estimado é de 95% e a margem de erro máxima é de 3,02%. FONTE DOS DADOS: IBGE 2022 | TSE 2026
";"



Número de questionários aplicados, margem de erro e nível de confiança;

Pesquisa realizada com 2600 entrevistas. O tamanho da amostra foi dimensionado para garantir estimativas com nível de confiança de 95% e erro amostral máximo de aproximadamente 3,02 pontos percentuais, considerando agora a natureza multicategórica da pergunta de intenção de voto. Assim, para cada percentual estimado individualmente e que contabilize o total da amostra, pode-se afirmar que, com 95% de confiança, o valor real na população pode diferir do valor observado na amostra em até aproximadamente 3,02 pontos percentuais.


Sistema interno de controle e verificação, conferência e fiscalização da coleta de dados e do trabalho de campo:
O controle da qualidade da coleta de dados é realizado por meio de procedimentos contínuos de supervisão e auditoria interna, aplicados em todas as etapas do trabalho de campo. Todos os questionários passam por conferência técnica obrigatória, destinada à verificação de consistência, completude das respostas e adequação ao plano amostral previamente definido.
Adicionalmente, é realizada verificação independente em, no mínimo, 20% das entrevistas, selecionadas de forma aleatória, por meio de recontato telefônico ou visita de retorno ao domicílio, conforme a natureza da entrevista originalmente realizada. Esse procedimento tem por finalidade confirmar a realização da entrevista, a elegibilidade do respondente e a fidelidade das informações registradas.
Para a execução da pesquisa, é mobilizada uma equipe composta por entrevistadores de campo, supervisores regionais e coordenação geral, todos previamente treinados quanto aos procedimentos metodológicos, éticos e operacionais do levantamento. Os supervisores realizam acompanhamento direto e indireto das equipes, incluindo observação em campo, checagem de rotas e validação diária dos questionários coletados.
A coordenação geral é responsável pela consolidação das informações, pelo monitoramento do cumprimento do plano amostral e pela adoção de medidas corretivas sempre que identificadas inconsistências ou desvios nos procedimentos de coleta.


";"#NULO#"
"28/09/2026";"05:46:54";2026;81;"Eleições Gerais 2026";"MA";"MA";"MARANHÃO";"MA072112026";"2026-03-12 17:01:12";"N";"22445600000104";"QUAEST PESQUISAS, CONSULTORIA E PROJETOS LTDA.";"#NULO#";"Governador, Senador";"2026-03-12 00:00:00";"2026-03-16 00:00:00";"2026-03-18 00:00:00";900;"6731";"Margarida Maria de Mendonça";"130500,00";"Pesquisa quantitativa, de survey, que consiste na realização de entrevistas pessoais, domiciliares e presenciais, conduzidas por profissionais treinados, com a aplicação de questionários estruturados a uma amostra representativa da população votante de 16 anos ou mais residente no estado do Maranhão. O desenho amostral aplicado combina sorteio probabilístico de municípios e de setores censitários fornecidos pelo IBGE (unidades territoriais homogêneas, de tamanho similar a quadras ou blocos), dentro dos quais serão selecionadas pessoas respondentes por meio de cotas amostrais.";"O público pesquisado é composto por eleitores de 16 anos ou mais residentes na área de abrangência da pesquisa. Para produzir uma amostra representativa desse público-alvo, utilizamos um desenho amostral por conglomerados que prevê três estágios. No primeiro estágio, é feito um sorteio probabilístico de municípios para comporem a amostra por meio do método PPT (Probabilidade Proporcional ao Tamanho) a partir de suas populações votantes acima de 16 anos. Dentro da lista de municípios sorteados, no segundo estágio, é realizado um sorteio probabilístico por meio do método PPT (Probabilidade Proporcional ao Tamanho) de setores censitários a serem visitados pelos entrevistadores, sorteio que tem como base o total de habitantes residentes nos setores de acordo com dados do Censo de 2022, o que garante a dispersão aleatória e estatística da amostra dentro dos territórios municipais, independentemente de divisões administrativas. Finalmente, dentro da lista de setores censitários sorteados, no último estágio são selecionados domicílios e pessoas a serem entrevistadas utilizando-se cotas amostrais para as seguintes variáveis: sexo, idade, renda familiar e escolaridade. O perfil da amostra, definido pelas cotas previstas, é o seguinte:

Sexo: Masculino (48%); Feminino (52%). 
Faixa etária: 16-34 anos (38%); 35-59 anos (44%); 60 ou mais (19%). 
Renda domiciliar total, incluindo pensões, benefícios e rendimentos de trabalhos informais: Até 2 salários-mínimos (54%); Mais de 2 a 5 salários-mínimos (36%); Mais de 5 salários-mínimos (10%). 
Nível de instrução: Até Fundamental completo ou médio incompleto (51%); Médio completo ou superior incompleto (38%); Superior completo ou mais (11%). 

Fonte dos dados: para a distribuição de sexo e idade, TSE-Tribunal Superior Eleitoral - março/2026; para a malha de setores censitários, Censo 2022 (IBGE); para a distribuição de renda domiciliar, PNADc Anual 2024, 5a visita (IBGE); e, para a distribuição de escolaridade/instrução, PNADc trimestral 3-2025 (IBGE). A PNADc é utilizada por ser a fonte oficial mais atualizada de rendimentos do país, incluindo rendimentos informais, pensões, entre outros, e corrigindo as defasagens temporais do Censo 2022, além de ser a fonte mais atualizada de nível de instrução da população com 16 anos ou mais dada ausência de atualização obrigatória da escolaridade no registro de eleitores do TSE.

Está prevista eventual pós-estratificação da amostra, por meio de algoritmos de calibração (rake) e modelos (MrP), para correção de estimativas e das distribuições das variáveis sexo, idade, renda familiar e escolaridade, com base nos percentuais anteriormente mencionados, caso ocorram diferenças entre os percentuais previstos na amostra e a coleta de dados realizada. 

Dentro do público-alvo anteriormente descrito, serão realizadas 900 entrevistas. O nível de confiança das estimativas é de 95% e a margem de erro máxima prevista, atendendo às diretivas do TSE e usando o cálculo para amostra aleatória simples (AAS) como aproximação, é de cerca de 3 pontos percentuais para mais ou para menos em relação aos totais da amostra.";"As entrevistas serão realizadas por uma equipe de entrevistadores devidamente qualificada, com experiência e treinamento em pesquisa de opinião pública. Todo trabalho é feito em tablets ou outros dispositivos eletrônicos. Após a realização da coleta de dados, as entrevistas junto aos respondentes são checadas por meio de procedimentos de consistência e de georreferenciamento dos locais de aplicação em tempo real. Adicionalmente, ao longo e após os trabalhos de campo, é realizada uma fiscalização que consiste na checagem de áudio de uma amostra de 30% dos questionários aplicados para verificação das respostas e da adequação dos entrevistados aos parâmetros amostrais.";"A área de abrangência da coleta é o território do estado do Maranhão. A relação do número de pessoas pesquisadas nas áreas de aplicação da pesquisa, discriminadas por município, bairros e setores censitários a partir dos identificadores utilizados pelo IBGE, além da composição do eleitorado entrevistado na área de abrangência quanto a gênero, idade, grau de instrução e nível econômico, constará em anexo. O mapa com os códigos destes setores censitários e as áreas que delimitam no país todo podem ser conferidos na seguinte fonte oficial: https://censo2022.ibge.gov.br/panorama/mapas.html?localidade=&recorte=setores_censitarios"
"28/09/2026";"05:46:54";2026;81;"Eleições Gerais 2026";"MA";"MA";"MARANHÃO";"MA030532026";"2026-09-01 22:37:58";"N";"64500153000180";"LAIS CRISTINA RODRIGUES DE OLIVEIRA LTDA";"IPSENSUS PESQUISAS";"Governador, Senador";"2026-09-01 00:00:00";"2026-09-06 00:00:00";"2026-09-07 00:00:00";350;"7655";"AUGUSTO DA SILVA ROCHA";"4000,00";"A pesquisa cobrirá o município envolvendo todas regiões do município de São Mateus do Maranhão/MA Universo da pesquisa será dos eleitores com 16 anos ou mais. A amostra representará os eleitores do Município, selecionados em 2(dois) estágios. No primeiro estágio, os setores censitários, onde as entrevistas serão realizadas, foram selecionadas, probabilisticamente, através do método PPT - Probabilidade Proporcional ao Tamanho, tomando o número de eleitores como base para seleção. No segundo estágio, a seleção do entrevistado, dentro do setor censitário, será feita utilizando-se quotas proporcionais, e a abordagem será domiciliar.";"Utilizamos quotas proporcionais, em função das seguintes variáveis:
Gênero: ; FEMININO 53,0%;
MASCULINO 47,0%;

Faixa etária: ; 16 a 24 anos 17,75% ;
25 a 34 anos 20,56% ;
35 a 44 anos 19,61% ;
45 a 59 anos 22,09% ;
60 anos ou mais 19,99% ;

Grau de instrução: ; ANALFABETO 12,19% ;
ENSINO FUNDAMENTAL COMPLETO 7,77% ;
ENSINO FUNDAMENTAL INCOMPLETO 17,74% ;
ENSINO MÉDIO COMPLETO 25,17% ;
ENSINO MÉDIO INCOMPLETO 19,65% ;
LÊ E ESCREVE 12,14% ;
SUPERIOR COMPLETO 3,64% ;
SUPERIOR INCOMPLETO 1,70% ;

Fonte dos dados: TSE-Tribunal Superior Eleitoral/julho2026; Cruzamento Eleitorado Mensal https://sig.tse.jus.br/ords/dwapr/r/seai/sig-eleitor-eleitorado-mensal/cruzamento-eleitorado-mensal?p0_municipio=S%C3%83O%20MATEUS%20DO%20MARANH%C3%83O&p0_uf=MA&session=308670861520383 ;
https://sig.tse.jus.br/ords/dwapr/r/seai/sig-eleitor-eleitorado-mensal/cruzamento-eleitorado-mensal?p24_cruzamento_1=ds_faixa_etaria&p24_metricas=E&p24_back=22&clear=24&session=308670861520383 ;
https://sig.tse.jus.br/ords/dwapr/r/seai/sig-eleitor-eleitorado-mensal/cruzamento-eleitorado-mensal?p0_municipio=S%C3%83O%20MATEUS%20DO%20MARANH%C3%83O&p0_uf=MA&session=308670861520383 ;
; Ano=2026; Mês = JULHO; UF= MA; MUNICIPIO = São Mateus do Maranhão ; Renda familiar: Até 1/2 salário mínimo 16,00% ;
Mais de 1/2 a 1 salário mínimo 23,68% ;
Mais de 1 a 2 salários mínimos 27,86% ;
Mais de 2 a 5 salários mínimos 18,73% ;
Mais de 5 a 10 salários mínimos 3,82% ;
Mais de 10 a 20 salários mínimos 0,71% ;
Mais de 20 salários mínimos 0,22% ;
Sem rendimento 8,98%;
Fonte dos dados: IBGE-Censo 2010-IBGE-CENSO 2022 (IBGE/Censo 2010 - Classe de rendimento nominal mensal domiciliar) https://cidades.ibge.gov.br/brasil/ma/sao-mateus-do-maranhao/pesquisa/23/24304 ;



""Está prevista eventual ponderação da amostra para correção das variáveis sexo, idade, renda familiar e escolaridade com base nos percentuais anteriormente mencionados, caso ocorram diferenças entre os percentuais previstos na amostra e a coleta de dados realizada. O nível de confiança estimado é de 95% e a margem de erro máxima prevista, baseada em uma amostra aleatória simples (AAS), é de cerca de 5,2 pontos percentuais para mais ou para menos em relação aos totais da amostra. Nível Econômico: IBGE (Censo/2010) - Observação: Conforme informações obtidas do Instituto Brasileiro de Geografia e Estatística, o IBGE, não divulgou - e não tem previsão - de data para divulgação do perfil econômico (nível econômico) da população brasileira; portanto, os dados quanto ao nível econômico obtidos no Censo 2022, não podem ser utilizados, pois não foram publicados.""



";"Para a realização da pesquisa, utiliza-se uma equipe de entrevistadores e supervisores credenciados devidamente treinados pela empresa para esse tipo de pesquisa. Após os trabalhos de campo, 100% dos questionários são criticados e passam por uma fiscalização de cerca de 20% (vinte por cento) dos questionários aplicados por cada entrevistador; para verificação da consistência das respostas e da adequação dos entrevistados aos parâmetros amostrais.";"#NULO#"
"28/09/2026";"05:46:54";2026;81;"Eleições Gerais 2026";"MA";"MA";"MARANHÃO";"MA078372026";"2026-09-02 22:59:07";"N";"64500153000180";"LAIS CRISTINA RODRIGUES DE OLIVEIRA LTDA";"IPSENSUS PESQUISAS";"Governador, Senador";"2026-09-02 00:00:00";"2026-09-06 00:00:00";"2026-09-08 00:00:00";350;"7655";"AUGUSTO DA SILVA ROCHA";"4000,00";"A pesquisa cobrirá o município envolvendo todas regiões do município de Matões do Norte/MA Universo da pesquisa será dos eleitores com 16 anos ou mais. A amostra representará os eleitores do Município, selecionados em 2(dois) estágios. No primeiro estágio, os setores censitários, onde as entrevistas serão realizadas, foram selecionadas, probabilisticamente, através do método PPT - Probabilidade Proporcional ao Tamanho, tomando o número de eleitores como base para seleção. No segundo estágio, a seleção do entrevistado, dentro do setor censitário, será feita utilizando-se quotas proporcionais, e a abordagem será domiciliar.";"Utilizamos quotas proporcionais, em função das seguintes variáveis:

Gênero: FEMININO 48,7% ;
MASCULINO 51,3% ;


Faixa etária: 16 a 24 anos 20,24% ;
25 a 34 anos 22,41% ;
35 a 44 anos 19,24% ;
45 a 59 anos 20,55% ;
60 anos ou mais 17,56% ;


Grau de instrução: ANALFABETO 10,73% ;
ENSINO FUNDAMENTAL COMPLETO 5,73% ;
ENSINO FUNDAMENTAL INCOMPLETO 21,12% ;
ENSINO MÉDIO COMPLETO 21,43% ;
ENSINO MÉDIO INCOMPLETO 20,01% ;
LÊ E ESCREVE 14,35% ;
SUPERIOR COMPLETO 4,80% ;
SUPERIOR INCOMPLETO 1,82% ;


Fonte dos dados: TSE-Tribunal Superior Eleitoral/julho2026; Cruzamento Eleitorado Mensal https://sig.tse.jus.br/ords/dwapr/r/seai/sig-eleitor-eleitorado-mensal/cruzamento-eleitorado-mensal?p24_metricas=E&p24_back=22&p24_cruzamento_1=ds_sexo&clear=24&session=308670861520383 ;
https://sig.tse.jus.br/ords/dwapr/r/seai/sig-eleitor-eleitorado-mensal/cruzamento-eleitorado-mensal?p0_municipio=MAT%C3%95ES%20DO%20NORTE&p0_uf=MA&session=308670861520383 ;
https://sig.tse.jus.br/ords/dwapr/r/seai/sig-eleitor-eleitorado-mensal/cruzamento-eleitorado-mensal?p24_cruzamento_1=ds_grau_instrucao&p24_metricas=E&p24_back=22&clear=24&session=308670861520383 ;

Ano=2026; Mês = JULHO; UF= MA; MUNICIPIO = Matões do Norte; Renda familiar: Até 1/2 salário mínimo 15,97% ;
Mais de 1/2 a 1 salário mínimo 26,10% ;
Mais de 1 a 2 salários mínimos 30,64% ;
Mais de 2 a 5 salários mínimos 16,88% ;
Mais de 5 a 10 salários mínimos 1,50% ;
Mais de 10 a 20 salários mínimos 0,16% ;
Mais de 20 salários mínimos 0,16% ;
Sem rendimento 8,58% ;

Fonte dos dados: IBGE-Censo 2010-IBGE-CENSO 2022 (IBGE/Censo 2010 - Classe de rendimento nominal mensal domiciliar) ; https://cidades.ibge.gov.br/brasil/ma/matoes-do-norte/pesquisa/23/24304 ;

""Está prevista eventual ponderação da amostra para correção das variáveis sexo, idade, renda familiar e escolaridade com base nos percentuais anteriormente mencionados, caso ocorram diferenças entre os percentuais previstos na amostra e a coleta de dados realizada. O nível de confiança estimado é de 95% e a margem de erro máxima prevista, baseada em uma amostra aleatória simples (AAS), é de cerca de 5,1 pontos percentuais para mais ou para menos em relação aos totais da amostra. Nível Econômico: IBGE (Censo/2010) - Observação: Conforme informações obtidas do Instituto Brasileiro de Geografia e Estatística, o IBGE, não divulgou - e não tem previsão - de data para divulgação do perfil econômico (nível econômico) da população brasileira; portanto, os dados quanto ao nível econômico obtidos no Censo 2022, não podem ser utilizados, pois não foram publicados.""";"Para a realização da pesquisa, utiliza-se uma equipe de entrevistadores e supervisores credenciados devidamente treinados pela empresa para esse tipo de pesquisa. Após os trabalhos de campo, 100% dos questionários são criticados e passam por uma fiscalização de cerca de 20% (vinte por cento) dos questionários aplicados por cada entrevistador; para verificação da consistência das respostas e da adequação dos entrevistados aos parâmetros amostrais.";"#NULO#"
"28/09/2026";"05:46:54";2026;81;"Eleições Gerais 2026";"MA";"MA";"MARANHÃO";"MA039312026";"2026-09-04 23:20:34";"N";"64500153000180";"LAIS CRISTINA RODRIGUES DE OLIVEIRA LTDA";"IPSENSUS PESQUISAS";"Governador, Senador";"2026-09-04 00:00:00";"2026-09-09 00:00:00";"2026-09-10 00:00:00";350;"7655";"AUGUSTO DA SILVA ROCHA";"4000,00";"A pesquisa cobrirá o município envolvendo todas regiões do município de Alcantara/MA Universo da pesquisa será dos eleitores com 16 anos ou mais. A amostra representará os eleitores do Município, selecionados em 2(dois) estágios. No primeiro estágio, os setores censitários, onde as entrevistas serão realizadas, foram selecionadas, probabilisticamente, através do método PPT - Probabilidade Proporcional ao Tamanho, tomando o número de eleitores como base para seleção. No segundo estágio, a seleção do entrevistado, dentro do setor censitário, será feita utilizando-se quotas proporcionais, e a abordagem será domiciliar.";"Utilizamos quotas proporcionais, em função das seguintes variáveis:
Gênero: FEMININO 48,41% ;
MASCULINO 51,59% ;


Faixa etária: 16 a 24 anos 16,71% ;
25 a 34 anos 19,11% ;
35 a 44 anos 21,37% ;
45 a 59 anos 23,93% ;
60 anos ou mais 18,88% ;


Grau de instrução: Analfabeto 5,80% ;
Ensino Fundamental Completo 5,93% ;
Ensino Fundamental Incompleto 30,82% ;
Ensino Médio Completo 22,50% ;
Ensino Médio Incompleto 20,94% ;
Lê E Escreve 8,70% ;
Superior Completo 3,54% ;
Superior Incompleto 1,77% ;


Fonte dos dados: TSE-Tribunal Superior Eleitoral/julho2026; Cruzamento Eleitorado Mensal https://sig.tse.jus.br/ords/dwapr/r/seai/sig-eleitor-eleitorado-mensal/perfil-do-eleitorado-mensal?p0_municipio=ALC%C3%82NTARA&p0_uf=MA&session=11955379424683 ;
https://sig.tse.jus.br/ords/dwapr/r/seai/sig-eleitor-eleitorado-mensal/cruzamento-eleitorado-mensal?p24_metricas=E&p24_back=22&p24_cruzamento_1=ds_sexo&clear=24&session=11955379424683 ;
https://sig.tse.jus.br/ords/dwapr/r/seai/sig-eleitor-eleitorado-mensal/perfil-do-eleitorado-mensal?session=11955379424683 ;

Ano=2026; Mês = JULHO; UF= MA; MUNICIPIO = Alcantara;

Renda familiar: Até 1/2 salário mínimo 27,86% ;
Mais de 1/2 a 1 salário mínimo 22,28% ;
Mais de 1 a 2 salários mínimos 24,22% ;
Mais de 2 a 5 salários mínimos 13,53% ;
Mais de 5 a 10 salários mínimos 2,44% ;
Mais de 10 a 20 salários mínimos 0,43% ;
Mais de 20 salários mínimos 0,10% ;
Sem rendimento 9,14% ;


Fonte dos dados: IBGE-Censo 2010-IBGE-CENSO 2022 (IBGE/Censo 2010 - Classe de rendimento nominal mensal domiciliar) ; https://cidades.ibge.gov.br/brasil/ma/alcantara/pesquisa/23/24304 ;


""Está prevista eventual ponderação da amostra para correção das variáveis sexo, idade, renda familiar e escolaridade com base nos percentuais anteriormente mencionados, caso ocorram diferenças entre os percentuais previstos na amostra e a coleta de dados realizada. O nível de confiança estimado é de 95% e a margem de erro máxima prevista, baseada em uma amostra aleatória simples (AAS), é de cerca de 5,2 pontos percentuais para mais ou para menos em relação aos totais da amostra. Nível Econômico: IBGE (Censo/2010) - Observação: Conforme informações obtidas do Instituto Brasileiro de Geografia e Estatística, o IBGE, não divulgou - e não tem previsão - de data para divulgação do perfil econômico (nível econômico) da população brasileira; portanto, os dados quanto ao nível econômico obtidos no Censo 2022, não podem ser utilizados, pois não foram publicados.""";"Para a realização da pesquisa, utiliza-se uma equipe de entrevistadores e supervisores credenciados devidamente treinados pela empresa para esse tipo de pesquisa. Após os trabalhos de campo, 100% dos questionários são criticados e passam por uma fiscalização de cerca de 20% (vinte por cento) dos questionários aplicados por cada entrevistador; para verificação da consistência das respostas e da adequação dos entrevistados aos parâmetros amostrais.";"#NULO#"
"28/09/2026";"05:46:54";2026;81;"Eleições Gerais 2026";"MA";"MA";"MARANHÃO";"MA094512026";"2026-09-05 17:45:55";"N";"64500153000180";"LAIS CRISTINA RODRIGUES DE OLIVEIRA LTDA";"IPSENSUS PESQUISAS";"Governador, Senador";"2026-09-05 00:00:00";"2026-09-09 00:00:00";"2026-09-11 00:00:00";350;"7655";"AUGUSTO DA SILVA ROCHA";"4000,00";"A pesquisa cobrirá o município envolvendo todas regiões do município de Alcântara/MA Universo da pesquisa será dos eleitores com 16 anos ou mais. A amostra representará os eleitores do Município, selecionados em 2(dois) estágios. No primeiro estágio, os setores censitários, onde as entrevistas serão realizadas, foram selecionadas, probabilisticamente, através do método PPT - Probabilidade Proporcional ao Tamanho, tomando o número de eleitores como base para seleção. No segundo estágio, a seleção do entrevistado, dentro do setor censitário, será feita utilizando-se quotas proporcionais, e a abordagem será domiciliar.";"Utilizamos quotas proporcionais, em função das seguintes variáveis:

Gênero: FEMININO 48,41% ;
MASCULINO 51,59% ;


Faixa etária: 16 a 24 anos 16,71% ;
25 a 34 anos 19,11% ;
35 a 44 anos 21,37% ;
45 a 59 anos 23,93% ;
60 anos ou mais 18,88% ;


Grau de instrução: Analfabeto 5,80% ;
Ensino Fundamental Completo 5,93% ;
Ensino Fundamental Incompleto 30,82% ;
Ensino Médio Completo 22,50% ;
Ensino Médio Incompleto 20,94% ;
Lê E Escreve 8,70% ;
Superior Completo 3,54% ;
Superior Incompleto 1,77% ;


Fonte dos dados: TSE-Tribunal Superior Eleitoral/julho2026; Cruzamento Eleitorado Mensal https://sig.tse.jus.br/ords/dwapr/r/seai/sig-eleitor-eleitorado-mensal/perfil-do-eleitorado-mensal?p0_municipio=ALC%C3%82NTARA&p0_uf=MA&session=11955379424683 ;
https://sig.tse.jus.br/ords/dwapr/r/seai/sig-eleitor-eleitorado-mensal/cruzamento-eleitorado-mensal?p24_metricas=E&p24_back=22&p24_cruzamento_1=ds_sexo&clear=24&session=11955379424683 ;
https://sig.tse.jus.br/ords/dwapr/r/seai/sig-eleitor-eleitorado-mensal/perfil-do-eleitorado-mensal?session=11955379424683;


Ano=2026; Mês = JULHO; UF= MA; MUNICIPIO = Alcântara;
Renda familiar: Até 1/2 salário mínimo 27,86% ;
Mais de 1/2 a 1 salário mínimo 22,28% ;
Mais de 1 a 2 salários mínimos 24,22% ;
Mais de 2 a 5 salários mínimos 13,53% ;
Mais de 5 a 10 salários mínimos 2,44% ;
Mais de 10 a 20 salários mínimos 0,43% ;
Mais de 20 salários mínimos 0,10% ;
Sem rendimento 9,14% ;

Fonte dos dados: IBGE-Censo 2010-IBGE-CENSO 2022 (IBGE/Censo 2010 - Classe de rendimento nominal mensal domiciliar) ; https://cidades.ibge.gov.br/brasil/ma/alcantara/pesquisa/23/24304 ;

""Está prevista eventual ponderação da amostra para correção das variáveis sexo, idade, renda familiar e escolaridade com base nos percentuais anteriormente mencionados, caso ocorram diferenças entre os percentuais previstos na amostra e a coleta de dados realizada. O nível de confiança estimado é de 95% e a margem de erro máxima prevista, baseada em uma amostra aleatória simples (AAS), é de cerca de 5,2 pontos percentuais para mais ou para menos em relação aos totais da amostra. Nível Econômico: IBGE (Censo/2010) - Observação: Conforme informações obtidas do Instituto Brasileiro de Geografia e Estatística, o IBGE, não divulgou - e não tem previsão - de data para divulgação do perfil econômico (nível econômico) da população brasileira; portanto, os dados quanto ao nível econômico obtidos no Censo 2022, não podem ser utilizados, pois não foram publicados.""";"Para a realização da pesquisa, utiliza-se uma equipe de entrevistadores e supervisores credenciados devidamente treinados pela empresa para esse tipo de pesquisa. Após os trabalhos de campo, 100% dos questionários são criticados e passam por uma fiscalização de cerca de 20% (vinte por cento) dos questionários aplicados por cada entrevistador; para verificação da consistência das respostas e da adequação dos entrevistados aos parâmetros amostrais.";"#NULO#"
"28/09/2026";"05:46:54";2026;81;"Eleições Gerais 2026";"MA";"MA";"MARANHÃO";"MA064902026";"2026-08-26 13:56:52";"N";"47332876000107";"INSTITUTO AFERIR DF LTDA";"INSTITUTO AFERIR";"Governador, Senador, Deputado Federal, Deputado Estadual";"2026-08-29 00:00:00";"2026-08-31 00:00:00";"2026-09-01 00:00:00";1200;"11594";"Andre Felipe Benigno dos Santos";"90000,00";"Pesquisa com metodologia quantitativa, com a realização de entrevistas pessoais/domiciliares utilizando questionário estruturado junto a uma amostra representativa do eleitorado do estado do Maranhão.

Plano amostral e ponderação quanto a sexo, idade, grau de instrução e nível econômico do entrevistado; intervalo de confiança e margem de erro:
""A amostra será representativa dos eleitores das áreas pesquisadas e será selecionada em duas etapas. Na primeira etapa realiza-se um sorteio probabilístico das localidades onde as entrevistas serão realizadas através do método PPT (Probabilidade Proporcional ao Tamanho), considerando a população com 16 anos ou mais residente nas localidades como base para essa seleção. Na segunda etapa, a seleção do entrevistado dentro da localidade será feita utilizando-se quotas amostrais proporcionais, em função das seguintes variáveis: 
";"GÊNERO: TSE Julho 2026 
(https://sig.tse.jus.br/ords/dwapr/r/seai/sig-eleitor-eleitorado-mensal/cruzamento-eleitorado-mensal?p24_cruzamento_1=ds_faixa_etaria&p24_metricas=E&p24_back=22&clear=24&session=210749544714775)

FEMININO	51,92%
MASCULINO	48,08%

FAIXA ETÁRIA: TSE Julho 2026
(https://sig.tse.jus.br/ords/dwapr/r/seai/sig-eleitor-eleitorado-mensal/cruzamento-eleitorado-mensal?p24_cruzamento_1=ds_faixa_etaria&p24_metricas=E&p24_back=22&clear=24&session=210749544714775)

De 16 a 24 anos	17,08%
25 a 34 anos	20,63%
35 a 44 anos	20,47%
45 a 59 anos	22,98%
60 anos ou mais	18,85%

ESCOLARIDADE: TSE Julho 2026

ANALFABETO	7,25%
LÊ E ESCREVE	5,50%
ENSINO FUNDAMENTAL	47,34%
ENSINO MÉDIO	30,64%
SUPERIOR	9,28%

RENDA DOMICILIAR MENSAL: Renda domiciliar total, incluindo pensões, benefícios e rendimentos de trabalhos informais: (https://censo2022.ibge.gov.br/panorama/) 

Até 2 salários mínimos	53%
Mais de 2 a 5 salários mínimos	36%
Mais de 5 salários mínimos	11%

Está prevista eventual ponderação para correção das variáveis gênero e faixa etária, com base nos percentuais acima apresentados, caso ocorram diferenças entre o previsto na amostra e a coleta realizada, para as variáveis escolaridade e renda domiciliar mensal, o fator de ponderação é igual a 1 (resultados obtidos no campo). O nível de confiança estimado é de 95% (noventa e cinco por cento) para uma margem de erro estimada, considerando uma técnica de amostragem aleatória simples, de aproximadamente 2,83% pontos percentuais para mais ou para menos sobre os resultados obtidos.""
";"O sistema de verificação e controle obedece(eu) às normas mais adequadas para o momento dentro de nossa realidade, ou seja, supervisão no campo de 25% (vinte e cinco por cento) dos questionários (perguntas com alternativas de forma rodizio por questionários ¿ sendo desnecessários DISCOS) aplicados, e de 100% (cem por cento) AUDITADA após o recebimento dos mesmos por via 3G/4G/5G, internet e GPS - Georreferenciamento no Escritório da Empresa, com base na grade de campo previamente estabelecida. A equipe de trabalho de campo contará com um total de 32 (trinta e dois) membros assim distribuídos: 01 (um) Supervisor, 01 (um) Coordenador, 30 (agentes) Agentes de Coleta (Pesquisadores c/ dispositivos e rádios comunicadores) inclusive isso poderá ser solicitado ao Instituto AFERIR DF.

Dados relativos as cidades abrangidas pela pesquisa. Na ausência de delimitação das cidades, poderá ser identificada a área em que foi realizada a pesquisa (conforme §7º. do art. 2º. da Resolução-TSE nº. 23.600/2019, A partir do dia em que a pesquisa puder ser divulgada e até o dia seguinte, o registro deverá ser complementado, sob pena de ser a pesquisa considerada não registrada; na ausência de delimitação das cidades, será identificada a área em que foi realizada):
""A pesquisa será realizada no estado do Maranhão, a relação dos dados relativos as cidades abrangidos pela pesquisa ou a área em que a mesma foi ou será realizada será apresentado neste momento ou até o dia seguinte à data a partir da qual a pesquisa puder ser divulgada, conforme §7º do art. 2º da Resolução-TSE nº. 23.600/2019""
";"¿	Local: Estado do Maranhão (MA)
¿	Amostras: 1.200 entrevistas
¿	Margem de Erro Estimada: ±2,83% (Intervalo de Confiança de 95%)

1. Mesorregião Norte Maranhense (Total: 456 entrevistas)
¿	São Luís: 168 entrevistas
¿	Pinheiro: 65 entrevistas
¿	Barreirinhas: 55 entrevistas
¿	São José de Ribamar: 38 entrevistas
¿	Paço do Lumiar: 30 entrevistas
¿	Itapecuru-Mirim: 30 entrevistas
¿	São Bento: 22 entrevistas
¿	Urbano Santos: 20 entrevistas
¿	Santa Helena: 18 entrevistas
¿	Cachoeira Grande: 10 entrevistas

2. Mesorregião Oeste Maranhense (Total: 216 entrevistas)
¿	Imperatriz: 72 entrevistas
¿	Açailândia: 40 entrevistas
¿	Barra do Corda: 30 entrevistas
¿	Grajaú: 24 entrevistas
¿	Centro Novo do Maranhão: 16 entrevistas
¿	Amarante do Maranhão: 16 entrevistas
¿	Porto Franco: 10 entrevistas
¿	Estreito: 8 entrevistas

3. Mesorregião Leste Maranhense (Total: 168 interviews)
¿	Timon: 58 entrevistas
¿	Caxias: 52 entrevistas
¿	Codó: 17 entrevistas
¿	Vargem Grande: 8 entrevistas
¿	Coelho Neto: 11 entrevistas
¿	Tutóia: 9 entrevistas
¿	São Bernardo: 8 entrevistas
¿	Araioses: 5 entrevistas

4. Mesorregião Centro Maranhense (Total: 180 entrevistas)
¿	Bacabal: 45 entrevistas
¿	Lago da Pedra: 25 entrevistas
¿	Bom Jardim: 24 entrevistas
¿	Santa Inês: 20 entrevistas
¿	Presidente Dutra: 15 entrevistas
¿	Tuntum: 15 entrevistas
¿	Pedreiras: 26 entrevistas
¿	São José dos Basílios: 10 entrevistas

5. Mesorregião Sul Maranhense (Total: 180 entrevistas)
¿	Balsas: 55 entrevistas
¿	Colinas: 35 entrevistas
¿	Barão de Grajaú: 25 entrevistas
¿	Pastos Bons: 25 entrevistas
¿	Carolina: 20 entrevistas
¿	Tasso Fragoso: 20 entrevistas
"
"28/09/2026";"05:46:54";2026;81;"Eleições Gerais 2026";"MA";"MA";"MARANHÃO";"MA014552026";"2026-07-25 19:49:30";"N";"00654576000172";"INSTITUTO VERITA LTDA";"VERITA";"Governador, Senador";"2026-07-25 00:00:00";"2026-07-29 00:00:00";"2026-07-31 00:00:00";1525;"10699";"Guilherme Alvarenga Laia";"77780,00";"Estudo voltado para eleições 2026 - Pesquisa quantitativa que consiste na realização de entrevistas individuais e pessoais por meio de questionário eletrônico estruturado e utilização de unidade automatizada de respostas audíveis e auditáveis com uso de inteligência artificial apenas no que tange a transcrição de respostas por áudio. A adesão é espontânea por parte dos eleitores e sem remuneração. As respostas são por autodeclaração, em grande maioria números que representam códigos de respostas. Esta metodologia testada nas ultimas 3 eleições garantiram precisão muito superior a outras metodologias com intervenção humana que dificulta padronização e aumenta riscos.";"ESTUDO REPRESENTATIVO DO ELEITORADO DO ESTADO DO MARANHÃO - MÉTODO PPT (Probabilidade Proporcional ao Tamanho) - PLANO AMOSTRAL E PONDERAÇÃO QUANTO A SEXO, IDADE, GRAU DE INSTRUÇÃO E NÍVEL ECONÔMICO DO ENTREVISTADO; INTERVALO DE CONFIANÇA E MARGEM DE ERRO: Representativo do eleitorado da área em estudo, elaborada, em vários estágios, da seguinte forma: - 1. Divisão da UF em macrorregiões. 2. Ordenação dos municípios de cada estrato segundo o porte. 3. Sorteio dos municípios de cada estrato. 4. Os respondentes são selecionados aleatoriamente em todos os bairros buscando atingir as quotas amostrais proporcionais em função de variáveis significativas, a saber: GÊNERO / FAIXA ETÁRIA ¿ Fonte TSE junho 2026 link https://sig.tse.jus.br/ords/dwapr/r/seai/sig-eleicao-eleitorado/painel-perfil-eleitorado?clear=17&session=2574615900707.      
PONDERAÇÁO - FEMININO E MASCULINO 16 A 34 ANOS 19,6% E 18,7%, 35 A 54 ANOS 19,1% E 17,7%, 55 ANOS OU MAIS 13,2% E 11,7%.
GRAU DE INSTRUÇÃO: Fonte IBGE/PNADC 2025 link https://sidra.ibge.gov.br/tabela/7135#resultado. DADOS DISPONÍVEIS PARA POPULAÇÁO ADULTA ACIMA DE 25 ANOS. 
Sem instrução 10,3%. Ensino fundamental incompleto ou equivalente 30,0%. Ensino fundamental completo ou equivalente 7,1%. Ensino médio incompleto ou equivalente 5,3%. Ensino médio completo ou equivalente 31,7%. Ensino superior incompleto ou equivalente 2,8%. Superior completo 12,9%. 
PONDERAÇÁO - calculado para: taxa maior de superior incompleto e completo nos eleitores de 16 a 24 anos que ingressam no ensino superior ou concluem, percentual desprezado de eleitores sem instrução devido a pesquisa ser de respostas autônomas, desprezado parte dos eleitores acima de 70 anos que tem voto facultativo. Incremento para autodeclaração de escolaridade acima da escolaridade real. FEMININO E MASCULINO Sem instrução até Ensino Médio completo 71,4%, Ensino superior incompleto, completo ou mais 28,6%.
NÍVEL ECONÔMICO ¿  FONTE. Link https://biblioteca.ibge.gov.br/visualizacao/periodicos/2421/pnact_2026_1tri.pdf. população não economicamente ativa 45,9% população economicamente ativa 54,1%. 
RENDA FAMILIAR DO DOMICÍLIO FONTE PNADc Anual 2024, 5a visita (IBGE)
Renda domiciliar total, incluindo pensões, benefícios e rendimentos de trabalhos informais: Até 2 salários-mínimos (54%); Mais de 2 a 5 salários-mínimos (36%); Mais de 5 salários-mínimos (10%). 
Está prevista eventual ponderação para correção das variáveis, com base nos percentuais anteriormente mencionados, caso ocorram diferenças superiores a margem de erro da pesquisa previsto entre a amostra e a coleta de dados realizada. 
O fator previsto para ponderação é 1 (resultados obtidos na coleta de dados). O intervalo de confiança estimado é de 95% e a margem de erro máxima estimada considerando um modelo de amostragem aleatório simples, é de aproximadamente 2,5 pontos percentuais para mais ou para menos sobre os resultados encontrados no total da amostra.";"Após os trabalhos de coleta de dados, os questionários são submetidos a uma fiscalização, conferência e checagem de cerca de 20% (vinte por cento) dos questionários aplicados.";"A relação dos municípios sorteados ou selecionados para esta pesquisa será apresentada em arquivo anexo até 1 (um) dia após a divulgação desta pesquisa conforme §7º. do art. 2º. da Resolução-TSE nº. 23.600/2019. A área de abrangência desta pesquisa é o Estado DO MARANHÃO."
"28/09/2026";"05:46:54";2026;81;"Eleições Gerais 2026";"MA";"MA";"MARANHÃO";"MA066772026";"2026-09-03 21:28:35";"N";"64500153000180";"LAIS CRISTINA RODRIGUES DE OLIVEIRA LTDA";"IPSENSUS PESQUISAS";"Governador, Senador";"2026-09-03 00:00:00";"2026-09-07 00:00:00";"2026-09-09 00:00:00";350;"7655";"AUGUSTO DA SILVA ROCHA";"4000,00";"A pesquisa cobrirá o município envolvendo todas regiões do município de Paraibano/MA Universo da pesquisa será dos eleitores com 16 anos ou mais. A amostra representará os eleitores do Município, selecionados em 2(dois) estágios. No primeiro estágio, os setores censitários, onde as entrevistas serão realizadas, foram selecionadas, probabilisticamente, através do método PPT - Probabilidade Proporcional ao Tamanho, tomando o número de eleitores como base para seleção. No segundo estágio, a seleção do entrevistado, dentro do setor censitário, será feita utilizando-se quotas proporcionais, e a abordagem será domiciliar.";"Utilizamos quotas proporcionais, em função das seguintes variáveis:
Gênero: FEMININO 52,1% ;
MASCULINO 47,9% ;


Faixa etária: 16 a 24 anos 16,14% ;
25 a 34 anos 19,28% ;
35 a 44 anos 18,70% ;
45 a 59 anos 22,89% ;
60 anos ou mais 22,99% ;


Grau de instrução: ANALFABETO 11,49% ;
ENSINO FUNDAMENTAL COMPLETO 4,55% ;
ENSINO FUNDAMENTAL INCOMPLETO 22,64% ;
ENSINO MÉDIO COMPLETO 14,76% ;
ENSINO MÉDIO INCOMPLETO 17,95% ;
LÊ E ESCREVE 22,79% ;
SUPERIOR COMPLETO 4,48% ;
SUPERIOR INCOMPLETO 1,33% ;

Fonte dos dados: TSE-Tribunal Superior Eleitoral/julho2026; Cruzamento Eleitorado Mensal https://sig.tse.jus.br/ords/dwapr/r/seai/sig-eleitor-eleitorado-mensal/perfil-do-eleitorado-mensal?p0_municipio=PARAIBANO&p0_uf=MA&session=115584469694707 ;
https://sig.tse.jus.br/ords/dwapr/r/seai/sig-eleitor-eleitorado-mensal/perfil-do-eleitorado-mensal?session=115584469694707 ;


Ano=2026; Mês = JULHO; UF= MA; MUNICIPIO = Paraibano;

Renda familiar: Até 1/2 salário mínimo 20,67% ;
Mais de 1/2 a 1 salário mínimo 20,06% ;
Mais de 1 a 2 salários mínimos 27,55% ;
Mais de 2 a 5 salários mínimos 16,17% ;
Mais de 5 a 10 salários mínimos 3,65% ;
Mais de 10 a 20 salários mínimos 0,70% ;
Mais de 20 salários mínimos 0,34% ;
Sem rendimento 10,85% ;


Fonte dos dados: IBGE-Censo 2010-IBGE-CENSO 2022 (IBGE/Censo 2010 - Classe de rendimento nominal mensal domiciliar) ; https://cidades.ibge.gov.br/brasil/ma/paraibano/pesquisa/23/24304 ;

""Está prevista eventual ponderação da amostra para correção das variáveis sexo, idade, renda familiar e escolaridade com base nos percentuais anteriormente mencionados, caso ocorram diferenças entre os percentuais previstos na amostra e a coleta de dados realizada. O nível de confiança estimado é de 95% e a margem de erro máxima prevista, baseada em uma amostra aleatória simples (AAS), é de cerca de 5,2 pontos percentuais para mais ou para menos em relação aos totais da amostra. Nível Econômico: IBGE (Censo/2010) - Observação: Conforme informações obtidas do Instituto Brasileiro de Geografia e Estatística, o IBGE, não divulgou - e não tem previsão - de data para divulgação do perfil econômico (nível econômico) da população brasileira; portanto, os dados quanto ao nível econômico obtidos no Censo 2022, não podem ser utilizados, pois não foram publicados.""";"Para a realização da pesquisa, utiliza-se uma equipe de entrevistadores e supervisores credenciados devidamente treinados pela empresa para esse tipo de pesquisa. Após os trabalhos de campo, 100% dos questionários são criticados e passam por uma fiscalização de cerca de 20% (vinte por cento) dos questionários aplicados por cada entrevistador; para verificação da consistência das respostas e da adequação dos entrevistados aos parâmetros amostrais.";"#NULO#"
"28/09/2026";"05:46:54";2026;81;"Eleições Gerais 2026";"MA";"MA";"MARANHÃO";"MA025922026";"2026-09-08 22:16:37";"N";"64500153000180";"LAIS CRISTINA RODRIGUES DE OLIVEIRA LTDA";"IPSENSUS PESQUISAS";"Governador, Senador";"2026-09-09 00:00:00";"2026-09-13 00:00:00";"2026-09-14 00:00:00";350;"7655";"AUGUSTO DA SILVA ROCHA";"4000,00";"A pesquisa cobrirá o município envolvendo todas regiões do município de Timon/MA Universo da pesquisa será dos eleitores com 16 anos ou mais. A amostra representará os eleitores do Município, selecionados em 2(dois) estágios. No primeiro estágio, os setores censitários, onde as entrevistas serão realizadas, foram selecionadas, probabilisticamente, através do método PPT - Probabilidade Proporcional ao Tamanho, tomando o número de eleitores como base para seleção. No segundo estágio, a seleção do entrevistado, dentro do setor censitário, será feita utilizando-se quotas proporcionais, e a abordagem será domiciliar.";"Utilizamos quotas proporcionais, em função das seguintes variáveis: Gênero: FEMININO 53,69% ; MASCULINO 46,31% ; Faixa etária: 16 a 24 anos 15,85% ; 25 a 34 anos 21,06% ; 35 a 44 anos 21,50% ; 45 a 59 anos 24,04% ; 60 anos ou mais 17,55% ; Grau de instrução: Analfabeto 4,34% ; Ensino Fundamental Completo 5,30% ; Ensino Fundamental Incompleto 21,04% ; Ensino Médio Completo 27,34% ; Ensino Médio Incompleto 21,29% ; Lê E Escreve 8,26% ; Superior Completo 7,56% ; Superior Incompleto 4,87% ; Fonte dos dados: TSE-Tribunal Superior Eleitoral/agosto2026; Cruzamento Eleitorado Mensal https://sig.tse.jus.br/ords/dwapr/r/seai/sig-eleitor-eleitorado-mensal/cruzamento-eleitorado-mensal?p0_municipio=TIMON&p0_uf=MA&session=208976630030761; Ano=2026; Mês = agosto; UF= MA; MUNICIPIO = Timon; Renda familiar: Até 1/2 salário mínimo 4,25% ; Mais de 1/2 a 1 salário mínimo 17,72% ; Mais de 1 a 2 salários mínimos 28,33% ; Mais de 2 a 5 salários mínimos 30,49% ; Mais de 5 a 10 salários mínimos 9,86% ; Mais de 10 a 20 salários mínimos 3,30% ; Mais de 20 salários mínimos 1,22% ; Sem rendimento 4,83% ; Fonte dos dados: IBGE-Censo 2010-IBGE-CENSO 2022 (IBGE/Censo 2010 - Classe de rendimento nominal mensal domiciliar) ; https://cidades.ibge.gov.br/brasil/ma/timon/pesquisa/23/24304 ; ""Está prevista eventual ponderação da amostra para correção das variáveis sexo, idade, renda familiar e escolaridade com base nos percentuais anteriormente mencionados, caso ocorram diferenças entre os percentuais previstos na amostra e a coleta de dados realizada. O nível de confiança estimado é de 95% e a margem de erro máxima prevista, baseada em uma amostra aleatória simples (AAS), é de cerca de 5,2 pontos percentuais para mais ou para menos em relação aos totais da amostra. Nível Econômico: IBGE (Censo/2010) - Observação: Conforme informações obtidas do Instituto Brasileiro de Geografia e Estatística, o IBGE, não divulgou - e não tem previsão - de data para divulgação do perfil econômico (nível econômico) da população brasileira; portanto, os dados quanto ao nível econômico obtidos no Censo 2022, não podem ser utilizados, pois não foram publicados.""";"Para a realização da pesquisa, utiliza-se uma equipe de entrevistadores e supervisores credenciados devidamente treinados pela empresa para esse tipo de pesquisa. Após os trabalhos de campo, 100% dos questionários são criticados e passam por uma fiscalização de cerca de 20% (vinte por cento) dos questionários aplicados por cada entrevistador; para verificação da consistência das respostas e da adequação dos entrevistados aos parâmetros amostrais.";"#NULO#"
"28/09/2026";"05:46:54";2026;81;"Eleições Gerais 2026";"MA";"MA";"MARANHÃO";"MA056532026";"2026-09-09 13:17:52";"N";"64500153000180";"LAIS CRISTINA RODRIGUES DE OLIVEIRA LTDA";"IPSENSUS PESQUISAS";"Governador, Senador";"2026-09-09 00:00:00";"2026-09-12 00:00:00";"2026-09-15 00:00:00";350;"7655";"AUGUSTO DA SILVA ROCHA";"4000,00";"A pesquisa cobrirá o município envolvendo todas regiões do município de Codó/MA Universo da pesquisa será dos eleitores com 16 anos ou mais. A amostra representará os eleitores do Município, selecionados em 2(dois) estágios. No primeiro estágio, os setores censitários, onde as entrevistas serão realizadas, foram selecionadas, probabilisticamente, através do método PPT - Probabilidade Proporcional ao Tamanho, tomando o número de eleitores como base para seleção. No segundo estágio, a seleção do entrevistado, dentro do setor censitário, será feita utilizando-se quotas proporcionais, e a abordagem será domiciliar.";"Utilizamos quotas proporcionais, em função das seguintes variáveis:
Gênero: FEMININO 53,33% ;
MASCULINO 46,67% ;


Faixa etária: 16 a 24 anos 17,31% ;
25 a 34 anos 19,74% ;
35 a 44 anos 19,77% ;
45 a 59 anos 22,29% ;
60 anos ou mais 20,89% ;


Grau de instrução: Analfabeto 11,62% ;
Ensino Fundamental Completo 3,73% ;
Ensino Fundamental Incompleto 21,72% ;
Ensino Médio Completo 21,69% ;
Ensino Médio Incompleto 19,51% ;
Lê E Escreve 14,23% ;
Superior Completo 4,31% ;
Superior Incompleto 3,20% ;


Fonte dos dados: TSE-Tribunal Superior Eleitoral/agosto2026; Cruzamento Eleitorado Mensal https://sig.tse.jus.br/ords/dwapr/r/seai/sig-eleitor-eleitorado-mensal/cruzamento-eleitorado-mensal?p0_municipio=COD%C3%93&p0_uf=MA&session=1424541272296 ;

Ano=2026; Mês = agosto; UF= MA; MUNICIPIO = Codó;

Renda familiar: Até 1/2 salário mínimo 15,30% ;
Mais de 1/2 a 1 salário mínimo 26,89% ;
Mais de 1 a 2 salários mínimos 27,84% ;
Mais de 2 a 5 salários mínimos 17,83% ;
Mais de 5 a 10 salários mínimos 3,30% ;
Mais de 10 a 20 salários mínimos 0,88% ;
Mais de 20 salários mínimos 0,26% ;
Sem rendimento 7,70% ;


Fonte dos dados: IBGE-Censo 2010-IBGE-CENSO 2022 (IBGE/Censo 2010 - Classe de rendimento nominal mensal domiciliar) ; https://cidades.ibge.gov.br/brasil/ma/codo/pesquisa/23/24304 ;

""Está prevista eventual ponderação da amostra para correção das variáveis sexo, idade, renda familiar e escolaridade com base nos percentuais anteriormente mencionados, caso ocorram diferenças entre os percentuais previstos na amostra e a coleta de dados realizada. O nível de confiança estimado é de 95% e a margem de erro máxima prevista, baseada em uma amostra aleatória simples (AAS), é de cerca de 5,2 pontos percentuais para mais ou para menos em relação aos totais da amostra. Nível Econômico: IBGE (Censo/2010) - Observação: Conforme informações obtidas do Instituto Brasileiro de Geografia e Estatística, o IBGE, não divulgou - e não tem previsão - de data para divulgação do perfil econômico (nível econômico) da população brasileira; portanto, os dados quanto ao nível econômico obtidos no Censo 2022, não podem ser utilizados, pois não foram publicados.""";"Para a realização da pesquisa, utiliza-se uma equipe de entrevistadores e supervisores credenciados devidamente treinados pela empresa para esse tipo de pesquisa. Após os trabalhos de campo, 100% dos questionários são criticados e passam por uma fiscalização de cerca de 20% (vinte por cento) dos questionários aplicados por cada entrevistador; para verificação da consistência das respostas e da adequação dos entrevistados aos parâmetros amostrais.";"#NULO#"
"28/09/2026";"05:46:54";2026;81;"Eleições Gerais 2026";"MA";"MA";"MARANHÃO";"MA076872026";"2026-08-03 17:03:41";"N";"10320449000190";"M D C LEMOS LTDA";"INOP PREVISAO PESQUISAS SERVICOS E PUBLICIDADES";"Governador, Senador, Deputado Federal, Deputado Estadual";"2026-07-28 00:00:00";"2026-08-05 00:00:00";"2026-08-09 00:00:00";2660;"8747";"VITOR EMMANUEL BOUCAS DA SILVA";"48000,00";"A pesquisa sendo realizada em âmbito estadual, abrangendo eleitores residentes nas zonas urbana e 
rural dos municípios do Estado do Maranhão, por meio de entrevistas presenciais, conduzidas tanto 
em domicílios quanto em pontos de fluxo populacional (tais como vias públicas, áreas comerciais, 
terminais de transporte, praças e locais de grande circulação), relacionando-as aos bairros ou 
povoados de moradia, mediante aplicação de questionário estruturado com perguntas abertas e 
fechadas. As entrevistas são realizadas por equipe de entrevistadores previamente treinada e 
identificada, observando-se critérios de elegibilidade do respondente, quais sejam: ter 16 anos ou 
mais, residir no Estado do Maranhão e possuir título eleitoral válido, estando, portanto, apto a votar. ";"O desenho amostral adotado é do tipo misto com uso de conglomerados em dois estágios e 
estratificado. No primeiro estágio, os municípios do estado são estratificados por regiões 
geográficas (Norte, Sul, Leste, Oeste, Central e Grande Ilha), com alocação proporcional ao 
tamanho do eleitorado, conforme dados mais recentes do Tribunal Superior Eleitoral (TSE). Dentro 
de cada estrato, são sorteados municípios auto representativos e não auto representativos, estes 
últimos selecionados com probabilidade proporcional ao tamanho (PPT). 
No segundo estágio, dentro dos municípios sorteados, são definidos conglomerados de coleta, 
compreendendo bairros ou áreas de grande circulação (pontos de fluxo), selecionados de forma 
aleatória ou sistemática. Nesses conglomerados, os entrevistadores realizam abordagens presenciais 
de eleitores, tanto em domicílios quanto em pontos de fluxo previamente definidos. A seleção do 
respondente respeita regras objetivas de abordagem (por exemplo, intervalo fixo de domicílios ou 
abordagem do próximo transeunte elegível). Após a finalização do trabalho de campo, os dados 
coletados são comparados aos quantitativos populacionais e se necessário submetidos a 
procedimento de ponderação estatística (pós-estratificação), com o objetivo de ajustar a amostra às 
distribuições conhecidas do eleitorado estadual segundo sexo, faixa etária, escolaridade e renda 
familiar, com base nas informações oficiais do Tribunal Superior Eleitoral (TSE-2026) e do 
Instituto Brasileiro de Geografia e Estatística (IBGE-2022). Esse procedimento visa corrigir 
eventuais desequilíbrios amostrais decorrentes do uso combinado de entrevistas domiciliares e em 
pontos de fluxo, assegurando a representatividade dos resultados em relação ao universo 
pesquisado. 
GÊNERO: Masculino (47,93%); Feminino (52,07%); 
GÊNERO e FAIXA ETÁRIA: Feminino 16 a 24 anos (16,29%); 25 a 29 anos (10,86%); 30 a 49 
anos (40,10%); 50 anos ou mais (32,74%); Masculino 16 a 24 anos (17,43%); 25 a 29 anos 
(10,94%); 30 a 49 anos (39,94%); 50 anos ou mais (31,69%) 
GÊNERO e GRAU DE INSTRUÇÃO: Feminino Até a 4°série do Ensino Fundamental (35,47%); 
5° a 8° série do Ensino Fundamental (23,56%); Ensino Médio (29,60%); Ensino Superior (11,37%) 
Masculino Até a 4°série do Ensino Fundamental (43,57%); 5°a 8° série do Ensino Fundamental 
(25,29%); Ensino Médio (24,07%); Ensino Superior (7,07%) 
RENDA MENSAL INDIVIDUAL: Até 1 salário 73%; Mais de 1 a 2 salários 20%; Mais de 2 
salários 7%. 
O nível de confiança estimado é de 95% e a margem de erro máxima é de 2,98%. FONTE DOS 
DADOS: IBGE 2022 | TSE 2026 
Número de questionários aplicados, margem de erro e nível de confiança; 
A pesquisa realizada com 2660 entrevistas. O tamanho da amostra foi dimensionado para garantir 
estimativas com nível de confiança de 95% e erro amostral máximo de aproximadamente 2,98 
pontos percentuais, considerando agora a natureza multicategórica da pergunta de intenção de voto. 
Assim, para cada percentual estimado individualmente, pode-se afirmar que, com 95% de 
confiança, o valor real na população pode diferir do valor observado na amostra em até 
aproximadamente 2,98 pontos percentuais.";"O controle da qualidade da coleta de dados é realizado por meio de procedimentos contínuos de 
supervisão e auditoria interna, aplicados em todas as etapas do trabalho de campo. Todos os 
questionários passam por conferência técnica obrigatória, destinada à verificação de consistência, 
completude das respostas e adequação ao plano amostral previamente definido. 
Adicionalmente, é realizada verificação independente em, no mínimo, 20% das entrevistas, 
selecionadas de forma aleatória, por meio de recontato telefônico ou visita de retorno ao domicílio, 
conforme a natureza da entrevista originalmente realizada. Esse procedimento tem por finalidade 
confirmar a realização da entrevista, a elegibilidade do respondente e a fidelidade das informações 
registradas. 
Para a execução da pesquisa, é mobilizada uma equipe composta por entrevistadores de campo, 
supervisores regionais e coordenação geral, todos previamente treinados quanto aos procedimentos 
metodológicos, éticos e operacionais do levantamento. Os supervisores realizam acompanhamento 
direto e indireto das equipes, incluindo observação em campo, checagem de rotas e validação diária 
dos questionários coletados. 
A coordenação geral é responsável pela consolidação das informações, pelo monitoramento do 
cumprimento do plano amostral e pela adoção de medidas corretivas sempre que identificadas 
inconsistências ou desvios nos procedimentos de coleta.";"#NULO#"
"28/09/2026";"05:46:54";2026;81;"Eleições Gerais 2026";"MA";"MA";"MARANHÃO";"MA020792026";"2026-09-17 23:55:13";"N";"47425567000173";"IPPI PESQUISAS E CONSULTORIA LTDA";"IPPI - PESQUISAS E CONSULTORIAS";"Governador, Senador, Deputado Federal, Deputado Estadual";"2026-09-11 00:00:00";"2026-09-15 00:00:00";"2026-09-23 00:00:00";1000;"10644";"ANTONIO ALBERTO IBIAPINA COSTA FILHO";"20000,00";"Pesquisa quantitativa, do tipo levantamento (survey), realizada por meio de entrevistas pessoais e presenciais, aplicadas nos domicílios, com questionário estruturado, junto a amostra representativa dos eleitores de 16 anos ou mais residentes no município de São Luís (MA).";"O público pesquisado é composto por eleitores de 16 anos ou mais residentes na área de abrangência da pesquisa. Para produzir uma amostra representativa desse público-alvo, utilizamos um desenho amostral em 2 estágios. No primeiro estágio, é feito um sorteio probabilístico de localidades onde as entrevistas serão realizadas por meio do método PPT (Probabilidade Proporcional ao Tamanho) considerando a população votante nas localidades como base para essa seleção. No segundo estágio, a seleção do entrevistado dentro da localidade será feita através de cotas amostrais para as seguintes variáveis: sexo, idade, renda familiar e escolaridade. O perfil da amostra, definido pelas cotas previstas, é o seguinte: Sexo: Masculino (45%); Feminino (55%). Faixa etária: 16-24 anos (12%); 25-34 anos (20%); 35-44 anos (22%);45-59 anos (26%); 60 ou mais (20%). Renda domiciliar total: Até 2 salários-mínimos (42%); Mais de 2 a 5 salários-mínimos (36%); Mais de 5 salários-mínimos (22%). Nível de instrução: De analfabeto até Fundamental completo (21%); Médio incompleto ou completo (59%); Superior incompleto ou completo ou mais (20%). Fonte dos dados:TSE-Tribunal Superior Eleitoral - agosto/2026; Censo 2022 (IBGE); PNADc Anual 2025, Está prevista eventual ponderação da amostra, para correção de estimativas e das distribuições das variáveis sexo e idade, com base nos percentuais anteriormente mencionados, caso ocorram diferenças entre os percentuais previstos na amostra e a coleta de dados realizada. Dentro do público-alvo anteriormente descrito, serão realizadas 1000 entrevistas. O nível de confiança das estimativas é de 95% e a margem de erro máxima prevista, e usando o cálculo para amostra aleatória simples (AAS) como aproximação, é de cerca de 3,1 pontos percentuais para mais ou para menos em relação aos totais da amostra.";"As entrevistas serão realizadas por uma equipe de entrevistadores devidamente qualificada, com experiência e treinamento em pesquisa de opinião pública. Após a realização da coleta de dados, as entrevistas junto aos respondentes são checadas por meio de procedimentos de consistência . Ao longo e após os trabalhos de campo, é realizada uma fiscalização que consiste na checagem de áudio de uma amostra de 30% dos questionários aplicados para verificação das respostas e da adequação dos entrevistados aos parâmetros amostrais.";"A área de abrangência da coleta é o município de São Luís (MA). A relação de áreas de abrangência da pesquisa constará em anexo. A partir do dia em que a pesquisa puder ser divulgada e até o dia seguinte, o registro poderá ser complementado, sob pena de ser a pesquisa considerada não registrada. Na ausência de delimitação do bairro, será identificada a área em que foi realizada, conforme §7º. do art. 2º. da Resolução-TSE nº. 23.600/2019."
"28/09/2026";"05:46:54";2026;81;"Eleições Gerais 2026";"MA";"MA";"MARANHÃO";"MA064012026";"2026-09-05 12:58:14";"S";"00654576000172";"INSTITUTO VERITA LTDA";"VERITA";"Governador, Senador";"2026-09-05 00:00:00";"2026-09-10 00:00:00";"2026-09-11 00:00:00";1525;"10699";"Guilherme Alvarenga Laia";"117425,00";"Estudo quantitativo voltado às Eleições 2026, realizado por meio de entrevistas individuais, aplicadas mediante questionário eletrônico estruturado e Unidade Automatizada de Respostas Audíveis e Auditáveis, por meio de ligações para telefones móveis (celulares). A inteligência artificial é empregada exclusivamente para a transcrição automatizada das respostas em áudio, não interferindo na formulação das perguntas, na condução das entrevistas, na coleta das informações, na interpretação das respostas ou no tratamento estatístico dos dados.

A participação dos eleitores é voluntária, espontânea e não remunerada. As respostas são prestadas por autodeclaração, sendo, em sua maioria, registradas por meio de códigos numéricos correspondentes às alternativas previamente definidas no questionário.

A utilização de sistema eletrônico automatizado para a coleta e o registro das respostas proporciona elevado nível de padronização operacional, reduz a possibilidade de interferência humana durante a realização das entrevistas, amplia a rastreabilidade e a auditabilidade de todo o processo de coleta e contribui para maior precisão, consistência e confiabilidade dos dados obtidos.

O plano amostral foi elaborado para assegurar a representatividade estatística do eleitorado da respectiva Unidade da Federação, observando critérios técnicos de seleção, distribuição e ponderação da amostra, quando aplicáveis.";"A pesquisa foi planejada para produzir uma amostra estatisticamente representativa do eleitorado do estado DO MARANHÃO, utilizando o método de Probabilidade Proporcional ao Tamanho (PPT), com plano amostral em múltiplos estágios. Na primeira etapa, esta Unidade da Federação é dividida em macrorregiões, de forma a assegurar adequada distribuição territorial da amostra e representação das diferentes características geográficas, demográficas e eleitorais. Na segunda etapa, os municípios de cada estrato são ordenados segundo seu porte populacional e eleitoral e sorteados. Na terceira etapa, os respondentes são selecionados entre os eleitores aptos residentes nos municípios sorteados, observando-se a distribuição proporcional da amostra e as cotas estabelecidas para as variáveis de sexo, faixa etária, grau de instrução e nível econômico. As cotas são estabelecidas para a pesquisa completa, considerando a composição do eleitorado e os parâmetros oficiais de referência, não sendo aplicadas isoladamente a cada município selecionado.

SEXO E FAIXA ETÁRIA - Fonte: Tribunal Superior Eleitoral (TSE), Perfil do Eleitorado, junho de 2026. Feminino de 16 a 34 anos: 19,6%; Masculino de 16 a 34 anos: 18,7%; Feminino de 35 a 54 anos: 19,1%; Masculino de 35 a 54 anos: 17,7%; Feminino com 55 anos ou mais: 13,2%; Masculino com 55 anos ou mais: 11,7%. Os parâmetros de sexo e idade têm como referência o cadastro eleitoral brasileiro atualizado pelo Tribunal Superior Eleitoral, considerando o universo de eleitores aptos com 16 anos ou mais.

GRAU DE INSTRUÇÃO - Fonte: IBGE - PNAD Contínua Anual 2025. A distribuição é: sem instrução 8,1%; ensino fundamental incompleto ou equivalente 27,1%; ensino fundamental completo ou equivalente 8,4%; ensino médio incompleto ou equivalente 9,4%; ensino médio completo ou equivalente 32,7%; ensino superior incompleto ou equivalente 4%; ensino superior completo 10,3%. Para não confundir os respondentes as faixas de escolaridade no questionário foram agrupadas em 3 faixas: até ensino fundamental incompleto e completo, ensino médio incompleto e completo e superior incompleto, completo ou mais. A PNAD Contínua é utilizada como referência por constituir a fonte oficial mais atualizada para a mensuração do nível de instrução da população brasileira, sua utilização também corrige limitações decorrentes da ausência de atualização obrigatória e contínua das informações de escolaridade no cadastro eleitoral do Tribunal Superior Eleitoral.

NÍVEL ECONÔMICO - RENDA FAMILIAR DO DOMICÍLIO - Fonte: IBGE - PNAD Contínua Anual 2025. Considera-se a renda domiciliar total, compreendendo rendimentos provenientes de trabalho formal e informal, aposentadorias, pensões, benefícios sociais e demais fontes de renda existentes no domicílio. observando-se a seguinte distribuição: renda familiar de até 2 salários-mínimos 63,3%; de 2 a 5 salários-mínimos 28,3%, acima de 5 salários-mínimos 8,4%.

PONDERAÇÃO E CALIBRAÇÃO DA AMOSTRA - Prevê-se eventual ponderação das variáveis de sexo, faixa etária, grau de instrução e nível econômico, caso sejam verificadas diferenças relevantes entre a distribuição da amostra efetivamente coletada e os parâmetros populacionais de referência adotados. Inicialmente, o fator de ponderação é igual a 1 (um), podendo ser recalculado sempre que necessário para assegurar a representatividade estatística da amostra.
INTERVALO DE CONFIANÇA E MARGEM DE ERRO - O intervalo de confiança adotado é de 95%, com margem máxima estimada de erro de aproximadamente 3 pontos percentuais, para mais ou para menos, sobre os resultados do total da amostra, calculada segundo o modelo de amostragem aleatória simples e a hipótese de máxima variabilidade.";"Após os trabalhos de coleta de dados, os questionários são submetidos a uma fiscalização, conferência e checagem de cerca de 20% (vinte por cento) dos questionários aplicados. Todas as entrevistas são integralmente registradas em áudio, permanecendo auditáveis e rastreáveis, permitindo a verificação da integridade do processo de coleta, preservado o sigilo das informações pessoais dos entrevistados e observadas as disposições da Lei Geral de Proteção de Dados Pessoais (Lei nº 13.709/2018).";"Em observância ao art. 2º, § 7º, da Resolução TSE nº 23.600/2019, com redação dada pela Resolução TSE nº 23.747/2026, a presente pesquisa terá seu registro complementado no Sistema de Registro de Pesquisas Eleitorais a partir da data em que sua divulgação for permitida e até o dia seguinte, com a identificação dos municípios em que foram realizadas as entrevistas, bem como da composição final da amostra quanto a gênero, idade, grau de instrução e nível econômico, na forma exigida pela legislação eleitoral vigente."
"28/09/2026";"05:46:54";2026;81;"Eleições Gerais 2026";"MA";"MA";"MARANHÃO";"MA025582026";"2026-08-18 20:08:34";"N";"22445600000104";"QUAEST PESQUISAS, CONSULTORIA E PROJETOS LTDA.";"#NULO#";"Governador, Senador";"2026-08-20 00:00:00";"2026-08-23 00:00:00";"2026-08-24 00:00:00";900;"6731";"Margarida Maria de Mendonca";"106290,00";"Pesquisa quantitativa, de survey, que consiste na realização de entrevistas pessoais, domiciliares e presenciais, conduzidas por profissionais treinados, com a aplicação de questionários estruturados a uma amostra representativa da população votante de 16 anos ou mais residente no estado do Maranhão. O desenho amostral aplicado combina sorteio probabilístico de municípios e de setores censitários fornecidos pelo IBGE (unidades territoriais homogêneas, de tamanho similar a quadras ou blocos), dentro dos quais serão selecionadas pessoas respondentes por meio de cotas amostrais.";"O público pesquisado é composto por eleitores de 16 anos ou mais residentes na área de abrangência da pesquisa. Para produzir uma amostra representativa desse público-alvo, utilizamos um desenho amostral por conglomerados que prevê três estágios. No primeiro estágio, é feito um sorteio probabilístico de municípios para comporem a amostra por meio do método PPT (Probabilidade Proporcional ao Tamanho) a partir de suas populações votantes acima de 16 anos. Dentro da lista de municípios sorteados, no segundo estágio, é realizado um sorteio probabilístico por meio do método PPT (Probabilidade Proporcional ao Tamanho) de setores censitários a serem visitados pelos entrevistadores, sorteio que tem como base o total de habitantes residentes nos setores de acordo com dados do Censo de 2022, o que garante a dispersão aleatória e estatística da amostra dentro dos territórios municipais, independentemente de divisões administrativas. Finalmente, dentro da lista de setores censitários sorteados, no último estágio são selecionados domicílios e pessoas a serem entrevistadas utilizando-se cotas amostrais para as seguintes variáveis: sexo, idade, renda familiar e escolaridade. O perfil da amostra, definido pelas cotas previstas, é o seguinte:

Sexo: Masculino (48%); Feminino (52%). 
Faixa etária: 16-34 anos (38%); 35-59 anos (43%); 60 ou mais (19%). 
Renda domiciliar total, incluindo pensões, benefícios e rendimentos de trabalhos informais: Até 2 salários-mínimos (53%); Mais de 2 a 5 salários-mínimos (36%); Mais de 5 salários-mínimos (11%). 
Nível de instrução: Até Fundamental completo ou médio incompleto (50%); Médio completo ou superior incompleto (39%); Superior completo ou mais (11%). 

Fonte dos dados: para a distribuição de sexo e idade, TSE-Tribunal Superior Eleitoral - julho/2026; para a malha de setores censitários, Censo 2022 (IBGE); para a distribuição de renda domiciliar, PNADc Anual 2025, 1ª visita (IBGE); e, para a distribuição de escolaridade/instrução, PNADc trimestral 1-2026 (IBGE). A PNADc é utilizada por ser a fonte oficial mais atualizada de rendimentos do país, incluindo rendimentos informais, pensões, entre outros, e corrigindo as defasagens temporais do Censo 2022, além de ser a fonte mais atualizada de nível de instrução da população com 16 anos ou mais dada ausência de atualização obrigatória da escolaridade no registro de eleitores do TSE.

Está prevista eventual pós-estratificação da amostra, por meio de algoritmos de calibração (rake) e modelos (MrP), para correção de estimativas e das distribuições das variáveis sexo, idade, renda familiar e escolaridade, com base nos percentuais anteriormente mencionados, caso ocorram diferenças entre os percentuais previstos na amostra e a coleta de dados realizada. 

Dentro do público-alvo anteriormente descrito, serão realizadas 900 entrevistas. O nível de confiança das estimativas é de 95% e a margem de erro máxima prevista, atendendo às diretivas do TSE e usando o cálculo para amostra aleatória simples (AAS) como aproximação, é de cerca de 3 pontos percentuais para mais ou para menos em relação aos totais da amostra.";"As entrevistas serão realizadas por uma equipe de entrevistadores devidamente qualificada, com experiência e treinamento em pesquisa de opinião pública. Todo trabalho é feito em tablets ou outros dispositivos eletrônicos. Após a realização da coleta de dados, as entrevistas junto aos respondentes são checadas por meio de procedimentos de consistência e de georreferenciamento dos locais de aplicação em tempo real. Adicionalmente, ao longo e após os trabalhos de campo, é realizada uma fiscalização que consiste na checagem de áudio de uma amostra de 30% dos questionários aplicados para verificação das respostas e da adequação dos entrevistados aos parâmetros amostrais.";"A área de abrangência da coleta é o território do estado do Maranhão. A relação do número de pessoas pesquisadas nas áreas de aplicação da pesquisa, discriminadas por município, bairros e setores censitários a partir dos identificadores utilizados pelo IBGE, além da composição do eleitorado entrevistado na área de abrangência quanto a gênero, idade, grau de instrução e nível econômico, constará em anexo. O mapa com os códigos destes setores censitários e as áreas que delimitam no país todo podem ser conferidos na seguinte fonte oficial: https://censo2022.ibge.gov.br/panorama/mapas.html?localidade=&recorte=setores_censitarios"
"28/09/2026";"05:46:54";2026;81;"Eleições Gerais 2026";"MA";"MA";"MARANHÃO";"MA088682026";"2026-08-29 21:10:36";"N";"47425567000173";"IPPI PESQUISAS E CONSULTORIA LTDA";"IPPI - PESQUISAS E CONSULTORIAS";"Governador, Senador, Deputado Federal, Deputado Estadual";"2026-08-29 00:00:00";"2026-09-02 00:00:00";"2026-09-04 00:00:00";1500;"10644";"ANTONIO ALBERTO IBIAPINA COSTA FILHO";"60000,00";"Pesquisa quantitativa, do tipo survey, realizada por meio de entrevistas presenciais, domiciliares e individuais, com aplicação de questionário estruturado ? contendo perguntas espontâneas e estimuladas, estas com apresentação de cartela em rodízio ? a uma amostra representativa da população votante do estado do Maranhão. O público-alvo é composto por eleitores de 16 anos ou mais residentes na área de abrangência da pesquisa (território do estado do Maranhão), tendo como referência o eleitorado apto registrado pelo TSE (julho/2026).";"O público pesquisado é composto por eleitores de 16 anos ou mais residentes na área de abrangência da pesquisa. Para produzir uma amostra representativa desse público-alvo, utilizamos um desenho amostral por conglomerados que prevê três estágios. No primeiro estágio, é feito um sorteio probabilístico de municípios para comporem a amostra por meio do método PPT (Probabilidade Proporcional ao Tamanho) a partir de suas populações votantes acima de 16 anos. Dentro da lista de municípios sorteados, no segundo estágio, é realizado um sorteio probabilístico por meio do método PPT (Probabilidade Proporcional ao Tamanho) de setores censitários a serem visitados pelos entrevistadores, sorteio que tem como base o total de habitantes residentes nos setores de acordo com dados do Censo de 2022. Por último, são selecionados domicílios e pessoas a serem entrevistadas utilizando-se cotas amostrais para as seguintes variáveis: sexo, idade, renda familiar e escolaridade. O perfil da amostra, definido pelas cotas previstas, é o seguinte: Sexo: Masculino (48%); Feminino (52%). Faixa etária: 16-24 anos (17%); 25-34 anos (21%); 35-44 anos (21%); 45-59 anos (23%); 60 anos ou mais (18%). Renda domiciliar total: Até 2 salários-mínimos (54%); Mais de 2 a 5 salários-mínimos (36%); Mais de 5 salários-mínimos (10%). Nível de instrução: De analfabeto até Fundamental completo (45%); Médio incompleto ou completo (46%); Superior incompleto ou completo ou mais (9%). Fonte dos dados: TSE ? Tribunal Superior Eleitoral (julho/2026); Censo 2022 (IBGE); PNAD Contínua (PNADc) Anual 2024 (IBGE). Está prevista eventual ponderação da amostra, para correção de estimativas e das distribuições das variáveis sexo e idade, com base nos percentuais anteriormente mencionados, caso ocorram diferenças entre os percentuais previstos na amostra e a coleta de dados realizada. Dentro do público-alvo anteriormente descrito, serão realizadas 1.500 entrevistas, distribuídas em 80 municípios das cinco mesorregiões do estado. O nível de confiança das estimativas é de 95% e a margem de erro máxima prevista, usando o cálculo para amostra aleatória simples (AAS) como aproximação, é de cerca de 2,5 pontos percentuais para mais ou para menos em relação aos totais da amostra.";"As entrevistas são realizadas por equipe de entrevistadores devidamente qualificada, com experiência e treinamento em pesquisa de opinião pública, sob supervisão de campo. Todos os questionários passam por procedimentos de crítica e consistência ? verificação de preenchimento e completude, coerência lógica das respostas, duração e horário da entrevista e, quando disponível, geolocalização do ponto de coleta. Ao longo e após os trabalhos de campo, é realizada uma fiscalização que consiste na checagem de áudio de uma amostra de 30% dos questionários aplicados, para verificação das respostas e da adequação dos entrevistados aos parâmetros amostrais (sexo, idade, renda familiar e escolaridade). Os questionários com inconsistências são revisados ou excluídos e, quando necessário, a entrevista é substituída. Toda a documentação da pesquisa é mantida arquivada e auditável.";"A área de abrangência da coleta é o território do estado do Maranhão. A pesquisa prevê 1.500 entrevistas, distribuídas em 80 municípios das cinco mesorregiões do estado. A relação do número de pessoas a serem entrevistadas nas áreas de aplicação da pesquisa ? discriminada por município, bairro e setor censitário, a partir dos identificadores utilizados pelo IBGE ?, bem como a composição do eleitorado entrevistado na área de abrangência quanto a sexo, idade, grau de instrução e nível econômico (renda familiar), constará em documento anexo (mapa de cotas por município)."
"28/09/2026";"05:46:54";2026;81;"Eleições Gerais 2026";"MA";"MA";"MARANHÃO";"MA015552026";"2026-07-15 15:20:06";"N";"10320449000190";"M D C LEMOS LTDA";"INOP PREVISAO PESQUISAS SERVICOS E PUBLICIDADES";"Governador, Senador, Deputado Federal, Deputado Estadual";"2026-07-08 00:00:00";"2026-07-16 00:00:00";"2026-07-21 00:00:00";2610;"8747";"VITOR EMMANUEL BOUCAS DA SILVA";"48000,00";"
A pesquisa foi realizada em âmbito estadual, abrangendo eleitores residentes nas zonas urbana e rural dos municípios do Estado do Maranhão, por meio de entrevistas presenciais, conduzidas tanto em domicílios quanto em pontos de fluxo populacional (tais como vias públicas, áreas comerciais, terminais de transporte, praças e locais de grande circulação), relacionando-as aos bairros ou povoados de moradia, mediante aplicação de questionário estruturado com perguntas abertas e fechadas. As entrevistas são realizadas por equipe de entrevistadores previamente treinada e identificada, observando-se critérios de elegibilidade do respondente, quais sejam: ter 16 anos ou mais, residir no Estado do Maranhão e possuir título eleitoral válido, estando, portanto, apto a votar.
";"O desenho amostral adotado é do tipo misto com uso de conglomerados em dois estágios e estratificado. No primeiro estágio, os municípios do estado são estratificados por regiões geográficas (Norte, Sul, Leste, Oeste, Central e Grande Ilha), com alocação proporcional ao tamanho do eleitorado, conforme dados mais recentes do Tribunal Superior Eleitoral (TSE). Dentro de cada estrato, são sorteados municípios auto representativos e não auto representativos, estes últimos selecionados com probabilidade proporcional ao tamanho (PPT).
No segundo estágio, dentro dos municípios sorteados, são definidos conglomerados de coleta, compreendendo bairros ou áreas de grande circulação (pontos de fluxo), selecionados de forma aleatória ou sistemática. Nesses conglomerados, os entrevistadores realizam abordagens presenciais de eleitores, tanto em domicílios quanto em pontos de fluxo previamente definidos. A seleção do respondente respeita regras objetivas de abordagem (por exemplo, intervalo fixo de domicílios ou abordagem do próximo transeunte elegível). Após a finalização do trabalho de campo, os dados coletados são comparados aos quantitativos populacionais e se necessário submetidos a procedimento de ponderação estatística (pós-estratificação), com o objetivo de ajustar a amostra às distribuições conhecidas do eleitorado estadual segundo sexo, faixa etária, escolaridade e renda familiar, com base nas informações oficiais do Tribunal Superior Eleitoral (TSE-2026) e do Instituto Brasileiro de Geografia e Estatística (IBGE-2022). Esse procedimento visa corrigir eventuais desequilíbrios amostrais decorrentes do uso combinado de entrevistas domiciliares e em pontos de fluxo, assegurando a representatividade dos resultados em relação ao universo pesquisado.

GÊNERO: Masculino (47,93%); Feminino (52,07%);

GÊNERO e FAIXA ETÁRIA: Feminino 16 a 24 anos (16,29%); 25 a 29 anos (10,86%); 30 a 49 anos (40,10%); 50 anos ou mais (32,74%); Masculino 16 a 24 anos (17,43%); 25 a 29 anos (10,94%); 30 a 49 anos (39,94%); 50 anos ou mais (31,69%)

GÊNERO e GRAU DE INSTRUÇÃO: Feminino Até a 4°série do Ensino Fundamental (35,47%); 5° a 8° série do Ensino Fundamental (23,56%); Ensino Médio (29,60%); Ensino Superior (11,37%)
Masculino Até a 4°série do Ensino Fundamental (43,57%); 5°a 8° série do Ensino Fundamental (25,29%); Ensino Médio (24,07%); Ensino Superior (7,07%)

RENDA MENSAL INDIVIDUAL: Até 1 salário 73%; Mais de 1 a 2 salários 20%; Mais de 2 salários 7%.

O nível de confiança estimado é de 95% e a margem de erro máxima é de 3,02%. FONTE DOS DADOS: IBGE 2022 | TSE 2026
Número de questionários aplicados, margem de erro e nível de confiança;

A pesquisa realizada com 2610 entrevistas. O tamanho da amostra foi dimensionado para garantir estimativas com nível de confiança de 95% e erro amostral máximo de aproximadamente 3,02 pontos percentuais, considerando agora a natureza multicategórica da pergunta de intenção de voto. Assim, para cada percentual estimado individualmente, pode-se afirmar que, com 95% de confiança, o valor real na população pode diferir do valor observado na amostra em até aproximadamente 3,02 pontos percentuais.
";"O controle da qualidade da coleta de dados é realizado por meio de procedimentos contínuos de supervisão e auditoria interna, aplicados em todas as etapas do trabalho de campo. Todos os questionários passam por conferência técnica obrigatória, destinada à verificação de consistência, completude das respostas e adequação ao plano amostral previamente definido.
Adicionalmente, é realizada verificação independente em, no mínimo, 20% das entrevistas, selecionadas de forma aleatória, por meio de recontato telefônico ou visita de retorno ao domicílio, conforme a natureza da entrevista originalmente realizada. Esse procedimento tem por finalidade confirmar a realização da entrevista, a elegibilidade do respondente e a fidelidade das informações registradas.
Para a execução da pesquisa, é mobilizada uma equipe composta por entrevistadores de campo, supervisores regionais e coordenação geral, todos previamente treinados quanto aos procedimentos metodológicos, éticos e operacionais do levantamento. Os supervisores realizam acompanhamento direto e indireto das equipes, incluindo observação em campo, checagem de rotas e validação diária dos questionários coletados.
A coordenação geral é responsável pela consolidação das informações, pelo monitoramento do cumprimento do plano amostral e pela adoção de medidas corretivas sempre que identificadas inconsistências ou desvios nos procedimentos de coleta.

";"#NULO#"
"28/09/2026";"05:46:54";2026;81;"Eleições Gerais 2026";"MA";"MA";"MARANHÃO";"MA071802026";"2026-08-30 20:37:14";"N";"64500153000180";"LAIS CRISTINA RODRIGUES DE OLIVEIRA LTDA";"IPSENSUS PESQUISAS";"Governador, Senador";"2026-08-30 00:00:00";"2026-09-02 00:00:00";"2026-09-05 00:00:00";350;"7655";"AUGUSTO DA SILVA ROCHA";"4000,00";"A pesquisa cobrirá o município envolvendo todas regiões do município de Raposa/MA Universo da pesquisa será dos eleitores com 16 anos ou mais. A amostra representará os eleitores do Município, selecionados em 2(dois) estágios. No primeiro estágio, os setores censitários, onde as entrevistas serão realizadas, foram selecionadas, probabilisticamente, através do método PPT - Probabilidade Proporcional ao Tamanho, tomando o número de eleitores como base para seleção. No segundo estágio, a seleção do entrevistado, dentro do setor censitário, será feita utilizando-se quotas proporcionais, e a abordagem será domiciliar.";"Utilizamos quotas proporcionais, em função das seguintes variáveis:

Gênero: FEMININO 53,50% ;
MASCULINO 46,50% ;


Faixa etária: 16 a 24 anos 15,90% ;
25 a 34 anos 22,73% ;
35 a 44 anos 22,57% ;
45 a 59 anos 24,80% ;
60 anos ou mais 14,00% ;


Grau de instrução: ; ANALFABETO 3,61% ;
ENSINO FUNDAMENTAL COMPLETO 6,79% ;
ENSINO FUNDAMENTAL INCOMPLETO 23,41% ;
ENSINO MÉDIO COMPLETO 31,07% ;
ENSINO MÉDIO INCOMPLETO 23,66% ;
LÊ E ESCREVE 5,32% ;
SUPERIOR COMPLETO 3,81% ;
SUPERIOR INCOMPLETO 2,33% ;

Fonte dos dados: TSE-Tribunal Superior Eleitoral/julho2026; Cruzamento Eleitorado Mensal
https://sig.tse.jus.br/ords/dwapr/r/seai/sig-eleitor-eleitorado-mensal/cruzamento-eleitorado-mensal?p24_metricas=E&p24_back=22&p24_cruzamento_1=ds_sexo&clear=24&session=1774743626647
;
https://sig.tse.jus.br/ords/dwapr/r/seai/sig-eleitor-eleitorado-mensal/cruzamento-eleitorado-mensal?p24_cruzamento_1=ds_faixa_etaria&p24_metricas=E&p24_back=22&clear=24&session=1774743626647
;
https://sig.tse.jus.br/ords/dwapr/r/seai/sig-eleitor-eleitorado-mensal/cruzamento-eleitorado-mensal?p24_cruzamento_1=ds_grau_instrucao&p24_metricas=E&p24_back=22&clear=24&session=1774743626647
;
Ano=2026; Mês = JULHO; UF= MA; MUNICIPIO = Raposa;

Renda familiar: ; Até 1/2 salário mínimo 9,43% ;
Mais de 1/2 a 1 salário mínimo 27,56% ;
Mais de 1 a 2 salários mínimos 31,84% ;
Mais de 2 a 5 salários mínimos 21,02% ;
Mais de 5 a 10 salários mínimos 3,05% ;
Mais de 10 a 20 salários mínimos 0,81% ;
Mais de 20 salários mínimos 0,23% ;
Sem rendimento 6,06% ;
Fonte dos dados: IBGE-Censo 2010-IBGE-CENSO 2022 (IBGE/Censo 2010 - Classe de rendimento nominal mensal domiciliar) ; https://cidades.ibge.gov.br/brasil/ma/raposa/pesquisa/23/24304;

""Está prevista eventual ponderação da amostra para correção das variáveis sexo, idade, renda familiar e escolaridade com base nos percentuais anteriormente mencionados, caso ocorram diferenças entre os percentuais previstos na amostra e a coleta de dados realizada.

O nível de confiança estimado é de 95% e a margem de erro máxima prevista, baseada em uma amostra aleatória simples (AAS), é de cerca de 5,2 pontos percentuais para mais ou para menos em relação aos totais da amostra. Nível Econômico: IBGE (Censo/2010) - Observação: Conforme informações obtidas do Instituto Brasileiro de Geografia e Estatística, o IBGE, não divulgou - e não tem previsão - de data para divulgação do perfil econômico (nível econômico) da população brasileira; portanto, os dados quanto ao nível econômico obtidos no Censo 2022, não podem ser utilizados, pois não foram publicados.""";"Para a realização da pesquisa, utiliza-se uma equipe de entrevistadores e supervisores credenciados devidamente treinados pela empresa para esse tipo de pesquisa. Após os trabalhos de campo, 100% dos questionários são criticados e passam por uma fiscalização de cerca de 20% (vinte por cento) dos questionários aplicados por cada entrevistador; para verificação da consistência das respostas e da adequação dos entrevistados aos parâmetros amostrais.";"#NULO#"
"28/09/2026";"05:46:54";2026;81;"Eleições Gerais 2026";"MA";"MA";"MARANHÃO";"MA063812026";"2026-09-03 21:31:02";"N";"64500153000180";"LAIS CRISTINA RODRIGUES DE OLIVEIRA LTDA";"IPSENSUS PESQUISAS";"Governador, Senador";"2026-09-03 00:00:00";"2026-09-07 00:00:00";"2026-09-09 00:00:00";350;"7655";"AUGUSTO DA SILVA ROCHA";"4000,00";"A pesquisa cobrirá o município envolvendo todas regiões do município de Peritoró/MA Universo da pesquisa será dos eleitores com 16 anos ou mais. A amostra representará os eleitores do Município, selecionados em 2(dois) estágios. No primeiro estágio, os setores censitários, onde as entrevistas serão realizadas, foram selecionadas, probabilisticamente, através do método PPT - Probabilidade Proporcional ao Tamanho, tomando o número de eleitores como base para seleção. No segundo estágio, a seleção do entrevistado, dentro do setor censitário, será feita utilizando-se quotas proporcionais, e a abordagem será domiciliar.";"Utilizamos quotas proporcionais, em função das seguintes variáveis:
Gênero:
FEMININO 51,7% ;
MASCULINO 48,3% ;


Faixa etária: 16 a 24 anos 19,27% ;
25 a 34 anos 19,74% ;
35 a 44 anos 19,18% ;
45 a 59 anos 22,13% ;
60 anos ou mais 19,68% ;


Grau de instrução: ANALFABETO 17,20% ;
ENSINO FUNDAMENTAL COMPLETO 4,24% ;
ENSINO FUNDAMENTAL INCOMPLETO 19,82% ;
ENSINO MÉDIO COMPLETO 19,55% ;
ENSINO MÉDIO INCOMPLETO 22,22% ;
LÊ E ESCREVE 12,81% ;
SUPERIOR COMPLETO 2,95% ;
SUPERIOR INCOMPLETO 1,21% ;


Fonte dos dados: TSE-Tribunal Superior Eleitoral/julho2026; Cruzamento Eleitorado Mensal https://sig.tse.jus.br/ords/dwapr/r/seai/sig-eleitor-eleitorado-mensal/cruzamento-eleitorado-mensal?p0_municipio=PERITOR%C3%93&p0_uf=MA&session=115584469694707 ;
https://sig.tse.jus.br/ords/dwapr/r/seai/sig-eleitor-eleitorado-mensal/perfil-do-eleitorado-mensal?session=115584469694707 ;
Ano=2026; Mês = JULHO; UF= MA; MUNICIPIO = Peritoró;

Renda familiar: Até 1/2 salário mínimo 20,78% ;
Mais de 1/2 a 1 salário mínimo 25,63% ;
Mais de 1 a 2 salários mínimos 22,70% ;
Mais de 2 a 5 salários mínimos 9,94% ;
Mais de 5 a 10 salários mínimos 1,79% ;
Mais de 10 a 20 salários mínimos 0,41% ;
Mais de 20 salários mínimos 0,18% ;
Sem rendimento 18,57% ;

Fonte dos dados: IBGE-Censo 2010-IBGE-CENSO 2022 (IBGE/Censo 2010 - Classe de rendimento nominal mensal domiciliar) ; https://cidades.ibge.gov.br/brasil/ma/peritoro/pesquisa/23/24304 ;
""Está prevista eventual ponderação da amostra para correção das variáveis sexo, idade, renda familiar e escolaridade com base nos percentuais anteriormente mencionados, caso ocorram diferenças entre os percentuais previstos na amostra e a coleta de dados realizada. O nível de confiança estimado é de 95% e a margem de erro máxima prevista, baseada em uma amostra aleatória simples (AAS), é de cerca de 5,2 pontos percentuais para mais ou para menos em relação aos totais da amostra. Nível Econômico: IBGE (Censo/2010) - Observação: Conforme informações obtidas do Instituto Brasileiro de Geografia e Estatística, o IBGE, não divulgou - e não tem previsão - de data para divulgação do perfil econômico (nível econômico) da população brasileira; portanto, os dados quanto ao nível econômico obtidos no Censo 2022, não podem ser utilizados, pois não foram publicados.""";"Para a realização da pesquisa, utiliza-se uma equipe de entrevistadores e supervisores credenciados devidamente treinados pela empresa para esse tipo de pesquisa. Após os trabalhos de campo, 100% dos questionários são criticados e passam por uma fiscalização de cerca de 20% (vinte por cento) dos questionários aplicados por cada entrevistador; para verificação da consistência das respostas e da adequação dos entrevistados aos parâmetros amostrais.";"#NULO#"
"28/09/2026";"05:46:54";2026;81;"Eleições Gerais 2026";"MA";"MA";"MARANHÃO";"MA063072026";"2026-05-26 13:49:29";"S";"55536013000171";"M R BORGES PROMOCOES";"VOX BRASIL PUBLICIDADE MARKETING";"Governador, Senador";"2026-05-27 00:00:00";"2026-05-30 00:00:00";"2026-06-01 00:00:00";1050;"10394";"FILIPI MOREIRA MARTINE";"11000,00";"Metodologia de pesquisa:
Pesquisa quantitativa com coleta aleatória via questionário estruturado e pós-estratificação da
amostra de acordo com as características do eleitorado nos municípios do Estado do Maranhão
com total de 1050 entrevistados.
";"Plano amostral e ponderação quanto a sexo, idade, grau de instrução e nível econômico
do entrevistado; intervalo de confiança e margem de erro:
Amostra aleatória pós-estratificada com quotas proporcionais, representando características do
eleitorado de Maranhão: SEXO: Masculino: 48.0%; Feminino: 52.0%. FAIXA ETÁRIA: Entre 16 a
24 anos: 17.1%; Entre 25 a 34 anos: 20.8%; Entre 35 a 44 anos: 20.6%; Entre 45 a 59 anos:
22.9%; 60 ou mais: 18.6%. ESCOLARIDADE: Ensino Fundamental completo ou incompleto e
eleitores sem educação formal: 41.3%; Ensino Médio completo ou incompleto: 42.1%; Ensino
Superior completo ou incompleto: 16.6%. NÍVEL ECONÔMICO: Renda familiar mensal até
R$2000: 38.0%; Mais de R$2.000 a R$3.000: 23.4%; Mais de R$3.000 a R$5.000: 21.6%; Mais
de R$5.000 a R$10.000: 12.1%; Mais de R$10.000: 4.9%. OBS.: devido ao arredondamento, a
soma dos percentuais pode variar de 99% a 101%. Para cada variável de ponderação, serão
admissíveis desvios de até 3.0 pontos percentuais em relação às quotas estipuladas. Confiança
estimada: 95%, margem de erro: +/- 3.0 pontos percentuais. FONTE DOS DADOS: PNADC
2024 no quesito escolaridade e nível econômico e via TSE 2026 para sexo e faixa etária.";"Sistema interno de controle e verificação, conferência e fiscalização da coleta de dados e
do trabalho de campo:
Coleta feita com a utilização de questionário com procedimentos específicos e armazenamento
dos dados. São checados manualmente no mínimo até o limite de 20% dos questionários para
detecção de possíveis desvios de informação. Nossos Coordenadores especialistas realizam
internamente uma verificação da consistência dos dados antes da divulgação dos resultados
finais";"Dados relativos aos municípios e bairros abrangidos pela pesquisa. Na ausência de
delimitação do bairro, será identificada a área em que foi realizada a pesquisa (conforme §7º. do
art. 2º. da Resolução-TSE nº. 23.600/2019, A partir do dia em que a pesquisa for divulgada e até
o dia seguinte, o registro deverá ser complementado, sob pena de ser a pesquisa considerada
não registrada; na ausência de delimitação do bairro, será identificada a área em que foi
realizada."
"28/09/2026";"05:46:54";2026;81;"Eleições Gerais 2026";"MA";"MA";"MARANHÃO";"MA070742026";"2026-09-19 20:15:50";"N";"22445600000104";"QUAEST PESQUISAS, CONSULTORIA E PROJETOS LTDA.";"#NULO#";"Governador, Senador";"2026-09-21 00:00:00";"2026-09-24 00:00:00";"2026-09-25 00:00:00";900;"6731";"Margarida Maria de Mendonca";"106290,00";"Pesquisa quantitativa, de survey, que consiste na realização de entrevistas pessoais, domiciliares e presenciais, conduzidas por profissionais treinados, com a aplicação de questionários estruturados a uma amostra representativa da população votante de 16 anos ou mais residente no estado do Maranhão. O desenho amostral aplicado combina sorteio probabilístico de municípios e de setores censitários fornecidos pelo IBGE (unidades territoriais homogêneas, de tamanho similar a quadras ou blocos), dentro dos quais serão selecionadas pessoas respondentes por meio de cotas amostrais.";"O público pesquisado é composto por eleitores de 16 anos ou mais residentes na área de abrangência da pesquisa. Para produzir uma amostra representativa desse público-alvo, utilizamos um desenho amostral por conglomerados que prevê três estágios. No primeiro estágio, é feito um sorteio probabilístico de municípios para comporem a amostra por meio do método PPT (Probabilidade Proporcional ao Tamanho) a partir de suas populações votantes acima de 16 anos. Dentro da lista de municípios sorteados, no segundo estágio, é realizado um sorteio probabilístico por meio do método PPT (Probabilidade Proporcional ao Tamanho) de setores censitários a serem visitados pelos entrevistadores, sorteio que tem como base o total de habitantes residentes nos setores de acordo com dados do Censo de 2022, o que garante a dispersão aleatória e estatística da amostra dentro dos territórios municipais, independentemente de divisões administrativas. Finalmente, dentro da lista de setores censitários sorteados, no último estágio são selecionados domicílios e pessoas a serem entrevistadas utilizando-se cotas amostrais para as seguintes variáveis: sexo, idade, renda familiar e escolaridade. O perfil da amostra, definido pelas cotas previstas, é o seguinte:

Sexo: Masculino (48%); Feminino (52%).
Faixa etária: 16-34 anos (38%); 35-59 anos (43%); 60 ou mais (19%).
Renda domiciliar total, incluindo pensões, benefícios e rendimentos de trabalhos informais: Até 2 salários-mínimos (53%); Mais de 2 a 5 salários-mínimos (36%); Mais de 5 salários-mínimos (11%).
Nível de instrução: Até Fundamental completo ou médio incompleto (51%); Médio completo ou superior incompleto (38%); Superior completo ou mais (11%).

Fonte dos dados: para a distribuição de sexo e idade, TSE-Tribunal Superior Eleitoral - agosto/2026; para a malha de setores censitários, Censo 2022 (IBGE); para a distribuição de renda domiciliar, PNADc Anual 2025, 1ª visita (IBGE); e, para a distribuição de escolaridade/instrução, PNADc trimestral 2-2026 (IBGE). A PNADc é utilizada por ser a fonte oficial mais atualizada de rendimentos do país, incluindo rendimentos informais, pensões, entre outros, e corrigindo as defasagens temporais do Censo 2022, além de ser a fonte mais atualizada de nível de instrução da população com 16 anos ou mais dada ausência de atualização obrigatória da escolaridade no registro de eleitores do TSE.

Está prevista eventual pós-estratificação da amostra, por meio de algoritmos de calibração (rake) e modelos (MrP), para correção (1) de estimativas e (2) das distribuições de variáveis que medem o perfil da população.

Dentro do público-alvo anteriormente descrito, serão realizadas 900 entrevistas. O nível de confiança das estimativas é de 95% e a margem de erro máxima prevista, atendendo às diretivas do TSE e usando o cálculo para amostra aleatória simples (AAS) como aproximação, é de cerca de 3 pontos percentuais para mais ou para menos em relação aos totais da amostra.";"As entrevistas serão realizadas por uma equipe de entrevistadores devidamente qualificada, com experiência e treinamento em pesquisa de opinião pública. Todo trabalho é feito em tablets ou outros dispositivos eletrônicos. Após a realização da coleta de dados, as entrevistas junto aos respondentes são checadas por meio de procedimentos de consistência e de georreferenciamento dos locais de aplicação em tempo real. Adicionalmente, ao longo e após os trabalhos de campo, é realizada uma fiscalização que consiste na checagem de áudio de uma amostra de 30% dos questionários aplicados para verificação das respostas e da adequação dos entrevistados aos parâmetros amostrais.";"A área de abrangência da coleta é o território do estado do Maranhão. A relação do número de pessoas pesquisadas nas áreas de aplicação da pesquisa, discriminadas por município, bairros e setores censitários a partir dos identificadores utilizados pelo IBGE, além da composição do eleitorado entrevistado na área de abrangência quanto a gênero, idade, grau de instrução e nível econômico, constará em anexo. O mapa com os códigos destes setores censitários e as áreas que delimitam no país todo podem ser conferidos na seguinte fonte oficial: https://censo2022.ibge.gov.br/panorama/mapas.html?localidade=&recorte=setores_censitarios"
"28/09/2026";"05:46:54";2026;81;"Eleições Gerais 2026";"MA";"MA";"MARANHÃO";"MA035732026";"2026-09-12 10:15:55";"N";"64500153000180";"LAIS CRISTINA RODRIGUES DE OLIVEIRA LTDA";"IPSENSUS PESQUISAS";"Governador, Senador";"2026-09-12 00:00:00";"2026-09-17 00:00:00";"2026-09-18 00:00:00";350;"7655";"AUGUSTO DA SILVA ROCHA";"4000,00";"A pesquisa cobrirá o município envolvendo todas regiões do município de São Pedro da Água Branca/MA Universo da pesquisa será dos eleitores com 16 anos ou mais. A amostra representará os eleitores do Município, selecionados em 2(dois) estágios. No primeiro estágio, os setores censitários, onde as entrevistas serão realizadas, foram selecionadas, probabilisticamente, através do método PPT - Probabilidade Proporcional ao Tamanho, tomando o número de eleitores como base para seleção. No segundo estágio, a seleção do entrevistado, dentro do setor censitário, será feita utilizando-se quotas proporcionais, e a abordagem será domiciliar.";"Utilizamos quotas proporcionais, em função das seguintes variáveis:

Gênero: FEMININO 49,11% ;
MASCULINO 50,89% ;


Faixa etária: 16 a 24 anos 19,06% ;
25 a 34 anos 20,78% ;
35 a 44 anos 20,11% ;
45 a 59 anos 21,50% ;
60 anos ou mais 18,55% ;


Grau de instrução: Analfabeto 9,69% ;
Ensino Fundamental Completo 3,80% ;
Ensino Fundamental Incompleto 24,37% ;
Ensino Médio Completo 19,90% ;
Ensino Médio Incompleto 21,71% ;
Lê E Escreve 14,77% ;
Superior Completo 3,89% ;
Superior Incompleto 1,87% ;

Fonte dos dados: TSE-Tribunal Superior Eleitoral/julho2026; Cruzamento Eleitorado Mensal https://sig.tse.jus.br/ords/dwapr/r/seai/sig-eleitor-eleitorado-mensal/cruzamento-eleitorado-mensal?p0_municipio=S%C3%83O%20PEDRO%20DA%20%C3%81GUA%20BRANCA&p0_uf=MA&session=101518372802196 ;


Ano=2026; Mês = agosto; UF= MA; MUNICIPIO = São Pedro da Água Branca;

Renda familiar (A variável ¿classe de rendimento nominal mensal domiciliar¿ corresponde à classificação dos domicílios segundo a soma dos rendimentos nominais mensais de seus moradores, expressa em faixas de salários mínimos vigentes no período de referência do Censo Demográfico 2010. Trata-se da renda total do domicílio, não dividida pelo número de moradores, não devendo ser confundida com rendimento domiciliar per capita. Para fins de planejamento amostral e ponderação, foram preservadas as categorias e os percentuais originalmente disponibilizados pelo IBGE, sem reagrupamento ou recálculo das faixas.): Até 1/2 salário mínimo 10,42% ;
Mais de 1/2 a 1 salário mínimo 22,21% ;
Mais de 1 a 2 salários mínimos 33,73% ;
Mais de 2 a 5 salários mínimos 21,88% ;
Mais de 5 a 10 salários mínimos 4,25% ;
Mais de 10 a 20 salários mínimos 0,76% ;
Mais de 20 salários mínimos 0,40% ;
Sem rendimento 6,35% ;


Fonte dos dados: IBGE-Censo 2010-IBGE-CENSO 2022 (IBGE/Censo 2010 - Classe de rendimento nominal mensal domiciliar) ; https://cidades.ibge.gov.br/brasil/ma/sao-pedro-da-agua-branca/pesquisa/23/24304 ;


""Está prevista eventual ponderação da amostra para correção das variáveis sexo, idade, renda familiar e escolaridade com base nos percentuais anteriormente mencionados, caso ocorram diferenças entre os percentuais previstos na amostra e a coleta de dados realizada. O nível de confiança estimado é de 95% e a margem de erro máxima prevista, baseada em uma amostra aleatória simples (AAS), é de cerca de 5,2 pontos percentuais para mais ou para menos em relação aos totais da amostra. Nível Econômico: IBGE (Censo/2010) - Observação: Conforme informações obtidas do Instituto Brasileiro de Geografia e Estatística, o IBGE, não divulgou - e não tem previsão - de data para divulgação do perfil econômico (nível econômico) da população brasileira; portanto, os dados quanto ao nível econômico obtidos no Censo 2022, não podem ser utilizados, pois não foram publicados.""";"Para a realização da pesquisa, utiliza-se uma equipe de entrevistadores e supervisores credenciados devidamente treinados pela empresa para esse tipo de pesquisa. Após os trabalhos de campo, 100% dos questionários são criticados e passam por uma fiscalização de cerca de 20% (vinte por cento) dos questionários aplicados por cada entrevistador; para verificação da consistência das respostas e da adequação dos entrevistados aos parâmetros amostrais.";"#NULO#"
"28/09/2026";"05:46:54";2026;81;"Eleições Gerais 2026";"MA";"MA";"MARANHÃO";"MA023742026";"2026-09-14 22:19:32";"N";"64500153000180";"LAIS CRISTINA RODRIGUES DE OLIVEIRA LTDA";"IPSENSUS PESQUISAS";"Governador, Senador";"2026-09-14 00:00:00";"2026-09-18 00:00:00";"2026-09-20 00:00:00";1000;"7655";"AUGUSTO DA SILVA ROCHA";"11000,00";"A pesquisa será do tipo quantitativo, por amostragem aleatória, com aplicação de questionário estruturado e abordagem de moradores eleitores nos municípios do estado do Maranhão, divididos nas regiões dentro do estado. O conjunto da população do Estado do Maranhão com 16 anos ou mais e que são votantes no referido estado foi tomado como universo da pesquisa.";"A amostra será representativa do eleitorado da área pesquisada e será selecionada em três etapas. Na primeira etapa realiza-se um sorteio probabilístico dos municípios onde as entrevistas serão realizadas através do método PPT (Probabilidade Proporcional ao Tamanho), considerando a população eleitora com 16 anos ou mais residente nos municípios como base para essa seleção. Na segunda etapa, faz-se um sorteio probabilístico das localidades, onde as entrevistas serão realizadas, através do método PPT (Probabilidade Proporcional ao Tamanho), tomando a população eleitora de 16 anos ou mais residente nas localidades como base para essa seleção. Na terceira etapa, a seleção do entrevistado dentro da localidade, será feita utilizando-se quotas amostrais proporcionais, em função das variáveis sexo, faixa etária, grau de instrução e Nível socioeconômico (renda mensal familiar). Por fim, os entrevistados são selecionados aleatoriamente para responder ao questionário, de acordo com cotas: GÊNERO: Feminino 51,9% ; Masculino 48,1% ; FAIXA ETÁRIA: 16 a 24 anos 17,08% ; 25 a 34 anos 20,63% ; 35 a 44 anos 20,47% ; 45 a 59 anos 22,97% ; 60 ou mais 18,85% ; GRAU DE INSTRUÇÃO: ANALFABETO 7,3% ; ENSINO FUNDAMENTAL COMPLETO 5,5% ; ENSINO FUNDAMENTAL INCOMPLETO 20,5% ; ENSINO MÉDIO COMPLETO 26,8% ; ENSINO MÉDIO INCOMPLETO 19,6% ; LÊ E ESCREVE 11,1% ; SUPERIOR COMPLETO 6,1% ; SUPERIOR INCOMPLETO 3,1% ; Fonte tse/ago2026 https://sig.tse.jus.br/ords/dwapr/r/seai/sig-eleitor-eleitorado-mensal/cruzamento-eleitorado-mensal?p0_uf=MA&session=211426802570335; Renda familiar (A variável ¿classe de rendimento nominal mensal domiciliar¿ corresponde à classificação dos domicílios segundo a soma dos rendimentos nominais mensais de seus moradores, expressa em faixas de salários mínimos vigentes no período de referência do Censo Demográfico 2010. Trata-se da renda total do domicílio, não dividida pelo número de moradores, não devendo ser confundida com rendimento domiciliar per capita. Para fins de planejamento amostral e ponderação, foram preservadas as categorias e os percentuais originalmente disponibilizados pelo IBGE, sem reagrupamento ou recálculo das faixas.): IBGE - Censo 2.010 - (fonte: https://cidades.ibge.gov.br/brasil/ma/pesquisa/23/24304) . Até 1/2 salário mínimo 13,7% Mais de 1/2 a 1 salário mínimo 21,9% Mais de 1 a 2 salários mínimos 27,2% Mais de 2 a 5 salários mínimos 20,8% Mais de 5 a 10 salários mínimos 5,6% Mais de 10 a 20 salários mínimos 2,0% Mais de 20 salários mínimos 0,8% Sem rendimento 8,0%. Observação: Conforme informações disponibilizadas pelo Instituto Brasileiro de Geografia e Estatística (IBGE), não houve nem há previsão de divulgação do perfil econômico (nível econômico) da população brasileira no âmbito do Censo Demográfico de 2022 (https://censo2022.ibge.gov.br/panorama/), para essa variável será adotado o fator de ponderação igual a 1, correspondente aos resultados obtidos em campo, caso seja verificada diferença superior à margem de erro prevista no estudo entre a projeção da amostra baseada nos dados do IBGE 2010 e os dados efetivamente coletados. Para as variáveis de sexo, idade e grau de instrução, está previsto uma eventual ponderação, nos limites da margem de erro, para correção nos tamanhos das variáveis, caso ocorra uma diferença entre a previsão da amostra e a coleta dos dados realizados sobre a faixa de eleitores acima de 16 anos. Margem de Erro: A margem de erro máxima prevista é de 3,1 pontos percentuais para mais ou para menos, considerando um nível de confiança de 95%.";"Os entrevistadores envolvidos na realização desta pesquisa são treinados pelo Instituto e recebem instruções específicas para cada projeto realizado. Os pesquisadores são supervisionados por um coordenador que estará em campo juntamente com a equipe garantindo a lisura da pesquisa. Internamente, todo o material é verificado e codificado. Antes do processamento final e emissão dos resultados, realiza-se processo de consistência dos dados. Os dados coletados e tratados nesta pesquisa atendem às exigências da LGPD, Lei Geral de Proteção de Dados, garantindo ao respondente o sigilo de sua identidade e o correto tratamento de suas respostas.";"#NULO#"
"28/09/2026";"05:46:54";2026;81;"Eleições Gerais 2026";"MA";"MA";"MARANHÃO";"MA025812026";"2026-07-16 23:27:52";"N";"27844225000180";"VERITAS PLANEJAMENTO E ASSESSORIA LTDA";"VERITAS PLANEJAMENTO";"Governador, Senador";"2026-07-17 00:00:00";"2026-07-20 00:00:00";"2026-07-22 00:00:00";1000;"9137-A";"Erika Cristina Ferreira";"80000,00";"Trata-se de uma pesquisa quantitativa realizada por meio de entrevistas, com aplicação de questionário estruturado a uma amostra representativa do eleitorado em estudo. A pesquisa foi conduzida no Estado do Maranhão (MA).";"A amostra é representativa do eleitorado da área pesquisada e foi elaborada em três estágios.
No primeiro estágio, realiza-se o sorteio probabilístico dos municípios onde serão conduzidas as entrevistas, utilizando o método PPT (Probabilidade Proporcional ao Tamanho). Para essa seleção, considera-se como base a população eleitora residente nos municípios com 16 anos ou mais.
No segundo estágio, é realizado o sorteio probabilístico das localidades dentro dos municípios previamente selecionados, também por meio do método PPT (Probabilidade Proporcional ao Tamanho), tomando como referência a população eleitora com 16 anos ou mais residente nessas localidades.
No terceiro e último estágio, dentro das localidades sorteadas, os entrevistados são selecionados por meio de cotas amostrais proporcionais, definidas a partir de variáveis consideradas relevantes, conforme descrito a seguir:
GÊNERO:
Feminino: 51,92%;
Masculino: 48,08%.
(Fonte: TSE, Junho/2026 -- https://sig.tse.jus.br/ords/dwapr/r/seai/sig-eleitor-eleitorado-mensal/perfil-do-eleitorado-mensal?session=19870699363736)
FAIXA ETÁRIA:
16 a 17 anos: 2,48%;
18 a 24 anos: 15,03%;
25 a 34 anos: 20,64%;
35 a 44 anos: 20,49%;
45 a 59 anos: 22,81%;
60 anos ou mais: 18,55%.
(Fonte: TSE, Junho/2026 -- https://sig.tse.jus.br/ords/dwapr/r/seai/sig-eleitor-eleitorado-mensal/cruzamento-eleitorado-mensal?p24_cruzamento_1=ds_faixa_etaria&p24_metricas=E&p24_back=22&clear=24&session=19870699363736)
ESCOLARIDADE:
Analfabeto/Lê e Escreve: 18,29%;
Ensino Fundamental Completo: 5,50%;
Ensino Fundamental Incompleto: 20,50%;
Ensino Médio Completo: 26,84%;
Ensino Médio Incompleto: 19,59%;
Ensino Superior Completo: 6,06%;
Ensino Superior Incompleto: 3,22%.
(Fonte: TSE, Junho/2026 -- https://sig.tse.jus.br/ords/dwapr/r/seai/sig-eleitor-eleitorado-mensal/cruzamento-eleitorado-mensal?p24_cruzamento_1=ds_grau_instrucao&p24_metricas=E&p24_back=22&clear=24&session=19870699363736)
RENDA DOMICILIAR MENSAL:
Sem rendimento mensal: 7,98%;
Até ½ Salário Mínimo: 13,71%;
De ½ a 1 Salário Mínimo: 21,95%;
Entre 1 e 2 Salários Mínimos: 27,15%;
Entre 2 e 5 Salários Mínimos: 20,82%;
De 5 a 10 Salários Mínimos: 5,56%;
De 10 a 20 Salários Mínimos: 1,99%;
Mais de 20 Salários Mínimos: 0,85%.
(Fonte: IBGE (Censo/2010) -- https://cidades.ibge.gov.br/brasil/ma/pesquisa/23/24304?detalhes=true )
Observação: De acordo com o Instituto Brasileiro de Geografia e Estatística (IBGE), ainda não há previsão de divulgação do perfil econômico da população brasileira com base no Censo 2022. Dessa forma, os dados referentes ao nível econômico provenientes desse censo ainda não podem ser utilizados, pois não foram publicados.
Está prevista a realização de ponderação para correção das variáveis sexo e idade, com base nos percentuais apresentados anteriormente, caso sejam observadas diferenças superiores a três pontos percentuais entre a distribuição prevista na amostra e aquela obtida na coleta de dados. Para as variáveis grau de instrução e nível econômico do entrevistado, o fator de ponderação previsto é igual a 1, ou seja, serão utilizados os resultados observados em campo.
O nível de confiança estimado para os resultados é de 95%, e a margem de erro máxima estimada, considerando um modelo de amostragem aleatória simples, é de aproximadamente 3(três) pontos percentuais para mais ou para menos sobre os resultados observados para o total da amostra.

";"A coleta de dados é acompanhada por supervisores responsáveis pelo monitoramento das atividades de campo. Além disso, 30% (trinta por cento) dos questionários são selecionados aleatoriamente para verificação posterior, por meio de ligações telefônicas realizadas para os números informados nos formulários. Em caso de inconsistências ou dúvidas, o questionário é descartado e o entrevistador é convocado para prestar esclarecimentos.";"O detalhamento dos municípios e bairros contemplados na pesquisa será apresentado em arquivo anexo. Nos casos em que não houver delimitação específica do bairro, será indicada a área onde a entrevista foi realizada, conforme disposto no §7º do art. 2º da Resolução-TSE nº 23.600/2019. "
"28/09/2026";"05:46:54";2026;81;"Eleições Gerais 2026";"MA";"MA";"MARANHÃO";"MA005662026";"2026-08-16 14:05:10";"N";"17002607000103";"MARIA M DA SILVA";"COMPLETA PESQUISAS DE OPNIAO";"Governador, Senador, Deputado Federal, Deputado Estadual";"2026-08-15 00:00:00";"2026-08-20 00:00:00";"2026-08-22 00:00:00";1500;"8223-A";"DANILIO SILVA SANTOS";"60000,00";"Pesquisa quantitativa, realizada por amostragem, mediante entrevistas individuais, domiciliares e presenciais, face a face, com eleitoras e eleitores aptos a votar nas Eleições Gerais de 2026 no município em que ocorrer a coleta. Integram o público-alvo as pessoas regularmente alistadas no cadastro eleitoral e aptas ao pleito, inclusive aquelas que tenham 15 anos na data da entrevista, desde que completem 16 anos até 4 de outubro de 2026 e estejam aptas a votar, conforme a regra eleitoral aplicável ao primeiro turno.
São realizadas 1.500 entrevistas válidas, distribuídas em 60 municípios do Maranhão. O desenho é estratificado geograficamente, com cobertura de todas as Regiões Geográficas Imediatas do Estado, segundo a Divisão Regional do Brasil do IBGE, e dispersão da coleta entre diferentes portes eleitorais.";"A pesquisa utiliza 1.500 entrevistas válidas em 60 municípios do Maranhão, tendo como universo de referência o eleitorado apto a votar nas Eleições Gerais de 2026 no Estado. O plano é controlado por gênero, faixa etária, grau de instrução, nível econômico e área física de realização da entrevista, preservando correspondência entre as categorias do questionário, da base de dados, da memória de cálculo e do registro no PesqEle.
Para gênero, são utilizados os parâmetros de 48,1% masculino e 51,9% feminino. Para faixa etária, a distribuição de referência é de 17,1% para 16 a 24 anos, 20,6% para 25 a 34 anos, 20,5% para 35 a 44 anos, 23,0% para 45 a 59 anos e 18,8% para 60 anos ou mais. A classificação etária observa a idade eleitoral considerada para o primeiro turno de 2026. Assim, pessoa com 15 anos na data da coleta somente é elegível se estiver regularmente alistada e completar 16 anos até 4 de outubro de 2026; nessa hipótese, integra a faixa de 16 a 24 anos para fins de compatibilização com as Estatísticas do Eleitorado das Eleições 2026.
Para grau de instrução, são adotados os parâmetros de 18,3% para analfabeto/sem instrução formal/apenas lê e escreve, 26,0% para ensino fundamental incompleto ou completo, 46,4% para ensino médio incompleto ou completo e 9,3% para ensino superior incompleto ou completo. Fonte: Tribunal Superior Eleitoral - Estatísticas do Eleitorado, Eleições 2026, extração oficial de julho de 2026. As categorias originais de idade e escolaridade do cadastro eleitoral são agregadas exclusivamente segundo correspondência previamente definida e arquivada, com indicação das quantidades absolutas, denominadores utilizados e registros residuais desconsiderados.
Quanto ao nível econômico, considera-se renda familiar mensal, definida como a soma dos rendimentos mensais das pessoas residentes no domicílio. Os parâmetros adotados são 54,0% com renda familiar de zero até 2 salários mínimos, 36,0% com renda familiar superior a 2 e até 5 salários mínimos e 10,0% com renda familiar superior a 5 salários mínimos. A fonte é a PNAD Contínua anual 2025 - Rendimento de Todas as Fontes, do IBGE, mediante tabulação própria dos microdados para o Maranhão e compatibilização das faixas em múltiplos do salário mínimo do ano de referência. Na coleta, as faixas são aplicadas utilizando o salário mínimo nacional vigente na data da entrevista.
A opção ¿NS/NR / Prefere não informar¿ é admitida no questionário como categoria residual de não resposta e não implica invalidação automática da entrevista. Os percentuais-alvo de 54,0%, 36,0% e 10,0% referem-se às respostas de renda válidas. A não resposta não é imputada de forma discricionária; permanece identificada na base e na composição final, e a calibração por renda é realizada somente entre os casos com informação válida, mantendo-se para os demais casos os ajustes decorrentes das outras dimensões de ponderação. O procedimento e a proporção final de não resposta são registrados na memória de cálculo.
Quanto à área física, utiliza-se como referência auxiliar de controle a distribuição da população residente do Maranhão apurada pelo Censo Demográfico 2022. A classificação de cada entrevista é determinada pelo setor censitário ou pela delimitação geográfica aplicável à área de coleta.
A ponderação final é realizada por calibração iterativa das margens de controle, preservando o total de 1.500 casos. 
Para a amostra total de 1.500 entrevistas, adota-se nível de confiança de 95% e margem de erro máxima estimada de 2,53 p.p.
";"O trabalho é executado por entrevistadores previamente treinados e supervisionados. Cada entrevistador recebe folha de campo ou mapa de rota contendo município, bairro/área oficial, povoado/localidade quando existente, classificação urbana/rural. A escolha de domicílios ou respondentes fora das regras de seleção não é permitida.
Cada questionário recebe é vinculado ao entrevistador, município, bairro/área, povoado/localidade, classificação urbana/rural e controle da ordem do domicílio abordado. A supervisão acompanha a produção por entrevistador, município, setor e cota, permitindo reconstruir o percurso e confrontar a amostra produzida com o planejamento de campo.
Todos os questionários são submetidos a crítica antes da incorporação à base definitiva. São verificados: identificação do ponto amostral; correspondência entre município, área oficial e setor censitário; aplicação do intervalo de salto e da rota sistemática; elegibilidade eleitoral; cumprimento dos filtros; coerência das respostas; regras do primeiro e do segundo voto ao Senado; integridade das perguntas estimuladas; cumprimento das cotas; ausência de duplicidades; regularidade de correções; e compatibilidade da entrevista com a matriz amostral.
Questionários com falha de preenchimento relevante, descumprimento de rota ou salto, entrevista fora do setor ou área prevista, seleção não autorizada do domicílio ou respondente, inconsistência lógica não esclarecida, duplicidade, violação de filtro, descumprimento de cota ou outra irregularidade capaz de comprometer sua validade são invalidados e não integram a base final. A causa da invalidação é registrada de forma individualizada.
A reposição de entrevista invalidada é realizada no mesmo município e, sempre que tecnicamente possível, no mesmo setor censitário e bairro/área oficial, preservando a classificação urbana/rural e a célula de cota afetada. A reposição deve seguir nova posição válida da rota sistemática ou rota de reserva previamente prevista, sob autorização da supervisão. Não é permitida transferência livre da reposição para outro município, bairro, setor ou domicílio por mera conveniência operacional.
Os dados de contato para checagem são coletados em ficha destacável da base analítica, vinculada ao questionário apenas por código operacional. Esses dados são utilizados exclusivamente para conferência, fiscalização e auditoria do trabalho de campo, com acesso restrito, retenção compatível com a finalidade e tratamento conforme a Lei nº 13.709/2018. Nome, endereço e telefone não integram a base utilizada para cálculo ou divulgação dos resultados.
O instituto mantém, para eventual fiscalização prevista no art. 13 da Resolução-TSE nº 23.600/2019, documentação auditável suficiente para reproduzir o desenho e a execução da pesquisa: matriz amostral; lista dos municípios e Regiões Geográficas Imediatas; mapas e códigos dos setores; folhas de rota com ponto inicial e intervalo k; identificação dos entrevistadores; controle de produção; formulários válidos.
";"A partir do dia em que a pesquisa puder ser divulgada e até o dia seguinte, o registro será complementado com a relação dos municípios e bairros abrangidos, ou, na ausência de delimitação formal de bairro, com a área efetivamente utilizada, observando-se a divisão político-administrativa estabelecida em ato normativo oficial do respectivo ente federativo e, apenas quando inexistente delimitação formal, outra fonte pública. Para cada ponto de coleta será preservada a correspondência entre município, bairro/área oficial, povoado/localidade e setor censitário.
Na mesma complementação serão informados o número de eleitoras e eleitores pesquisados em cada setor e a composição da amostra final quanto a gênero, idade, grau de instrução e nível econômico, conforme as categorias efetivamente utilizadas no questionário e na base. A relação também evidenciará a cobertura das Regiões Geográficas Imediatas do Maranhão e permitirá o confronto com a matriz de 60 municípios e com a distribuição planejada das entrevistas.
"
"28/09/2026";"05:46:54";2026;81;"Eleições Gerais 2026";"MA";"MA";"MARANHÃO";"MA099712026";"2026-08-14 22:05:23";"N";"64500153000180";"LAIS CRISTINA RODRIGUES DE OLIVEIRA LTDA";"IPSENSUS PESQUISAS";"Governador, Senador, Deputado Federal, Deputado Estadual";"2026-08-15 00:00:00";"2026-08-20 00:00:00";"2026-08-20 00:00:00";1480;"7655";"AUGUSTO DA SILVA ROCHA";"15000,00";"A pesquisa será do tipo quantitativo, por amostragem aleatória, com aplicação de questionário estruturado e abordagem de moradores eleitores nos municípios do estado do Maranhão, divididos nas regiões dentro do estado. O conjunto da população do Estado do Maranhão com 16 anos ou mais e que são votantes no referido estado foi tomado como universo da pesquisa.";"A amostra será representativa do eleitorado da área pesquisada e será selecionada em três etapas. Na primeira etapa realiza-se um sorteio probabilístico dos municípios onde as entrevistas serão realizadas através do método PPT (Probabilidade Proporcional ao Tamanho), considerando a população eleitora com 16 anos ou mais residente nos municípios como base para essa seleção. Na segunda etapa, faz-se um sorteio probabilístico das localidades, onde as entrevistas serão realizadas, através do método PPT (Probabilidade Proporcional ao Tamanho), tomando a população eleitora de 16 anos ou mais residente nas localidades como base para essa seleção. Na terceira etapa, a seleção do entrevistado dentro da localidade, será feita utilizando-se quotas amostrais proporcionais, em função das variáveis sexo, faixa etária, grau de instrução e Nível socioeconômico (renda mensal familiar). Por fim, os entrevistados são selecionados aleatoriamente para responder ao questionário, de acordo com cotas: SEXO: FEMININO 51,92% ; MASCULINO 48,08% ; Faixa Etária: 16 a 24 anos 17,65% ; 25 a 34 anos 20,61% ; 35 a 44 anos 20,46% ; 45 a 59 anos 22,77% ; 60 anos ou mais 18,51% ; Grau de instrução: ANALFABETO 7,25% ; LÊ E ESCREVE 11,05% ; ENSINO FUNDAMENTAL COMPLETO 5,50% ; ENSINO FUNDAMENTAL INCOMPLETO 20,50% ; ENSINO MÉDIO COMPLETO 26,84% ; ENSINO MÉDIO INCOMPLETO 19,59% ; SUPERIOR COMPLETO 6,06% ; SUPERIOR INCOMPLETO 3,21% ; Nível econômico (renda mensal familiar): Até 1/2 salário mínimo 13,71% ; Mais de 1/2 a 1 salário mínimo 21,95% ; Mais de 1 a 2 salários mínimos 27,15% ; Mais de 2 a 5 salários mínimos 20,82% ; Mais de 5 a 10 salários mínimos 5,56% ; Mais de 10 a 20 salários mínimos 1,99% ; Mais de 20 salários mínimos 0,85% ; Sem rendimento 7,97% ; Fonte pública dos dados IBGE IBGE | Cidades@ | Maranhão | Pesquisa | Censo 2010 | Universo - Características da população e dos domicílios; https://cidades.ibge.gov.br/brasil/ma/pesquisa/23/24304?detalhes=true; (TSE/JUNHO2026): https://sig.tse.jus.br/ords/dwapr/r/seai/sig-eleitor-eleitorado-mensal/cruzamento-eleitorado-mensal?p24_metricas=E&p24_back=22&p24_cruzamento_1=ds_sexo&clear=24&session=108492167907142; https://sig.tse.jus.br/ords/dwapr/r/seai/sig-eleitor-eleitorado-mensal/cruzamento-eleitorado-mensal?p24_cruzamento_1=ds_faixa_etaria&p24_metricas=E&p24_back=22&clear=24&session=108492167907142; https://sig.tse.jus.br/ords/dwapr/r/seai/sig-eleitor-eleitorado-mensal/cruzamento-eleitorado-mensal?p24_cruzamento_1=ds_grau_instrucao&p24_metricas=E&p24_back=22&clear=24&session=108492167907142; ; Ano=2026; Mês = JUNHO; UF= MA; Observação: Conforme informações disponibilizadas pelo Instituto Brasileiro de Geografia e Estatística (IBGE), não houve nem há previsão de divulgação do perfil econômico (nível econômico) da população brasileira no âmbito do Censo Demográfico de 2022 (https://censo2022.ibge.gov.br/panorama/), para essa variável será adotado o fator de ponderação igual a 1, correspondente aos resultados obtidos em campo, caso seja verificada diferença superior à margem de erro prevista no estudo entre a projeção da amostra baseada nos dados do IBGE 2010 e os dados efetivamente coletados. Para as variáveis de sexo, idade e grau de instrução, está previsto uma eventual ponderação, nos limites da margem de erro, para correção nos tamanhos das variáveis, caso ocorra uma diferença entre a previsão da amostra e a coleta dos dados realizados sobre a faixa de eleitores acima de 16 anos. Margem de Erro: A margem de erro máxima prevista é de 2,55 pontos percentuais para mais ou para menos, considerando um nível de confiança de 95%.";"Os entrevistadores envolvidos na realização desta pesquisa são treinados pelo Instituto e recebem instruções específicas para cada projeto realizado. Os pesquisadores são supervisionados por um coordenador que estará em campo juntamente com a equipe garantindo a lisura da pesquisa. Internamente, todo o material é verificado e codificado. Antes do processamento final e emissão dos resultados, realiza-se processo de consistência dos dados. Os dados coletados e tratados nesta pesquisa atendem às exigências da LGPD, Lei Geral de Proteção de Dados, garantindo ao respondente o sigilo de sua identidade e o correto tratamento de suas respostas.";"#NULO#"
"28/09/2026";"05:46:54";2026;81;"Eleições Gerais 2026";"MA";"MA";"MARANHÃO";"MA064402026";"2026-09-14 22:36:58";"N";"64500153000180";"LAIS CRISTINA RODRIGUES DE OLIVEIRA LTDA";"IPSENSUS PESQUISAS";"Governador, Senador";"2026-09-14 00:00:00";"2026-09-18 00:00:00";"2026-09-20 00:00:00";350;"7655";"AUGUSTO DA SILVA ROCHA";"4000,00";"A pesquisa cobrirá o município envolvendo todas regiões do município de Caxias/MA Universo da pesquisa será dos eleitores com 16 anos ou mais. A amostra representará os eleitores do Município, selecionados em 2(dois) estágios. No primeiro estágio, os setores censitários, onde as entrevistas serão realizadas, foram selecionadas, probabilisticamente, através do método PPT - Probabilidade Proporcional ao Tamanho, tomando o número de eleitores como base para seleção. No segundo estágio, a seleção do entrevistado, dentro do setor censitário, será feita utilizando-se quotas proporcionais, e a abordagem será domiciliar.";"Utilizamos quotas proporcionais, em função das seguintes variáveis:

Gênero: FEMININO 53,81% ;
MASCULINO 46,19% ;


Faixa etária:
16 a 24 anos 16,74% ;
25 a 34 anos 19,88% ;
35 a 44 anos 19,98% ;
45 a 59 anos 23,17% ;
60 anos ou mais 20,23% ;

Grau de instrução: Analfabeto 10,55% ;
Ensino Fundamental Completo 4,44% ;
Ensino Fundamental Incompleto 18,10% ;
Ensino Médio Completo 24,39% ;
Ensino Médio Incompleto 18,50% ;
Lê E Escreve 10,63% ;
Superior Completo 8,05% ;
Superior Incompleto 5,34% ;

Fonte dos dados: TSE-Tribunal Superior Eleitoral/julho2026; Cruzamento Eleitorado Mensal https://sig.tse.jus.br/ords/dwapr/r/seai/sig-eleitor-eleitorado-mensal/cruzamento-eleitorado-mensal?p0_municipio=CAXIAS&p0_uf=MA&session=211426802570335 ;


Ano=2026; Mês = agosto; UF= MA; MUNICIPIO = Caxias;

Renda familiar (A variável ¿classe de rendimento nominal mensal domiciliar¿ corresponde à classificação dos domicílios segundo a soma dos rendimentos nominais mensais de seus moradores, expressa em faixas de salários mínimos vigentes no período de referência do Censo Demográfico 2010. Trata-se da renda total do domicílio, não dividida pelo número de moradores, não devendo ser confundida com rendimento domiciliar per capita. Para fins de planejamento amostral e ponderação, foram preservadas as categorias e os percentuais originalmente disponibilizados pelo IBGE, sem reagrupamento ou recálculo das faixas.): Até 1/2 salário mínimo 11,36% ;
Mais de 1/2 a 1 salário mínimo 24,45% ;
Mais de 1 a 2 salários mínimos 29,49% ;
Mais de 2 a 5 salários mínimos 20,38% ;
Mais de 5 a 10 salários mínimos 5,11% ;
Mais de 10 a 20 salários mínimos 1,58% ;
Mais de 20 salários mínimos 0,56% ;
Sem rendimento 7,07% ;


Fonte dos dados: IBGE-Censo 2010-IBGE-CENSO 2022 (IBGE/Censo 2010 - Classe de rendimento nominal mensal domiciliar) ; https://cidades.ibge.gov.br/brasil/ma/caxias/pesquisa/23/24304 ;


""Está prevista eventual ponderação da amostra para correção das variáveis sexo, idade, renda familiar e escolaridade com base nos percentuais anteriormente mencionados, caso ocorram diferenças entre os percentuais previstos na amostra e a coleta de dados realizada. O nível de confiança estimado é de 95% e a margem de erro máxima prevista, baseada em uma amostra aleatória simples (AAS), é de cerca de 5,2 pontos percentuais para mais ou para menos em relação aos totais da amostra. Nível Econômico: IBGE (Censo/2010) - Observação: Conforme informações obtidas do Instituto Brasileiro de Geografia e Estatística, o IBGE, não divulgou - e não tem previsão - de data para divulgação do perfil econômico (nível econômico) da população brasileira; portanto, os dados quanto ao nível econômico obtidos no Censo 2022, não podem ser utilizados, pois não foram publicados.""";"Para a realização da pesquisa, utiliza-se uma equipe de entrevistadores e supervisores credenciados devidamente treinados pela empresa para esse tipo de pesquisa. Após os trabalhos de campo, 100% dos questionários são criticados e passam por uma fiscalização de cerca de 20% (vinte por cento) dos questionários aplicados por cada entrevistador; para verificação da consistência das respostas e da adequação dos entrevistados aos parâmetros amostrais.";"#NULO#"
"28/09/2026";"05:46:54";2026;81;"Eleições Gerais 2026";"MA";"MA";"MARANHÃO";"MA060282026";"2026-09-17 23:03:18";"N";"64500153000180";"LAIS CRISTINA RODRIGUES DE OLIVEIRA LTDA";"IPSENSUS PESQUISAS";"Governador, Senador, Deputado Federal, Deputado Estadual";"2026-09-18 00:00:00";"2026-09-21 00:00:00";"2026-09-23 00:00:00";350;"7655";"AUGUSTO DA SILVA ROCHA";"4000,00";"A pesquisa cobrirá o município envolvendo todas regiões do município de Timon/MA Universo da pesquisa será dos eleitores com 16 anos ou mais. A amostra representará os eleitores do Município, selecionados em 2(dois) estágios. No primeiro estágio, os setores censitários, onde as entrevistas serão realizadas, foram selecionadas, probabilisticamente, através do método PPT - Probabilidade Proporcional ao Tamanho, tomando o número de eleitores como base para seleção. No segundo estágio, a seleção do entrevistado, dentro do setor censitário, será feita utilizando-se quotas proporcionais, e a abordagem será domiciliar.";"Utilizamos quotas proporcionais, em função das seguintes variáveis: Gênero: FEMININO 53,69% ; MASCULINO 46,31% ; Faixa etária: 16 a 24 anos 15,85% ; 25 a 34 anos 21,06% ; 35 a 44 anos 21,50% ; 45 a 59 anos 24,04% ; 60 anos ou mais 17,55% ; Grau de instrução: Analfabeto 4,34% ; Ensino Fundamental Completo 5,30% ; Ensino Fundamental Incompleto 21,04% ; Ensino Médio Completo 27,34% ; Ensino Médio Incompleto 21,29% ; Lê E Escreve 8,26% ; Superior Completo 7,56% ; Superior Incompleto 4,87% ; Fonte dos dados: TSE-Tribunal Superior Eleitoral/agosto2026; Cruzamento Eleitorado Mensal https://sig.tse.jus.br/ords/dwapr/r/seai/sig-eleitor-eleitorado-mensal/cruzamento-eleitorado-mensal?p0_municipio=TIMON&p0_uf=MA&session=208976630030761; Ano=2026; Mês = agosto; UF= MA; MUNICIPIO = Timon;

Nível econômico do entrevistado: Até 1/2 salário mínimo 4,25% ; Mais de 1/2 a 1 salário mínimo 17,72% ; Mais de 1 a 2 salários mínimos 28,33% ; Mais de 2 a 5 salários mínimos 30,49% ; Mais de 5 a 10 salários mínimos 9,86% ; Mais de 10 a 20 salários mínimos 3,30% ; Mais de 20 salários mínimos 1,22% ; Sem rendimento 4,83% ; Fonte dos dados: IBGE-Censo 2010-IBGE-CENSO 2022 (IBGE/Censo 2010 - Classe de rendimento nominal mensal domiciliar) ; https://cidades.ibge.gov.br/brasil/ma/timon/pesquisa/23/24304 ; (A variável ¿classe de rendimento nominal mensal domiciliar¿ corresponde à classificação dos domicílios segundo a soma dos rendimentos nominais mensais de seus moradores, expressa em faixas de salários mínimos vigentes no período de referência do Censo Demográfico 2010. Trata-se da renda total do domicílio, não dividida pelo número de moradores, não devendo ser confundida com rendimento domiciliar per capita. Para fins de planejamento amostral e ponderação, foram preservadas as categorias e os percentuais originalmente disponibilizados pelo IBGE, sem reagrupamento ou recálculo das faixas.):

""Está prevista eventual ponderação da amostra para correção das variáveis sexo, idade, renda familiar e escolaridade com base nos percentuais anteriormente mencionados, caso ocorram diferenças entre os percentuais previstos na amostra e a coleta de dados realizada. O nível de confiança estimado é de 95% e a margem de erro máxima prevista, baseada em uma amostra aleatória simples (AAS), é de cerca de 5,2 pontos percentuais para mais ou para menos em relação aos totais da amostra. Nível Econômico: IBGE (Censo/2010) - Observação: Conforme informações obtidas do Instituto Brasileiro de Geografia e Estatística, o IBGE, não divulgou - e não tem previsão - de data para divulgação do perfil econômico (nível econômico) da população brasileira; portanto, os dados quanto ao nível econômico obtidos no Censo 2022, não podem ser utilizados, pois não foram publicados.""";"Para a realização da pesquisa, utiliza-se uma equipe de entrevistadores e supervisores credenciados devidamente treinados pela empresa para esse tipo de pesquisa. Após os trabalhos de campo, 100% dos questionários são criticados e passam por uma fiscalização de cerca de 20% (vinte por cento) dos questionários aplicados por cada entrevistador; para verificação da consistência das respostas e da adequação dos entrevistados aos parâmetros amostrais.";"#NULO#"
"28/09/2026";"05:46:54";2026;81;"Eleições Gerais 2026";"MA";"MA";"MARANHÃO";"MA064262026";"2026-09-09 15:45:32";"N";"64500153000180";"LAIS CRISTINA RODRIGUES DE OLIVEIRA LTDA";"IPSENSUS PESQUISAS";"Governador, Senador";"2026-09-09 00:00:00";"2026-09-13 00:00:00";"2026-09-15 00:00:00";350;"7655";"AUGUSTO DA SILVA ROCHA";"4000,00";"A pesquisa cobrirá o município envolvendo todas regiões do município de Graça Aranha/MA Universo da pesquisa será dos eleitores com 16 anos ou mais. A amostra representará os eleitores do Município, selecionados em 2(dois) estágios. No primeiro estágio, os setores censitários, onde as entrevistas serão realizadas, foram selecionadas, probabilisticamente, através do método PPT - Probabilidade Proporcional ao Tamanho, tomando o número de eleitores como base para seleção. No segundo estágio, a seleção do entrevistado, dentro do setor censitário, será feita utilizando-se quotas proporcionais, e a abordagem será domiciliar.";"
Utilizamos quotas proporcionais, em função das seguintes variáveis: Gênero: FEMININO 50,52% ;
MASCULINO 49,48% ;


Faixa etária: 16 a 24 anos 16,58% ;
25 a 34 anos 18,70% ;
35 a 44 anos 18,87% ;
45 a 59 anos 22,08% ;
60 anos ou mais 23,77% ;


Grau de instrução:
Analfabeto 8,91% ;
Ensino Fundamental Completo 6,30% ;
Ensino Fundamental Incompleto 25,68% ;
Ensino Médio Completo 17,42% ;
Ensino Médio Incompleto 17,54% ;
Lê E Escreve 16,86% ;
Superior Completo 4,92% ;
Superior Incompleto 2,37% ;


Fonte dos dados: TSE-Tribunal Superior Eleitoral/agosto2026; Cruzamento Eleitorado Mensal https://sig.tse.jus.br/ords/dwapr/r/seai/sig-eleitor-eleitorado-mensal/cruzamento-eleitorado-mensal?p0_municipio=GRA%C3%87A%20ARANHA&p0_uf=MA&session=15256181196985 ;

Ano=2026; Mês = agosto; UF= MA; MUNICIPIO = Graça Aranha;

Renda familiar: Até 1/2 salário mínimo 25,74% ;
Mais de 1/2 a 1 salário mínimo 23,56% ;
Mais de 1 a 2 salários mínimos 26,27% ;
Mais de 2 a 5 salários mínimos 14,49% ;
Mais de 5 a 10 salários mínimos 3,12% ;
Mais de 10 a 20 salários mínimos 0,35% ;
Mais de 20 salários mínimos 0,06% ;
Sem rendimento 6,41% ;


Fonte dos dados: IBGE-Censo 2010-IBGE-CENSO 2022 (IBGE/Censo 2010 - Classe de rendimento nominal mensal domiciliar) ; https://cidades.ibge.gov.br/brasil/ma/graca-aranha/pesquisa/23/24304 ;


""Está prevista eventual ponderação da amostra para correção das variáveis sexo, idade, renda familiar e escolaridade com base nos percentuais anteriormente mencionados, caso ocorram diferenças entre os percentuais previstos na amostra e a coleta de dados realizada. O nível de confiança estimado é de 95% e a margem de erro máxima prevista, baseada em uma amostra aleatória simples (AAS), é de cerca de 5,2 pontos percentuais para mais ou para menos em relação aos totais da amostra. Nível Econômico: IBGE (Censo/2010) - Observação: Conforme informações obtidas do Instituto Brasileiro de Geografia e Estatística, o IBGE, não divulgou - e não tem previsão - de data para divulgação do perfil econômico (nível econômico) da população brasileira; portanto, os dados quanto ao nível econômico obtidos no Censo 2022, não podem ser utilizados, pois não foram publicados.""";"Para a realização da pesquisa, utiliza-se uma equipe de entrevistadores e supervisores credenciados devidamente treinados pela empresa para esse tipo de pesquisa. Após os trabalhos de campo, 100% dos questionários são criticados e passam por uma fiscalização de cerca de 20% (vinte por cento) dos questionários aplicados por cada entrevistador; para verificação da consistência das respostas e da adequação dos entrevistados aos parâmetros amostrais.";"#NULO#"
"28/09/2026";"05:46:54";2026;81;"Eleições Gerais 2026";"MA";"MA";"MARANHÃO";"MA016452026";"2026-09-10 23:05:55";"N";"64500153000180";"LAIS CRISTINA RODRIGUES DE OLIVEIRA LTDA";"IPSENSUS PESQUISAS";"Governador, Senador";"2026-09-10 00:00:00";"2026-09-15 00:00:00";"2026-09-16 00:00:00";350;"7655";"AUGUSTO DA SILVA ROCHA";"4000,00";"A pesquisa cobrirá o município envolvendo todas regiões do município de Açailândia/MA Universo da pesquisa será dos eleitores com 16 anos ou mais. A amostra representará os eleitores do Município, selecionados em 2(dois) estágios. No primeiro estágio, os setores censitários, onde as entrevistas serão realizadas, foram selecionadas, probabilisticamente, através do método PPT - Probabilidade Proporcional ao Tamanho, tomando o número de eleitores como base para seleção. No segundo estágio, a seleção do entrevistado, dentro do setor censitário, será feita utilizando-se quotas proporcionais, e a abordagem será domiciliar.";"Utilizamos quotas proporcionais, em função das seguintes variáveis:
Gênero: FEMININO 51,71% ;
MASCULINO 48,29% ;


Faixa etária: 16 a 24 anos 16,35% ;
25 a 34 anos 21,24% ;
35 a 44 anos 21,34% ;
45 a 59 anos 23,84% ;
60 anos ou mais 17,23% ;


Grau de instrução: Analfabeto 6,79% ;
Ensino Fundamental Completo 6,23% ;
Ensino Fundamental Incompleto 18,08% ;
Ensino Médio Completo 28,37% ;
Ensino Médio Incompleto 20,12% ;
Lê E Escreve 11,05% ;
Superior Completo 5,49% ;
Superior Incompleto 3,87% ;

Fonte dos dados: TSE-Tribunal Superior Eleitoral/agosto2026; Cruzamento Eleitorado Mensal
https://sig.tse.jus.br/ords/dwapr/r/seai/sig-eleitor-eleitorado-mensal/cruzamento-eleitorado-mensal?p0_municipio=A%C3%87AIL%C3%82NDIA&p0_uf=MA&session=310047442774812 ;
Ano=2026; Mês = agosto; UF= MA; MUNICIPIO = Açailândia;

Renda familiar: Até 1/2 salário mínimo 6,13% ;
Mais de 1/2 a 1 salário mínimo 22,47% ;
Mais de 1 a 2 salários mínimos 31,69% ;
Mais de 2 a 5 salários mínimos 26,28% ;
Mais de 5 a 10 salários mínimos 6,22% ;
Mais de 10 a 20 salários mínimos 1,95% ;
Mais de 20 salários mínimos 0,67% ;
Sem rendimento 4,59% ;

Fonte dos dados: IBGE-Censo 2010-IBGE-CENSO 2022 (IBGE/Censo 2010 - Classe de rendimento nominal mensal domiciliar) ; hhttps://cidades.ibge.gov.br/brasil/ma/acailandia/pesquisa/23/24304 ;


""Está prevista eventual ponderação da amostra para correção das variáveis sexo, idade, renda familiar e escolaridade com base nos percentuais anteriormente mencionados, caso ocorram diferenças entre os percentuais previstos na amostra e a coleta de dados realizada. O nível de confiança estimado é de 95% e a margem de erro máxima prevista, baseada em uma amostra aleatória simples (AAS), é de cerca de 5,2 pontos percentuais para mais ou para menos em relação aos totais da amostra. Nível Econômico: IBGE (Censo/2010) - Observação: Conforme informações obtidas do Instituto Brasileiro de Geografia e Estatística, o IBGE, não divulgou - e não tem previsão - de data para divulgação do perfil econômico (nível econômico) da população brasileira; portanto, os dados quanto ao nível econômico obtidos no Censo 2022, não podem ser utilizados, pois não foram publicados.""";"Para a realização da pesquisa, utiliza-se uma equipe de entrevistadores e supervisores credenciados devidamente treinados pela empresa para esse tipo de pesquisa. Após os trabalhos de campo, 100% dos questionários são criticados e passam por uma fiscalização de cerca de 20% (vinte por cento) dos questionários aplicados por cada entrevistador; para verificação da consistência das respostas e da adequação dos entrevistados aos parâmetros amostrais.";"#NULO#"
"28/09/2026";"05:46:54";2026;81;"Eleições Gerais 2026";"MA";"MA";"MARANHÃO";"MA028602026";"2026-09-12 10:53:43";"N";"64500153000180";"LAIS CRISTINA RODRIGUES DE OLIVEIRA LTDA";"IPSENSUS PESQUISAS";"Governador, Senador";"2026-09-11 00:00:00";"2026-09-16 00:00:00";"2026-09-18 00:00:00";350;"7655";"AUGUSTO DA SILVA ROCHA";"4000,00";"A pesquisa cobrirá o município envolvendo todas regiões do município de Davinópolis/MA Universo da pesquisa será dos eleitores com 16 anos ou mais. A amostra representará os eleitores do Município, selecionados em 2(dois) estágios. No primeiro estágio, os setores censitários, onde as entrevistas serão realizadas, foram selecionadas, probabilisticamente, através do método PPT - Probabilidade Proporcional ao Tamanho, tomando o número de eleitores como base para seleção. No segundo estágio, a seleção do entrevistado, dentro do setor censitário, será feita utilizando-se quotas proporcionais, e a abordagem será domiciliar.";"Utilizamos quotas proporcionais, em função das seguintes variáveis: Gênero: FEMININO 50,78% ;
MASCULINO 49,22% ;

Faixa etária: 16 a 24 anos 16,58% ;
25 a 34 anos 22,61% ;
35 a 44 anos 21,56% ;
45 a 59 anos 22,42% ;
60 anos ou mais 16,83% ;



Grau de instrução:Analfabeto 5,80% ;
Ensino Fundamental Completo 5,95% ;
Ensino Fundamental Incompleto 22,61% ;
Ensino Médio Completo 27,88% ;
Ensino Médio Incompleto 20,47% ;
Lê E Escreve 9,43% ;
Superior Completo 5,17% ;
Superior Incompleto 2,69% ;



Fonte dos dados: TSE-Tribunal Superior Eleitoral/agosto2026; Cruzamento Eleitorado Mensal https://sig.tse.jus.br/ords/dwapr/r/seai/sig-eleitor-eleitorado-mensal/cruzamento-eleitorado-mensal?p0_municipio=DAVIN%C3%93POLIS&p0_uf=MA&session=310669362669017 ;


Ano=2026; Mês = agosto; UF= MA; MUNICIPIO = Davinópolis;

Renda familiar (A variável ¿classe de rendimento nominal mensal domiciliar¿ corresponde à classificação dos domicílios segundo a soma dos rendimentos nominais mensais de seus moradores, expressa em faixas de salários mínimos vigentes no período de referência do Censo Demográfico 2010. Trata-se da renda total do domicílio, não dividida pelo número de moradores, não devendo ser confundida com rendimento domiciliar per capita. Para fins de planejamento amostral e ponderação, foram preservadas as categorias e os percentuais originalmente disponibilizados pelo IBGE, sem reagrupamento ou recálculo das faixas.): Até 1/2 salário mínimo 7,96% ;
Mais de 1/2 a 1 salário mínimo 27,88% ;
Mais de 1 a 2 salários mínimos 35,96% ;
Mais de 2 a 5 salários mínimos 21,28% ;
Mais de 5 a 10 salários mínimos 2,77% ;
Mais de 10 a 20 salários mínimos 0,54% ;
Mais de 20 salários mínimos 0,06% ;
Sem rendimento 3,55% ;




Fonte dos dados: IBGE-Censo 2010-IBGE-CENSO 2022 (IBGE/Censo 2010 - Classe de rendimento nominal mensal domiciliar) ; https://cidades.ibge.gov.br/brasil/ma/davinopolis/pesquisa/23/24304 ;



""Está prevista eventual ponderação da amostra para correção das variáveis sexo, idade, renda familiar e escolaridade com base nos percentuais anteriormente mencionados, caso ocorram diferenças entre os percentuais previstos na amostra e a coleta de dados realizada. O nível de confiança estimado é de 95% e a margem de erro máxima prevista, baseada em uma amostra aleatória simples (AAS), é de cerca de 5,2 pontos percentuais para mais ou para menos em relação aos totais da amostra. Nível Econômico: IBGE (Censo/2010) - Observação: Conforme informações obtidas do Instituto Brasileiro de Geografia e Estatística, o IBGE, não divulgou - e não tem previsão - de data para divulgação do perfil econômico (nível econômico) da população brasileira; portanto, os dados quanto ao nível econômico obtidos no Censo 2022, não podem ser utilizados, pois não foram publicados.""";"Para a realização da pesquisa, utiliza-se uma equipe de entrevistadores e supervisores credenciados devidamente treinados pela empresa para esse tipo de pesquisa. Após os trabalhos de campo, 100% dos questionários são criticados e passam por uma fiscalização de cerca de 20% (vinte por cento) dos questionários aplicados por cada entrevistador; para verificação da consistência das respostas e da adequação dos entrevistados aos parâmetros amostrais.";"#NULO#"
"28/09/2026";"05:46:54";2026;81;"Eleições Gerais 2026";"MA";"MA";"MARANHÃO";"MA043112026";"2026-07-02 20:58:25";"S";"22345021000181";"REAL TIME MIDIA LTDA";"REAL TIME BIG DATA";"Governador, Senador";"2026-07-06 00:00:00";"2026-07-07 00:00:00";"2026-07-08 00:00:00";1600;"10839";"Isabela Zara Cremoneze";"64000,00";"Pesquisa quantitativa, que consiste na realização de entrevistas com eleitores do universo a ser explorado, feitas em combinação mista por entrevistadores humanos e recursos de inteligência artificial, com a aplicação de questionário estruturado com abordagens telefônicas e digitais junto a uma amostra representativa do eleitorado em estudo. Pesquisa realizada no Estado do Maranhão.";"Representativo do eleitorado da área em estudo, elaborada em três estágios. 
No primeiro estágio, realiza-se um sorteio probabilístico dos municípios onde as entrevistas serão realizadas, pelo método PPT (Probabilidade Proporcional ao Tamanho), tomando a população eleitora de 16 anos ou mais residente nos municípios como base para essa seleção.
No segundo estágio, efetua-se um sorteio probabilístico das localidades dentro dos municípios selecionados, também pelo método PPT (Probabilidade Proporcional ao Tamanho), considerando a população eleitora de 16 anos ou mais residente nessas localidades como base para a seleção.
No terceiro e último estágio, dentro das localidades sorteadas, os respondentes são selecionados por meio de quotas amostrais proporcionais, em função de variáveis significativas, a saber:

GÊNERO:
Feminino: 51,92%;
Masculino: 48,08%.
(Fonte: TSE, Junho/2026 -- https://sig.tse.jus.br/ords/dwapr/r/seai/sig-eleitor-eleitorado-mensal/perfil-do-eleitorado-mensal?session=19870699363736)
FAIXA ETÁRIA:
16 anos: 1,01%;
17 anos: 1,47%;
18 a 20 anos: 6,37%;
21 a 24 anos: 8,66%;
25 a 34 anos: 20,64%;
35 a 44 anos: 20,49%;
45 a 59 anos: 22,81%;
60 a 69 anos: 10,04%;
70 a 79 anos: 5,82%;
Superior a 79 anos: 2,69%.
(Fonte: TSE, Junho/2026 -- https://sig.tse.jus.br/ords/dwapr/r/seai/sig-eleitor-eleitorado-mensal/cruzamento-eleitorado-mensal?p24_cruzamento_1=ds_faixa_etaria&p24_metricas=E&p24_back=22&clear=24&session=19870699363736)
ESCOLARIDADE:
Analfabeto: 7,25%;
Lê e Escreve: 11,05%;
Ensino Fundamental Incompleto: 20,50%;
Ensino Fundamental Completo: 5,50%;
Ensino Médio Incompleto: 19,59%;
Ensino Médio Completo: 26,84%;
Ensino Superior Incompleto: 3,22%;
Ensino Superior Completo: 6,06%.
(Fonte: TSE, Junho/2026 -- https://sig.tse.jus.br/ords/dwapr/r/seai/sig-eleitor-eleitorado-mensal/cruzamento-eleitorado-mensal?p24_cruzamento_1=ds_grau_instrucao&p24_metricas=E&p24_back=22&clear=24&session=19870699363736)
RENDA DOMICILIAR MENSAL:
Sem rendimento: 7,98%;
Até 1/2 Salário Mínimo: 13,71%;
Mais de 1/2 a 1 Salário Mínimo: 21,95%;
Mais de 1 a 2 Salários Mínimos: 27,15%;
Mais de 2 a 5 Salários Mínimos: 20,82%;
Mais de 5 a 10 Salários Mínimos: 5,56%;
Mais de 10 a 20 Salários Mínimos: 1,99%;
Mais de 20 Salários Mínimos: 0,85%.
(Fonte: IBGE (Censo/2010) -- https://cidades.ibge.gov.br/brasil/ma/pesquisa/23/24304?detalhes=true )

Observação: De acordo com informações do Instituto Brasileiro de Geografia e Estatística (IBGE), não há previsão de data para a divulgação do perfil econômico da população brasileira do CENSO 2022. Portanto, os dados sobre o nível econômico obtidos no Censo 2022 não podem ser utilizados, pois ainda não foram publicados.
Está prevista eventual ponderação para correção das variáveis sexo e idade, com base nos percentuais anteriormente mencionados, caso ocorram diferenças superiores a 3 pontos percentuais entre o previsto na amostra e a coleta de dados realizada. Para as variáveis de grau de instrução e nível econômico do entrevistado, o fator previsto para ponderação é 1 (resultados obtidos em campo). O nível de confiança estimado é de 95% e a margem de erro máxima estimada considerando um modelo de amostragem aleatório simples, é de aproximadamente 2 (dois) pontos percentuais para mais ou para menos sobre os resultados encontrados no total da amostra.
";"O trabalho de coleta de dados é acompanhado por supervisores humanos. São selecionados aleatoriamente 15% (quinze por cento) dos questionários para uma verificação posterior e, em caso de dúvida, o formulário é descartado e o responsável pela coleta chamado para esclarecimentos. Há uma equipe especializada que confere os dados à exaustão com objetivo de averiguar e aferir os resultados coletados";"O anexo do arquivo com os bairros será realizado até o dia seguinte da divulgação conforme indicado no §7º. do art. 2º. da Resolução-TSE nº. 23.600/2019."
"28/09/2026";"05:46:54";2026;81;"Eleições Gerais 2026";"MA";"MA";"MARANHÃO";"MA024072026";"2026-09-26 22:02:23";"S";"00654576000172";"INSTITUTO VERITA LTDA";"VERITA";"Governador, Senador";"2026-09-26 00:00:00";"2026-10-01 00:00:00";"2026-10-02 00:00:00";1525;"10699";"Guilherme Alvarenga Laia";"117425,00";"Estudo quantitativo voltado às Eleições 2026, realizado por meio de entrevistas individuais, aplicadas mediante questionário eletrônico estruturado e Unidade Automatizada de Respostas Audíveis e Auditáveis, por meio de ligações para telefones móveis (celulares). A inteligência artificial é empregada exclusivamente para a transcrição automatizada das respostas em áudio, não interferindo na formulação das perguntas, na condução das entrevistas, na coleta das informações, na interpretação das respostas ou no tratamento estatístico dos dados.

A participação dos eleitores é voluntária, espontânea e não remunerada. As respostas são prestadas por autodeclaração, sendo, em sua maioria, registradas por meio de códigos numéricos correspondentes às alternativas previamente definidas no questionário.

A utilização de sistema eletrônico automatizado para a coleta e o registro das respostas proporciona elevado nível de padronização operacional, reduz a possibilidade de interferência humana durante a realização das entrevistas, amplia a rastreabilidade e a auditabilidade de todo o processo de coleta e contribui para maior precisão, consistência e confiabilidade dos dados obtidos.

O plano amostral foi elaborado para assegurar a representatividade estatística do eleitorado da respectiva Unidade da Federação, observando critérios técnicos de seleção, distribuição e ponderação da amostra, quando aplicáveis.";"A pesquisa foi planejada para produzir uma amostra estatisticamente representativa do eleitorado do estado DO MARANHÃO, utilizando o método de Probabilidade Proporcional ao Tamanho (PPT), com plano amostral em múltiplos estágios. Na primeira etapa, esta Unidade da Federação é dividida em macrorregiões, de forma a assegurar adequada distribuição territorial da amostra e representação das diferentes características geográficas, demográficas e eleitorais. Na segunda etapa, os municípios de cada estrato são ordenados segundo seu porte populacional e eleitoral e sorteados. Na terceira etapa, os respondentes são selecionados entre os eleitores aptos residentes nos municípios sorteados, observando-se a distribuição proporcional da amostra e as cotas estabelecidas para as variáveis de sexo, faixa etária, grau de instrução e nível econômico. As cotas são estabelecidas para a pesquisa completa, considerando a composição do eleitorado e os parâmetros oficiais de referência, não sendo aplicadas isoladamente a cada município selecionado.

SEXO E FAIXA ETÁRIA - Fonte: Tribunal Superior Eleitoral (TSE), Perfil do Eleitorado, junho de 2026. Feminino de 16 a 34 anos: 19,6%; Masculino de 16 a 34 anos: 18,7%; Feminino de 35 a 54 anos: 19,1%; Masculino de 35 a 54 anos: 17,7%; Feminino com 55 anos ou mais: 13,2%; Masculino com 55 anos ou mais: 11,7%. Os parâmetros de sexo e idade têm como referência o cadastro eleitoral brasileiro atualizado pelo Tribunal Superior Eleitoral, considerando o universo de eleitores aptos com 16 anos ou mais.

GRAU DE INSTRUÇÃO - Fonte: IBGE - PNAD Contínua Anual 2025. A distribuição é: sem instrução 8,1%; ensino fundamental incompleto ou equivalente 27,1%; ensino fundamental completo ou equivalente 8,4%; ensino médio incompleto ou equivalente 9,4%; ensino médio completo ou equivalente 32,7%; ensino superior incompleto ou equivalente 4%; ensino superior completo 10,3%. Para não confundir os respondentes as faixas de escolaridade no questionário foram agrupadas em 3 faixas: até ensino fundamental incompleto e completo, ensino médio incompleto e completo e superior incompleto, completo ou mais. A PNAD Contínua é utilizada como referência por constituir a fonte oficial mais atualizada para a mensuração do nível de instrução da população brasileira, sua utilização também corrige limitações decorrentes da ausência de atualização obrigatória e contínua das informações de escolaridade no cadastro eleitoral do Tribunal Superior Eleitoral.

NÍVEL ECONÔMICO - RENDA FAMILIAR DO DOMICÍLIO - Fonte: IBGE - PNAD Contínua Anual 2025. Considera-se a renda domiciliar total, compreendendo rendimentos provenientes de trabalho formal e informal, aposentadorias, pensões, benefícios sociais e demais fontes de renda existentes no domicílio. observando-se a seguinte distribuição: renda familiar de até 2 salários-mínimos 63,3%; de 2 a 5 salários-mínimos 28,3%, acima de 5 salários-mínimos 8,4%.

PONDERAÇÃO E CALIBRAÇÃO DA AMOSTRA - Prevê-se eventual ponderação das variáveis de sexo, faixa etária, grau de instrução e nível econômico, caso sejam verificadas diferenças relevantes entre a distribuição da amostra efetivamente coletada e os parâmetros populacionais de referência adotados. Inicialmente, o fator de ponderação é igual a 1 (um), podendo ser recalculado sempre que necessário para assegurar a representatividade estatística da amostra.
INTERVALO DE CONFIANÇA E MARGEM DE ERRO - O intervalo de confiança adotado é de 95%, com margem máxima estimada de erro de aproximadamente 2,5 pontos percentuais, para mais ou para menos, sobre os resultados do total da amostra, calculada segundo o modelo de amostragem aleatória simples e a hipótese de máxima variabilidade.";"Após os trabalhos de coleta de dados, os questionários são submetidos a uma fiscalização, conferência e checagem de cerca de 20% (vinte por cento) dos questionários aplicados. Todas as entrevistas são integralmente registradas em áudio, permanecendo auditáveis e rastreáveis, permitindo a verificação da integridade do processo de coleta, preservado o sigilo das informações pessoais dos entrevistados e observadas as disposições da Lei Geral de Proteção de Dados Pessoais (Lei nº 13.709/2018).";"Em observância ao art. 2º, § 7º, da Resolução TSE nº 23.600/2019, com redação dada pela Resolução TSE nº 23.747/2026, a presente pesquisa terá seu registro complementado no Sistema de Registro de Pesquisas Eleitorais a partir da data em que sua divulgação for permitida e até o dia seguinte, com a identificação dos municípios em que foram realizadas as entrevistas, bem como da composição final da amostra quanto a gênero, idade, grau de instrução e nível econômico, na forma exigida pela legislação eleitoral vigente."
"28/09/2026";"05:46:54";2026;81;"Eleições Gerais 2026";"MA";"MA";"MARANHÃO";"MA093582026";"2026-09-24 23:07:22";"N";"55536013000171";"M R BORGES PROMOCOES";"VOX BRASIL PUBLICIDADE MARKETING";"Governador, Senador, Deputado Federal, Deputado Estadual";"2026-09-22 00:00:00";"2026-09-23 00:00:00";"2026-09-30 00:00:00";418;"10190";"STENIO RODRIGUES LIMA";"2500,00";"Pesquisa quantitativa realizada com eleitores a partir de 16 anos de idade, com entrevistas domiciliar e individual e questionário estruturado. A pesquisa utiliza plano amostral estruturado para assegurar adequada distribuição geográfica e sociodemográfica da amostra, considerando as características do eleitorado maranhense e os parâmetros definidos para o estudo Coleta de dados.";"Universo da pesquisa: 46.975 eleitores de COROATÁ - MA.
Amostra: 418 entrevistas, distribuídas de forma a representar a composição geográfica e sociodemográfica do eleitorado de COROATÁ - MA
Plano amostral e ponderação quanto a gênero, idade, grau de instrução e nível econômico do entrevistado; intervalo de confiança e margem de erro:
O público pesquisado é composto por eleitores de 16 anos ou mais residentes na área de abrangência da pesquisa. Para produzir uma amostra representativa desse público-alvo, utilizamos um desenho amostral em 2 estágios. No primeiro estágio, é feito um sorteio probabilístico das localidades onde as entrevistas serão realizadas por meio do método PPT (Probabilidade Proporcional ao Tamanho) considerando a população votante de cada localidade. No segundo estágio, a seleção dos entrevistados dentro da localidade será realizada em domicílios através de cotas proporcionais para as seguintes variáveis: sexo, idade, renda familiar e escolaridade.
As variáveis gênero, faixa etária, nível de instrução são ponderados de acordo com as Estatísticas do Eleitorado do município Coroatá - MA, conforme dados oficiais do Tribunal Superior Eleitoral (TSE). A variável classe de renda é ponderada de acordo com as Estatísticas do Censo Demográfico IBGE 2022, SIDRA ¿ tabela 10296. Cotas de Gênero: masculino (47,7%), feminino (52,3%); Cotas de faixa etária: 16 a 24 anos (17,5%), de 25 a 34 anos (19,4%), de 35 a 44 anos (19,5%), de 45 a 59 anos (21,9%), 60 anos ou mais (21,7%); Cotas de nível de instrução: analfabeto (15,6%), lê e escreve (13,7%), ensino fundamental incompleto/completo (22,9%), ensino médio incompleto/completo (41,9%), ensino superior incompleto/completo (5,9%); Cotas de classe de renda domiciliar: Até 2 SM (98,2%), Mais 2 até 5 SM (1,7%), Mais 5 SM (0,1%). Está prevista eventual ponderação da amostra, para correção de estimativas e das distribuições das variáveis sexo e idade, com base nos percentuais anteriormente mencionados, caso ocorram diferenças entre os percentuais previstos na amostra e a coleta de dados realizada.
O Intervalo de confiança é de 95%, com nível de significância de 5%, e margem de erro de 4,77 pontos percentuais para mais ou para menos, nas estatísticas apresentadas para o total da amostra levantada considerando variância máxima, p = 0,5 e 1-p = 0,5.";"O controle de qualidade inicia-se com o treinamento dos pesquisadores e pré-teste do questionário a ser aplicado. Durante o trabalho de campo os pesquisadores são supervisionados por coordenadores. Após a coleta é feita supervisão interna de 100% dos questionários e dos dados feita pelos pesquisadores. A checagem por telefone é realizada em no mínimo 30% dos formulários aplicados, de acordo com exigências da ABEP ¿ Associação Brasileira de Empresas e Pesquisas. O sistema de verificação interno de controle, feito por 1 estatístico e 1 coordenador geral, se realiza através de programas específicos de computação, formulação, codificação e tabulação dos dados.";"Na ausência de delimitação do bairro, será identificada a área em que foi realizada a pesquisa (conforme §7º. do art. 2º. da Resolução-TSE nº. 23.600/2019, A partir do dia em que a pesquisa puder ser divulgada e até o dia seguinte, o registro deverá ser complementado, sob pena de ser a pesquisa considerada não registrada; na ausência de delimitação do bairro, será identificada a área em que foi realizada):
A área geográfica da pesquisa é o município Coroatá do Maranhão ¿ MA em 20 localidades.

LOCALIDADES PESQUISADOS ¿ BAIRROS: Americanos, Areal, Cajueiro, Centro, Cohab, Maçaranduba, Marajá, Mariol, Novo Areal, Palmeira Torta/Fortaleza, Trizidela, Vila Cilene, Vila Ricardo Murad, Vila Tereza Murad, Vila Vavá e POVOADOS: Barriguada, Macaúba, Pau de estopa, Sete Setembro."
"28/09/2026";"05:46:54";2026;81;"Eleições Gerais 2026";"MA";"MA";"MARANHÃO";"MA079582026";"2026-09-26 12:03:37";"N";"10320449000190";"M D C LEMOS LTDA";"INOP PREVISAO PESQUISAS SERVICOS E PUBLICIDADES";"Governador, Senador, Deputado Federal, Deputado Estadual";"2026-09-20 00:00:00";"2026-09-26 00:00:00";"2026-10-02 00:00:00";2600;"8747";"VITOR EMMANUEL BOUCAS DA SILVA";"48000,00";"A pesquisa sendo realizada em âmbito estadual, abrangendo eleitores residentes nas zonas urbana e
rural dos municípios do Estado do Maranhão, por meio de entrevistas presenciais, conduzidas tanto
em domicílios quanto em pontos de fluxo populacional (tais como vias públicas, áreas comerciais,
terminais de transporte, praças e locais de grande circulação), relacionando-as aos bairros ou
povoados de moradia, mediante aplicação de questionário estruturado com perguntas abertas e
fechadas. As entrevistas são realizadas por equipe de entrevistadores previamente treinada e
identificada, observando-se critérios de elegibilidade do respondente, quais sejam: ter 16 anos ou
mais, residir no Estado do Maranhão e possuir título eleitoral válido, estando, portanto, apto a votar.";"O desenho amostral adotado é do tipo misto com uso de conglomerados em dois estágios e
estratificado. No primeiro estágio, os municípios do estado são estratificados por regiões
geográficas (Norte, Sul, Leste, Oeste, Central e Grande Ilha), com alocação proporcional ao
tamanho do eleitorado, conforme dados mais recentes do Tribunal Superior Eleitoral (TSE). Dentro
de cada estrato, são sorteados municípios auto representativos e não auto representativos, estes
últimos selecionados com probabilidade proporcional ao tamanho (PPT).
No segundo estágio, dentro dos municípios sorteados, são definidos conglomerados de coleta,
compreendendo bairros ou áreas de grande circulação (pontos de fluxo), selecionados de forma
aleatória ou sistemática. Nesses conglomerados, os entrevistadores realizam abordagens presenciais
de eleitores, tanto em domicílios quanto em pontos de fluxo previamente definidos. A seleção do
respondente respeita regras objetivas de abordagem (por exemplo, intervalo fixo de domicílios ou
abordagem do próximo transeunte elegível). Após a finalização do trabalho de campo, os dados
coletados são comparados aos quantitativos populacionais e se necessário submetidos a
procedimento de ponderação estatística (pós-estratificação), com o objetivo de ajustar a amostra às
distribuições conhecidas do eleitorado estadual segundo gênero, faixa etária, grau de instrução e
renda domiciliar, com base nas informações oficiais do Tribunal Superior Eleitoral (TSE-2026) e do
Instituto Brasileiro de Geografia e Estatística (IBGE-2022). Esse procedimento visa corrigir
eventuais desequilíbrios amostrais decorrentes do uso combinado de entrevistas domiciliares e em
pontos de fluxo, assegurando a representatividade dos resultados em relação ao universo
pesquisado.
GÊNERO: Masculino (48,08%); Feminino (51,92%);
GÊNERO e FAIXA ETÁRIA: Feminino 16 a 24 anos (16,59%); 25 a 29 anos (10,68%); 30 a 49
anos (39,81%); 50 anos ou mais (32,93%); Masculino 16 a 24 anos (17,73%); 25 a 29 anos
(10,79%); 30 a 49 anos (39,64%); 50 anos ou mais (31,85%)
GÊNERO e GRAU DE INSTRUÇÃO: Feminino Até a 4°série do Ensino Fundamental (34,93%);
5° a 8° série do Ensino Fundamental (24,22%); Ensino Médio (29,49%); Ensino Superior (11,37%)
Masculino Até a 4°série do Ensino Fundamental (42,97%); 5°a 8° série do Ensino Fundamental
(26,02%); Ensino Médio (23,98%); Ensino Superior (7,03%)
RENDA DOMICILIAR: Até 1 salário 38%; Mais de 1 a 2 salários 27%; Mais de 2 salários 35%.
O nível de confiança estimado é de 95% e a margem de erro máxima é de 3,02%. FONTE DOS
DADOS: IBGE 2022 | TSE 2026
Número de questionários aplicados, margem de erro e nível de confiança;
Pesquisa realizada com 2600 entrevistas. O tamanho da amostra foi dimensionado para garantir
estimativas com nível de confiança de 95% e erro amostral máximo de aproximadamente 3,02
pontos percentuais, considerando agora a natureza multicategórica da pergunta de intenção de voto.
Assim, para cada percentual estimado individualmente e que contabilize o total da amostra, pode-se
afirmar que, com 95% de confiança, o valor real na população pode diferir do valor observado na
amostra em até aproximadamente 3,02 pontos percentuais.";"O controle da qualidade da coleta de dados é realizado por meio de procedimentos contínuos de
supervisão e auditoria interna, aplicados em todas as etapas do trabalho de campo. Todos os
questionários passam por conferência técnica obrigatória, destinada à verificação de consistência,
completude das respostas e adequação ao plano amostral previamente definido.
Adicionalmente, é realizada verificação independente em, no mínimo, 20% das entrevistas,
selecionadas de forma aleatória, por meio de recontato telefônico ou visita de retorno ao domicílio,
conforme a natureza da entrevista originalmente realizada. Esse procedimento tem por finalidade
confirmar a realização da entrevista, a elegibilidade do respondente e a fidelidade das informações
registradas.
Para a execução da pesquisa, é mobilizada uma equipe composta por entrevistadores de campo,
supervisores regionais e coordenação geral, todos previamente treinados quanto aos procedimentos
metodológicos, éticos e operacionais do levantamento. Os supervisores realizam acompanhamento
direto e indireto das equipes, incluindo observação em campo, checagem de rotas e validação diária
dos questionários coletados.
A coordenação geral é responsável pela consolidação das informações, pelo monitoramento do
cumprimento do plano amostral e pela adoção de medidas corretivas sempre que identificadas
inconsistências ou desvios nos procedimentos de coleta.";"#NULO#"
"28/09/2026";"05:46:54";2026;81;"Eleições Gerais 2026";"MA";"MA";"MARANHÃO";"MA078992026";"2026-09-27 21:16:58";"S";"56824073000152";"EXATA.GO PESQUISA LTDA";"EXATA.GO";"Governador, Senador";"2026-09-27 00:00:00";"2026-10-02 00:00:00";"2026-10-03 00:00:00";1000;"11564";"GIOVANA RILLARY DA SILVA ROCHA";"20000,00";"A pesquisa será do tipo quantitativo, por amostragem aleatória, com aplicação de questionário estruturado e abordagem de moradores eleitores nos municípios do estado do Maranhão, em pontos estratégicos de fluxo de pessoal dos municípios e por visitas às residências dos municípios. O conjunto da população dessas localidades com 16 anos ou mais e que são votantes no referido estado foi tomado como universo da pesquisa.";"A amostra será representativa do eleitorado da área de abrangência da pesquisa e será selecionada em três estágios. No primeiro estágio, será realizado o sorteio probabilístico dos municípios onde as entrevistas serão realizadas, por meio do método PPT (Probabilidade Proporcional ao Tamanho), considerando a população eleitora com 16 anos ou mais residente nos municípios como base para essa seleção. No segundo estágio, será realizado o sorteio probabilístico dos setores censitários onde as entrevistas serão realizadas, também por meio do método PPT (Probabilidade Proporcional ao Tamanho), tomando como base a população eleitora de 16 anos ou mais residente nos respectivos setores censitários. No terceiro estágio, a seleção do entrevistado dentro de cada setor censitário será feito por meio de cotas amostrais proporcionais, considerando as seguintes variáveis : GÊNERO: GÊNERO: Feminino 51,9% ; Masculino 48,1% ; FAIXA ETÁRIA: 16 a 24 anos 17,08% ; 25 a 34 anos 20,63% ; 35 a 44 anos 20,47% ; 45 a 59 anos 22,97% ; 60 ou mais 18,85% ; GRAU DE INSTRUÇÃO: ANALFABETO 7,3% ; ENSINO FUNDAMENTAL COMPLETO 5,5% ; ENSINO FUNDAMENTAL INCOMPLETO 20,5% ; ENSINO MÉDIO COMPLETO 26,8% ; ENSINO MÉDIO INCOMPLETO 19,6% ; LÊ E ESCREVE 11,1% ; SUPERIOR COMPLETO 6,1% ; SUPERIOR INCOMPLETO 3,1% ; Fonte tse/ago2026 https://sig.tse.jus.br/ords/dwapr/r/seai/sig-eleitor-eleitorado-mensal/cruzamento-eleitorado-mensal?p0_uf=MA&session=211426802570335; Nivel econômico do entrevistado: IBGE - Censo 2.010 - (fonte: https://cidades.ibge.gov.br/brasil/ma/pesquisa/23/24304 ): Até 1/2 salário mínimo 13,7% Mais de 1/2 a 1 salário mínimo 21,9% Mais de 1 a 2 salários mínimos 27,2% Mais de 2 a 5 salários mínimos 20,8% Mais de 5 a 10 salários mínimos 5,6% Mais de 10 a 20 salários mínimos 2,0% Mais de 20 salários mínimos 0,8% Sem rendimento 8,0%. A variável ¿classe de rendimento nominal mensal domiciliar¿ corresponde à classificação dos domicílios segundo a soma dos rendimentos nominais mensais de seus moradores, expressa em faixas de salários mínimos vigentes no período de referência do Censo Demográfico 2010. Trata-se da renda total do domicílio, não dividida pelo número de moradores, não devendo ser confundida com rendimento domiciliar per capita. Para fins de planejamento amostral e ponderação, foram preservadas as categorias e os percentuais originalmente disponibilizados pelo IBGE, sem reagrupamento ou recálculo das faixas.). Conforme informações obtidas do Instituto Brasileiro de Geografia e Estatística - IBGE, o instituto não divulgou e não tem previsão de data para divulgação do perfil econômico (nível econômico) da população brasileira; portanto, os dados quanto ao nível econômico obtidos no Censo 2022 não podem ser utilizados, pois não foram publicados. (https://censo2022.ibge.gov.br/panorama/). Está prevista eventual ponderação para correção das variáveis gênero, faixa etária, grau de instrução e renda domiciliar com base nos percentuais acima apresentados, caso ocorram diferenças superiores a margem de erro definida entre a amostra prevista e a coleta realizada. Para as variáveis escolaridade e renda domiciliar mensal, o fator de ponderação será igual a 1, considerando-se os resultados obtidos em campo. Dentro do público-alvo anteriormente descrito, serão realizadas 1.000 (Um mil) entrevistas. O nível de confiança estimado é de 95% para uma margem de erro estimada, considerando uma técnica de amostragem aleatória simples (AAS), de aproximadamente 3,1 pontos percentuais para mais ou para menos sobre os resultados obtidos.";"Para a realização da pesquisa, utiliza-se uma equipe de entrevistadores credenciados devidamente treinados para esse tipo de trabalho pela empresa Ranking Brasil Inteligência. Após os trabalhos de campo, os questionários são submetidos a uma fiscalização de cerca de 20% (vinte por cento) dos questionários aplicados pelos entrevistadores; para verificação das respostas e da adequação dos entrevistados aos parâmetros amostrais.";"#NULO#"
"28/09/2026";"05:46:54";2026;81;"Eleições Gerais 2026";"MA";"MA";"MARANHÃO";"MA040332026";"2026-09-01 18:27:23";"N";"07317438000147";"DOXA ARTE & COMUNICAO S/S LTDA";"DOXA";"Governador, Senador";"2026-09-01 00:00:00";"2026-09-05 00:00:00";"2026-09-07 00:00:00";2000;"8010";"JADSON FERNANDES CHAVES";"60000,00";"Pesquisa do tipo quantitativo, por amostragem, com aplicação de questionário estruturado e abordagem pessoal junto a uma amostra representativa do eleitorado conforme fonte de dados do TSE julho/2026, IBGE, CENSO 2010/2022. O conjunto do eleitorado apto a votar na próxima eleição em 2026 no estado do Maranhão com idade de 16 anos ou mais foi tomado como universo da pesquisa. O levantamento será realizado pela equipe DOXA ARTE & COMUNICAO S/S LTDA.";"O público-alvo é o eleitorado do estado do Maranhão apto a votar nas Eleições Gerais de 2026. Para produzir uma amostra representativa desse público-alvo, será utilizado um desenho de amostragem estratificada proporcional por conglomerados, em três estágios.
No primeiro estágio, os municípios (conglomerados primários) são estratificados geograficamente pelas cinco mesorregiões do estado (Norte, Sul, Leste, Oeste e Centro Maranhense). Realiza-se um sorteio probabilístico de 90 municípios dentre os 217 do estado, utilizando o método PPT (Probabilidade Proporcional ao Tamanho), considerando o número de eleitores de cada município como base para a seleção.
No segundo estágio, realiza-se o sorteio probabilístico das localidades (bairros ou setores censitários) dentro dos municípios sorteados, também pelo método PPT, tomando como base os dados populacionais de 16 anos ou mais residentes nestas localidades.
No terceiro estágio, a seleção do entrevistado dentro da localidade sorteada será feita mediante controle de cotas amostrais proporcionais. O perfil da amostra baseia-se nas seguintes proporções:
¿ Sexo: Masculino (48%); Feminino (52%).
¿ Faixa etária: 16-24 anos (17%); 25-34 anos (21%); 35-44 anos (21%); 45-59 anos (23%); 60 anos ou mais (18%).
¿ Nível de instrução: De analfabeto até fundamental completo (45%); Médio incompleto ou completo (46%); Superior incompleto ou completo ou mais (9%).
¿ Nível Econômico (Renda Domiciliar): Sem renda e até 2 salários mínimos (71%); Mais de 2 a 5 salários mínimos (21%); Mais de 5 salários mínimos (8%).
Fonte dos dados: TSE (julho/2026) para as cotas de sexo, idade, instrução e primeiro estágio de sorteio; IBGE/Censo 2022 para estratificação interna das localidades; PNAD Contínua 2024 para as proporções de nível econômico.
Ponderação: Está prevista eventual ponderação da amostra para correção de estimativas e das distribuições das variáveis de sexo, idade, grau de instrução e nível econômico, com base nos percentuais previstos no plano amostral, caso ocorram diferenças entre as cotas estipuladas e os dados efetivamente coletados em campo. A ponderação será feita por meio de técnica de Raking (ajuste iterativo proporcional).
Margem de Erro e Nível de Confiança: Serão realizadas 2.000 entrevistas distribuídas no estado. O nível de confiança das estimativas é de 95%. A margem de erro máxima prevista, utilizando a aproximação para Amostra Aleatória Simples (AAS), é de 2,2 pontos percentuais para mais ou para menos sobre os resultados totais da amostra.";"Os pesquisadores envolvidos na realização desta pesquisa são treinados de forma contínua pelo Instituto DOXA ARTE & COMUNICAÇÃO S/S LTDA e recebem instruções específicas para cada projeto de pesquisa realizado. A equipe de trabalho de campo é formada por quarenta pesquisadores de campo e quatro coordenadores. Os entrevistadores fazem as entrevistas individuais, enquanto os supervisores de campo fiscalizam o trabalho. Sendo dever do supervisor de campo: a) zelar pelo cumprimento e quantidade correta das entrevistas; b) anular Questionários preenchidos incorretamente ou que estejam fora do padrão de conduta técnica da pesquisa; c) anular questionários que não cumpram a amostra determinada de dentro da área prevista no plano; d) zelar pelo andamento do trabalho de campo dentro do tempo especificado; e) inspecionar os questionários aplicados e sua validade; f) conferir no final do trabalho o preenchimento e zelo da amostra prevista. A coleta será realizada com a utilização de tablete/smartfone ou celular androide e o questionário com formato eletrônico e visualização, via, ferramenta, sistema QuestionPro. Os dados são checados, no mínimo, 20% dos questionários de cada pesquisador envolvido na pesquisa, seja in loco por supervisores de campo ou, posteriormente, por telefone indicado pelo entrevistado. Internamente, todo o material é verificado e codificado. Antes do processamento final e emissão dos resultados, realiza-se processo de consistência dos dados para garantir a segurança e lisura das informações.";"Os dados serão inseridos conforme §7º. do art. 2º. da Resolução - TSE nº. 23.600/2019, A partir do dia em que a pesquisa puder ser divulgada e até o dia seguinte, o registro deverá ser complementado, sob pena de ser a pesquisa considerada não registrada; na ausência de delimitação do bairro, será identificada a área em que foi realizada."
"28/09/2026";"05:46:54";2026;81;"Eleições Gerais 2026";"MA";"MA";"MARANHÃO";"MA008312026";"2026-09-27 01:41:32";"N";"22445600000104";"QUAEST PESQUISAS, CONSULTORIA E PROJETOS LTDA.";"#NULO#";"Governador, Senador";"2026-10-02 00:00:00";"2026-10-03 00:00:00";"2026-10-03 00:00:00";2004;"6731";"Margarida Maria de Mendonca";"227955,00";"Pesquisa quantitativa, de survey, que consiste na realização de entrevistas pessoais, domiciliares e presenciais, conduzidas por profissionais treinados, com a aplicação de questionários estruturados a uma amostra representativa da população votante de 16 anos ou mais residente no estado do Maranhão. O desenho amostral aplicado combina sorteio probabilístico de municípios e de setores censitários fornecidos pelo IBGE (unidades territoriais homogêneas, de tamanho similar a quadras ou blocos), dentro dos quais serão selecionadas pessoas respondentes por meio de cotas amostrais.";"O público pesquisado é composto por eleitores de 16 anos ou mais residentes na área de abrangência da pesquisa. Para produzir uma amostra representativa desse público-alvo, utilizamos um desenho amostral por conglomerados que prevê três estágios. No primeiro estágio, é feito um sorteio probabilístico de municípios para comporem a amostra por meio do método PPT (Probabilidade Proporcional ao Tamanho) a partir de suas populações votantes acima de 16 anos. Dentro da lista de municípios sorteados, no segundo estágio, é realizado um sorteio probabilístico por meio do método PPT (Probabilidade Proporcional ao Tamanho) de setores censitários a serem visitados pelos entrevistadores, sorteio que tem como base o total de habitantes residentes nos setores de acordo com dados do Censo de 2022, o que garante a dispersão aleatória e estatística da amostra dentro dos territórios municipais, independentemente de divisões administrativas. Finalmente, dentro da lista de setores censitários sorteados, no último estágio são selecionados domicílios e pessoas a serem entrevistadas utilizando-se cotas amostrais para as seguintes variáveis: sexo, idade, renda familiar e escolaridade. O perfil da amostra, definido pelas cotas previstas, é o seguinte:

Sexo: Masculino (48%); Feminino (52%).
Faixa etária: 16-34 anos (38%); 35-59 anos (43%); 60 ou mais (19%).
Renda domiciliar total, incluindo pensões, benefícios e rendimentos de trabalhos informais: Até 2 salários-mínimos (53%); Mais de 2 a 5 salários-mínimos (36%); Mais de 5 salários-mínimos (11%).
Nível de instrução: Até Fundamental completo ou médio incompleto (51%); Médio completo ou superior incompleto (38%); Superior completo ou mais (11%).

Fonte dos dados: para a distribuição de sexo e idade, TSE-Tribunal Superior Eleitoral - agosto/2026; para a malha de setores censitários, Censo 2022 (IBGE); para a distribuição de renda domiciliar, PNADc Anual 2025, 1ª visita (IBGE); e, para a distribuição de escolaridade/instrução, PNADc trimestral 2-2026 (IBGE). A PNADc é utilizada por ser a fonte oficial mais atualizada de rendimentos do país, incluindo rendimentos informais, pensões, entre outros, e corrigindo as defasagens temporais do Censo 2022, além de ser a fonte mais atualizada de nível de instrução da população com 16 anos ou mais dada ausência de atualização obrigatória da escolaridade no registro de eleitores do TSE.

Está prevista eventual pós-estratificação da amostra, por meio de algoritmos de calibração (rake) e modelos (MrP e likely voter), para correção (1) de estimativas, (2) das distribuições de variáveis que medem o perfil da população e (3) percentual do eleitorado propenso a votar.

Dentro do público-alvo anteriormente descrito, serão realizadas 2.004 entrevistas. O nível de confiança das estimativas é de 95% e a margem de erro máxima prevista, atendendo às diretivas do TSE e usando o cálculo para amostra aleatória simples (AAS) como aproximação, é de cerca de 2 pontos percentuais para mais ou para menos em relação aos totais da amostra.

Pagante (s) do trabalho: CNPJ 07306616000134 - TELEVISAO MIRANTE LTDA / TELEVISAO MIRANTE";"As entrevistas serão realizadas por uma equipe de entrevistadores devidamente qualificada, com experiência e treinamento em pesquisa de opinião pública. Todo trabalho é feito em tablets ou outros dispositivos eletrônicos. Após a realização da coleta de dados, as entrevistas junto aos respondentes são checadas por meio de procedimentos de consistência e de georreferenciamento dos locais de aplicação em tempo real. Adicionalmente, ao longo e após os trabalhos de campo, é realizada uma fiscalização que consiste na checagem de áudio de uma amostra de 30% dos questionários aplicados para verificação das respostas e da adequação dos entrevistados aos parâmetros amostrais.";"A área de abrangência da coleta é o território do estado do Maranhão. A relação do número de pessoas pesquisadas nas áreas de aplicação da pesquisa, discriminadas por município, bairros e setores censitários a partir dos identificadores utilizados pelo IBGE, além da composição do eleitorado entrevistado na área de abrangência quanto a gênero, idade, grau de instrução e nível econômico, constará em anexo. O mapa com os códigos destes setores censitários e as áreas que delimitam no país todo podem ser conferidos na seguinte fonte oficial: https://censo2022.ibge.gov.br/panorama/mapas.html?localidade=&recorte=setores_censitarios"
"28/09/2026";"05:46:54";2026;81;"Eleições Gerais 2026";"MA";"MA";"MARANHÃO";"MA068742026";"2026-09-25 22:57:48";"N";"47425567000173";"IPPI PESQUISAS E CONSULTORIA LTDA";"IPPI - PESQUISAS E CONSULTORIAS";"Governador, Senador, Deputado Federal, Deputado Estadual";"2026-09-26 00:00:00";"2026-09-28 00:00:00";"2026-10-01 00:00:00";500;"10644";"ANTONIO ALBERTO IBIAPINA COSTA FILHO";"8000,00";"Pesquisa quantitativa, do tipo levantamento (survey), realizada por meio de entrevistas pessoais e presenciais, aplicadas nos domicílios, com questionário estruturado, junto a amostra representativa dos eleitores de 16 anos ou mais residentes no município de Açailância(MA).";"Amostragem por cotas. O conjunto do eleitorado do município de Açailândia/MA é distribuído proporcionalmente por gênero, faixa etária, grau de instrução e classe de renda domiciliar. As variáveis gênero, faixa etária e grau de instrução são ponderadas de acordo com as Estatísticas do Eleitorado do Tribunal Superior Eleitoral ¿ TSE, cadastro eleitoral de 2026. A variável classe de renda domiciliar é ponderada de acordo com as estatísticas do Censo Demográfico 2022 ¿ IBGE. O número de entrevistas nos bairros e povoados é distribuído de acordo com o número de domicílios e a distribuição territorial por setor censitário do Censo Demográfico IBGE 2022. Perfil previsto da amostra: gênero: Feminino (51,7%); Masculino (48,3%). Faixa etária: 16 a 24 anos (16,3%); 25 a 34 anos (21,2%); 35 a 44 anos (21,4%); 45 a 59 anos (23,8%); 60 anos ou mais (17,3%). Grau de instrução: de analfabeto até ensino fundamental completo (42,2%); ensino médio incompleto/completo (48,5%); ensino superior incompleto/completo ou mais (9,3%). Classe de renda domiciliar: até 2 salários-mínimos (55,7%); mais de 2 a 5 salários-mínimos (34,0%); mais de 5 salários-mínimos (10,3%). A distribuição foi calculada a partir dos microdados domiciliares do Censo 2022 para Açailândia, código IBGE 2100055, aplicando-se o peso amostral. O código municipal é confirmado pelo IBGE. Serão realizadas 500 entrevistas. O nível de confiança é de 95%, com margem de erro máxima estimada de aproximadamente 4,4 pontos percentuais para mais ou para menos, para as estatísticas referentes ao total da amostra, considerando variância máxima, \(p=0,50\) e \(1-p=0,50\), utilizando-se a amostragem aleatória simples como aproximação para o cálculo do erro amostral.";"As entrevistas serão realizadas por uma equipe de entrevistadores devidamente qualificada, com experiência e treinamento em pesquisa de opinião pública. Após a realização da coleta de dados, as entrevistas junto aos respondentes são checadas por meio de procedimentos de consistência . Ao longo e após os trabalhos de campo, é realizada uma fiscalização que consiste na checagem de áudio de uma amostra de 30% dos questionários aplicados para verificação das respostas e da adequação dos entrevistados aos parâmetros amostrais.";"A área de abrangência da coleta é o município de Açailância (MA). A relação de áreas de abrangência da pesquisa constará em anexo. A partir do dia em que a pesquisa puder ser divulgada e até o dia seguinte, o registro poderá ser complementado, sob pena de ser a pesquisa considerada não registrada. Na ausência de delimitação do bairro, será identificada a área em que foi realizada, conforme §7º. do art. 2º. da Resolução-TSE nº. 23.600/2019."
"28/09/2026";"05:46:54";2026;81;"Eleições Gerais 2026";"MA";"MA";"MARANHÃO";"MA008602026";"2026-09-27 09:40:20";"N";"55536013000171";"M R BORGES PROMOCOES";"VOX BRASIL PUBLICIDADE MARKETING";"Governador, Senador";"2026-09-24 00:00:00";"2026-09-27 00:00:00";"2026-10-03 00:00:00";1730;"10190";"STENIO RODRIGUES LIMA";"13500,00";"Pesquisa quantitativa realizada com eleitores a partir de 16 anos de idade, com entrevistas domiciliar e individual e questionário estruturado. A pesquisa utiliza plano amostral estruturado para assegurar adequada distribuição geográfica e sociodemográfica da amostra, considerando as características do eleitorado maranhense e os parâmetros definidos para o estudo Coleta de dados.";"Universo da pesquisa: 5.186.562 eleitores do Estado do MARANHÃO ¿ MA.

Amostra: 1.730 entrevistas, distribuídas de forma a representar a composição geográfica e sociodemográfica do eleitorado maranhense.

Plano amostral e ponderação quanto a gênero, idade, grau de instrução e nível econômico do entrevistado; intervalo de confiança e margem de erro:

O público pesquisado é composto por eleitores de 16 anos ou mais residentes na área de abrangência da pesquisa. Para produzir uma amostra representativa desse público-alvo, utilizamos um desenho amostral em 3 estágios. No primeiro estágio, é feito um sorteio probabilístico dos municípios onde as entrevistas serão realizadas por meio do método PPT (Probabilidade Proporcional ao Tamanho) considerando a população votante de cada município. No segundo estágio, dentro dos municípios selecionados, foram sorteados setores censitários com referência na distribuição territorial da população, assegurando dispersão geográfica da amostra. No terceiro estágio, a seleção dos entrevistados dentro dos setores censitários serão realizadas em domicílios através de cotas proporcionais para as seguintes variáveis: sexo, idade, renda familiar e escolaridade.

As variáveis gênero, faixa etária, nível de instrução são ponderados de acordo com as Estatísticas do Eleitorado do Maranhão, conforme dados oficiais do Tribunal Superior Eleitoral (TSE). A variável classe de renda é ponderada de acordo com as Estatísticas do Censo Demográfico IBGE 2022, SIDRA ¿ tabela 10296. Cotas de Gênero: masculino (48,1%), feminino (51,9%); Cotas de faixa etária: 16 a 24 anos (17,1%), de 25 a 34 anos (20,6%), de 35 a 44 anos (20,5%), de 45 a 59 anos (23,0%), 60 anos ou mais (18,9%); Cotas de nível de instrução: analfabeto (7,2%), lê e escreve (11,0%), ensino fundamental incompleto/completo (26,0%), ensino médio incompleto/completo (46,4%), ensino superior incompleto/completo (9,3%); Cotas de classe de renda domiciliar: Até 2 SM (94,4%), Mais 2 até 5 SM (4,6%), Mais 5 SM (1,1%). Está prevista eventual ponderação da amostra, para correção de estimativas e das distribuições das variáveis sexo e idade, com base nos percentuais anteriormente mencionados, caso ocorram diferenças entre os percentuais previstos na amostra e a coleta de dados realizada.

O Intervalo de confiança é de 96%, com nível de significância de 4%, e margem de erro de 2,47 pontos percentuais para mais ou para menos, nas estatísticas apresentadas para o total da amostra levantada considerando variância máxima, p = 0,5 e 1-p = 0,5.";"O controle de qualidade inicia-se com o treinamento dos pesquisadores e pré-teste do questionário a ser aplicado. Durante o trabalho de campo os pesquisadores são supervisionados por coordenadores. Após a coleta é feita supervisão interna de 100% dos questionários e dos dados feita pelos pesquisadores. A checagem por telefone é realizada em no mínimo 30% dos formulários aplicados, de acordo com exigências da ABEP ¿ Associação Brasileira de Empresas e Pesquisas. O sistema de verificação interno de controle, feito por 1 estatístico e 1 coordenador geral, se realiza através de programas específicos de computação, formulação, codificação e tabulação dos dados.";"Na ausência de delimitação do bairro, será identificada a área em que foi realizada a pesquisa (conforme §7º. do art. 2º. da Resolução-TSE nº. 23.600/2019, A partir do dia em que a pesquisa puder ser divulgada e até o dia seguinte, o registro deverá ser complementado, sob pena de ser a pesquisa considerada não registrada; na ausência de delimitação do bairro, será identificada a área em que foi realizada):
A área geográfica da pesquisa é o Estado do Maranhão ¿ MA em 45 municípios.

MUNICÍPIOS PESQUISADOS: Açailândia, Araioses, Bacabal, Barra do Corda, Balsas, Barreirinha, Bom Jesus das Selvas, Caxias, Codó, Coelho Neto, Coroatá, Chapadinha, Estreito, Gov. Nunes Freire, Grajau, Imperatriz, Itapecuru Mirim, Lago Pedra, Maranhãozinho, Miranda do Norte, Paço Lumiar, Pastos Bons, Pedreiras, Pinheiro, Pindaré Mirim, Porto Franco, São Luís, São Jose Ribamar, São Benedito Rio Preto, São Bernardo, São Domingos do Maranhão, Santa Helene, Santa Luzia do Tide, Santa Inês, Santa Quitéria, São Bento, Timbiras, Timon, Tuntum, Urbano Santos, Vargem Grande, Viana, Vitória do Mearim, Vitorino Freire, Zé Doca."
"28/09/2026";"05:46:54";2026;81;"Eleições Gerais 2026";"MA";"MA";"MARANHÃO";"MA005652026";"2026-09-19 22:53:47";"N";"00654576000172";"INSTITUTO VERITA LTDA";"VERITA";"Governador, Senador";"2026-09-20 00:00:00";"2026-09-24 00:00:00";"2026-09-25 00:00:00";1525;"10699";"Guilherme Alvarenga Laia";"37037,04";"Estudo quantitativo voltado às Eleições 2026, realizado por meio de entrevistas individuais, aplicadas mediante questionário eletrônico estruturado e Unidade Automatizada de Respostas Audíveis e Auditáveis, por meio de ligações para telefones móveis (celulares). A inteligência artificial é empregada exclusivamente para a transcrição automatizada das respostas em áudio, não interferindo na formulação das perguntas, na condução das entrevistas, na coleta das informações, na interpretação das respostas ou no tratamento estatístico dos dados.

A participação dos eleitores é voluntária, espontânea e não remunerada. As respostas são prestadas por autodeclaração, sendo, em sua maioria, registradas por meio de códigos numéricos correspondentes às alternativas previamente definidas no questionário.

A utilização de sistema eletrônico automatizado para a coleta e o registro das respostas proporciona elevado nível de padronização operacional, reduz a possibilidade de interferência humana durante a realização das entrevistas, amplia a rastreabilidade e a auditabilidade de todo o processo de coleta e contribui para maior precisão, consistência e confiabilidade dos dados obtidos.

O plano amostral foi elaborado para assegurar a representatividade estatística do eleitorado da respectiva Unidade da Federação, observando critérios técnicos de seleção, distribuição e ponderação da amostra, quando aplicáveis.";"A pesquisa foi planejada para produzir uma amostra estatisticamente representativa do eleitorado do estado DO MARANHÃO, utilizando o método de Probabilidade Proporcional ao Tamanho (PPT), com plano amostral em múltiplos estágios. Na primeira etapa, esta Unidade da Federação é dividida em macrorregiões, de forma a assegurar adequada distribuição territorial da amostra e representação das diferentes características geográficas, demográficas e eleitorais. Na segunda etapa, os municípios de cada estrato são ordenados segundo seu porte populacional e eleitoral e sorteados. Na terceira etapa, os respondentes são selecionados entre os eleitores aptos residentes nos municípios sorteados, observando-se a distribuição proporcional da amostra e as cotas estabelecidas para as variáveis de sexo, faixa etária, grau de instrução e nível econômico. As cotas são estabelecidas para a pesquisa completa, considerando a composição do eleitorado e os parâmetros oficiais de referência, não sendo aplicadas isoladamente a cada município selecionado.

SEXO E FAIXA ETÁRIA - Fonte: Tribunal Superior Eleitoral (TSE), Perfil do Eleitorado, junho de 2026. Feminino de 16 a 34 anos: 19,6%; Masculino de 16 a 34 anos: 18,7%; Feminino de 35 a 54 anos: 19,1%; Masculino de 35 a 54 anos: 17,7%; Feminino com 55 anos ou mais: 13,2%; Masculino com 55 anos ou mais: 11,7%. Os parâmetros de sexo e idade têm como referência o cadastro eleitoral brasileiro atualizado pelo Tribunal Superior Eleitoral, considerando o universo de eleitores aptos com 16 anos ou mais.

GRAU DE INSTRUÇÃO - Fonte: IBGE - PNAD Contínua Anual 2025. A distribuição é: sem instrução 8,1%; ensino fundamental incompleto ou equivalente 27,1%; ensino fundamental completo ou equivalente 8,4%; ensino médio incompleto ou equivalente 9,4%; ensino médio completo ou equivalente 32,7%; ensino superior incompleto ou equivalente 4%; ensino superior completo 10,3%. Para não confundir os respondentes as faixas de escolaridade no questionário foram agrupadas em 3 faixas: até ensino fundamental incompleto e completo, ensino médio incompleto e completo e superior incompleto, completo ou mais. A PNAD Contínua é utilizada como referência por constituir a fonte oficial mais atualizada para a mensuração do nível de instrução da população brasileira, sua utilização também corrige limitações decorrentes da ausência de atualização obrigatória e contínua das informações de escolaridade no cadastro eleitoral do Tribunal Superior Eleitoral.

NÍVEL ECONÔMICO - RENDA FAMILIAR DO DOMICÍLIO - Fonte: IBGE - PNAD Contínua Anual 2025. Considera-se a renda domiciliar total, compreendendo rendimentos provenientes de trabalho formal e informal, aposentadorias, pensões, benefícios sociais e demais fontes de renda existentes no domicílio. observando-se a seguinte distribuição: renda familiar de até 2 salários-mínimos 63,3%; de 2 a 5 salários-mínimos 28,3%, acima de 5 salários-mínimos 8,4%.

PONDERAÇÃO E CALIBRAÇÃO DA AMOSTRA - Prevê-se eventual ponderação das variáveis de sexo, faixa etária, grau de instrução e nível econômico, caso sejam verificadas diferenças relevantes entre a distribuição da amostra efetivamente coletada e os parâmetros populacionais de referência adotados. Inicialmente, o fator de ponderação é igual a 1 (um), podendo ser recalculado sempre que necessário para assegurar a representatividade estatística da amostra.
INTERVALO DE CONFIANÇA E MARGEM DE ERRO - O intervalo de confiança adotado é de 95%, com margem máxima estimada de erro de aproximadamente 2,5 pontos percentuais, para mais ou para menos, sobre os resultados do total da amostra, calculada segundo o modelo de amostragem aleatória simples e a hipótese de máxima variabilidade.";"Após os trabalhos de coleta de dados, os questionários são submetidos a uma fiscalização, conferência e checagem de cerca de 20% (vinte por cento) dos questionários aplicados. Todas as entrevistas são integralmente registradas em áudio, permanecendo auditáveis e rastreáveis, permitindo a verificação da integridade do processo de coleta, preservado o sigilo das informações pessoais dos entrevistados e observadas as disposições da Lei Geral de Proteção de Dados Pessoais (Lei nº 13.709/2018).";"Em observância ao art. 2º, § 7º, da Resolução TSE nº 23.600/2019, com redação dada pela Resolução TSE nº 23.747/2026, a presente pesquisa terá seu registro complementado no Sistema de Registro de Pesquisas Eleitorais a partir da data em que sua divulgação for permitida e até o dia seguinte, com a identificação dos municípios em que foram realizadas as entrevistas, bem como da composição final da amostra quanto a gênero, idade, grau de instrução e nível econômico, na forma exigida pela legislação eleitoral vigente."
"28/09/2026";"05:46:54";2026;81;"Eleições Gerais 2026";"MA";"MA";"MARANHÃO";"MA080702026";"2026-09-21 23:42:21";"N";"64500153000180";"LAIS CRISTINA RODRIGUES DE OLIVEIRA LTDA";"IPSENSUS PESQUISAS";"Governador, Senador";"2026-09-22 00:00:00";"2026-09-25 00:00:00";"2026-09-27 00:00:00";350;"7655";"AUGUSTO DA SILVA ROCHA";"4000,00";"A pesquisa cobrirá o município envolvendo todas regiões do município de Imperatriz/MA Universo da pesquisa será dos eleitores com 16 anos ou mais. A amostra representará os eleitores do Município, selecionados em 2(dois) estágios. No primeiro estágio, os setores censitários, onde as entrevistas serão realizadas, foram selecionadas, probabilisticamente, através do método PPT - Probabilidade Proporcional ao Tamanho, tomando o número de eleitores como base para seleção. No segundo estágio, a seleção do entrevistado, dentro do setor censitário, será feita utilizando-se quotas proporcionais, e a abordagem será domiciliar.";"Utilizamos quotas proporcionais, em função das seguintes variáveis: Gênero: FEMININO 53,51% ; MASCULINO 46,49% ; Faixa etária: 16 a 24 anos 14,99% ; 25 a 34 anos 20,62% ; 35 a 44 anos 21,13% ; 45 a 59 anos 24,28% ; 60 anos ou mais 18,98% ; Grau de instrução: Analfabeto 2,61% ; Ensino Fundamental Completo 6,12% ; Ensino Fundamental Incompleto 16,27% ; Ensino Médio Completo 33,82% ; Ensino Médio Incompleto 18,45% ; Lê E Escreve 6,15% ; Superior Completo 10,14% ; Superior Incompleto 6,44% ; Fonte dos dados: TSE-Tribunal Superior Eleitoral/julho2026; Cruzamento Eleitorado Mensal https://sig.tse.jus.br/ords/dwapr/r/seai/sig-eleitor-eleitorado-mensal/cruzamento-eleitorado-mensal?p0_municipio=IMPERATRIZ&p0_uf=MA&session=101518372802196 ; Ano=2026; Mês = agosto; UF= MA; MUNICIPIO = Imperatriz; Renda familiar (A variável ¿classe de rendimento nominal mensal domiciliar¿ corresponde à classificação dos domicílios segundo a soma dos rendimentos nominais mensais de seus moradores, expressa em faixas de salários mínimos vigentes no período de referência do Censo Demográfico 2010. Trata-se da renda total do domicílio, não dividida pelo número de moradores, não devendo ser confundida com rendimento domiciliar per capita. Para fins de planejamento amostral e ponderação, foram preservadas as categorias e os percentuais originalmente disponibilizados pelo IBGE, sem reagrupamento ou recálculo das faixas.): Até 1/2 salário mínimo 2,75% ; Mais de 1/2 a 1 salário mínimo 18,70% ; Mais de 1 a 2 salários mínimos 27,80% ; Mais de 2 a 5 salários mínimos 31,71% ; Mais de 5 a 10 salários mínimos 10,76% ; Mais de 10 a 20 salários mínimos 3,92% ; Mais de 20 salários mínimos 1,57% ; Sem rendimento 2,78% ; Fonte dos dados: IBGE-Censo 2010-IBGE-CENSO 2022 (IBGE/Censo 2010 - Classe de rendimento nominal mensal domiciliar) ; https://cidades.ibge.gov.br/brasil/ma/imperatriz/pesquisa/23/24304 ; ""Está prevista eventual ponderação da amostra para correção das variáveis sexo, idade, renda familiar e escolaridade com base nos percentuais anteriormente mencionados, caso ocorram diferenças entre os percentuais previstos na amostra e a coleta de dados realizada. O nível de confiança estimado é de 95% e a margem de erro máxima prevista, baseada em uma amostra aleatória simples (AAS), é de cerca de 5,2 pontos percentuais para mais ou para menos em relação aos totais da amostra. Nível Econômico: IBGE (Censo/2010) - Observação: Conforme informações obtidas do Instituto Brasileiro de Geografia e Estatística, o IBGE, não divulgou - e não tem previsão - de data para divulgação do perfil econômico (nível econômico) da população brasileira; portanto, os dados quanto ao nível econômico obtidos no Censo 2022, não podem ser utilizados, pois não foram publicados.""";"Para a realização da pesquisa, utiliza-se uma equipe de entrevistadores e supervisores credenciados devidamente treinados pela empresa para esse tipo de pesquisa. Após os trabalhos de campo, 100% dos questionários são criticados e passam por uma fiscalização de cerca de 20% (vinte por cento) dos questionários aplicados por cada entrevistador; para verificação da consistência das respostas e da adequação dos entrevistados aos parâmetros amostrais.";"#NULO#"
"28/09/2026";"05:46:54";2026;81;"Eleições Gerais 2026";"MA";"MA";"MARANHÃO";"MA053332026";"2026-09-22 14:25:36";"S";"32654392000107";"PESQUISA VIVA VOZ LTDA.";"#NULO#";"Governador, Senador";"2026-09-22 00:00:00";"2026-09-27 00:00:00";"2026-09-28 00:00:00";1320;"10818";"Marcus Thadeu Oliveira Campos";"25000,00";"Pesquisa quantitativa, que consiste na realização de entrevistas pessoais, face a face, com a aplicação de questionário estruturado junto a uma amostra representativa do eleitorado em estudo. Pesquisa realizada no estado do Maranhão.";"O universo da pesquisa é composto por eleitores do estado do Maranhão, com idade a partir de 16 anos. Serão realizadas 1.320 entrevistas, o que permite um erro amostral de 2,7% e nível de confiança de 95%. A amostra será representativa dos eleitores das áreas pesquisadas e será selecionada em duas etapas. Na primeira etapa realiza-se um sorteio probabilístico dos municípios onde as entrevistas serão realizadas através do método PPT (Probabilidade Proporcional ao Tamanho), considerando a população com 16 anos ou mais residente nas localidades como base para essa seleção. Na segunda etapa, a seleção do entrevistado dentro da localidade será feita utilizando-se quotas amostrais proporcionais, em função das seguintes variáveis: GÊNERO: Masculino (48%); Feminino (52%). IDADE: 16-24 anos (17%); 25-34 anos (21%); 35-44 anos (21%); 45-59 anos (23%); 60 ou mais (18%). RENDA DOMICILIAR: Até 2 salários-mínimos (53%); mais de 2 a 5 salários-mínimos (36%); acima de 5 salários-mínimos (11%). ESCOLARIDADE/INSTRUÇÃO: Até Fundamental completo (45%); Ensino médio incompleto ou completo (46%); Ensino superior incompleto ou completo (09%)
Fonte dos dados: Estatísticas mensais do TSE (Tribunal Superior Eleitoral) - referência do mês setembro/2026; IBGE-Censo 2022; IBGE-PNADc 2023)";"As entrevistas serão realizadas por uma equipe de entrevistadores e supervisores devidamente qualificada pela Pesquisa Viva Voz, com experiência e treinamento em pesquisas de opinião pública. No decorrer do trabalho de coleta de dados, os questionários aplicados, serão checados em no mínimo 20% (vinte por cento) para verificação quanto ao cuidado na sua aplicação, bem como a adequação do entrevistado às variáveis das quotas amostrais. Depois todos os dados passam por tratamento em software estatístico para análise de consistência.";"A pesquisa será realizada no estado do Maranhão, os dados relativos a municípios e bairros abrangidos pela pesquisa ou a área em que a mesma foi realizada serão apresentados até o dia seguinte à data a partir da qual a pesquisa puder ser divulgada, conforme §7º do art. 2º da Resolução-TSE nº. 23.600/2019"""
"28/09/2026";"05:46:54";2026;81;"Eleições Gerais 2026";"MA";"MA";"MARANHÃO";"MA013342026";"2026-09-22 08:37:56";"N";"47425567000173";"IPPI PESQUISAS E CONSULTORIA LTDA";"IPPI - PESQUISAS E CONSULTORIAS";"Governador, Senador, Deputado Federal, Deputado Estadual";"2026-09-21 00:00:00";"2026-09-22 00:00:00";"2026-09-28 00:00:00";300;"10644";"ANTONIO ALBERTO IBIAPINA COSTA FILHO";"5000,00";"Pesquisa quantitativa, do tipo levantamento (survey), realizada por meio de entrevistas pessoais e presenciais, aplicadas nos domicílios, com questionário estruturado, junto a amostra representativa dos eleitores de 16 anos ou mais residentes no município de Barrerinhas (MA).";"O público-alvo da pesquisa é constituído por eleitores com 16 anos ou mais, residentes no município de Barreirinhas/MA. A pesquisa utilizará desenho amostral em dois estágios. No primeiro estágio, será realizada a seleção probabilística das localidades de aplicação das entrevistas, por meio do método PPT Probabilidade Proporcional ao Tamanho , tendo como referência a distribuição da população eleitoral entre as localidades do município. No segundo estágio, os entrevistados serão selecionados dentro das localidades mediante cotas amostrais de sexo, faixa etária, renda domiciliar total e nível de instrução. O perfil previsto da amostra é: Sexo: masculino (50%) e feminino (50%). Faixa etária: 16 a 24 anos (20%); 25 a 34 anos (23%); 35 a 44 anos (21%); 45 a 59 anos (21%); 60 anos ou mais (15%). Renda domiciliar total: até 2 salários-mínimos (70,5%); mais de 2 a 5 salários-mínimos (24,7%); mais de 5 salários-mínimos (4,8%). Nível de instrução: de analfabeto até ensino fundamental completo (48%); ensino médio incompleto ou completo (46%); ensino superior incompleto, completo ou mais (6%). As fontes públicas utilizadas para definição do perfil amostral são o Tribunal Superior Eleitoral TSE, cadastro eleitoral de 2026, para as variáveis sexo, faixa etária e nível de instrução, e o Censo Demográfico 2022 IBGE, para a variável renda domiciliar. A PNAD Contínua Anual 2025 IBGE é utilizada como referência complementar. As variáveis renda domiciliar e nível de instrução serão controladas durante a coleta mediante cotas amostrais. Está prevista eventual ponderação dos dados para correção de diferenças entre a distribuição planejada e a distribuição efetivamente obtida na coleta, especialmente em relação às variáveis sexo e idade, caso sejam observados desvios em relação aos percentuais previstos. Serão realizadas 300 entrevistas. O nível de confiança considerado é de 95%, com margem de erro máxima estimada de aproximadamente 5,7 pontos percentuais, para mais ou para menos, considerando-se a amostra aleatória simples (AAS) como aproximação para o cálculo do erro amostral.";"As entrevistas serão realizadas por uma equipe de entrevistadores devidamente qualificada, com experiência e treinamento em pesquisa de opinião pública. Após a realização da coleta de dados, as entrevistas junto aos respondentes são checadas por meio de procedimentos de consistência . Ao longo e após os trabalhos de campo, é realizada uma fiscalização que consiste na checagem de áudio de uma amostra de 30% dos questionários aplicados para verificação das respostas e da adequação dos entrevistados aos parâmetros amostrais.";"A área de abrangência da coleta é o município de Barrerinhas (MA). A relação de áreas de abrangência da pesquisa constará em anexo. A partir do dia em que a pesquisa puder ser divulgada e até o dia seguinte, o registro poderá ser complementado, sob pena de ser a pesquisa considerada não registrada. Na ausência de delimitação do bairro, será identificada a área em que foi realizada, conforme §7º. do art. 2º. da Resolução-TSE nº. 23.600/2019."
"28/09/2026";"05:46:54";2026;81;"Eleições Gerais 2026";"MA";"MA";"MARANHÃO";"MA012692026";"2026-09-20 22:22:43";"N";"47425567000173";"IPPI PESQUISAS E CONSULTORIA LTDA";"IPPI - PESQUISAS E CONSULTORIAS";"Governador, Senador, Deputado Federal, Deputado Estadual";"2026-09-20 00:00:00";"2026-09-22 00:00:00";"2026-09-26 00:00:00";300;"10644";"ANTONIO ALBERTO IBIAPINA COSTA FILHO";"5000,00";"Pesquisa quantitativa, do tipo levantamento (survey), realizada por meio de entrevistas pessoais e presenciais, aplicadas nos domicílios, com questionário estruturado, junto a amostra representativa dos eleitores de 16 anos ou mais residentes no município de São João dos Patos (MA).";"O público-alvo da pesquisa é constituído por eleitores com 16 anos ou mais, residentes no município de São João dos Patos/MA. A pesquisa utilizará desenho amostral em dois estágios. No primeiro estágio, será realizada a seleção probabilística das localidades de aplicação das entrevistas, por meio do método PPT ¿ Probabilidade Proporcional ao Tamanho ¿, tendo como referência a distribuição da população eleitoral entre as localidades do município. No segundo estágio, os entrevistados serão selecionados dentro das localidades mediante cotas amostrais de sexo, faixa etária, renda domiciliar total e nível de instrução. O perfil previsto da amostra é: Sexo: masculino (47%) e feminino (53%). Faixa etária: 16 a 24 anos (16%); 25 a 34 anos (19%); 35 a 44 anos (19%); 45 a 59 anos (23%); 60 anos ou mais (23%). Renda domiciliar total: até 2 salários-mínimos (67%); mais de 2 a 5 salários-mínimos (26%); mais de 5 salários-mínimos (7%). Nível de instrução: de analfabeto até ensino fundamental completo (49%); ensino médio incompleto ou completo (40%); ensino superior incompleto, completo ou mais (11%). As fontes públicas utilizadas para definição do perfil amostral são o Tribunal Superior Eleitoral ¿ TSE, cadastro eleitoral de 2026, para as variáveis sexo, faixa etária e nível de instrução, e o Censo Demográfico 2022 ¿ IBGE, para a variável renda domiciliar. A PNAD Contínua Anual 2025 ¿ IBGE é utilizada como referência complementar. As variáveis renda domiciliar e nível de instrução serão controladas durante a coleta mediante cotas amostrais. Está prevista eventual ponderação dos dados para correção de diferenças entre a distribuição planejada e a distribuição efetivamente obtida na coleta, especialmente em relação às variáveis sexo e idade, caso sejam observados desvios em relação aos percentuais previstos. Serão realizadas 300 entrevistas. O nível de confiança considerado é de 95%, com margem de erro máxima estimada de aproximadamente 5,7 pontos percentuais, para mais ou para menos, considerando-se a amostra aleatória simples (AAS) como aproximação para o cálculo do erro amostral.";"As entrevistas serão realizadas por uma equipe de entrevistadores devidamente qualificada, com experiência e treinamento em pesquisa de opinião pública. Após a realização da coleta de dados, as entrevistas junto aos respondentes são checadas por meio de procedimentos de consistência . Ao longo e após os trabalhos de campo, é realizada uma fiscalização que consiste na checagem de áudio de uma amostra de 30% dos questionários aplicados para verificação das respostas e da adequação dos entrevistados aos parâmetros amostrais.";"A área de abrangência da coleta é o município de São Joao dos Patos (MA). A relação de áreas de abrangência da pesquisa constará em anexo. A partir do dia em que a pesquisa puder ser divulgada e até o dia seguinte, o registro poderá ser complementado, sob pena de ser a pesquisa considerada não registrada. Na ausência de delimitação do bairro, será identificada a área em que foi realizada, conforme §7º. do art. 2º. da Resolução-TSE nº. 23.600/2019."
"28/09/2026";"05:46:54";2026;81;"Eleições Gerais 2026";"MA";"MA";"MARANHÃO";"MA027112026";"2026-09-26 23:03:45";"N";"49237968000125";"N C L DE CARVALHO";"EPO - ESTRATEGIA PESQUISAS DE OPINIAO";"Governador, Senador";"2026-09-28 00:00:00";"2026-10-01 00:00:00";"2026-10-02 00:00:00";1535;"Nº 8532";"HILDETE ALVES DA COSTA";"30000,00";"Pesquisa do tipo quantitativa, realizada por meio de questionário estruturado, aplicado presencialmente, de porta em porta, contendo questões abertas e fechadas, junto a uma amostra representativa do eleitorado do Estado do Maranhão.
A pesquisa utiliza plano amostral estruturado para assegurar adequada distribuição geográfica e sociodemográfica da amostra, considerando as características do eleitorado maranhense e os parâmetros definidos para o estudo.";"Para assegurar adequada representatividade territorial e sociodemográfica do eleitorado da área em estudo, o plano amostral foi estruturado em três estágios de seleção, envolvendo municípios, setores censitários e, no estágio final, domicílios e entrevistados.
I ¿ UNIVERSO E AMOSTRA
O universo é constituído pelos eleitores do Estado do Maranhão, conforme dados oficiais do Tribunal Superior Eleitoral (TSE), considerando-se 5.188.155 eleitores.
A amostra compreende 1535 entrevistas, distribuídas de forma a representar a composição geográfica e sociodemográfica do eleitorado maranhense.
1º ESTÁGIO ¿ SELEÇÃO DOS MUNICÍPIOS
Os municípios foram selecionados pelo método PPT ¿ Probabilidade Proporcional ao Tamanho, utilizando como medida de tamanho o eleitorado de cada município, conforme dados do TSE.
Municípios com 30 mil eleitores ou mais foram incluídos automaticamente, respeitando-se sua participação proporcional nas regiões de planejamento da pesquisa. Os demais foram selecionados probabilisticamente, buscando assegurar a representação das diferentes regiões do Estado.
2º ESTÁGIO ¿ SETORES CENSITÁRIOS
Nos municípios selecionados, foram sorteados setores censitários com referência na distribuição territorial da população, assegurando dispersão geográfica da amostra. A área física de realização da pesquisa corresponde aos municípios e respectivos setores censitários selecionados no Estado do Maranhão.
3º ESTÁGIO ¿ DOMICÍLIOS E ENTREVISTADOS
Nos setores selecionados, as entrevistas serão realizadas em domicílios, com seleção dos entrevistados mediante cotas proporcionais de gênero, faixa etária, grau de instrução e nível econômico.
A combinação da seleção probabilística de municípios e setores com o controle das cotas sociodemográficas busca assegurar adequada distribuição territorial e maior aderência entre o perfil da amostra e o eleitorado pesquisado.
PERCENTUAL DAS VARIÁVEIS A SABER:
GÊNERO:
Masculino: 48,1%
Feminino: 51,9%
FAIXA ETÁRIA:
Entre 16 e 24 anos: 17,1%
Entre 25 e 34 anos: 20,6%
Entre 35 e 44 anos: 20,5%
Entre 45 e 59 anos: 23,0%
Mais de 60 anos: 18,8%
GRAU DE INSTRUÇÃO:
Analfabeto, lê e escreve: 18,3%
Ensino Fundamental Completo e Incompleto: 26,0%
Ensino Médio Completo e Incompleto: 46,4%
Ensino Superior Completo e Incompleto: 9,3%
NÍVEL ECONÔMICO:
Até 1 Salário Mínimo: 37,7%
Mais de 1 até 2 Salários Mínimos: 27,2%
Mais de 2 até 5 Salários Mínimos: 24,7%
Acima de 5 Salários Mínimos: 10,4%
Está prevista eventual ponderação pós-estratificada das variáveis gênero e faixa etária caso sejam verificadas diferenças superiores a 3 pontos percentuais entre a distribuição prevista no plano amostral e a composição efetivamente obtida na coleta de dados.
Caso seja necessária a ponderação, os fatores serão calculados considerando a relação entre a proporção de referência de cada categoria e a proporção efetivamente observada na amostra.
Para as variáveis grau de instrução e nível econômico do entrevistado, não está prevista ponderação posterior, sendo atribuído fator de ponderação igual a 1, correspondente aos resultados obtidos em campo.
INTERVALO DE CONFIANÇA E MARGEM DE ERRO
Considerando um universo de 5.188.155 eleitores e uma amostra de 1535 entrevistas, o nível de confiança adotado é de 95%.
A margem de erro máxima estimada é de 2,50 pontos percentuais, para mais ou para menos, considerando-se um modelo de amostragem aleatória simples (AAS) e situação de máxima variabilidade dos resultados.
.
Variáveis dos microdados da PNAD
FONTE DE DADOS: Censo IBGE 2022 | PNAD | TSE/AGOSTO/2026.
";"EQUIPE DE CAMPO E CONTROLE DE QUALIDADE
Para a realização da pesquisa, foi utilizada uma equipe de entrevistadores, coordenadores e supervisores de campo devidamente capacitada e treinada pela EPO ¿ Estratégia Pesquisas de Opinião, seguindo rigorosamente os procedimentos metodológicos e operacionais estabelecidos para a coleta dos dados.
Durante o trabalho de campo, os pesquisadores são identificados por meio de colete e crachá institucional da empresa, em conformidade com as normas e procedimentos aplicáveis à atividade de pesquisa de opinião, observando-se as diretrizes da ABEP ¿ Associação Brasileira de Empresas de Pesquisa (Filiação nº 466).
O trabalho de campo é acompanhado diretamente pelos coordenadores e supervisores de campo, responsáveis pelo acompanhamento das equipes, pela orientação dos pesquisadores e pela verificação do cumprimento dos procedimentos metodológicos estabelecidos.
A realização das entrevistas também é acompanhada por meio de sistema de geolocalização (GPS), permitindo o monitoramento dos locais de aplicação e contribuindo para o controle, a segurança e a integridade do trabalho de campo.
FISCALIZAÇÃO E AUDITORIA DAS ENTREVISTAS
A EPO adota um sistema de controle e auditoria de 100% dos questionários aplicados. Dessa forma, todos os questionários, sem exceção, são submetidos a procedimentos de checagem e validação pela equipe de controle de qualidade, não sendo utilizada apenas uma amostra para fins de fiscalização.
Após a sincronização dos questionários com a plataforma de pesquisa, a equipe responsável no escritório realiza a checagem individual de cada entrevista, verificando a correta aplicação do instrumento, a consistência das informações coletadas e a aderência do entrevistado às cotas amostrais previamente estabelecidas.
Paralelamente, os coordenadores e supervisores de campo realizam verificações presenciais durante a coleta, acompanhando o trabalho dos entrevistadores, orientando as equipes e conferindo o cumprimento dos procedimentos metodológicos e operacionais definidos pela empresa.
A fiscalização ocorre de forma contínua e integrada entre as equipes de campo e o escritório, permitindo a identificação e correção de eventuais inconsistências, erros de aplicação ou desvios dos parâmetros estabelecidos.
O controle de 100% dos questionários constitui uma das etapas fundamentais do processo de garantia da qualidade da EPO, proporcionando maior rigor, confiabilidade e segurança aos dados utilizados na análise dos resultados.
PROTEÇÃO E SEGURANÇA DOS DADOS
A EPO ¿ Estratégia Pesquisas de Opinião adota procedimentos de proteção e segurança das informações coletadas, em conformidade com a Lei Geral de Proteção de Dados Pessoais (LGPD ¿ Lei nº 13.709/2018), buscando garantir o tratamento adequado, a confidencialidade e a segurança dos dados obtidos durante a realização da pesquisa.
RANDOMIZAÇÃO DOS CENÁRIOS ESTIMULADOS
Nos cenários estimulados que apresentam nomes de candidatos, a ordem de apresentação dos nomes é definida de forma randômica pelo aplicativo utilizado na coleta, reduzindo possíveis efeitos decorrentes da posição dos nomes e contribuindo para maior neutralidade na apresentação dos estímulos aos entrevistados.
";"A área de abrangência da coleta é o ESTADO DO MARANHÃO em 70 municípios. Conforme previsto no §7º, do art. 2º, da Resolução 23.600 de 12 de dezembro de 2019, em vigor com a Resolução Nº 23.727, de 27 de fevereiro de 2024, o registro da pesquisa será complementado no prazo legal com os dados relativos à área em que foi realizada. Art. 2º, § 7º A partir do dia em que a pesquisa puder ser divulgada e até o dia seguinte, O REGISTRO SERÁ COMPLEMENTADO."
"28/09/2026";"05:46:54";2026;81;"Eleições Gerais 2026";"MA";"MA";"MARANHÃO";"MA002972026";"2026-09-19 23:13:16";"N";"47425567000173";"IPPI PESQUISAS E CONSULTORIA LTDA";"IPPI - PESQUISAS E CONSULTORIAS";"Governador, Senador, Deputado Federal, Deputado Estadual";"2026-09-19 00:00:00";"2026-09-21 00:00:00";"2026-09-25 00:00:00";500;"10644";"ANTONIO ALBERTO IBIAPINA COSTA FILHO";"7000,00";"Pesquisa quantitativa, do tipo levantamento (survey), realizada por meio de entrevistas pessoais e presenciais, aplicadas nos domicílios, com questionário estruturado, junto a amostra representativa dos eleitores de 16 anos ou mais residentes no município de Caxias (MA).";"O público-alvo da pesquisa é constituído por eleitores com 16 anos ou mais, residentes no município de Caxias/MA. A pesquisa utilizará desenho amostral em dois estágios. No primeiro estágio, será realizada a seleção probabilística das localidades de aplicação das entrevistas, por meio do método PPT - Probabilidade Proporcional ao Tamanho ¿-tendo como referência a distribuição da população eleitoral entre as localidades do município. No segundo estágio, os entrevistados serão selecionados dentro das localidades mediante cotas amostrais de sexo, faixa etária, renda domiciliar total e nível de instrução.
O perfil previsto da amostra é: Sexo: masculino (46%) e feminino (54%). Faixa etária: 16 a 24 anos (17%); 25 a 34 anos (20%); 35 a 44 anos (20%); 45 a 59 anos (23%); 60 anos ou mais (20%). Renda domiciliar total: até 2 salários-mínimos (66%); mais de 2 a 5 salários-mínimos (27%); mais de 5 salários-mínimos (7%). Nível de instrução: de analfabeto até ensino fundamental completo (44%); ensino médio incompleto ou completo (43%); ensino superior incompleto, completo ou mais (13%).
As referências utilizadas para definição do perfil amostral são dados do Tribunal Superior Eleitoral - TSE, Censo Demográfico 2022 - IBGE e PNAD Contínua Anual 2025. Está prevista eventual ponderação dos dados para correção de diferenças entre a distribuição planejada e a distribuição efetivamente obtida na coleta, especialmente em relação às variáveis sexo e idade. Serão realizadas 500 entrevistas. O nível de confiança considerado é de 95%, com margem de erro máxima estimada de aproximadamente 4,4 pontos percentuais, para mais ou para menos, considerando-se a amostra aleatória simples como aproximação para o cálculo do erro amostral.";"As entrevistas serão realizadas por uma equipe de entrevistadores devidamente qualificada, com experiência e treinamento em pesquisa de opinião pública. Após a realização da coleta de dados, as entrevistas junto aos respondentes são checadas por meio de procedimentos de consistência . Ao longo e após os trabalhos de campo, é realizada uma fiscalização que consiste na checagem de áudio de uma amostra de 30% dos questionários aplicados para verificação das respostas e da adequação dos entrevistados aos parâmetros amostrais.";"A área de abrangência da coleta é o município de Caxias (MA). A relação de áreas de abrangência da pesquisa constará em anexo. A partir do dia em que a pesquisa puder ser divulgada e até o dia seguinte, o registro poderá ser complementado, sob pena de ser a pesquisa considerada não registrada. Na ausência de delimitação do bairro, será identificada a área em que foi realizada, conforme §7º. do art. 2º. da Resolução-TSE nº. 23.600/2019."
"28/09/2026";"05:46:54";2026;81;"Eleições Gerais 2026";"MA";"MA";"MARANHÃO";"MA088042026";"2026-09-19 12:24:25";"N";"64500153000180";"LAIS CRISTINA RODRIGUES DE OLIVEIRA LTDA";"IPSENSUS PESQUISAS";"Governador, Senador";"2026-09-19 00:00:00";"2026-09-23 00:00:00";"2026-09-25 00:00:00";350;"7655";"AUGUSTO DA SILVA ROCHA";"4000,00";"A pesquisa cobrirá o município envolvendo todas regiões do município de Davinópolis/MA Universo da pesquisa será dos eleitores com 16 anos ou mais. A amostra representará os eleitores do Município, selecionados em 2(dois) estágios. No primeiro estágio, os setores censitários, onde as entrevistas serão realizadas, foram selecionadas, probabilisticamente, através do método PPT - Probabilidade Proporcional ao Tamanho, tomando o número de eleitores como base para seleção. No segundo estágio, a seleção do entrevistado, dentro do setor censitário, será feita utilizando-se quotas proporcionais, e a abordagem será domiciliar.";"Utilizamos quotas proporcionais, em função das seguintes variáveis: Gênero: FEMININO 50,78% ; MASCULINO 49,22% ; Faixa etária: 16 a 24 anos 16,58% ; 25 a 34 anos 22,61% ; 35 a 44 anos 21,56% ; 45 a 59 anos 22,42% ; 60 anos ou mais 16,83% ; Grau de instrução:Analfabeto 5,80% ; Ensino Fundamental Completo 5,95% ; Ensino Fundamental Incompleto 22,61% ; Ensino Médio Completo 27,88% ; Ensino Médio Incompleto 20,47% ; Lê E Escreve 9,43% ; Superior Completo 5,17% ; Superior Incompleto 2,69% ; Fonte dos dados: TSE-Tribunal Superior Eleitoral/agosto2026; Cruzamento Eleitorado Mensal https://sig.tse.jus.br/ords/dwapr/r/seai/sig-eleitor-eleitorado-mensal/cruzamento-eleitorado-mensal?p0_municipio=DAVIN%C3%93POLIS&p0_uf=MA&session=310669362669017 ; Ano=2026; Mês = agosto; UF= MA; MUNICIPIO = Davinópolis; Renda familiar (A variável ¿classe de rendimento nominal mensal domiciliar¿ corresponde à classificação dos domicílios segundo a soma dos rendimentos nominais mensais de seus moradores, expressa em faixas de salários mínimos vigentes no período de referência do Censo Demográfico 2010. Trata-se da renda total do domicílio, não dividida pelo número de moradores, não devendo ser confundida com rendimento domiciliar per capita. Para fins de planejamento amostral e ponderação, foram preservadas as categorias e os percentuais originalmente disponibilizados pelo IBGE, sem reagrupamento ou recálculo das faixas.): Até 1/2 salário mínimo 7,96% ; Mais de 1/2 a 1 salário mínimo 27,88% ; Mais de 1 a 2 salários mínimos 35,96% ; Mais de 2 a 5 salários mínimos 21,28% ; Mais de 5 a 10 salários mínimos 2,77% ; Mais de 10 a 20 salários mínimos 0,54% ; Mais de 20 salários mínimos 0,06% ; Sem rendimento 3,55% ; Fonte dos dados: IBGE-Censo 2010-IBGE-CENSO 2022 (IBGE/Censo 2010 - Classe de rendimento nominal mensal domiciliar) ; https://cidades.ibge.gov.br/brasil/ma/davinopolis/pesquisa/23/24304 ; ""Está prevista eventual ponderação da amostra para correção das variáveis sexo, idade, renda familiar e escolaridade com base nos percentuais anteriormente mencionados, caso ocorram diferenças entre os percentuais previstos na amostra e a coleta de dados realizada. O nível de confiança estimado é de 95% e a margem de erro máxima prevista, baseada em uma amostra aleatória simples (AAS), é de cerca de 5,2 pontos percentuais para mais ou para menos em relação aos totais da amostra. Nível Econômico: IBGE (Censo/2010) - Observação: Conforme informações obtidas do Instituto Brasileiro de Geografia e Estatística, o IBGE, não divulgou - e não tem previsão - de data para divulgação do perfil econômico (nível econômico) da população brasileira; portanto, os dados quanto ao nível econômico obtidos no Censo 2022, não podem ser utilizados, pois não foram publicados.""";"Para a realização da pesquisa, utiliza-se uma equipe de entrevistadores e supervisores credenciados devidamente treinados pela empresa para esse tipo de pesquisa. Após os trabalhos de campo, 100% dos questionários são criticados e passam por uma fiscalização de cerca de 20% (vinte por cento) dos questionários aplicados por cada entrevistador; para verificação da consistência das respostas e da adequação dos entrevistados aos parâmetros amostrais.";"#NULO#"
"28/09/2026";"05:46:54";2026;81;"Eleições Gerais 2026";"MA";"MA";"MARANHÃO";"MA098852026";"2026-07-07 23:13:05";"N";"47425567000173";"IPPI PESQUISAS E CONSULTORIA LTDA";"IPPI - PESQUISAS E CONSULTORIAS";"Governador, Senador, Deputado Federal, Deputado Estadual";"2026-07-08 00:00:00";"2026-07-12 00:00:00";"2026-07-13 00:00:00";1500;"10233";"Israel Oliveira da Costa Sousa";"60000,00";"Pesquisa quantitativa, de survey, que consiste na realização de entrevistas pessoais, domiciliares e presenciais, com a aplicação de questionários estruturados a uma amostra representativa da população votante de 16 anos ou mais residente no estado do Maranhão.";"O público pesquisado é composto por eleitores de 16 anos ou mais residentes na área de abrangência da pesquisa. Para produzir uma amostra representativa desse público-alvo, utilizamos um desenho amostral por conglomerados que prevê três estágios. No primeiro estágio, é feito um sorteio probabilístico de municípios para comporem a amostra por meio do método PPT (Probabilidade Proporcional ao Tamanho) a partir de suas populações votantes acima de 16 anos. Dentro da lista de municípios sorteados, no segundo estágio, é realizado um sorteio probabilístico por meio do método PPT (Probabilidade Proporcional ao Tamanho) de setores censitários a serem visitados pelos entrevistadores, sorteio que tem como base o total de habitantes residentes nos setores de acordo com dados do Censo de 2022. Por último são selecionados domicílios e pessoas a serem entrevistadas utilizando- se cotas amostrais para as seguintes variáveis: sexo, idade, renda familiar e escolaridade. O perfil da amostra, definido pelas cotas previstas, é o seguinte: Sexo: Masculino (48%); Feminino (52%). Faixa etária: 16-24 anos (17%); 25-34 anos (21%); 35-44 anos (21%);45-59 anos (23%); 60 ou mais (18%). Renda domiciliar total: Até 2 salários-mínimos (54%); Mais de 2 a 5 salários-mínimos (36%); Mais de 5 salários-mínimos (10%). Nível de instrução: De analfabeto até Fundamental completo (45%); Médio incompleto ou completo (46%); Superior incompleto ou completo ou mais (9%). Fonte dos dados:TSE-Tribunal Superior Eleitoral - maio/2026; Censo 2022 (IBGE); PNADc Anual 2024, Está prevista eventual ponderação da amostra, para correção de estimativas e das distribuições das variáveis sexo e idade, com base nos percentuais anteriormente mencionados, caso ocorram diferenças entre os percentuais previstos na amostra e a coleta de dados realizada. Dentro do público-alvo anteriormente descrito, serão realizadas 1500 entrevistas. O nível de confiança das estimativas é de 95% e a margem de erro máxima prevista, e usando o cálculo para amostra aleatória simples (AAS) como aproximação, é de cerca de 2,5 pontos percentuais para mais ou para menos em relação aos totais da amostra.";"As entrevistas serão realizadas por uma equipe de entrevistadores devidamente qualificada, com experiência e treinamento em pesquisa de opinião pública. Após a realização da coleta de dados, as entrevistas junto aos respondentes são checadas por meio de procedimentos de consistência . Ao longo e após os trabalhos de campo, é realizada uma fiscalização que consiste na checagem de áudio de uma amostra de 30% dos questionários aplicados para verificação das respostas e da adequação dos entrevistados aos parâmetros amostrais.";"A área de abrangência da coleta é o território do estado do Maranhão. A relação do número de pessoas pesquisadas nas áreas de aplicação da pesquisa, discriminadas por município, bairros e setores censitários a partir dos identificadores utilizados pelo IBGE, além da composição do eleitorado entrevistado na área de abrangência quanto a gênero, idade, grau de instrução e nível econômico, constará em anexo."
"28/09/2026";"05:46:54";2026;81;"Eleições Gerais 2026";"MA";"MA";"MARANHÃO";"MA068572026";"2026-09-27 20:48:03";"S";"07317438000147";"DOXA ARTE & COMUNICAO S/S LTDA";"DOXA";"Governador, Senador";"2026-09-27 00:00:00";"2026-09-30 00:00:00";"2026-10-03 00:00:00";2000;"10924";"Izadora Zdanowsky Calmon dos Reis Pimentel";"40000,00";"Pesquisa do tipo quantitativo, por amostragem, com aplicação de questionário estruturado e abordagem pessoal junto a uma amostra representativa do eleitorado conforme fonte de dados do TSE agosto/2026, IBGE, CENSO 2010/2022. O conjunto do eleitorado apto a votar na próxima eleição em 2026 no estado do Maranhão com idade de 16 anos ou mais foi tomado como universo da pesquisa. O levantamento será realizado pela equipe DOXA ARTE & COMUNICAO S/S LTDA.";"O público-alvo é o eleitorado do estado do Maranhão apto a votar nas Eleições Gerais de 2026. Para produzir uma amostra representativa desse público-alvo, será utilizado um desenho de amostragem estratificada proporcional por conglomerados, em três estágios. No primeiro estágio, os municípios (conglomerados primários) são estratificados geograficamente pelas cinco mesorregiões do estado (Norte, Sul, Leste, Oeste e Centro Maranhense). Realiza-se um sorteio probabilístico de 90 municípios dentre os 217 do estado, utilizando o método PPT (Probabilidade Proporcional ao Tamanho), considerando o número de eleitores de cada município como base para a seleção. No segundo estágio, realiza-se o sorteio probabilístico das localidades (bairros ou setores censitários) dentro dos municípios sorteados, também pelo método PPT, tomando como base os dados populacionais de 16 anos ou mais residentes nestas localidades. No terceiro estágio, a seleção do entrevistado dentro da localidade sorteada será feita mediante controle de cotas amostrais proporcionais. O perfil da amostra baseia-se nas seguintes proporções: ¿ Sexo: Masculino (48%); Feminino (52%). ¿ Faixa etária: 16-24 anos (17%); 25-34 anos (21%); 35-44 anos (21%); 45-59 anos (23%); 60 anos ou mais (18%). ¿ Nível de instrução: de analfabeto até lê e escreve (18,3%); ensino fundamental completo até incompleto (26%); Ensino Médio incompleto ou completo (46,43%); Superior incompleto até completo (9,28%). ¿ Nível Econômico (Renda Domiciliar): Sem renda até 2 salários mínimos (71%); Mais de 2 a 5 salários mínimos (21%); Mais de 5 salários mínimos (8%). Foi utilizado técnica de aglutinamento faixas/substratos, os valores de número por categoria foram arredondados ao inteiro mais próximo se necessário. Fonte dos dados: TSE (agosto/2026) para as cotas de sexo, idade, instrução e primeiro estágio de sorteio; IBGE/Censo 2022 para estratificação interna das localidades; PNAD Contínua 2024 para as proporções de nível econômico. Ponderação: Está prevista eventual ponderação da amostra para correção de estimativas e das distribuições das variáveis de sexo, idade, grau de instrução e nível econômico, com base nos percentuais previstos no plano amostral, caso ocorram diferenças entre as cotas estipuladas e os dados efetivamente coletados em campo. A ponderação será feita por meio de técnica de Raking (ajuste iterativo proporcional). Margem de Erro e Nível de Confiança: Serão realizadas 2.000 entrevistas distribuídas no estado. O nível de confiança das estimativas é de 95%. A margem de erro máxima prevista, utilizando a aproximação para Amostra Aleatória Simples (AAS), é de 2,2 pontos percentuais para mais ou para menos sobre os resultados totais da amostra.";"As entrevistas serão realizadas por uma equipe de entrevistadores devidamente qualificada, com experiência e treinamento em pesquisa de opinião pública. Todo trabalho é feito em tablets ou outros dispositivos eletrônicos, com questionário eletrônico na ferramenta QuestionPro. Após a realização da coleta de dados, as entrevistas junto aos respondentes são checadas por meio de procedimentos de consistência e de georreferenciamento dos locais de aplicação em tempo real. Adicionalmente, ao longo e após os trabalhos de campo, é realizada uma fiscalização que consiste na checagem de uma amostra de 30% dos questionários aplicados para verificação das respostas e da adequação dos entrevistados aos parâmetros amostrais, in loco pelos supervisores de campo ou, posteriormente, por telefone com o próprio entrevistado.";"Os dados serão inseridos conforme §7º. do art. 2º. da Resolução - TSE nº. 23.600/2019, A partir do dia em que a pesquisa puder ser divulgada e até o dia seguinte, o registro deverá ser complementado, sob pena de ser a pesquisa considerada não registrada; na ausência de delimitação do bairro, será identificada a área em que foi realizada."
"28/09/2026";"05:46:54";2026;81;"Eleições Gerais 2026";"MA";"MA";"MARANHÃO";"MA082592026";"2026-09-15 23:27:11";"N";"64500153000180";"LAIS CRISTINA RODRIGUES DE OLIVEIRA LTDA";"IPSENSUS PESQUISAS";"Governador, Senador";"2026-09-15 00:00:00";"2026-09-20 00:00:00";"2026-09-21 00:00:00";800;"7655";"AUGUSTO DA SILVA ROCHA";"6000,00";"A pesquisa cobrirá o município envolvendo todas regiões do município de São Luis/MA Universo da pesquisa será dos eleitores com 16 anos ou mais. A amostra representará os eleitores do Município, selecionados em 2(dois) estágios. No primeiro estágio, os setores censitários, onde as entrevistas serão realizadas, foram selecionadas, probabilisticamente, através do método PPT - Probabilidade Proporcional ao Tamanho, tomando o número de eleitores como base para seleção. No segundo estágio, a seleção do entrevistado, dentro do setor censitário, será feita utilizando-se quotas proporcionais, e a abordagem será domiciliar.";"Utilizamos quotas proporcionais, em função das seguintes variáveis:

Gênero: FEMININO 54,70% ;
MASCULINO 45,30% ;


Faixa etária: 16 a 24 anos 12,56% ;
25 a 34 anos 19,74% ;
35 a 44 anos 21,77% ;
45 a 59 anos 25,90% ;
60 anos ou mais 20,03% ;


Grau de instrução: Analfabeto 1,12% ;
Ensino Fundamental Completo 5,74% ;
Ensino Fundamental Incompleto 11,34% ;
Ensino Médio Completo 42,66% ;
Ensino Médio Incompleto 16,75% ;
Lê E Escreve 2,33% ;
Superior Completo 13,03% ;
Superior Incompleto 7,03% ;
Fonte dos dados: TSE-Tribunal Superior Eleitoral/julho2026; Cruzamento Eleitorado Mensal https://sig.tse.jus.br/ords/dwapr/r/seai/sig-eleitor-eleitorado-mensal/home?p0_municipio=S%C3%83O%20LU%C3%8DS&p0_uf=MA&session=209225993688048 ;


Ano=2026; Mês = agosto; UF= MA; MUNICIPIO = São Luis;

Renda familiar (A variável ¿classe de rendimento nominal mensal domiciliar¿ corresponde à classificação dos domicílios segundo a soma dos rendimentos nominais mensais de seus moradores, expressa em faixas de salários mínimos vigentes no período de referência do Censo Demográfico 2010. Trata-se da renda total do domicílio, não dividida pelo número de moradores, não devendo ser confundida com rendimento domiciliar per capita. Para fins de planejamento amostral e ponderação, foram preservadas as categorias e os percentuais originalmente disponibilizados pelo IBGE, sem reagrupamento ou recálculo das faixas.): Até 1/2 salário mínimo 2,52% ;
Mais de 1/2 a 1 salário mínimo 16,59% ;
Mais de 1 a 2 salários mínimos 24,26% ;
Mais de 2 a 5 salários mínimos 30,05% ;
Mais de 5 a 10 salários mínimos 12,77% ;
Mais de 10 a 20 salários mínimos 6,26% ;
Mais de 20 salários mínimos 3,24% ;
Sem rendimento 4,31% ;


Fonte dos dados: IBGE-Censo 2010-IBGE-CENSO 2022 (IBGE/Censo 2010 - Classe de rendimento nominal mensal domiciliar) ; https://cidades.ibge.gov.br/brasil/ma/sao-luis/pesquisa/23/24304 ;


""Está prevista eventual ponderação da amostra para correção das variáveis sexo, idade, renda familiar e escolaridade com base nos percentuais anteriormente mencionados, caso ocorram diferenças entre os percentuais previstos na amostra e a coleta de dados realizada. O nível de confiança estimado é de 95% e a margem de erro máxima prevista, baseada em uma amostra aleatória simples (AAS), é de cerca de 5,2 pontos percentuais para mais ou para menos em relação aos totais da amostra. Nível Econômico: IBGE (Censo/2010) - Observação: Conforme informações obtidas do Instituto Brasileiro de Geografia e Estatística, o IBGE, não divulgou - e não tem previsão - de data para divulgação do perfil econômico (nível econômico) da população brasileira; portanto, os dados quanto ao nível econômico obtidos no Censo 2022, não podem ser utilizados, pois não foram publicados.""";"Para a realização da pesquisa, utiliza-se uma equipe de entrevistadores e supervisores credenciados devidamente treinados pela empresa para esse tipo de pesquisa. Após os trabalhos de campo, 100% dos questionários são criticados e passam por uma fiscalização de cerca de 20% (vinte por cento) dos questionários aplicados por cada entrevistador; para verificação da consistência das respostas e da adequação dos entrevistados aos parâmetros amostrais.";"#NULO#"
"28/09/2026";"05:46:54";2026;81;"Eleições Gerais 2026";"MA";"MA";"MARANHÃO";"MA006342026";"2026-03-04 17:53:17";"S";"81908345000140";"INSTITUTO PARANA DE PESQUISAS E ANALISE DE CONSUMIDOR LTDA";"#NULO#";"Governador, Senador";"2026-03-05 00:00:00";"2026-03-08 00:00:00";"2026-03-10 00:00:00";1300;"10245 - 4ª Região";"Tatiani Cristina Ara";"35000,00";"Pesquisa com metodologia quantitativa, com a realização de entrevistas pessoais, domiciliares e presenciais, utilizando questionário estruturado junto a uma amostra representativa do eleitorado do Estado do Maranhão.


";"""A amostra será representativa do eleitorado da área pesquisada e será selecionada em três etapas. Na primeira etapa realiza-se um sorteio probabilístico dos municípios onde as entrevistas serão realizadas através do método PPT (Probabilidade Proporcional ao Tamanho), considerando a população eleitora com 16 anos ou mais residente nos municípios como base para essa seleção. Na segunda etapa, faz-se um sorteio probabilístico das localidades, onde as entrevistas serão realizadas, através do método PPT (Probabilidade Proporcional ao Tamanho), tomando a população eleitora de 16 anos ou mais residente nas localidades como base para essa seleção. Na terceira etapa, a seleção do entrevistado dentro da localidade, será feita utilizando-se quotas amostrais proporcionais, em função das seguintes variáveis:
GÊNERO: TSE Fevereiro 2026 (https://sig.tse.jus.br/ords/dwapr/r/seai/sig-eleitor-eleitorado-mensal/cruzamento-eleitorado-mensal?p24_metricas=E&p24_back=22&p24_cruzamento_1=ds_sexo&clear=24&p0_uf=MA&debug=LEVEL5&session=312990078978641)
Masculino - 48%; |
Feminino - 52%; |
FAIXA ETÁRIA: TSE Fevereiro 2026 (https://sig.tse.jus.br/ords/dwapr/r/seai/sig-eleitor-eleitorado-mensal/cruzamento-eleitorado-mensal?p24_cruzamento_1=ds_faixa_etaria&p24_metricas=E&p24_back=22&clear=24&p0_uf=MA&debug=LEVEL5&session=8904950028837)
Entre 16 e 24 anos: 17%; |
Entre 25 e 34 anos: 21%; |
Entre 35 e 44 anos: 21%; |
Entre 45 e 59 anos: 23%; |
Com 60 anos ou mais: 18%; |
ESCOLARIDADE: TSE Fevereiro 2026 (https://sig.tse.jus.br/ords/dwapr/r/seai/sig-eleitor-eleitorado-mensal/cruzamento-eleitorado-mensal?p24_cruzamento_1=ds_grau_instrucao&p24_metricas=E&p24_back=22&clear=24&p0_uf=MA&debug=LEVEL5&session=309383598034615)
De analfabeto até ensino fundamental completo: 45%; |
Ensino médio incompleto ou completo: 46% |
Ensino superior incompleto ou completo: 9% |
RENDA DOMICILIAR MENSAL:  (https://cidades.ibge.gov.br/brasil/ma/pesquisa/23/24304) IBGE - Censo 2010. Observação: Conforme informações obtidas do Instituto Brasileiro de Geografia e Estatística, o IBGE, não divulgou - e não tem previsão - de data para divulgação do perfil econômico (nível econômico) da população brasileira; portanto, os dados quanto ao nível econômico obtidos no Censo 2022, não podem ser utilizados, pois não foram publicados. (https://censo2022.ibge.gov.br/panorama/)
Sem rendimentos até 2 salários mínimos: 71% |
Mais de 2 a 5 salários mínimos: 21% |
Mais de 5 salários mínimos: 8% |
Está prevista eventual ponderação para correção das variáveis gênero e faixa etária, com base nos percentuais acima apresentados, caso ocorram diferenças superiores a 3,0 (três) pontos percentuais entre o previsto na amostra e a coleta realizada; para as variáveis escolaridade e renda domiciliar mensal, o fator de ponderação é igual a 1 (resultados obtidos no campo). O nível de confiança estimado é de 95% (noventa e cinco por cento) para uma margem de erro estimada, considerando uma técnica de amostragem aleatória simples, de aproximadamente 2,8 (dois vírgula oito) pontos percentuais para mais ou para menos sobre os resultados obtidos.""





";"""As entrevistas serão conduzidas por uma equipe de entrevistadores e supervisores devidamente qualificados pelo Instituto Paraná Pesquisas, todos com experiência e treinamento específico em pesquisas de opinião pública. 
Controle: O controle do processo será realizado por meio de um software de coleta de dados, o qual permitirá o monitoramento garantindo o cumprimento das cotas amostrais.
Conferência e Fiscalização: Durante a coleta de dados os questionários aplicados são fiscalizados e conferidos através de um supervisor.   
Adicionalmente, pelo menos 30% dos questionários passarão por uma verificação posterior, que avaliará a precisão na aplicação e a adequação dos entrevistados às variáveis das quotas amostrais. Ou seja, no mínimo 390 entrevistas desta pesquisa serão auditadas pela equipe de qualidade do Instituto Paraná Pesquisas, podendo essa auditoria ser solicitada ao Instituto a qualquer momento.
Verificação: Após a coleta, os questionários passam por uma etapa de verificação e validação dos dados, para garantir a integridade e precisão dos dados coletados.""





";" ""A pesquisa será realizada no Estado do Maranhão, a relação dos dados relativos aos municípios e às localidades será apresentado até o dia seguinte à data a partir da qual a pesquisa puder ser divulgada, conforme §7º do art. 2º da Resolução-TSE nº. 23.600/2019""





"
"28/09/2026";"05:46:54";2026;81;"Eleições Gerais 2026";"MA";"MA";"MARANHÃO";"MA042332026";"2026-09-06 19:33:39";"N";"64500153000180";"LAIS CRISTINA RODRIGUES DE OLIVEIRA LTDA";"IPSENSUS PESQUISAS";"Governador, Senador";"2026-09-05 00:00:00";"2026-09-09 00:00:00";"2026-09-12 00:00:00";350;"7655";"AUGUSTO DA SILVA ROCHA";"4000,00";"A pesquisa cobrirá o município envolvendo todas regiões do município de Pastos Bons/MA Universo da pesquisa será dos eleitores com 16 anos ou mais. A amostra representará os eleitores do Município, selecionados em 2(dois) estágios. No primeiro estágio, os setores censitários, onde as entrevistas serão realizadas, foram selecionadas, probabilisticamente, através do método PPT - Probabilidade Proporcional ao Tamanho, tomando o número de eleitores como base para seleção. No segundo estágio, a seleção do entrevistado, dentro do setor censitário, será feita utilizando-se quotas proporcionais, e a abordagem será domiciliar.";"Utilizamos quotas proporcionais, em função das seguintes variáveis: Gênero: FEMININO 50,08% ; MASCULINO 49,92% ; Faixa etária: 16 a 24 anos 18,78% ; 25 a 34 anos 19,67% ; 35 a 44 anos 19,70% ; 45 a 59 anos 21,18% ; 60 anos ou mais 20,67% ; Grau de instrução: Analfabeto 8,15% ; Ensino Fundamental Completo 4,61% ; Ensino Fundamental Incompleto 18,89% ; Ensino Médio Completo 18,81% ; Ensino Médio Incompleto 26,25% ; Lê E Escreve 18,79% ; Superior Completo 3,22% ; Superior Incompleto 1,28% ; Fonte dos dados: TSE-Tribunal Superior Eleitoral/julho2026; Cruzamento Eleitorado Mensal https://sig.tse.jus.br/ords/dwapr/r/seai/sig-eleitor-eleitorado-mensal/perfil-do-eleitorado-mensal?p0_municipio=PASTOS%20BONS&p0_uf=MA&session=16792723417039 ; https://sig.tse.jus.br/ords/dwapr/r/seai/sig-eleitor-eleitorado-mensal/perfil-do-eleitorado-mensal?session=16792723417039 ; Ano=2026; Mês = JULHO; UF= MA; MUNICIPIO = Pastos Bons; Renda familiar: Até 1/2 salário mínimo 21,99% ; Mais de 1/2 a 1 salário mínimo 20,71% ; Mais de 1 a 2 salários mínimos 28,03% ; Mais de 2 a 5 salários mínimos 15,81% ; Mais de 5 a 10 salários mínimos 2,99% ; Mais de 10 a 20 salários mínimos 0,77% ; Mais de 20 salários mínimos 0,28% ; Sem rendimento 9,42% ; Fonte dos dados: IBGE-Censo 2010-IBGE-CENSO 2022 (IBGE/Censo 2010 - Classe de rendimento nominal mensal domiciliar) ; https://cidades.ibge.gov.br/brasil/ma/pastos-bons/pesquisa/23/24304 ; ""Está prevista eventual ponderação da amostra para correção das variáveis sexo, idade, renda familiar e escolaridade com base nos percentuais anteriormente mencionados, caso ocorram diferenças entre os percentuais previstos na amostra e a coleta de dados realizada. O nível de confiança estimado é de 95% e a margem de erro máxima prevista, baseada em uma amostra aleatória simples (AAS), é de cerca de 5,2 pontos percentuais para mais ou para menos em relação aos totais da amostra. Nível Econômico: IBGE (Censo/2010) - Observação: Conforme informações obtidas do Instituto Brasileiro de Geografia e Estatística, o IBGE, não divulgou - e não tem previsão - de data para divulgação do perfil econômico (nível econômico) da população brasileira; portanto, os dados quanto ao nível econômico obtidos no Censo 2022, não podem ser utilizados, pois não foram publicados.""";"Para a realização da pesquisa, utiliza-se uma equipe de entrevistadores e supervisores credenciados devidamente treinados pela empresa para esse tipo de pesquisa. Após os trabalhos de campo, 100% dos questionários são criticados e passam por uma fiscalização de cerca de 20% (vinte por cento) dos questionários aplicados por cada entrevistador; para verificação da consistência das respostas e da adequação dos entrevistados aos parâmetros amostrais.";"#NULO#"
"28/09/2026";"05:46:54";2026;81;"Eleições Gerais 2026";"MA";"MA";"MARANHÃO";"MA003012026";"2026-09-11 23:08:10";"N";"47425567000173";"IPPI PESQUISAS E CONSULTORIA LTDA";"IPPI - PESQUISAS E CONSULTORIAS";"Governador, Senador, Deputado Federal, Deputado Estadual";"2026-09-12 00:00:00";"2026-09-14 00:00:00";"2026-09-17 00:00:00";500;"10644";"ANTONIO ALBERTO IBIAPINA COSTA FILHO";"12000,00";"Pesquisa quantitativa, do tipo levantamento (survey), realizada por meio de entrevistas pessoais e presenciais, aplicadas nos domicílios, com questionário estruturado, junto a amostra representativa dos eleitores de 16 anos ou mais residentes no município de Imperatriz(MA).";"O público pesquisado é composto por eleitores de 16 anos ou mais residentes na área de abrangência da pesquisa. Para produzir uma amostra representativa desse público-alvo, utilizamos um desenho amostral em 2 estágios. No primeiro estágio, é feito um sorteio probabilístico de localidades onde as entrevistas serão realizadas por meio do método PPT (Probabilidade Proporcional ao Tamanho) considerando a população votante nas localidades como base para essa seleção. No segundo estágio, a seleção do entrevistado dentro da localidade será feita através de cotas amostrais para as seguintes variáveis: sexo, idade, renda familiar e escolaridade. O perfil da amostra, definido pelas cotas previstas, é o seguinte: Sexo: Masculino (46,5%); Feminino (53,5%). Faixa etária: 16-24 anos (15%); 25-34 anos (21%); 35-44 anos (21%);45-59 anos (24%); 60 ou mais (19%). Renda domiciliar total: Até 2 salários-mínimos (41,3%); Mais de 2 a 5 salários-mínimos (40,5%); Mais de 5 salários-mínimos (18,2%). Nível de instrução: De analfabeto até Fundamental completo (31%); Médio incompleto ou completo (52%); Superior incompleto ou completo ou mais (17%). Fonte dos dados:TSE-Tribunal Superior Eleitoral - agosto/2026; Censo 2022 (IBGE) Está prevista eventual ponderação da amostra, para correção de estimativas e das distribuições das variáveis sexo e idade, com base nos percentuais anteriormente mencionados, caso ocorram diferenças entre os percentuais previstos na amostra e a coleta de dados realizada. Dentro do público-alvo anteriormente descrito, serão realizadas 500 entrevistas. O nível de confiança das estimativas é de 95% e a margem de erro máxima prevista, e usando o cálculo para amostra aleatória simples (AAS) como aproximação, é de cerca de 4,4 pontos percentuais para mais ou para menos em relação aos totais da amostra.";"As entrevistas serão realizadas por uma equipe de entrevistadores devidamente qualificada, com experiência e treinamento em pesquisa de opinião pública. Após a realização da coleta de dados, as entrevistas junto aos respondentes são checadas por meio de procedimentos de consistência . Ao longo e após os trabalhos de campo, é realizada uma fiscalização que consiste na checagem de áudio de uma amostra de 30% dos questionários aplicados para verificação das respostas e da adequação dos entrevistados aos parâmetros amostrais.";"A área de abrangência da coleta é o município de Imperatriz (MA). A relação de áreas de abrangência da pesquisa constará em anexo. A partir do dia em que a pesquisa puder ser divulgada e até o dia seguinte, o registro poderá ser complementado, sob pena de ser a pesquisa considerada não registrada. Na ausência de delimitação do bairro, será identificada a área em que foi realizada, conforme §7º. do art. 2º. da Resolução-TSE nº. 23.600/2019."
"28/09/2026";"05:46:54";2026;81;"Eleições Gerais 2026";"MA";"MA";"MARANHÃO";"MA058622026";"2026-05-18 19:03:58";"N";"44470818000143";"ECONOMETRICA PESQUISA LTDA";"ECONOMETRICA PESQUISA";"Governador, Senador, Deputado Federal, Deputado Estadual";"2026-05-11 00:00:00";"2026-05-14 00:00:00";"2026-05-24 00:00:00";1607;"8223-A";"DANILIO SILVA SANTOS";"40000,00";"Pesquisa quantitativa, que consiste na realização de entrevistas pessoais face a face, com a aplicação de questionário estruturado com questões abertas e fechadas, conduzida por pessoas previamente treinadas e oficialmente identificadas. A distribuição da amostra será feita a partir da representação do eleitorado das 6 regiões do Estado do Maranhão.";"Amostra representativa do eleitorado do Maranhão elaborada em três estágios. No primeiro estágio faz-se um sorteio probabilístico dos municípios de cada Mesorregião, onde o sorteio dos municípios será realizado pelo método PPT (Probabilidade Proporcional ao Tamanho), tomando o eleitorado como base para tal seleção. No segundo estágio faz-se um sorteio probabilístico dos bairros que serão pesquisados, tomando eleitorado como base para tal seleção. No terceiro e último estágio, dentro dos setores sorteados, os respondentes são selecionados através de quotas amostrais proporcionais em função de variáveis significativas, a saber: SEXO: Masculino: 48%; Feminino: 52%; IDADE: De 16 a 24 anos: 17%; De 25 a 34 anos: 21%; De 35 a 44 anos: 21%; De 45 a 59 anos: 23%, De 60 a mais: 18%; ESCOLARIDADE: Sem instrução ou Lê e escreve: 19%, Ensino Fundamental: 27%, Ensino Médio: 45%, Ensino Superior Incompleto e Completo: 9%. RENDA: Até 1 Salário-mínimo: 19%, De 1 a 2 Salários-mínimos: 53%, De 2 a 5 Salários-mínimos: 24% e Mais de 5 Salários-mínimos: 4%. Está prevista eventual ponderação para correção das variáveis sexo, idade e escolaridade e renda com base nos percentuais anteriormente mencionados, caso ocorram diferenças superiores a 3 pontos percentuais entre o previsto na amostra e a coleta de dados realizada. Para a variáveis RELIGIÃO do entrevistado, o fator previsto para ponderação é 1 (resultados obtidos em campo). O número de entrevistas é de 1607. O nível de confiança estimado é de 95% e a margem de erro máxima estimada considerando um modelo de amostragem aleatório simples, é de 2,4 pontos percentuais para mais ou para menos sobre os resultados encontrados no total da amostra.
FONTE DOS DADOS: Censo 2022 | TSE 2026.";"Para a realização da pesquisa, utiliza-se uma equipe de entrevistadores e supervisores contratados pelo ECONOMÉTRICA PESQUISA LTDA. devidamente treinados para o trabalho. Após os trabalhos de campo, os questionários são submetidos a uma fiscalização de 20% (vinte por cento) dos questionários aplicados pelos entrevistadores; para verificação das respostas e da adequação dos entrevistadores aos parâmetros amostrais.";"Bacabal 48 , Barra do Corda 39 , Grajaú 33 , Presidente Dutra 21 , Tuntum 18 , Pedreiras 18 , Dom Pedro 12 , Santo Antônio dos Lopes 12 , Formosa da Serra Negra 12 , Gonçalves Dias 12 , Lima Campos 12 , São Luís 228 , São José de Ribamar 39 , Paço do Lumiar 27 , Timon 66 , Caxias 60 , Codó 44 , Chapadinha 33 , Coroatá 26 , Coelho Neto 18 , Colinas 15 , Urbano Santos 15 , São Bernardo 15 , Aldeias Altas 12 , São Benedito do Rio Preto 12 , Passagem Franca 12 , Pinheiro 40 , Barreirinhas 30 , Itapecuru Mirim 30 , Viana 27 , Vargem Grande 21 , São Bento 21 , Cururupu 18 , Santa Helena 16 , Arari 15 , Monção 15 , São João Batista 15 , Pedro do Rosário 13 , Palmeirândia 12 , Cajari 12 , Cantanhede 12 , Pirapemas 11 , Olinda Nova do Maranhão 12 , Cajapió 12 , Serrano do Maranhão 12 , Imperatriz 104 , Açailândia 42 , Santa Inês 35 , Santa Luzia 24 , Buriticupu 24 , Lago da Pedra 18 , Turiaçu 15 , Bom Jardim 15 , Carutapera 12 , Governador Nunes Freire 12 , Governador Edison Lobão 12 , Centro Novo do Maranhão 12 , Balsas 52 , Porto Franco 15 , Fortaleza dos Nogueiras 12. Total de entrevistas: 1607"
"28/09/2026";"05:46:54";2026;81;"Eleições Gerais 2026";"MA";"MA";"MARANHÃO";"MA005502026";"2026-06-22 13:38:10";"N";"10320449000190";"M D C LEMOS LTDA";"INOP PREVISAO PESQUISAS SERVICOS E PUBLICIDADES";"Governador, Senador, Deputado Federal, Deputado Estadual";"2026-06-12 00:00:00";"2026-06-20 00:00:00";"2026-06-28 00:00:00";2604;"8747 5° REGIÃO";"VITOR EMMANUEL BOUÇAS DA SILVA";"48000,00";"A pesquisa foi realizada em âmbito estadual, abrangendo eleitores residentes nas zonas urbana e
rural dos municípios do Estado do Maranhão, por meio de entrevistas presenciais, conduzidas tanto
em domicílios quanto em pontos de fluxo populacional (tais como vias públicas, áreas comerciais,
terminais de transporte, praças e locais de grande circulação), relacionando-as aos bairros ou
povoados de moradia, mediante aplicação de questionário estruturado com perguntas abertas e
fechadas. As entrevistas são realizadas por equipe de entrevistadores previamente treinada e
identificada, observando-se critérios de elegibilidade do respondente, quais sejam: ter 16 anos ou
mais, residir no Estado do Maranhão e possuir título eleitoral válido, estando, portanto, apto a votar.";"O desenho amostral adotado é do tipo misto com uso de conglomerados em dois estágios e
estratificado. No primeiro estágio, os municípios do estado são estratificados por regiões
geográficas (Norte, Sul, Leste, Oeste, Central e Grande Ilha), com alocação proporcional ao
tamanho do eleitorado, conforme dados mais recentes do Tribunal Superior Eleitoral (TSE). Dentro
de cada estrato, são sorteados municípios auto representativos e não auto representativos, estes
últimos selecionados com probabilidade proporcional ao tamanho (PPT).
No segundo estágio, dentro dos municípios sorteados, são definidos conglomerados de coleta,
compreendendo bairros ou áreas de grande circulação (pontos de fluxo), selecionados de forma
aleatória ou sistemática. Nesses conglomerados, os entrevistadores realizam abordagens presenciais
de eleitores, tanto em domicílios quanto em pontos de fluxo previamente definidos. A seleção do
respondente respeita regras objetivas de abordagem (por exemplo, intervalo fixo de domicílios ou
abordagem do próximo transeunte elegível). Após a finalização do trabalho de campo, os dados
coletados são comparados aos quantitativos populacionais e se necessário submetidos a
procedimento de ponderação estatística (pós-estratificação), com o objetivo de ajustar a amostra às
distribuições conhecidas do eleitorado estadual segundo sexo, faixa etária, escolaridade e renda
familiar, com base nas informações oficiais do Tribunal Superior Eleitoral (TSE-2026) e do
Instituto Brasileiro de Geografia e Estatística (IBGE-2022). Esse procedimento visa corrigir
eventuais desequilíbrios amostrais decorrentes do uso combinado de entrevistas domiciliares e em
pontos de fluxo, assegurando a representatividade dos resultados em relação ao universo
pesquisado.
GÊNERO: Masculino (47,93%); Feminino (52,07%);
GÊNERO e FAIXA ETÁRIA: Feminino 16 a 24 anos (16,29%); 25 a 29 anos (10,86%); 30 a 49
anos (40,10%); 50 anos ou mais (32,74%); Masculino 16 a 24 anos (17,43%); 25 a 29 anos
(10,94%); 30 a 49 anos (39,94%); 50 anos ou mais (31,69%)
GÊNERO e GRAU DE INSTRUÇÃO: Feminino Até a 4°série do Ensino Fundamental (35,47%);
5° a 8° série do Ensino Fundamental (23,56%); Ensino Médio (29,60%); Ensino Superior (11,37%)
Masculino Até a 4°série do Ensino Fundamental (43,57%); 5°a 8° série do Ensino Fundamental
(25,29%); Ensino Médio (24,07%); Ensino Superior (7,07%)
RENDA MENSAL INDIVIDUAL: Até 1 salário 73%; Mais de 1 a 2 salários 20%; Mais de 2
salários 7%.
O nível de confiança estimado é de 95% e a margem de erro máxima é de 3,02%. FONTE DOS
DADOS: IBGE 2022 | TSE 2026
Número de questionários aplicados, margem de erro e nível de confiança;
A pesquisa realizada com 2604 entrevistas. O tamanho da amostra foi dimensionado para garantir
estimativas com nível de confiança de 95% e erro amostral máximo de aproximadamente 3,02
pontos percentuais, considerando agora a natureza multicategórica da pergunta de intenção de voto.
Assim, para cada percentual estimado individualmente, pode-se afirmar que, com 95% de
confiança, o valor real na população pode diferir do valor observado na amostra em até
aproximadamente 3,02 pontos percentuais.
";"O controle da qualidade da coleta de dados é realizado por meio de procedimentos contínuos de
supervisão e auditoria interna, aplicados em todas as etapas do trabalho de campo. Todos os
questionários passam por conferência técnica obrigatória, destinada à verificação de consistência,
completude das respostas e adequação ao plano amostral previamente definido.
Adicionalmente, é realizada verificação independente em, no mínimo, 20% das entrevistas,
selecionadas de forma aleatória, por meio de recontato telefônico ou visita de retorno ao domicílio,
conforme a natureza da entrevista originalmente realizada. Esse procedimento tem por finalidade
confirmar a realização da entrevista, a elegibilidade do respondente e a fidelidade das informações
registradas.
Para a execução da pesquisa, é mobilizada uma equipe composta por entrevistadores de campo,
supervisores regionais e coordenação geral, todos previamente treinados quanto aos procedimentos
metodológicos, éticos e operacionais do levantamento. Os supervisores realizam acompanhamento
direto e indireto das equipes, incluindo observação em campo, checagem de rotas e validação diária
dos questionários coletados.
A coordenação geral é responsável pela consolidação das informações, pelo monitoramento do
cumprimento do plano amostral e pela adoção de medidas corretivas sempre que identificadas
inconsistências ou desvios nos procedimentos de coleta.";"SOMA DE ENTREVISTADOS POR LOCALIDADE
MARANHÃO 12 A 20 JUNHO 2026 - MA

LOCALIDADE	TOTAL

Açailândia	66
Araioses	28
Axixá	12
Bacabal	64
Balsas	65
Barra do Corda	56
Barreirinhas	48
Buriticupu	36
Cachoeira Grande	12
Caxias	96
Chapadinha	50
Codó	70
Coelho Neto	20
Colinas	30
Coroatá	44
Cururupu	20
Dom Pedro	18
Fortuna	10
Gonçalves Dias	14
Governador Edison Lobão	14
Grajaú	46
Icatu	22
Igarapé Grande	14
Imperatriz	164
Itapecuru-Mirim	40
João Lisboa	20
Lago da Pedra	30
Lima Campos	12
Mirinzal	12
Morros	16
Paço do Lumiar	76
Paraibano	16
Passagem Franca	16
Pastos Bons	19
Paulo Ramos	16
Pedreiras	28
Peritoró	16
Pindaré-Mirim	26
Pinheiro	52
Porto Franco	20
Presidente Dutra	34
Presidente Juscelino	14
Rosário	32
Santa Helena	24
Santa Inês	56
Santa Luzia	42
Santa Quitéria	19
São Bento	26
São Bernardo	22
Saõ Domingos do Maranhão	29
São João Batista	20
São José de Ribamar	98
São Luis	446
São Pedro da Água Branca	12
São Raimundo das Mangabeiras	15
Sítio Novo	16
Timon	107
Tuntum	28
Tutóia	42
Viana	36
Vitorino Freire	22
Zé Doca	30
MÉDIA GERAL  	2604

"
"28/09/2026";"05:46:54";2026;81;"Eleições Gerais 2026";"MA";"MA";"MARANHÃO";"MA048232026";"2026-09-25 22:55:37";"N";"47425567000173";"IPPI PESQUISAS E CONSULTORIA LTDA";"IPPI - PESQUISAS E CONSULTORIAS";"Governador, Senador, Deputado Federal, Deputado Estadual";"2026-09-26 00:00:00";"2026-09-30 00:00:00";"2026-10-01 00:00:00";1500;"10644";"ANTONIO ALBERTO IBIAPINA COSTA FILHO";"30000,00";"Pesquisa quantitativa, do tipo levantamento (survey), realizada por meio de entrevistas pessoais e presenciais, aplicadas nos domicílios, com questionário estruturado, junto a amostra representativa dos eleitores de 16 anos ou mais residentes na ilha formada pelos municipios de São Luís, São José de Ribamar, Paço do Lumiar e Raposa no estado do Maranhão.";"Amostragem estratificada por município e por cotas. O público pesquisado é composto por eleitores com 16 anos ou mais residentes nos municípios de São Luís, São José de Ribamar, Paço do Lumiar e Raposa/MA. A amostra total é de 1.500 entrevistas, com alocação de 500 entrevistas em São Luís, 400 em São José de Ribamar, 300 em Paço do Lumiar e 300 em Raposa. A alocação entre os municípios é desproporcional, visando assegurar base amostral suficiente para análise individual de cada município. Para as estimativas referentes ao conjunto da Grande Ilha, os resultados serão ponderados de acordo com a participação de cada município no eleitorado total da área pesquisada, restabelecendo-se a proporcionalidade entre os quatro estratos municipais. Dentro de cada município, as entrevistas serão distribuídas entre bairros, localidades e povoados por meio da seleção de setores censitários, considerando a distribuição de domicílios do Censo Demográfico 2022 ¿ IBGE. A seleção territorial será realizada pelo método de Probabilidade Proporcional ao Tamanho ¿ PPT. No estágio final, os entrevistados serão selecionados mediante cotas de gênero, faixa etária, grau de instrução e classe de renda domiciliar. As variáveis gênero, faixa etária e grau de instrução serão ponderadas de acordo com as Estatísticas do Eleitorado do Tribunal Superior Eleitoral ¿ TSE, agosto de 2026, considerando separadamente o perfil eleitoral de cada um dos quatro municípios. A variável classe de renda domiciliar será ponderada de acordo com os dados do Censo Demográfico 2022 ¿ IBGE. O TSE consolida mensalmente essas estatísticas a partir do Cadastro Nacional de Eleitores. Poderá ser realizada ponderação complementar para correção de eventuais diferenças entre a composição planejada e a composição efetivamente obtida na coleta quanto a gênero, faixa etária, grau de instrução e nível econômico. O nível de confiança é de 95%. Considerando a alocação desproporcional e a posterior ponderação dos quatro municípios, a margem de erro máxima estimada para os resultados consolidados da Grande Ilha é de aproximadamente 3,4 pontos percentuais para mais ou para menos, considerando variância máxima, \(p=0,50\) e \(1-p=0,50\), e a amostragem aleatória simples como aproximação, incorporando o efeito decorrente dos pesos municipais. Para resultados analisados separadamente por município, as margens máximas aproximadas são: São Luís, 4,4 p.p.; São José de Ribamar, 4,9 p.p.; Paço do Lumiar, 5,7 p.p.; Raposa, 5,7 p.p.";"As entrevistas serão realizadas por uma equipe de entrevistadores devidamente qualificada, com experiência e treinamento em pesquisa de opinião pública. Após a realização da coleta de dados, as entrevistas junto aos respondentes são checadas por meio de procedimentos de consistência . Ao longo e após os trabalhos de campo, é realizada uma fiscalização que consiste na checagem de áudio de uma amostra de 30% dos questionários aplicados para verificação das respostas e da adequação dos entrevistados aos parâmetros amostrais.";"A área de abrangência da coleta é a ilha formada pelos municipios de São Luís, São José de Ribamar, Paço do Lumiar e Raposa no estado do Maranhão.. A relação de áreas de abrangência da pesquisa constará em anexo. A partir do dia em que a pesquisa puder ser divulgada e até o dia seguinte, o registro poderá ser complementado, sob pena de ser a pesquisa considerada não registrada. Na ausência de delimitação do bairro, será identificada a área em que foi realizada, conforme §7º. do art. 2º. da Resolução-TSE nº. 23.600/2019."
"28/09/2026";"05:46:54";2026;81;"Eleições Gerais 2026";"MA";"MA";"MARANHÃO";"MA099212026";"2026-09-26 22:47:43";"N";"47425567000173";"IPPI PESQUISAS E CONSULTORIA LTDA";"IPPI - PESQUISAS E CONSULTORIAS";"Governador, Senador, Deputado Federal, Deputado Estadual";"2026-09-27 00:00:00";"2026-09-29 00:00:00";"2026-10-02 00:00:00";500;"10644";"ANTONIO ALBERTO IBIAPINA COSTA FILHO";"6000,00";"Pesquisa quantitativa, do tipo levantamento (survey), realizada por meio de entrevistas pessoais e presenciais, aplicadas nos domicílios, com questionário estruturado, junto a amostra representativa dos eleitores de 16 anos ou mais residentes no município de Timon (MA).";"O público-alvo da pesquisa é constituído por eleitores com 16 anos ou mais, residentes no município de Timon/MA. A pesquisa utilizará desenho amostral em dois estágios. No primeiro estágio, será realizada a seleção probabilística das localidades de aplicação das entrevistas, por meio do método PPT - Probabilidade Proporcional ao Tamanho - tendo como referência a distribuição da população eleitoral entre as localidades do município. No segundo estágio, os entrevistados serão selecionados dentro das localidades mediante cotas amostrais de sexo, faixa etária, renda domiciliar total e nível de instrução. O perfil previsto da amostra é: Sexo: masculino (46%) e feminino (54%). Faixa etária: 16 a 24 anos (16%); 25 a 34 anos (21%); 35 a 44 anos (21%); 45 a 59 anos (24%); 60 anos ou mais (18%). Renda domiciliar total: até 2 salários-mínimos (59%); mais de 2 a 5 salários-mínimos (32%); mais de 5 salários-mínimos (9%). Nível de instrução: de analfabeto até ensino fundamental completo (39%); ensino médio incompleto ou completo (49%); ensino superior incompleto, completo ou mais (12%). As referências utilizadas para definição do perfil amostral são dados do Tribunal Superior Eleitoral - TSE, Censo Demográfico 2022 - IBGE e PNAD Contínua Anual 2025. Está prevista eventual ponderação dos dados para correção de diferenças entre a distribuição planejada e a distribuição efetivamente obtida na coleta, especialmente em relação às variáveis sexo e idade. Serão realizadas 500 entrevistas. O nível de confiança considerado é de 95%, com margem de erro máxima estimada de aproximadamente 4,4 pontos percentuais, para mais ou para menos, considerando-se a amostra aleatória simples como aproximação para o cálculo do erro amostral.";"As entrevistas serão realizadas por uma equipe de entrevistadores devidamente qualificada, com experiência e treinamento em pesquisa de opinião pública. Após a realização da coleta de dados, as entrevistas junto aos respondentes são checadas por meio de procedimentos de consistência . Ao longo e após os trabalhos de campo, é realizada uma fiscalização que consiste na checagem de áudio de uma amostra de 30% dos questionários aplicados para verificação das respostas e da adequação dos entrevistados aos parâmetros amostrais.";"A área de abrangência da coleta é o município de Timon (MA). A relação de áreas de abrangência da pesquisa constará em anexo. A partir do dia em que a pesquisa puder ser divulgada e até o dia seguinte, o registro poderá ser complementado, sob pena de ser a pesquisa considerada não registrada. Na ausência de delimitação do bairro, será identificada a área em que foi realizada, conforme §7º. do art. 2º. da Resolução-TSE nº. 23.600/2019."
"28/09/2026";"05:46:54";2026;81;"Eleições Gerais 2026";"MA";"MA";"MARANHÃO";"MA063012026";"2026-09-27 17:41:58";"N";"64500153000180";"LAIS CRISTINA RODRIGUES DE OLIVEIRA LTDA";"IPSENSUS PESQUISAS";"Governador, Senador";"2026-09-28 00:00:00";"2026-10-02 00:00:00";"2026-10-03 00:00:00";1000;"7655";"AUGUSTO DA SILVA ROCHA";"11000,00";"A pesquisa será do tipo quantitativo, por amostragem aleatória, com aplicação de questionário estruturado e abordagem de moradores eleitores nos municípios do estado do Maranhão, divididos nas regiões dentro do estado. O conjunto da população do Estado do Maranhão com 16 anos ou mais e que são votantes no referido estado foi tomado como universo da pesquisa.";"A amostra será representativa do eleitorado da área pesquisada e será selecionada em três etapas. Na primeira etapa realiza-se um sorteio probabilístico dos municípios onde as entrevistas serão realizadas através do método PPT (Probabilidade Proporcional ao Tamanho), considerando a população eleitora com 16 anos ou mais residente nos municípios como base para essa seleção. Na segunda etapa, faz-se um sorteio probabilístico das localidades, onde as entrevistas serão realizadas, através do método PPT (Probabilidade Proporcional ao Tamanho), tomando a população eleitora de 16 anos ou mais residente nas localidades como base para essa seleção. Na terceira etapa, a seleção do entrevistado dentro da localidade, será feita utilizando-se quotas amostrais proporcionais, em função das variáveis sexo, faixa etária, grau de instrução e Nível socioeconômico (renda mensal familiar). Por fim, os entrevistados são selecionados aleatoriamente para responder ao questionário, de acordo com cotas: GÊNERO: Feminino 51,9% ; Masculino 48,1% ; FAIXA ETÁRIA: 16 a 24 anos 17,08% ; 25 a 34 anos 20,63% ; 35 a 44 anos 20,47% ; 45 a 59 anos 22,97% ; 60 ou mais 18,85% ; GRAU DE INSTRUÇÃO: ANALFABETO 7,3% ; ENSINO FUNDAMENTAL COMPLETO 5,5% ; ENSINO FUNDAMENTAL INCOMPLETO 20,5% ; ENSINO MÉDIO COMPLETO 26,8% ; ENSINO MÉDIO INCOMPLETO 19,6% ; LÊ E ESCREVE 11,1% ; SUPERIOR COMPLETO 6,1% ; SUPERIOR INCOMPLETO 3,1% ; Fonte tse/ago2026 https://sig.tse.jus.br/ords/dwapr/r/seai/sig-eleitor-eleitorado-mensal/cruzamento-eleitorado-mensal?p0_uf=MA&session=211426802570335; Renda familiar (A variável ¿classe de rendimento nominal mensal domiciliar¿ corresponde à classificação dos domicílios segundo a soma dos rendimentos nominais mensais de seus moradores, expressa em faixas de salários mínimos vigentes no período de referência do Censo Demográfico 2010. Trata-se da renda total do domicílio, não dividida pelo número de moradores, não devendo ser confundida com rendimento domiciliar per capita. Para fins de planejamento amostral e ponderação, foram preservadas as categorias e os percentuais originalmente disponibilizados pelo IBGE, sem reagrupamento ou recálculo das faixas.): IBGE - Censo 2.010 - (fonte: https://cidades.ibge.gov.br/brasil/ma/pesquisa/23/24304) . Até 1/2 salário mínimo 13,7% Mais de 1/2 a 1 salário mínimo 21,9% Mais de 1 a 2 salários mínimos 27,2% Mais de 2 a 5 salários mínimos 20,8% Mais de 5 a 10 salários mínimos 5,6% Mais de 10 a 20 salários mínimos 2,0% Mais de 20 salários mínimos 0,8% Sem rendimento 8,0%. Observação: Conforme informações disponibilizadas pelo Instituto Brasileiro de Geografia e Estatística (IBGE), não houve nem há previsão de divulgação do perfil econômico (nível econômico) da população brasileira no âmbito do Censo Demográfico de 2022 (https://censo2022.ibge.gov.br/panorama/), para essa variável será adotado o fator de ponderação igual a 1, correspondente aos resultados obtidos em campo, caso seja verificada diferença superior à margem de erro prevista no estudo entre a projeção da amostra baseada nos dados do IBGE 2010 e os dados efetivamente coletados. Para as variáveis de sexo, idade e grau de instrução, está previsto uma eventual ponderação, nos limites da margem de erro, para correção nos tamanhos das variáveis, caso ocorra uma diferença entre a previsão da amostra e a coleta dos dados realizados sobre a faixa de eleitores acima de 16 anos. Margem de Erro: A margem de erro máxima prevista é de 3,1 pontos percentuais para mais ou para menos, considerando um nível de confiança de 95%.";"Os entrevistadores envolvidos na realização desta pesquisa são treinados pelo Instituto e recebem instruções específicas para cada projeto realizado. Os pesquisadores são supervisionados por um coordenador que estará em campo juntamente com a equipe garantindo a lisura da pesquisa. Internamente, todo o material é verificado e codificado. Antes do processamento final e emissão dos resultados, realiza-se processo de consistência dos dados. Os dados coletados e tratados nesta pesquisa atendem às exigências da LGPD, Lei Geral de Proteção de Dados, garantindo ao respondente o sigilo de sua identidade e o correto tratamento de suas respostas.";"#NULO#"
"28/09/2026";"05:46:54";2026;81;"Eleições Gerais 2026";"MA";"MA";"MARANHÃO";"MA069102026";"2026-05-02 11:45:31";"N";"10320449000190";"M D C LEMOS LTDA";"INOP PREVISAO PESQUISAS SERVICOS E PUBLICIDADES";"Governador, Senador, Deputado Federal, Deputado Estadual";"2026-04-24 00:00:00";"2026-05-02 00:00:00";"2026-05-08 00:00:00";2588;"8747 5ª REGIÃO ";"VITOR EMMANUEL BOUÇAS DA SILVA";"38000,00";"A pesquisa é realizada em âmbito estadual, abrangendo eleitores residentes nas zonas urbana e rural dos municípios do Estado do Maranhão, por meio de entrevistas presenciais, conduzidas tanto em domicílios quanto em pontos de fluxo populacional (tais como vias públicas, áreas comerciais, terminais de transporte, praças e locais de grande circulação), relacionando-as aos bairros ou povoados de moradia, mediante aplicação de questionário estruturado com perguntas abertas e fechadas. As entrevistas são realizadas por equipe de entrevistadores previamente treinada e identificada, observando-se critérios de elegibilidade do respondente, quais sejam: ter 16 anos ou mais, residir no Estado do Maranhão e possuir título eleitoral válido, estando, portanto, apto a votar. ";"O desenho amostral adotado é do tipo misto com uso conglomerados em dois estágios e estratificado. No primeiro estágio, os municípios do estado são estratificados por regiões geográficas (Norte, Sul, Leste, Oeste, Central e Grande Ilha), com alocação proporcional ao tamanho do eleitorado, conforme dados mais recentes do Tribunal Superior Eleitoral (TSE). Dentro de cada estrato, são sorteados municípios auto representativos e não auto representativos, estes últimos selecionados com probabilidade proporcional ao tamanho (PPT). No segundo estágio, dentro dos municípios sorteados, são definidos conglomerados de coleta, compreendendo bairros ou áreas de grande circulação (pontos de fluxo), selecionados de forma aleatória ou sistemática. Nesses conglomerados, os entrevistadores realizam abordagens presenciais de eleitores, tanto em domicílios quanto em pontos de fluxo previamente definidos. A seleção do respondente respeita regras objetivas de abordagem (por exemplo, intervalo fixo de domicílios ou abordagem do próximo transeunte elegível. Após a finalização do trabalho de campo, os dados coletados são comparados aos quantitativos populacionais e se necessário submetidos a procedimento de ponderação estatística (pós-estratificação), com o objetivo de ajustar a amostra às distribuições conhecidas do eleitorado estadual segundo sexo, faixa etária, escolaridade, renda familiar e religião do entrevistado, com base nas informações oficiais do Tribunal Superior Eleitoral (TSE-2026) e do Instituto Brasileiro de Geografia e Estatística (IBGE-2022). Esse procedimento visa corrigir eventuais desequilíbrios amostrais decorrentes do uso combinado de entrevistas domiciliares e em pontos de fluxo, assegurando a representatividade dos resultados em relação ao universo pesquisado. 
GÊNERO: Masculino (48,07%); Feminino (51,93%); GÊNERO e FAIXA ETÁRIA: Feminino 16 a 24 anos (16,29%); 25 a 29 anos (10,86%); 30 a 49 anos (40,10%); 50 anos ou mais (32,74%); Masculino 16 a 24 anos (17,43%); 25 a 29 anos (10,94%); 30 a 49 anos (39,94%); 50 anos ou mais (31,69%) GÊNERO e GRAU DE INSTRUÇÃO: Feminino até a 4°série do Ensino Fundamental (35,47%); 5° a 8° série do Ensino Fundamental (23,56%); Ensino Médio (29,60%); Ensino Superior (11,37%) Masculino até a 4°série do Ensino Fundamental (43,57%); 5°a 8° série do Ensino Fundamental (25,29%); Ensino Médio (24,07%); Ensino Superior (7,07%) RENDA MENSAL: Até 1 salário 64,84%; Mais de 1 a 2 salários 25,77%; Mais de 2 salários 9,39%. 
RELIGIÃO: Católica (72,95%), Evangélica (19,36%), Outras (7,19%), Não sabe / Não opinou (0,50%) O nível de confiança estimado é de 95% e a margem de erro máxima é de 3,03%. FONTE DOS DADOS: IBGE 2022 | TSE 2026 Número de questionários aplicados, margem de erro e nível de confiança; A pesquisa foi realizada com 2588 entrevistas. O tamanho da amostra foi dimensionado para garantir estimativas com nível de confiança de 95% e erro amostral máximo de aproximadamente 3,03 pontos percentuais, considerando agora a natureza multicategórica da pergunta de intenção de voto. Assim, para cada percentual estimado individualmente, pode-se afirmar que, com 95% de confiança, o valor real na população pode diferir do valor observado na amostra em até aproximadamente 3,03 pontos percentuais. ";"O controle da qualidade da coleta de dados é realizado por meio de procedimentos contínuos de supervisão e auditoria interna, aplicados em todas as etapas do trabalho de campo. Todos os questionários passam por conferência técnica obrigatória, destinada à verificação de consistência, completude das respostas e adequação ao plano amostral previamente definido. Adicionalmente, é realizada verificação independente em, no mínimo, 20% das entrevistas, selecionadas de forma aleatória, por meio de recontato telefônico ou visita de retorno ao domicílio, conforme a natureza da entrevista originalmente realizada. Esse procedimento tem por finalidade confirmar a realização da entrevista, a elegibilidade do respondente e a fidelidade das informações registradas. Para a execução da pesquisa, é mobilizada uma equipe composta por entrevistadores de campo, supervisores regionais e coordenação geral, todos previamente treinados quanto aos procedimentos metodológicos, éticos e operacionais do levantamento. Os supervisores realizam acompanhamento direto e indireto das equipes, incluindo observação em campo, checagem de rotas e validação diária dos questionários coletados. A coordenação geral é responsável pela consolidação das informações, pelo monitoramento do cumprimento do plano amostral e pela adoção de medidas corretivas sempre que identificadas inconsistências ou desvios nos procedimentos de coleta. ";"SOMA DE ENTREVISTADOS POR LOCALIDADE
Período: 24/04/2026 Á 02/05/2026


LOCALIDADE	TOTAL
Açailândia	64
Alto Alegre do Pindaré	20
Anapurus	12
Apicum-Açu	14
Araioses	28
Arame	20
Axixá	12
Bacabal	65
Bacabeira	14
Balsas	64
Barra do Corda	50
Barreirinhas	44
Bom Lugar	12
Buriticupu	36
Campestre do Maranhão	12
Capinzal do Norte	12
Caxias	96
Chapadinha	48
Codó	68
Colinas	30
Coroatá	40
Dom Pedro	20
Esperantinópolis	16
Fortaleza dos Nogueiras	14
Fortuna	12
Gonçalves Dias	18
Governador Luiz Rocha	12
Grajaú	48
Icatu	20
Imperatriz	170
Itapecuru-Mirim	40
Lago da Pedra	30
Lagoa do Mato	12
Magalhães de Almeida	14
Mirador	18
Morros	18
Paço do Lumiar	76
Passagem Franca	18
Pastos Bons	16
Pedreiras	30
Pedro do Rosário	18
Pindaré Mirim	24
Pinheiro	56
Pio XII	20
Poção de Pedras	14
Presidente Dutra	32
Presidente Juscelino	12
Riachão	14
Rosário	28
Santa Helena	20
Santa Inês	50
Santa Luzia	40
São Bernardo	20
São Domingos do Maranhão	30
São João Batista	18
São José de Ribamar	92
São Luis	442
São Mateus	30
São Roberto	10
Sítio Novo	16
Timon	102
Tuntum	28
Tutóia	41
Viana 	38
Zé Doca	30
MÉDIA GERAL	2588
"
"28/09/2026";"05:46:54";2026;81;"Eleições Gerais 2026";"MA";"MA";"MARANHÃO";"MA084602026";"2026-09-26 21:49:03";"N";"47425567000173";"IPPI PESQUISAS E CONSULTORIA LTDA";"IPPI - PESQUISAS E CONSULTORIAS";"Governador, Senador, Deputado Federal, Deputado Estadual";"2026-09-27 00:00:00";"2026-10-01 00:00:00";"2026-10-02 00:00:00";1500;"10644";"ANTONIO ALBERTO IBIAPINA COSTA FILHO";"60000,00";"Pesquisa quantitativa, do tipo survey, realizada por meio de entrevistas presenciais, domiciliares e individuais, mediante aplicação de questionário estruturado, contendo perguntas espontâneas e estimuladas, estas com apresentação de cartela em rodízio, a uma amostra representativa da população eleitora do estado do Maranhão. O público-alvo é composto por eleitores de 16 anos ou mais residentes na área de abrangência da pesquisa (território do estado do Maranhão), tendo como referência o eleitorado apto registrado pela Justiça Eleitoral (TSE, agosto/2026).";"Para produzir uma amostra representativa desse público-alvo, utilizamos um desenho amostral por conglomerados em três estágios. No primeiro estágio, os municípios são selecionados para compor a amostra, sendo os de maior porte incluídos com certeza (unidades auto-representativas) e os demais sorteados por Probabilidade Proporcional ao Tamanho (PPT), tendo como medida de tamanho a população residente, conforme o Censo Demográfico 2022 (IBGE). No segundo estágio, dentro dos municípios selecionados, realiza-se sorteio probabilístico de setores censitários a serem visitados pelos entrevistadores, também por PPT, tendo como base o total de habitantes residentes nos setores segundo o Censo 2022 (IBGE). No terceiro estágio, selecionam-se os domicílios e as pessoas a serem entrevistadas mediante cotas amostrais, aplicadas a respondentes elegíveis (16 anos ou mais), para as variáveis: sexo, idade, renda familiar e escolaridade. O perfil da amostra, definido pelas cotas previstas, é o seguinte. Sexo: Masculino (48%); Feminino (52%). Faixa etária: 16-24 anos (17%); 25-34 anos (21%); 35-44 anos (21%); 45-59 anos (23%); 60 anos ou mais (18%). Renda domiciliar total: até 2 salários mínimos (54%); mais de 2 a 5 salários mínimos (36%); mais de 5 salários mínimos (10%). Nível de instrução: de analfabeto até Fundamental completo (45%); Médio incompleto ou completo (46%); Superior incompleto, completo ou mais (9%). Fonte dos dados: TSE - Tribunal Superior Eleitoral (agosto/2026); Censo 2022 (IBGE); PNAD Contínua (PNADc) Anual 2024 (IBGE). Está prevista eventual ponderação (pós-estratificação) da amostra, para correção das estimativas e das distribuições das variáveis sexo e idade, com base nos percentuais acima, caso haja diferença entre o previsto e o efetivamente coletado. Dentro do público-alvo descrito, serão realizadas 1.500 entrevistas, distribuídas em 80 municípios das cinco mesorregiões do estado. O nível de confiança das estimativas é de 95% e a margem de erro máxima prevista, usando o cálculo para amostra aleatória simples (AAS) como aproximação, é de cerca de ±2,5 pontos percentuais para mais ou para menos em relação aos totais da amostra.";"As entrevistas são realizadas por equipe de entrevistadores devidamente qualificada, com experiência e treinamento em pesquisa de opinião pública, sob supervisão de campo. Todos os questionários passam por procedimentos de crítica e consistência - verificação de preenchimento e completude, coerência lógica das respostas, duração e horário da entrevista e, quando disponível, geolocalização do ponto de coleta. Ao longo e após os trabalhos de campo, é realizada uma fiscalização que consiste na checagem de áudio de uma amostra de 30% dos questionários aplicados, para verificação das respostas e da adequação dos entrevistados aos parâmetros amostrais (sexo, idade, renda familiar e escolaridade). Os questionários com inconsistências são revisados ou excluídos e, quando necessário, a entrevista é substituída. Toda a documentação da pesquisa é mantida arquivada e auditável.";"A área de abrangência da coleta é o território do estado do Maranhão. A pesquisa prevê 1.500 entrevistas, distribuídas em 80 municípios das cinco mesorregiões do estado. A relação do número de pessoas a serem entrevistadas nas áreas de aplicação da pesquisa, discriminada por município, bairro e setor censitário, a partir dos identificadores utilizados pelo IBGE, bem como a composição do eleitorado entrevistado na área de abrangência quanto a sexo, idade, grau de instrução e nível econômico (renda familiar), constará em documento anexo (mapa de cotas por município)."
"28/09/2026";"05:46:54";2026;81;"Eleições Gerais 2026";"MA";"MA";"MARANHÃO";"MA042742026";"2026-04-06 12:33:16";"N";"10320449000190";"M D C LEMOS LTDA";"INOP PREVISAO PESQUISAS SERVICOS E PUBLICIDADES";"Governador, Senador";"2026-04-04 00:00:00";"2026-04-09 00:00:00";"2026-04-12 00:00:00";2530;"8747 5ª REGIÃO ";"VITOR EMMANUEL BOUÇAS DA SILVA";"38000,00";"A pesquisa é realizada em âmbito estadual, abrangendo eleitores residentes nas zonas urbana e rural
dos municípios do Estado do Maranhão, por meio de entrevistas presenciais, conduzidas tanto em
domicílios quanto em pontos de fluxo populacional (tais como vias públicas, áreas comerciais,
terminais de transporte, praças e locais de grande circulação), relacionando-as aos bairros ou
povoados de moradia, mediante aplicação de questionário estruturado com perguntas abertas e
fechadas.
As entrevistas são realizadas por equipe de entrevistadores previamente treinada e identificada,
observando-se critérios de elegibilidade do respondente, quais sejam: ter 16 anos ou mais, residir no
Estado do Maranhão e possuir título eleitoral válido, estando, portanto, apto a votar.";"O desenho amostral adotado é do tipo amostragem por conglomerados em dois estágios, sem
aplicação de cotas durante a coleta. No primeiro estágio, os municípios do estado são estratificados
por regiões geográficas (Norte, Sul, Leste, Oeste, Central e Grande Ilha), com alocação
proporcional ao tamanho do eleitorado, conforme dados mais recentes do Tribunal Superior
Eleitoral (TSE). Dentro de cada estrato, são sorteados municípios auto representativos e não auto
representativos, estes últimos selecionados com probabilidade proporcional ao tamanho (PPT).
No segundo estágio, dentro dos municípios sorteados, são definidos conglomerados de coleta,
compreendendo bairros ou áreas de grande circulação (pontos de fluxo), selecionados de forma
aleatória ou sistemática. Nesses conglomerados, os entrevistadores realizam abordagens presenciais
de eleitores, tanto em domicílios quanto em pontos de fluxo previamente definidos. A seleção do
respondente respeita regras objetivas de abordagem (por exemplo, intervalo fixo de domicílios ou
abordagem do próximo transeunte elegível), sem preenchimento de cotas durante o campo. Após a
finalização do trabalho de campo, os dados coletados são comparados aos quantitativos
populacionais e se necessário submetidos a procedimento de ponderação estatística (pósestratificação), com o objetivo de ajustar a amostra às distribuições conhecidas do eleitorado
estadual segundo sexo, faixa etária, escolaridade, renda familiar e religião do entrevistado, com
base nas informações oficiais do Tribunal Superior Eleitoral (TSE-2026) e do Instituto Brasileiro de
Geografia e Estatística (IBGE-2022). Esse procedimento visa corrigir eventuais desequilíbrios
amostrais decorrentes do uso combinado de entrevistas domiciliares e em pontos de fluxo,
assegurando a representatividade dos resultados em relação ao universo pesquisado.
GÊNERO: Masculino (47,99%); Feminino (52,01%);
GÊNERO e FAIXA ETÁRIA: Feminino 16 a 24 anos (18,99%); 25 a 29 anos (12,41%); 30 a 49
anos (40,68%); 50 anos ou mais (27,92%); Masculino 16 a 24 anos (17,42%); 25 a 29 anos
(10,60%); 30 a 49 anos (39,39%); 50 anos ou mais (32,60%)
GÊNERO e GRAU DE INSTRUÇÃO: Feminino Até a 4°série do Ensino Fundamental (26,24%);
5° a 8° série do Ensino Fundamental (14,93%); Ensino Médio (47,48%); Ensino Superior (11,35%)
Masculino Até a 4°série do Ensino Fundamental (32,48%); 5° a 8° série do Ensino Fundamental
(17,24%); Ensino Médio (43,21%); Ensino Superior (7,07%) 
RENDA MENSAL INDIVIDUAL: Até 1 salário 37%; Mais de 1 a 2 salários 27%; Mais de 2
salários 36%.
RELIGIÃO: Católica (63%), Evangélica (26%), Outras (4%), Sem religião (7%)
O nível de confiança estimado é de 95% e a margem de erro máxima é de 3,06%. FONTE DOS
DADOS: IBGE 2022 | TSE 2026
Número de questionários aplicados, margem de erro e nível de confiança;
A pesquisa será realizada com 2530 entrevistas. O tamanho da amostra foi dimensionado para
garantir estimativas com nível de confiança de 95% e erro amostral máximo de aproximadamente
3,06 pontos percentuais, considerando agora a natureza multicategórica da pergunta de intenção de
voto. Assim, para cada percentual estimado individualmente, pode-se afirmar que, com 95% de
confiança, o valor real na população pode diferir do valor observado na amostra em até
aproximadamente 3,06 pontos percentuais. ";"O controle da qualidade da coleta de dados é realizado por meio de procedimentos contínuos de
supervisão e auditoria interna, aplicados em todas as etapas do trabalho de campo. Todos os
questionários passam por conferência técnica obrigatória, destinada à verificação de consistência,
completude das respostas e adequação ao plano amostral previamente definido.
Adicionalmente, é realizada verificação independente em, no mínimo, 20% das entrevistas,
selecionadas de forma aleatória, por meio de recontato telefônico ou visita de retorno ao domicílio,
conforme a natureza da entrevista originalmente realizada. Esse procedimento tem por finalidade
confirmar a realização da entrevista, a elegibilidade do respondente e a fidelidade das informações
registradas.
Para a execução da pesquisa, é mobilizada uma equipe composta por entrevistadores de campo,
supervisores regionais e coordenação geral, todos previamente treinados quanto aos procedimentos
metodológicos, éticos e operacionais do levantamento. Os supervisores realizam acompanhamento
direto e indireto das equipes, incluindo observação em campo, checagem de rotas e validação diária
dos questionários coletados.
A coordenação geral é responsável pela consolidação das informações, pelo monitoramento do
cumprimento do plano amostral e pela adoção de medidas corretivas sempre que identificadas
inconsistências ou desvios nos procedimentos de coleta. ";"SOMA DAS LOCALIDADES 
PERIODO DE 04 A 09 DE ABRIL DE 2026
Açailândia	68
Alto alegre do Pindaré	20
Anapurus	14
Araioses	30
Arame	20
Axixá	14
Bacabeira 16
Bacabal	64
Balsas	68
Barra do Corda	52
Barreirinhas	48
Bom Lugar	14
Buriticupu	38
Campestre do Maranhão	12
Capinzal do Norte	12
Caxias	96
Chapadinha	50
Codó	68
Colinas 30
Coroatá	40
Dom Pedro	20
Fortaleza dos Nogueiras	14
Fortuna	12
Gonçalves Dias	16
Governador Luiz Rocha	12
Grajaú	48
Imperatriz	170
Itapecuru-Mirim	44
Icatu16
Lago da Pedra	30
Lagoa do Mato	14
Magalhães de Almeida	14
MIRADOR	18
Morros	20
Paço do Lumiar	76
Passagem Franca	18
Pastos Bons	16
Poção de Pedras 14
Pedreiras 	26
Pinheiro	56
Pindaré -Mirim 24
Pio XII	18
Presidente Dutra	34
Presidente Juscelino	14
Riachão 14
Rosário	32
Santa Helena	20
Santa Inês	58
Santa Luzia	40
São Domingos do Maranhão	30
São Bernardo 20
São João Batista 12
São Mateus 30
São José de Ribamar	92
São Luis	402
Sítio Novo do Maranhão	16
Timon	102
Tuntum 30
Tutóia	42
Viana	40
Zé Doca	32

 MEDIA GERAL	2530"
"28/09/2026";"05:46:54";2026;81;"Eleições Gerais 2026";"MA";"MA";"MARANHÃO";"MA002102026";"2026-09-27 21:48:20";"S";"34010247000100";"FAROL PESQUISA E COMUNICACAO LTDA";"FAROL PESQUISA E COMUNICACAO";"Governador, Senador";"2026-09-28 00:00:00";"2026-10-02 00:00:00";"2026-10-03 00:00:00";1000;"8223";"DANILIO SILVA SANTOS";"20000,00";"A pesquisa será do tipo quantitativo, por amostragem aleatória, com aplicação de questionário estruturado e abordagem de moradores eleitores nos municípios do estado do Maranhão, divididos nas regiões dentro do estado. O conjunto da população do Estado do Maranhão com 16 anos ou mais e que são votantes no referido estado foi tomado como universo da pesquisa.";"A amostra será representativa do eleitorado da área pesquisada e será selecionada em três etapas. Na primeira etapa realiza-se um sorteio probabilístico dos municípios onde as entrevistas serão realizadas através do método PPT (Probabilidade Proporcional ao Tamanho), considerando a população eleitora com 16 anos ou mais residente nos municípios como base para essa seleção. Na segunda etapa, faz-se um sorteio probabilístico das localidades, onde as entrevistas serão realizadas, através do método PPT (Probabilidade Proporcional ao Tamanho), tomando a população eleitora de 16 anos ou mais residente nas localidades como base para essa seleção. Na terceira etapa, a seleção do entrevistado dentro da localidade, será feita utilizando-se quotas amostrais proporcionais, em função das variáveis sexo, faixa etária, grau de instrução e Nível socioeconômico (renda mensal familiar). Por fim, os entrevistados são selecionados aleatoriamente para responder ao questionário, de acordo com cotas: GÊNERO: Feminino 51,9% ; Masculino 48,1% ; FAIXA ETÁRIA: 16 a 24 anos 17,08% ; 25 a 34 anos 20,63% ; 35 a 44 anos 20,47% ; 45 a 59 anos 22,97% ; 60 ou mais 18,85% ; GRAU DE INSTRUÇÃO: ANALFABETO 7,3% ; ENSINO FUNDAMENTAL COMPLETO 5,5% ; ENSINO FUNDAMENTAL INCOMPLETO 20,5% ; ENSINO MÉDIO COMPLETO 26,8% ; ENSINO MÉDIO INCOMPLETO 19,6% ; LÊ E ESCREVE 11,1% ; SUPERIOR COMPLETO 6,1% ; SUPERIOR INCOMPLETO 3,1% ; Fonte tse/ago2026 https://sig.tse.jus.br/ords/dwapr/r/seai/sig-eleitor-eleitorado-mensal/cruzamento-eleitorado-mensal?p0_uf=MA&session=211426802570335; Renda familiar (A variável ¿classe de rendimento nominal mensal domiciliar¿ corresponde à classificação dos domicílios segundo a soma dos rendimentos nominais mensais de seus moradores, expressa em faixas de salários mínimos vigentes no período de referência do Censo Demográfico 2010. Trata-se da renda total do domicílio, não dividida pelo número de moradores, não devendo ser confundida com rendimento domiciliar per capita. Para fins de planejamento amostral e ponderação, foram preservadas as categorias e os percentuais originalmente disponibilizados pelo IBGE, sem reagrupamento ou recálculo das faixas.): IBGE - Censo 2.010 - (fonte: https://cidades.ibge.gov.br/brasil/ma/pesquisa/23/24304) . Até 1/2 salário mínimo 13,7% De 1/2 a 1 salário mínimo 21,9% De 1 a 2 salários mínimos 27,2% De 2 a 5 salários mínimos 20,8% De 5 a 10 salários mínimos 5,6% De 10 a 20 salários mínimos 2,0% Mais de 20 salários mínimos 0,8% Sem rendimento 8,0%. Observação: Conforme informações disponibilizadas pelo Instituto Brasileiro de Geografia e Estatística (IBGE), não houve nem há previsão de divulgação do perfil econômico (nível econômico) da população brasileira no âmbito do Censo Demográfico de 2022 (https://censo2022.ibge.gov.br/panorama/), para essa variável será adotado o fator de ponderação igual a 1, correspondente aos resultados obtidos em campo, caso seja verificada diferença superior à margem de erro prevista no estudo entre a projeção da amostra baseada nos dados do IBGE 2010 e os dados efetivamente coletados. Para as variáveis de sexo, idade e grau de instrução, está previsto uma eventual ponderação, nos limites da margem de erro, para correção nos tamanhos das variáveis, caso ocorra uma diferença entre a previsão da amostra e a coleta dos dados realizados sobre a faixa de eleitores acima de 16 anos. Margem de Erro: A margem de erro máxima prevista é de 3,1 pontos percentuais para mais ou para menos, considerando um nível de confiança de 95%.";"Os entrevistadores envolvidos na realização desta pesquisa são treinados pelo Instituto e recebem instruções específicas para cada projeto realizado. Os pesquisadores são supervisionados por um coordenador que estará em campo juntamente com a equipe garantindo a lisura da pesquisa. Internamente, todo o material é verificado e codificado. Antes do processamento final e emissão dos resultados, realiza-se processo de consistência dos dados. Os dados coletados e tratados nesta pesquisa atendem às exigências da LGPD, Lei Geral de Proteção de Dados, garantindo ao respondente o sigilo de sua identidade e o correto tratamento de suas respostas.";"A área de abrangência da coleta é o ESTADO DO MARANHÃO. Conforme previsto no §7º, do art. 2º, da Resolução 23.600 de 12 de dezembro de 2019, em vigor com a Resolução Nº 23.727, de 27 de fevereiro de 2024, o registro da pesquisa será complementado no prazo legal com os dados relativos à área em que foi realizada. Art. 2º, § 7º A partir do dia em que a pesquisa puder ser divulgada e até o dia seguinte, o registro será complementado."
"28/09/2026";"05:46:54";2026;81;"Eleições Gerais 2026";"MA";"MA";"MARANHÃO";"MA058722026";"2026-09-26 23:45:38";"N";"49237968000125";"N C L DE CARVALHO";"EPO - ESTRATEGIA PESQUISAS DE OPINIAO";"Deputado Federal, Deputado Estadual";"2026-09-25 00:00:00";"2026-10-01 00:00:00";"2026-10-02 00:00:00";12000;"Nº 8532";"HILDETE ALVES DA COSTA";"20000,00";"Pesquisa quantitativa, realizada de 25 de setembro a 1º de outubro de 2026, por meio de questionário estruturado e autopreenchido em ambiente digital, junto a eleitoras e eleitores do Estado do Maranhão.

Será utilizado recrutamento digital automatizado e controlado, inclusive por plataformas como Facebook/Instagram, como mecanismo de acesso a potenciais participantes.

O método caracteriza-se como amostragem não probabilística controlada por cotas, com estratificação territorial e sociodemográfica, validação das entrevistas e procedimentos de calibração e ponderação estatística quando necessários.

A amostra projetada é de 12.000 entrevistas válidas.

O recrutamento será orientado por matriz amostral previamente definida. A plataforma direcionará convites a perfis compatíveis com os estratos necessários, sendo o enquadramento definitivo confirmado pelas respostas fornecidas no próprio questionário.

A população-alvo é composta por eleitoras e eleitores aptos a votar nas Eleições 2026 e com inscrição eleitoral no Estado do Maranhão.

A elegibilidade será verificada por perguntas-filtro referentes à aptidão para votar, inscrição eleitoral no Maranhão e município em que o participante vota. Quem não atender aos critérios terá a entrevista encerrada e não integrará a amostra válida.

À medida que as cotas forem preenchidas, o recrutamento poderá ser reduzido ou encerrado nos respectivos estratos, sendo direcionado aos segmentos ainda incompletos.

Somente entrevistas completas e aprovadas nos procedimentos de validação e controle de qualidade integrarão a base final.";"O universo é constituído pelas eleitoras e pelos eleitores aptos a votar nas Eleições 2026 e com inscrição eleitoral no Estado do Maranhão, conforme dados oficiais do TSE. A amostra projetada é de 12.000 entrevistas válidas.

O plano amostral combina estratificação territorial, recrutamento digital automatizado e controle prévio de cotas sociodemográficas.

A unidade territorial principal será o município em que o entrevistado declara votar, com distribuição previamente definida segundo parâmetros oficiais do eleitorado e/ou da população, evitando que a composição final seja determinada exclusivamente pela entrega da plataforma digital.

Gênero: masculino 48,1%; feminino 51,9%.

Idade: 16 a 24 anos 17,1%; 25 a 34 anos 20,6%; 35 a 44 anos 20,5%; 45 a 59 anos 23,0%; 60 anos ou mais 18,8%.

Instrução: analfabeto/lê e escreve 18,3%; fundamental completo/incompleto 26,0%; médio completo/incompleto 46,4%; superior completo/incompleto 9,3%.

Nível econômico: até 1 salário mínimo 37,7%; mais de 1 até 2 salários 27,2%; mais de 2 até 5 salários 24,7%; acima de 5 salários 10,4%.

O enquadramento nas cotas será confirmado pelas respostas do questionário.

Após a validação, a composição obtida será confrontada com os parâmetros de referência. Havendo diferenças, poderão ser aplicados procedimentos de ponderação pós-estratificada e/ou calibração estatística, inclusive ajuste proporcional iterativo ¿ raking ¿, considerando território, gênero, idade, instrução e nível econômico, com limites técnicos para evitar pesos excessivos.

Será adotado nível de confiança de 95%.

A medida de precisão e a margem de erro serão calculadas e certificadas pelo estatístico responsável, considerando o desenho efetivamente utilizado, os fatores de ponderação e o tamanho amostral efetivo.

Como referência matemática, 12.000 entrevistas sob hipótese de amostragem aleatória simples e máxima variabilidade correspondem a aproximadamente ±0,9 ponto percentual, valor que não será automaticamente atribuído ao desenho digital.

Fontes: TSE, IBGE, Censo Demográfico 2022 e PNAD Contínua.";"A coleta será integralmente eletrônica e acompanhada pela EPO ¿ Estratégia Pesquisas de Opinião por painel de monitoramento, com controle da evolução da amostra, das cotas territoriais e sociodemográficas e dos indicadores de qualidade.

A elegibilidade e o enquadramento dos participantes nas cotas serão confirmados pelas respostas do próprio questionário.

O sistema aceitará apenas uma resposta por endereço IP. Após o registro de uma participação, nova resposta proveniente do mesmo IP será bloqueada.

Todos os questionários serão submetidos a controle de qualidade antes de integrar a base final.

Serão verificados, conforme disponibilidade técnica: preenchimento integral; duplicidade; endereço IP, dispositivo, navegador e sessão; compatibilidade do município declarado; tempo de resposta; preenchimento excessivamente rápido; padrões repetitivos ou mecanizados; inconsistências lógicas; indícios de automação ou fraude; e aderência às cotas amostrais.

Serão excluídos questionários incompletos, duplicados, inelegíveis, inconsistentes, automatizados ou que apresentem indícios técnicos de fraude ou manipulação.

O sistema registrará, sempre que tecnicamente possível, acessos ao questionário, entrevistas iniciadas, interrompidas, concluídas, descartadas e definitivamente consideradas válidas.

Nos cenários estimulados com nomes de candidatas ou candidatos, a ordem de apresentação será randomizada automaticamente pelo sistema eletrônico.

O tratamento dos dados observará a Lei nº 13.709/2018 ¿ LGPD.

Serão preservados para auditoria a matriz amostral, regras de recrutamento, critérios de elegibilidade e descarte, base bruta, base validada, fatores de ponderação e documentação do método estatístico empregado.

Ao final da coleta serão apurados o tamanho efetivamente obtido da amostra, descartes, perdas, abandonos e demais indicadores de qualidade disponíveis no sistema.";"A área de abrangência da coleta é o ESTADO DO MARANHÃO. Conforme previsto no §7º, do art. 2º, da Resolução 23.600 de 12 de dezembro de 2019, em vigor com a Resolução Nº 23.727, de 27 de fevereiro de 2024, o registro da pesquisa será complementado no prazo legal com os dados relativos à área em que foi realizada. Art. 2º, § 7º A partir do dia em que a pesquisa puder ser divulgada e até o dia seguinte, O REGISTRO SERÁ COMPLEMENTADO"
"28/09/2026";"05:46:54";2026;81;"Eleições Gerais 2026";"MA";"MA";"MARANHÃO";"MA059742026";"2026-08-31 22:47:22";"N";"64500153000180";"LAIS CRISTINA RODRIGUES DE OLIVEIRA LTDA";"IPSENSUS PESQUISAS";"Governador, Senador";"2026-09-01 00:00:00";"2026-09-05 00:00:00";"2026-09-06 00:00:00";350;"7655";"AUGUSTO DA SILVA ROCHA";"4000,00";"A pesquisa cobrirá o município envolvendo todas regiões do município de São Bernanrdo/MA Universo da pesquisa será dos eleitores com 16 anos ou mais. A amostra representará os eleitores do Município, selecionados em 2(dois) estágios. No primeiro estágio, os setores censitários, onde as entrevistas serão realizadas, foram selecionadas, probabilisticamente, através do método PPT - Probabilidade Proporcional ao Tamanho, tomando o número de eleitores como base para seleção. No segundo estágio, a seleção do entrevistado, dentro do setor censitário, será feita utilizando-se quotas proporcionais, e a abordagem será domiciliar.";"Utilizamos quotas proporcionais, em função das seguintes variáveis:
Gênero: FEMININO 51,30%; MASCULINO 48,70%
; Faixa etária: ; Grau de instrução: 16 a 24 anos 19,04% ;
25 a 34 anos 20,47% ;
35 a 44 anos 20,14% ;
45 a 59 anos 22,25% ;
60 anos ou mais 18,10% ;
Grau de instrução: ANALFABETO 8,28% ;
ENSINO FUNDAMENTAL COMPLETO 3,84% ;
ENSINO FUNDAMENTAL INCOMPLETO 20,59% ;
ENSINO MÉDIO COMPLETO 21,61% ;
ENSINO MÉDIO INCOMPLETO 24,72% ;
LÊ E ESCREVE 14,53% ;
SUPERIOR COMPLETO 4,17% ;
SUPERIOR INCOMPLETO 2,26% ;

Fonte dos dados: TSE-Tribunal Superior Eleitoral/julho2026; Cruzamento Eleitorado Mensal https://sig.tse.jus.br/ords/dwapr/r/seai/sig-eleitor-eleitorado-mensal/cruzamento-eleitorado-mensal?p24_metricas=E&p24_back=22&p24_cruzamento_1=ds_sexo&clear=24&session=10939350749154 ;
https://sig.tse.jus.br/ords/dwapr/r/seai/sig-eleitor-eleitorado-mensal/cruzamento-eleitorado-mensal?p24_cruzamento_1=ds_faixa_etaria&p24_metricas=E&p24_back=22&clear=24&session=10939350749154 ;
https://sig.tse.jus.br/ords/dwapr/r/seai/sig-eleitor-eleitorado-mensal/cruzamento-eleitorado-mensal?p24_cruzamento_1=ds_grau_instrucao&p24_metricas=E&p24_back=22&clear=24&session=10939350749154 ;
; Ano=2026; Mês = JULHO; UF= MA; MUNICIPIO = São Bernardo; Renda familiar: Até 1/2 salário mínimo 19,31% ;
Mais de 1/2 a 1 salário mínimo 23,17% ;
Mais de 1 a 2 salários mínimos 28,02% ;
Mais de 2 a 5 salários mínimos 15,60% ;
Mais de 5 a 10 salários mínimos 2,42% ;
Mais de 10 a 20 salários mínimos 0,65% ;
Mais de 20 salários mínimos 0,18% ;
Sem rendimento 10,65% ;
; Fonte dos dados: IBGE-Censo 2010-IBGE-CENSO 2022 (IBGE/Censo 2010 - Classe de rendimento nominal mensal domiciliar) ; https://cidades.ibge.gov.br/brasil/ma/sao-bernardo/pesquisa/23/24304 ;
""Está prevista eventual ponderação da amostra para correção das variáveis sexo, idade, renda familiar e escolaridade com base nos percentuais anteriormente mencionados, caso ocorram diferenças entre os percentuais previstos na amostra e a coleta de dados realizada. O nível de confiança estimado é de 95% e a margem de erro máxima prevista, baseada em uma amostra aleatória simples (AAS), é de cerca de 5,2 pontos percentuais para mais ou para menos em relação aos totais da amostra. Nível Econômico: IBGE (Censo/2010) - Observação: Conforme informações obtidas do Instituto Brasileiro de Geografia e Estatística, o IBGE, não divulgou - e não tem previsão - de data para divulgação do perfil econômico (nível econômico) da população brasileira; portanto, os dados quanto ao nível econômico obtidos no Censo 2022, não podem ser utilizados, pois não foram publicados.""


























";"Para a realização da pesquisa, utiliza-se uma equipe de entrevistadores e supervisores credenciados devidamente treinados pela empresa para esse tipo de pesquisa. Após os trabalhos de campo, 100% dos questionários são criticados e passam por uma fiscalização de cerca de 20% (vinte por cento) dos questionários aplicados por cada entrevistador; para verificação da consistência das respostas e da adequação dos entrevistados aos parâmetros amostrais.";"#NULO#"
"28/09/2026";"05:46:54";2026;81;"Eleições Gerais 2026";"MA";"MA";"MARANHÃO";"MA073712026";"2026-09-01 22:40:44";"N";"64500153000180";"LAIS CRISTINA RODRIGUES DE OLIVEIRA LTDA";"IPSENSUS PESQUISAS";"Governador, Senador";"2026-09-01 00:00:00";"2026-09-06 00:00:00";"2026-09-07 00:00:00";350;"7655";"AUGUSTO DA SILVA ROCHA";"4000,00";"A pesquisa cobrirá o município envolvendo todas regiões do município de Alto Alegre do Maranhão/MA Universo da pesquisa será dos eleitores com 16 anos ou mais. A amostra representará os eleitores do Município, selecionados em 2(dois) estágios. No primeiro estágio, os setores censitários, onde as entrevistas serão realizadas, foram selecionadas, probabilisticamente, através do método PPT - Probabilidade Proporcional ao Tamanho, tomando o número de eleitores como base para seleção. No segundo estágio, a seleção do entrevistado, dentro do setor censitário, será feita utilizando-se quotas proporcionais, e a abordagem será domiciliar.";"Utilizamos quotas proporcionais, em função das seguintes variáveis:
Gênero: Feminino 52,23%;
Masculino 47,77%;


Faixa etária: 16 a 24 anos 18,57% ;
25 a 34 anos 20,63% ;
35 a 44 anos 20,28% ;
45 a 59 anos 22,22% ;
60 anos ou mais 18,30% ;


Grau de instrução: Analfabeto 14,38% ;
Ensino Fundamental Completo 5,98% ;
Ensino Fundamental Incompleto 21,46% ;
Ensino Médio Completo 19,60% ;
Ensino Médio Incompleto 19,72% ;
Lê E Escreve 14,04% ;
Superior Completo 3,24% ;
Superior Incompleto 1,58% ;


Fonte dos dados: TSE-Tribunal Superior Eleitoral/julho2026; Cruzamento Eleitorado Mensal https://sig.tse.jus.br/ords/dwapr/r/seai/sig-eleitor-eleitorado-mensal/cruzamento-eleitorado-mensal?p24_metricas=E&p24_back=22&p24_cruzamento_1=ds_sexo&clear=24&session=308670861520383 ;
https://sig.tse.jus.br/ords/dwapr/r/seai/sig-eleitor-eleitorado-mensal/cruzamento-eleitorado-mensal?p24_cruzamento_1=ds_faixa_etaria&p24_metricas=E&p24_back=22&clear=24&session=308670861520383 ;
https://sig.tse.jus.br/ords/dwapr/r/seai/sig-eleitor-eleitorado-mensal/cruzamento-eleitorado-mensal?p24_cruzamento_1=ds_grau_instrucao&p24_metricas=E&p24_back=22&clear=24&session=308670861520383 ;
;
Ano=2026; Mês = JULHO; UF= MA; MUNICIPIO = Alto Alegre do Maranhão; Renda familiar: Até 1/2 salário mínimo 16,91% ;
Mais de 1/2 a 1 salário mínimo 28,43% ;
Mais de 1 a 2 salários mínimos 30,36% ;
Mais de 2 a 5 salários mínimos 15,30% ;
Mais de 5 a 10 salários mínimos 1,62% ;
Mais de 10 a 20 salários mínimos 0,39% ;
Mais de 20 salários mínimos 0,14% ;
Sem rendimento 6,85% ;

Fonte dos dados: IBGE-Censo 2010-IBGE-CENSO 2022 (IBGE/Censo 2010 - Classe de rendimento nominal mensal domiciliar) ; https://cidades.ibge.gov.br/brasil/ma/alto-alegre-do-maranhao/pesquisa/23/24304 ;


""Está prevista eventual ponderação da amostra para correção das variáveis sexo, idade, renda familiar e escolaridade com base nos percentuais anteriormente mencionados, caso ocorram diferenças entre os percentuais previstos na amostra e a coleta de dados realizada. O nível de confiança estimado é de 95% e a margem de erro máxima prevista, baseada em uma amostra aleatória simples (AAS), é de cerca de 5,2 pontos percentuais para mais ou para menos em relação aos totais da amostra. Nível Econômico: IBGE (Censo/2010) - Observação: Conforme informações obtidas do Instituto Brasileiro de Geografia e Estatística, o IBGE, não divulgou - e não tem previsão - de data para divulgação do perfil econômico (nível econômico) da população brasileira; portanto, os dados quanto ao nível econômico obtidos no Censo 2022, não podem ser utilizados, pois não foram publicados.""

";"Para a realização da pesquisa, utiliza-se uma equipe de entrevistadores e supervisores credenciados devidamente treinados pela empresa para esse tipo de pesquisa. Após os trabalhos de campo, 100% dos questionários são criticados e passam por uma fiscalização de cerca de 20% (vinte por cento) dos questionários aplicados por cada entrevistador; para verificação da consistência das respostas e da adequação dos entrevistados aos parâmetros amostrais.";"#NULO#"
"28/09/2026";"05:46:54";2026;81;"Eleições Gerais 2026";"MA";"MA";"MARANHÃO";"MA049252026";"2026-08-31 22:35:04";"N";"64500153000180";"LAIS CRISTINA RODRIGUES DE OLIVEIRA LTDA";"IPSENSUS PESQUISAS";"Governador, Senador";"2026-09-01 00:00:00";"2026-09-05 00:00:00";"2026-09-06 00:00:00";350;"7655";"AUGUSTO DA SILVA ROCHA";"4000,00";"A pesquisa cobrirá o município envolvendo todas regiões do município de Bacabal/MA Universo da pesquisa será dos eleitores com 16 anos ou mais. A amostra representará os eleitores do Município, selecionados em 2(dois) estágios. No primeiro estágio, os setores censitários, onde as entrevistas serão realizadas, foram selecionadas, probabilisticamente, através do método PPT - Probabilidade Proporcional ao Tamanho, tomando o número de eleitores como base para seleção. No segundo estágio, a seleção do entrevistado, dentro do setor censitário, será feita utilizando-se quotas proporcionais, e a abordagem será domiciliar.";"Utilizamos quotas proporcionais, em função das seguintes variáveis:
Gênero: ; FEMININO 53,9%;
MASCULINO 46,1%;


Faixa etária: ; 16 a 24 anos 17,12% ;
25 a 34 anos 19,92% ;
35 a 44 anos 19,98% ;
45 a 59 anos 23,51% ;
60 anos ou mais 19,47% ;


Grau de instrução: ANALFABETO 6,35% ;
ENSINO FUNDAMENTAL COMPLETO 5,90% ;
ENSINO FUNDAMENTAL INCOMPLETO 18,58% ;
ENSINO MÉDIO COMPLETO 27,28% ;
ENSINO MÉDIO INCOMPLETO 20,74% ;
LÊ E ESCREVE 10,36% ;
SUPERIOR COMPLETO 6,39% ;
SUPERIOR INCOMPLETO 4,40% ;


Fonte dos dados: TSE-Tribunal Superior Eleitoral/julho2026; Cruzamento Eleitorado Mensal https://sig.tse.jus.br/ords/dwapr/r/seai/sig-eleitor-eleitorado-mensal/cruzamento-eleitorado-mensal?p24_metricas=E&p24_back=22&p24_cruzamento_1=ds_sexo&clear=24&session=10939350749154 ;
https://sig.tse.jus.br/ords/dwapr/r/seai/sig-eleitor-eleitorado-mensal/cruzamento-eleitorado-mensal?p24_cruzamento_1=ds_faixa_etaria&p24_metricas=E&p24_back=22&clear=24&session=10939350749154 ;
https://sig.tse.jus.br/ords/dwapr/r/seai/sig-eleitor-eleitorado-mensal/cruzamento-eleitorado-mensal?p24_cruzamento_1=ds_grau_instrucao&p24_metricas=E&p24_back=22&clear=24&session=10939350749154 ;
;

Ano=2026; Mês = JULHO; UF= MA; MUNICIPIO = Bacabal; Renda familiar: Até 1/2 salário mínimo 9,73% ;
Mais de 1/2 a 1 salário mínimo 24,83% ;
Mais de 1 a 2 salários mínimos 30,38% ;
Mais de 2 a 5 salários mínimos 23,71% ;
Mais de 5 a 10 salários mínimos 5,59% ;
Mais de 10 a 20 salários mínimos 1,67% ;
Mais de 20 salários mínimos 0,58% ;
Sem rendimento 3,51% ;
;

Fonte dos dados: IBGE-Censo 2010-IBGE-CENSO 2022 (IBGE/Censo 2010 - Classe de rendimento nominal mensal domiciliar) ; https://cidades.ibge.gov.br/brasil/ma/bacabal/pesquisa/23/24304 ;


""Está prevista eventual ponderação da amostra para correção das variáveis sexo, idade, renda familiar e escolaridade com base nos percentuais anteriormente mencionados, caso ocorram diferenças entre os percentuais previstos na amostra e a coleta de dados realizada. O nível de confiança estimado é de 95% e a margem de erro máxima prevista, baseada em uma amostra aleatória simples (AAS), é de cerca de 5,2 pontos percentuais para mais ou para menos em relação aos totais da amostra. Nível Econômico: IBGE (Censo/2010) - Observação: Conforme informações obtidas do Instituto Brasileiro de Geografia e Estatística, o IBGE, não divulgou - e não tem previsão - de data para divulgação do perfil econômico (nível econômico) da população brasileira; portanto, os dados quanto ao nível econômico obtidos no Censo 2022, não podem ser utilizados, pois não foram publicados.""";"Para a realização da pesquisa, utiliza-se uma equipe de entrevistadores e supervisores credenciados devidamente treinados pela empresa para esse tipo de pesquisa. Após os trabalhos de campo, 100% dos questionários são criticados e passam por uma fiscalização de cerca de 20% (vinte por cento) dos questionários aplicados por cada entrevistador; para verificação da consistência das respostas e da adequação dos entrevistados aos parâmetros amostrais.";"#NULO#"
"28/09/2026";"05:46:54";2026;81;"Eleições Gerais 2026";"MA";"MA";"MARANHÃO";"MA059882026";"2026-09-27 02:16:29";"S";"19259002000128";"ATLASINTEL TECNOLOGIA DE DADOS LTDA";"ATLASINTEL";"Governador, Senador";"2026-09-27 00:00:00";"2026-10-02 00:00:00";"2026-10-03 00:00:00";1200;"11220";"ANDREI CAMILO DOS SANTOS";"75000,00";"Pesquisa quantitativa com coleta aleatória via questionário estruturado web e pós-estratificação da amostra de acordo com as características do eleitorado de Maranhão.";"Amostra aleatória pós-estratificada via algoritmo iterativo com quotas proporcionais, representando as características do eleitorado de Maranhão:
SEXO: Masculino: 48.1%; Feminino: 51.9%.
FAIXA ETÁRIA: Entre 16 a 24 anos: 17.1%; Entre 25 a 34 anos: 20.6%; Entre 35 a 44 anos: 20.5%; Entre 45 a 59 anos: 23.0%; 60 ou mais: 18.9%.
ESCOLARIDADE: Até Ensino Médio completo ou incompleto (inclui Ensino Fundamental completo/incompleto e pessoas sem instrução): 83.2%; Ensino Superior completo ou incompleto: 16.8%.
NÍVEL ECONÔMICO: Renda familiar mensal até R$ 2.000: 31.6%; de R$ 2.000 a R$ 3.000: 18.5%; de R$ 3.000 a R$ 5.000: 28.2%; de R$ 5.000 a R$ 10.000: 14.6%; mais de R$ 10.000: 7.1%.
OBS.: devido ao arredondamento, a soma dos percentuais pode variar de 99% a 101%. Na agregação final, para cada variável de ponderação, serão admissíveis desvios de até 3 pontos percentuais em relação às quotas estipuladas. Confiança estimada: 95%, margem de erro: +/- 3.0 pontos percentuais. FONTE DOS DADOS: PNADC 2026 para escolaridade | PNADC 2025 para renda | TSE 2026 para sexo e faixa etária.";"Coleta feita com a utilização de questionário eletrônico com procedimentos específicos para o armazenamento seguro dos dados. São checados manualmente no mínimo 15% dos questionários para detectar possíveis anomalias. Pesquisadores especializados realizam internamente uma verificação exaustiva da consistência dos dados antes da divulgação dos resultados finais.";"#NULO#"
"28/09/2026";"05:46:54";2026;81;"Eleições Gerais 2026";"MA";"MA";"MARANHÃO";"MA084692026";"2026-09-23 09:39:47";"S";"07317438000147";"DOXA ARTE & COMUNICAO S/S LTDA";"DOXA";"Governador, Senador";"2026-09-23 00:00:00";"2026-09-26 00:00:00";"2026-09-29 00:00:00";2000;"8010";"JADSON FERNANDES CHAVES";"40000,00";"Pesquisa do tipo quantitativo, por amostragem, com aplicação de questionário estruturado e abordagem pessoal junto a uma amostra representativa do eleitorado conforme fonte de dados do TSE julho/2026, IBGE, CENSO 2010/2022. O conjunto do eleitorado apto a votar na próxima eleição em 2026 no estado do Maranhão com idade de 16 anos ou mais foi tomado como universo da pesquisa. O levantamento será realizado pela equipe DOXA ARTE & COMUNICAO S/S LTDA.";"O público-alvo é o eleitorado do estado do Maranhão apto a votar nas Eleições Gerais de 2026. Para produzir uma amostra representativa desse público-alvo, será utilizado um desenho de amostragem estratificada proporcional por conglomerados, em três estágios.
No primeiro estágio, os municípios (conglomerados primários) são estratificados geograficamente pelas cinco mesorregiões do estado (Norte, Sul, Leste, Oeste e Centro Maranhense). Realiza-se um sorteio probabilístico de 90 municípios dentre os 217 do estado, utilizando o método PPT (Probabilidade Proporcional ao Tamanho), considerando o número de eleitores de cada município como base para a seleção.
No segundo estágio, realiza-se o sorteio probabilístico das localidades (bairros ou setores censitários) dentro dos municípios sorteados, também pelo método PPT, tomando como base os dados populacionais de 16 anos ou mais residentes nestas localidades.
No terceiro estágio, a seleção do entrevistado dentro da localidade sorteada será feita mediante controle de cotas amostrais proporcionais. O perfil da amostra baseia-se nas seguintes proporções:
¿ Sexo: Masculino (48%); Feminino (52%).
¿ Faixa etária: 16-24 anos (17%); 25-34 anos (21%); 35-44 anos (21%); 45-59 anos (23%); 60 anos ou mais (18%).
¿ Nível de instrução: De analfabeto até fundamental completo (45%); Médio incompleto ou completo (46%); Superior incompleto ou completo ou mais (9%).
¿ Nível Econômico (Renda Domiciliar): Sem renda até 2 salários mínimos (71%); Mais de 2 a 5 salários mínimos (21%); Mais de 5 salários mínimos (8%).
Fonte dos dados: TSE (julho/2026) para as cotas de sexo, idade, instrução e primeiro estágio de sorteio; IBGE/Censo 2022 para estratificação interna das localidades; PNAD Contínua 2024 para as proporções de nível econômico.
Ponderação: Está prevista eventual ponderação da amostra para correção de estimativas e das distribuições das variáveis de sexo, idade, grau de instrução e nível econômico, com base nos percentuais previstos no plano amostral, caso ocorram diferenças entre as cotas estipuladas e os dados efetivamente coletados em campo. A ponderação será feita por meio de técnica de Raking (ajuste iterativo proporcional).
Margem de Erro e Nível de Confiança: Serão realizadas 2.000 entrevistas distribuídas no estado. O nível de confiança das estimativas é de 95%. A margem de erro máxima prevista, utilizando a aproximação para Amostra Aleatória Simples (AAS), é de 2,2 pontos percentuais para mais ou para menos sobre os resultados totais da amostra.";"Os pesquisadores envolvidos na realização desta pesquisa são treinados de forma contínua pelo Instituto DOXA ARTE & COMUNICAÇÃO S/S LTDA e recebem instruções específicas para cada projeto de pesquisa realizado. A equipe de trabalho de campo é formada por quarenta pesquisadores de campo e quatro coordenadores. Os entrevistadores fazem as entrevistas individuais, enquanto os supervisores de campo fiscalizam o trabalho. Sendo dever do supervisor de campo: a) zelar pelo cumprimento e quantidade correta das entrevistas; b) anular Questionários preenchidos incorretamente ou que estejam fora do padrão de conduta técnica da pesquisa; c) anular questionários que não cumpram a amostra determinada de dentro da área prevista no plano; d) zelar pelo andamento do trabalho de campo dentro do tempo especificado; e) inspecionar os questionários aplicados e sua validade; f) conferir no final do trabalho o preenchimento e zelo da amostra prevista. A coleta será realizada com a utilização de tablete/smartfone ou celular androide e o questionário com formato eletrônico e visualização, via, ferramenta, sistema QuestionPro. Os dados são checados, no mínimo, 20% dos questionários de cada pesquisador envolvido na pesquisa, seja in loco por supervisores de campo ou, posteriormente, por telefone indicado pelo entrevistado. Internamente, todo o material é verificado e codificado. Antes do processamento final e emissão dos resultados, realiza-se processo de consistência dos dados para garantir a segurança e lisura das informações.";"Os dados serão inseridos conforme §7º. do art. 2º. da Resolução - TSE nº. 23.600/2019, A partir do dia em que a pesquisa puder ser divulgada e até o dia seguinte, o registro deverá ser complementado, sob pena de ser a pesquisa considerada não registrada; na ausência de delimitação do bairro, será identificada a área em que foi realizada."
"28/09/2026";"05:46:54";2026;81;"Eleições Gerais 2026";"MA";"MA";"MARANHÃO";"MA012772026";"2026-03-05 20:18:02";"N";"10320449000190";"M D C LEMOS LTDA";"INOP PREVISAO PESQUISAS SERVICOS E PUBLICIDADES";"Governador, Senador";"2026-03-04 00:00:00";"2026-03-11 00:00:00";"2026-03-11 00:00:00";2548;"8747 5ªREGIÃO";"VITOR EMMANUEL BOUÇAS DA SILVA";"38000,00";"A pesquisa é realizada em âmbito estadual, abrangendo eleitores residentes nas zonas urbana e rural
dos municípios do Estado do Maranhão, por meio de entrevistas presenciais, conduzidas tanto em
domicílios quanto em pontos de fluxo populacional (tais como vias públicas, áreas comerciais,
terminais de transporte, praças e locais de grande circulação), relacionando-as aos bairros ou
povoados de moradia, mediante aplicação de questionário estruturado com perguntas abertas e
fechadas.
As entrevistas são realizadas por equipe de entrevistadores previamente treinada e identificada,
observando-se critérios de elegibilidade do respondente, quais sejam: ter 16 anos ou mais, residir no
Estado do Maranhão e possuir título eleitoral válido, estando, portanto, apto a votar. A condição do
entrevistado é verificada no momento da abordagem, não sendo questionada a intenção de
comparecimento às urnas, por não constituir critério de elegibilidade para a participação na
pesquisa.";"O desenho amostral adotado é do tipo amostragem por conglomerados em dois estágios, sem
aplicação de cotas durante a coleta. No primeiro estágio, os municípios do estado são estratificados
por regiões geográficas (Norte, Sul, Leste, Oeste, Central e Grande Ilha), com alocação
proporcional ao tamanho do eleitorado, conforme dados mais recentes do Tribunal Superior
Eleitoral (TSE). Dentro de cada estrato, são sorteados municípios auto representativos e não auto
representativos, estes últimos selecionados com probabilidade proporcional ao tamanho (PPT).
No segundo estágio, dentro dos municípios sorteados, são definidos conglomerados de coleta,
compreendendo bairros ou áreas de grande circulação (pontos de fluxo), selecionados de forma
aleatória ou sistemática. Nesses conglomerados, os entrevistadores realizam abordagens presenciais
de eleitores, tanto em domicílios quanto em pontos de fluxo previamente definidos. A seleção do
respondente respeita regras objetivas de abordagem (por exemplo, intervalo fixo de domicílios ou
abordagem do próximo transeunte elegível), sem preenchimento de cotas durante o campo. Após a
finalização do trabalho de campo, os dados coletados são comparados aos quantitativos
populacionais e se necessário submetidos a procedimento de ponderação estatística (pós estratificação),
com o objetivo de ajustar a amostra às distribuições conhecidas do eleitorado
estadual segundo sexo, faixa etária, escolaridade, renda familiar e religião do entrevistado, com
base nas informações oficiais do Tribunal Superior Eleitoral (TSE-2026) e do Instituto Brasileiro de
Geografia e Estatística (IBGE-2022). Esse procedimento visa corrigir eventuais desequilíbrios
amostrais decorrentes do uso combinado de entrevistas domiciliares e em pontos de fluxo,
assegurando a representatividade dos resultados em relação ao universo pesquisado.
GÊNERO: Masculino (48,01%); Feminino (51,99%);
GÊNERO e FAIXA ETÁRIA: Feminino 16 a 24 anos (18,99%); 25 a 29 anos (12,41%); 30 a 49
anos (40,68%); 50 anos ou mais (27,92%); Masculino 16 a 24 anos (17,42%); 25 a 29 anos(10,60%); 30 a 49 anos (39,39%); 50 anos ou mais (32,60%)
GÊNERO e GRAU DE INSTRUÇÃO: Feminino Até a 4°série do Ensino Fundamental (26,24%);
5° a 8° série do Ensino Fundamental (14,93%); Ensino Médio (47,48%); Ensino Superior (11,35%)
Masculino Até a 4°série do Ensino Fundamental (32,48%); 5° a 8° série do Ensino Fundamental
(17,24%); Ensino Médio (43,21%); Ensino Superior (7,07%)
RENDA MENSAL INDIVIDUAL: Até 1 salário 37%; Mais de 1 a 2 salários 27%; Mais de 2 salários 36%.
RELIGIÃO: Católica (62,99%), Evangélica (26,01%), Outras (4,00%), Sem religião (7,00%)
O nível de confiança estimado é de 95% e a margem de erro máxima é de 2%. FONTE DOS
DADOS: IBGE 2022 | TSE 2026
Número de questionários aplicados, margem de erro e nível de confiança;
Serão realizadas 2.548 entrevistas, com a margem de erro máxima de 2% para mais ou menos, e
com um nível de confiança de 95%. Logo, afirma-se que, com 95% de certeza, os valores estimados
distam no máximo 2 pontos percentuais dos valores reais.";"O controle da qualidade da coleta de dados é realizado por meio de procedimentos contínuos de
supervisão e auditoria interna, aplicados em todas as etapas do trabalho de campo. Todos os
questionários passam por conferência técnica obrigatória, destinada à verificação de consistência,
completude das respostas e adequação ao plano amostral previamente definido.
Adicionalmente, é realizada verificação independente em, no mínimo, 20% das entrevistas,
selecionadas de forma aleatória, por meio de recontato telefônico ou visita de retorno ao domicílio,
conforme a natureza da entrevista originalmente realizada. Esse procedimento tem por finalidade
confirmar a realização da entrevista, a elegibilidade do respondente e a fidelidade das informações
registradas.
Para a execução da pesquisa, é mobilizada uma equipe composta por entrevistadores de campo,
supervisores regionais e coordenação geral, todos previamente treinados quanto aos procedimentos
metodológicos, éticos e operacionais do levantamento. Os supervisores realizam acompanhamento
direto e indireto das equipes, incluindo observação em campo, checagem de rotas e validação diária
dos questionários coletados.
A coordenação geral é responsável pela consolidação das informações, pelo monitoramento do
cumprimento do plano amostral e pela adoção de medidas corretivas sempre que identificadas
inconsistências ou desvios nos procedimentos de coleta.";"SOMA DE ENTREVISTADOS POR LOCALIDADE
Maranhão MARÇO 2026 - Ma
Período: 04/03/2026 a 11/03/2026



LOCALIDADE	TOTAL
Açailândia	68
Água Doce do Maranhão	12
Aldeias Altas	16
Alto Alegre do Pindaré	20
Anapurus	14
Araioses	30
Arame	19
Axixá	14
Bacabal	65
Balsas	60
Barra do Corda	49
Barreirinhas	48
SANTA HELENA	20
Bom Lugar	14
Buriticupu	38
Cachoeira Grande	12
Campestre do Maranhão	12
Capinzal do Norte	12
Caxias	96
Chapadinha	53
Cidelândia	12
Codó Colinas	68
Colinas	30
Coroatá	40
Dom Pedro	20
Fortaleza dos Nogueiras	14
Fortuna	12
Gonçalves Dias	16
Governador Luiz Rocha	12
Grajaú	47
Imperatriz	170
Itapecuru-Mirim	40
Jatobá	13
Lago Verde	14
Lagoa da Mato	14
Magalhães de Almeida	14
Mirador	19
Mirinzal	12
Olho D'água das Cunhães	14
Paço do Lumiar	76
Passagem Franca	18
Paulino Neves	16
Pedreiras	26
Pinheiro
PASTOS BONS 	56
16
Pio XII	18
Presidente Dutra	34
Presidente Juscelino
MORROS 	14
20
Rosário	32
Santa Inês	59
Santa Luzia	40
São Domingos do Maranhão	30
São José de Ribamar	101
São Luis	513
SItio Novo do Maranhão	16
Timon	99
Tutóia	41
Viana	38
Zé Doca	32
	

	
	
MÉDIA GERAL 2548
"
"28/09/2026";"05:46:54";2026;81;"Eleições Gerais 2026";"MA";"MA";"MARANHÃO";"MA078972026";"2026-09-12 10:46:35";"N";"64500153000180";"LAIS CRISTINA RODRIGUES DE OLIVEIRA LTDA";"IPSENSUS PESQUISAS";"Governador, Senador";"2026-09-11 00:00:00";"2026-09-16 00:00:00";"2026-09-18 00:00:00";350;"7655";"AUGUSTO DA SILVA ROCHA";"4000,00";"A pesquisa cobrirá o município envolvendo todas regiões do município de Loreto/MA Universo da pesquisa será dos eleitores com 16 anos ou mais. A amostra representará os eleitores do Município, selecionados em 2(dois) estágios. No primeiro estágio, os setores censitários, onde as entrevistas serão realizadas, foram selecionadas, probabilisticamente, através do método PPT - Probabilidade Proporcional ao Tamanho, tomando o número de eleitores como base para seleção. No segundo estágio, a seleção do entrevistado, dentro do setor censitário, será feita utilizando-se quotas proporcionais, e a abordagem será domiciliar.";"Utilizamos quotas proporcionais, em função das seguintes variáveis: Gênero: FEMININO 48,45% ;
MASCULINO 51,55% ;


Faixa etária: 16 a 24 anos 17,11% ;
25 a 34 anos 21,44% ;
35 a 44 anos 19,59% ;
45 a 59 anos 21,31% ;
60 anos ou mais 20,55% ;


Grau de instrução:
Analfabeto 9,17% ;
Ensino Fundamental Completo 4,42% ;
Ensino Fundamental Incompleto 20,37% ;
Ensino Médio Completo 24,53% ;
Ensino Médio Incompleto 17,73% ;
Lê E Escreve 15,42% ;
Superior Completo 5,94% ;
Superior Incompleto 2,42% ;


Fonte dos dados: TSE-Tribunal Superior Eleitoral/agosto2026; Cruzamento Eleitorado Mensal https://sig.tse.jus.br/ords/dwapr/r/seai/sig-eleitor-eleitorado-mensal/cruzamento-eleitorado-mensal?p0_municipio=LORETO&p0_uf=MA&session=310669362669017 ;


Ano=2026; Mês = agosto; UF= MA; MUNICIPIO = Loreto;

Renda familiar (A variável ¿classe de rendimento nominal mensal domiciliar¿ corresponde à classificação dos domicílios segundo a soma dos rendimentos nominais mensais de seus moradores, expressa em faixas de salários mínimos vigentes no período de referência do Censo Demográfico 2010. Trata-se da renda total do domicílio, não dividida pelo número de moradores, não devendo ser confundida com rendimento domiciliar per capita. Para fins de planejamento amostral e ponderação, foram preservadas as categorias e os percentuais originalmente disponibilizados pelo IBGE, sem reagrupamento ou recálculo das faixas.): Até 1/2 salário mínimo 23,22% ;
Mais de 1/2 a 1 salário mínimo 19,18% ;
Mais de 1 a 2 salários mínimos 30,97% ;
Mais de 2 a 5 salários mínimos 16,70% ;
Mais de 5 a 10 salários mínimos 3,07% ;
Mais de 10 a 20 salários mínimos 0,79% ;
Mais de 20 salários mínimos 0,30% ;
Sem rendimento 5,77% ;



Fonte dos dados: IBGE-Censo 2010-IBGE-CENSO 2022 (IBGE/Censo 2010 - Classe de rendimento nominal mensal domiciliar) ; https://cidades.ibge.gov.br/brasil/ma/joao-lisboa/pesquisa/23/24304 ;


""Está prevista eventual ponderação da amostra para correção das variáveis sexo, idade, renda familiar e escolaridade com base nos percentuais anteriormente mencionados, caso ocorram diferenças entre os percentuais previstos na amostra e a coleta de dados realizada. O nível de confiança estimado é de 95% e a margem de erro máxima prevista, baseada em uma amostra aleatória simples (AAS), é de cerca de 5,2 pontos percentuais para mais ou para menos em relação aos totais da amostra. Nível Econômico: IBGE (Censo/2010) - Observação: Conforme informações obtidas do Instituto Brasileiro de Geografia e Estatística, o IBGE, não divulgou - e não tem previsão - de data para divulgação do perfil econômico (nível econômico) da população brasileira; portanto, os dados quanto ao nível econômico obtidos no Censo 2022, não podem ser utilizados, pois não foram publicados.""";"Para a realização da pesquisa, utiliza-se uma equipe de entrevistadores e supervisores credenciados devidamente treinados pela empresa para esse tipo de pesquisa. Após os trabalhos de campo, 100% dos questionários são criticados e passam por uma fiscalização de cerca de 20% (vinte por cento) dos questionários aplicados por cada entrevistador; para verificação da consistência das respostas e da adequação dos entrevistados aos parâmetros amostrais.";"#NULO#"
"28/09/2026";"05:46:54";2026;81;"Eleições Gerais 2026";"MA";"MA";"MARANHÃO";"MA096652026";"2026-09-09 22:35:18";"N";"47425567000173";"IPPI PESQUISAS E CONSULTORIA LTDA";"IPPI - PESQUISAS E CONSULTORIAS";"Governador, Senador, Deputado Federal, Deputado Estadual";"2026-09-10 00:00:00";"2026-09-14 00:00:00";"2026-09-15 00:00:00";1500;"10644";"ANTONIO ALBERTO IBIAPINA COSTA FILHO";"60000,00";"Pesquisa quantitativa, do tipo survey, realizada por meio de entrevistas presenciais, domiciliares e individuais, mediante aplicação de questionário estruturado, contendo perguntas espontâneas e estimuladas, estas com apresentação de cartela em rodízio, a uma amostra representativa da população eleitora do estado do Maranhão. O público-alvo é composto por eleitores de 16 anos ou mais residentes na área de abrangência da pesquisa (território do estado do Maranhão), tendo como referência o eleitorado apto registrado pela Justiça Eleitoral (TSE, julho/2026).";"Para produzir uma amostra representativa desse público-alvo, utilizamos um desenho amostral por conglomerados em três estágios. No primeiro estágio, os municípios são selecionados para compor a amostra, sendo os de maior porte incluídos com certeza (unidades auto-representativas) e os demais sorteados por Probabilidade Proporcional ao Tamanho (PPT), tendo como medida de tamanho a população residente, conforme o Censo Demográfico 2022 (IBGE). No segundo estágio, dentro dos municípios selecionados, realiza-se sorteio probabilístico de setores censitários a serem visitados pelos entrevistadores, também por PPT, tendo como base o total de habitantes residentes nos setores segundo o Censo 2022 (IBGE). No terceiro estágio, selecionam-se os domicílios e as pessoas a serem entrevistadas mediante cotas amostrais, aplicadas a respondentes elegíveis (16 anos ou mais), para as variáveis: sexo, idade, renda familiar e escolaridade. O perfil da amostra, definido pelas cotas previstas, é o seguinte. Sexo: Masculino (48%); Feminino (52%). Faixa etária: 16-24 anos (17%); 25-34 anos (21%); 35-44 anos (21%); 45-59 anos (23%); 60 anos ou mais (18%). Renda domiciliar total: até 2 salários mínimos (54%); mais de 2 a 5 salários mínimos (36%); mais de 5 salários mínimos (10%). Nível de instrução: de analfabeto até Fundamental completo (45%); Médio incompleto ou completo (46%); Superior incompleto, completo ou mais (9%). Fonte dos dados: TSE - Tribunal Superior Eleitoral (julho/2026); Censo 2022 (IBGE); PNAD Contínua (PNADc) Anual 2024 (IBGE). Está prevista eventual ponderação (pós-estratificação) da amostra, para correção das estimativas e das distribuições das variáveis sexo e idade, com base nos percentuais acima, caso haja diferença entre o previsto e o efetivamente coletado. Dentro do público-alvo descrito, serão realizadas 1.500 entrevistas, distribuídas em 80 municípios das cinco mesorregiões do estado. O nível de confiança das estimativas é de 95% e a margem de erro máxima prevista, usando o cálculo para amostra aleatória simples (AAS) como aproximação, é de cerca de ±2,5 pontos percentuais para mais ou para menos em relação aos totais da amostra.";"As entrevistas são realizadas por equipe de entrevistadores devidamente qualificada, com experiência e treinamento em pesquisa de opinião pública, sob supervisão de campo. Todos os questionários passam por procedimentos de crítica e consistência - verificação de preenchimento e completude, coerência lógica das respostas, duração e horário da entrevista e, quando disponível, geolocalização do ponto de coleta. Ao longo e após os trabalhos de campo, é realizada uma fiscalização que consiste na checagem de áudio de uma amostra de 30% dos questionários aplicados, para verificação das respostas e da adequação dos entrevistados aos parâmetros amostrais (sexo, idade, renda familiar e escolaridade). Os questionários com inconsistências são revisados ou excluídos e, quando necessário, a entrevista é substituída. Toda a documentação da pesquisa é mantida arquivada e auditável.";"A área de abrangência da coleta é o território do estado do Maranhão. A pesquisa prevê 1.500 entrevistas, distribuídas em 80 municípios das cinco mesorregiões do estado. A relação do número de pessoas a serem entrevistadas nas áreas de aplicação da pesquisa, discriminada por município, bairro e setor censitário, a partir dos identificadores utilizados pelo IBGE, bem como a composição do eleitorado entrevistado na área de abrangência quanto a sexo, idade, grau de instrução e nível econômico (renda familiar), constará em documento anexo (mapa de cotas por município)."
"28/09/2026";"05:46:54";2026;81;"Eleições Gerais 2026";"MA";"MA";"MARANHÃO";"MA018472026";"2026-08-30 21:33:37";"N";"64500153000180";"LAIS CRISTINA RODRIGUES DE OLIVEIRA LTDA";"IPSENSUS PESQUISAS";"Governador, Senador";"2026-08-31 00:00:00";"2026-09-01 00:00:00";"2026-09-05 00:00:00";350;"7655";"AUGUSTO DA SILVA ROCHA";"4000,00";"A pesquisa cobrirá o município envolvendo todas regiões do município de Barreirinhas/MA. Universo da pesquisa será dos eleitores com 16 anos ou mais. A amostra representará os eleitores do Município, selecionados em 2(dois) estágios. No primeiro estágio, os setores censitários, onde as entrevistas serão realizadas, foram selecionadas, probabilisticamente, através do método PPT - Probabilidade Proporcional ao Tamanho, tomando o número de eleitores como base para seleção. No segundo estágio, a seleção do entrevistado, dentro do setor censitário, será feita utilizando-se quotas proporcionais, e a abordagem será domiciliar.";"Utilizamos quotas proporcionais, em função das seguintes variáveis: Gênero: FEMININO 50,47%; MASCULINO 49,53%; Faixa etária: 16 a 24 anos 20,61% ; 25 a 34 anos 22,86% ; 35 a 44 anos 20,69% ; 45 a 59 anos 20,76% ; 60 anos ou mais 15,08% ; Grau de instrução: ANALFABETO 6,92% ; ENSINO FUNDAMENTAL COMPLETO 6,04% ; ENSINO FUNDAMENTAL INCOMPLETO 25,26% ; ENSINO MÉDIO COMPLETO 24,59% ; ENSINO MÉDIO INCOMPLETO 21,45% ; LÊ E ESCREVE 9,56% ; SUPERIOR COMPLETO 4,17% ; SUPERIOR INCOMPLETO 2,00% ; Fonte dos dados: TSE-Tribunal Superior Eleitoral/julho2026; Cruzamento Eleitorado Mensal https://sig.tse.jus.br/ords/dwapr/r/seai/sig-eleitor-eleitorado-mensal/cruzamento-eleitorado-mensal?p24_metricas=E&p24_back=22&p24_cruzamento_1=ds_sexo&clear=24&session=1774743626647 ;
https://sig.tse.jus.br/ords/dwapr/r/seai/sig-eleitor-eleitorado-mensal/cruzamento-eleitorado-mensal?p0_municipio=BARREIRINHAS&p0_uf=MA&session=1774743626647 ;
https://sig.tse.jus.br/ords/dwapr/r/seai/sig-eleitor-eleitorado-mensal/cruzamento-eleitorado-mensal?p24_cruzamento_1=ds_grau_instrucao&p24_metricas=E&p24_back=22&clear=24&session=1774743626647 ;


Ano=2026; Mês = JULHO; UF= MA; MUNICIPIO = Barreirinhas; Renda familiar: Até 1/2 salário mínimo 22,84% ;
Mais de 1/2 a 1 salário mínimo 18,52% ;
Mais de 1 a 2 salários mínimos 24,92% ;
Mais de 2 a 5 salários mínimos 15,53% ;
Mais de 5 a 10 salários mínimos 2,93% ;
Mais de 10 a 20 salários mínimos 0,84% ;
Mais de 20 salários mínimos 0,23% ;
Sem rendimento 14,20% ;


Fonte dos dados: IBGE-Censo 2010-IBGE-CENSO 2022 (IBGE/Censo 2010 - Classe de rendimento nominal mensal domiciliar) ; https://cidades.ibge.gov.br/brasil/ma/barreirinhas/pesquisa/23/24304; ""Está prevista eventual ponderação da amostra para correção das variáveis sexo, idade, renda familiar e escolaridade com base nos percentuais anteriormente mencionados, caso ocorram diferenças entre os percentuais previstos na amostra e a coleta de dados realizada. O nível de confiança estimado é de 95% e a margem de erro máxima prevista, baseada em uma amostra aleatória simples (AAS), é de cerca de 5,2 pontos percentuais para mais ou para menos em relação aos totais da amostra. Nível Econômico: IBGE (Censo/2010) - Observação: Conforme informações obtidas do Instituto Brasileiro de Geografia e Estatística, o IBGE, não divulgou - e não tem previsão - de data para divulgação do perfil econômico (nível econômico) da população brasileira; portanto, os dados quanto ao nível econômico obtidos no Censo 2022, não podem ser utilizados, pois não foram publicados.""";"Para a realização da pesquisa, utiliza-se uma equipe de entrevistadores e supervisores credenciados devidamente treinados pela empresa para esse tipo de pesquisa. Após os trabalhos de campo, 100% dos questionários são criticados e passam por uma fiscalização de cerca de 20% (vinte por cento) dos questionários aplicados por cada entrevistador; para verificação da consistência das respostas e da adequação dos entrevistados aos parâmetros amostrais.";"#NULO#"
"28/09/2026";"05:46:54";2026;81;"Eleições Gerais 2026";"MA";"MA";"MARANHÃO";"MA021142026";"2026-09-01 17:32:41";"N";"47425567000173";"IPPI PESQUISAS E CONSULTORIA LTDA";"IPPI - PESQUISAS E CONSULTORIAS";"Governador, Senador, Deputado Federal, Deputado Estadual";"2026-09-01 00:00:00";"2026-09-02 00:00:00";"2026-09-07 00:00:00";400;"10644";"ANTONIO ALBERTO IBIAPINA COSTA FILHO";"10000,00";"Trata-se de pesquisa de opinião pública de natureza quantitativa, realizada por meio de entrevistas pessoais, face a face, conduzidas por entrevistadores treinados e supervisionados, no domicílio do entrevistado e em pontos de fluxo do município de Brejo/MA.

A coleta será realizada no período de 01 a 02 de setembro de 2026, mediante aplicação de questionário estruturado, previamente testado, composto por perguntas abertas e fechadas, com alternativas de resposta única. Para os cargos de Deputado Estadual e Deputado Federal, a intenção de voto será medida em duas modalidades: na modalidade espontânea o entrevistador não menciona nomes nem legendas e registra literalmente a resposta do entrevistado; na modalidade estimulada é apresentado disco de estímulo com os nomes dos candidatos registrados, em ordem alternada entre os questionários (rodízio), de modo a neutralizar o efeito de posição na lista. Nesses dois cargos a modalidade espontânea antecede obrigatoriamente a estimulada, e não é permitido ao entrevistador retornar à espontânea após a exibição do disco. Para os cargos de Governador do Estado e de Senador da República a intenção de voto será medida exclusivamente na modalidade estimulada, com apresentação do respectivo disco. Para o cargo de Senador, ainda que estejam em disputa duas vagas, será registrado um único voto por entrevistado, opção metodológica que deve ser observada na leitura dos resultados.

O universo da pesquisa é composto pelos eleitores com 16 (dezesseis) anos ou mais de idade, residentes e com domicílio eleitoral no município de Brejo / MA, aptos a votar nas eleições gerais de 2026.

Serão realizadas 400 entrevistas válidas. O intervalo de confiança adotado é de 95%, com margem de erro máxima estimada em 4,9 pontos percentuais, para mais ou para menos, sobre o total da amostra. A margem de erro refere-se ao total da amostra; recortes internos (sexo, faixa etária, zona, renda e escolaridade) apresentam margem superior, proporcional ao tamanho de cada subgrupo, e devem ser lidos como indicativos de tendência.

Os parâmetros populacionais utilizados na definição das cotas e na conferência da distribuição amostral têm por fonte os dados do Tribunal Superior Eleitoral (TSE) relativos ao eleitorado do município e a Pesquisa Nacional por Amostra de Domicílios Contínua (PNADC/IBGE), além dos resultados eleitorais oficiais consolidados pela Justiça Eleitoral.

Não será aplicada ponderação posterior (pós-estratificação) aos dados coletados. O controle das variáveis de sexo, faixa etária, grau de instrução, renda familiar e zona de residência é realizado na própria etapa de campo, por meio do sistema de cotas descrito no plano amostral, de modo que a composição da amostra final reproduza a distribuição do eleitorado municipal nessas variáveis.";"Tipo de amostra: amostragem não probabilística por cotas, com seleção dos entrevistados por conveniência dentro de cada célula amostral, respeitados os pontos de coleta previamente definidos. Variáveis de cota controladas em campo: gênero, faixa etária, grau de instrução, nível econômico (renda familiar mensal) e zona de residência (urbana e rural). As cotas de faixa etária e de grau de instrução são cruzadas com o gênero. Distribuição das cotas previstas, fixadas a partir dos parâmetros do eleitorado municipal e utilizadas como meta de campo:
Zona de residência ? Urbana: 45,75% (183 entrevistas); Rural: 54,25% (217 entrevistas). Gênero ? Masculino: 48,00% (192 entrevistas); Feminino: 52,00% (208 entrevistas). Gênero e faixa etária, masculino (192 entrevistas); 16 a 24 anos: 22,05% (42); 25 a 29 anos: 9,48% (18); 30 a 49 anos: 36,75% (71); 50 anos ou mais: 31,73% (61). Gênero e faixa etária, feminino (208 entrevistas); 16 a 24 anos: 19,97% (42); 25 a 29 anos: 9,76% (20); 30 a 49 anos: 37,08% (77); 50 anos ou mais: 33,19% (69). Gênero e grau de instrução, masculino (192 entrevistas) ? até a 4ª série do Ensino Fundamental: 42,82% (82); da 5ª à 8ª série do Ensino Fundamental: 16,44% (32); Ensino Médio: 36,84% (71); Ensino Superior: 3,89% (7). Gênero e grau de instrução, feminino (208 entrevistas) ? até a 4ª série do Ensino Fundamental: 35,65% (74); da 5ª à 8ª série do Ensino Fundamental: 14,01% (29); Ensino Médio: 43,56% (91); Ensino Superior: 6,78% (14). Nível econômico (renda familiar mensal, sobre o total da amostra) até 1 salário mínimo: 54,93% (220); mais de 1 até 2 salários mínimos: 26,04% (104); acima de 2 salários mínimos: 19,03% (76). Os percentuais de faixa etária e de grau de instrução são calculados dentro de cada gênero e, por isso, somam 100% em cada coluna. Fonte dos parâmetros: IBGE 2022 e TSE Agosto/2026. Ponderação: não será aplicada ponderação estatística posterior à coleta. O ajuste da amostra às características do eleitorado municipal quanto a gênero, idade, grau de instrução, nível econômico e zona de residência é obtido pelo controle de cotas na fase de campo, com acompanhamento diário do preenchimento de cada célula pela supervisão e redirecionamento do roteiro de coleta sempre que verificada defasagem em alguma cota. Intervalo de confiança e margem de erro: o nível de confiança adotado é de 95%, com margem de erro máxima de 4,90 pontos percentuais, para mais ou para menos, sobre o total da amostra. Critérios de exclusão: são excluídos da amostra candidatos, dirigentes partidários, integrantes de comitês ou equipes de campanha e pessoas que declarem trabalhar, ou ter parente residente no mesmo domicílio que trabalhe, em instituto de pesquisa de opinião. São igualmente excluídos os eleitores que declarem não possuir domicílio eleitoral no município.";"O controle de qualidade da pesquisa é exercido em quatro etapas encadeadas, sob responsabilidade da coordenação técnica do Instituto IPPI Pesquisas e Consultoria.

Antes do campo, treinamento e padronização. Todos os entrevistadores passam por treinamento específico para esta pesquisa, com leitura conjunta e comentada do questionário, simulação de aplicação e alinhamento quanto à abordagem, à leitura literal dos enunciados, ao uso dos discos de estímulo e ao registro das respostas espontâneas. Cada entrevistador recebe roteiro de coleta com os bairros e povoados designados, as cotas a cumprir e folha de rodízio indicando a ordem de leitura dos nomes nas questões estimuladas. É expressamente vedado ao entrevistador sugerir respostas, comentar as respostas dadas, demonstrar reação a elas ou ler alternativas assinaladas como espontâneas.

Durante o campo, supervisão e acompanhamento diário. O trabalho é acompanhado por supervisor de campo, que percorre os pontos de coleta, presencia a aplicação de parte das entrevistas e confere, ao final de cada dia, a totalidade dos questionários recebidos quanto ao preenchimento completo, à consistência das respostas e ao cumprimento das cotas por sexo, faixa etária, grau de instrução, renda e zona. Questionário incompleto, rasurado de forma ambígua ou com respostas incompatíveis entre si é devolvido ao entrevistador para refazimento ou descartado. O andamento das cotas é consolidado diariamente, e o roteiro do dia seguinte é redirecionado sempre que identificada defasagem em alguma célula amostral.

Checagem e verificação junto ao entrevistado. No mínimo 20% dos questionários de cada entrevistador são submetidos a checagem, realizada por equipe distinta da que executou a coleta, por contato telefônico ou revisita ao domicílio, com o objetivo de confirmar a realização da entrevista, a identidade do entrevistador, a data e o local da abordagem e a resposta a questões-chave selecionadas. A entrevista não confirmada é descartada e substituída, e a totalidade do trabalho do entrevistador responsável é submetida a nova checagem. A inconsistência confirmada implica descarte integral do lote e desligamento do entrevistador.

Crítica e processamento. A digitação é realizada com dupla conferência e submetida a rotina de crítica eletrônica que verifica: códigos fora do dicionário de variáveis; incompatibilidade entre idade declarada e faixa etária assinalada; violação dos filtros e saltos previstos no questionário; coincidência integral entre a resposta espontânea e a estimulada em proporção atípica, indicativa de apresentação indevida do disco antes da espontânea; duração da entrevista incompatível com a extensão do instrumento; e padrões de resposta atípicos por entrevistador. As inconsistências apontadas são conferidas contra o questionário físico original.";"Tamanho da amostra: 400 entrevistas domiciliares e individuais, sendo 183 na zona urbana (45,75% da amostra) e 217 na zona rural (54,25% da amostra). Estratificação geográfica: a amostra é distribuída entre a zona urbana e a zona rural do município e, dentro de cada zona, entre os bairros e povoados abaixo relacionados, de forma a cobrir a sede municipal e as principais localidades rurais e evitar concentração de entrevistas em um único ponto de coleta. Zona urbana (15 bairros, 183 entrevistas): Centro Comercial, 21 entrevistas (5,25%); Centro Residencial, 36 (9,00%); Areias, 14 (3,50%); Guanabara, 7 (1,75%); Estrada Nova, 7 (1,75%); Escalvado, 11 (2,75%); Morro São João, 7 (1,75%); Morro dos Correios, 7 (1,75%); Bandolim, 11 (2,75%); Matadouro, 7 (1,75%); Fátima, 11 (2,75%); Olaria, 11 (2,75%); Quintas, 11 (2,75%); São Paulo, 11 (2,75%); Santo Antônio, 11 (2,75%). Zona rural (10 povoados, 217 entrevistas): Lameiro, 18 entrevistas (4,50%); Zé Gomes, 21 (5,25%); São João dos Pilões, 21 (5,25%); Palestina, 57 (14,25%); Almas, 36 (9,00%); Criulis, 14 (3,50%); Repartimento, 14"
"28/09/2026";"05:46:54";2026;81;"Eleições Gerais 2026";"MA";"MA";"MARANHÃO";"MA034632026";"2026-09-05 17:26:02";"N";"64500153000180";"LAIS CRISTINA RODRIGUES DE OLIVEIRA LTDA";"IPSENSUS PESQUISAS";"Governador, Senador";"2026-09-05 00:00:00";"2026-09-09 00:00:00";"2026-09-11 00:00:00";350;"7655";"AUGUSTO DA SILVA ROCHA";"4000,00";"A pesquisa cobrirá o município envolvendo todas regiões do município de Colinas/MA Universo da pesquisa será dos eleitores com 16 anos ou mais. A amostra representará os eleitores do Município, selecionados em 2(dois) estágios. No primeiro estágio, os setores censitários, onde as entrevistas serão realizadas, foram selecionadas, probabilisticamente, através do método PPT - Probabilidade Proporcional ao Tamanho, tomando o número de eleitores como base para seleção. No segundo estágio, a seleção do entrevistado, dentro do setor censitário, será feita utilizando-se quotas proporcionais, e a abordagem será domiciliar.";"Utilizamos quotas proporcionais, em função das seguintes variáveis:
Gênero: FEMININO 53,20% ;
MASCULINO 46,80% ;

Faixa etária: 16 a 24 anos 18,5% ;
25 a 34 anos 21,6% ;
35 a 44 anos 19,6% ;
45 a 59 anos 21,5% ;
60 anos ou mais 18,8% ;


Grau de instrução: Analfabeto 10,1% ;
Ensino Fundamental Completo 4,1% ;
Ensino Fundamental Incompleto 17,9% ;
Ensino Médio Completo 23,8% ;
Ensino Médio Incompleto 20,6% ;
Lê E Escreve 17,2% ;
Superior Completo 4,7% ;
Superior Incompleto 1,6% ;


Fonte dos dados: TSE-Tribunal Superior Eleitoral/julho2026; Cruzamento Eleitorado Mensal ;
Ano=2026; Mês = JULHO; UF= MA; MUNICIPIO = Colinas;

Renda familiar: Até 1/2 salário mínimo 23,85% ;
Mais de 1/2 a 1 salário mínimo 22,82% ;
Mais de 1 a 2 salários mínimos 25,88% ;
Mais de 2 a 5 salários mínimos 14,90% ;
Mais de 5 a 10 salários mínimos 3,37% ;
Mais de 10 a 20 salários mínimos 1,00% ;
Mais de 20 salários mínimos 0,41% ;
Sem rendimento 7,77% ;


Fonte dos dados: IBGE-Censo 2010-IBGE-CENSO 2022 (IBGE/Censo 2010 - Classe de rendimento nominal mensal domiciliar) ; https://cidades.ibge.gov.br/brasil/ma/colinas/pesquisa/23/24304 ;
""Está prevista eventual ponderação da amostra para correção das variáveis sexo, idade, renda familiar e escolaridade com base nos percentuais anteriormente mencionados, caso ocorram diferenças entre os percentuais previstos na amostra e a coleta de dados realizada. O nível de confiança estimado é de 95% e a margem de erro máxima prevista, baseada em uma amostra aleatória simples (AAS), é de cerca de 5,2 pontos percentuais para mais ou para menos em relação aos totais da amostra. Nível Econômico: IBGE (Censo/2010) - Observação: Conforme informações obtidas do Instituto Brasileiro de Geografia e Estatística, o IBGE, não divulgou - e não tem previsão - de data para divulgação do perfil econômico (nível econômico) da população brasileira; portanto, os dados quanto ao nível econômico obtidos no Censo 2022, não podem ser utilizados, pois não foram publicados.""";"Para a realização da pesquisa, utiliza-se uma equipe de entrevistadores e supervisores credenciados devidamente treinados pela empresa para esse tipo de pesquisa. Após os trabalhos de campo, 100% dos questionários são criticados e passam por uma fiscalização de cerca de 20% (vinte por cento) dos questionários aplicados por cada entrevistador; para verificação da consistência das respostas e da adequação dos entrevistados aos parâmetros amostrais.";"#NULO#"
"28/09/2026";"05:46:54";2026;81;"Eleições Gerais 2026";"MA";"MA";"MARANHÃO";"MA082632026";"2026-08-20 22:10:15";"N";"37609944000170";"QUALITATIVA INSTITUTO DE OPINIAO PUBLICA EIRELI";"INSTITUTO QUALITATIVA";"Governador, Senador";"2026-08-19 00:00:00";"2026-08-25 00:00:00";"2026-08-26 00:00:00";900;"10526";"Jose Dos Reis Cunha Filho";"20000,00";"Pesquisa quantitativa com abordagem porta a porta, com eleitores que votam e/ou residem no estado do Maranhão, consistindo na realização de entrevistas pessoais e individuais, com a aplicação de questionário estruturado junto a uma amostra representativa do eleitorado em estudo. Devido a ordem probabilística da amostra, nesta pesquisa será considerada apenas os eleitores residentes dentro do município ou que no dia da entrevista estejam nele. Todas as entrevistas são espontâneas e os dados são sigilosos, guardados no banco de dados do instituto para tabulação e apresentação gráfica e analítica.";"Trata-se de uma amostra probabilística estratificada, com abordagem aleatória simples através de cotas de sexo, idade e escolaridade, ponderadas de acordo com a estatística do Eleitorado do TSE, 2026 (https://sig.tse.jus.br) e renda ponderada de acordo com registro do último senso estratificado do IBGE (https://cidades.ibge.gov.br) e em conformidade com a Resolução do TSE 23.600/2019, complementada pela Resolução 23.676/2021, com entrevistas domiciliares aos eleitores de 16 anos ou mais que exerça seu voto no estado do Maranhão. Totalizando uma população eleitoral de 5.188.115 e amostra de 900, a um nível de confiança = 95%; Nível de significância = 5%; Margem de erro = 3,27%, com P = 0,5.
SEXO: Masculino (48,08%), Feminino (51,92%); FAIXA ETÁRIA: até 24 anos (17,05%), de 25 a 34 anos (20,63%), de 35 a 44 anos (20,48%), de 45 a 59 anos (22,99%), 60 anos ou mais (18,85%); ESCOLARIDADE: Analfabeto (7,25%), Lê e escreve (11,05%), 1º Grau inc/comp (25,99%), 2º Grau inc/comp (46,43%), 3º Grau inc/comp (9,28%); RENDA: Até 1 salário (37,65%), entre 1 e 2 salários (27,25%), entre 2 e 5 salários (24,66%), entre 5 e 10 salários (6,64%), Mais de 10 salários (3,79%).
";"Os questionários são aplicados com uso de equipamentos eletrônicos, supervisão in loco e via GPS, passarão por conferência através de novo contato até 20% dos entrevistados, todas as regiões pesquisadas foram selecionadas proporcionalmente.";"Os municípios serão anexados de acordo com a resolução."
"28/09/2026";"05:46:54";2026;81;"Eleições Gerais 2026";"MA";"MA";"MARANHÃO";"MA009182026";"2026-08-31 22:49:02";"N";"64500153000180";"LAIS CRISTINA RODRIGUES DE OLIVEIRA LTDA";"IPSENSUS PESQUISAS";"Governador, Senador";"2026-09-01 00:00:00";"2026-09-05 00:00:00";"2026-09-06 00:00:00";350;"7655";"AUGUSTO DA SILVA ROCHA";"4000,00";"A pesquisa cobrirá o município envolvendo todas regiões do município de Belágua/MA Universo da pesquisa será dos eleitores com 16 anos ou mais. A amostra representará os eleitores do Município, selecionados em 2(dois) estágios. No primeiro estágio, os setores censitários, onde as entrevistas serão realizadas, foram selecionadas, probabilisticamente, através do método PPT - Probabilidade Proporcional ao Tamanho, tomando o número de eleitores como base para seleção. No segundo estágio, a seleção do entrevistado, dentro do setor censitário, será feita utilizando-se quotas proporcionais, e a abordagem será domiciliar.";"Utilizamos quotas proporcionais, em função das seguintes variáveis:

Gênero: ; FEMININO 48,31%.;
MASCULINO 51,69%.;

Faixa etária: 16 a 24 anos 22,98%;
25 a 34 anos 26,57%;
35 a 44 anos 20,23%;
45 a 59 anos 17,84%;
60 anos ou mais 12,38%;


Grau de instrução: ANALFABETO 10,19% ;
ENSINO FUNDAMENTAL COMPLETO 3,76% ;
ENSINO FUNDAMENTAL INCOMPLETO 20,95% ;
ENSINO MÉDIO COMPLETO 23,62% ;
ENSINO MÉDIO INCOMPLETO 24,16% ;
LÊ E ESCREVE 14,50% ;
SUPERIOR COMPLETO 2,10% ;
SUPERIOR INCOMPLETO 0,71% ;


Fonte dos dados: TSE-Tribunal Superior Eleitoral/julho2026; Cruzamento Eleitorado Mensal
https://sig.tse.jus.br/ords/dwapr/r/seai/sig-eleitor-eleitorado-mensal/cruzamento-eleitorado-mensal?p24_metricas=E&p24_back=22&p24_cruzamento_1=ds_sexo&clear=24&session=10939350749154 ;
https://sig.tse.jus.br/ords/dwapr/r/seai/sig-eleitor-eleitorado-mensal/cruzamento-eleitorado-mensal?p24_cruzamento_1=ds_faixa_etaria&p24_metricas=E&p24_back=22&clear=24&session=10939350749154 ;
https://sig.tse.jus.br/ords/dwapr/r/seai/sig-eleitor-eleitorado-mensal/cruzamento-eleitorado-mensal?p0_municipio=BEL%C3%81GUA&p0_uf=MA&session=10939350749154 ;

; Ano=2026; Mês = JULHO; UF= MA; MUNICIPIO = Belágua; Renda familiar: ; Até 1/2 salário mínimo 35,26% ;
Mais de 1/2 a 1 salário mínimo 16,36% ;
Mais de 1 a 2 salários mínimos 21,03% ;
Mais de 2 a 5 salários mínimos 9,49% ;
Mais de 5 a 10 salários mínimos 1,11% ;
Mais de 10 a 20 salários mínimos 0,32% ;
Mais de 20 salários mínimos 0,16% ;
Sem rendimento 16,27% ;


Fonte dos dados: IBGE-Censo 2010-IBGE-CENSO 2022 (IBGE/Censo 2010 - Classe de rendimento nominal mensal domiciliar) ; https://cidades.ibge.gov.br/brasil/ma/belagua/pesquisa/23/24304 ;


""Está prevista eventual ponderação da amostra para correção das variáveis sexo, idade, renda familiar e escolaridade com base nos percentuais anteriormente mencionados, caso ocorram diferenças entre os percentuais previstos na amostra e a coleta de dados realizada. O nível de confiança estimado é de 95% e a margem de erro máxima prevista, baseada em uma amostra aleatória simples (AAS), é de cerca de 5,1 pontos percentuais para mais ou para menos em relação aos totais da amostra. Nível Econômico: IBGE (Censo/2010) - Observação: Conforme informações obtidas do Instituto Brasileiro de Geografia e Estatística, o IBGE, não divulgou - e não tem previsão - de data para divulgação do perfil econômico (nível econômico) da população brasileira; portanto, os dados quanto ao nível econômico obtidos no Censo 2022, não podem ser utilizados, pois não foram publicados.""";"Para a realização da pesquisa, utiliza-se uma equipe de entrevistadores e supervisores credenciados devidamente treinados pela empresa para esse tipo de pesquisa. Após os trabalhos de campo, 100% dos questionários são criticados e passam por uma fiscalização de cerca de 20% (vinte por cento) dos questionários aplicados por cada entrevistador; para verificação da consistência das respostas e da adequação dos entrevistados aos parâmetros amostrais.";"#NULO#"
"28/09/2026";"05:46:54";2026;81;"Eleições Gerais 2026";"MA";"MA";"MARANHÃO";"MA004442026";"2026-09-22 08:36:03";"N";"47425567000173";"IPPI PESQUISAS E CONSULTORIA LTDA";"IPPI - PESQUISAS E CONSULTORIAS";"Governador, Senador, Deputado Estadual";"2026-09-21 00:00:00";"2026-09-22 00:00:00";"2026-09-28 00:00:00";300;"10644";"ANTONIO ALBERTO IBIAPINA COSTA FILHO";"5000,00";"Pesquisa quantitativa, do tipo levantamento (survey), realizada por meio de entrevistas pessoais e presenciais, aplicadas nos domicílios, com questionário estruturado, junto a amostra representativa dos eleitores de 16 anos ou mais residentes no município de Governador Nunes Freire (MA).";"O público-alvo da pesquisa é constituído por eleitores com 16 anos ou mais, residentes no município de Governador Nunes Freire/MA. A pesquisa utilizará desenho amostral em dois estágios. No primeiro estágio, será realizada a seleção probabilística das localidades de aplicação das entrevistas, por meio do método PPT ¿ Probabilidade Proporcional ao Tamanho ¿, tendo como referência a distribuição da população eleitoral entre as localidades do município. No segundo estágio, os entrevistados serão selecionados dentro das localidades mediante cotas amostrais de sexo, faixa etária, renda domiciliar total e nível de instrução. O perfil previsto da amostra é: Sexo: masculino (49%) e feminino (51%). Faixa etária: 16 a 24 anos (20%); 25 a 34 anos (21%); 35 a 44 anos (21%); 45 a 59 anos (21%); 60 anos ou mais (17%). Renda domiciliar total: até 2 salários-mínimos (73,1%); mais de 2 a 5 salários-mínimos (22,2%); mais de 5 salários-mínimos (4,7%). Nível de instrução: de analfabeto até ensino fundamental completo (55%); ensino médio incompleto ou completo (39%); ensino superior incompleto, completo ou mais (6%). Os dados de perfil eleitoral têm como referência o cadastro eleitoral de 2026 disponibilizado pelo TSE. A distribuição de renda foi obtida a partir dos microdados domiciliares do Censo Demográfico 2022 fornecidos nesta conversa. As fontes públicas utilizadas para definição do perfil amostral são o Tribunal Superior Eleitoral ¿ TSE, cadastro eleitoral de 2026, para as variáveis sexo, faixa etária e nível de instrução, e o Censo Demográfico 2022 ¿ IBGE, para a variável renda domiciliar. A PNAD Contínua Anual 2025 ¿ IBGE é utilizada como referência complementar. As variáveis renda domiciliar e nível de instrução serão controladas durante a coleta mediante cotas amostrais. Está prevista eventual ponderação dos dados para correção de diferenças entre a distribuição planejada e a distribuição efetivamente obtida na coleta, especialmente em relação às variáveis sexo e idade, caso sejam observados desvios em relação aos percentuais previstos. Serão realizadas 300 entrevistas. O nível de confiança considerado é de 95%, com margem de erro máxima estimada de aproximadamente 5,7 pontos percentuais, para mais ou para menos, considerando-se a amostra aleatória simples (AAS) como aproximação para o cálculo do erro amostral.";"As entrevistas serão realizadas por uma equipe de entrevistadores devidamente qualificada, com experiência e treinamento em pesquisa de opinião pública. Após a realização da coleta de dados, as entrevistas junto aos respondentes são checadas por meio de procedimentos de consistência . Ao longo e após os trabalhos de campo, é realizada uma fiscalização que consiste na checagem de áudio de uma amostra de 30% dos questionários aplicados para verificação das respostas e da adequação dos entrevistados aos parâmetros amostrais.";"A área de abrangência da coleta é o município de Governador Nunes Freire (MA). A relação de áreas de abrangência da pesquisa constará em anexo. A partir do dia em que a pesquisa puder ser divulgada e até o dia seguinte, o registro poderá ser complementado, sob pena de ser a pesquisa considerada não registrada. Na ausência de delimitação do bairro, será identificada a área em que foi realizada, conforme §7º. do art. 2º. da Resolução-TSE nº. 23.600/2019."
"28/09/2026";"05:46:54";2026;81;"Eleições Gerais 2026";"MA";"MA";"MARANHÃO";"MA078782026";"2026-09-18 06:30:26";"N";"49860741000131";"RANKING BRASIL INTELIGENCIA LTDA";"RANKING BRASIL INTELIGENCIA";"Governador, Senador";"2026-09-17 00:00:00";"2026-09-21 00:00:00";"2026-09-24 00:00:00";1000;"CONRE 1156";"GIOVANA RILLARY DA SILVA ROCHA";"20000,00";"Pesquisa quantitativa, com realização de entrevistas pessoais e aplicação de questionário estruturado junto a uma amostra representativa do eleitorado do estado do Maranhão.";"A amostra será representativa do eleitorado da área de abrangência da pesquisa e será selecionada em três estágios. No primeiro estágio, será realizado o sorteio probabilístico dos municípios onde as entrevistas serão realizadas, por meio do método PPT (Probabilidade Proporcional ao Tamanho), considerando a população eleitora com 16 anos ou mais residente nos municípios como base para essa seleção. No segundo estágio, será realizado o sorteio probabilístico dos setores censitários onde as entrevistas serão realizadas, também por meio do método PPT (Probabilidade Proporcional ao Tamanho), tomando como base a população eleitora de 16 anos ou mais residente nos respectivos setores censitários. No terceiro estágio, a seleção do entrevistado dentro de cada setor censitário será feito por meio de cotas amostrais proporcionais, considerando as seguintes variáveis :

GÊNERO: GÊNERO: Feminino 51,9% ; Masculino 48,1% ;

FAIXA ETÁRIA: 16 a 24 anos 17,08% ; 25 a 34 anos 20,63% ; 35 a 44 anos 20,47% ; 45 a 59 anos 22,97% ; 60 ou mais 18,85% ;

GRAU DE INSTRUÇÃO: ANALFABETO 7,3% ; ENSINO FUNDAMENTAL COMPLETO 5,5% ; ENSINO FUNDAMENTAL INCOMPLETO 20,5% ; ENSINO MÉDIO COMPLETO 26,8% ; ENSINO MÉDIO INCOMPLETO 19,6% ; LÊ E ESCREVE 11,1% ; SUPERIOR COMPLETO 6,1% ; SUPERIOR INCOMPLETO 3,1% ; Fonte tse/ago2026 https://sig.tse.jus.br/ords/dwapr/r/seai/sig-eleitor-eleitorado-mensal/cruzamento-eleitorado-mensal?p0_uf=MA&session=211426802570335;


Nivel econômico do entrevistado: IBGE - Censo 2.010 - (fonte: https://cidades.ibge.gov.br/brasil/ma/pesquisa/23/24304 ): Até 1/2 salário mínimo 13,7% Mais de 1/2 a 1 salário mínimo 21,9% Mais de 1 a 2 salários mínimos 27,2% Mais de 2 a 5 salários mínimos 20,8% Mais de 5 a 10 salários mínimos 5,6% Mais de 10 a 20 salários mínimos 2,0% Mais de 20 salários mínimos 0,8% Sem rendimento 8,0%.
A variável ¿classe de rendimento nominal mensal domiciliar¿ corresponde à classificação dos domicílios segundo a soma dos rendimentos nominais mensais de seus moradores, expressa em faixas de salários mínimos vigentes no período de referência do Censo Demográfico 2010. Trata-se da renda total do domicílio, não dividida pelo número de moradores, não devendo ser confundida com rendimento domiciliar per capita. Para fins de planejamento amostral e ponderação, foram preservadas as categorias e os percentuais originalmente disponibilizados pelo IBGE, sem reagrupamento ou recálculo das faixas.). Conforme informações obtidas do Instituto Brasileiro de Geografia e Estatística - IBGE, o instituto não divulgou e não tem previsão de data para divulgação do perfil econômico (nível econômico) da população brasileira; portanto, os dados quanto ao nível econômico obtidos no Censo 2022 não podem ser utilizados, pois não foram publicados. (https://censo2022.ibge.gov.br/panorama/). Está prevista eventual ponderação para correção das variáveis gênero, faixa etária, grau de instrução e renda domiciliar com base nos percentuais acima apresentados, caso ocorram diferenças superiores a margem de erro definida entre a amostra prevista e a coleta realizada. Para as variáveis escolaridade e renda domiciliar mensal, o fator de ponderação será igual a 1, considerando-se os resultados obtidos em campo. Dentro do público-alvo anteriormente descrito, serão realizadas 1.000 (Um mil) entrevistas. O nível de confiança estimado é de 95% para uma margem de erro estimada, considerando uma técnica de amostragem aleatória simples (AAS), de aproximadamente 3,1 pontos percentuais para mais ou para menos sobre os resultados obtidos.";"Para a realização da pesquisa, utiliza-se uma equipe de entrevistadores credenciados devidamente treinados para esse tipo de trabalho pela empresa Ranking Brasil Inteligência. Após os trabalhos de campo, os questionários são submetidos a uma fiscalização de cerca de 20% (vinte por cento) dos questionários aplicados pelos entrevistadores; para verificação das respostas e da adequação dos entrevistados aos parâmetros amostrais.";"A área de abrangência da coleta é o Estado do Maranhão. A relação das localidades e setores censitários selecionadas para aplicação da amostra estão em anexo em PDF."
"28/09/2026";"05:46:54";2026;81;"Eleições Gerais 2026";"MA";"MA";"MARANHÃO";"MA051652026";"2026-09-19 12:15:43";"N";"64500153000180";"LAIS CRISTINA RODRIGUES DE OLIVEIRA LTDA";"IPSENSUS PESQUISAS";"Governador, Senador";"2026-09-19 00:00:00";"2026-09-23 00:00:00";"2026-09-25 00:00:00";350;"7655";"AUGUSTO DA SILVA ROCHA";"4000,00";"A pesquisa cobrirá o município envolvendo todas regiões do município de Açailândia/MA Universo da pesquisa será dos eleitores com 16 anos ou mais. A amostra representará os eleitores do Município, selecionados em 2(dois) estágios. No primeiro estágio, os setores censitários, onde as entrevistas serão realizadas, foram selecionadas, probabilisticamente, através do método PPT - Probabilidade Proporcional ao Tamanho, tomando o número de eleitores como base para seleção. No segundo estágio, a seleção do entrevistado, dentro do setor censitário, será feita utilizando-se quotas proporcionais, e a abordagem será domiciliar.";"Utilizamos quotas proporcionais, em função das seguintes variáveis: Gênero: FEMININO 51,71% ; MASCULINO 48,29% ; Faixa etária: 16 a 24 anos 16,35% ; 25 a 34 anos 21,24% ; 35 a 44 anos 21,34% ; 45 a 59 anos 23,84% ; 60 anos ou mais 17,23% ; Grau de instrução: Analfabeto 6,79% ; Ensino Fundamental Completo 6,23% ; Ensino Fundamental Incompleto 18,08% ; Ensino Médio Completo 28,37% ; Ensino Médio Incompleto 20,12% ; Lê E Escreve 11,05% ; Superior Completo 5,49% ; Superior Incompleto 3,87% ; Fonte dos dados: TSE-Tribunal Superior Eleitoral/agosto2026; Cruzamento Eleitorado Mensal https://sig.tse.jus.br/ords/dwapr/r/seai/sig-eleitor-eleitorado-mensal/cruzamento-eleitorado-mensal?p0_municipio=A%C3%87AIL%C3%82NDIA&p0_uf=MA&session=310047442774812 ; Ano=2026; Mês = agosto; UF= MA; MUNICIPIO = Açailândia; Renda familiar: Até 1/2 salário mínimo 6,13% ; Mais de 1/2 a 1 salário mínimo 22,47% ; Mais de 1 a 2 salários mínimos 31,69% ; Mais de 2 a 5 salários mínimos 26,28% ; Mais de 5 a 10 salários mínimos 6,22% ; Mais de 10 a 20 salários mínimos 1,95% ; Mais de 20 salários mínimos 0,67% ; Sem rendimento 4,59% ; Fonte dos dados: IBGE-Censo 2010-IBGE-CENSO 2022 (IBGE/Censo 2010 - Classe de rendimento nominal mensal domiciliar) ; hhttps://cidades.ibge.gov.br/brasil/ma/acailandia/pesquisa/23/24304 ; ""Está prevista eventual ponderação da amostra para correção das variáveis sexo, idade, renda familiar e escolaridade com base nos percentuais anteriormente mencionados, caso ocorram diferenças entre os percentuais previstos na amostra e a coleta de dados realizada. O nível de confiança estimado é de 95% e a margem de erro máxima prevista, baseada em uma amostra aleatória simples (AAS), é de cerca de 5,2 pontos percentuais para mais ou para menos em relação aos totais da amostra. Nível Econômico: IBGE (Censo/2010) - Observação: Conforme informações obtidas do Instituto Brasileiro de Geografia e Estatística, o IBGE, não divulgou - e não tem previsão - de data para divulgação do perfil econômico (nível econômico) da população brasileira; portanto, os dados quanto ao nível econômico obtidos no Censo 2022, não podem ser utilizados, pois não foram publicados.""";"Para a realização da pesquisa, utiliza-se uma equipe de entrevistadores e supervisores credenciados devidamente treinados pela empresa para esse tipo de pesquisa. Após os trabalhos de campo, 100% dos questionários são criticados e passam por uma fiscalização de cerca de 20% (vinte por cento) dos questionários aplicados por cada entrevistador; para verificação da consistência das respostas e da adequação dos entrevistados aos parâmetros amostrais.";"#NULO#"
"28/09/2026";"05:46:54";2026;81;"Eleições Gerais 2026";"MA";"MA";"MARANHÃO";"MA071392026";"2026-09-16 23:48:40";"N";"47425567000173";"IPPI PESQUISAS E CONSULTORIA LTDA";"IPPI - PESQUISAS E CONSULTORIAS";"Governador, Senador, Deputado Federal, Deputado Estadual";"2026-09-15 00:00:00";"2026-09-17 00:00:00";"2026-09-22 00:00:00";300;"10644";"ANTONIO ALBERTO IBIAPINA COSTA FILHO";"5000,00";"Pesquisa quantitativa, do tipo levantamento (survey), realizada por meio de entrevistas pessoais e presenciais, aplicadas nos domicílios, com questionário estruturado, junto a amostra representativa dos eleitores de 16 anos ou mais residentes no município de Presidente Dutra (MA).";"O público-alvo da pesquisa é constituído por eleitores com 16 anos ou mais, residentes no município de Presidente Dutra/MA. A pesquisa utilizará desenho amostral em dois estágios. No primeiro estágio, será realizada a seleção probabilística das localidades de aplicação das entrevistas, por meio do método PPT ¿ Probabilidade Proporcional ao Tamanho ¿ tendo como referência a distribuição da população eleitoral entre as localidades do município. No segundo estágio, os entrevistados serão selecionados dentro das localidades mediante cotas amostrais de sexo, faixa etária, renda domiciliar total e nível de instrução. O perfil previsto da amostra é: Sexo: masculino (47%) e feminino (53%). Faixa etária: 16 a 24 anos (17%); 25 a 34 anos (20%); 35 a 44 anos (20%); 45 a 59 anos (23%); 60 anos ou mais (20%). Renda domiciliar total: até 2 salários-mínimos (59%); mais de 2 a 5 salários-mínimos (31%); mais de 5 salários-mínimos (10%). Nível de instrução: de analfabeto até ensino fundamental completo (46%); ensino médio incompleto ou completo (45%); ensino superior incompleto, completo ou mais (9%). As referências utilizadas para definição do perfil amostral são dados do Tribunal Superior Eleitoral ¿ TSE, Censo Demográfico 2022 ¿ IBGE e PNAD Contínua Anual 2025. Está prevista eventual ponderação dos dados para correção de diferenças entre a distribuição planejada e a distribuição efetivamente obtida na coleta, especialmente em relação às variáveis sexo e idade. Serão realizadas 300 entrevistas. O nível de confiança considerado é de 95%, com margem de erro máxima estimada de aproximadamente 5,7 pontos percentuais, para mais ou para menos, considerando-se a amostra aleatória simples como aproximação para o cálculo do erro amostral.";"As entrevistas serão realizadas por uma equipe de entrevistadores devidamente qualificada, com experiência e treinamento em pesquisa de opinião pública. Após a realização da coleta de dados, as entrevistas junto aos respondentes são checadas por meio de procedimentos de consistência . Ao longo e após os trabalhos de campo, é realizada uma fiscalização que consiste na checagem de áudio de uma amostra de 30% dos questionários aplicados para verificação das respostas e da adequação dos entrevistados aos parâmetros amostrais.";"A área de abrangência da coleta é o município de Presidente Dutra (MA). A relação de áreas de abrangência da pesquisa constará em anexo. A partir do dia em que a pesquisa puder ser divulgada e até o dia seguinte, o registro poderá ser complementado, sob pena de ser a pesquisa considerada não registrada. Na ausência de delimitação do bairro, será identificada a área em que foi realizada, conforme §7º. do art. 2º. da Resolução-TSE nº. 23.600/2019."
"28/09/2026";"05:46:54";2026;81;"Eleições Gerais 2026";"MA";"MA";"MARANHÃO";"MA024712026";"2026-09-15 11:51:01";"S";"32654392000107";"PESQUISA VIVA VOZ LTDA.";"#NULO#";"Governador, Senador";"2026-09-15 00:00:00";"2026-09-20 00:00:00";"2026-09-21 00:00:00";1320;"10818";"Marcus Thadeu Oliveira Campos";"25000,00";"Pesquisa quantitativa, que consiste na realização de entrevistas pessoais, face a face, com a aplicação de questionário estruturado junto a uma amostra representativa do eleitorado em estudo. Pesquisa realizada no estado do Maranhão.";"O universo da pesquisa é composto por eleitores do estado do Maranhão, com idade a partir de 16 anos. Serão realizadas 1.320 entrevistas, o que permite um erro amostral de 2,7% e nível de confiança de 95%. A amostra será representativa dos eleitores das áreas pesquisadas e será selecionada em duas etapas. Na primeira etapa realiza-se um sorteio probabilístico dos municípios onde as entrevistas serão realizadas através do método PPT (Probabilidade Proporcional ao Tamanho), considerando a população com 16 anos ou mais residente nas localidades como base para essa seleção. Na segunda etapa, a seleção do entrevistado dentro da localidade será feita utilizando-se quotas amostrais proporcionais, em função das seguintes variáveis: GÊNERO: Masculino (48%); Feminino (52%). IDADE: 16-24 anos (17%); 25-34 anos (21%); 35-44 anos (21%); 45-59 anos (23%); 60 ou mais (18%). RENDA DOMICILIAR: Até 2 salários-mínimos (53%); mais de 2 a 5 salários-mínimos (36%); acima de 5 salários-mínimos (11%). ESCOLARIDADE/INSTRUÇÃO: Até Fundamental completo (45%); Ensino médio incompleto ou completo (46%); Ensino superior incompleto ou completo (09%)
Fonte dos dados: Estatísticas mensais do TSE (Tribunal Superior Eleitoral) - referência do mês setembro/2026; IBGE-Censo 2022; IBGE-PNADc 2023)";"As entrevistas serão realizadas por uma equipe de entrevistadores e supervisores devidamente qualificada pela Pesquisa Viva Voz, com experiência e treinamento em pesquisas de opinião pública. No decorrer do trabalho de coleta de dados, os questionários aplicados, serão checados em no mínimo 20% (vinte por cento) para verificação quanto ao cuidado na sua aplicação, bem como a adequação do entrevistado às variáveis das quotas amostrais. Depois todos os dados passam por tratamento em software estatístico para análise de consistência.";"A pesquisa será realizada no estado do Maranhão, os dados relativos a municípios e bairros abrangidos pela pesquisa ou a área em que a mesma foi realizada serão apresentados até o dia seguinte à data a partir da qual a pesquisa puder ser divulgada, conforme §7º do art. 2º da Resolução-TSE nº. 23.600/2019"""
"28/09/2026";"05:46:54";2026;81;"Eleições Gerais 2026";"MA";"MA";"MARANHÃO";"MA005232026";"2026-09-22 20:15:52";"N";"64500153000180";"LAIS CRISTINA RODRIGUES DE OLIVEIRA LTDA";"IPSENSUS PESQUISAS";"Governador, Senador";"2026-09-23 00:00:00";"2026-09-27 00:00:00";"2026-09-28 00:00:00";1000;"7655";"AUGUSTO DA SILVA ROCHA";"11000,00";"A pesquisa será do tipo quantitativo, por amostragem aleatória, com aplicação de questionário estruturado e abordagem de moradores eleitores nos municípios do estado do Maranhão, divididos nas regiões dentro do estado. O conjunto da população do Estado do Maranhão com 16 anos ou mais e que são votantes no referido estado foi tomado como universo da pesquisa.";"A amostra será representativa do eleitorado da área pesquisada e será selecionada em três etapas. Na primeira etapa realiza-se um sorteio probabilístico dos municípios onde as entrevistas serão realizadas através do método PPT (Probabilidade Proporcional ao Tamanho), considerando a população eleitora com 16 anos ou mais residente nos municípios como base para essa seleção. Na segunda etapa, faz-se um sorteio probabilístico das localidades, onde as entrevistas serão realizadas, através do método PPT (Probabilidade Proporcional ao Tamanho), tomando a população eleitora de 16 anos ou mais residente nas localidades como base para essa seleção. Na terceira etapa, a seleção do entrevistado dentro da localidade, será feita utilizando-se quotas amostrais proporcionais, em função das variáveis sexo, faixa etária, grau de instrução e Nível socioeconômico (renda mensal familiar). Por fim, os entrevistados são selecionados aleatoriamente para responder ao questionário, de acordo com cotas: GÊNERO: Feminino 51,9% ; Masculino 48,1% ; FAIXA ETÁRIA: 16 a 24 anos 17,08% ; 25 a 34 anos 20,63% ; 35 a 44 anos 20,47% ; 45 a 59 anos 22,97% ; 60 ou mais 18,85% ; GRAU DE INSTRUÇÃO: ANALFABETO 7,3% ; ENSINO FUNDAMENTAL COMPLETO 5,5% ; ENSINO FUNDAMENTAL INCOMPLETO 20,5% ; ENSINO MÉDIO COMPLETO 26,8% ; ENSINO MÉDIO INCOMPLETO 19,6% ; LÊ E ESCREVE 11,1% ; SUPERIOR COMPLETO 6,1% ; SUPERIOR INCOMPLETO 3,1% ; Fonte tse/ago2026 https://sig.tse.jus.br/ords/dwapr/r/seai/sig-eleitor-eleitorado-mensal/cruzamento-eleitorado-mensal?p0_uf=MA&session=211426802570335; Renda familiar (A variável ¿classe de rendimento nominal mensal domiciliar¿ corresponde à classificação dos domicílios segundo a soma dos rendimentos nominais mensais de seus moradores, expressa em faixas de salários mínimos vigentes no período de referência do Censo Demográfico 2010. Trata-se da renda total do domicílio, não dividida pelo número de moradores, não devendo ser confundida com rendimento domiciliar per capita. Para fins de planejamento amostral e ponderação, foram preservadas as categorias e os percentuais originalmente disponibilizados pelo IBGE, sem reagrupamento ou recálculo das faixas.): IBGE - Censo 2.010 - (fonte: https://cidades.ibge.gov.br/brasil/ma/pesquisa/23/24304) . Até 1/2 salário mínimo 13,7% Mais de 1/2 a 1 salário mínimo 21,9% Mais de 1 a 2 salários mínimos 27,2% Mais de 2 a 5 salários mínimos 20,8% Mais de 5 a 10 salários mínimos 5,6% Mais de 10 a 20 salários mínimos 2,0% Mais de 20 salários mínimos 0,8% Sem rendimento 8,0%. Observação: Conforme informações disponibilizadas pelo Instituto Brasileiro de Geografia e Estatística (IBGE), não houve nem há previsão de divulgação do perfil econômico (nível econômico) da população brasileira no âmbito do Censo Demográfico de 2022 (https://censo2022.ibge.gov.br/panorama/), para essa variável será adotado o fator de ponderação igual a 1, correspondente aos resultados obtidos em campo, caso seja verificada diferença superior à margem de erro prevista no estudo entre a projeção da amostra baseada nos dados do IBGE 2010 e os dados efetivamente coletados. Para as variáveis de sexo, idade e grau de instrução, está previsto uma eventual ponderação, nos limites da margem de erro, para correção nos tamanhos das variáveis, caso ocorra uma diferença entre a previsão da amostra e a coleta dos dados realizados sobre a faixa de eleitores acima de 16 anos. Margem de Erro: A margem de erro máxima prevista é de 3,1 pontos percentuais para mais ou para menos, considerando um nível de confiança de 95%.";"Os entrevistadores envolvidos na realização desta pesquisa são treinados pelo Instituto e recebem instruções específicas para cada projeto realizado. Os pesquisadores são supervisionados por um coordenador que estará em campo juntamente com a equipe garantindo a lisura da pesquisa. Internamente, todo o material é verificado e codificado. Antes do processamento final e emissão dos resultados, realiza-se processo de consistência dos dados. Os dados coletados e tratados nesta pesquisa atendem às exigências da LGPD, Lei Geral de Proteção de Dados, garantindo ao respondente o sigilo de sua identidade e o correto tratamento de suas respostas.";"#NULO#"
"28/09/2026";"05:46:54";2026;81;"Eleições Gerais 2026";"MA";"MA";"MARANHÃO";"MA023352026";"2026-09-03 21:33:16";"N";"64500153000180";"LAIS CRISTINA RODRIGUES DE OLIVEIRA LTDA";"IPSENSUS PESQUISAS";"Governador, Senador";"2026-09-03 00:00:00";"2026-09-07 00:00:00";"2026-09-09 00:00:00";350;"7655";"AUGUSTO DA SILVA ROCHA";"4000,00";"A pesquisa cobrirá o município envolvendo todas regiões do município de Mirador/MA Universo da pesquisa será dos eleitores com 16 anos ou mais. A amostra representará os eleitores do Município, selecionados em 2(dois) estágios. No primeiro estágio, os setores censitários, onde as entrevistas serão realizadas, foram selecionadas, probabilisticamente, através do método PPT - Probabilidade Proporcional ao Tamanho, tomando o número de eleitores como base para seleção. No segundo estágio, a seleção do entrevistado, dentro do setor censitário, será feita utilizando-se quotas proporcionais, e a abordagem será domiciliar.";"Utilizamos quotas proporcionais, em função das seguintes variáveis:

Gênero: FEMININO 49,8% ;
MASCULINO 50,2% ;


Faixa etária: 16 a 24 anos 18,51% ;
25 a 34 anos 21,56% ;
35 a 44 anos 18,85% ;
45 a 59 anos 20,95% ;
60 anos ou mais 20,13% ;


Grau de instrução: ANALFABETO 11,19% ;
ENSINO FUNDAMENTAL COMPLETO 4,84% ;
ENSINO FUNDAMENTAL INCOMPLETO 21,20% ;
ENSINO MÉDIO COMPLETO 20,30% ;
ENSINO MÉDIO INCOMPLETO 18,93% ;
LÊ E ESCREVE 17,64% ;
SUPERIOR COMPLETO 4,29% ;
SUPERIOR INCOMPLETO 1,62% ;


Fonte dos dados: TSE-Tribunal Superior Eleitoral/julho2026; Cruzamento Eleitorado Mensal https://sig.tse.jus.br/ords/dwapr/r/seai/sig-eleitor-eleitorado-mensal/perfil-do-eleitorado-mensal?p0_municipio=MIRADOR&p0_uf=MA&session=115584469694707 ;
https://sig.tse.jus.br/ords/dwapr/r/seai/sig-eleitor-eleitorado-mensal/perfil-do-eleitorado-mensal?session=115584469694707 ;

; Ano=2026; Mês = JULHO; UF= MA; MUNICIPIO = MIrador;

Renda familiar: Até 1/2 salário mínimo 27,98% ;
Mais de 1/2 a 1 salário mínimo 17,58% ;
Mais de 1 a 2 salários mínimos 20,16% ;
Mais de 2 a 5 salários mínimos 10,80% ;
Mais de 5 a 10 salários mínimos 2,12% ;
Mais de 10 a 20 salários mínimos 0,53% ;
Mais de 20 salários mínimos 0,10% ;
Sem rendimento 20,73% ;

Fonte dos dados: IBGE-Censo 2010-IBGE-CENSO 2022 (IBGE/Censo 2010 - Classe de rendimento nominal mensal domiciliar) ;
https://cidades.ibge.gov.br/brasil/ma/mirador/pesquisa/23/24304 ;

""Está prevista eventual ponderação da amostra para correção das variáveis sexo, idade, renda familiar e escolaridade com base nos percentuais anteriormente mencionados, caso ocorram diferenças entre os percentuais previstos na amostra e a coleta de dados realizada. O nível de confiança estimado é de 95% e a margem de erro máxima prevista, baseada em uma amostra aleatória simples (AAS), é de cerca de 5,2 pontos percentuais para mais ou para menos em relação aos totais da amostra. Nível Econômico: IBGE (Censo/2010) - Observação: Conforme informações obtidas do Instituto Brasileiro de Geografia e Estatística, o IBGE, não divulgou - e não tem previsão - de data para divulgação do perfil econômico (nível econômico) da população brasileira; portanto, os dados quanto ao nível econômico obtidos no Censo 2022, não podem ser utilizados, pois não foram publicados.""";"Para a realização da pesquisa, utiliza-se uma equipe de entrevistadores e supervisores credenciados devidamente treinados pela empresa para esse tipo de pesquisa. Após os trabalhos de campo, 100% dos questionários são criticados e passam por uma fiscalização de cerca de 20% (vinte por cento) dos questionários aplicados por cada entrevistador; para verificação da consistência das respostas e da adequação dos entrevistados aos parâmetros amostrais.";"#NULO#"
"28/09/2026";"05:46:54";2026;81;"Eleições Gerais 2026";"MA";"MA";"MARANHÃO";"MA091002026";"2026-09-07 21:32:36";"N";"64500153000180";"LAIS CRISTINA RODRIGUES DE OLIVEIRA LTDA";"IPSENSUS PESQUISAS";"Governador, Senador";"2026-09-07 00:00:00";"2026-09-11 00:00:00";"2026-09-13 00:00:00";350;"7655";"AUGUSTO DA SILVA ROCHA";"4000,00";"A pesquisa cobrirá o município envolvendo todas regiões do município de São Bento/MA Universo da pesquisa será dos eleitores com 16 anos ou mais. A amostra representará os eleitores do Município, selecionados em 2(dois) estágios. No primeiro estágio, os setores censitários, onde as entrevistas serão realizadas, foram selecionadas, probabilisticamente, através do método PPT - Probabilidade Proporcional ao Tamanho, tomando o número de eleitores como base para seleção. No segundo estágio, a seleção do entrevistado, dentro do setor censitário, será feita utilizando-se quotas proporcionais, e a abordagem será domiciliar.";"Utilizamos quotas proporcionais, em função das seguintes variáveis:

Gênero: FEMININO 52,53% ;
MASCULINO 47,47% ;


Faixa etária: 16 a 24 anos 15,44% ;
25 a 34 anos 18,37% ;
35 a 44 anos 20,73% ;
45 a 59 anos 23,89% ;
60 anos ou mais 21,57% ;


Grau de instrução: Analfabeto 6,90% ;
Ensino Fundamental Completo 6,26% ;
Ensino Fundamental Incompleto 22,46% ;
Ensino Médio Completo 26,46% ;
Ensino Médio Incompleto 19,71% ;
Lê E Escreve 13,46% ;
Superior Completo 3,15% ;
Superior Incompleto 1,60% ;

Fonte dos dados: TSE-Tribunal Superior Eleitoral/julho2026; Cruzamento Eleitorado Mensal https://sig.tse.jus.br/ords/dwapr/r/seai/sig-eleitor-eleitorado-mensal/cruzamento-eleitorado-mensal?p0_municipio=S%C3%83O%20BENTO&p0_uf=MA&session=303846566501491 ;
Ano=2026; Mês = Agosto; UF= MA; MUNICIPIO = Cururupu;

Renda familiar: Até 1/2 salário mínimo 19,01% ;
Mais de 1/2 a 1 salário mínimo 26,00% ;
Mais de 1 a 2 salários mínimos 27,60% ;
Mais de 2 a 5 salários mínimos 18,29% ;
Mais de 5 a 10 salários mínimos 3,17% ;
Mais de 10 a 20 salários mínimos 0,82% ;
Mais de 20 salários mínimos 0,17% ;
Sem rendimento 4,94% ;



Fonte dos dados: IBGE-Censo 2010-IBGE-CENSO 2022 (IBGE/Censo 2010 - Classe de rendimento nominal mensal domiciliar) ; https://cidades.ibge.gov.br/brasil/ma/sao-bento/pesquisa/23/24304 ;

""Está prevista eventual ponderação da amostra para correção das variáveis sexo, idade, renda familiar e escolaridade com base nos percentuais anteriormente mencionados, caso ocorram diferenças entre os percentuais previstos na amostra e a coleta de dados realizada. O nível de confiança estimado é de 95% e a margem de erro máxima prevista, baseada em uma amostra aleatória simples (AAS), é de cerca de 5,2 pontos percentuais para mais ou para menos em relação aos totais da amostra. Nível Econômico: IBGE (Censo/2010) - Observação: Conforme informações obtidas do Instituto Brasileiro de Geografia e Estatística, o IBGE, não divulgou - e não tem previsão - de data para divulgação do perfil econômico (nível econômico) da população brasileira; portanto, os dados quanto ao nível econômico obtidos no Censo 2022, não podem ser utilizados, pois não foram publicados.""";"Para a realização da pesquisa, utiliza-se uma equipe de entrevistadores e supervisores credenciados devidamente treinados pela empresa para esse tipo de pesquisa. Após os trabalhos de campo, 100% dos questionários são criticados e passam por uma fiscalização de cerca de 20% (vinte por cento) dos questionários aplicados por cada entrevistador; para verificação da consistência das respostas e da adequação dos entrevistados aos parâmetros amostrais.";"#NULO#"
"28/09/2026";"05:46:54";2026;81;"Eleições Gerais 2026";"MA";"MA";"MARANHÃO";"MA031932026";"2026-06-08 22:56:42";"N";"47425567000173";"IPPI PESQUISAS E CONSULTORIA LTDA";"IPPI - PESQUISAS E CONSULTORIAS";"Governador, Senador, Deputado Federal, Deputado Estadual";"2026-06-09 00:00:00";"2026-06-13 00:00:00";"2026-06-14 00:00:00";1500;"10644";"Antonio Alberto Ibiapina Costa Filho";"60000,00";"Pesquisa quantitativa, de survey, que consiste na realização de entrevistas pessoais, domiciliares e presenciais, com a aplicação de questionários estruturados a uma amostra representativa da população votante de 16 anos ou mais residente no estado do Maranhão.
";"O público pesquisado é composto por eleitores de 16 anos ou mais residentes na área de abrangência da pesquisa. Para produzir uma amostra representativa desse público-alvo, utilizamos um desenho amostral por conglomerados que prevê três estágios. No primeiro estágio, é feito um sorteio probabilístico de municípios para comporem a amostra por meio do método PPT (Probabilidade Proporcional ao Tamanho) a partir de suas populações votantes acima de 16 anos. Dentro da lista de municípios sorteados, no segundo estágio, é realizado um sorteio probabilístico por meio do método PPT (Probabilidade Proporcional ao Tamanho) de setores censitários a serem visitados pelos entrevistadores, sorteio que tem como base o total de habitantes residentes nos setores de acordo com dados do Censo de 2022. Por último são selecionados domicílios e pessoas a serem entrevistadas utilizando- se cotas amostrais para as seguintes variáveis: sexo, idade, renda familiar e escolaridade. O perfil da amostra, definido pelas cotas previstas, é o seguinte: Sexo: Masculino (48%); Feminino (52%). Faixa etária: 16-24 anos (17%); 25-34 anos (21%); 35-44 anos (21%);45-59 anos (23%); 60 ou mais (18%). Renda domiciliar total: Até 2 salários-mínimos (54%); Mais de 2 a 5 salários-mínimos (36%); Mais de 5 salários-mínimos (10%). Nível de instrução: De analfabeto até Fundamental completo (45%); Médio incompleto ou completo (46%); Superior incompleto ou completo ou mais (9%). Fonte dos dados:TSE-Tribunal Superior Eleitoral - maio/2026; Censo 2022 (IBGE); PNADc Anual 2024, Está prevista eventual ponderação da amostra, para correção de estimativas e das distribuições das variáveis sexo e idade, com base nos percentuais anteriormente mencionados, caso ocorram diferenças entre os percentuais previstos na amostra e a coleta de dados realizada. Dentro do público-alvo anteriormente descrito, serão realizadas 1500 entrevistas. O nível de confiança das estimativas é de 95% e a margem de erro máxima prevista, e usando o cálculo para amostra aleatória simples (AAS) como aproximação, é de cerca de 2,5 pontos percentuais para mais ou para menos em relação aos totais da amostra.";"As entrevistas serão realizadas por uma equipe de entrevistadores devidamente qualificada, com experiência e treinamento em pesquisa de opinião pública. Após a realização da coleta de dados, as entrevistas junto aos respondentes são checadas por meio de procedimentos de consistência . Ao longo e após os trabalhos de campo, é realizada uma fiscalização que consiste na checagem de áudio de uma amostra de 30% dos questionários aplicados para verificação das respostas e da adequação dos entrevistados aos parâmetros amostrais.";"A área de abrangência da coleta é o território do estado do Maranhão. A relação do número de pessoas pesquisadas nas áreas de aplicação da pesquisa, discriminadas por município, bairros e setores censitários a partir dos identificadores utilizados pelo IBGE, além da composição do eleitorado entrevistado na área de abrangência quanto a gênero, idade, grau de instrução e nível econômico, constará em anexo."
"28/09/2026";"05:46:54";2026;81;"Eleições Gerais 2026";"MA";"MA";"MARANHÃO";"MA053362026";"2026-09-08 22:07:42";"N";"64500153000180";"LAIS CRISTINA RODRIGUES DE OLIVEIRA LTDA";"IPSENSUS PESQUISAS";"Governador, Senador";"2026-09-09 00:00:00";"2026-09-13 00:00:00";"2026-09-14 00:00:00";350;"7655";"AUGUSTO DA SILVA ROCHA";"4000,00";"A pesquisa cobrirá o município envolvendo todas regiões do município de São João dos Patos/MA Universo da pesquisa será dos eleitores com 16 anos ou mais. A amostra representará os eleitores do Município, selecionados em 2(dois) estágios. No primeiro estágio, os setores censitários, onde as entrevistas serão realizadas, foram selecionadas, probabilisticamente, através do método PPT - Probabilidade Proporcional ao Tamanho, tomando o número de eleitores como base para seleção. No segundo estágio, a seleção do entrevistado, dentro do setor censitário, será feita utilizando-se quotas proporcionais, e a abordagem será domiciliar.";"Utilizamos quotas proporcionais, em função das seguintes variáveis:
Gênero: FEMININO 52,94% ;
MASCULINO 47,06% ;


Faixa etária: 16 a 24 anos 15,70% ;
25 a 34 anos 19,25% ;
35 a 44 anos 18,50% ;
45 a 59 anos 23,07% ;
60 anos ou mais 23,48% ;


Grau de instrução: Analfabeto 7,54% ;
Ensino Fundamental Completo 3,97% ;
Ensino Fundamental Incompleto 22,17% ;
Ensino Médio Completo 21,30% ;
Ensino Médio Incompleto 18,87% ;
Lê E Escreve 14,77% ;
Superior Completo 7,64% ;
Superior Incompleto 3,74% ;


Fonte dos dados: TSE-Tribunal Superior Eleitoral/agosto2026; Cruzamento Eleitorado Mensal https://sig.tse.jus.br/ords/dwapr/r/seai/sig-eleitor-eleitorado-mensal/cruzamento-eleitorado-mensal?p0_municipio=S%C3%83O%20JO%C3%83O%20DOS%20PATOS&p0_uf=MA&session=100520326261124 ;
Ano=2026; Mês = agosto; UF= MA; MUNICIPIO = São João dos Patos;

Renda familiar: Até 1/2 salário mínimo 13,26% ;
Mais de 1/2 a 1 salário mínimo 22,23% ;
Mais de 1 a 2 salários mínimos 29,15% ;
Mais de 2 a 5 salários mínimos 23,51% ;
Mais de 5 a 10 salários mínimos 5,70% ;
Mais de 10 a 20 salários mínimos 1,33% ;
Mais de 20 salários mínimos 0,53% ;
Sem rendimento 4,29% ;

Fonte dos dados: IBGE-Censo 2010-IBGE-CENSO 2022 (IBGE/Censo 2010 - Classe de rendimento nominal mensal domiciliar) ; https://cidades.ibge.gov.br/brasil/ma/sao-joao-dos-patos/pesquisa/23/24304 ;


""Está prevista eventual ponderação da amostra para correção das variáveis sexo, idade, renda familiar e escolaridade com base nos percentuais anteriormente mencionados, caso ocorram diferenças entre os percentuais previstos na amostra e a coleta de dados realizada. O nível de confiança estimado é de 95% e a margem de erro máxima prevista, baseada em uma amostra aleatória simples (AAS), é de cerca de 5,2 pontos percentuais para mais ou para menos em relação aos totais da amostra. Nível Econômico: IBGE (Censo/2010) - Observação: Conforme informações obtidas do Instituto Brasileiro de Geografia e Estatística, o IBGE, não divulgou - e não tem previsão - de data para divulgação do perfil econômico (nível econômico) da população brasileira; portanto, os dados quanto ao nível econômico obtidos no Censo 2022, não podem ser utilizados, pois não foram publicados.""";"Para a realização da pesquisa, utiliza-se uma equipe de entrevistadores e supervisores credenciados devidamente treinados pela empresa para esse tipo de pesquisa. Após os trabalhos de campo, 100% dos questionários são criticados e passam por uma fiscalização de cerca de 20% (vinte por cento) dos questionários aplicados por cada entrevistador; para verificação da consistência das respostas e da adequação dos entrevistados aos parâmetros amostrais.";"#NULO#"
"28/09/2026";"05:46:54";2026;81;"Eleições Gerais 2026";"MA";"MA";"MARANHÃO";"MA021632026";"2026-09-06 20:34:03";"N";"64500153000180";"LAIS CRISTINA RODRIGUES DE OLIVEIRA LTDA";"IPSENSUS PESQUISAS";"Governador, Senador";"2026-09-05 00:00:00";"2026-09-10 00:00:00";"2026-09-12 00:00:00";1000;"7655";"AUGUSTO DA SILVA ROCHA";"15000,00";"A pesquisa será do tipo quantitativo, por amostragem aleatória, com aplicação de questionário estruturado e abordagem de moradores eleitores nos municípios do estado do Maranhão, divididos nas regiões dentro do estado. O conjunto da população do Estado do Maranhão com 16 anos ou mais e que são votantes no referido estado foi tomado como universo da pesquisa.";"A amostra será representativa do eleitorado da área pesquisada e será selecionada em três etapas. Na primeira etapa realiza-se um sorteio probabilístico dos municípios onde as entrevistas serão realizadas através do método PPT (Probabilidade Proporcional ao Tamanho), considerando a população eleitora com 16 anos ou mais residente nos municípios como base para essa seleção. Na segunda etapa, faz-se um sorteio probabilístico das localidades, onde as entrevistas serão realizadas, através do método PPT (Probabilidade Proporcional ao Tamanho), tomando a população eleitora de 16 anos ou mais residente nas localidades como base para essa seleção. Na terceira etapa, a seleção do entrevistado dentro da localidade, será feita utilizando-se quotas amostrais proporcionais, em função das variáveis sexo, faixa etária, grau de instrução e Nível socioeconômico (renda mensal familiar). Por fim, os entrevistados são selecionados aleatoriamente para responder ao questionário, de acordo com cotas:
GÊNERO: TSE agosto de 2026 (fonte: https://sig.tse.jus.br/ords/dwapr/r/seai/sig-eleitor-eleitorado-mensal/cruzamento-eleitorado-mensal?p24_metricas=E&p24_back=22&p24_cruzamento_1=ds_sexo&clear=24&session=14859190078469) ; Feminino 51,9% ; Masculino 48,1% ; FAIXA ETÁRIA: TSE - agosto de 2026 (fonte: https://sig.tse.jus.br/ords/dwapr/r/seai/sig-eleitor-eleitorado-mensal/cruzamento-eleitorado-mensal?p24_cruzamento_1=ds_faixa_etaria&p24_metricas=E&p24_back=22&clear=24&session=14859190078469) 16 a 24 anos 17,08% ; 25 a 34 anos 20,63% ; 35 a 44 anos 20,47% ; 45 a 59 anos 22,97% ; 60 ou mais 18,85% ; GRAU DE INSTRUÇÃO: TSE - agosto de 2026 (fonte: https://sig.tse.jus.br/ords/dwapr/r/seai/sig-eleitor-eleitorado-mensal/cruzamento-eleitorado-mensal?p24_cruzamento_1=ds_grau_instrucao&p24_metricas=E&p24_back=22&clear=24&session=14859190078469): ANALFABETO 7,3% ; ENSINO FUNDAMENTAL COMPLETO 5,5% ; ENSINO FUNDAMENTAL INCOMPLETO 20,5% ; ENSINO MÉDIO COMPLETO 26,8% ; ENSINO MÉDIO INCOMPLETO 19,6% ; LÊ E ESCREVE 11,1% ; SUPERIOR COMPLETO 6,1% ; SUPERIOR INCOMPLETO 3,1% ; RENDA DOMICILIAR MENSAL: IBGE - Censo 2.010 - (fonte: https://cidades.ibge.gov.br/brasil/ma/pesquisa/23/24304) . Até 1/2 salário mínimo 13,7% Mais de 1/2 a 1 salário mínimo 21,9% Mais de 1 a 2 salários mínimos 27,2% Mais de 2 a 5 salários mínimos 20,8% Mais de 5 a 10 salários mínimos 5,6% Mais de 10 a 20 salários mínimos 2,0% Mais de 20 salários mínimos 0,8% Sem rendimento 8,0%.

Observação: Conforme informações disponibilizadas pelo Instituto Brasileiro de Geografia e Estatística (IBGE), não houve nem há previsão de divulgação do perfil econômico (nível econômico) da população brasileira no âmbito do Censo Demográfico de 2022 (https://censo2022.ibge.gov.br/panorama/), para essa variável será adotado o fator de ponderação igual a 1, correspondente aos resultados obtidos em campo, caso seja verificada diferença superior à margem de erro prevista no estudo entre a projeção da amostra baseada nos dados do IBGE 2010 e os dados efetivamente coletados. Para as variáveis de sexo, idade e grau de instrução, está previsto uma eventual ponderação, nos limites da margem de erro, para correção nos tamanhos das variáveis, caso ocorra uma diferença entre a previsão da amostra e a coleta dos dados realizados sobre a faixa de eleitores acima de 16 anos. Margem de Erro: A margem de erro máxima prevista é de 3,1 pontos percentuais para mais ou para menos, considerando um nível de confiança de 95%.";"Os entrevistadores envolvidos na realização desta pesquisa são treinados pelo Instituto e recebem instruções específicas para cada projeto realizado. Os pesquisadores são supervisionados por um coordenador que estará em campo juntamente com a equipe garantindo a lisura da pesquisa. Internamente, todo o material é verificado e codificado. Antes do processamento final e emissão dos resultados, realiza-se processo de consistência dos dados. Os dados coletados e tratados nesta pesquisa atendem às exigências da LGPD, Lei Geral de Proteção de Dados, garantindo ao respondente o sigilo de sua identidade e o correto tratamento de suas respostas.";"#NULO#"
"28/09/2026";"05:46:54";2026;81;"Eleições Gerais 2026";"MA";"MA";"MARANHÃO";"MA064922026";"2026-09-10 21:41:40";"N";"47425567000173";"IPPI PESQUISAS E CONSULTORIA LTDA";"IPPI - PESQUISAS E CONSULTORIAS";"Governador, Senador";"2026-09-11 00:00:00";"2026-09-15 00:00:00";"2026-09-16 00:00:00";1000;"10644";"ANTONIO ALBERTO IBIAPINA COSTA FILHO";"20000,00";"Pesquisa quantitativa, do tipo levantamento (survey), realizada por meio de entrevistas pessoais e presenciais, aplicadas nos domicílios, com questionário estruturado, junto a amostra representativa dos eleitores de 16 anos ou mais residentes no município de São Luís (MA).";"O público pesquisado é composto por eleitores de 16 anos ou mais residentes na área de abrangência da pesquisa. Para produzir uma amostra representativa desse público-alvo, utilizamos um desenho amostral em 2 estágios. No primeiro estágio, é feito um sorteio probabilístico de localidades onde as entrevistas serão realizadas por meio do método PPT (Probabilidade Proporcional ao Tamanho) considerando a população votante nas localidades como base para essa seleção. No segundo estágio, a seleção do entrevistado dentro da localidade será feita através de cotas amostrais para as seguintes variáveis: sexo, idade, renda familiar e escolaridade. O perfil da amostra, definido pelas cotas previstas, é o seguinte: Sexo: Masculino (45%); Feminino (55%).
Faixa etária: 16-24 anos (12%); 25-34 anos (20%); 35-44 anos (22%);45-59 anos (26%); 60 ou mais (20%). Renda domiciliar total: Até 2 salários-mínimos (42%); Mais de 2 a 5 salários-mínimos (36%); Mais de 5 salários-mínimos (22%). Nível de instrução: De analfabeto até Fundamental completo (21%); Médio incompleto ou completo (59%); Superior incompleto ou completo ou mais (20%). Fonte dos dados:TSE-Tribunal Superior Eleitoral - agosto/2026; Censo 2022 (IBGE); PNADc Anual 2025, Está prevista eventual ponderação da amostra, para correção de estimativas e das distribuições das variáveis sexo e idade, com base nos percentuais anteriormente mencionados, caso ocorram diferenças entre os percentuais previstos na amostra e a coleta de dados realizada.
Dentro do público-alvo anteriormente descrito, serão realizadas 1000 entrevistas. O nível de confiança das estimativas é de 95% e a margem de erro máxima prevista, e usando o cálculo para amostra aleatória simples (AAS) como aproximação, é de cerca de 3,1 pontos percentuais para mais ou para menos em relação aos totais da amostra.";"As entrevistas serão realizadas por uma equipe de entrevistadores devidamente qualificada, com experiência e treinamento em pesquisa de opinião pública. Após a realização da coleta de dados, as entrevistas junto aos respondentes são checadas por meio de procedimentos de consistência . Ao longo e após os trabalhos de campo, é realizada uma fiscalização que consiste na checagem de áudio de uma amostra de 30% dos questionários aplicados para verificação das respostas e da adequação dos entrevistados aos parâmetros amostrais.";"A área de abrangência da coleta é o município de São Luís (MA). A relação de áreas de abrangência da pesquisa constará em anexo. A partir do dia em que a pesquisa puder ser divulgada e até o dia seguinte, o registro poderá ser complementado, sob pena de ser a pesquisa considerada não registrada. Na ausência de delimitação do bairro, será identificada a área em que foi realizada, conforme §7º. do art. 2º. da Resolução-TSE nº. 23.600/2019."
"28/09/2026";"05:46:54";2026;81;"Eleições Gerais 2026";"MA";"MA";"MARANHÃO";"MA097502026";"2026-09-02 22:52:44";"N";"64500153000180";"LAIS CRISTINA RODRIGUES DE OLIVEIRA LTDA";"IPSENSUS PESQUISAS";"Governador, Senador";"2026-09-02 00:00:00";"2026-09-06 00:00:00";"2026-09-08 00:00:00";350;"7655";"AUGUSTO DA SILVA ROCHA";"4000,00";"A pesquisa cobrirá o município envolvendo todas regiões do município de Igarapé Grande/MA Universo da pesquisa será dos eleitores com 16 anos ou mais. A amostra representará os eleitores do Município, selecionados em 2(dois) estágios. No primeiro estágio, os setores censitários, onde as entrevistas serão realizadas, foram selecionadas, probabilisticamente, através do método PPT - Probabilidade Proporcional ao Tamanho, tomando o número de eleitores como base para seleção. No segundo estágio, a seleção do entrevistado, dentro do setor censitário, será feita utilizando-se quotas proporcionais, e a abordagem será domiciliar.";"Utilizamos quotas proporcionais, em função das seguintes variáveis:
Gênero: FEMININO 51,7% ;
MASCULINO 48,3% ;


Faixa etária: 16 a 24 anos 16,50% ;
25 a 34 anos 18,17% ;
35 a 44 anos 19,41% ;
45 a 59 anos 23,52% ;
60 anos ou mais 22,40% ;


Grau de instrução: ANALFABETO 10,44% ;
ENSINO FUNDAMENTAL COMPLETO 5,45% ;
ENSINO FUNDAMENTAL INCOMPLETO 24,09% ;
ENSINO MÉDIO COMPLETO 22,03% ;
ENSINO MÉDIO INCOMPLETO 18,02% ;
LÊ E ESCREVE 12,33% ;
SUPERIOR COMPLETO 5,26% ;
SUPERIOR INCOMPLETO 2,37% ;

Fonte dos dados: TSE-Tribunal Superior Eleitoral/julho2026; Cruzamento Eleitorado Mensal ; https://sig.tse.jus.br/ords/dwapr/r/seai/sig-eleitor-eleitorado-mensal/cruzamento-eleitorado-mensal?p0_municipio=IGARAP%C3%89%20GRANDE&p0_uf=MA&session=202598345958653 ;
https://sig.tse.jus.br/ords/dwapr/r/seai/sig-eleitor-eleitorado-mensal/cruzamento-eleitorado-mensal?p24_metricas=E&p24_back=22&p24_cruzamento_1=ds_sexo&clear=24&session=202598345958653 ;


Ano=2026; Mês = JULHO; UF= MA; MUNICIPIO = Igarapé Grande;

Renda familiar: Até 1/2 salário mínimo 13,27% ;
Mais de 1/2 a 1 salário mínimo 23,85% ;
Mais de 1 a 2 salários mínimos 32,64% ;
Mais de 2 a 5 salários mínimos 19,12% ;
Mais de 5 a 10 salários mínimos 3,19% ;
Mais de 10 a 20 salários mínimos 0,91% ;
Mais de 20 salários mínimos 0,39% ;
Sem rendimento 6,62% ;


Fonte dos dados: IBGE-Censo 2010-IBGE-CENSO 2022 (IBGE/Censo 2010 - Classe de rendimento nominal mensal domiciliar) ;
https://cidades.ibge.gov.br/brasil/ma/igarape-grande/pesquisa/23/24304 ;


""Está prevista eventual ponderação da amostra para correção das variáveis sexo, idade, renda familiar e escolaridade com base nos percentuais anteriormente mencionados, caso ocorram diferenças entre os percentuais previstos na amostra e a coleta de dados realizada. O nível de confiança estimado é de 95% e a margem de erro máxima prevista, baseada em uma amostra aleatória simples (AAS), é de cerca de 5,2 pontos percentuais para mais ou para menos em relação aos totais da amostra. Nível Econômico: IBGE (Censo/2010) - Observação: Conforme informações obtidas do Instituto Brasileiro de Geografia e Estatística, o IBGE, não divulgou - e não tem previsão - de data para divulgação do perfil econômico (nível econômico) da população brasileira; portanto, os dados quanto ao nível econômico obtidos no Censo 2022, não podem ser utilizados, pois não foram publicados.""";"Para a realização da pesquisa, utiliza-se uma equipe de entrevistadores e supervisores credenciados devidamente treinados pela empresa para esse tipo de pesquisa. Após os trabalhos de campo, 100% dos questionários são criticados e passam por uma fiscalização de cerca de 20% (vinte por cento) dos questionários aplicados por cada entrevistador; para verificação da consistência das respostas e da adequação dos entrevistados aos parâmetros amostrais.";"#NULO#"
"28/09/2026";"05:46:54";2026;81;"Eleições Gerais 2026";"MA";"MA";"MARANHÃO";"MA044992026";"2026-05-08 15:33:10";"N";"47425567000173";"IPPI PESQUISAS E CONSULTORIA LTDA";"IPPI - PESQUISAS E CONSULTORIAS";"Senador";"2026-05-07 00:00:00";"2026-05-11 00:00:00";"2026-05-14 00:00:00";1500;"10644";"Antonio Alberto Ibiapina Costa Filho";"28000,00";"Pesquisa quantitativa, de survey, que consiste na realização de entrevistas pessoais, domiciliares e presenciais, com a aplicação de questionários estruturados a uma amostra representativa da população votante de 16 anos ou mais residente no estado do Maranhão.";"O público pesquisado é composto por eleitores de 16 anos ou mais residentes na área de abrangência da pesquisa. Para produzir uma amostra representativa desse público-alvo, utilizamos um desenho amostral por conglomerados que prevê três estágios. No primeiro estágio, é feito um sorteio probabilístico de municípios para comporem a amostra por meio do método PPT (Probabilidade Proporcional ao Tamanho) a partir de suas populações votantes acima de 16 anos. Dentro da lista de municípios sorteados, no segundo estágio, é realizado um sorteio probabilístico por meio do método PPT (Probabilidade Proporcional ao Tamanho) de setores censitários a serem visitados pelos entrevistadores, sorteio que tem como base o total de habitantes residentes nos setores de acordo com dados do Censo de 2022. Por último são selecionados domicílios e pessoas a serem entrevistadas utilizando- se cotas amostrais para as seguintes variáveis: sexo, idade, renda familiar e escolaridade. O perfil da amostra, definido pelas cotas previstas, é o seguinte: Sexo: Masculino (48%); Feminino (52%). Faixa etária: 16-24 anos (17%); 25-34 anos (21%); 35-44 anos (21%);45-59 anos (23%); 60 ou mais (18%). Renda domiciliar total: Até 2 salários-mínimos (54%); Mais de 2 a 5 salários-mínimos (36%); Mais de 5 salários-mínimos (10%). Nível de instrução: De analfabeto até Fundamental completo (45%); Médio incompleto ou completo (46%); Superior incompleto ou completo ou mais (9%). Fonte dos dados:TSE-Tribunal Superior Eleitoral - maio/2026; Censo 2022 (IBGE); PNADc Anual 2024, Está prevista eventual ponderação da amostra, para correção de estimativas e das distribuições das variáveis sexo e idade, com base nos percentuais anteriormente mencionados, caso ocorram diferenças entre os percentuais previstos na amostra e a coleta de dados realizada. Dentro do público-alvo anteriormente descrito, serão realizadas 1500 entrevistas. O nível de confiança das estimativas é de 95% e a margem de erro máxima prevista, e usando o cálculo para amostra aleatória simples (AAS) como aproximação, é de cerca de 2,5 pontos percentuais para mais ou para menos em relação aos totais da amostra.";"As entrevistas serão realizadas por uma equipe de entrevistadores devidamente qualificada, com experiência e treinamento em pesquisa de opinião pública. Após a realização da coleta de dados, as entrevistas junto aos respondentes são checadas por meio de procedimentos de consistência . Ao longo e após os trabalhos de campo, é realizada uma fiscalização que consiste na checagem de áudio de uma amostra de 30% dos questionários aplicados para verificação das respostas e da adequação dos entrevistados aos parâmetros amostrais.";"A área de abrangência da coleta é o território do estado do Maranhão. A relação do número de pessoas pesquisadas nas áreas de aplicação da pesquisa, discriminadas por município, bairros e setores censitários a partir dos identificadores utilizados pelo IBGE, além da composição do eleitorado entrevistado na área de abrangência quanto a gênero, idade, grau de instrução e nível econômico, constará em anexo."
"28/09/2026";"05:46:54";2026;81;"Eleições Gerais 2026";"MA";"MA";"MARANHÃO";"MA085912026";"2026-01-14 21:49:28";"N";"44470818000143";"ECONOMETRICA PESQUISA LTDA";"ECONOMETRICA PESQUISA";"Governador, Senador";"2026-01-08 00:00:00";"2026-01-11 00:00:00";"2026-01-20 00:00:00";1362;"8223-A";"DANILIO SILVA SANTOS";"40000,00";"Pesquisa quantitativa, que consiste na realização de entrevistas pessoais face a face, com a aplicação de questionário estruturado com questões abertas e fechadas, conduzida por pessoas previamente treinadas e oficialmente identificadas. A distribuição da amostra será feita a partir da representação do eleitorado das 6 regiões do Estado do Maranhão.";"Amostra representativa do eleitorado do Maranhão elaborada em três estágios. No primeiro estágio faz-se um sorteio probabilístico dos municípios de cada Mesorregião, onde o sorteio dos municípios será realizado pelo método PPT (Probabilidade Proporcional ao Tamanho), tomando o eleitorado como base para tal seleção. No segundo estágio faz-se um sorteio probabilístico dos bairros que serão pesquisados, tomando eleitorado como base para tal seleção. No terceiro e último estágio, dentro dos setores sorteados, os respondentes são selecionados através de quotas amostrais proporcionais em função de variáveis significativas, a saber: SEXO: Masculino: 48%; Feminino: 52%; IDADE: De 16 a 24 anos: 17%; De 25 a 34 anos: 21%; De 35 a 44 anos: 21%; De 45 a 59 anos: 23%, De 60 a mais: 18%; ESCOLARIDADE: Sem instrução ou Lê e escreve: 19%, Ensino Fundamental: 27%, Ensino Médio: 45%, Ensino Superior Incompleto e Completo: 9%. RENDA: Até 1 Salário-mínimo: 20%, De 1 a 2 Salários-mínimos: 43%, De 2 a 5 Salários-mínimos: 29% e Mais de 5 Salários-mínimos: 8%. Está prevista eventual ponderação para correção das variáveis sexo, idade e escolaridade e renda com base nos percentuais anteriormente mencionados, caso ocorram diferenças superiores a 3 pontos percentuais entre o previsto na amostra e a coleta de dados realizada. Para a variáveis RELIGIÃO do entrevistado, o fator previsto para ponderação é 1 (resultados obtidos em campo). O número de entrevistas é de 1362. O nível de confiança estimado é de 95% e a margem de erro máxima estimada considerando um modelo de amostragem aleatório simples, é de 2,7 pontos percentuais para mais ou para menos sobre os resultados encontrados no total da amostra.
FONTE DOS DADOS: Censo 2022 | TSE 2025.";"Para a realização da pesquisa, utiliza-se uma equipe de entrevistadores e supervisores contratados pelo ECONOMÉTRICA PESQUISA LTDA. devidamente treinados para o trabalho. Após os trabalhos de campo, os questionários são submetidos a uma fiscalização de 20% (vinte por cento) dos questionários aplicados pelos entrevistadores; para verificação das respostas e da adequação dos entrevistadores aos parâmetros amostrais.";"Bacabal 43, Barra do Corda 38, Grajaú 33, São Mateus do Maranhão 18, Pedreiras 17, Dom Pedro 11, Poção de Pedras 10, Gonçalves Dias 10, Formosa da Serra Negra 11, São Luís 192, São José de Ribamar 33, Paço do Lumiar 22, Timon 60, Caxias 55, Codó 40, Chapadinha 30, Coroatá 24, Colinas 13, Brejo 13, Santa Quitéria do Maranhão 10, Alto Alegre do Maranhão 11, Mirador 11, Anapurus 10, Pinheiro 38, Barreirinhas 31, Itapecuru Mirim 29, Tutóia 26, Vargem Grande 22, São Bento 18, Cururupu 16, Santa Helena 15, Humberto de Campos 15, São João Batista 12, Bequimão 11, Palmeirândia 12, Cajari 11, Cantanhede 11, Mirinzal 10, Igarapé do Meio 10, Imperatriz 105, Açailândia 43, Santa Inês 32, Santa Luzia 22, Buriticupu 22, Zé Doca 18, Bom Jardim 13, João Lisboa 15, Governador Nunes Freire 10, Santa Luzia do Paruá 10, Balsas 45, Porto Franco 14, Fortaleza dos Nogueiras 11. Total de Entrevistas 1362"
"28/09/2026";"05:46:54";2026;81;"Eleições Gerais 2026";"MA";"MA";"MARANHÃO";"MA096772026";"2026-07-23 21:55:03";"N";"64500153000180";"LAIS CRISTINA RODRIGUES DE OLIVEIRA LTDA";"IPSENSUS PESQUISAS";"Governador, Senador, Deputado Federal, Deputado Estadual";"2026-07-21 00:00:00";"2026-07-25 00:00:00";"2026-07-29 00:00:00";1800;"7655";"AUGUSTO DA SILVA ROCHA";"15000,00";"A pesquisa será do tipo quantitativo, por amostragem aleatória, com aplicação de questionário estruturado e abordagem de moradores eleitores nos municípios do estado do Maranhão, divididos nas regiões dentro do estado. O conjunto da população do Estado do Maranhão com 16 anos ou mais e que são votantes no referido estado foi tomado como universo da pesquisa.";"A amostra será representativa do eleitorado da área pesquisada e será selecionada em três etapas. Na primeira etapa realiza-se um sorteio probabilístico dos municípios onde as entrevistas serão realizadas através do método PPT (Probabilidade Proporcional ao Tamanho), considerando a população eleitora com 16 anos ou mais residente nos municípios como base para essa seleção. Na segunda etapa, faz-se um sorteio probabilístico das localidades, onde as entrevistas serão realizadas, através do método PPT (Probabilidade Proporcional ao Tamanho), tomando a população eleitora de 16 anos ou mais residente nas localidades como base para essa seleção. Na terceira etapa, a seleção do entrevistado dentro da localidade, será feita utilizando-se quotas amostrais proporcionais, em função das variáveis sexo, faixa etária, grau de instrução e Nível socioeconômico (renda mensal familiar). Por fim, os entrevistados são selecionados aleatoriamente para responder ao questionário, de acordo com cotas: 

SEXO:  FEMININO	51,92%	;
MASCULINO	48,08%	;


Faixa Etária: 
16 a 24 anos	17,65%	;
25 a 34 anos	20,61%	;
35 a 44 anos	20,46%	;
45 a 59 anos	22,77%	;
60 anos ou mais	18,51%	;

 Grau de instrução: 
ANALFABETO	7,25%	;
LÊ E ESCREVE	11,05%	;
ENSINO FUNDAMENTAL COMPLETO	5,50%	;
ENSINO FUNDAMENTAL INCOMPLETO	20,50%	;
ENSINO MÉDIO COMPLETO	26,84%	;
ENSINO MÉDIO INCOMPLETO	19,59%	;
SUPERIOR COMPLETO	6,06%	;
SUPERIOR INCOMPLETO	3,21%	;

Nível econômico (renda mensal familiar):   Até 1/2 salário mínimo	13,71%	;
Mais de 1/2 a 1 salário mínimo	21,95%	;
Mais de 1 a 2 salários mínimos	27,15%	;
Mais de 2 a 5 salários mínimos	20,82%	;
Mais de 5 a 10 salários mínimos	5,56%	;
Mais de 10 a 20 salários mínimos	1,99%	;
Mais de 20 salários mínimos	0,85%	;
Sem rendimento	7,97%	;

Fonte pública dos dados IBGE IBGE | Cidades@ | Maranhão | Pesquisa | Censo 2010 | Universo - Características da população e dos domicílios; https://cidades.ibge.gov.br/brasil/ma/pesquisa/23/24304?detalhes=true; (TSE/JUNHO2026):  
https://sig.tse.jus.br/ords/dwapr/r/seai/sig-eleitor-eleitorado-mensal/cruzamento-eleitorado-mensal?p24_metricas=E&p24_back=22&p24_cruzamento_1=ds_sexo&clear=24&session=108492167907142;  

https://sig.tse.jus.br/ords/dwapr/r/seai/sig-eleitor-eleitorado-mensal/cruzamento-eleitorado-mensal?p24_cruzamento_1=ds_faixa_etaria&p24_metricas=E&p24_back=22&clear=24&session=108492167907142;  
https://sig.tse.jus.br/ords/dwapr/r/seai/sig-eleitor-eleitorado-mensal/cruzamento-eleitorado-mensal?p24_cruzamento_1=ds_grau_instrucao&p24_metricas=E&p24_back=22&clear=24&session=108492167907142;  

; Ano=2026; Mês = JUNHO; UF= MA; Observação: Conforme informações disponibilizadas pelo Instituto Brasileiro de Geografia e Estatística (IBGE), não houve nem há previsão de divulgação do perfil econômico (nível econômico) da população brasileira no âmbito do Censo Demográfico de 2022 (https://censo2022.ibge.gov.br/panorama/), para essa variável será adotado o fator de ponderação igual a 1, correspondente aos resultados obtidos em campo, caso seja verificada diferença superior à margem de erro prevista no estudo entre a projeção da amostra baseada nos dados do IBGE 2010 e os dados efetivamente coletados. Para as variáveis de sexo, idade e grau de instrução, está previsto uma eventual ponderação, nos limites da margem de erro, para correção nos tamanhos das variáveis, caso ocorra uma diferença entre a previsão da amostra e a coleta dos dados realizados sobre a faixa de eleitores acima de 16 anos. Margem de Erro: A margem de erro máxima prevista é de 2,3 pontos percentuais para mais ou para menos, considerando um nível de confiança de 95%.";"Os entrevistadores envolvidos na realização desta pesquisa são treinados pelo Instituto e recebem instruções específicas para cada projeto realizado.  Os pesquisadores são supervisionados por um coordenador que estará em campo juntamente com a equipe garantindo a lisura da pesquisa. Internamente, todo o material é verificado e codificado. Antes do processamento final e emissão dos resultados, realiza-se processo de consistência dos dados. Os dados coletados e tratados nesta pesquisa atendem às exigências da LGPD, Lei Geral de Proteção de Dados, garantindo ao respondente o sigilo de sua identidade e o correto tratamento de suas respostas.";"#NULO#"
"28/09/2026";"05:46:54";2026;81;"Eleições Gerais 2026";"MA";"MA";"MARANHÃO";"MA033442026";"2026-08-31 22:42:41";"N";"64500153000180";"LAIS CRISTINA RODRIGUES DE OLIVEIRA LTDA";"IPSENSUS PESQUISAS";"Governador, Senador";"2026-09-01 00:00:00";"2026-09-05 00:00:00";"2026-09-06 00:00:00";350;"7655";"AUGUSTO DA SILVA ROCHA";"4000,00";"A pesquisa cobrirá o município envolvendo todas regiões do município de São Domingos do Maranhão/MA Universo da pesquisa será dos eleitores com 16 anos ou mais. A amostra representará os eleitores do Município, selecionados em 2(dois) estágios. No primeiro estágio, os setores censitários, onde as entrevistas serão realizadas, foram selecionadas, probabilisticamente, através do método PPT - Probabilidade Proporcional ao Tamanho, tomando o número de eleitores como base para seleção. No segundo estágio, a seleção do entrevistado, dentro do setor censitário, será feita utilizando-se quotas proporcionais, e a abordagem será domiciliar.";"Utilizamos quotas proporcionais, em função das seguintes variáveis:

Gênero: ; FEMININO 51,12%;
MASCULINO 48,88%;

Faixa etária: 16 a 24 anos 18,24% ;
25 a 34 anos 20,17% ;
35 a 44 anos 19,03% ;
45 a 59 anos 23,23% ;
60 anos ou mais 19,33% ;

Grau de instrução: ANALFABETO 8,03% ;
ENSINO FUNDAMENTAL COMPLETO 3,84% ;
ENSINO FUNDAMENTAL INCOMPLETO 21,55% ;
ENSINO MÉDIO COMPLETO 21,28% ;
ENSINO MÉDIO INCOMPLETO 19,48% ;
LÊ E ESCREVE 19,68% ;
SUPERIOR COMPLETO 4,58% ;
SUPERIOR INCOMPLETO 1,56% ;
;

Fonte dos dados: TSE-Tribunal Superior Eleitoral/julho2026; Cruzamento Eleitorado Mensal

https://sig.tse.jus.br/ords/dwapr/r/seai/sig-eleitor-eleitorado-mensal/cruzamento-eleitorado-mensal?p24_metricas=E&p24_back=22&p24_cruzamento_1=ds_sexo&clear=24&session=10939350749154 ;
https://sig.tse.jus.br/ords/dwapr/r/seai/sig-eleitor-eleitorado-mensal/cruzamento-eleitorado-mensal?p24_cruzamento_1=ds_faixa_etaria&p24_metricas=E&p24_back=22&clear=24&session=10939350749154 ;
https://sig.tse.jus.br/ords/dwapr/r/seai/sig-eleitor-eleitorado-mensal/cruzamento-eleitorado-mensal?p24_cruzamento_1=ds_grau_instrucao&p24_metricas=E&p24_back=22&clear=24&session=10939350749154 ;
; Ano=2026; Mês = JULHO; UF= MA; MUNICIPIO = São Domingos do Maranhão; Renda familiar: Até 1/2 salário mínimo 20,96% ;
Mais de 1/2 a 1 salário mínimo 26,12% ;
Mais de 1 a 2 salários mínimos 25,71% ;
Mais de 2 a 5 salários mínimos 14,98% ;
Mais de 5 a 10 salários mínimos 2,80% ;
Mais de 10 a 20 salários mínimos 0,81% ;
Mais de 20 salários mínimos 0,24% ;
Sem rendimento 8,38% ;
; Fonte dos dados: IBGE-Censo 2010-IBGE-CENSO 2022 (IBGE/Censo 2010 - Classe de rendimento nominal mensal domiciliar) ; https://cidades.ibge.gov.br/brasil/ma/sao-domingos-do-maranhao/pesquisa/23/24304 ;
""Está prevista eventual ponderação da amostra para correção das variáveis sexo, idade, renda familiar e escolaridade com base nos percentuais anteriormente mencionados, caso ocorram diferenças entre os percentuais previstos na amostra e a coleta de dados realizada. O nível de confiança estimado é de 95% e a margem de erro máxima prevista, baseada em uma amostra aleatória simples (AAS), é de cerca de 5,2 pontos percentuais para mais ou para menos em relação aos totais da amostra. Nível Econômico: IBGE (Censo/2010) - Observação: Conforme informações obtidas do Instituto Brasileiro de Geografia e Estatística, o IBGE, não divulgou - e não tem previsão - de data para divulgação do perfil econômico (nível econômico) da população brasileira; portanto, os dados quanto ao nível econômico obtidos no Censo 2022, não podem ser utilizados, pois não foram publicados.""


























";"Para a realização da pesquisa, utiliza-se uma equipe de entrevistadores e supervisores credenciados devidamente treinados pela empresa para esse tipo de pesquisa. Após os trabalhos de campo, 100% dos questionários são criticados e passam por uma fiscalização de cerca de 20% (vinte por cento) dos questionários aplicados por cada entrevistador; para verificação da consistência das respostas e da adequação dos entrevistados aos parâmetros amostrais.";"#NULO#"
"28/09/2026";"05:46:54";2026;81;"Eleições Gerais 2026";"MA";"MA";"MARANHÃO";"MA039162026";"2026-03-17 23:27:03";"S";"00654576000172";"INSTITUTO VERITA LTDA";"VERITA";"Governador, Senador, Deputado Federal, Deputado Estadual";"2026-03-18 00:00:00";"2026-03-24 00:00:00";"2026-03-23 00:00:00";1525;"10699";"GUILHERME ALVARENGA LAIA";"117425,00";"Pesquisa quantitativa, que consiste na realização de entrevistas, com a aplicação de questionário estruturado junto a uma amostra representativa do eleitorado desta Unidade da Federação.";"ESTUDO REPRESENTATIVO DO ELEITORADO DO ESTADO DO MARANHÃO - MÉTODO PPT (Probabilidade Proporcional ao Tamanho) - PLANO AMOSTRAL E PONDERAÇÃO QUANTO A SEXO, IDADE, GRAU DE INSTRUÇÃO E NÍVEL ECONÔMICO DO ENTREVISTADO; INTERVALO DE CONFIANÇA E MARGEM DE ERRO: Representativo do eleitorado da área em estudo, elaborada, em vários estágios, da seguinte forma: - 1. Divisão da UF em estratos proporcionais de municípios. 2. Ordenação dos municípios de cada estrato segundo o porte. 3. Sorteio dos municípios de cada estrato. 4. Os respondentes são selecionados através de quotas amostrais proporcionais em função de variáveis significativas, a saber: GÊNERO / FAIXA ETÁRIA - FEMININO E MASCULINO 16 A 34 ANOS 19,3% E 18,3%, 35 A 54 ANOS 19,4% E 17,9%, 55 ANOS OU MAIS 13,3% E 11,8%. GRAU DE INSTRUÇÃO - FEMININO Sem instrução até Ensino Médio completo 71,4%, Ensino superior incompleto e completo % NÍVEL ECONÔMICO - FEMININO população não economicamente ativa 46,5% população economicamente ativa 53,5% MASCULINO população não economicamente ativa 27,2% população economicamente ativa 72,8%. RENDA FAMILIAR DO DOMICÍLIO renda familiar de até 2 salários-mínimos 30,7%; de 2 a 5 salários-mínimos 44,2%, acima de 5 salários-mínimos 25,1%. Está prevista eventual ponderação para correção das variáveis, com base nos percentuais anteriormente mencionados, caso ocorram diferenças superiores a margem de erro da pesquisa previsto entre a amostra e a coleta de dados realizada. O fator previsto para ponderação é 1 (resultados obtidos na coleta de dados). O intervalo de confiança estimado é de 95% e a margem de erro máxima estimada considerando um modelo de amostragem aleatório simples, é de aproximadamente 3 pontos percentuais para mais ou para menos sobre os resultados encontrados no total da amostra. FONTE DOS DADOS: IBGE/Censo 2022 para fins de densidade demográfica, setores censitários e alocação da amostra. IBGE/PNAD/PNADC/MEC/INEP para fins de Nível Econômico e Escolaridade. TSE FEVEREIRO/2026 para fins de Sexo, Faixa Etária e eleitorado por município ou regiões previamente definidas (importante ressaltar para o público leigo que os dados do TSE são os únicos corretos para gênero, idade dos eleitores e quantitativo de eleitores por municípios já que a base de dados se atualiza automaticamente, PORÉM, dados de escolaridade e nível econômico NÃO são corretos e confiáveis devido a desatualização que ocorre naturalmente com o passar dos anos). Definição de margem de erro e intervalo de confiança: Margem de erro e intervalo de confiança não são grandezas diretamente proporcionais. A SOMA NÃO TEM QUE RESULTAR 100%. ";"Após os trabalhos de coleta de dados, os questionários são submetidos a uma fiscalização, conferência e checagem de cerca de 20% (vinte por cento) dos questionários aplicados.";"A relação dos municípios sorteados ou selecionados para esta pesquisa será apresentada em arquivo anexo até 1 (um) dia após a divulgação desta pesquisa conforme §7º. do art. 2º. da Resolução-TSE nº. 23.600/2019. A área de abrangência desta pesquisa é o Estado DO MARANHÃO"
"28/09/2026";"05:46:54";2026;81;"Eleições Gerais 2026";"MA";"MA";"MARANHÃO";"MA054042026";"2026-08-26 22:00:18";"N";"64500153000180";"LAIS CRISTINA RODRIGUES DE OLIVEIRA LTDA";"IPSENSUS PESQUISAS";"Governador, Senador, Deputado Federal, Deputado Estadual";"2026-08-24 00:00:00";"2026-08-29 00:00:00";"2026-09-01 00:00:00";1000;"7655";"AUGUSTO DA SILVA ROCHA";"11000,00";"A pesquisa será do tipo quantitativo, por amostragem aleatória, com aplicação de questionário estruturado e abordagem de moradores eleitores nos municípios do estado do Maranhão, divididos nas regiões dentro do estado. O conjunto da população do Estado do Maranhão com 16 anos ou mais e que são votantes no referido estado foi tomado como universo da pesquisa.";"A amostra será representativa do eleitorado da área pesquisada e será selecionada em três etapas. Na primeira etapa realiza-se um sorteio probabilístico dos municípios onde as entrevistas serão realizadas através do método PPT (Probabilidade Proporcional ao Tamanho), considerando a população eleitora com 16 anos ou mais residente nos municípios como base para essa seleção. Na segunda etapa, faz-se um sorteio probabilístico das localidades, onde as entrevistas serão realizadas, através do método PPT (Probabilidade Proporcional ao Tamanho), tomando a população eleitora de 16 anos ou mais residente nas localidades como base para essa seleção. Na terceira etapa, a seleção do entrevistado dentro da localidade, será feita utilizando-se quotas amostrais proporcionais, em função das variáveis sexo, faixa etária, grau de instrução e Nível socioeconômico (renda mensal familiar). Por fim, os entrevistados são selecionados aleatoriamente para responder ao questionário, de acordo com cotas: SEXO: FEMININO 51,92% ; MASCULINO 48,08% ; Faixa Etária: 16 a 24 anos 17,65% ; 25 a 34 anos 20,61% ; 35 a 44 anos 20,46% ; 45 a 59 anos 22,77% ; 60 anos ou mais 18,51% ; Grau de instrução: ANALFABETO 7,25% ; LÊ E ESCREVE 11,05% ; ENSINO FUNDAMENTAL COMPLETO 5,50% ; ENSINO FUNDAMENTAL INCOMPLETO 20,50% ; ENSINO MÉDIO COMPLETO 26,84% ; ENSINO MÉDIO INCOMPLETO 19,59% ; SUPERIOR COMPLETO 6,06% ; SUPERIOR INCOMPLETO 3,21% ; Nível econômico (renda mensal familiar): Até 1/2 salário mínimo 13,71% ; Mais de 1/2 a 1 salário mínimo 21,95% ; Mais de 1 a 2 salários mínimos 27,15% ; Mais de 2 a 5 salários mínimos 20,82% ; Mais de 5 a 10 salários mínimos 5,56% ; Mais de 10 a 20 salários mínimos 1,99% ; Mais de 20 salários mínimos 0,85% ; Sem rendimento 7,97% ; Fonte pública dos dados IBGE IBGE | Cidades@ | Maranhão | Pesquisa | Censo 2010 | Universo - Características da população e dos domicílios; https://cidades.ibge.gov.br/brasil/ma/pesquisa/23/24304?detalhes=true; (TSE/JUNHO2026): https://sig.tse.jus.br/ords/dwapr/r/seai/sig-eleitor-eleitorado-mensal/cruzamento-eleitorado-mensal?p24_metricas=E&p24_back=22&p24_cruzamento_1=ds_sexo&clear=24&session=108492167907142; https://sig.tse.jus.br/ords/dwapr/r/seai/sig-eleitor-eleitorado-mensal/cruzamento-eleitorado-mensal?p24_cruzamento_1=ds_faixa_etaria&p24_metricas=E&p24_back=22&clear=24&session=108492167907142; https://sig.tse.jus.br/ords/dwapr/r/seai/sig-eleitor-eleitorado-mensal/cruzamento-eleitorado-mensal?p24_cruzamento_1=ds_grau_instrucao&p24_metricas=E&p24_back=22&clear=24&session=108492167907142; ; Ano=2026; Mês = JUNHO; UF= MA; Observação: Conforme informações disponibilizadas pelo Instituto Brasileiro de Geografia e Estatística (IBGE), não houve nem há previsão de divulgação do perfil econômico (nível econômico) da população brasileira no âmbito do Censo Demográfico de 2022 (https://censo2022.ibge.gov.br/panorama/), para essa variável será adotado o fator de ponderação igual a 1, correspondente aos resultados obtidos em campo, caso seja verificada diferença superior à margem de erro prevista no estudo entre a projeção da amostra baseada nos dados do IBGE 2010 e os dados efetivamente coletados. Para as variáveis de sexo, idade e grau de instrução, está previsto uma eventual ponderação, nos limites da margem de erro, para correção nos tamanhos das variáveis, caso ocorra uma diferença entre a previsão da amostra e a coleta dos dados realizados sobre a faixa de eleitores acima de 16 anos. Margem de Erro: A margem de erro máxima prevista é de 3,1 pontos percentuais para mais ou para menos, considerando um nível de confiança de 95%.";"Os entrevistadores envolvidos na realização desta pesquisa são treinados pelo Instituto e recebem instruções específicas para cada projeto realizado. Os pesquisadores são supervisionados por um coordenador que estará em campo juntamente com a equipe garantindo a lisura da pesquisa. Internamente, todo o material é verificado e codificado. Antes do processamento final e emissão dos resultados, realiza-se processo de consistência dos dados. Os dados coletados e tratados nesta pesquisa atendem às exigências da LGPD, Lei Geral de Proteção de Dados, garantindo ao respondente o sigilo de sua identidade e o correto tratamento de suas respostas.";"#NULO#"
"28/09/2026";"05:46:54";2026;81;"Eleições Gerais 2026";"MA";"MA";"MARANHÃO";"MA096492026";"2026-09-10 23:23:06";"N";"64500153000180";"LAIS CRISTINA RODRIGUES DE OLIVEIRA LTDA";"IPSENSUS PESQUISAS";"Governador, Senador";"2026-09-10 00:00:00";"2026-09-15 00:00:00";"2026-09-16 00:00:00";350;"7655";"AUGUSTO DA SILVA ROCHA";"4000,00";"A pesquisa cobrirá o município envolvendo todas regiões do município de Barra do Corda/MA Universo da pesquisa será dos eleitores com 16 anos ou mais. A amostra representará os eleitores do Município, selecionados em 2(dois) estágios. No primeiro estágio, os setores censitários, onde as entrevistas serão realizadas, foram selecionadas, probabilisticamente, através do método PPT - Probabilidade Proporcional ao Tamanho, tomando o número de eleitores como base para seleção. No segundo estágio, a seleção do entrevistado, dentro do setor censitário, será feita utilizando-se quotas proporcionais, e a abordagem será domiciliar.";"Utilizamos quotas proporcionais, em função das seguintes variáveis: Gênero: FEMININO 51,69% ;
MASCULINO 48,31% ;


Faixa etária: 16 a 24 anos 18,12% ;
25 a 34 anos 20,28% ;
35 a 44 anos 19,25% ;
45 a 59 anos 22,22% ;
60 anos ou mais 20,13% ;


Grau de instrução:
Analfabeto 12,19% ;
Ensino Fundamental Completo 5,49% ;
Ensino Fundamental Incompleto 20,45% ;
Ensino Médio Completo 22,27% ;
Ensino Médio Incompleto 18,25% ;
Lê E Escreve 14,31% ;
Superior Completo 4,54% ;
Superior Incompleto 2,50% ;


Fonte dos dados: TSE-Tribunal Superior Eleitoral/agosto2026; Cruzamento Eleitorado Mensal https://sig.tse.jus.br/ords/dwapr/r/seai/sig-eleitor-eleitorado-mensal/cruzamento-eleitorado-mensal?p0_municipio=BARRA%20DO%20CORDA&p0_uf=MA&session=310047442774812 ;


Ano=2026; Mês = agosto; UF= MA; MUNICIPIO = Barra do Corda;

Renda: Até 1/2 salário mínimo 15,88% ;
Mais de 1/2 a 1 salário mínimo 24,48% ;
Mais de 1 a 2 salários mínimos 26,94% ;
Mais de 2 a 5 salários mínimos 15,92% ;
Mais de 5 a 10 salários mínimos 3,58% ;
Mais de 10 a 20 salários mínimos 1,16% ;
Mais de 20 salários mínimos 0,36% ;
Sem rendimento 11,68% ;


Fonte dos dados: IBGE-Censo 2010-IBGE-CENSO 2022 (IBGE/Censo 2010 - Classe de rendimento nominal mensal domiciliar) ; https://cidades.ibge.gov.br/brasil/ma/barra-do-corda/pesquisa/23/24304 ;


""Está prevista eventual ponderação da amostra para correção das variáveis sexo, idade, renda familiar e escolaridade com base nos percentuais anteriormente mencionados, caso ocorram diferenças entre os percentuais previstos na amostra e a coleta de dados realizada. O nível de confiança estimado é de 95% e a margem de erro máxima prevista, baseada em uma amostra aleatória simples (AAS), é de cerca de 5,2 pontos percentuais para mais ou para menos em relação aos totais da amostra. Nível Econômico: IBGE (Censo/2010) - Observação: Conforme informações obtidas do Instituto Brasileiro de Geografia e Estatística, o IBGE, não divulgou - e não tem previsão - de data para divulgação do perfil econômico (nível econômico) da população brasileira; portanto, os dados quanto ao nível econômico obtidos no Censo 2022, não podem ser utilizados, pois não foram publicados.""";"Para a realização da pesquisa, utiliza-se uma equipe de entrevistadores e supervisores credenciados devidamente treinados pela empresa para esse tipo de pesquisa. Após os trabalhos de campo, 100% dos questionários são criticados e passam por uma fiscalização de cerca de 20% (vinte por cento) dos questionários aplicados por cada entrevistador; para verificação da consistência das respostas e da adequação dos entrevistados aos parâmetros amostrais.";"#NULO#"
"28/09/2026";"05:46:54";2026;81;"Eleições Gerais 2026";"MA";"MA";"MARANHÃO";"MA048052026";"2026-09-04 23:18:54";"N";"64500153000180";"LAIS CRISTINA RODRIGUES DE OLIVEIRA LTDA";"IPSENSUS PESQUISAS";"Governador, Senador";"2026-09-04 00:00:00";"2026-09-09 00:00:00";"2026-09-10 00:00:00";350;"7655";"AUGUSTO DA SILVA ROCHA";"4000,00";"A pesquisa cobrirá o município envolvendo todas regiões do município de Riachão/MA Universo da pesquisa será dos eleitores com 16 anos ou mais. A amostra representará os eleitores do Município, selecionados em 2(dois) estágios. No primeiro estágio, os setores censitários, onde as entrevistas serão realizadas, foram selecionadas, probabilisticamente, através do método PPT - Probabilidade Proporcional ao Tamanho, tomando o número de eleitores como base para seleção. No segundo estágio, a seleção do entrevistado, dentro do setor censitário, será feita utilizando-se quotas proporcionais, e a abordagem será domiciliar.";"Utilizamos quotas proporcionais, em função das seguintes variáveis:
Gênero: FEMININO 48,89% ;
MASCULINO 51,11% ;


Faixa etária: 16 a 24 anos 17,58% ;
25 a 34 anos 20,03% ;
35 a 44 anos 18,85% ;
45 a 59 anos 22,57% ;
60 anos ou mais 20,97% ;


Grau de instrução: Analfabeto 8,26% ;
Ensino Fundamental Completo 4,73% ;
Ensino Fundamental Incompleto 22,67% ;
Ensino Médio Completo 19,17% ;
Ensino Médio Incompleto 19,33% ;
Lê E Escreve 18,18% ;
Superior Completo 4,74% ;
Superior Incompleto 2,92% ;


Fonte dos dados: TSE-Tribunal Superior Eleitoral/julho2026; Cruzamento Eleitorado Mensal https://sig.tse.jus.br/ords/dwapr/r/seai/sig-eleitor-eleitorado-mensal/perfil-do-eleitorado-mensal?p0_municipio=RIACH%C3%83O&p0_uf=MA&session=11955379424683 ;
https://sig.tse.jus.br/ords/dwapr/r/seai/sig-eleitor-eleitorado-mensal/perfil-do-eleitorado-mensal?session=11955379424683 ;


Ano=2026; Mês = JULHO; UF= MA; MUNICIPIO = Riachão;

Renda familiar: Até 1/2 salário mínimo 15,61% ;
Mais de 1/2 a 1 salário mínimo 24,79% ;
Mais de 1 a 2 salários mínimos 27,59% ;
Mais de 2 a 5 salários mínimos 15,86% ;
Mais de 5 a 10 salários mínimos 2,99% ;
Mais de 10 a 20 salários mínimos 1,04% ;
Mais de 20 salários mínimos 0,21% ;
Sem rendimento 11,91% ;


Fonte dos dados: IBGE-Censo 2010-IBGE-CENSO 2022 (IBGE/Censo 2010 - Classe de rendimento nominal mensal domiciliar) ; https://cidades.ibge.gov.br/brasil/ma/riachao/pesquisa/23/24304 ;


""Está prevista eventual ponderação da amostra para correção das variáveis sexo, idade, renda familiar e escolaridade com base nos percentuais anteriormente mencionados, caso ocorram diferenças entre os percentuais previstos na amostra e a coleta de dados realizada. O nível de confiança estimado é de 95% e a margem de erro máxima prevista, baseada em uma amostra aleatória simples (AAS), é de cerca de 5,2 pontos percentuais para mais ou para menos em relação aos totais da amostra. Nível Econômico: IBGE (Censo/2010) - Observação: Conforme informações obtidas do Instituto Brasileiro de Geografia e Estatística, o IBGE, não divulgou - e não tem previsão - de data para divulgação do perfil econômico (nível econômico) da população brasileira; portanto, os dados quanto ao nível econômico obtidos no Censo 2022, não podem ser utilizados, pois não foram publicados.""";"Para a realização da pesquisa, utiliza-se uma equipe de entrevistadores e supervisores credenciados devidamente treinados pela empresa para esse tipo de pesquisa. Após os trabalhos de campo, 100% dos questionários são criticados e passam por uma fiscalização de cerca de 20% (vinte por cento) dos questionários aplicados por cada entrevistador; para verificação da consistência das respostas e da adequação dos entrevistados aos parâmetros amostrais.";"#NULO#"
"28/09/2026";"05:46:54";2026;81;"Eleições Gerais 2026";"MA";"MA";"MARANHÃO";"MA019122026";"2026-08-28 20:47:38";"S";"00654576000172";"INSTITUTO VERITA LTDA";"VERITA";"Governador, Senador";"2026-08-29 00:00:00";"2026-09-01 00:00:00";"2026-09-03 00:00:00";1525;"10699";"Guilherme Alvarenga Laia";"117425,00";"Estudo quantitativo voltado às Eleições 2026, realizado por meio de entrevistas individuais, aplicadas mediante questionário eletrônico estruturado e Unidade Automatizada de Respostas Audíveis e Auditáveis, por meio de ligações para telefones móveis (celulares). A inteligência artificial é empregada exclusivamente para a transcrição automatizada das respostas em áudio, não interferindo na formulação das perguntas, na condução das entrevistas, na coleta das informações, na interpretação das respostas ou no tratamento estatístico dos dados.

A participação dos eleitores é voluntária, espontânea e não remunerada. As respostas são prestadas por autodeclaração, sendo, em sua maioria, registradas por meio de códigos numéricos correspondentes às alternativas previamente definidas no questionário.

A utilização de sistema eletrônico automatizado para a coleta e o registro das respostas proporciona elevado nível de padronização operacional, reduz a possibilidade de interferência humana durante a realização das entrevistas, amplia a rastreabilidade e a auditabilidade de todo o processo de coleta e contribui para maior precisão, consistência e confiabilidade dos dados obtidos.

O plano amostral foi elaborado para assegurar a representatividade estatística do eleitorado da respectiva Unidade da Federação, observando critérios técnicos de seleção, distribuição e ponderação da amostra, quando aplicáveis.";"A pesquisa foi planejada para produzir uma amostra estatisticamente representativa do eleitorado do estado DO MARANHÃO, utilizando o método de Probabilidade Proporcional ao Tamanho (PPT), com plano amostral em múltiplos estágios. Na primeira etapa, esta Unidade da Federação é dividida em macrorregiões, de forma a assegurar adequada distribuição territorial da amostra e representação das diferentes características geográficas, demográficas e eleitorais. Na segunda etapa, os municípios de cada estrato são ordenados segundo seu porte populacional e eleitoral e sorteados. Na terceira etapa, os respondentes são selecionados entre os eleitores aptos residentes nos municípios sorteados, observando-se a distribuição proporcional da amostra e as cotas estabelecidas para as variáveis de sexo, faixa etária, grau de instrução e nível econômico. As cotas são estabelecidas para a pesquisa completa, considerando a composição do eleitorado e os parâmetros oficiais de referência, não sendo aplicadas isoladamente a cada município selecionado.

SEXO E FAIXA ETÁRIA - Fonte: Tribunal Superior Eleitoral (TSE), Perfil do Eleitorado, junho de 2026. Feminino de 16 a 34 anos: 19,6%; Masculino de 16 a 34 anos: 18,7%; Feminino de 35 a 54 anos: 19,1%; Masculino de 35 a 54 anos: 17,7%; Feminino com 55 anos ou mais: 13,2%; Masculino com 55 anos ou mais: 11,7%. Os parâmetros de sexo e idade têm como referência o cadastro eleitoral brasileiro atualizado pelo Tribunal Superior Eleitoral, considerando o universo de eleitores aptos com 16 anos ou mais.

GRAU DE INSTRUÇÃO - Fonte: IBGE - Pesquisa Nacional por Amostra de Domicílios Contínua - PNAD Contínua, 1º trimestre de 2026. A distribuição é: sem instrução 8,1%; ensino fundamental incompleto ou equivalente 27,1%; ensino fundamental completo ou equivalente 8,4%; ensino médio incompleto ou equivalente 9,4%; ensino médio completo ou equivalente 32,7%; ensino superior incompleto ou equivalente 4%; ensino superior completo 10,3%. Para não confundir os respondentes as faixas de escolaridade no questionário foram agrupadas em 3 faixas: até ensino fundamental incompleto e completo, ensino médio incompleto e completo e superior incompleto, completo ou mais. A PNAD Contínua é utilizada como referência por constituir a fonte oficial mais atualizada para a mensuração do nível de instrução da população brasileira, sua utilização também corrige limitações decorrentes da ausência de atualização obrigatória e contínua das informações de escolaridade no cadastro eleitoral do Tribunal Superior Eleitoral.

NÍVEL ECONÔMICO - RENDA FAMILIAR DO DOMICÍLIO - Fonte: IBGE - PNAD Contínua Anual 2025. Considera-se a renda domiciliar total, compreendendo rendimentos provenientes de trabalho formal e informal, aposentadorias, pensões, benefícios sociais e demais fontes de renda existentes no domicílio. observando-se a seguinte distribuição: renda familiar de até 2 salários-mínimos 63,3%; de 2 a 5 salários-mínimos 28,3%, acima de 5 salários-mínimos 8,4%.

PONDERAÇÃO E CALIBRAÇÃO DA AMOSTRA - Prevê-se eventual ponderação das variáveis de sexo, faixa etária, grau de instrução e nível econômico, caso sejam verificadas diferenças relevantes entre a distribuição da amostra efetivamente coletada e os parâmetros populacionais de referência adotados. Inicialmente, o fator de ponderação é igual a 1 (um), podendo ser recalculado sempre que necessário para assegurar a representatividade estatística da amostra.
INTERVALO DE CONFIANÇA E MARGEM DE ERRO - O intervalo de confiança adotado é de 95%, com margem máxima estimada de erro de aproximadamente 2,5 pontos percentuais, para mais ou para menos, sobre os resultados do total da amostra, calculada segundo o modelo de amostragem aleatória simples e a hipótese de máxima variabilidade.";"Após os trabalhos de coleta de dados, os questionários são submetidos a uma fiscalização, conferência e checagem de cerca de 20% (vinte por cento) dos questionários aplicados. Todas as entrevistas são integralmente registradas em áudio, permanecendo auditáveis e rastreáveis, permitindo a verificação da integridade do processo de coleta, preservado o sigilo das informações pessoais dos entrevistados e observadas as disposições da Lei Geral de Proteção de Dados Pessoais (Lei nº 13.709/2018).";"Em observância ao art. 2º, § 7º, da Resolução TSE nº 23.600/2019, com redação dada pela Resolução TSE nº 23.747/2026, a presente pesquisa terá seu registro complementado no Sistema de Registro de Pesquisas Eleitorais a partir da data em que sua divulgação for permitida e até o dia seguinte, com a identificação dos municípios em que foram realizadas as entrevistas, bem como da composição final da amostra quanto a gênero, idade, grau de instrução e nível econômico, na forma exigida pela legislação eleitoral vigente."
"28/09/2026";"05:46:54";2026;81;"Eleições Gerais 2026";"MA";"MA";"MARANHÃO";"MA082072026";"2026-05-26 22:35:15";"S";"00654576000172";"INSTITUTO VERITA LTDA";"VERITA";"Governador, Senador";"2026-05-27 00:00:00";"2026-05-31 00:00:00";"2026-06-01 00:00:00";1525;"10699";"GUILHERME ALVARENGA LAIA";"117425,00";"Pesquisa quantitativa, que consiste na realização de entrevistas, com a aplicação de questionário estruturado junto a uma amostra representativa do eleitorado desta Unidade da Federação.";"ESTUDO REPRESENTATIVO DO ELEITORADO DO ESTADO DO MARANHÃO - MÉTODO PPT (Probabilidade Proporcional ao Tamanho) - PLANO AMOSTRAL E PONDERAÇÃO QUANTO A SEXO, IDADE, GRAU DE INSTRUÇÃO E NÍVEL ECONÔMICO DO ENTREVISTADO; INTERVALO DE CONFIANÇA E MARGEM DE ERRO: Representativo do eleitorado da área em estudo, elaborada, em vários estágios, da seguinte forma: - 1. Divisão da UF em estratos proporcionais de municípios. 2. Ordenação dos municípios de cada estrato segundo o porte. 3. Sorteio dos municípios de cada estrato. 4. Os respondentes são selecionados através de quotas amostrais proporcionais em função de variáveis significativas, a saber: GÊNERO / FAIXA ETÁRIA - FEMININO E MASCULINO 16 A 34 ANOS 19,3% E 18,3%, 35 A 54 ANOS 19,4% E 17,9%, 55 ANOS OU MAIS 13,3% E 11,8%. GRAU DE INSTRUÇÃO ¿ FEMININO E MASCULINO Sem instrução até Ensino Médio completo 71,4%, Ensino superior incompleto e completo 28,6% NÍVEL ECONÔMICO - FEMININO população não economicamente ativa 46,5% população economicamente ativa 53,5% MASCULINO população não economicamente ativa 27,2% população economicamente ativa 72,8%. RENDA FAMILIAR DO DOMICÍLIO renda familiar de até 2 salários-mínimos 30,7%; de 2 a 5 salários-mínimos 44,2%, acima de 5 salários-mínimos 25,1%. Está prevista eventual ponderação para correção das variáveis, com base nos percentuais anteriormente mencionados, caso ocorram diferenças superiores a margem de erro da pesquisa previsto entre a amostra e a coleta de dados realizada. O fator previsto para ponderação é 1 (resultados obtidos na coleta de dados). O intervalo de confiança estimado é de 95% e a margem de erro máxima estimada considerando um modelo de amostragem aleatório simples, é de aproximadamente 2,5 pontos percentuais para mais ou para menos sobre os resultados encontrados no total da amostra. FONTE DOS DADOS: IBGE/Censo 2022 para fins de densidade demográfica, setores censitários e alocação da amostra. IBGE/PNAD/PNADC/MEC/INEP para fins de Nível Econômico e Escolaridade. TSE FEVEREIRO/2026 para fins de Sexo, Faixa Etária e eleitorado por município ou regiões previamente definidas (importante ressaltar para o público leigo que os dados do TSE são os únicos corretos para gênero, idade dos eleitores e quantitativo de eleitores por municípios já que a base de dados se atualiza automaticamente, PORÉM, dados de escolaridade e nível econômico NÃO são corretos e confiáveis devido a desatualização que ocorre naturalmente com o passar dos anos). Definição de margem de erro e intervalo de confiança: Margem de erro e intervalo de confiança não são grandezas diretamente proporcionais. A SOMA NÃO TEM QUE RESULTAR 100%. ";"Após os trabalhos de coleta de dados, os questionários são submetidos a uma fiscalização, conferência e checagem de cerca de 20% (vinte por cento) dos questionários aplicados.";"A relação dos municípios sorteados ou selecionados para esta pesquisa será apresentada em arquivo anexo até 1 (um) dia após a divulgação desta pesquisa conforme §7º. do art. 2º. da Resolução-TSE nº. 23.600/2019. A área de abrangência desta pesquisa é o Estado DO MARANHÃO"
"28/09/2026";"05:46:54";2026;81;"Eleições Gerais 2026";"MA";"MA";"MARANHÃO";"MA018522026";"2026-09-02 22:55:44";"N";"64500153000180";"LAIS CRISTINA RODRIGUES DE OLIVEIRA LTDA";"IPSENSUS PESQUISAS";"Governador, Senador";"2026-09-02 00:00:00";"2026-09-06 00:00:00";"2026-09-08 00:00:00";350;"7655";"AUGUSTO DA SILVA ROCHA";"4000,00";"A pesquisa cobrirá o município envolvendo todas regiões do município de Lima Campos/MA Universo da pesquisa será dos eleitores com 16 anos ou mais. A amostra representará os eleitores do Município, selecionados em 2(dois) estágios. No primeiro estágio, os setores censitários, onde as entrevistas serão realizadas, foram selecionadas, probabilisticamente, através do método PPT - Probabilidade Proporcional ao Tamanho, tomando o número de eleitores como base para seleção. No segundo estágio, a seleção do entrevistado, dentro do setor censitário, será feita utilizando-se quotas proporcionais, e a abordagem será domiciliar.";"Utilizamos quotas proporcionais, em função das seguintes variáveis:
Gênero: FEMININO 52,3% ;
MASCULINO 47,7% ;


Faixa etária: 16 a 24 anos 16,81% ;
25 a 34 anos 18,52% ;
35 a 44 anos 20,04% ;
45 a 59 anos 21,61% ;
60 anos ou mais 21,02% ;


Grau de instrução: ANALFABETO 12,72% ;
ENSINO FUNDAMENTAL COMPLETO 5,71% ;
ENSINO FUNDAMENTAL INCOMPLETO 26,25% ;
ENSINO MÉDIO COMPLETO 20,46% ;
ENSINO MÉDIO INCOMPLETO 17,67% ;
LÊ E ESCREVE 10,44% ;
SUPERIOR COMPLETO 5,01% ;
SUPERIOR INCOMPLETO 1,74% ;


Fonte dos dados: TSE-Tribunal Superior Eleitoral/julho2026; Cruzamento Eleitorado Mensal - https://sig.tse.jus.br/ords/dwapr/r/seai/sig-eleitor-eleitorado-mensal/cruzamento-eleitorado-mensal?p0_municipio=LIMA%20CAMPOS&p0_uf=MA&session=202598345958653 ;
https://sig.tse.jus.br/ords/dwapr/r/seai/sig-eleitor-eleitorado-mensal/cruzamento-eleitorado-mensal?p24_metricas=E&p24_back=22&p24_cruzamento_1=ds_sexo&clear=24&session=202598345958653 ;
;

Ano=2026; Mês = JULHO; UF= MA; MUNICIPIO = Lima Campos;

Renda familiar: Até 1/2 salário mínimo 17,13% ;
Mais de 1/2 a 1 salário mínimo 23,43% ;
Mais de 1 a 2 salários mínimos 28,51% ;
Mais de 2 a 5 salários mínimos 20,14% ;
Mais de 5 a 10 salários mínimos 3,48% ;
Mais de 10 a 20 salários mínimos 0,72% ;
Mais de 20 salários mínimos 0,28% ;
Sem rendimento 6,30% ;


Fonte dos dados: IBGE-Censo 2010-IBGE-CENSO 2022 (IBGE/Censo 2010 - Classe de rendimento nominal mensal domiciliar) ; https://cidades.ibge.gov.br/brasil/ma/lima-campos/pesquisa/23/24304 ;


""Está prevista eventual ponderação da amostra para correção das variáveis sexo, idade, renda familiar e escolaridade com base nos percentuais anteriormente mencionados, caso ocorram diferenças entre os percentuais previstos na amostra e a coleta de dados realizada. O nível de confiança estimado é de 95% e a margem de erro máxima prevista, baseada em uma amostra aleatória simples (AAS), é de cerca de 5,2 pontos percentuais para mais ou para menos em relação aos totais da amostra. Nível Econômico: IBGE (Censo/2010) - Observação: Conforme informações obtidas do Instituto Brasileiro de Geografia e Estatística, o IBGE, não divulgou - e não tem previsão - de data para divulgação do perfil econômico (nível econômico) da população brasileira; portanto, os dados quanto ao nível econômico obtidos no Censo 2022, não podem ser utilizados, pois não foram publicados.""";"Para a realização da pesquisa, utiliza-se uma equipe de entrevistadores e supervisores credenciados devidamente treinados pela empresa para esse tipo de pesquisa. Após os trabalhos de campo, 100% dos questionários são criticados e passam por uma fiscalização de cerca de 20% (vinte por cento) dos questionários aplicados por cada entrevistador; para verificação da consistência das respostas e da adequação dos entrevistados aos parâmetros amostrais.";"#NULO#"
"28/09/2026";"05:46:54";2026;81;"Eleições Gerais 2026";"MA";"MA";"MARANHÃO";"MA085312026";"2026-09-18 23:05:01";"N";"47425567000173";"IPPI PESQUISAS E CONSULTORIA LTDA";"IPPI - PESQUISAS E CONSULTORIAS";"Governador, Senador, Deputado Federal, Deputado Estadual";"2026-09-15 00:00:00";"2026-09-17 00:00:00";"2026-09-24 00:00:00";400;"10644";"ANTONIO ALBERTO IBIAPINA COSTA FILHO";"6000,00";"Pesquisa quantitativa, do tipo levantamento (survey), realizada por meio de entrevistas pessoais e presenciais, aplicadas nos domicílios, com questionário estruturado, junto a amostra representativa dos eleitores de 16 anos ou mais residentes no município de Pinheiro (MA).";"O público-alvo da pesquisa é constituído por eleitores com 16 anos ou mais, residentes no município de Pinheiro/MA. A pesquisa utilizará desenho amostral em dois estágios. No primeiro estágio, será realizada a seleção probabilística das localidades de aplicação das entrevistas, por meio do método PPT ¿ Probabilidade Proporcional ao Tamanho ¿, tendo como referência a distribuição da população eleitoral entre as localidades do município. No segundo estágio, os entrevistados serão selecionados dentro das localidades mediante cotas amostrais de gênero, faixa etária, renda domiciliar total e nível de instrução. O perfil previsto da amostra é: Gênero: masculino (47%) e feminino (53%). Faixa etária: 16 a 24 anos (16%); 25 a 34 anos (20%); 35 a 44 anos (21%); 45 a 59 anos (24%); 60 anos ou mais (19%). Renda domiciliar total: até 2 salários-mínimos (64%); mais de 2 a 5 salários-mínimos (29%); mais de 5 salários-mínimos (7%). Nível de instrução: de analfabeto até ensino fundamental completo (46%); ensino médio incompleto ou completo (48%); ensino superior incompleto, completo ou mais (6%). As fontes públicas utilizadas para definição do perfil amostral são o Tribunal Superior Eleitoral ¿ TSE, cadastro eleitoral de 2026, para as variáveis gênero, faixa etária e nível de instrução, e o Censo Demográfico 2022 ¿ IBGE, para a variável renda domiciliar. A PNAD Contínua Anual 2025 ¿ IBGE é utilizada como referência complementar. As variáveis renda domiciliar e nível de instrução serão controladas durante a coleta mediante cotas amostrais. Está prevista eventual ponderação dos dados para correção de diferenças entre a distribuição planejada e a distribuição efetivamente obtida na coleta, especialmente em relação às variáveis gênero e idade, caso sejam observados desvios em relação aos percentuais previstos.
Serão realizadas 400 entrevistas. O nível de confiança considerado é de 95%, com margem de erro máxima estimada de aproximadamente 4,9 pontos percentuais, para mais ou para menos, considerando-se a amostra aleatória simples (AAS) como aproximação para o cálculo do erro amostral.";"As entrevistas serão realizadas por uma equipe de entrevistadores devidamente qualificada, com experiência e treinamento em pesquisa de opinião pública. Após a realização da coleta de dados, as entrevistas junto aos respondentes são checadas por meio de procedimentos de consistência . Ao longo e após os trabalhos de campo, é realizada uma fiscalização que consiste na checagem de áudio de uma amostra de 30% dos questionários aplicados para verificação das respostas e da adequação dos entrevistados aos parâmetros amostrais.";"A área de abrangência da coleta é o município de Pinheiro (MA). A relação de áreas de abrangência da pesquisa constará em anexo. A partir do dia em que a pesquisa puder ser divulgada e até o dia seguinte, o registro poderá ser complementado, sob pena de ser a pesquisa considerada não registrada. Na ausência de delimitação do bairro, será identificada a área em que foi realizada, conforme §7º. do art. 2º. da Resolução-TSE nº. 23.600/2019."
"28/09/2026";"05:46:54";2026;81;"Eleições Gerais 2026";"MA";"MA";"MARANHÃO";"MA015622026";"2026-09-24 22:51:02";"N";"47425567000173";"IPPI PESQUISAS E CONSULTORIA LTDA";"IPPI - PESQUISAS E CONSULTORIAS";"Governador, Senador, Deputado Federal, Deputado Estadual";"2026-09-24 00:00:00";"2026-09-26 00:00:00";"2026-09-30 00:00:00";500;"10644";"ANTONIO ALBERTO IBIAPINA COSTA FILHO";"12000,00";"Pesquisa quantitativa, do tipo levantamento (survey), realizada por meio de entrevistas pessoais e presenciais, aplicadas nos domicílios, com questionário estruturado, junto a amostra representativa dos eleitores de 16 anos ou mais residentes no município de Imperatriz(MA).";"O público pesquisado é composto por eleitores de 16 anos ou mais residentes na área de abrangência da pesquisa. Para produzir uma amostra representativa desse público-alvo, utilizamos um desenho amostral em 2 estágios. No primeiro estágio, é feito um sorteio probabilístico de localidades onde as entrevistas serão realizadas por meio do método PPT (Probabilidade Proporcional ao Tamanho) considerando a população votante nas localidades como base para essa seleção. No segundo estágio, a seleção do entrevistado dentro da localidade será feita através de cotas amostrais para as seguintes variáveis: sexo, idade, renda familiar e escolaridade. O perfil da amostra, definido pelas cotas previstas, é o seguinte: Sexo: Masculino (46,5%); Feminino (53,5%). Faixa etária: 16-24 anos (15%); 25-34 anos (21%); 35-44 anos (21%);45-59 anos (24%); 60 ou mais (19%). Renda domiciliar total: Até 2 salários-mínimos (41,3%); Mais de 2 a 5 salários-mínimos (40,5%); Mais de 5 salários-mínimos (18,2%). Nível de instrução: De analfabeto até Fundamental completo (31%); Médio incompleto ou completo (52%); Superior incompleto ou completo ou mais (17%). Fonte dos dados:TSE-Tribunal Superior Eleitoral - agosto/2026; Censo 2022 (IBGE) Está prevista eventual ponderação da amostra, para correção de estimativas e das distribuições das variáveis sexo e idade, com base nos percentuais anteriormente mencionados, caso ocorram diferenças entre os percentuais previstos na amostra e a coleta de dados realizada. Dentro do público-alvo anteriormente descrito, serão realizadas 500 entrevistas. O nível de confiança das estimativas é de 95% e a margem de erro máxima prevista, e usando o cálculo para amostra aleatória simples (AAS) como aproximação, é de cerca de 4,4 pontos percentuais para mais ou para menos em relação aos totais da amostra.";"As entrevistas serão realizadas por uma equipe de entrevistadores devidamente qualificada, com experiência e treinamento em pesquisa de opinião pública. Após a realização da coleta de dados, as entrevistas junto aos respondentes são checadas por meio de procedimentos de consistência . Ao longo e após os trabalhos de campo, é realizada uma fiscalização que consiste na checagem de áudio de uma amostra de 30% dos questionários aplicados para verificação das respostas e da adequação dos entrevistados aos parâmetros amostrais.";"A área de abrangência da coleta é o município de Imperatriz (MA). A relação de áreas de abrangência da pesquisa constará em anexo. A partir do dia em que a pesquisa puder ser divulgada e até o dia seguinte, o registro poderá ser complementado, sob pena de ser a pesquisa considerada não registrada. Na ausência de delimitação do bairro, será identificada a área em que foi realizada, conforme §7º. do art. 2º. da Resolução-TSE nº. 23.600/2019."
"28/09/2026";"05:46:54";2026;81;"Eleições Gerais 2026";"MA";"MA";"MARANHÃO";"MA019912026";"2026-09-14 22:56:31";"N";"64500153000180";"LAIS CRISTINA RODRIGUES DE OLIVEIRA LTDA";"IPSENSUS PESQUISAS";"Governador, Senador";"2026-09-14 00:00:00";"2026-09-18 00:00:00";"2026-09-20 00:00:00";350;"7655";"AUGUSTO DA SILVA ROCHA";"4000,00";"A pesquisa cobrirá o município envolvendo todas regiões do município de Santa Inês/MA Universo da pesquisa será dos eleitores com 16 anos ou mais. A amostra representará os eleitores do Município, selecionados em 2(dois) estágios. No primeiro estágio, os setores censitários, onde as entrevistas serão realizadas, foram selecionadas, probabilisticamente, através do método PPT - Probabilidade Proporcional ao Tamanho, tomando o número de eleitores como base para seleção. No segundo estágio, a seleção do entrevistado, dentro do setor censitário, será feita utilizando-se quotas proporcionais, e a abordagem será domiciliar.";"Utilizamos quotas proporcionais, em função das seguintes variáveis:

Gênero: FEMININO 54,00% ;
MASCULINO 46,00% ;


Faixa etária: 16 a 24 anos 16,54% ;
25 a 34 anos 20,63% ;
35 a 44 anos 19,74% ;
45 a 59 anos 23,47% ;
60 anos ou mais 19,62% ;


Grau de instrução: Analfabeto 5,27% ;
Ensino Fundamental Completo 5,85% ;
Ensino Fundamental Incompleto 18,76% ;
Ensino Médio Completo 31,62% ;
Ensino Médio Incompleto 19,22% ;
Lê E Escreve 10,05% ;
Superior Completo 5,83% ;
Superior Incompleto 3,40% ;

Fonte dos dados: TSE-Tribunal Superior Eleitoral/julho2026; Cruzamento Eleitorado Mensal https://sig.tse.jus.br/ords/dwapr/r/seai/sig-eleitor-eleitorado-mensal/cruzamento-eleitorado-mensal?p0_municipio=SANTA%20IN%C3%8AS&p0_uf=MA&session=211426802570335 ;


Ano=2026; Mês = agosto; UF= MA; MUNICIPIO = Santa Inês;

Renda familiar (A variável ¿classe de rendimento nominal mensal domiciliar¿ corresponde à classificação dos domicílios segundo a soma dos rendimentos nominais mensais de seus moradores, expressa em faixas de salários mínimos vigentes no período de referência do Censo Demográfico 2010. Trata-se da renda total do domicílio, não dividida pelo número de moradores, não devendo ser confundida com rendimento domiciliar per capita. Para fins de planejamento amostral e ponderação, foram preservadas as categorias e os percentuais originalmente disponibilizados pelo IBGE, sem reagrupamento ou recálculo das faixas.): Até 1/2 salário mínimo 6,01% ;
Mais de 1/2 a 1 salário mínimo 23,58% ;
Mais de 1 a 2 salários mínimos 30,13% ;
Mais de 2 a 5 salários mínimos 26,91% ;
Mais de 5 a 10 salários mínimos 6,84% ;
Mais de 10 a 20 salários mínimos 1,98% ;
Mais de 20 salários mínimos 0,71% ;
Sem rendimento 3,84% ;


Fonte dos dados: IBGE-Censo 2010-IBGE-CENSO 2022 (IBGE/Censo 2010 - Classe de rendimento nominal mensal domiciliar) ; https://cidades.ibge.gov.br/brasil/ma/santa-ines/pesquisa/23/24304 ;

""Está prevista eventual ponderação da amostra para correção das variáveis sexo, idade, renda familiar e escolaridade com base nos percentuais anteriormente mencionados, caso ocorram diferenças entre os percentuais previstos na amostra e a coleta de dados realizada. O nível de confiança estimado é de 95% e a margem de erro máxima prevista, baseada em uma amostra aleatória simples (AAS), é de cerca de 5,2 pontos percentuais para mais ou para menos em relação aos totais da amostra. Nível Econômico: IBGE (Censo/2010) - Observação: Conforme informações obtidas do Instituto Brasileiro de Geografia e Estatística, o IBGE, não divulgou - e não tem previsão - de data para divulgação do perfil econômico (nível econômico) da população brasileira; portanto, os dados quanto ao nível econômico obtidos no Censo 2022, não podem ser utilizados, pois não foram publicados.""";"Para a realização da pesquisa, utiliza-se uma equipe de entrevistadores e supervisores credenciados devidamente treinados pela empresa para esse tipo de pesquisa. Após os trabalhos de campo, 100% dos questionários são criticados e passam por uma fiscalização de cerca de 20% (vinte por cento) dos questionários aplicados por cada entrevistador; para verificação da consistência das respostas e da adequação dos entrevistados aos parâmetros amostrais.";"#NULO#"
"28/09/2026";"05:46:54";2026;81;"Eleições Gerais 2026";"MA";"MA";"MARANHÃO";"MA077362026";"2026-09-19 12:22:19";"N";"64500153000180";"LAIS CRISTINA RODRIGUES DE OLIVEIRA LTDA";"IPSENSUS PESQUISAS";"Governador, Senador";"2026-09-19 00:00:00";"2026-09-23 00:00:00";"2026-09-25 00:00:00";350;"7655";"AUGUSTO DA SILVA ROCHA";"4000,00";"A pesquisa cobrirá o município envolvendo todas regiões do município de João Lisboa/MA Universo da pesquisa será dos eleitores com 16 anos ou mais. A amostra representará os eleitores do Município, selecionados em 2(dois) estágios. No primeiro estágio, os setores censitários, onde as entrevistas serão realizadas, foram selecionadas, probabilisticamente, através do método PPT - Probabilidade Proporcional ao Tamanho, tomando o número de eleitores como base para seleção. No segundo estágio, a seleção do entrevistado, dentro do setor censitário, será feita utilizando-se quotas proporcionais, e a abordagem será domiciliar.";"Utilizamos quotas proporcionais, em função das seguintes variáveis: Gênero: FEMININO 51,06% ; MASCULINO 48,94% ; Faixa etária: 16 a 24 anos 17,43% ; 25 a 34 anos 21,51% ; 35 a 44 anos 20,55% ; 45 a 59 anos 22,43% ; 60 anos ou mais 18,08% ; Grau de instrução: Analfabeto 6,60% ; Ensino Fundamental Completo 5,73% ; Ensino Fundamental Incompleto 22,08% ; Ensino Médio Completo 25,39% ; Ensino Médio Incompleto 20,15% ; Lê E Escreve 12,03% ; Superior Completo 5,36% ; Superior Incompleto 2,66% ; Fonte dos dados: https://sig.tse.jus.br/ords/dwapr/r/seai/sig-eleitor-eleitorado-mensal/cruzamento-eleitorado-mensal?p0_municipio=JO%C3%83O%20LISBOA&p0_uf=MA&session=310669362669017 ; Ano=2026; Mês = agosto; UF= MA; MUNICIPIO = João Lisboa; Renda familiar (A variável ¿classe de rendimento nominal mensal domiciliar¿ corresponde à classificação dos domicílios segundo a soma dos rendimentos nominais mensais de seus moradores, expressa em faixas de salários mínimos vigentes no período de referência do Censo Demográfico 2010. Trata-se da renda total do domicílio, não dividida pelo número de moradores, não devendo ser confundida com rendimento domiciliar per capita. Para fins de planejamento amostral e ponderação, foram preservadas as categorias e os percentuais originalmente disponibilizados pelo IBGE, sem reagrupamento ou recálculo das faixas.): Até 1/2 salário mínimo 7,02% ; Mais de 1/2 a 1 salário mínimo 28,16% ; Mais de 1 a 2 salários mínimos 30,77% ; Mais de 2 a 5 salários mínimos 21,68% ; Mais de 5 a 10 salários mínimos 4,35% ; Mais de 10 a 20 salários mínimos 0,81% ; Mais de 20 salários mínimos 0,26% ; Sem rendimento 6,95% ; Fonte dos dados: IBGE-Censo 2010-IBGE-CENSO 2022 (IBGE/Censo 2010 - Classe de rendimento nominal mensal domiciliar) ; https://cidades.ibge.gov.br/brasil/ma/joao-lisboa/pesquisa/23/24304 ; ""Está prevista eventual ponderação da amostra para correção das variáveis sexo, idade, renda familiar e escolaridade com base nos percentuais anteriormente mencionados, caso ocorram diferenças entre os percentuais previstos na amostra e a coleta de dados realizada. O nível de confiança estimado é de 95% e a margem de erro máxima prevista, baseada em uma amostra aleatória simples (AAS), é de cerca de 5,2 pontos percentuais para mais ou para menos em relação aos totais da amostra. Nível Econômico: IBGE (Censo/2010) - Observação: Conforme informações obtidas do Instituto Brasileiro de Geografia e Estatística, o IBGE, não divulgou - e não tem previsão - de data para divulgação do perfil econômico (nível econômico) da população brasileira; portanto, os dados quanto ao nível";"Para a realização da pesquisa, utiliza-se uma equipe de entrevistadores e supervisores credenciados devidamente treinados pela empresa para esse tipo de pesquisa. Após os trabalhos de campo, 100% dos questionários são criticados e passam por uma fiscalização de cerca de 20% (vinte por cento) dos questionários aplicados por cada entrevistador; para verificação da consistência das respostas e da adequação dos entrevistados aos parâmetros amostrais.";"#NULO#"
"28/09/2026";"05:46:54";2026;81;"Eleições Gerais 2026";"MA";"MA";"MARANHÃO";"MA072382026";"2026-09-19 12:18:36";"N";"64500153000180";"LAIS CRISTINA RODRIGUES DE OLIVEIRA LTDA";"IPSENSUS PESQUISAS";"Governador, Senador";"2026-09-19 00:00:00";"2026-09-23 00:00:00";"2026-09-25 00:00:00";350;"7655";"AUGUSTO DA SILVA ROCHA";"4000,00";"A pesquisa cobrirá o município envolvendo todas regiões do município de Senador La Rocque/MA Universo da pesquisa será dos eleitores com 16 anos ou mais. A amostra representará os eleitores do Município, selecionados em 2(dois) estágios. No primeiro estágio, os setores censitários, onde as entrevistas serão realizadas, foram selecionadas, probabilisticamente, através do método PPT - Probabilidade Proporcional ao Tamanho, tomando o número de eleitores como base para seleção. No segundo estágio, a seleção do entrevistado, dentro do setor censitário, será feita utilizando-se quotas proporcionais, e a abordagem será domiciliar.";"Utilizamos quotas proporcionais, em função das seguintes variáveis: Gênero: FEMININO 51,28% ; MASCULINO 48,72% ; Faixa etária: 16 a 24 anos 18,92% ; 25 a 34 anos 20,42% ; 35 a 44 anos 19,04% ; 45 a 59 anos 22,59% ; 60 anos ou mais 19,03% ; Grau de instrução: Analfabeto 8,96% ; Ensino Fundamental Completo 5,88% ; Ensino Fundamental Incompleto 23,52% ; Ensino Médio Completo 22,22% ; Ensino Médio Incompleto 20,29% ; Lê E Escreve 12,27% ; Superior Completo 5,08% ; Superior Incompleto 1,78% ; Fonte dos dados: TSE-Tribunal Superior Eleitoral/julho2026; Cruzamento Eleitorado Mensal https://sig.tse.jus.br/ords/dwapr/r/seai/sig-eleitor-eleitorado-mensal/cruzamento-eleitorado-mensal?p0_municipio=SENADOR%20LA%20ROCQUE&p0_uf=MA&session=101518372802196 ; Ano=2026; Mês = agosto; UF= MA; MUNICIPIO = Senador La Rocque; Renda familiar (A variável ¿classe de rendimento nominal mensal domiciliar¿ corresponde à classificação dos domicílios segundo a soma dos rendimentos nominais mensais de seus moradores, expressa em faixas de salários mínimos vigentes no período de referência do Censo Demográfico 2010. Trata-se da renda total do domicílio, não dividida pelo número de moradores, não devendo ser confundida com rendimento domiciliar per capita. Para fins de planejamento amostral e ponderação, foram preservadas as categorias e os percentuais originalmente disponibilizados pelo IBGE, sem reagrupamento ou recálculo das faixas.): Até 1/2 salário mínimo 12,73% ; Mais de 1/2 a 1 salário mínimo 26,38% ; Mais de 1 a 2 salários mínimos 30,91% ; Mais de 2 a 5 salários mínimos 19,69% ; Mais de 5 a 10 salários mínimos 3,78% ; Mais de 10 a 20 salários mínimos 0,53% ; Mais de 20 salários mínimos 0,20% ; Sem rendimento 5,78% ; Fonte dos dados: IBGE-Censo 2010-IBGE-CENSO 2022 (IBGE/Censo 2010 - Classe de rendimento nominal mensal domiciliar) ; https://cidades.ibge.gov.br/brasil/ma/senador-la-rocque/pesquisa/23/24304 ; ""Está prevista eventual ponderação da amostra para correção das variáveis sexo, idade, renda familiar e escolaridade com base nos percentuais anteriormente mencionados, caso ocorram diferenças entre os percentuais previstos na amostra e a coleta de dados realizada. O nível de confiança estimado é de 95% e a margem de erro máxima prevista, baseada em uma amostra aleatória simples (AAS), é de cerca de 5,2 pontos percentuais para mais ou para menos em relação aos totais da amostra. Nível Econômico: IBGE (Censo/2010) - Observação: Conforme informações obtidas do Instituto Brasileiro de Geografia e Estatística, o IBGE, não divulgou - e não tem previsão - de data para divulgação do perfil econômico (nível econômico) da população brasileira; portanto, os dados quanto ao nível econômico obtidos no Censo 2022, não podem ser utilizados, pois não foram publicados.""";"Para a realização da pesquisa, utiliza-se uma equipe de entrevistadores e supervisores credenciados devidamente treinados pela empresa para esse tipo de pesquisa. Após os trabalhos de campo, 100% dos questionários são criticados e passam por uma fiscalização de cerca de 20% (vinte por cento) dos questionários aplicados por cada entrevistador; para verificação da consistência das respostas e da adequação dos entrevistados aos parâmetros amostrais.";"#NULO#"
"28/09/2026";"05:46:54";2026;81;"Eleições Gerais 2026";"MA";"MA";"MARANHÃO";"MA021712026";"2026-08-19 22:27:16";"N";"49237968000125";"N C L DE CARVALHO";"EPO - ESTRATEGIA PESQUISAS DE OPINIAO";"Governador, Senador";"2026-08-19 00:00:00";"2026-08-24 00:00:00";"2026-08-25 00:00:00";2000;"8532";"HILDETE ALVES DA COSTA";"40000,00";"Pesquisa do tipo quantitativa, realizada por meio de questionário estruturado, aplicado presencialmente, de porta em porta, contendo questões abertas e fechadas, junto a uma amostra representativa do eleitorado do Estado do Maranhão.
A pesquisa utiliza plano amostral estruturado para assegurar adequada distribuição geográfica e sociodemográfica da amostra, considerando as características do eleitorado maranhense e os parâmetros definidos para o estudo.
";"Para assegurar adequada representatividade territorial e sociodemográfica do eleitorado da área em estudo, o plano amostral foi estruturado em três estágios de seleção, envolvendo municípios, setores censitários e, no estágio final, domicílios e entrevistados.
I ? UNIVERSO E AMOSTRA
O universo é constituído pelos eleitores do Estado do Maranhão, conforme dados oficiais do Tribunal Superior Eleitoral (TSE), considerando-se 5.188.155 eleitores.
A amostra compreende 2.000 entrevistas, distribuídas de forma a representar a composição geográfica e sociodemográfica do eleitorado maranhense.

1º ESTÁGIO ? SELEÇÃO DOS MUNICÍPIOS
Os municípios foram selecionados pelo método PPT ? Probabilidade Proporcional ao Tamanho, utilizando como medida de tamanho o eleitorado de cada município, conforme dados do TSE.
Municípios com 30 mil eleitores ou mais foram incluídos automaticamente, respeitando-se sua participação proporcional nas regiões de planejamento da pesquisa. Os demais foram selecionados probabilisticamente, buscando assegurar a representação das diferentes regiões do Estado.
2º ESTÁGIO ? SETORES CENSITÁRIOS
Nos municípios selecionados, foram sorteados setores censitários com referência na distribuição territorial da população, assegurando dispersão geográfica da amostra. A área física de realização da pesquisa corresponde aos municípios e respectivos setores censitários selecionados no Estado do Maranhão.

3º ESTÁGIO ? DOMICÍLIOS E ENTREVISTADOS
Nos setores selecionados, as entrevistas serão realizadas em domicílios, com seleção dos entrevistados mediante cotas proporcionais de gênero, faixa etária, grau de instrução e nível econômico.
A combinação da seleção probabilística de municípios e setores com o controle das cotas sociodemográficas busca assegurar adequada distribuição territorial e maior aderência entre o perfil da amostra e o eleitorado pesquisado.





PERCENTUAL DAS VARIÁVEIS A SABER:

GÊNERO: 
Masculino: 48,1%
Feminino: 51,9% 

FAIXA ETÁRIA: 
Entre 16 e 24 anos: 17,1% 
Entre 25 e 34 anos: 20,6% 
Entre 35 e 44 anos: 20,5%
Entre 45 e 59 anos: 23,0% 
Mais de 60 anos: 18,8% 

GRAU DE INSTRUÇÃO: 
Analfabeto, lê e escreve: 18,3% 
Ensino Fundamental Completo e Incompleto: 26,0% 
Ensino Médio Completo e Incompleto: 46,4% 
Ensino Superior Completo e Incompleto: 9,3% 

NÍVEL ECONÔMICO: 
Até 1 Salário Mínimo: 37,7% 
Mais de 1 até 2 Salários Mínimos: 27,2% 
Mais de 2 até 5 Salários Mínimos: 24,7% 
Acima de 5 Salários Mínimos: 10,4%


Está prevista eventual ponderação pós-estratificada das variáveis gênero e faixa etária caso sejam verificadas diferenças superiores a 3 pontos percentuais entre a distribuição prevista no plano amostral e a composição efetivamente obtida na coleta de dados.
Caso seja necessária a ponderação, os fatores serão calculados considerando a relação entre a proporção de referência de cada categoria e a proporção efetivamente observada na amostra.
Para as variáveis grau de instrução e nível econômico do entrevistado, não está prevista ponderação posterior, sendo atribuído fator de ponderação igual a 1, correspondente aos resultados obtidos em campo.

INTERVALO DE CONFIANÇA E MARGEM DE ERRO
Considerando um universo de 5.188.155 eleitores e uma amostra de 2.000 entrevistas, o nível de confiança adotado é de 95%.
A margem de erro máxima estimada é de 2,19 pontos percentuais, para mais ou para menos, considerando-se um modelo de amostragem aleatória simples (AAS) e situação de máxima variabilidade dos resultados.
.

https://sig.tse.jus.br/ords/dwapr/r/seai/sig-eleitor-eleitorado-mensal/perfil-do-eleitorado-mensal?p0_uf=MA&session=10117980383348
https://sidra.ibge.gov.br/tabela/10296 (IBGE/2022 - atualizado em 09/10/2025)
Variáveis dos microdados da PNAD
 .
FONTE DE DADOS: Censo IBGE 2010, 2022 e 2025. | PNAD | TSE/AGOSTO/2026.

";"EQUIPE DE CAMPO E CONTROLE DE QUALIDADE
Para a realização da pesquisa, foi utilizada uma equipe de entrevistadores, coordenadores e supervisores de campo devidamente capacitada e treinada pela EPO ? Estratégia Pesquisas de Opinião, seguindo rigorosamente os procedimentos metodológicos e operacionais estabelecidos para a coleta dos dados.
Durante o trabalho de campo, os pesquisadores são identificados por meio de colete e crachá institucional da empresa, em conformidade com as normas e procedimentos aplicáveis à atividade de pesquisa de opinião, observando-se as diretrizes da ABEP ? Associação Brasileira de Empresas de Pesquisa (Filiação nº 466).
O trabalho de campo é acompanhado diretamente pelos coordenadores e supervisores de campo, responsáveis pelo acompanhamento das equipes, pela orientação dos pesquisadores e pela verificação do cumprimento dos procedimentos metodológicos estabelecidos.
A realização das entrevistas também é acompanhada por meio de sistema de geolocalização (GPS), permitindo o monitoramento dos locais de aplicação e contribuindo para o controle, a segurança e a integridade do trabalho de campo.
FISCALIZAÇÃO E AUDITORIA DAS ENTREVISTAS
A EPO adota um sistema de controle e auditoria de 100% dos questionários aplicados. Dessa forma, todos os questionários, sem exceção, são submetidos a procedimentos de checagem e validação pela equipe de controle de qualidade, não sendo utilizada apenas uma amostra para fins de fiscalização.
Após a sincronização dos questionários com a plataforma de pesquisa, a equipe responsável no escritório realiza a checagem individual de cada entrevista, verificando a correta aplicação do instrumento, a consistência das informações coletadas e a aderência do entrevistado às cotas amostrais previamente estabelecidas.
Paralelamente, os coordenadores e supervisores de campo realizam verificações presenciais durante a coleta, acompanhando o trabalho dos entrevistadores, orientando as equipes e conferindo o cumprimento dos procedimentos metodológicos e operacionais definidos pela empresa.
A fiscalização ocorre de forma contínua e integrada entre as equipes de campo e o escritório, permitindo a identificação e correção de eventuais inconsistências, erros de aplicação ou desvios dos parâmetros estabelecidos.
O controle de 100% dos questionários constitui uma das etapas fundamentais do processo de garantia da qualidade da EPO, proporcionando maior rigor, confiabilidade e segurança aos dados utilizados na análise dos resultados.
PROTEÇÃO E SEGURANÇA DOS DADOS
A EPO ? Estratégia Pesquisas de Opinião adota procedimentos de proteção e segurança das informações coletadas, em conformidade com a Lei Geral de Proteção de Dados Pessoais (LGPD ? Lei nº 13.709/2018), buscando garantir o tratamento adequado, a confidencialidade e a segurança dos dados obtidos durante a realização da pesquisa.
RANDOMIZAÇÃO DOS CENÁRIOS ESTIMULADOS
Nos cenários estimulados que apresentam nomes de candidatos, a ordem de apresentação dos nomes é definida de forma randômica pelo aplicativo utilizado na coleta, reduzindo possíveis efeitos decorrentes da posição dos nomes e contribuindo para maior neutralidade na apresentação dos estímulos aos entrevistados.
 
";"REGISTRO COMPLEMENTADO

O registro da pesquisa foi devidamente complementado.

Clique abaixo em: ¿Visualizar arquivo com detalhamento de bairros/municípios¿ para acessar as informações complementares."
"28/09/2026";"05:46:54";2026;81;"Eleições Gerais 2026";"MA";"MA";"MARANHÃO";"MA096832026";"2026-09-09 13:15:32";"N";"64500153000180";"LAIS CRISTINA RODRIGUES DE OLIVEIRA LTDA";"IPSENSUS PESQUISAS";"Governador, Senador";"2026-09-10 00:00:00";"2026-09-14 00:00:00";"2026-09-15 00:00:00";350;"7655";"AUGUSTO DA SILVA ROCHA";"4000,00";"A pesquisa cobrirá o município envolvendo todas regiões do município de Grajaú/MA Universo da pesquisa será dos eleitores com 16 anos ou mais. A amostra representará os eleitores do Município, selecionados em 2(dois) estágios. No primeiro estágio, os setores censitários, onde as entrevistas serão realizadas, foram selecionadas, probabilisticamente, através do método PPT - Probabilidade Proporcional ao Tamanho, tomando o número de eleitores como base para seleção. No segundo estágio, a seleção do entrevistado, dentro do setor censitário, será feita utilizando-se quotas proporcionais, e a abordagem será domiciliar.";"Utilizamos quotas proporcionais, em função das seguintes variáveis: Gênero: FEMININO 50,06% ;
MASCULINO 49,94% ;

Faixa etária: 16 a 24 anos 19,79% ;
25 a 34 anos 20,05% ;
35 a 44 anos 18,86% ;
45 a 59 anos 21,39% ;
60 anos ou mais 19,91% ;

Grau de instrução:
Analfabeto 12,43% ;
Ensino Fundamental Completo 3,46% ;
Ensino Fundamental Incompleto 28,12% ;
Ensino Médio Completo 9,98% ;
Ensino Médio Incompleto 20,82% ;
Lê E Escreve 21,50% ;
Superior Completo 2,27% ;
Superior Incompleto 1,42% ;

Fonte dos dados: TSE-Tribunal Superior Eleitoral/agosto2026; Cruzamento Eleitorado Mensal https://sig.tse.jus.br/ords/dwapr/r/seai/sig-eleitor-eleitorado-mensal/cruzamento-eleitorado-mensal?p0_municipio=GRAJA%C3%9A&p0_uf=MA&session=15256181196985 ;

Ano=2026; Mês = agosto; UF= MA; MUNICIPIO = Grajaú;

Renda familiar: Até 1/2 salário mínimo 11,94% ;
Mais de 1/2 a 1 salário mínimo 24,59% ;
Mais de 1 a 2 salários mínimos 27,22% ;
Mais de 2 a 5 salários mínimos 19,34% ;
Mais de 5 a 10 salários mínimos 4,41% ;
Mais de 10 a 20 salários mínimos 1,13% ;
Mais de 20 salários mínimos 0,52% ;
Sem rendimento 10,85% ;

Fonte dos dados: IBGE-Censo 2010-IBGE-CENSO 2022 (IBGE/Censo 2010 - Classe de rendimento nominal mensal domiciliar) ; https://cidades.ibge.gov.br/brasil/ma/grajau/pesquisa/23/24304 ;

""Está prevista eventual ponderação da amostra para correção das variáveis sexo, idade, renda familiar e escolaridade com base nos percentuais anteriormente mencionados, caso ocorram diferenças entre os percentuais previstos na amostra e a coleta de dados realizada. O nível de confiança estimado é de 95% e a margem de erro máxima prevista, baseada em uma amostra aleatória simples (AAS), é de cerca de 5,2 pontos percentuais para mais ou para menos em relação aos totais da amostra. Nível Econômico: IBGE (Censo/2010) - Observação: Conforme informações obtidas do Instituto Brasileiro de Geografia e Estatística, o IBGE, não divulgou - e não tem previsão - de data para divulgação do perfil econômico (nível econômico) da população brasileira; portanto, os dados quanto ao nível econômico obtidos no Censo 2022, não podem ser utilizados, pois não foram publicados.""";"Para a realização da pesquisa, utiliza-se uma equipe de entrevistadores e supervisores credenciados devidamente treinados pela empresa para esse tipo de pesquisa. Após os trabalhos de campo, 100% dos questionários são criticados e passam por uma fiscalização de cerca de 20% (vinte por cento) dos questionários aplicados por cada entrevistador; para verificação da consistência das respostas e da adequação dos entrevistados aos parâmetros amostrais.";"#NULO#"
"28/09/2026";"05:46:54";2026;81;"Eleições Gerais 2026";"MA";"MA";"MARANHÃO";"MA044792026";"2026-09-26 17:29:15";"N";"44470818000143";"ECONOMETRICA PESQUISA LTDA";"ECONOMETRICA PESQUISA";"Governador, Senador, Deputado Federal, Deputado Estadual";"2026-09-16 00:00:00";"2026-09-23 00:00:00";"2026-10-02 00:00:00";3037;"8223A";"DANILIO SILVA SANTOS";"48000,00";"Pesquisa quantitativa, que consiste na realização de entrevistas pessoais face a face, com a aplicação de questionário estruturado com questões abertas e fechadas, conduzida por pessoas previamente treinadas e oficialmente identificadas. A distribuição da amostra será feita a partir da representação do eleitorado das 6 regiões do Estado do Maranhão.";"Amostra representativa do eleitorado do Maranhão elaborada em três estágios. No primeiro estágio faz-se um sorteio probabilístico dos municípios de cada Mesorregião, onde o sorteio dos municípios será realizado pelo método PPT (Probabilidade Proporcional ao Tamanho), tomando o eleitorado como base para tal seleção. No segundo estágio faz-se um sorteio probabilístico dos bairros que serão pesquisados, tomando eleitorado como base para tal seleção. No terceiro e último estágio, dentro dos setores sorteados, os respondentes são selecionados através de quotas amostrais proporcionais em função de variáveis significativas, a saber: SEXO: Masculino: 48%; Feminino: 52%; IDADE: De 16 a 24 anos: 17%; De 25 a 34 anos: 21%; De 35 a 44 anos: 21%; De 45 a 59 anos: 23%, De 60 a mais: 18%; ESCOLARIDADE: Sem instrução ou Lê e escreve: 19%, Ensino Fundamental: 27%, Ensino Médio: 45%, Ensino Superior Incompleto e Completo: 9%. RENDA FAMILIAR: Até 1 Salário-mínimo:
23%, De 1 a 2 Salários-mínimos: 51%, De 2 a 5 Salários-mínimos: 22% e Mais de 5 Salários-mínimos: 4%. Está prevista eventual ponderação para correção das variáveis sexo, idade e escolaridade e renda com base nos percentuais anteriormente mencionados, caso ocorram diferenças superiores a 4 pontos percentuais entre o previsto na amostra e a coleta de dados realizada. Para a variáveis RELIGIÃO do entrevistado, o fator previsto para ponderação é 1 (resultados obtidos em campo). O número de entrevistas é de 3037. O nível de confiança estimado é de 95% e a margem de erro máxima estimada considerando um modelo de amostragem aleatório simples, é de 1,7 pontos percentuais para mais ou para menos sobre os resultados encontrados no total da amostra.
FONTE DOS DADOS: Censo 2022 | TSE 2026.";"Para a realização da pesquisa, utiliza-se uma equipe de entrevistadores e supervisores contratados pelo ECONOMÉTRICA PESQUISA LTDA. devidamente treinados para o trabalho. Após os trabalhos de campo, os questionários são submetidos a uma fiscalização de 20% (vinte por cento) dos questionários aplicados pelos entrevistadores; para verificação das respostas e da adequação dos entrevistadores aos parâmetros amostrais.";"Açailândia 83, Alto Alegre do Pindaré 27, Amarante do Maranhão 30, Anajatuba 28, Anapurus 16, Arame 25, Bacabal 85, Balsas 86, Barra do Corda 72, Barreirinhas 72, Bequimão 27, Buriti Bravo 20, Buriticupu 46, Cajari 22, Campestre do Maranhão 12, Cantanhede 21, Carolina 22, Caxias 133, Chapadinha 69, Cidelândia 12, Codó 94, Coelho Neto 37, Cururupu 42, Estreito 29, Fortuna 15, Grajaú 59, Humberto de Campos 36, Imperatriz 205, Itapecuru Mirim 67, Itinga do Maranhão 18, Lima Campos 13, Mata Roma 19, Matões 33, Mirinzal 18, Nova Olinda do Maranhão 14, Paço do Lumiar 55, Palmeirândia 24, Pindaré-Mirim 30, Pinheiro 86, Poção de Pedras 17, Presidente Dutra 34, Primeira Cruz 15, Santa Helena 34, Santa Inês 72, Santa Luzia 48, São Bento 39, São José de Ribamar 79, São Luís 438, São Luís Gonzaga do Maranhão 20, São Mateus do Maranhão 34, Sítio Novo 15, Timbiras 24, Timon 144, Tuntum 32, Turilândia 17, Tutóia 59, Urbano Santos 28, Vargem Grande 48, Zé Doca 38. Total: 3037"
"28/09/2026";"05:46:54";2026;81;"Eleições Gerais 2026";"MA";"MA";"MARANHÃO";"MA020242026";"2026-09-23 22:23:12";"N";"47425567000173";"IPPI PESQUISAS E CONSULTORIA LTDA";"IPPI - PESQUISAS E CONSULTORIAS";"Governador, Senador, Deputado Federal, Deputado Estadual";"2026-09-23 00:00:00";"2026-09-25 00:00:00";"2026-09-29 00:00:00";500;"10644";"ANTONIO ALBERTO IBIAPINA COSTA FILHO";"6000,00";"Pesquisa quantitativa, do tipo levantamento (survey), realizada por meio de entrevistas pessoais e presenciais, aplicadas nos domicílios, com questionário estruturado, junto a amostra representativa dos eleitores de 16 anos ou mais residentes no município de Timon (MA).";"O público-alvo da pesquisa é constituído por eleitores com 16 anos ou mais, residentes no município de Timon/MA. A pesquisa utilizará desenho amostral em dois estágios. No primeiro estágio, será realizada a seleção probabilística das localidades de aplicação das entrevistas, por meio do método PPT - Probabilidade Proporcional ao Tamanho - tendo como referência a distribuição da população eleitoral entre as localidades do município. No segundo estágio, os entrevistados serão selecionados dentro das localidades mediante cotas amostrais de sexo, faixa etária, renda domiciliar total e nível de instrução.
O perfil previsto da amostra é: Sexo: masculino (46%) e feminino (54%). Faixa etária: 16 a 24 anos (16%); 25 a 34 anos (21%); 35 a 44 anos (21%); 45 a 59 anos (24%); 60 anos ou mais (18%). Renda domiciliar total: até 2 salários-mínimos (59%); mais de 2 a 5 salários-mínimos (32%); mais de 5 salários-mínimos (9%). Nível de instrução: de analfabeto até ensino fundamental completo (39%); ensino médio incompleto ou completo (49%); ensino superior incompleto, completo ou mais (12%).
As referências utilizadas para definição do perfil amostral são dados do Tribunal Superior Eleitoral - TSE, Censo Demográfico 2022 - IBGE e PNAD Contínua Anual 2025. Está prevista eventual ponderação dos dados para correção de diferenças entre a distribuição planejada e a distribuição efetivamente obtida na coleta, especialmente em relação às variáveis sexo e idade. Serão realizadas 500 entrevistas. O nível de confiança considerado é de 95%, com margem de erro máxima estimada de aproximadamente 4,4 pontos percentuais, para mais ou para menos, considerando-se a amostra aleatória simples como aproximação para o cálculo do erro amostral.";"As entrevistas serão realizadas por uma equipe de entrevistadores devidamente qualificada, com experiência e treinamento em pesquisa de opinião pública. Após a realização da coleta de dados, as entrevistas junto aos respondentes são checadas por meio de procedimentos de consistência . Ao longo e após os trabalhos de campo, é realizada uma fiscalização que consiste na checagem de áudio de uma amostra de 30% dos questionários aplicados para verificação das respostas e da adequação dos entrevistados aos parâmetros amostrais.";"A área de abrangência da coleta é o município de Timon (MA). A relação de áreas de abrangência da pesquisa constará em anexo. A partir do dia em que a pesquisa puder ser divulgada e até o dia seguinte, o registro poderá ser complementado, sob pena de ser a pesquisa considerada não registrada. Na ausência de delimitação do bairro, será identificada a área em que foi realizada, conforme §7º. do art. 2º. da Resolução-TSE nº. 23.600/2019."
"28/09/2026";"05:46:54";2026;81;"Eleições Gerais 2026";"MA";"MA";"MARANHÃO";"MA023612026";"2026-09-14 22:45:29";"N";"64500153000180";"LAIS CRISTINA RODRIGUES DE OLIVEIRA LTDA";"IPSENSUS PESQUISAS";"Governador, Senador";"2026-09-14 00:00:00";"2026-09-18 00:00:00";"2026-09-20 00:00:00";350;"7655";"AUGUSTO DA SILVA ROCHA";"4000,00";"A pesquisa cobrirá o município envolvendo todas regiões do município de Sucupira do Norte/MA Universo da pesquisa será dos eleitores com 16 anos ou mais. A amostra representará os eleitores do Município, selecionados em 2(dois) estágios. No primeiro estágio, os setores censitários, onde as entrevistas serão realizadas, foram selecionadas, probabilisticamente, através do método PPT - Probabilidade Proporcional ao Tamanho, tomando o número de eleitores como base para seleção. No segundo estágio, a seleção do entrevistado, dentro do setor censitário, será feita utilizando-se quotas proporcionais, e a abordagem será domiciliar.";"Utilizamos quotas proporcionais, em função das seguintes variáveis:

Gênero: FEMININO 54,00% ;
MASCULINO 46,00% ;


Faixa etária: 16 a 24 anos 16,54% ;
25 a 34 anos 20,63% ;
35 a 44 anos 19,74% ;
45 a 59 anos 23,47% ;
60 anos ou mais 19,62% ;

Grau de instrução: Analfabeto 5,27% ;
Ensino Fundamental Completo 5,85% ;
Ensino Fundamental Incompleto 18,76% ;
Ensino Médio Completo 31,62% ;
Ensino Médio Incompleto 19,22% ;
Lê E Escreve 10,05% ;
Superior Completo 5,83% ;
Superior Incompleto 3,40% ;

Fonte dos dados: TSE-Tribunal Superior Eleitoral/julho2026; Cruzamento Eleitorado Mensal https://sig.tse.jus.br/ords/dwapr/r/seai/sig-eleitor-eleitorado-mensal/cruzamento-eleitorado-mensal?p0_municipio=SUCUPIRA%20DO%20NORTE&p0_uf=MA&session=211426802570335 ;


Ano=2026; Mês = agosto; UF= MA; MUNICIPIO = Sucupira do Norte;

Renda familiar (A variável ¿classe de rendimento nominal mensal domiciliar¿ corresponde à classificação dos domicílios segundo a soma dos rendimentos nominais mensais de seus moradores, expressa em faixas de salários mínimos vigentes no período de referência do Censo Demográfico 2010. Trata-se da renda total do domicílio, não dividida pelo número de moradores, não devendo ser confundida com rendimento domiciliar per capita. Para fins de planejamento amostral e ponderação, foram preservadas as categorias e os percentuais originalmente disponibilizados pelo IBGE, sem reagrupamento ou recálculo das faixas.): Até 1/2 salário mínimo 27,00% ;
Mais de 1/2 a 1 salário mínimo 20,44% ;
Mais de 1 a 2 salários mínimos 29,26% ;
Mais de 2 a 5 salários mínimos 13,15% ;
Mais de 5 a 10 salários mínimos 2,48% ;
Mais de 10 a 20 salários mínimos 0,52% ;
Mais de 20 salários mínimos 0,26% ;
Sem rendimento 6,89% ;


Fonte dos dados: IBGE-Censo 2010-IBGE-CENSO 2022 (IBGE/Censo 2010 - Classe de rendimento nominal mensal domiciliar) ; https://cidades.ibge.gov.br/brasil/ma/sucupira-do-norte/pesquisa/23/24304 ;


""Está prevista eventual ponderação da amostra para correção das variáveis sexo, idade, renda familiar e escolaridade com base nos percentuais anteriormente mencionados, caso ocorram diferenças entre os percentuais previstos na amostra e a coleta de dados realizada. O nível de confiança estimado é de 95% e a margem de erro máxima prevista, baseada em uma amostra aleatória simples (AAS), é de cerca de 5,2 pontos percentuais para mais ou para menos em relação aos totais da amostra. Nível Econômico: IBGE (Censo/2010) - Observação: Conforme informações obtidas do Instituto Brasileiro de Geografia e Estatística, o IBGE, não divulgou - e não tem previsão - de data para divulgação do perfil econômico (nível econômico) da população brasileira; portanto, os dados quanto ao nível econômico obtidos no Censo 2022, não podem ser utilizados, pois não foram publicados.""";"Para a realização da pesquisa, utiliza-se uma equipe de entrevistadores e supervisores credenciados devidamente treinados pela empresa para esse tipo de pesquisa. Após os trabalhos de campo, 100% dos questionários são criticados e passam por uma fiscalização de cerca de 20% (vinte por cento) dos questionários aplicados por cada entrevistador; para verificação da consistência das respostas e da adequação dos entrevistados aos parâmetros amostrais.";"#NULO#"
"28/09/2026";"05:46:54";2026;81;"Eleições Gerais 2026";"MA";"MA";"MARANHÃO";"MA073042026";"2026-09-18 15:58:40";"N";"49237968000125";"N C L DE CARVALHO";"EPO - ESTRATEGIA PESQUISAS DE OPINIAO";"Governador, Senador";"2026-09-18 00:00:00";"2026-09-22 00:00:00";"2026-09-24 00:00:00";2000;"8532";"HILDETE ALVES DA COSTA";"40000,00";"Pesquisa do tipo quantitativa, realizada por meio de questionário estruturado, aplicado presencialmente, de porta em porta, contendo questões abertas e fechadas, junto a uma amostra representativa do eleitorado do Estado do Maranhão.
A pesquisa utiliza plano amostral estruturado para assegurar adequada distribuição geográfica e sociodemográfica da amostra, considerando as características do eleitorado maranhense e os parâmetros definidos para o estudo.";"Para assegurar adequada representatividade territorial e sociodemográfica do eleitorado da área em estudo, o plano amostral foi estruturado em três estágios de seleção, envolvendo municípios, setores censitários e, no estágio final, domicílios e entrevistados.
I ¿ UNIVERSO E AMOSTRA
O universo é constituído pelos eleitores do Estado do Maranhão, conforme dados oficiais do Tribunal Superior Eleitoral (TSE), considerando-se 5.188.155 eleitores.
A amostra compreende 2.000 entrevistas, distribuídas de forma a representar a composição geográfica e sociodemográfica do eleitorado maranhense.
1º ESTÁGIO ¿ SELEÇÃO DOS MUNICÍPIOS
Os municípios foram selecionados pelo método PPT ¿ Probabilidade Proporcional ao Tamanho, utilizando como medida de tamanho o eleitorado de cada município, conforme dados do TSE.
Municípios com 30 mil eleitores ou mais foram incluídos automaticamente, respeitando-se sua participação proporcional nas regiões de planejamento da pesquisa. Os demais foram selecionados probabilisticamente, buscando assegurar a representação das diferentes regiões do Estado.
2º ESTÁGIO ¿ SETORES CENSITÁRIOS
Nos municípios selecionados, foram sorteados setores censitários com referência na distribuição territorial da população, assegurando dispersão geográfica da amostra. A área física de realização da pesquisa corresponde aos municípios e respectivos setores censitários selecionados no Estado do Maranhão.
3º ESTÁGIO ¿ DOMICÍLIOS E ENTREVISTADOS
Nos setores selecionados, as entrevistas serão realizadas em domicílios, com seleção dos entrevistados mediante cotas proporcionais de gênero, faixa etária, grau de instrução e nível econômico.
A combinação da seleção probabilística de municípios e setores com o controle das cotas sociodemográficas busca assegurar adequada distribuição territorial e maior aderência entre o perfil da amostra e o eleitorado pesquisado.
PERCENTUAL DAS VARIÁVEIS A SABER:
GÊNERO:
Masculino: 48,0%
Feminino: 52,0%
FAIXA ETÁRIA:
Entre 16 e 24 anos: 17,1%
Entre 25 e 34 anos: 20,6%
Entre 35 e 44 anos: 20,5%
Entre 45 e 59 anos: 23,0%
Mais de 60 anos: 18,8%
GRAU DE INSTRUÇÃO:
Analfabeto, lê e escreve: 18,3%
Ensino Fundamental Completo e Incompleto: 26,0%
Ensino Médio Completo e Incompleto: 46,4%
Ensino Superior Completo e Incompleto: 9,3%
NÍVEL ECONÔMICO:
Até 1 Salário Mínimo: 37,7%
Mais de 1 até 2 Salários Mínimos: 27,2%
Mais de 2 até 5 Salários Mínimos: 24,7%
Acima de 5 Salários Mínimos: 10,4%
Está prevista eventual ponderação pós-estratificada das variáveis gênero e faixa etária caso sejam verificadas diferenças superiores a 3 pontos percentuais entre a distribuição prevista no plano amostral e a composição efetivamente obtida na coleta de dados.
Caso seja necessária a ponderação, os fatores serão calculados considerando a relação entre a proporção de referência de cada categoria e a proporção efetivamente observada na amostra.
Para as variáveis grau de instrução e nível econômico do entrevistado, não está prevista ponderação posterior, sendo atribuído fator de ponderação igual a 1, correspondente aos resultados obtidos em campo.
INTERVALO DE CONFIANÇA E MARGEM DE ERRO
Considerando um universo de 5.188.155 eleitores e uma amostra de 2.000 entrevistas, o nível de confiança adotado é de 95%.
A margem de erro máxima estimada é de 2,19 pontos percentuais, para mais ou para menos, considerando-se um modelo de amostragem aleatória simples (AAS) e situação de máxima variabilidade dos resultados.
.
https://sig.tse.jus.br/ords/dwapr/r/seai/sig-eleitor-eleitorado-mensal/perfil-do-eleitorado-mensal?p0_uf=MA&session=10117980383348
https://sidra.ibge.gov.br/tabela/10296 (IBGE/2022 - atualizado em 09/10/2025)
Variáveis dos microdados da PNAD
.
FONTE DE DADOS: Censo IBGE 2022 | PNAD | TSE/SETEMBRO/2026.";"EQUIPE DE CAMPO E CONTROLE DE QUALIDADE
Para a realização da pesquisa, foi utilizada uma equipe de entrevistadores, coordenadores e supervisores de campo devidamente capacitada e treinada pela EPO ¿ Estratégia Pesquisas de Opinião, seguindo rigorosamente os procedimentos metodológicos e operacionais estabelecidos para a coleta dos dados.
Durante o trabalho de campo, os pesquisadores são identificados por meio de colete e crachá institucional da empresa, em conformidade com as normas e procedimentos aplicáveis à atividade de pesquisa de opinião, observando-se as diretrizes da ABEP ¿ Associação Brasileira de Empresas de Pesquisa (Filiação nº 466).
O trabalho de campo é acompanhado diretamente pelos coordenadores e supervisores de campo, responsáveis pelo acompanhamento das equipes, pela orientação dos pesquisadores e pela verificação do cumprimento dos procedimentos metodológicos estabelecidos.
A realização das entrevistas também é acompanhada por meio de sistema de geolocalização (GPS), permitindo o monitoramento dos locais de aplicação e contribuindo para o controle, a segurança e a integridade do trabalho de campo.
FISCALIZAÇÃO E AUDITORIA DAS ENTREVISTAS
A EPO adota um sistema de controle e auditoria de 100% dos questionários aplicados. Dessa forma, todos os questionários, sem exceção, são submetidos a procedimentos de checagem e validação pela equipe de controle de qualidade, não sendo utilizada apenas uma amostra para fins de fiscalização.
Após a sincronização dos questionários com a plataforma de pesquisa, a equipe responsável no escritório realiza a checagem individual de cada entrevista, verificando a correta aplicação do instrumento, a consistência das informações coletadas e a aderência do entrevistado às cotas amostrais previamente estabelecidas.
Paralelamente, os coordenadores e supervisores de campo realizam verificações presenciais durante a coleta, acompanhando o trabalho dos entrevistadores, orientando as equipes e conferindo o cumprimento dos procedimentos metodológicos e operacionais definidos pela empresa.
A fiscalização ocorre de forma contínua e integrada entre as equipes de campo e o escritório, permitindo a identificação e correção de eventuais inconsistências, erros de aplicação ou desvios dos parâmetros estabelecidos.
O controle de 100% dos questionários constitui uma das etapas fundamentais do processo de garantia da qualidade da EPO, proporcionando maior rigor, confiabilidade e segurança aos dados utilizados na análise dos resultados.
PROTEÇÃO E SEGURANÇA DOS DADOS
A EPO Estratégia Pesquisas de Opinião adota procedimentos de proteção e segurança das informações coletadas, em conformidade com a Lei Geral de Proteção de Dados Pessoais (LGPD Lei nº 13.709/2018), buscando garantir o tratamento adequado, a confidencialidade e a segurança dos dados obtidos durante a realização da pesquisa.
RANDOMIZAÇÃO DOS CENÁRIOS ESTIMULADOS
Nos cenários estimulados que apresentam nomes de candidatos, a ordem de apresentação dos nomes é definida de forma randômica pelo aplicativo utilizado na coleta, reduzindo possíveis efeitos decorrentes da posição dos nomes e contribuindo para maior neutralidade na apresentação dos estímulos aos entrevistados.";"A área de abrangência da coleta é o ESTADO DO MARANHÃO em 70 municípios. Conforme previsto no §7º, do art. 2º, da Resolução 23.600 de 12 de dezembro de 2019, em vigor com a Resolução Nº 23.727, de 27 de fevereiro de 2024, o registro da pesquisa será complementado no prazo legal com os dados relativos à área em que foi realizada. Art. 2º, § 7º A partir do dia em que a pesquisa puder ser divulgada e até o dia seguinte, O REGISTRO SERÁ COMPLEMENTADO."
"28/09/2026";"05:46:54";2026;81;"Eleições Gerais 2026";"MA";"MA";"MARANHÃO";"MA049682026";"2026-09-20 21:55:01";"N";"55536013000171";"M R BORGES PROMOCOES";"VOX BRASIL PUBLICIDADE MARKETING";"Governador, Senador";"2026-09-17 00:00:00";"2026-09-20 00:00:00";"2026-09-26 00:00:00";1910;"10190";"STENIO RODRIGUES LIMA";"12000,00";"Pesquisa quantitativa realizada com eleitores a partir de 16 anos de idade, com entrevistas domiciliar e individual e questionário estruturado. A pesquisa utiliza plano amostral estruturado para assegurar adequada distribuição geográfica e sociodemográfica da amostra, considerando as características do eleitorado maranhense e os parâmetros definidos para o estudo Coleta de dados.";"Universo da pesquisa: 5.186.562 eleitores do Estado do MARANHÃO ¿ MA.
Amostra: 1.910 entrevistas, distribuídas de forma a representar a composição geográfica e sociodemográfica do eleitorado maranhense.
Plano amostral e ponderação quanto a gênero, idade, grau de instrução e nível econômico do entrevistado; intervalo de confiança e margem de erro:
O público pesquisado é composto por eleitores de 16 anos ou mais residentes na área de abrangência da pesquisa. Para produzir uma amostra representativa desse público-alvo, utilizamos um desenho amostral em 3 estágios. No primeiro estágio, é feito um sorteio probabilístico dos municípios onde as entrevistas serão realizadas por meio do método PPT (Probabilidade Proporcional ao Tamanho) considerando a população votante de cada município. No segundo estágio, dentro dos municípios selecionados, foram sorteados setores censitários com referência na distribuição territorial da população, assegurando dispersão geográfica da amostra. No terceiro estágio, a seleção dos entrevistados dentro dos setores censitários serão realizadas em domicílios através de cotas proporcionais para as seguintes variáveis: sexo, idade, renda familiar e escolaridade.
As variáveis gênero, faixa etária, nível de instrução são ponderados de acordo com as Estatísticas do Eleitorado do Maranhão, conforme dados oficiais do Tribunal Superior Eleitoral (TSE). A variável classe de renda é ponderada de acordo com as Estatísticas do Censo Demográfico IBGE 2022, SIDRA ¿ tabela 10296. Cotas de Gênero: masculino (48,1%), feminino (51,9%); Cotas de faixa etária: 16 a 24 anos (17,1%), de 25 a 34 anos (20,6%), de 35 a 44 anos (20,5%), de 45 a 59 anos (23,0%), 60 anos ou mais (18,9%); Cotas de nível de instrução: analfabeto (7,2%), lê e escreve (11,0%), ensino fundamental incompleto/completo (26,0%), ensino médio incompleto/completo (46,4%), ensino superior incompleto/completo (9,3%); Cotas de classe de renda domiciliar: Até 2 SM (94,4%), Mais 2 até 5 SM (4,6%), Mais 5 SM (1,1%). Está prevista eventual ponderação da amostra, para correção de estimativas e das distribuições das variáveis sexo e idade, com base nos percentuais anteriormente mencionados, caso ocorram diferenças entre os percentuais previstos na amostra e a coleta de dados realizada.
O Intervalo de confiança é de 95%, com nível de significância de 5%, e margem de erro de 2,35 pontos percentuais para mais ou para menos, nas estatísticas apresentadas para o total da amostra levantada considerando variância máxima, p = 0,5 e 1-p = 0,5.";"O controle de qualidade inicia-se com o treinamento dos pesquisadores e pré-teste do questionário a ser aplicado. Durante o trabalho de campo os pesquisadores são supervisionados por coordenadores. Após a coleta é feita supervisão interna de 100% dos questionários e dos dados feita pelos pesquisadores. A checagem por telefone é realizada em no mínimo 30% dos formulários aplicados, de acordo com exigências da ABEP ¿ Associação Brasileira de Empresas e Pesquisas. O sistema de verificação interno de controle, feito por 1 estatístico e 1 coordenador geral, se realiza através de programas específicos de computação, formulação, codificação e tabulação dos dados.";"Na ausência de delimitação do bairro, será identificada a área em que foi realizada a pesquisa (conforme §7º. do art. 2º. da Resolução-TSE nº. 23.600/2019, A partir do dia em que a pesquisa puder ser divulgada e até o dia seguinte, o registro deverá ser complementado, sob pena de ser a pesquisa considerada não registrada; na ausência de delimitação do bairro, será identificada a área em que foi realizada):
A área geográfica da pesquisa é o Estado do Maranhão ¿ MA em 40 municípios.

MUNICÍPIOS PESQUISADOS: Açailândia, Araioses, Bacabal, Barra do Corda, Balsas, Brejo, Buriti Cupu, Caxias, Codó, Coroatá, Chapadinha, Cururupu, Gov. Nunes Freire, Grajau, Imperatriz, Itapecuru Mirim, Lago Pedra, Maranhãozinho, Miranda do Norte, Paço Lumiar, Pastos Bons, Pedreiras, Pinheiro, Pindaré Mirim, Porto Franco, Presidente Dutra, São Luís, São Jose Ribamar, São Benedito Rio Preto, São Domingos do Maranhão, Santa Luzia, Santa Inês, Senador La Rocque, Timbiras, Timon, Tuntum, Urbano Santos, Vargem Grande, Viana, Vitorino Freire."
"28/09/2026";"05:46:54";2026;81;"Eleições Gerais 2026";"MA";"MA";"MARANHÃO";"MA053492026";"2026-09-20 22:24:05";"N";"47425567000173";"IPPI PESQUISAS E CONSULTORIA LTDA";"IPPI - PESQUISAS E CONSULTORIAS";"Governador, Senador, Deputado Federal, Deputado Estadual";"2026-09-20 00:00:00";"2026-09-22 00:00:00";"2026-09-26 00:00:00";400;"10644";"ANTONIO ALBERTO IBIAPINA COSTA FILHO";"6000,00";"Pesquisa quantitativa, do tipo levantamento (survey), realizada por meio de entrevistas pessoais e presenciais, aplicadas nos domicílios, com questionário estruturado, junto a amostra representativa dos eleitores de 16 anos ou mais residentes no município de Chapadinha (MA).";"O público-alvo da pesquisa é constituído por eleitores com 16 anos ou mais, residentes no município de Chapadinha/MA. A pesquisa utilizará desenho amostral em dois estágios. No primeiro estágio, será realizada a seleção probabilística das localidades de aplicação das entrevistas, por meio do método PPT ¿ Probabilidade Proporcional ao Tamanho ¿, tendo como referência a distribuição da população eleitoral entre as localidades do município. No segundo estágio, os entrevistados serão selecionados dentro das localidades mediante cotas amostrais de sexo, faixa etária, renda domiciliar total e nível de instrução. O perfil previsto da amostra é: Sexo: masculino (47%) e feminino (53%). Faixa etária: 16 a 24 anos (19%); 25 a 34 anos (21%); 35 a 44 anos (21%); 45 a 59 anos (21%); 60 anos ou mais (18%). Renda domiciliar total: até 2 salários-mínimos (70%); mais de 2 a 5 salários-mínimos (24%); mais de 5 salários-mínimos (6%). Nível de instrução: de analfabeto até ensino fundamental completo (49%); ensino médio incompleto ou completo (43%); ensino superior incompleto, completo ou mais (8%). O cadastro eleitoral de 2026 registra 60.384 eleitores em Chapadinha; sexo, idade e escolaridade acima resultam da agregação das categorias desse cadastro. As fontes públicas utilizadas para definição do perfil amostral são o Tribunal Superior Eleitoral ¿ TSE, cadastro eleitoral de 2026, para as variáveis sexo, faixa etária e nível de instrução, e o Censo Demográfico 2022 ¿ IBGE, para a variável renda domiciliar. A PNAD Contínua Anual 2025 ¿ IBGE é utilizada como referência complementar. As variáveis renda domiciliar e nível de instrução serão controladas durante a coleta mediante cotas amostrais. Está prevista eventual ponderação dos dados para correção de diferenças entre a distribuição planejada e a distribuição efetivamente obtida na coleta, especialmente em relação às variáveis sexo e idade, caso sejam observados desvios em relação aos percentuais previstos. Serão realizadas 400 entrevistas. O nível de confiança considerado é de 95%, com margem de erro máxima estimada de aproximadamente 4,9 pontos percentuais, para mais ou para menos, considerando-se a amostra aleatória simples (AAS) como aproximação para o cálculo do erro amostral.";"As entrevistas serão realizadas por uma equipe de entrevistadores devidamente qualificada, com experiência e treinamento em pesquisa de opinião pública. Após a realização da coleta de dados, as entrevistas junto aos respondentes são checadas por meio de procedimentos de consistência . Ao longo e após os trabalhos de campo, é realizada uma fiscalização que consiste na checagem de áudio de uma amostra de 30% dos questionários aplicados para verificação das respostas e da adequação dos entrevistados aos parâmetros amostrais.";"A área de abrangência da coleta é o município de Chapadinha (MA). A relação de áreas de abrangência da pesquisa constará em anexo. A partir do dia em que a pesquisa puder ser divulgada e até o dia seguinte, o registro poderá ser complementado, sob pena de ser a pesquisa considerada não registrada. Na ausência de delimitação do bairro, será identificada a área em que foi realizada, conforme §7º. do art. 2º. da Resolução-TSE nº. 23.600/2019."
"28/09/2026";"05:46:54";2026;81;"Eleições Gerais 2026";"MA";"MA";"MARANHÃO";"MA043842026";"2026-09-09 15:32:13";"N";"64500153000180";"LAIS CRISTINA RODRIGUES DE OLIVEIRA LTDA";"IPSENSUS PESQUISAS";"Governador, Senador";"2026-09-09 00:00:00";"2026-09-13 00:00:00";"2026-09-15 00:00:00";350;"7655";"AUGUSTO DA SILVA ROCHA";"4000,00";"A pesquisa cobrirá o município envolvendo todas regiões do município de Matões/MA Universo da pesquisa será dos eleitores com 16 anos ou mais. A amostra representará os eleitores do Município, selecionados em 2(dois) estágios. No primeiro estágio, os setores censitários, onde as entrevistas serão realizadas, foram selecionadas, probabilisticamente, através do método PPT - Probabilidade Proporcional ao Tamanho, tomando o número de eleitores como base para seleção. No segundo estágio, a seleção do entrevistado, dentro do setor censitário, será feita utilizando-se quotas proporcionais, e a abordagem será domiciliar.";"Utilizamos quotas proporcionais, em função das seguintes variáveis: Gênero: FEMININO 50,06% ;
MASCULINO 49,94% ;


Faixa etária: 16 a 24 anos 19,79% ;
25 a 34 anos 20,05% ;
35 a 44 anos 18,86% ;
45 a 59 anos 21,39% ;
60 anos ou mais 19,91% ;


Grau de instrução: Analfabeto 12,43% ;
Ensino Fundamental Completo 3,46% ;
Ensino Fundamental Incompleto 28,12% ;
Ensino Médio Completo 9,98% ;
Ensino Médio Incompleto 20,83% ;
Lê E Escreve 21,50% ;
Superior Completo 2,27% ;
Superior Incompleto 1,41% ;



Fonte dos dados: TSE-Tribunal Superior Eleitoral/agosto2026; Cruzamento Eleitorado Mensal https://sig.tse.jus.br/ords/dwapr/r/seai/sig-eleitor-eleitorado-mensal/cruzamento-eleitorado-mensal?p0_municipio=MAT%C3%95ES&p0_uf=MA&session=203493933491827;

Ano=2026; Mês = agosto; UF= MA; MUNICIPIO = Matões;

Renda familiar: Até 1/2 salário mínimo 21,84% ;
Mais de 1/2 a 1 salário mínimo 22,54% ;
Mais de 1 a 2 salários mínimos 26,97% ;
Mais de 2 a 5 salários mínimos 13,54% ;
Mais de 5 a 10 salários mínimos 1,92% ;
Mais de 10 a 20 salários mínimos 0,50% ;
Mais de 20 salários mínimos 0,14% ;
Sem rendimento 12,55% ;


Fonte dos dados: IBGE-Censo 2010-IBGE-CENSO 2022 (IBGE/Censo 2010 - Classe de rendimento nominal mensal domiciliar) ; https://cidades.ibge.gov.br/brasil/ma/matoes/pesquisa/23/24304 ;

""Está prevista eventual ponderação da amostra para correção das variáveis sexo, idade, renda familiar e escolaridade com base nos percentuais anteriormente mencionados, caso ocorram diferenças entre os percentuais previstos na amostra e a coleta de dados realizada. O nível de confiança estimado é de 95% e a margem de erro máxima prevista, baseada em uma amostra aleatória simples (AAS), é de cerca de 5,2 pontos percentuais para mais ou para menos em relação aos totais da amostra. Nível Econômico: IBGE (Censo/2010) - Observação: Conforme informações obtidas do Instituto Brasileiro de Geografia e Estatística, o IBGE, não divulgou - e não tem previsão - de data para divulgação do perfil econômico (nível econômico) da população brasileira; portanto, os dados quanto ao nível econômico obtidos no Censo 2022, não podem ser utilizados, pois não foram publicados.""";"Para a realização da pesquisa, utiliza-se uma equipe de entrevistadores e supervisores credenciados devidamente treinados pela empresa para esse tipo de pesquisa. Após os trabalhos de campo, 100% dos questionários são criticados e passam por uma fiscalização de cerca de 20% (vinte por cento) dos questionários aplicados por cada entrevistador; para verificação da consistência das respostas e da adequação dos entrevistados aos parâmetros amostrais.";"#NULO#"
"28/09/2026";"05:46:54";2026;81;"Eleições Gerais 2026";"MA";"MA";"MARANHÃO";"MA000202026";"2026-09-19 23:14:29";"N";"47425567000173";"IPPI PESQUISAS E CONSULTORIA LTDA";"IPPI - PESQUISAS E CONSULTORIAS";"Governador, Senador, Deputado Federal, Deputado Estadual";"2026-09-18 00:00:00";"2026-09-20 00:00:00";"2026-09-25 00:00:00";400;"10644";"ANTONIO ALBERTO IBIAPINA COSTA FILHO";"6000,00";"Pesquisa quantitativa, do tipo levantamento (survey), realizada por meio de entrevistas pessoais e presenciais, aplicadas nos domicílios, com questionário estruturado, junto a amostra representativa dos eleitores de 16 anos ou mais residentes no município de Santa Inês (MA).";"O público-alvo da pesquisa é constituído por eleitores com 16 anos ou mais, residentes no município de Santa Inês/MA. A pesquisa utilizará desenho amostral em dois estágios. No primeiro estágio, será realizada a seleção probabilística das localidades de aplicação das entrevistas, por meio do método PPT ¿ Probabilidade Proporcional ao Tamanho ¿, tendo como referência a distribuição da população eleitoral entre as localidades do município. No segundo estágio, os entrevistados serão selecionados dentro das localidades mediante cotas amostrais de sexo, faixa etária, renda domiciliar total e nível de instrução.

O perfil previsto da amostra é: Sexo: masculino (46%) e feminino (54%). Faixa etária: 16 a 24 anos (16%); 25 a 34 anos (21%); 35 a 44 anos (20%); 45 a 59 anos (23%); 60 anos ou mais (20%). Renda domiciliar total: até 2 salários-mínimos (58%); mais de 2 a 5 salários-mínimos (32%); mais de 5 salários-mínimos (10%). Nível de instrução: de analfabeto até ensino fundamental completo (40%); ensino médio incompleto ou completo (51%); ensino superior incompleto, completo ou mais (9%).

As fontes públicas utilizadas para definição do perfil amostral são o Tribunal Superior Eleitoral ¿ TSE, cadastro eleitoral de 2026, para as variáveis sexo, faixa etária e nível de instrução, e o Censo Demográfico 2022 ¿ IBGE, para a variável renda domiciliar. A PNAD Contínua Anual 2025 ¿ IBGE é utilizada como referência complementar.

As variáveis renda domiciliar e nível de instrução serão controladas durante a coleta mediante cotas amostrais. Está prevista eventual ponderação dos dados para correção de diferenças entre a distribuição planejada e a distribuição efetivamente obtida na coleta, especialmente em relação às variáveis sexo e idade, caso sejam observados desvios em relação aos percentuais previstos.

Serão realizadas 400 entrevistas. O nível de confiança considerado é de 95%, com margem de erro máxima estimada de aproximadamente 4,9 pontos percentuais, para mais ou para menos, considerando-se a amostra aleatória simples (AAS) como aproximação para o cálculo do erro amostral.";"As entrevistas serão realizadas por uma equipe de entrevistadores devidamente qualificada, com experiência e treinamento em pesquisa de opinião pública. Após a realização da coleta de dados, as entrevistas junto aos respondentes são checadas por meio de procedimentos de consistência . Ao longo e após os trabalhos de campo, é realizada uma fiscalização que consiste na checagem de áudio de uma amostra de 30% dos questionários aplicados para verificação das respostas e da adequação dos entrevistados aos parâmetros amostrais.";"A área de abrangência da coleta é o município de Santa Inês (MA). A relação de áreas de abrangência da pesquisa constará em anexo. A partir do dia em que a pesquisa puder ser divulgada e até o dia seguinte, o registro poderá ser complementado, sob pena de ser a pesquisa considerada não registrada. Na ausência de delimitação do bairro, será identificada a área em que foi realizada, conforme §7º. do art. 2º. da Resolução-TSE nº. 23.600/2019."
"28/09/2026";"05:46:54";2026;81;"Eleições Gerais 2026";"MA";"MA";"MARANHÃO";"MA089462026";"2026-09-11 20:04:59";"S";"00654576000172";"INSTITUTO VERITA LTDA";"VERITA";"Governador, Senador";"2026-09-12 00:00:00";"2026-09-17 00:00:00";"2026-09-17 00:00:00";1525;"10699";"Guilherme Alvarenga Laia";"117425,00";"Estudo quantitativo voltado às Eleições 2026, realizado por meio de entrevistas individuais, aplicadas mediante questionário eletrônico estruturado e Unidade Automatizada de Respostas Audíveis e Auditáveis, por meio de ligações para telefones móveis (celulares). A inteligência artificial é empregada exclusivamente para a transcrição automatizada das respostas em áudio, não interferindo na formulação das perguntas, na condução das entrevistas, na coleta das informações, na interpretação das respostas ou no tratamento estatístico dos dados.

A participação dos eleitores é voluntária, espontânea e não remunerada. As respostas são prestadas por autodeclaração, sendo, em sua maioria, registradas por meio de códigos numéricos correspondentes às alternativas previamente definidas no questionário.

A utilização de sistema eletrônico automatizado para a coleta e o registro das respostas proporciona elevado nível de padronização operacional, reduz a possibilidade de interferência humana durante a realização das entrevistas, amplia a rastreabilidade e a auditabilidade de todo o processo de coleta e contribui para maior precisão, consistência e confiabilidade dos dados obtidos.

O plano amostral foi elaborado para assegurar a representatividade estatística do eleitorado da respectiva Unidade da Federação, observando critérios técnicos de seleção, distribuição e ponderação da amostra, quando aplicáveis.";"A pesquisa foi planejada para produzir uma amostra estatisticamente representativa do eleitorado do estado DO MARANHÃO, utilizando o método de Probabilidade Proporcional ao Tamanho (PPT), com plano amostral em múltiplos estágios. Na primeira etapa, esta Unidade da Federação é dividida em macrorregiões, de forma a assegurar adequada distribuição territorial da amostra e representação das diferentes características geográficas, demográficas e eleitorais. Na segunda etapa, os municípios de cada estrato são ordenados segundo seu porte populacional e eleitoral e sorteados. Na terceira etapa, os respondentes são selecionados entre os eleitores aptos residentes nos municípios sorteados, observando-se a distribuição proporcional da amostra e as cotas estabelecidas para as variáveis de sexo, faixa etária, grau de instrução e nível econômico. As cotas são estabelecidas para a pesquisa completa, considerando a composição do eleitorado e os parâmetros oficiais de referência, não sendo aplicadas isoladamente a cada município selecionado.

SEXO E FAIXA ETÁRIA - Fonte: Tribunal Superior Eleitoral (TSE), Perfil do Eleitorado, junho de 2026. Feminino de 16 a 34 anos: 19,6%; Masculino de 16 a 34 anos: 18,7%; Feminino de 35 a 54 anos: 19,1%; Masculino de 35 a 54 anos: 17,7%; Feminino com 55 anos ou mais: 13,2%; Masculino com 55 anos ou mais: 11,7%. Os parâmetros de sexo e idade têm como referência o cadastro eleitoral brasileiro atualizado pelo Tribunal Superior Eleitoral, considerando o universo de eleitores aptos com 16 anos ou mais.

GRAU DE INSTRUÇÃO - Fonte: IBGE - PNAD Contínua Anual 2025. A distribuição é: sem instrução 8,1%; ensino fundamental incompleto ou equivalente 27,1%; ensino fundamental completo ou equivalente 8,4%; ensino médio incompleto ou equivalente 9,4%; ensino médio completo ou equivalente 32,7%; ensino superior incompleto ou equivalente 4%; ensino superior completo 10,3%. Para não confundir os respondentes as faixas de escolaridade no questionário foram agrupadas em 3 faixas: até ensino fundamental incompleto e completo, ensino médio incompleto e completo e superior incompleto, completo ou mais. A PNAD Contínua é utilizada como referência por constituir a fonte oficial mais atualizada para a mensuração do nível de instrução da população brasileira, sua utilização também corrige limitações decorrentes da ausência de atualização obrigatória e contínua das informações de escolaridade no cadastro eleitoral do Tribunal Superior Eleitoral.

NÍVEL ECONÔMICO - RENDA FAMILIAR DO DOMICÍLIO - Fonte: IBGE - PNAD Contínua Anual 2025. Considera-se a renda domiciliar total, compreendendo rendimentos provenientes de trabalho formal e informal, aposentadorias, pensões, benefícios sociais e demais fontes de renda existentes no domicílio. observando-se a seguinte distribuição: renda familiar de até 2 salários-mínimos 63,3%; de 2 a 5 salários-mínimos 28,3%, acima de 5 salários-mínimos 8,4%.

PONDERAÇÃO E CALIBRAÇÃO DA AMOSTRA - Prevê-se eventual ponderação das variáveis de sexo, faixa etária, grau de instrução e nível econômico, caso sejam verificadas diferenças relevantes entre a distribuição da amostra efetivamente coletada e os parâmetros populacionais de referência adotados. Inicialmente, o fator de ponderação é igual a 1 (um), podendo ser recalculado sempre que necessário para assegurar a representatividade estatística da amostra.
INTERVALO DE CONFIANÇA E MARGEM DE ERRO - O intervalo de confiança adotado é de 95%, com margem máxima estimada de erro de aproximadamente 2,5 pontos percentuais, para mais ou para menos, sobre os resultados do total da amostra, calculada segundo o modelo de amostragem aleatória simples e a hipótese de máxima variabilidade.";"Após os trabalhos de coleta de dados, os questionários são submetidos a uma fiscalização, conferência e checagem de cerca de 20% (vinte por cento) dos questionários aplicados. Todas as entrevistas são integralmente registradas em áudio, permanecendo auditáveis e rastreáveis, permitindo a verificação da integridade do processo de coleta, preservado o sigilo das informações pessoais dos entrevistados e observadas as disposições da Lei Geral de Proteção de Dados Pessoais (Lei nº 13.709/2018).";"Em observância ao art. 2º, § 7º, da Resolução TSE nº 23.600/2019, com redação dada pela Resolução TSE nº 23.747/2026, a presente pesquisa terá seu registro complementado no Sistema de Registro de Pesquisas Eleitorais a partir da data em que sua divulgação for permitida e até o dia seguinte, com a identificação dos municípios em que foram realizadas as entrevistas, bem como da composição final da amostra quanto a gênero, idade, grau de instrução e nível econômico, na forma exigida pela legislação eleitoral vigente."
"28/09/2026";"05:46:54";2026;81;"Eleições Gerais 2026";"MA";"MA";"MARANHÃO";"MA039672026";"2026-09-03 20:18:40";"N";"64500153000180";"LAIS CRISTINA RODRIGUES DE OLIVEIRA LTDA";"IPSENSUS PESQUISAS";"Governador, Senador";"2026-09-01 00:00:00";"2026-09-06 00:00:00";"2026-09-09 00:00:00";350;"7655";"AUGUSTO DA SILVA ROCHA";"4000,00";"A pesquisa cobrirá o município envolvendo todas regiões do município de Cantanhede/MA Universo da pesquisa será dos eleitores com 16 anos ou mais. A amostra representará os eleitores do Município, selecionados em 2(dois) estágios. No primeiro estágio, os setores censitários, onde as entrevistas serão realizadas, foram selecionadas, probabilisticamente, através do método PPT - Probabilidade Proporcional ao Tamanho, tomando o número de eleitores como base para seleção. No segundo estágio, a seleção do entrevistado, dentro do setor censitário, será feita utilizando-se quotas proporcionais, e a abordagem será domiciliar.";"Utilizamos quotas proporcionais, em função das seguintes variáveis:
Gênero: FEMININO 50,9%;
MASCULINO 49,1%;


Faixa etária: 16 a 24 anos 18,75% ;
25 a 34 anos 21,56% ;
35 a 44 anos 20,09% ;
45 a 59 anos 21,84% ;
60 anos ou mais 17,76% ;


Grau de instrução: ANALFABETO 9,50% ;
ENSINO FUNDAMENTAL COMPLETO 3,66% ;
ENSINO FUNDAMENTAL INCOMPLETO 22,82% ;
ENSINO MÉDIO COMPLETO 24,37% ;
ENSINO MÉDIO INCOMPLETO 18,97% ;
LÊ E ESCREVE 12,62% ;
SUPERIOR COMPLETO 5,96% ;
SUPERIOR INCOMPLETO 2,10% ;


Fonte dos dados: TSE-Tribunal Superior Eleitoral/julho2026; Cruzamento Eleitorado Mensal https://sig.tse.jus.br/ords/dwapr/r/seai/sig-eleitor-eleitorado-mensal/cruzamento-eleitorado-mensal?p24_metricas=E&p24_back=22&p24_cruzamento_1=ds_sexo&clear=24&session=308670861520383 ;
https://sig.tse.jus.br/ords/dwapr/r/seai/sig-eleitor-eleitorado-mensal/cruzamento-eleitorado-mensal?p24_cruzamento_1=ds_faixa_etaria&p24_metricas=E&p24_back=22&clear=24&session=308670861520383 ;
https://sig.tse.jus.br/ords/dwapr/r/seai/sig-eleitor-eleitorado-mensal/cruzamento-eleitorado-mensal?p24_cruzamento_1=ds_grau_instrucao&p24_metricas=E&p24_back=22&clear=24&session=308670861520383 ;
; Ano=2026; Mês = JULHO; UF= MA; MUNICIPIO = Cantanhede;

Renda familiar: Até 1/2 salário mínimo 26,44% ;
Mais de 1/2 a 1 salário mínimo 23,79% ;
Mais de 1 a 2 salários mínimos 25,67% ;
Mais de 2 a 5 salários mínimos 11,88% ;
Mais de 5 a 10 salários mínimos 2,02% ;
Mais de 10 a 20 salários mínimos 0,53% ;
Mais de 20 salários mínimos 0,15% ;
Sem rendimento 9,52% ;
;

Fonte dos dados: IBGE-Censo 2010-IBGE-CENSO 2022 (IBGE/Censo 2010 - Classe de rendimento nominal mensal domiciliar) ; https://cidades.ibge.gov.br/brasil/ma/cantanhede/pesquisa/23/24304 ;


""Está prevista eventual ponderação da amostra para correção das variáveis sexo, idade, renda familiar e escolaridade com base nos percentuais anteriormente mencionados, caso ocorram diferenças entre os percentuais previstos na amostra e a coleta de dados realizada. O nível de confiança estimado é de 95% e a margem de erro máxima prevista, baseada em uma amostra aleatória simples (AAS), é de cerca de 5,2 pontos percentuais para mais ou para menos em relação aos totais da amostra. Nível Econômico: IBGE (Censo/2010) - Observação: Conforme informações obtidas do Instituto Brasileiro de Geografia e Estatística, o IBGE, não divulgou - e não tem previsão - de data para divulgação do perfil econômico (nível econômico) da população brasileira; portanto, os dados quanto ao nível econômico obtidos no Censo 2022, não podem ser utilizados, pois não foram publicados.""
";"Para a realização da pesquisa, utiliza-se uma equipe de entrevistadores e supervisores credenciados devidamente treinados pela empresa para esse tipo de pesquisa. Após os trabalhos de campo, 100% dos questionários são criticados e passam por uma fiscalização de cerca de 20% (vinte por cento) dos questionários aplicados por cada entrevistador; para verificação da consistência das respostas e da adequação dos entrevistados aos parâmetros amostrais.";"#NULO#"
"28/09/2026";"05:46:54";2026;81;"Eleições Gerais 2026";"MA";"MA";"MARANHÃO";"MA078832026";"2026-09-12 09:52:21";"N";"64500153000180";"LAIS CRISTINA RODRIGUES DE OLIVEIRA LTDA";"IPSENSUS PESQUISAS";"Governador, Senador";"2026-09-12 00:00:00";"2026-09-17 00:00:00";"2026-09-18 00:00:00";350;"7655";"AUGUSTO DA SILVA ROCHA";"4000,00";"A pesquisa cobrirá o município envolvendo todas regiões do município de Ribamar Fiquene/MA Universo da pesquisa será dos eleitores com 16 anos ou mais. A amostra representará os eleitores do Município, selecionados em 2(dois) estágios. No primeiro estágio, os setores censitários, onde as entrevistas serão realizadas, foram selecionadas, probabilisticamente, através do método PPT - Probabilidade Proporcional ao Tamanho, tomando o número de eleitores como base para seleção. No segundo estágio, a seleção do entrevistado, dentro do setor censitário, será feita utilizando-se quotas proporcionais, e a abordagem será domiciliar.";"Utilizamos quotas proporcionais, em função das seguintes variáveis:

Gênero: FEMININO 48,91% ;
MASCULINO 51,09% ;


Faixa etária: 16 a 24 anos 16,82% ;
25 a 34 anos 19,79% ;
35 a 44 anos 19,80% ;
45 a 59 anos 23,79% ;
60 anos ou mais 19,80% ;


Grau de instrução: Analfabeto 6,54% ;
Ensino Fundamental Completo 6,28% ;
Ensino Fundamental Incompleto 25,80% ;
Ensino Médio Completo 22,03% ;
Ensino Médio Incompleto 20,96% ;
Lê E Escreve 12,28% ;
Superior Completo 4,02% ;
Superior Incompleto 2,09% ;

Fonte dos dados: TSE-Tribunal Superior Eleitoral/julho2026; Cruzamento Eleitorado Mensal https://sig.tse.jus.br/ords/dwapr/r/seai/sig-eleitor-eleitorado-mensal/cruzamento-eleitorado-mensal?p0_municipio=RIBAMAR%20FIQUENE&p0_uf=MA&session=101518372802196 ;


Ano=2026; Mês = agosto; UF= MA; MUNICIPIO = Ribamar Fiquene;

Renda familiar (A variável ¿classe de rendimento nominal mensal domiciliar¿ corresponde à classificação dos domicílios segundo a soma dos rendimentos nominais mensais de seus moradores, expressa em faixas de salários mínimos vigentes no período de referência do Censo Demográfico 2010. Trata-se da renda total do domicílio, não dividida pelo número de moradores, não devendo ser confundida com rendimento domiciliar per capita. Para fins de planejamento amostral e ponderação, foram preservadas as categorias e os percentuais originalmente disponibilizados pelo IBGE, sem reagrupamento ou recálculo das faixas.): Até 1/2 salário mínimo 9,34% ;
Mais de 1/2 a 1 salário mínimo 22,05% ;
Mais de 1 a 2 salários mínimos 31,01% ;
Mais de 2 a 5 salários mínimos 23,84% ;
Mais de 5 a 10 salários mínimos 3,85% ;
Mais de 10 a 20 salários mínimos 0,58% ;
Mais de 20 salários mínimos 0,42% ;
Sem rendimento 8,91% ;



Fonte dos dados: IBGE-Censo 2010-IBGE-CENSO 2022 (IBGE/Censo 2010 - Classe de rendimento nominal mensal domiciliar) ; https://cidades.ibge.gov.br/brasil/ma/ribamar-fiquene/pesquisa/23/24304 ;


""Está prevista eventual ponderação da amostra para correção das variáveis sexo, idade, renda familiar e escolaridade com base nos percentuais anteriormente mencionados, caso ocorram diferenças entre os percentuais previstos na amostra e a coleta de dados realizada. O nível de confiança estimado é de 95% e a margem de erro máxima prevista, baseada em uma amostra aleatória simples (AAS), é de cerca de 5,2 pontos percentuais para mais ou para menos em relação aos totais da amostra. Nível Econômico: IBGE (Censo/2010) - Observação: Conforme informações obtidas do Instituto Brasileiro de Geografia e Estatística, o IBGE, não divulgou - e não tem previsão - de data para divulgação do perfil econômico (nível econômico) da população brasileira; portanto, os dados quanto ao nível econômico obtidos no Censo 2022, não podem ser utilizados, pois não foram publicados.""";"Para a realização da pesquisa, utiliza-se uma equipe de entrevistadores e supervisores credenciados devidamente treinados pela empresa para esse tipo de pesquisa. Após os trabalhos de campo, 100% dos questionários são criticados e passam por uma fiscalização de cerca de 20% (vinte por cento) dos questionários aplicados por cada entrevistador; para verificação da consistência das respostas e da adequação dos entrevistados aos parâmetros amostrais.";"#NULO#"
"28/09/2026";"05:46:54";2026;81;"Eleições Gerais 2026";"MA";"MA";"MARANHÃO";"MA029462026";"2026-09-19 12:30:47";"N";"64500153000180";"LAIS CRISTINA RODRIGUES DE OLIVEIRA LTDA";"IPSENSUS PESQUISAS";"Governador, Senador";"2026-09-19 00:00:00";"2026-09-23 00:00:00";"2026-09-25 00:00:00";350;"7655";"AUGUSTO DA SILVA ROCHA";"4000,00";"A pesquisa cobrirá o município envolvendo todas regiões do município de Amarante do Maranhão/MA Universo da pesquisa será dos eleitores com 16 anos ou mais. A amostra representará os eleitores do Município, selecionados em 2(dois) estágios. No primeiro estágio, os setores censitários, onde as entrevistas serão realizadas, foram selecionadas, probabilisticamente, através do método PPT - Probabilidade Proporcional ao Tamanho, tomando o número de eleitores como base para seleção. No segundo estágio, a seleção do entrevistado, dentro do setor censitário, será feita utilizando-se quotas proporcionais, e a abordagem será domiciliar.";"Utilizamos quotas proporcionais, em função das seguintes variáveis: Gênero: FEMININO 49,19% ; MASCULINO 50,81% ; Faixa etária: 16 a 24 anos 21,36% ; 25 a 34 anos 21,65% ; 35 a 44 anos 19,75% ; 45 a 59 anos 20,78% ; 60 anos ou mais 16,46% ; Grau de instrução: Analfabeto 8,09% ; Ensino Fundamental Completo 6,35% ; Ensino Fundamental Incompleto 27,28% ; Ensino Médio Completo 19,27% ; Ensino Médio Incompleto 17,73% ; Lê E Escreve 15,22% ; Superior Completo 4,52% ; Superior Incompleto 1,54% ; Fonte dos dados: TSE-Tribunal Superior Eleitoral/agosto2026; Cruzamento Eleitorado Mensal https://sig.tse.jus.br/ords/dwapr/r/seai/sig-eleitor-eleitorado-mensal/cruzamento-eleitorado-mensal?p0_municipio=AMARANTE%20DO%20MARANH%C3%83O&p0_uf=MA&session=310047442774812 ; Ano=2026; Mês = agosto; UF= MA; MUNICIPIO = Amarante do Maranhão; Renda familiar: Até 1/2 salário mínimo 20,43% ; Mais de 1/2 a 1 salário mínimo 24,79% ; Mais de 1 a 2 salários mínimos 28,08% ; Mais de 2 a 5 salários mínimos 14,80% ; Mais de 5 a 10 salários mínimos 2,61% ; Mais de 10 a 20 salários mínimos 0,52% ; Mais de 20 salários mínimos 0,16% ; Sem rendimento 8,61% ; Fonte dos dados: IBGE-Censo 2010-IBGE-CENSO 2022 (IBGE/Censo 2010 - Classe de rendimento nominal mensal domiciliar) ; https://cidades.ibge.gov.br/brasil/ma/amarante-do-maranhao/pesquisa/23/24304 ; ""Está prevista eventual ponderação da amostra para correção das variáveis sexo, idade, renda familiar e escolaridade com base nos percentuais anteriormente mencionados, caso ocorram diferenças entre os percentuais previstos na amostra e a coleta de dados realizada. O nível de confiança estimado é de 95% e a margem de erro máxima prevista, baseada em uma amostra aleatória simples (AAS), é de cerca de 5,2 pontos percentuais para mais ou para menos em relação aos totais da amostra. Nível Econômico: IBGE (Censo/2010) - Observação: Conforme informações obtidas do Instituto Brasileiro de Geografia e Estatística, o IBGE, não divulgou - e não tem previsão - de data para divulgação do perfil econômico (nível econômico) da população brasileira; portanto, os dados quanto ao nível econômico obtidos no Censo 2022, não podem ser utilizados, pois não foram publicados.""";"Para a realização da pesquisa, utiliza-se uma equipe de entrevistadores e supervisores credenciados devidamente treinados pela empresa para esse tipo de pesquisa. Após os trabalhos de campo, 100% dos questionários são criticados e passam por uma fiscalização de cerca de 20% (vinte por cento) dos questionários aplicados por cada entrevistador; para verificação da consistência das respostas e da adequação dos entrevistados aos parâmetros amostrais.";"#NULO#"
"28/09/2026";"05:46:54";2026;81;"Eleições Gerais 2026";"MA";"MA";"MARANHÃO";"MA062672026";"2026-09-19 12:28:32";"N";"64500153000180";"LAIS CRISTINA RODRIGUES DE OLIVEIRA LTDA";"IPSENSUS PESQUISAS";"Governador, Senador";"2026-09-19 00:00:00";"2026-09-23 00:00:00";"2026-09-25 00:00:00";350;"7655";"AUGUSTO DA SILVA ROCHA";"4000,00";"A pesquisa cobrirá o município envolvendo todas regiões do município de Imperatriz/MA Universo da pesquisa será dos eleitores com 16 anos ou mais. A amostra representará os eleitores do Município, selecionados em 2(dois) estágios. No primeiro estágio, os setores censitários, onde as entrevistas serão realizadas, foram selecionadas, probabilisticamente, através do método PPT - Probabilidade Proporcional ao Tamanho, tomando o número de eleitores como base para seleção. No segundo estágio, a seleção do entrevistado, dentro do setor censitário, será feita utilizando-se quotas proporcionais, e a abordagem será domiciliar.";"Utilizamos quotas proporcionais, em função das seguintes variáveis: Gênero: FEMININO 53,51% ; MASCULINO 46,49% ; Faixa etária: 16 a 24 anos 14,99% ; 25 a 34 anos 20,62% ; 35 a 44 anos 21,13% ; 45 a 59 anos 24,28% ; 60 anos ou mais 18,98% ; Grau de instrução: Analfabeto 2,61% ; Ensino Fundamental Completo 6,12% ; Ensino Fundamental Incompleto 16,27% ; Ensino Médio Completo 33,82% ; Ensino Médio Incompleto 18,45% ; Lê E Escreve 6,15% ; Superior Completo 10,14% ; Superior Incompleto 6,44% ; Fonte dos dados: TSE-Tribunal Superior Eleitoral/julho2026; Cruzamento Eleitorado Mensal https://sig.tse.jus.br/ords/dwapr/r/seai/sig-eleitor-eleitorado-mensal/cruzamento-eleitorado-mensal?p0_municipio=IMPERATRIZ&p0_uf=MA&session=101518372802196 ; Ano=2026; Mês = agosto; UF= MA; MUNICIPIO = Imperatriz; Renda familiar (A variável ¿classe de rendimento nominal mensal domiciliar¿ corresponde à classificação dos domicílios segundo a soma dos rendimentos nominais mensais de seus moradores, expressa em faixas de salários mínimos vigentes no período de referência do Censo Demográfico 2010. Trata-se da renda total do domicílio, não dividida pelo número de moradores, não devendo ser confundida com rendimento domiciliar per capita. Para fins de planejamento amostral e ponderação, foram preservadas as categorias e os percentuais originalmente disponibilizados pelo IBGE, sem reagrupamento ou recálculo das faixas.): Até 1/2 salário mínimo 2,75% ; Mais de 1/2 a 1 salário mínimo 18,70% ; Mais de 1 a 2 salários mínimos 27,80% ; Mais de 2 a 5 salários mínimos 31,71% ; Mais de 5 a 10 salários mínimos 10,76% ; Mais de 10 a 20 salários mínimos 3,92% ; Mais de 20 salários mínimos 1,57% ; Sem rendimento 2,78% ; Fonte dos dados: IBGE-Censo 2010-IBGE-CENSO 2022 (IBGE/Censo 2010 - Classe de rendimento nominal mensal domiciliar) ; https://cidades.ibge.gov.br/brasil/ma/imperatriz/pesquisa/23/24304 ; ""Está prevista eventual ponderação da amostra para correção das variáveis sexo, idade, renda familiar e escolaridade com base nos percentuais anteriormente mencionados, caso ocorram diferenças entre os percentuais previstos na amostra e a coleta de dados realizada. O nível de confiança estimado é de 95% e a margem de erro máxima prevista, baseada em uma amostra aleatória simples (AAS), é de cerca de 5,2 pontos percentuais para mais ou para menos em relação aos totais da amostra. Nível Econômico: IBGE (Censo/2010) - Observação: Conforme informações obtidas do Instituto Brasileiro de Geografia e Estatística, o IBGE, não divulgou - e não tem previsão - de data para divulgação do perfil econômico (nível econômico) da população brasileira; portanto, os dados quanto ao nível econômico obtidos no Censo 2022, não podem ser utilizados, pois não foram publicados.""";"Para a realização da pesquisa, utiliza-se uma equipe de entrevistadores e supervisores credenciados devidamente treinados pela empresa para esse tipo de pesquisa. Após os trabalhos de campo, 100% dos questionários são criticados e passam por uma fiscalização de cerca de 20% (vinte por cento) dos questionários aplicados por cada entrevistador; para verificação da consistência das respostas e da adequação dos entrevistados aos parâmetros amostrais.";"#NULO#"
"28/09/2026";"05:46:54";2026;81;"Eleições Gerais 2026";"MA";"MA";"MARANHÃO";"MA033462026";"2026-09-20 22:25:19";"N";"47425567000173";"IPPI PESQUISAS E CONSULTORIA LTDA";"IPPI - PESQUISAS E CONSULTORIAS";"Governador, Senador, Deputado Federal, Deputado Estadual";"2026-09-20 00:00:00";"2026-09-22 00:00:00";"2026-09-26 00:00:00";400;"10644";"ANTONIO ALBERTO IBIAPINA COSTA FILHO";"6000,00";"Pesquisa quantitativa, do tipo levantamento (survey), realizada por meio de entrevistas pessoais e presenciais, aplicadas nos domicílios, com questionário estruturado, junto a amostra representativa dos eleitores de 16 anos ou mais residentes no município de Balsas (MA).";"O público-alvo da pesquisa é constituído por eleitores com 16 anos ou mais, residentes no município de Balsas/MA. A pesquisa utilizará desenho amostral em dois estágios. No primeiro estágio, será realizada a seleção probabilística das localidades de aplicação das entrevistas, por meio do método PPT ¿ Probabilidade Proporcional ao Tamanho ¿, tendo como referência a distribuição da população eleitoral entre as localidades do município. No segundo estágio, os entrevistados serão selecionados dentro das localidades mediante cotas amostrais de sexo, faixa etária, renda domiciliar total e nível de instrução. O perfil previsto da amostra é: Sexo: masculino (48%) e feminino (52%). Faixa etária: 16 a 24 anos (18%); 25 a 34 anos (24%); 35 a 44 anos (22%); 45 a 59 anos (22%); 60 anos ou mais (14%). Renda domiciliar total: até 2 salários-mínimos (47%); mais de 2 a 5 salários-mínimos (37%); mais de 5 salários-mínimos (16%). Nível de instrução: de analfabeto até ensino fundamental completo (40%); ensino médio incompleto ou completo (47%); ensino superior incompleto, completo ou mais (13%). O cadastro de 2026 registra 71.368 eleitores em Balsas; as categorias do TSE, quando agregadas nas faixas utilizadas na pesquisa, produzem essas cotas. As fontes públicas utilizadas para definição do perfil amostral são o Tribunal Superior Eleitoral ¿ TSE, cadastro eleitoral de 2026, para as variáveis sexo, faixa etária e nível de instrução, e o Censo Demográfico 2022 ¿ IBGE, para a variável renda domiciliar. A PNAD Contínua Anual 2025 ¿ IBGE é utilizada como referência complementar. As variáveis renda domiciliar e nível de instrução serão controladas durante a coleta mediante cotas amostrais. Está prevista eventual ponderação dos dados para correção de diferenças entre a distribuição planejada e a distribuição efetivamente obtida na coleta, especialmente em relação às variáveis sexo e idade, caso sejam observados desvios em relação aos percentuais previstos. Serão realizadas 400 entrevistas. O nível de confiança considerado é de 95%, com margem de erro máxima estimada de aproximadamente 4,9 pontos percentuais, para mais ou para menos, considerando-se a amostra aleatória simples (AAS) como aproximação para o cálculo do erro amostral.";"As entrevistas serão realizadas por uma equipe de entrevistadores devidamente qualificada, com experiência e treinamento em pesquisa de opinião pública. Após a realização da coleta de dados, as entrevistas junto aos respondentes são checadas por meio de procedimentos de consistência . Ao longo e após os trabalhos de campo, é realizada uma fiscalização que consiste na checagem de áudio de uma amostra de 30% dos questionários aplicados para verificação das respostas e da adequação dos entrevistados aos parâmetros amostrais.";"A área de abrangência da coleta é o município de Balsas (MA). A relação de áreas de abrangência da pesquisa constará em anexo. A partir do dia em que a pesquisa puder ser divulgada e até o dia seguinte, o registro poderá ser complementado, sob pena de ser a pesquisa considerada não registrada. Na ausência de delimitação do bairro, será identificada a área em que foi realizada, conforme §7º. do art. 2º. da Resolução-TSE nº. 23.600/2019."
"28/09/2026";"05:46:54";2026;81;"Eleições Gerais 2026";"MA";"MA";"MARANHÃO";"MA007032026";"2026-09-17 23:02:37";"N";"47425567000173";"IPPI PESQUISAS E CONSULTORIA LTDA";"IPPI - PESQUISAS E CONSULTORIAS";"Governador, Senador, Deputado Federal, Deputado Estadual";"2026-09-15 00:00:00";"2026-09-17 00:00:00";"2026-09-23 00:00:00";300;"10644";"ANTONIO ALBERTO IBIAPINA COSTA FILHO";"5000,00";"Pesquisa quantitativa, do tipo levantamento (survey), realizada por meio de entrevistas pessoais e presenciais, aplicadas nos domicílios, com questionário estruturado, junto a amostra representativa dos eleitores de 16 anos ou mais residentes no município de Viana (MA).";"O público-alvo da pesquisa é constituído por eleitores com 16 anos ou mais, residentes no município de Viana/MA. A pesquisa utilizará desenho amostral em dois estágios. No primeiro estágio, será realizada a seleção probabilística das localidades de aplicação das entrevistas, por meio do método PPT ¿ Probabilidade Proporcional ao Tamanho ¿, tendo como referência a distribuição da população eleitoral entre as localidades do município. No segundo estágio, os entrevistados serão selecionados dentro das localidades mediante cotas amostrais de gênero, faixa etária, renda domiciliar total e nível de instrução.

O perfil previsto da amostra é: Gênero: masculino (48%) e feminino (52%). Faixa etária: 16 a 24 anos (17%); 25 a 34 anos (21%); 35 a 44 anos (20%); 45 a 59 anos (23%); 60 anos ou mais (19%). Renda domiciliar total: até 2 salários-mínimos (72%); mais de 2 a 5 salários-mínimos (23%); mais de 5 salários-mínimos (5%). Nível de instrução: de analfabeto até ensino fundamental completo (45%); ensino médio incompleto ou completo (49%); ensino superior incompleto, completo ou mais (6%).

As fontes públicas utilizadas para definição do perfil amostral são o Tribunal Superior Eleitoral ¿ TSE, cadastro eleitoral de 2026, para as variáveis gênero, idade e nível de instrução, e o Censo Demográfico 2022 ¿ IBGE, para a variável renda domiciliar. A PNAD Contínua Anual 2025 ¿ IBGE poderá ser utilizada como referência complementar.

As variáveis renda domiciliar e nível de instrução serão controladas durante a coleta mediante cotas amostrais. Está prevista eventual ponderação dos dados para correção de diferenças entre a distribuição planejada e a distribuição efetivamente obtida na coleta, especialmente quanto às variáveis gênero e idade, caso sejam observados desvios em relação aos percentuais previstos.

Serão realizadas 300 entrevistas. O nível de confiança considerado é de 95%, com margem de erro máxima estimada de aproximadamente 5,7 pontos percentuais, para mais ou para menos, considerando-se a amostra aleatória simples (AAS) como aproximação para o cálculo do erro amostral.";"As entrevistas serão realizadas por uma equipe de entrevistadores devidamente qualificada, com experiência e treinamento em pesquisa de opinião pública. Após a realização da coleta de dados, as entrevistas junto aos respondentes são checadas por meio de procedimentos de consistência . Ao longo e após os trabalhos de campo, é realizada uma fiscalização que consiste na checagem de áudio de uma amostra de 30% dos questionários aplicados para verificação das respostas e da adequação dos entrevistados aos parâmetros amostrais.";"A área de abrangência da coleta é o município de Viana (MA). A relação de áreas de abrangência da pesquisa constará em anexo. A partir do dia em que a pesquisa puder ser divulgada e até o dia seguinte, o registro poderá ser complementado, sob pena de ser a pesquisa considerada não registrada. Na ausência de delimitação do bairro, será identificada a área em que foi realizada, conforme §7º. do art. 2º. da Resolução-TSE nº. 23.600/2019."
"28/09/2026";"05:46:54";2026;81;"Eleições Gerais 2026";"MA";"MA";"MARANHÃO";"MA045882026";"2026-07-02 22:22:28";"S";"55536013000171";"M R BORGES PROMOCOES";"VOX BRASIL PUBLICIDADE MARKETING";"Governador, Senador, Deputado Federal, Deputado Estadual";"2026-07-03 00:00:00";"2026-07-04 00:00:00";"2026-07-08 00:00:00";405;"10394";"FILIPE MOREIRA MARTINE";"2500,00";"Metodologia de pesquisa:
Pesquisa quantitativa com coleta aleatória via questionário estruturado e pós-estratificação da amostra de acordo com as características do eleitorado no município de BREJO no Estado do Maranhão com 405 entrevistas";"Plano amostral e ponderação quanto a sexo, idade, grau de instrução e nível econômico do entrevistado; intervalo de confiança e margem de erro:
Amostra aleatória pós-estratificada com quotas proporcionais, representando características do eleitorado de Maranhão: SEXO: Masculino: 48.3%; Feminino: 51.7%. FAIXA ETÁRIA: Entre 16 a 24 anos: 19.7%; Entre 25 a 34 anos: 18.8%; Entre 35 a 44 anos: 20.3%; Entre 45 a 59 anos: 21.0%; 60 ou mais: 20.2%. ESCOLARIDADE: Ensino Fundamental completo ou incompleto e eleitores sem educação formal: 53.0%; Ensino Médio completo ou incompleto: 41.3%; Ensino Superior completo ou incompleto: 5.7%. NÍVEL ECONÔMICO: Renda individual mensal até 1 Salário Mínimo (Até R$ 1.612,00): 79.2%; Mais de 1 SM até 2 Salários Mínimos (Entre R$ 1.612,01 até R$ 3.224,00): 12.9%; Acima de 2 SM (Acima de R$ 3.224,00) 7.9%. OBS.: devido ao arredondamento, a soma dos percentuais pode variar de 99% a 101%. Para cada variável de ponderação, serão admissíveis desvios de até 4.8 pontos percentuais em relação às quotas estipuladas. Confiança estimada: 95%, margem de erro: +/- 4.8 pontos percentuais. FONTE DOS DADOS: Sexo, Idade e Escolaridade via TSE 2026 e CENSO IBGE 2022 para nível econômico.";"Sistema interno de controle e verificação, conferência e fiscalização da coleta de dados e do trabalho de campo:
Coleta feita com a utilização de questionário com procedimentos específicos e armazenamento dos dados. São checados manualmente no mínimo até o limite de 20% dos questionários para detecção de possíveis desvios de informação. Nossos Coordenadores especialistas realizam internamente uma verificação da consistência dos dados antes da divulgação dos resultados finais.";"Dados relativos aos municípios e bairros abrangidos pela pesquisa. Na ausência de delimitação do bairro, será identificada a área em que foi realizada a pesquisa (conforme §7º. do art. 2º. da Resolução-TSE nº. 23.600/2019, A partir do dia em que a pesquisa for divulgada e até o dia seguinte, o registro deverá ser complementado, sob pena de ser a pesquisa considerada não registrada; na ausência de delimitação do bairro, será identificada a área em que foi realizada):
BAIRROS Centro.Quintas.Matadouro.Bandolim.Santo Antônio.São Paulo.Areias..Escalvado
Estádio .Estrada nova.São João.Olaria.Nova Olinda
POVOADOS:Palestina.São João.São Raimundo.Santa Teresa.Almas.Criulis.Árvores verdes
Repartição.Arraial.Lameiro"
"28/09/2026";"05:46:54";2026;81;"Eleições Gerais 2026";"MA";"MA";"MARANHÃO";"MA028102026";"2026-08-06 22:16:31";"N";"47425567000173";"IPPI PESQUISAS E CONSULTORIA LTDA";"IPPI - PESQUISAS E CONSULTORIAS";"Governador, Senador, Deputado Federal, Deputado Estadual";"2026-08-06 00:00:00";"2026-08-10 00:00:00";"2026-08-12 00:00:00";1500;"10644";"Antonio Alberto Ibiapina Costa Filho";"60000,00";"Pesquisa quantitativa, do tipo survey, realizada por meio de entrevistas presenciais e domiciliares, com aplicação de questionário estruturado a uma amostra representativa da população votante do estado do Maranhão. O público-alvo é composto por eleitores de 16 anos ou mais residentes na área de abrangência da pesquisa (território do estado do Maranhão), conforme o eleitorado apto registrado pelo TSE.";"O público pesquisado é composto por eleitores de 16 anos ou mais residentes na área de abrangência da pesquisa. Para produzir uma amostra representativa desse público-alvo, utilizamos um desenho amostral por conglomerados que prevê três estágios. No primeiro estágio, é feito um sorteio probabilístico de municípios para comporem a amostra por meio do método PPT (Probabilidade Proporcional ao Tamanho) a partir de suas populações votantes acima de 16 anos. Dentro da lista de municípios sorteados, no segundo estágio, é realizado um sorteio probabilístico por meio do método PPT (Probabilidade Proporcional ao Tamanho) de setores censitários a serem visitados pelos entrevistadores, sorteio que tem como base o total de habitantes residentes nos setores de acordo com dados do Censo de 2022. Por último, são selecionados domicílios e pessoas a serem entrevistadas utilizando-se cotas amostrais para as seguintes variáveis: sexo, idade, renda familiar e escolaridade. O perfil da amostra, definido pelas cotas previstas, é o seguinte: Sexo: Masculino (48%); Feminino (52%). Faixa etária: 16-24 anos (17%); 25-34 anos (21%); 35-44 anos (21%); 45-59 anos (23%); 60 ou mais (18%). Renda domiciliar total: Até 2 salários-mínimos (54%); Mais de 2 a 5 salários-mínimos (36%); Mais de 5 salários-mínimos (10%). Nível de instrução: De analfabeto até Fundamental completo (45%); Médio incompleto ou completo (46%); Superior incompleto ou completo ou mais (9%). Fonte dos dados: TSE ¿ Tribunal Superior Eleitoral (julho/2026); Censo 2022 (IBGE); PNADc Anual 2024. Está prevista eventual ponderação da amostra, para correção de estimativas e das distribuições das variáveis sexo e idade, com base nos percentuais anteriormente mencionados, caso ocorram diferenças entre os percentuais previstos na amostra e a coleta de dados realizada. Dentro do público-alvo anteriormente descrito, serão realizadas 1.500 entrevistas. O nível de confiança das estimativas é de 95% e a margem de erro máxima prevista, usando o cálculo para amostra aleatória simples (AAS) como aproximação, é de cerca de 2,5 pontos percentuais para mais ou para menos em relação aos totais da amostra.";"As entrevistas serão realizadas por uma equipe de entrevistadores devidamente qualificada, com experiência e treinamento em pesquisa de opinião pública. Após a coleta de dados, as entrevistas junto aos respondentes são checadas por meio de procedimentos de consistência. Ao longo e após os trabalhos de campo, é realizada uma fiscalização que consiste na checagem de áudio de uma amostra de 30% dos questionários aplicados, para verificação das respostas e da adequação dos entrevistados aos parâmetros amostrais.";"A área de abrangência da coleta é o território do estado do Maranhão. A relação do número de pessoas pesquisadas nas áreas de aplicação da pesquisa, discriminadas por município, bairros e setores censitários a partir dos identificadores utilizados pelo IBGE, além da composição do eleitorado entrevistado na área de abrangência quanto a gênero, idade, grau de instrução e nível econômico, constará em anexo."
"28/09/2026";"05:46:54";2026;81;"Eleições Gerais 2026";"MA";"MA";"MARANHÃO";"MA094852026";"2026-08-27 20:14:46";"N";"19259002000128";"ATLASINTEL TECNOLOGIA DE DADOS LTDA";"ATLASINTEL";"Governador, Senador";"2026-08-29 00:00:00";"2026-09-01 00:00:00";"2026-09-02 00:00:00";2000;"11220";"ANDREI CAMILO DOS SANTOS";"108500,00";"Pesquisa quantitativa com coleta presencial domiciliar via questionário estruturado, aplicado por entrevistadores treinados, com seleção probabilística de municípios, setores censitários e domicílios, e pós-estratificação da amostra de acordo com as características do eleitorado do Maranhão.";"Amostra probabilística em três estágios, estratificada em cinco regiões do estado: Capital (São Luís), Norte Maranhense, Leste Maranhense, Centro Maranhense e Sul e Oeste Maranhense. No primeiro estágio é feito sorteio probabilístico de municípios por meio do método PPT (Probabilidade Proporcional ao Tamanho), utilizando como medida de tamanho o número de eleitores aptos a votar em cada município, conforme dados do Tribunal Superior Eleitoral (TSE). Dentro da lista de municípios sorteados, no segundo estágio é realizado sorteio pelo mesmo método PPT dos setores censitários a serem visitados pelos entrevistadores, utilizando como medida de tamanho o número de domicílios particulares ocupados dos setores censitários, conforme Censo 2022 do IBGE. Finalmente, dentro da lista de setores censitários sorteados, no último estágio os domicílios são selecionados em campo por enumeração sistemática, a partir de uma esquina de partida definida em gabinete, e o respondente é sorteado no domicílio por grade de Kish. Serão realizadas 2.000 entrevistas, com público de 16 anos ou mais, representando as características do eleitorado do Maranhão.

O desenho prevê, ainda, pós-estratificação da amostra via algoritmo iterativo com quotas proporcionais, representando as características do eleitorado do Maranhão: SEXO: Masculino: 48.1%; Feminino: 51.9%. FAIXA ETÁRIA: Entre 16 a 24 anos: 17.5%; Entre 25 a 34 anos: 20.6%; Entre 35 a 44 anos: 20.5%; Entre 45 a 59 anos: 22.8%; 60 ou mais: 18.5%. ESCOLARIDADE: Ensino Fundamental completo ou incompleto e eleitores sem educação formal: 41.3%; Ensino Médio completo ou incompleto: 42.1%; Ensino Superior completo ou incompleto: 16.6%. NÍVEL ECONÔMICO: Renda familiar mensal até R$2000: 38.0%; Mais de R$2.000 a R$3.000: 23.4%; Mais de R$3.000 a R$5.000: 21.6%; Mais de R$5.000 a R$10.000: 12.1%; Mais de R$10.000: 4.9%. OBS.: devido ao arredondamento, a soma dos percentuais pode variar de 99% a 101%. Na agregação final, para cada variável de ponderação, serão admissíveis desvios de até 2.0 pontos percentuais em relação às quotas estipuladas. Confiança estimada: 95%, margem de erro: +/- 2.0 pontos percentuais. FONTE DOS DADOS: PNADC 2024 para escolaridade e nível econômico | TSE 2026 para sexo e faixa etária | Censo 2022 (IBGE) para a malha de setores censitários, as medidas de tamanho do sorteio e a estratificação regional.";"Coleta feita com a utilização de questionário eletrônico com procedimentos específicos para o armazenamento seguro dos dados. São checados manualmente no mínimo 15% dos questionários para detectar possíveis anomalias. Pesquisadores especializados realizam internamente uma verificação exaustiva da consistência dos dados antes da divulgação dos resultados finais.";"#NULO#"
"28/09/2026";"05:46:54";2026;81;"Eleições Gerais 2026";"MA";"MA";"MARANHÃO";"MA032512026";"2026-06-03 00:00:00";"N";"55536013000171";"M R BORGES PROMOCOES";"VOX BRASIL PUBLICIDADE MARKETING";"Governador, Senador, Deputado Federal";"2026-06-02 00:00:00";"2026-06-03 00:00:00";"2026-06-09 00:00:00";300;"10394";" FILIPI MOREIRA MARTINE";"2800,00";"Metodologia de pesquisa:
Pesquisa quantitativa com coleta aleatória via questionário estruturado e pós-estratificação da
amostra de acordo com as características do eleitorado no município de AFONSO CUNHA no
Estado do Maranhão com 300 entrevistas.";"Plano amostral e ponderação quanto a sexo, idade, grau de instrução e nível econômico
do entrevistado; intervalo de confiança e margem de erro:
Amostra aleatória pós-estratificada com quotas proporcionais, representando características do
eleitorado de Maranhão: SEXO: Masculino: 52.5%; Feminino: 47.5%. FAIXA ETÁRIA: Entre 16 a
24 anos: 25.1%; Entre 25 a 34 anos: 22.5%; Entre 35 a 44 anos: 19.1%; Entre 45 a 59 anos:
18.5%; 60 ou mais: 14.8%. ESCOLARIDADE: Ensino Fundamental completo ou incompleto e
eleitores sem educação formal: 60.0%; Ensino Médio completo ou incompleto: 34.0%; Ensino
Superior completo ou incompleto: 6.0%. NÍVEL ECONÔMICO: Renda individual mensal até 1
Salário Mínimo (Até R$ 1.612,00): 73.9%; Mais de 1 SM até 2 Salários Mínimos (Entre R$
1.612,01 até R$ 3.224,00): 17.2%; Acima de 2 SM (Acima de R$ 3.224,00) 8.9%. OBS.: devido
ao arredondamento, a soma dos percentuais pode variar de 99% a 101%. Para cada variável de
ponderação, serão admissíveis desvios de até 5.6 pontos percentuais em relação às quotas
estipuladas. Confiança estimada: 95%, margem de erro: +/- 5.6 pontos percentuais. FONTE
DOS DADOS: Sexo, Idade e Escolaridade via TSE 2026 e CENSO IBGE 2022 para nível
econômico.
";"Sistema interno de controle e verificação, conferência e fiscalização da coleta de dados e
do trabalho de campo:
Coleta feita com a utilização de questionário com procedimentos específicos e armazenamento
dos dados. São checados manualmente no mínimo até o limite de 20% dos questionários para
detecção de possíveis desvios de informação. Nossos Coordenadores especialistas realizam
internamente uma verificação da consistência dos dados antes da divulgação dos resultados
finais.
";"Dados relativos aos municípios e bairros abrangidos pela pesquisa. Na ausência de
delimitação do bairro, será identificada a área em que foi realizada a pesquisa (conforme §7º. do
art. 2º. da Resolução-TSE nº. 23.600/2019, A partir do dia em que a pesquisa for divulgada e até
o dia seguinte, o registro deverá ser complementado, sob pena de ser a pesquisa considerada
não registrada; na ausência de delimitação do bairro, será identificada a área em que foi
realizada):"
"28/09/2026";"05:46:54";2026;81;"Eleições Gerais 2026";"MA";"MA";"MARANHÃO";"MA046482026";"2026-08-30 21:38:39";"N";"64500153000180";"LAIS CRISTINA RODRIGUES DE OLIVEIRA LTDA";"IPSENSUS PESQUISAS";"Governador, Senador";"2026-08-30 00:00:00";"2026-09-02 00:00:00";"2026-09-05 00:00:00";350;"7655";"AUGUSTO DA SILVA ROCHA";"4000,00";"A pesquisa cobrirá o município envolvendo todas regiões do município de Presidente Dutra/MA Universo da pesquisa será dos eleitores com 16 anos ou mais. A amostra representará os eleitores do Município, selecionados em 2(dois) estágios. No primeiro estágio, os setores censitários, onde as entrevistas serão realizadas, foram selecionadas, probabilisticamente, através do método PPT - Probabilidade Proporcional ao Tamanho, tomando o número de eleitores como base para seleção. No segundo estágio, a seleção do entrevistado, dentro do setor censitário, será feita utilizando-se quotas proporcionais, e a abordagem será domiciliar.";"Utilizamos quotas proporcionais, em função das seguintes variáveis: Gênero: FEMININO 52,59% ;
MASCULINO 47,41% ;


Faixa etária: 16 a 24 anos 15,49% ;
25 a 34 anos 19,51% ;
35 a 44 anos 19,60% ;
45 a 59 anos 24,43% ;
60 anos ou mais 20,97% ;


Grau de instrução: ANALFABETO 5,88% ;
ENSINO FUNDAMENTAL COMPLETO 6,03% ;
ENSINO FUNDAMENTAL INCOMPLETO 18,15% ;
ENSINO MÉDIO COMPLETO 28,01% ;
ENSINO MÉDIO INCOMPLETO 17,07% ;
LÊ E ESCREVE 16,25% ;
SUPERIOR COMPLETO 6,12% ;
SUPERIOR INCOMPLETO 2,51% ;



Fonte dos dados: TSE-Tribunal Superior Eleitoral/julho2026; Cruzamento Eleitorado Mensal https://sig.tse.jus.br/ords/dwapr/r/seai/sig-eleitor-eleitorado-mensal/cruzamento-eleitorado-mensal?p24_metricas=E&p24_back=22&p24_cruzamento_1=ds_sexo&clear=24&session=1774743626647; https://sig.tse.jus.br/ords/dwapr/r/seai/sig-eleitor-eleitorado-mensal/cruzamento-eleitorado-mensal?p24_cruzamento_1=ds_faixa_etaria&p24_metricas=E&p24_back=22&clear=24&session=1774743626647 ;https://sig.tse.jus.br/ords/dwapr/r/seai/sig-eleitor-eleitorado-mensal/cruzamento-eleitorado-mensal?p0_municipio=PRESIDENTE%20DUTRA&p0_uf=MA&session=1774743626647 ;
Ano=2026; Mês = JULHO; UF= MA; MUNICIPIO = Presidente Dutra; Renda familiar: Até 1/2 salário mínimo 10,95% ;
Mais de 1/2 a 1 salário mínimo 24,01% ;
Mais de 1 a 2 salários mínimos 29,96% ;
Mais de 2 a 5 salários mínimos 21,53% ;
Mais de 5 a 10 salários mínimos 5,56% ;
Mais de 10 a 20 salários mínimos 1,85% ;
Mais de 20 salários mínimos 0,86% ;
Sem rendimento 5,28% ;


Fonte dos dados: IBGE-Censo 2010-IBGE-CENSO 2022 (IBGE/Censo 2010 - Classe de rendimento nominal mensal domiciliar) ; https://cidades.ibge.gov.br/brasil/ma/presidente-dutra/pesquisa/23/24304; ""Está prevista eventual ponderação da amostra para correção das variáveis sexo, idade, renda familiar e escolaridade com base nos percentuais anteriormente mencionados, caso ocorram diferenças entre os percentuais previstos na amostra e a coleta de dados realizada. O nível de confiança estimado é de 95% e a margem de erro máxima prevista, baseada em uma amostra aleatória simples (AAS), é de cerca de 5,2 pontos percentuais para mais ou para menos em relação aos totais da amostra. Nível Econômico: IBGE (Censo/2010) - Observação: Conforme informações obtidas do Instituto Brasileiro de Geografia e Estatística, o IBGE, não divulgou - e não tem previsão - de data para divulgação do perfil econômico (nível econômico) da população brasileira; portanto, os dados quanto ao nível econômico obtidos no Censo 2022, não podem ser utilizados, pois não foram publicados.""";"Para a realização da pesquisa, utiliza-se uma equipe de entrevistadores e supervisores credenciados devidamente treinados pela empresa para esse tipo de pesquisa. Após os trabalhos de campo, 100% dos questionários são criticados e passam por uma fiscalização de cerca de 20% (vinte por cento) dos questionários aplicados por cada entrevistador; para verificação da consistência das respostas e da adequação dos entrevistados aos parâmetros amostrais.";"#NULO#"
"28/09/2026";"05:46:54";2026;81;"Eleições Gerais 2026";"MA";"MA";"MARANHÃO";"MA071442026";"2026-04-25 20:41:05";"S";"00654576000172";"INSTITUTO VERITA LTDA";"VERITA";"Governador, Senador";"2026-04-26 00:00:00";"2026-04-30 00:00:00";"2026-05-01 00:00:00";1525;"10699";"GUILHERME ALVARENGA LAIA";"117425,00";"Pesquisa quantitativa, que consiste na realização de entrevistas, com a aplicação de questionário estruturado junto a uma amostra representativa do eleitorado desta Unidade da Federação.";"ESTUDO REPRESENTATIVO DO ELEITORADO DO ESTADO DO MARANHÃO - MÉTODO PPT (Probabilidade Proporcional ao Tamanho) - PLANO AMOSTRAL E PONDERAÇÃO QUANTO A SEXO, IDADE, GRAU DE INSTRUÇÃO E NÍVEL ECONÔMICO DO ENTREVISTADO; INTERVALO DE CONFIANÇA E MARGEM DE ERRO: Representativo do eleitorado da área em estudo, elaborada, em vários estágios, da seguinte forma: - 1. Divisão da UF em estratos proporcionais de municípios. 2. Ordenação dos municípios de cada estrato segundo o porte. 3. Sorteio dos municípios de cada estrato. 4. Os respondentes são selecionados através de quotas amostrais proporcionais em função de variáveis significativas, a saber: GÊNERO / FAIXA ETÁRIA - FEMININO E MASCULINO 16 A 34 ANOS 19,3% E 18,3%, 35 A 54 ANOS 19,4% E 17,9%, 55 ANOS OU MAIS 13,3% E 11,8%. GRAU DE INSTRUÇÃO ¿ FEMININO E MASCULINO Sem instrução até Ensino Médio completo 71,4%, Ensino superior incompleto e completo 28,6% NÍVEL ECONÔMICO - FEMININO população não economicamente ativa 46,5% população economicamente ativa 53,5% MASCULINO população não economicamente ativa 27,2% população economicamente ativa 72,8%. RENDA FAMILIAR DO DOMICÍLIO renda familiar de até 2 salários-mínimos 30,7%; de 2 a 5 salários-mínimos 44,2%, acima de 5 salários-mínimos 25,1%. Está prevista eventual ponderação para correção das variáveis, com base nos percentuais anteriormente mencionados, caso ocorram diferenças superiores a margem de erro da pesquisa previsto entre a amostra e a coleta de dados realizada. O fator previsto para ponderação é 1 (resultados obtidos na coleta de dados). O intervalo de confiança estimado é de 95% e a margem de erro máxima estimada considerando um modelo de amostragem aleatório simples, é de aproximadamente 2,5 pontos percentuais para mais ou para menos sobre os resultados encontrados no total da amostra. FONTE DOS DADOS: IBGE/Censo 2022 para fins de densidade demográfica, setores censitários e alocação da amostra. IBGE/PNAD/PNADC/MEC/INEP para fins de Nível Econômico e Escolaridade. TSE FEVEREIRO/2026 para fins de Sexo, Faixa Etária e eleitorado por município ou regiões previamente definidas (importante ressaltar para o público leigo que os dados do TSE são os únicos corretos para gênero, idade dos eleitores e quantitativo de eleitores por municípios já que a base de dados se atualiza automaticamente, PORÉM, dados de escolaridade e nível econômico NÃO são corretos e confiáveis devido a desatualização que ocorre naturalmente com o passar dos anos). Definição de margem de erro e intervalo de confiança: Margem de erro e intervalo de confiança não são grandezas diretamente proporcionais. A SOMA NÃO TEM QUE RESULTAR 100%. ";"Após os trabalhos de coleta de dados, os questionários são submetidos a uma fiscalização, conferência e checagem de cerca de 20% (vinte por cento) dos questionários aplicados.";"A relação dos municípios sorteados ou selecionados para esta pesquisa será apresentada em arquivo anexo até 1 (um) dia após a divulgação desta pesquisa conforme §7º. do art. 2º. da Resolução-TSE nº. 23.600/2019. A área de abrangência desta pesquisa é o Estado DO MARANHÃO"
"28/09/2026";"05:46:54";2026;81;"Eleições Gerais 2026";"MA";"MA";"MARANHÃO";"MA060752026";"2026-09-10 23:15:29";"N";"64500153000180";"LAIS CRISTINA RODRIGUES DE OLIVEIRA LTDA";"IPSENSUS PESQUISAS";"Governador, Senador";"2026-09-10 00:00:00";"2026-09-15 00:00:00";"2026-09-16 00:00:00";350;"7655";"AUGUSTO DA SILVA ROCHA";"4000,00";"A pesquisa cobrirá o município envolvendo todas regiões do município de Amarante do Maranhão/MA Universo da pesquisa será dos eleitores com 16 anos ou mais. A amostra representará os eleitores do Município, selecionados em 2(dois) estágios. No primeiro estágio, os setores censitários, onde as entrevistas serão realizadas, foram selecionadas, probabilisticamente, através do método PPT - Probabilidade Proporcional ao Tamanho, tomando o número de eleitores como base para seleção. No segundo estágio, a seleção do entrevistado, dentro do setor censitário, será feita utilizando-se quotas proporcionais, e a abordagem será domiciliar.";"Utilizamos quotas proporcionais, em função das seguintes variáveis:
Gênero: FEMININO 49,19% ;
MASCULINO 50,81% ;


Faixa etária: 16 a 24 anos 21,36% ;
25 a 34 anos 21,65% ;
35 a 44 anos 19,75% ;
45 a 59 anos 20,78% ;
60 anos ou mais 16,46% ;


Grau de instrução: Analfabeto 8,09% ;
Ensino Fundamental Completo 6,35% ;
Ensino Fundamental Incompleto 27,28% ;
Ensino Médio Completo 19,27% ;
Ensino Médio Incompleto 17,73% ;
Lê E Escreve 15,22% ;
Superior Completo 4,52% ;
Superior Incompleto 1,54% ;


Fonte dos dados: TSE-Tribunal Superior Eleitoral/agosto2026; Cruzamento Eleitorado Mensal https://sig.tse.jus.br/ords/dwapr/r/seai/sig-eleitor-eleitorado-mensal/cruzamento-eleitorado-mensal?p0_municipio=AMARANTE%20DO%20MARANH%C3%83O&p0_uf=MA&session=310047442774812 ;

Ano=2026; Mês = agosto; UF= MA; MUNICIPIO = Amarante do Maranhão;

Renda familiar: Até 1/2 salário mínimo 20,43% ;
Mais de 1/2 a 1 salário mínimo 24,79% ;
Mais de 1 a 2 salários mínimos 28,08% ;
Mais de 2 a 5 salários mínimos 14,80% ;
Mais de 5 a 10 salários mínimos 2,61% ;
Mais de 10 a 20 salários mínimos 0,52% ;
Mais de 20 salários mínimos 0,16% ;
Sem rendimento 8,61% ;


Fonte dos dados: IBGE-Censo 2010-IBGE-CENSO 2022 (IBGE/Censo 2010 - Classe de rendimento nominal mensal domiciliar) ; https://cidades.ibge.gov.br/brasil/ma/amarante-do-maranhao/pesquisa/23/24304 ;

""Está prevista eventual ponderação da amostra para correção das variáveis sexo, idade, renda familiar e escolaridade com base nos percentuais anteriormente mencionados, caso ocorram diferenças entre os percentuais previstos na amostra e a coleta de dados realizada. O nível de confiança estimado é de 95% e a margem de erro máxima prevista, baseada em uma amostra aleatória simples (AAS), é de cerca de 5,2 pontos percentuais para mais ou para menos em relação aos totais da amostra. Nível Econômico: IBGE (Censo/2010) - Observação: Conforme informações obtidas do Instituto Brasileiro de Geografia e Estatística, o IBGE, não divulgou - e não tem previsão - de data para divulgação do perfil econômico (nível econômico) da população brasileira; portanto, os dados quanto ao nível econômico obtidos no Censo 2022, não podem ser utilizados, pois não foram publicados.""";"Para a realização da pesquisa, utiliza-se uma equipe de entrevistadores e supervisores credenciados devidamente treinados pela empresa para esse tipo de pesquisa. Após os trabalhos de campo, 100% dos questionários são criticados e passam por uma fiscalização de cerca de 20% (vinte por cento) dos questionários aplicados por cada entrevistador; para verificação da consistência das respostas e da adequação dos entrevistados aos parâmetros amostrais.";"#NULO#"
"28/09/2026";"05:46:54";2026;81;"Eleições Gerais 2026";"MA";"MA";"MARANHÃO";"MA023642026";"2026-07-27 21:22:19";"S";"55536013000171";"M R BORGES PROMOCOES";"VOX BRASIL PUBLICIDADE MARKETING";"Governador, Senador, Deputado Federal, Deputado Estadual";"2026-07-28 00:00:00";"2026-07-29 00:00:00";"2026-08-02 00:00:00";450;"10394";"FILIPE MOREIRA MARTINE";"2500,00";"Metodologia de pesquisa:
Pesquisa quantitativa com coleta aleatória via questionário estruturado e pós-estratificação da amostra de acordo com as características do eleitorado no município de COROATÁ no Estado do Maranhão com 450 entrevistas
";"Plano amostral e ponderação quanto a sexo, idade, grau de instrução e nível econômico do entrevistado; intervalo de confiança e margem de erro:
Amostra aleatória pós-estratificada com quotas proporcionais, representando características do eleitorado de Maranhão: SEXO: Masculino: 48.3%; Feminino: 51.7%. FAIXA ETÁRIA: Entre 16 a 24 anos: 19.7%; Entre 25 a 34 anos: 18.8%; Entre 35 a 44 anos: 20.3%; Entre 45 a 59 anos: 21.0%; 60 ou mais: 20.2%. ESCOLARIDADE: Ensino Fundamental completo ou incompleto e eleitores sem educação formal: 53.0%; Ensino Médio completo ou incompleto: 41.3%; Ensino Superior completo ou incompleto: 5.7%. NÍVEL ECONÔMICO: Renda individual mensal até 1 Salário Mínimo (Até R$ 1.612,00): 79.2%; Mais de 1 SM até 2 Salários Mínimos (Entre R$ 1.612,01 até R$ 3.224,00): 12.9%; Acima de 2 SM (Acima de R$ 3.224,00) 7.9%. OBS.: devido ao arredondamento, a soma dos percentuais pode variar de 99% a 101%. Para cada variável de ponderação, serão admissíveis desvios de até 4.8 pontos percentuais em relação às quotas estipuladas. Confiança estimada: 95%, margem de erro: +/- 4.8 pontos percentuais. FONTE 
DOS DADOS: Sexo, Idade e Escolaridade via TSE 2026 e CENSO IBGE 2022 para nível econômico.
";"Sistema interno de controle e verificação, conferência e fiscalização da coleta de dados e do trabalho de campo:
Coleta feita com a utilização de questionário com procedimentos específicos e armazenamento dos dados. São checados manualmente no mínimo até o limite de 20% dos questionários para detecção de possíveis desvios de informação. Nossos Coordenadores especialistas realizam internamente uma verificação da consistência dos dados antes da divulgação dos resultados finais.
";"Dados relativos aos municípios e bairros abrangidos pela pesquisa. Na ausência de delimitação do bairro, será identificada a área em que foi realizada a pesquisa (conforme §7º. do art. 2º. da Resolução-TSE nº. 23.600/2019, A partir do dia em que a pesquisa for divulgada e até o dia seguinte, o registro deverá ser complementado, sob pena de ser a pesquisa considerada não registrada; na ausência de delimitação do bairro, será identificada a área em que foi realizada):
BAIRROS: 
POVOADOS:VILA SETE SETEMBRO-PAU ESTOPA-BACABALZINHO-MACAUBA-SÃO BENEDITO-BARRIGUDA
"
"28/09/2026";"05:46:54";2026;81;"Eleições Gerais 2026";"MA";"MA";"MARANHÃO";"MA043152026";"2026-09-12 10:40:35";"N";"64500153000180";"LAIS CRISTINA RODRIGUES DE OLIVEIRA LTDA";"IPSENSUS PESQUISAS";"Governador, Senador";"2026-09-12 00:00:00";"2026-09-17 00:00:00";"2026-09-18 00:00:00";350;"7655";"AUGUSTO DA SILVA ROCHA";"4000,00";"A pesquisa cobrirá o município envolvendo todas regiões do município de Senador La Rocque/MA Universo da pesquisa será dos eleitores com 16 anos ou mais. A amostra representará os eleitores do Município, selecionados em 2(dois) estágios. No primeiro estágio, os setores censitários, onde as entrevistas serão realizadas, foram selecionadas, probabilisticamente, através do método PPT - Probabilidade Proporcional ao Tamanho, tomando o número de eleitores como base para seleção. No segundo estágio, a seleção do entrevistado, dentro do setor censitário, será feita utilizando-se quotas proporcionais, e a abordagem será domiciliar.";"Utilizamos quotas proporcionais, em função das seguintes variáveis:

Gênero: FEMININO 51,28% ;
MASCULINO 48,72% ;


Faixa etária: 16 a 24 anos 18,92% ;
25 a 34 anos 20,42% ;
35 a 44 anos 19,04% ;
45 a 59 anos 22,59% ;
60 anos ou mais 19,03% ;


Grau de instrução: Analfabeto 8,96% ;
Ensino Fundamental Completo 5,88% ;
Ensino Fundamental Incompleto 23,52% ;
Ensino Médio Completo 22,22% ;
Ensino Médio Incompleto 20,29% ;
Lê E Escreve 12,27% ;
Superior Completo 5,08% ;
Superior Incompleto 1,78% ;

Fonte dos dados: TSE-Tribunal Superior Eleitoral/julho2026; Cruzamento Eleitorado Mensal https://sig.tse.jus.br/ords/dwapr/r/seai/sig-eleitor-eleitorado-mensal/cruzamento-eleitorado-mensal?p0_municipio=SENADOR%20LA%20ROCQUE&p0_uf=MA&session=101518372802196 ;


Ano=2026; Mês = agosto; UF= MA; MUNICIPIO = Senador La Rocque;

Renda familiar (A variável ¿classe de rendimento nominal mensal domiciliar¿ corresponde à classificação dos domicílios segundo a soma dos rendimentos nominais mensais de seus moradores, expressa em faixas de salários mínimos vigentes no período de referência do Censo Demográfico 2010. Trata-se da renda total do domicílio, não dividida pelo número de moradores, não devendo ser confundida com rendimento domiciliar per capita. Para fins de planejamento amostral e ponderação, foram preservadas as categorias e os percentuais originalmente disponibilizados pelo IBGE, sem reagrupamento ou recálculo das faixas.): Até 1/2 salário mínimo 12,73% ;
Mais de 1/2 a 1 salário mínimo 26,38% ;
Mais de 1 a 2 salários mínimos 30,91% ;
Mais de 2 a 5 salários mínimos 19,69% ;
Mais de 5 a 10 salários mínimos 3,78% ;
Mais de 10 a 20 salários mínimos 0,53% ;
Mais de 20 salários mínimos 0,20% ;
Sem rendimento 5,78% ;


Fonte dos dados: IBGE-Censo 2010-IBGE-CENSO 2022 (IBGE/Censo 2010 - Classe de rendimento nominal mensal domiciliar) ; https://cidades.ibge.gov.br/brasil/ma/senador-la-rocque/pesquisa/23/24304 ;


""Está prevista eventual ponderação da amostra para correção das variáveis sexo, idade, renda familiar e escolaridade com base nos percentuais anteriormente mencionados, caso ocorram diferenças entre os percentuais previstos na amostra e a coleta de dados realizada. O nível de confiança estimado é de 95% e a margem de erro máxima prevista, baseada em uma amostra aleatória simples (AAS), é de cerca de 5,2 pontos percentuais para mais ou para menos em relação aos totais da amostra. Nível Econômico: IBGE (Censo/2010) - Observação: Conforme informações obtidas do Instituto Brasileiro de Geografia e Estatística, o IBGE, não divulgou - e não tem previsão - de data para divulgação do perfil econômico (nível econômico) da população brasileira; portanto, os dados quanto ao nível econômico obtidos no Censo 2022, não podem ser utilizados, pois não foram publicados.""";"Para a realização da pesquisa, utiliza-se uma equipe de entrevistadores e supervisores credenciados devidamente treinados pela empresa para esse tipo de pesquisa. Após os trabalhos de campo, 100% dos questionários são criticados e passam por uma fiscalização de cerca de 20% (vinte por cento) dos questionários aplicados por cada entrevistador; para verificação da consistência das respostas e da adequação dos entrevistados aos parâmetros amostrais.";"#NULO#"
"28/09/2026";"05:46:54";2026;81;"Eleições Gerais 2026";"MA";"MA";"MARANHÃO";"MA099912026";"2026-09-07 21:23:40";"N";"64500153000180";"LAIS CRISTINA RODRIGUES DE OLIVEIRA LTDA";"IPSENSUS PESQUISAS";"Governador, Senador";"2026-09-07 00:00:00";"2026-09-11 00:00:00";"2026-09-13 00:00:00";350;"7655";"AUGUSTO DA SILVA ROCHA";"4000,00";"A pesquisa cobrirá o município envolvendo todas regiões do município de Cururupu/MA Universo da pesquisa será dos eleitores com 16 anos ou mais. A amostra representará os eleitores do Município, selecionados em 2(dois) estágios. No primeiro estágio, os setores censitários, onde as entrevistas serão realizadas, foram selecionadas, probabilisticamente, através do método PPT - Probabilidade Proporcional ao Tamanho, tomando o número de eleitores como base para seleção. No segundo estágio, a seleção do entrevistado, dentro do setor censitário, será feita utilizando-se quotas proporcionais, e a abordagem será domiciliar.";"Utilizamos quotas proporcionais, em função das seguintes variáveis:

Gênero: FEMININO 51,46% ;
MASCULINO 48,54% ;


Faixa etária: 16 a 24 anos 15,37% ;
25 a 34 anos 17,90% ;
35 a 44 anos 18,67% ;
45 a 59 anos 23,42% ;
60 anos ou mais 24,64% ;


Grau de instrução: Analfabeto 6,97% ;
Ensino Fundamental Completo 5,85% ;
Ensino Fundamental Incompleto 30,78% ;
Ensino Médio Completo 25,18% ;
Ensino Médio Incompleto 16,46% ;
Lê E Escreve 9,01% ;
Superior Completo 4,11% ;
Superior Incompleto 1,64% ;


Fonte dos dados: TSE-Tribunal Superior Eleitoral/julho2026; Cruzamento Eleitorado Mensal https://sig.tse.jus.br/ords/dwapr/r/seai/sig-eleitor-eleitorado-mensal/perfil-do-eleitorado-mensal?p0_municipio=CURURUPU&p0_uf=MA&session=303846566501491 ;
https://sig.tse.jus.br/ords/dwapr/r/seai/sig-eleitor-eleitorado-mensal/cruzamento-eleitorado-mensal?p24_metricas=E&p24_back=22&p24_cruzamento_1=ds_sexo&clear=24&session=303846566501491 ;
https://sig.tse.jus.br/ords/dwapr/r/seai/sig-eleitor-eleitorado-mensal/cruzamento-eleitorado-mensal?p24_cruzamento_1=ds_grau_instrucao&p24_metricas=E&p24_back=22&clear=24&session=303846566501491 ;

Ano=2026; Mês = JULHO; UF= MA; MUNICIPIO = Cururupu;

Renda familiar: Até 1/2 salário mínimo 19,01% ;
Mais de 1/2 a 1 salário mínimo 26,00% ;
Mais de 1 a 2 salários mínimos 27,60% ;
Mais de 2 a 5 salários mínimos 18,29% ;
Mais de 5 a 10 salários mínimos 3,17% ;
Mais de 10 a 20 salários mínimos 0,82% ;
Mais de 20 salários mínimos 0,17% ;
Sem rendimento 4,94% ;


Fonte dos dados: IBGE-Censo 2010-IBGE-CENSO 2022 (IBGE/Censo 2010 - Classe de rendimento nominal mensal domiciliar) ; https://cidades.ibge.gov.br/brasil/ma/cururupu/pesquisa/23/24304 ;

""Está prevista eventual ponderação da amostra para correção das variáveis sexo, idade, renda familiar e escolaridade com base nos percentuais anteriormente mencionados, caso ocorram diferenças entre os percentuais previstos na amostra e a coleta de dados realizada. O nível de confiança estimado é de 95% e a margem de erro máxima prevista, baseada em uma amostra aleatória simples (AAS), é de cerca de 5,2 pontos percentuais para mais ou para menos em relação aos totais da amostra. Nível Econômico: IBGE (Censo/2010) - Observação: Conforme informações obtidas do Instituto Brasileiro de Geografia e Estatística, o IBGE, não divulgou - e não tem previsão - de data para divulgação do perfil econômico (nível econômico) da população brasileira; portanto, os dados quanto ao nível econômico obtidos no Censo 2022, não podem ser utilizados, pois não foram publicados.""";"Para a realização da pesquisa, utiliza-se uma equipe de entrevistadores e supervisores credenciados devidamente treinados pela empresa para esse tipo de pesquisa. Após os trabalhos de campo, 100% dos questionários são criticados e passam por uma fiscalização de cerca de 20% (vinte por cento) dos questionários aplicados por cada entrevistador; para verificação da consistência das respostas e da adequação dos entrevistados aos parâmetros amostrais.";"#NULO#"
"28/09/2026";"05:46:54";2026;81;"Eleições Gerais 2026";"MA";"MA";"MARANHÃO";"MA057802026";"2026-09-07 21:43:11";"N";"64500153000180";"LAIS CRISTINA RODRIGUES DE OLIVEIRA LTDA";"IPSENSUS PESQUISAS";"Governador, Senador";"2026-09-07 00:00:00";"2026-09-11 00:00:00";"2026-09-13 00:00:00";350;"7655";"AUGUSTO DA SILVA ROCHA";"4000,00";"A pesquisa cobrirá o município envolvendo todas regiões do município de Tuntum/MA Universo da pesquisa será dos eleitores com 16 anos ou mais. A amostra representará os eleitores do Município, selecionados em 2(dois) estágios. No primeiro estágio, os setores censitários, onde as entrevistas serão realizadas, foram selecionadas, probabilisticamente, através do método PPT - Probabilidade Proporcional ao Tamanho, tomando o número de eleitores como base para seleção. No segundo estágio, a seleção do entrevistado, dentro do setor censitário, será feita utilizando-se quotas proporcionais, e a abordagem será domiciliar.";"Utilizamos quotas proporcionais, em função das seguintes variáveis:

Gênero: FEMININO 50,40% ;
MASCULINO 49,60% ;


Faixa etária: 16 a 24 anos 17,98% ;
25 a 34 anos 19,15% ;
35 a 44 anos 19,28% ;
45 a 59 anos 22,84% ;
60 anos ou mais 20,75% ;


Grau de instrução: Analfabeto 10,45% ;
Ensino Fundamental Completo 5,27% ;
Ensino Fundamental Incompleto 23,17% ;
Ensino Médio Completo 19,89% ;
Ensino Médio Incompleto 18,70% ;
Lê E Escreve 16,70% ;
Superior Completo 4,30% ;
Superior Incompleto 1,52% ;

Fonte dos dados: TSE-Tribunal Superior Eleitoral/julho2026; Cruzamento Eleitorado Mensal https://sig.tse.jus.br/ords/dwapr/r/seai/sig-eleitor-eleitorado-mensal/cruzamento-eleitorado-mensal?p0_municipio=TUNTUM&p0_uf=MA&session=303846566501491 ;


Ano=2026; Mês = agosto; UF= MA; MUNICIPIO = Tuntum;

Renda familiar: Até 1/2 salário mínimo 20,15% ;
Mais de 1/2 a 1 salário mínimo 24,70% ;
Mais de 1 a 2 salários mínimos 28,01% ;
Mais de 2 a 5 salários mínimos 13,36% ;
Mais de 5 a 10 salários mínimos 1,84% ;
Mais de 10 a 20 salários mínimos 0,68% ;
Mais de 20 salários mínimos 0,24% ;
Sem rendimento 11,02% ;



Fonte dos dados: IBGE-Censo 2010-IBGE-CENSO 2022 (IBGE/Censo 2010 - Classe de rendimento nominal mensal domiciliar) ; https://cidades.ibge.gov.br/brasil/ma/tuntum/pesquisa/23/24304 ;


""Está prevista eventual ponderação da amostra para correção das variáveis sexo, idade, renda familiar e escolaridade com base nos percentuais anteriormente mencionados, caso ocorram diferenças entre os percentuais previstos na amostra e a coleta de dados realizada. O nível de confiança estimado é de 95% e a margem de erro máxima prevista, baseada em uma amostra aleatória simples (AAS), é de cerca de 5,2 pontos percentuais para mais ou para menos em relação aos totais da amostra. Nível Econômico: IBGE (Censo/2010) - Observação: Conforme informações obtidas do Instituto Brasileiro de Geografia e Estatística, o IBGE, não divulgou - e não tem previsão - de data para divulgação do perfil econômico (nível econômico) da população brasileira; portanto, os dados quanto ao nível econômico obtidos no Censo 2022, não podem ser utilizados, pois não foram publicados.""";"Para a realização da pesquisa, utiliza-se uma equipe de entrevistadores e supervisores credenciados devidamente treinados pela empresa para esse tipo de pesquisa. Após os trabalhos de campo, 100% dos questionários são criticados e passam por uma fiscalização de cerca de 20% (vinte por cento) dos questionários aplicados por cada entrevistador; para verificação da consistência das respostas e da adequação dos entrevistados aos parâmetros amostrais.";"#NULO#"
"28/09/2026";"05:46:54";2026;81;"Eleições Gerais 2026";"MA";"MA";"MARANHÃO";"MA057312026";"2026-09-08 22:30:51";"N";"64500153000180";"LAIS CRISTINA RODRIGUES DE OLIVEIRA LTDA";"IPSENSUS PESQUISAS";"Governador, Senador";"2026-09-09 00:00:00";"2026-09-13 00:00:00";"2026-09-14 00:00:00";350;"7655";"AUGUSTO DA SILVA ROCHA";"4000,00";"A pesquisa cobrirá o município envolvendo todas regiões do município de Balsas/MA Universo da pesquisa será dos eleitores com 16 anos ou mais. A amostra representará os eleitores do Município, selecionados em 2(dois) estágios. No primeiro estágio, os setores censitários, onde as entrevistas serão realizadas, foram selecionadas, probabilisticamente, através do método PPT - Probabilidade Proporcional ao Tamanho, tomando o número de eleitores como base para seleção. No segundo estágio, a seleção do entrevistado, dentro do setor censitário, será feita utilizando-se quotas proporcionais, e a abordagem será domiciliar.";"Utilizamos quotas proporcionais, em função das seguintes variáveis: Gênero:

FEMININO FEMININO 52,39% ;
MASCULINO 47,61% ;
Faixa etária: 16 a 24 anos 17,73% ;
25 a 34 anos 23,76% ;
35 a 44 anos 22,45% ;
45 a 59 anos 21,79% ;
60 anos ou mais 14,27% ;


Grau de instrução: Analfabeto 3,40% ;
Ensino Fundamental Completo 6,45% ;
Ensino Fundamental Incompleto 21,24% ;
Ensino Médio Completo 27,52% ;
Ensino Médio Incompleto 19,76% ;
Lê E Escreve 8,54% ;
Superior Completo 8,16% ;
Superior Incompleto 4,93% ;


Fonte dos dados: TSE-Tribunal Superior Eleitoral/agosto2026; Cruzamento Eleitorado Mensal https://sig.tse.jus.br/ords/dwapr/r/seai/sig-eleitor-eleitorado-mensal/cruzamento-eleitorado-mensal?p0_municipio=BALSAS&p0_uf=MA&session=112437442821993 ;


Ano=2026; Mês = agosto; UF= MA; MUNICIPIO = Balsas;
Renda familiar: Até 1/2 salário mínimo 4,25% ;
Mais de 1/2 a 1 salário mínimo 17,72% ;
Mais de 1 a 2 salários mínimos 28,33% ;
Mais de 2 a 5 salários mínimos 30,49% ;
Mais de 5 a 10 salários mínimos 9,86% ;
Mais de 10 a 20 salários mínimos 3,30% ;
Mais de 20 salários mínimos 1,22% ;
Sem rendimento 4,83% ;


Fonte dos dados: IBGE-Censo 2010-IBGE-CENSO 2022 (IBGE/Censo 2010 - Classe de rendimento nominal mensal domiciliar) ; https://cidades.ibge.gov.br/brasil/ma/balsas/pesquisa/23/24304 ;


""Está prevista eventual ponderação da amostra para correção das variáveis sexo, idade, renda familiar e escolaridade com base nos percentuais anteriormente mencionados, caso ocorram diferenças entre os percentuais previstos na amostra e a coleta de dados realizada. O nível de confiança estimado é de 95% e a margem de erro máxima prevista, baseada em uma amostra aleatória simples (AAS), é de cerca de 5,2 pontos percentuais para mais ou para menos em relação aos totais da amostra. Nível Econômico: IBGE (Censo/2010) - Observação: Conforme informações obtidas do Instituto Brasileiro de Geografia e Estatística, o IBGE, não divulgou - e não tem previsão - de data para divulgação do perfil econômico (nível econômico) da população brasileira; portanto, os dados quanto ao nível econômico obtidos no Censo 2022, não podem ser utilizados, pois não foram publicados.""";"Para a realização da pesquisa, utiliza-se uma equipe de entrevistadores e supervisores credenciados devidamente treinados pela empresa para esse tipo de pesquisa. Após os trabalhos de campo, 100% dos questionários são criticados e passam por uma fiscalização de cerca de 20% (vinte por cento) dos questionários aplicados por cada entrevistador; para verificação da consistência das respostas e da adequação dos entrevistados aos parâmetros amostrais.";"#NULO#"
"28/09/2026";"05:46:54";2026;81;"Eleições Gerais 2026";"MA";"MA";"MARANHÃO";"MA072182026";"2026-09-12 10:50:20";"N";"64500153000180";"LAIS CRISTINA RODRIGUES DE OLIVEIRA LTDA";"IPSENSUS PESQUISAS";"Governador, Senador";"2026-09-11 00:00:00";"2026-09-16 00:00:00";"2026-09-18 00:00:00";350;"7655";"AUGUSTO DA SILVA ROCHA";"4000,00";"A pesquisa cobrirá o município envolvendo todas regiões do município de João Lisboa/MA Universo da pesquisa será dos eleitores com 16 anos ou mais. A amostra representará os eleitores do Município, selecionados em 2(dois) estágios. No primeiro estágio, os setores censitários, onde as entrevistas serão realizadas, foram selecionadas, probabilisticamente, através do método PPT - Probabilidade Proporcional ao Tamanho, tomando o número de eleitores como base para seleção. No segundo estágio, a seleção do entrevistado, dentro do setor censitário, será feita utilizando-se quotas proporcionais, e a abordagem será domiciliar.";"Utilizamos quotas proporcionais, em função das seguintes variáveis:

Gênero: FEMININO 51,06% ;
MASCULINO 48,94% ;


Faixa etária: 16 a 24 anos 17,43% ;
25 a 34 anos 21,51% ;
35 a 44 anos 20,55% ;
45 a 59 anos 22,43% ;
60 anos ou mais 18,08% ;


Grau de instrução: Analfabeto 6,60% ;
Ensino Fundamental Completo 5,73% ;
Ensino Fundamental Incompleto 22,08% ;
Ensino Médio Completo 25,39% ;
Ensino Médio Incompleto 20,15% ;
Lê E Escreve 12,03% ;
Superior Completo 5,36% ;
Superior Incompleto 2,66% ;

Fonte dos dados: https://sig.tse.jus.br/ords/dwapr/r/seai/sig-eleitor-eleitorado-mensal/cruzamento-eleitorado-mensal?p0_municipio=JO%C3%83O%20LISBOA&p0_uf=MA&session=310669362669017 ;


Ano=2026; Mês = agosto; UF= MA; MUNICIPIO = João Lisboa;

Renda familiar (A variável ¿classe de rendimento nominal mensal domiciliar¿ corresponde à classificação dos domicílios segundo a soma dos rendimentos nominais mensais de seus moradores, expressa em faixas de salários mínimos vigentes no período de referência do Censo Demográfico 2010. Trata-se da renda total do domicílio, não dividida pelo número de moradores, não devendo ser confundida com rendimento domiciliar per capita. Para fins de planejamento amostral e ponderação, foram preservadas as categorias e os percentuais originalmente disponibilizados pelo IBGE, sem reagrupamento ou recálculo das faixas.): Até 1/2 salário mínimo 7,02% ;
Mais de 1/2 a 1 salário mínimo 28,16% ;
Mais de 1 a 2 salários mínimos 30,77% ;
Mais de 2 a 5 salários mínimos 21,68% ;
Mais de 5 a 10 salários mínimos 4,35% ;
Mais de 10 a 20 salários mínimos 0,81% ;
Mais de 20 salários mínimos 0,26% ;
Sem rendimento 6,95% ;



Fonte dos dados: IBGE-Censo 2010-IBGE-CENSO 2022 (IBGE/Censo 2010 - Classe de rendimento nominal mensal domiciliar) ; https://cidades.ibge.gov.br/brasil/ma/joao-lisboa/pesquisa/23/24304 ;


""Está prevista eventual ponderação da amostra para correção das variáveis sexo, idade, renda familiar e escolaridade com base nos percentuais anteriormente mencionados, caso ocorram diferenças entre os percentuais previstos na amostra e a coleta de dados realizada. O nível de confiança estimado é de 95% e a margem de erro máxima prevista, baseada em uma amostra aleatória simples (AAS), é de cerca de 5,2 pontos percentuais para mais ou para menos em relação aos totais da amostra. Nível Econômico: IBGE (Censo/2010) - Observação: Conforme informações obtidas do Instituto Brasileiro de Geografia e Estatística, o IBGE, não divulgou - e não tem previsão - de data para divulgação do perfil econômico (nível econômico) da população brasileira; portanto, os dados quanto ao nível";"Para a realização da pesquisa, utiliza-se uma equipe de entrevistadores e supervisores credenciados devidamente treinados pela empresa para esse tipo de pesquisa. Após os trabalhos de campo, 100% dos questionários são criticados e passam por uma fiscalização de cerca de 20% (vinte por cento) dos questionários aplicados por cada entrevistador; para verificação da consistência das respostas e da adequação dos entrevistados aos parâmetros amostrais.";"#NULO#"
"28/09/2026";"05:46:54";2026;81;"Eleições Gerais 2026";"MA";"MA";"MARANHÃO";"MA044322026";"2026-09-04 23:19:50";"N";"64500153000180";"LAIS CRISTINA RODRIGUES DE OLIVEIRA LTDA";"IPSENSUS PESQUISAS";"Governador, Senador";"2026-09-04 00:00:00";"2026-09-09 00:00:00";"2026-09-10 00:00:00";350;"7655";"AUGUSTO DA SILVA ROCHA";"4000,00";"A pesquisa cobrirá o município envolvendo todas regiões do município de São Raimundo das Mangabeiras/MA Universo da pesquisa será dos eleitores com 16 anos ou mais. A amostra representará os eleitores do Município, selecionados em 2(dois) estágios. No primeiro estágio, os setores censitários, onde as entrevistas serão realizadas, foram selecionadas, probabilisticamente, através do método PPT - Probabilidade Proporcional ao Tamanho, tomando o número de eleitores como base para seleção. No segundo estágio, a seleção do entrevistado, dentro do setor censitário, será feita utilizando-se quotas proporcionais, e a abordagem será domiciliar.";"Utilizamos quotas proporcionais, em função das seguintes variáveis:
Gênero: FEMININO 49,76% ;
MASCULINO 50,24% ;


Faixa etária: 16 a 24 anos 17,95% ;
25 a 34 anos 21,27% ;
35 a 44 anos 20,45% ;
45 a 59 anos 21,23% ;
60 anos ou mais 19,10% ;


Grau de instrução: Analfabeto 5,83% ;
Ensino Fundamental Completo 3,97% ;
Ensino Fundamental Incompleto 22,32% ;
Ensino Médio Completo 21,49% ;
Ensino Médio Incompleto 20,48% ;
Lê E Escreve 17,21% ;
Superior Completo 5,62% ;
Superior Incompleto 3,08% ;


Fonte dos dados: TSE-Tribunal Superior Eleitoral/julho2026; Cruzamento Eleitorado Mensal https://sig.tse.jus.br/ords/dwapr/r/seai/sig-eleitor-eleitorado-mensal/perfil-do-eleitorado-mensal?p0_municipio=S%C3%83O%20RAIMUNDO%20DAS%20MANGABEIRAS&p0_uf=MA&session=11955379424683 ;
https://sig.tse.jus.br/ords/dwapr/r/seai/sig-eleitor-eleitorado-mensal/perfil-do-eleitorado-mensal?session=11955379424683 ;

Ano=2026; Mês = JULHO; UF= MA; MUNICIPIO = São Raimundo das Mangabeiras;

Renda familiar: Até 1/2 salário mínimo 13,81% ;
Mais de 1/2 a 1 salário mínimo 25,46% ;
Mais de 1 a 2 salários mínimos 29,63% ;
Mais de 2 a 5 salários mínimos 17,89% ;
Mais de 5 a 10 salários mínimos 4,91% ;
Mais de 10 a 20 salários mínimos 1,33% ;
Mais de 20 salários mínimos 0,50% ;
Sem rendimento 6,47% ;

Fonte dos dados: IBGE-Censo 2010-IBGE-CENSO 2022 (IBGE/Censo 2010 - Classe de rendimento nominal mensal domiciliar) ; https://cidades.ibge.gov.br/brasil/ma/sao-raimundo-das-mangabeiras/pesquisa/23/24304 ;

""Está prevista eventual ponderação da amostra para correção das variáveis sexo, idade, renda familiar e escolaridade com base nos percentuais anteriormente mencionados, caso ocorram diferenças entre os percentuais previstos na amostra e a coleta de dados realizada. O nível de confiança estimado é de 95% e a margem de erro máxima prevista, baseada em uma amostra aleatória simples (AAS), é de cerca de 5,2 pontos percentuais para mais ou para menos em relação aos totais da amostra. Nível Econômico: IBGE (Censo/2010) - Observação: Conforme informações obtidas do Instituto Brasileiro de Geografia e Estatística, o IBGE, não divulgou - e não tem previsão - de data para divulgação do perfil econômico (nível econômico) da população brasileira; portanto, os dados quanto ao nível econômico obtidos no Censo 2022, não podem ser utilizados, pois não foram publicados.""";"Para a realização da pesquisa, utiliza-se uma equipe de entrevistadores e supervisores credenciados devidamente treinados pela empresa para esse tipo de pesquisa. Após os trabalhos de campo, 100% dos questionários são criticados e passam por uma fiscalização de cerca de 20% (vinte por cento) dos questionários aplicados por cada entrevistador; para verificação da consistência das respostas e da adequação dos entrevistados aos parâmetros amostrais.";"#NULO#"
"28/09/2026";"05:46:54";2026;81;"Eleições Gerais 2026";"MA";"MA";"MARANHÃO";"MA096672026";"2026-09-12 09:54:34";"N";"64500153000180";"LAIS CRISTINA RODRIGUES DE OLIVEIRA LTDA";"IPSENSUS PESQUISAS";"Governador, Senador";"2026-09-12 00:00:00";"2026-09-17 00:00:00";"2026-09-18 00:00:00";350;"7655";"AUGUSTO DA SILVA ROCHA";"4000,00";"A pesquisa cobrirá o município envolvendo todas regiões do município de Imperatriz/MA Universo da pesquisa será dos eleitores com 16 anos ou mais. A amostra representará os eleitores do Município, selecionados em 2(dois) estágios. No primeiro estágio, os setores censitários, onde as entrevistas serão realizadas, foram selecionadas, probabilisticamente, através do método PPT - Probabilidade Proporcional ao Tamanho, tomando o número de eleitores como base para seleção. No segundo estágio, a seleção do entrevistado, dentro do setor censitário, será feita utilizando-se quotas proporcionais, e a abordagem será domiciliar.";"Utilizamos quotas proporcionais, em função das seguintes variáveis:

Gênero: FEMININO 53,51% ;
MASCULINO 46,49% ;


Faixa etária: 16 a 24 anos 14,99% ;
25 a 34 anos 20,62% ;
35 a 44 anos 21,13% ;
45 a 59 anos 24,28% ;
60 anos ou mais 18,98% ;


Grau de instrução: Analfabeto 2,61% ;
Ensino Fundamental Completo 6,12% ;
Ensino Fundamental Incompleto 16,27% ;
Ensino Médio Completo 33,82% ;
Ensino Médio Incompleto 18,45% ;
Lê E Escreve 6,15% ;
Superior Completo 10,14% ;
Superior Incompleto 6,44% ;

Fonte dos dados: TSE-Tribunal Superior Eleitoral/julho2026; Cruzamento Eleitorado Mensal https://sig.tse.jus.br/ords/dwapr/r/seai/sig-eleitor-eleitorado-mensal/cruzamento-eleitorado-mensal?p0_municipio=IMPERATRIZ&p0_uf=MA&session=101518372802196 ;


Ano=2026; Mês = agosto; UF= MA; MUNICIPIO = Imperatriz;

Renda familiar (A variável ¿classe de rendimento nominal mensal domiciliar¿ corresponde à classificação dos domicílios segundo a soma dos rendimentos nominais mensais de seus moradores, expressa em faixas de salários mínimos vigentes no período de referência do Censo Demográfico 2010. Trata-se da renda total do domicílio, não dividida pelo número de moradores, não devendo ser confundida com rendimento domiciliar per capita. Para fins de planejamento amostral e ponderação, foram preservadas as categorias e os percentuais originalmente disponibilizados pelo IBGE, sem reagrupamento ou recálculo das faixas.): Até 1/2 salário mínimo 2,75% ;
Mais de 1/2 a 1 salário mínimo 18,70% ;
Mais de 1 a 2 salários mínimos 27,80% ;
Mais de 2 a 5 salários mínimos 31,71% ;
Mais de 5 a 10 salários mínimos 10,76% ;
Mais de 10 a 20 salários mínimos 3,92% ;
Mais de 20 salários mínimos 1,57% ;
Sem rendimento 2,78% ;



Fonte dos dados: IBGE-Censo 2010-IBGE-CENSO 2022 (IBGE/Censo 2010 - Classe de rendimento nominal mensal domiciliar) ; https://cidades.ibge.gov.br/brasil/ma/imperatriz/pesquisa/23/24304 ;


""Está prevista eventual ponderação da amostra para correção das variáveis sexo, idade, renda familiar e escolaridade com base nos percentuais anteriormente mencionados, caso ocorram diferenças entre os percentuais previstos na amostra e a coleta de dados realizada. O nível de confiança estimado é de 95% e a margem de erro máxima prevista, baseada em uma amostra aleatória simples (AAS), é de cerca de 5,2 pontos percentuais para mais ou para menos em relação aos totais da amostra. Nível Econômico: IBGE (Censo/2010) - Observação: Conforme informações obtidas do Instituto Brasileiro de Geografia e Estatística, o IBGE, não divulgou - e não tem previsão - de data para divulgação do perfil econômico (nível econômico) da população brasileira; portanto, os dados quanto ao nível econômico obtidos no Censo 2022, não podem ser utilizados, pois não foram publicados.""";"Para a realização da pesquisa, utiliza-se uma equipe de entrevistadores e supervisores credenciados devidamente treinados pela empresa para esse tipo de pesquisa. Após os trabalhos de campo, 100% dos questionários são criticados e passam por uma fiscalização de cerca de 20% (vinte por cento) dos questionários aplicados por cada entrevistador; para verificação da consistência das respostas e da adequação dos entrevistados aos parâmetros amostrais.";"#NULO#"
