"DT_GERACAO";"HH_GERACAO";"AA_ELEICAO";"CD_ELEICAO";"NM_ELEICAO";"SG_UF";"SG_UE";"NM_UE";"NR_PROTOCOLO_REGISTRO";"DT_REGISTRO";"ST_PESQUISA_PROPRIA";"NR_CNPJ_EMPRESA";"NM_EMPRESA";"NM_EMPRESA_FANTASIA";"DS_CARGO";"DT_INICIO_PESQUISA";"DT_FIM_PESQUISA";"DT_DIVULGACAO";"QT_ENTREVISTADO";"CD_CONRE";"NM_ESTATISTICO_RESP";"VR_PESQUISA";"DS_METODOLOGIA_PESQUISA";"DS_PLANO_AMOSTRAL";"DS_SISTEMA_CONTROLE";"DS_DADO_MUNICIPIO"
"28/09/2026";"05:46:54";2026;81;"Eleições Gerais 2026";"ES";"ES";"ESPÍRITO SANTO";"ES068392026";"2026-07-08 19:36:56";"S";"00654576000172";"INSTITUTO VERITA LTDA";"VERITA";"Governador, Senador";"2026-07-09 00:00:00";"2026-07-13 00:00:00";"2026-07-14 00:00:00";1220;"10699";"Guilherme Alvarenga Laia";"93940,00";"Pesquisa quantitativa, que consiste na realização de entrevistas, com a aplicação de questionário estruturado junto a uma amostra representativa do eleitorado desta Unidade da Federação.";"ESTUDO REPRESENTATIVO DO ELEITORADO DO ESTADO DO ESPÍRITO SANTO - MÉTODO PPT (Probabilidade Proporcional ao Tamanho) - PLANO AMOSTRAL E PONDERAÇÃO QUANTO A SEXO, IDADE, GRAU DE INSTRUÇÃO E NÍVEL ECONÔMICO DO ENTREVISTADO; INTERVALO DE CONFIANÇA E MARGEM DE ERRO: Representativo do eleitorado da área em estudo, elaborada, em vários estágios, da seguinte forma: - 1. Divisão da UF em estratos proporcionais de municípios. 2. Ordenação dos municípios de cada estrato segundo o porte. 3. Sorteio dos municípios de cada estrato. 4. Os respondentes são selecionados através de quotas amostrais proporcionais em função de variáveis significativas, a saber: GÊNERO / FAIXA ETÁRIA - FEMININO E MASCULINO 16 A 34 ANOS 15,4% E 14,1%, 35 A 54 ANOS 20,1% E 18,3%, 55 ANOS OU MAIS 17,3% E 14,7%. GRAU DE INSTRUÇÃO ¿ FEMININO E MASCULINO Sem instrução até Ensino Médio completo 61,9%, Ensino superior incompleto e completo 38,1% NÍVEL ECONÔMICO - FEMININO população não economicamente ativa 46,5% população economicamente ativa 53,5% MASCULINO população não economicamente ativa 27,2% população economicamente ativa 72,8%. RENDA FAMILIAR DO DOMICÍLIO renda familiar de até 2 salários-mínimos 30,7%; de 2 a 5 salários-mínimos 44,2%, acima de 5 salários-mínimos 25,1%. Está prevista eventual ponderação para correção das variáveis, com base nos percentuais anteriormente mencionados, caso ocorram diferenças superiores a margem de erro da pesquisa previsto entre a amostra e a coleta de dados realizada. O fator previsto para ponderação é 1 (resultados obtidos na coleta de dados). O intervalo de confiança estimado é de 95% e a margem de erro máxima estimada considerando um modelo de amostragem aleatório simples, é de aproximadamente 3 pontos percentuais para mais ou para menos sobre os resultados encontrados no total da amostra. FONTE DOS DADOS: IBGE/Censo 2022 para fins de densidade demográfica, setores censitários e alocação da amostra. IBGE/PNAD/PNADC/MEC/INEP para fins de Nível Econômico e Escolaridade. TSE JUNHO/2026 para fins de Sexo, Faixa Etária e eleitorado por município ou regiões previamente definidas (importante ressaltar para o público leigo que os dados do TSE são os únicos corretos para gênero, idade dos eleitores e quantitativo de eleitores por municípios já que a base de dados se atualiza automaticamente, PORÉM, dados de escolaridade e nível econômico NÃO são corretos e confiáveis devido a desatualização que ocorre naturalmente com o passar dos anos). Definição de margem de erro e intervalo de confiança: Margem de erro e intervalo de confiança não são grandezas diretamente proporcionais. A SOMA NÃO TEM QUE RESULTAR 100%. ";"Após os trabalhos de coleta de dados, os questionários são submetidos a uma fiscalização, conferência e checagem de cerca de 20% (vinte por cento) dos questionários aplicados.";"A relação dos municípios sorteados ou selecionados para esta pesquisa será apresentada em arquivo anexo até 1 (um) dia após a divulgação desta pesquisa conforme §7º. do art. 2º. da Resolução-TSE nº. 23.600/2019. A área de abrangência desta pesquisa é o Estado DO ESPÍRITO SANTO."
"28/09/2026";"05:46:54";2026;81;"Eleições Gerais 2026";"ES";"ES";"ESPÍRITO SANTO";"ES070932026";"2026-07-12 12:26:20";"N";"10175843000182";"INSTITUTO DE PESQUISAS PERFIL LTDA";"#NULO#";"Governador, Senador";"2026-07-13 00:00:00";"2026-07-16 00:00:00";"2026-07-18 00:00:00";1800;"9063";"LINIANE GAZOLA";"40000,00";"Pesquisa quantitativa, de natureza exploratório-descritiva, operacionalizada por meio da técnica survey com									
aplicação de questionário estruturado. A coleta de dados será realizada exclusivamente por meio de entrevistas pessoais									
utilizando dispositivos eletrônicos (tablets) O universo é constituído pelos eleitores com 16 anos ou mais,									
regularmente inscritos no cadastro eleitoral e residentes no estado									
ESPIRITO  SANTO (ES)									
Empresa Contratante e Pagante pelo trabalho:				BDC Comunicações					
CNPJ/CPF:	23.895.081/0001-30								
ORIGEM DO RECURSO: 		proprio							";" A amostra prevista é de		1800	 entrevistas.						
O público-alvo da pesquisa é constituído por eleitores com 16 anos ou mais, residentes na área de abrangência do estudo.									
Para assegurar a representatividade estatística desse universo, adotou-se um delineamento amostral probabilístico por conglomerados, 									
estruturado em três estágios. No primeiro estágio, procede-se ao sorteio probabilístico dos municípios integrantes da amostra, utilizando-se									
o método PPT (Probabilidade Proporcional ao Tamanho), tendo como base de ponderação a população votante com idade igual ou superior									
a 16 anos residente em cada município. No segundo estágio, a partir da relação dos municípios selecionados, realiza-se novo sorteio 									
probabilístico pelo método PPT, esta feita incidente sobre setores censitários a serem visitados em campo. Esse sorteio toma como									
referência o total de habitantes residentes nesses setores, conforme dados do ultimo Censo Demográfico (2022) garantindo, assim,									
a dispersão aleatória e a cobertura estatística do território municipal, independentemente de recortes administrativos. No terceiro e último 									
 estágio, nos setores censitários sorteados, são selecionados os domicílios e os indivíduos a serem entrevistados, adotando-se procedimento									
de quotas amostrais para as variáveis de controle: sexo, idade, renda familiar e escolaridade. O perfil amostral resultante, balizado pelas quotas 									
 estabelecidas, apresenta a seguinte composição:									
GENERO:	MASCULINO	47%			FEMININO	53%	(consulta: TSE - JUN/2026)		
Fonte: 	TSE- JUNHO-26								
FAIXA ETÁRIA									
	16 A 24 Anos	11,2%							
	25 a 34	18,2%							
	35 a 44	20,2%							
	45 a 59	26,1%							
	60 ou mais	24,3%							
FONTE: 	TSE- JUNHO-26								
GRAU DE INSTRUÇÃO									
	Analfabeto/Lê e escreve			8,56	%				
	Ensino fundamental completo/incompleto			29,95	%				
	Ensino médio completo/incompleto			45,44	%				
	Ensino superior completo/incompleto			16,03	%				
	Invalido			0,02%					
FONTE: 	TSE- JUNHO-26								
RENDA FAMILIAR									
	Sem rendimento / Até 1 salário mínimo			19,45%					
	De 1 a 2 salários			23,79%					
	De 2 a 5 Salários			35,34%					
	Mais de 5 salários			21,42%					
	(S.M. - SALARIO MINIMO)								
Fonte	https://cidades.ibge.gov.br/brasil/es/pesquisa/23/24304								
Fonte para a malha de setores censitários, Censo 2022 (IBGE);									
A definição dos parâmetros populacionais para as cotas amostrais baseia-se nos dados do Censo Demográfico mais recente disponibilizado 									
pelo IBGE, admitindo-se, nos termos do art. 2º, II, ""a"", da Resolução TSE nº 23.600/2019, a utilização de informações defasadas quando não 									
houver dados atualizados, devidamente justificada no registro da pesquisa.									
Como etapa complementar ao plano amostral, prevê-se a pós-estratificação manual, aplicável apenas se constatadas diferenças entre a 									
distribuição obtida em campo e os parâmetros populacionais predefinidos para as variáveis de controle. O procedimento consiste no ajuste 									
ponderado das frequências amostrais, com base na comparação entre percentuais observados e previstos, com o fim de recompor a									
proporcionalidade da amostra em relação ao universo. Tal ajuste constitui prática metodológica padrão e não decorre de qualquer fragilidade 									
no processo de coleta ou seleção da amostra.									
Margem de Erro máxima prevista é:			2,31%	pontos percentuais para mais ou para menos, considerando um					
nível de confiança de 		95%	e baseada em uma amostra aleatória simples (AAS). ";"As entrevistas são realizadas por equipes devidamente treinadas e identificados, utilizando para a coleta dispositivo eletronico, 						
as equipes serão acompanhadas por um coordenador / supervisor que atua como fiscal de campo fazendo o controle, 						
a verificação e a fiscalização da coleta de dados. Após a coleta, a pesquisa será checada, criticada e codificada, 						
internamente de acordo com o padrão estabelecido pela ABEP (Associação Brasileira de Empresas de Pesquisa). Todo o 						
material será 100% criticado e 20% verificado, conforme procedimento padrão em pesquisa de opinião publica. As 						
informações serão processadas por meio de programa especifico, para a tabulação e eleaboração dos resultados. Os dados						
serão gerados no formato de tabelas de frequencia, e analisados criteriosamente. Ao final sera elaborado um relatorio analitico-						
descritivo, contendo tabelas e graficos para o resultado de cada pergunta realizada no questionario, seguindo as						
exigencias do TSE. 						
Os dados coletados e tratados nesta pesquisa atendem às exigências da LGPD, Lei Geral de Proteção de Dados garantindo						
ao respondente o sigilo de sua identidade e o correto tratamento de suas respostas.						";"A área de abrangência da coleta é o ESTADO				ESPIRITO  SANTO (ES)				
A relação das localidades e setores censitários selecionadas para aplicação da amostra será apresentada 								
a partir do dia em que a pesquisa puder ser divulgada e até o dia seguinte, conforme expresso no 								
art. 2º, §7º da Resolução 23.600/2019 doTSE.								
"
"28/09/2026";"05:46:54";2026;81;"Eleições Gerais 2026";"ES";"ES";"ESPÍRITO SANTO";"ES008242026";"2026-07-03 17:49:15";"S";"24899123000174";"INSTITUTO FRANCA DE PESQUISAS LTDA";"INSTITUTO FRANCA DE PESQUISA PESQUISA E ASSESSORIA";"Governador, Senador";"2026-07-01 00:00:00";"2026-07-07 00:00:00";"2026-07-09 00:00:00";1066;"10682";"Aldine Andrea Oliveira de Sousa Cabral";"15000,00";"Pesquisa com metodologia quantitativa, com a realização de entrevistas individuais de forma CATI/FONE utilizando questionário estruturado junto a uma amostra representativa do eleitorado de ESPÍRITO SANTO.

OBS: a) Pesquisa realizada por iniciativa do Instituto França, com o objetivo de divulgação do trabalho da empresa e estratégia de marketing; b) O valor declarado é referente à estimativa de custos operacionais para a realização da pesquisa; c) De acordo com a legislação vigente, não é obrigatório emitir/anexar NF; d) Os recursos para a realização dessa pesquisa são oriundos do próprio caixa da empresa;
";"A representatividade do eleitorado foi obtida por meio de dados fornecidos pelo TSE. Nesse processo, setores censitários foram sorteados com probabilidade proporcional ao tamanho da população residente, composta por pessoas com 16 anos ou mais. Em seguida, foi selecionado um número fixo de participantes, seguindo quotas amostrais proporcionais para variáveis significativas. As categorias demográficas foram estratificadas da seguinte forma: 

Sexo (Masculino 47,19% e Feminino: 52,79%); 
Faixa Etária: 16 anos (F = 0,29% M = 0,27%) 17 anos (F = 0,60% M = 0,60%) 18 anos (F = 1,06% M = 1,15%) 19 anos (F = 1,26% M = 1,36%), 20 anos (F = 1,40% M = 1,54%), 21 a 24 anos (F = 6,20% M = 6,61%), 25 a 29 anos (F = 8,98% M = 9,07%), 30 a 34 anos (F = 9,21% M = 9,15%), 35 a 39 anos (F = 9,73% M = 9,90%), 40 a 44 anos (F = 10,27% M = 10,58%), 45 a 49 anos (F = 9,81% M = 9,99%), 50 a 54 anos (F = 8,34% M = 8,41%), 55 a 59 anos (F = 7,79% M = 7,77%), 60 a 64 anos (F = 7,33% M = 7,20%), 65 a 69 anos (F = 6,22% M = 5,96%), 70 a 74 anos (F = 4,82% M = 4,54%), 75 a 79 anos (F = 3,12% M = 2,78%), 80 a 84 anos (F = 1,74% M = 1,49%), 85 a 89 anos (F = 1,00% M = 0,78%), 90 a 94 anos (F = 0,46% M = 0,37%), 95 a 99 anos (F = 0,21% M = 0,21%) , 100 anos ou mais (F = 0,12% M = 0,19%);



Grau de Instrução: Analfabeto (F = 3,62% M = 3,26%), Lê E Escreve (F = 4,87% M = 5,37%), Ensino Fundamental Incompleto (F = 21,60% M = 24,98%),Ensino Fundamental Completo (F = 6,21% M = 7,36%), Ensino Médio Incompleto (F = 17,04% M = 19,69%), Ensino Médio Completo (F = 28,28% M = 25,89%); Superior Incompleto (F = 5,17% M = 4,45%), Superior Completo ( F= 13,19% M = 8,97%).

 Para a variável Nível Econômico: SEM RENDA ATÉ 1 SALÁRIO MÍNIMO 15,68%, MAIS DE 1 ATÉ 2 SALÁRIOS MÍNIMOS 21,94%, MAIS DE 2 ATÉ 5 SALÁRIOS MÍNIMOS 37,07%, MAIS DE 5 ATÉ 10 SALÁRIOS MÍNIMOS 15,56%, MAIS DE 10 ATÉ 20 SALÁRIOS MÍNIMOS 6,62%, MAIS DE 20 SALÁRIOS MÍNIMOS 3,14%.

O número de entrevistas foi estabelecido em uma amostragem aleatória simples com nível estimado de 95% de confiança o que significa, a cada 100 pesquisas realizadas utilizando a mesma metodologia, espera-se que 95% tenham resultados dentro da margem de erro; e uma margem de erro estimada de 3,0 pontos percentuais para mais ou para menos. Está prevista uma eventual ponderação para correção das variáveis apresentadas, caso aconteçam diferenças superiores a 3% entre o previsto na amostra e a coleta de dados, no que pese serem estas variáveis de seleção e abordagem dos entrevistados. A amostra de Sexo, Faixa Etária, Grau de Instrução e Nível Econômico, foram definidas nas fontes oficiais de dados pela: base de dados do Tribunal Superior Eleitoral - TSE, a base de dados do Instituto Brasileiro de Geografia e Estatística - IBGE e a base de dados do Instituto França.
";"As entrevistas serão realizadas por uma equipe de entrevistadores e supervisores devidamente qualificada pelo Instituto França de Pesquisas, com experiência e treinamento em pesquisas de opinião pública. No decorrer do trabalho de coleta de dados, os questionários aplicados, serão auditados em tempo real pelos supervisores, para verificação quanto ao cuidado na sua aplicação.";"A área de abrangência da coleta é o estado de ESPIRITO SANTO. As localidades selecionadas na amostra são: 


Dados relativos aos municípios e bairros abrangidos pela pesquisa. Na ausência de delimitação do bairro, será identificada a área em que foi realizada a pesquisa(conforme §7º. do art. 2º. da Resolução-TSE nº. 23.600/2019, A partir do dia em que a pesquisa puder ser divulgada e até o dia seguinte, o registro deverá ser complementado, sob pena de ser a pesquisa considerada não registrada; na ausência de delimitação do bairro, será identificada a área em que foi realizada):
"
"28/09/2026";"05:46:54";2026;81;"Eleições Gerais 2026";"ES";"ES";"ESPÍRITO SANTO";"ES066982026";"2026-06-03 19:01:00";"S";"22345021000181";"REAL TIME MIDIA LTDA";"REAL TIME BIG DATA";"Governador, Senador";"2026-06-06 00:00:00";"2026-06-08 00:00:00";"2026-06-09 00:00:00";1600;"10839";"Isabela Zara Cremoneze";"64000,00";"Pesquisa quantitativa, que consiste na realização de entrevistas pessoais, com a aplicação de questionário estruturado junto a uma amostra representativa do eleitorado em estudo. Pesquisa realizada no Estado do Espírito Santo (ES).";"Representativo do eleitorado da área em estudo, elaborada em três estágios. 
No primeiro estágio, realiza-se um sorteio probabilístico dos municípios onde as entrevistas serão realizadas, pelo método PPT (Probabilidade Proporcional ao Tamanho), tomando a população eleitora de 16 anos ou mais residente nos municípios como base para essa seleção.
No segundo estágio, efetua-se um sorteio probabilístico das localidades dentro dos municípios selecionados, também pelo método PPT (Probabilidade Proporcional ao Tamanho), considerando a população eleitora de 16 anos ou mais residente nessas localidades como base para a seleção.
No terceiro e último estágio, dentro das localidades sorteadas, os respondentes são selecionados por meio de quotas amostrais proporcionais, em função de variáveis significativas, a saber:

Atualizando com os valores da imagem:
GÊNERO:
Feminino: 52,79%;
Masculino: 47,21%.
(Fonte: TSE, Maio/2026 -- https://sig.tse.jus.br/ords/dwapr/r/seai/sig-eleitor-eleitorado-mensal/cruzamento-eleitorado-mensal?p24_metricas=E&p24_back=22&p24_cruzamento_1=ds_sexo&clear=24&session=100249716079644)
FAIXA ETÁRIA:
16 anos: 0,30%;
17 anos: 0,65%;
18 a 20 anos: 3,93%;
21 a 24 anos: 6,04%;
25 a 34 anos: 18,20%;
35 a 44 anos: 20,26%;
45 a 59 anos: 25,99%;
60 a 69 anos: 13,34%;
70 a 79 anos: 7,62%;
Superior a 79 anos: 3,29%.
(Fonte: TSE, Maio/2026 -- https://sig.tse.jus.br/ords/dwapr/r/seai/sig-eleitor-eleitorado-mensal/cruzamento-eleitorado-mensal?p24_cruzamento_1=ds_faixa_etaria&p24_metricas=E&p24_back=22&clear=24&session=100249716079644)
ESCOLARIDADE:
Analfabeto: 3,46%;
Lê e Escreve: 5,12%;
Ensino Fundamental Incompleto: 23,21%;
Ensino Fundamental Completo: 6,76%;
Ensino Médio Incompleto: 18,28%;
Ensino Médio Completo: 27,15%;
Ensino Superior Incompleto: 4,83%;
Ensino Superior Completo: 11,20%.
(Fonte: TSE, Maio/2026 -- https://sig.tse.jus.br/ords/dwapr/r/seai/sig-eleitor-eleitorado-mensal/cruzamento-eleitorado-mensal?p24_cruzamento_1=ds_grau_instrucao&p24_metricas=E&p24_back=22&clear=24&session=100249716079644)
RENDA DOMICILIAR MENSAL:
Sem rendimento: 3,26%;
Até 1/2 Salário Mínimo: 2,08%;
Mais de 1/2 a 1 Salário Mínimo: 14,11%;
Mais de 1 a 2 Salários Mínimos: 23,79%;
Mais de 2 a 5 Salários Mínimos: 35,34%;
Mais de 5 a 10 Salários Mínimos: 13,80%;
Mais de 10 a 20 Salários Mínimos: 5,43%;
Mais de 20 Salários Mínimos: 2,20%;
(Fonte: IBGE (CENSO-2010) -- https://cidades.ibge.gov.br/brasil/es/pesquisa/23/24304?detalhes=true)

Observação: De acordo com informações do Instituto Brasileiro de Geografia e Estatística (IBGE), não há previsão de data para a divulgação do perfil econômico da população brasileira do CENSO 2022. Portanto, os dados sobre o nível econômico obtidos no Censo 2022 não podem ser utilizados, pois ainda não foram publicados.
Está prevista eventual ponderação para correção das variáveis sexo e idade, com base nos percentuais anteriormente mencionados, caso ocorram diferenças superiores a 3 pontos percentuais entre o previsto na amostra e a coleta de dados realizada. Para as variáveis de grau de instrução e nível econômico do entrevistado, o fator previsto para ponderação é 1 (resultados obtidos em campo). O nível de confiança estimado é de 95% e a margem de erro máxima estimada considerando um modelo de amostragem aleatório simples, é de aproximadamente 2 (dois) pontos percentuais para mais ou para menos sobre os resultados encontrados no total da amostra.
";"O trabalho de coleta de dados é acompanhado presencialmente por supervisores. São selecionados aleatoriamente 15% (quinze por cento) dos questionários para uma verificação posterior com ligações telefônicas para os números indicados nos formulários, em caso de dúvida, o formulário é descartado e o entrevistador chamado para esclarecimentos.";"O anexo do arquivo com os bairros será realizado até o dia seguinte da divulgação conforme indicado no §7º. do art. 2º. da Resolução-TSE nº. 23.600/2019.



"
"28/09/2026";"05:46:54";2026;81;"Eleições Gerais 2026";"ES";"ES";"ESPÍRITO SANTO";"ES053582026";"2026-09-27 21:21:36";"S";"32649389000197";"AP EXATA INTELIGENCIA EM TECNOLOGIA E DADOS LTDA";"#NULO#";"Governador, Senador";"2026-09-29 00:00:00";"2026-10-01 00:00:00";"2026-10-03 00:00:00";1600;"8160";"Fernando Feliciano dos Santos";"56000,00";"Pesquisa quantitativa de opinião pública eleitoral, realizada por meio de entrevistas telefônicas assistidas por computador (CATI), conduzidas com recursos de inteligência artificial, com aplicação de questionário estruturado. O público-alvo é formado por eleitores com 18 anos ou mais, residentes e com domicílio eleitoral no Estado do Espírito Santo, que declarem intenção de votar nas Eleições Gerais de 2026. A participação é voluntária, mediante consentimento, e as entrevistas serão gravadas para segurança e controle de qualidade. Os dados serão tratados de forma agregada e confidencial, sem identificação individual dos entrevistados na divulgação dos resultados. A amostra será composta por 1.600 entrevistas, distribuídas conforme o plano amostral por municípios, sexo, faixa etária e escolaridade.";"Plano amostral: a pesquisa adota o modelo de amostragem não probabilística por cotas intencionais de abordagem, planejada para representar o eleitorado do Estado do Espírito Santo com 18 anos ou mais. O universo da pesquisa corresponde a 2.990.582 eleitores cadastrados no TSE em julho de 2026. A utilização desse modelo justifica-se pela inexistência de uma listagem nominal pública com contatos diretos de todos os eleitores aptos.

O plano amostral estrutura-se em quatro estágios encadeados:

1º estágio ¿ Estratificação geográfica: agrupamento dos 78 municípios do Estado em 10 microrregiões de planejamento, conforme a Lei Estadual nº 11.174/2020.

2º estágio ¿ Substratos socioeconômicos: cruzamento das 10 microrregiões com cinco faixas de rendimento familiar ¿ renda baixa, média-baixa, média, média-alta e alta ¿, gerando substratos socioeconômicos.

3º estágio ¿ Seleção dos municípios: escolha dos municípios representativos de cada substrato por inclusão automática, no caso de municípios autorrepresentativos ou únicos no substrato, ou por sorteio com Probabilidade Proporcional ao Tamanho (PPT) do eleitorado.

4º estágio ¿ Definição das cotas: aplicação de cotas sociodemográficas proporcionais ao peso de cada segmento no eleitorado municipal.

Distribuição por cotas sociodemográficas: a seleção dos entrevistados será controlada proporcionalmente ao perfil demográfico oficial da população-alvo, considerando as seguintes variáveis:

Sexo: masculino e feminino, conforme dados do TSE de julho de 2026.

Faixa etária: 18 a 34 anos (jovens), 35 a 59 anos (adultos) e 60 anos ou mais (idosos), conforme dados do TSE de julho de 2026.

Grau de instrução/escolaridade: até o ensino fundamental incompleto; ensino fundamental completo; ensino médio incompleto; ensino médio completo; ensino superior incompleto; e ensino superior completo ou mais, conforme dados do TSE de julho de 2026.

Nível econômico: controlado na amostragem territorial mediante o enquadramento nos substratos de rendimento familiar definidos com base nos dados do Censo Demográfico IBGE 2022.

Intervalo de confiança e margem de erro: o nível de confiança adotado é de 95%, com margem de erro de 3,0% para os resultados globais e máxima variabilidade das respostas (p = 0,5). O cálculo estatístico inferencial estabeleceu o tamanho mínimo de n = 1.067 eleitores, tendo sido adotada para a pesquisa uma amostra total de n = 1.600 eleitores.

Ponderação: a coleta de dados será realizada por meio de Unidade de Resposta Audível (URA). Sendo assim, as entrevistas serão finalizadas respeitando rigorosamente as proporções populacionais de cada cota (sexo, idade, escolaridade e microrregião). A amostra obtida já será perfeitamente proporcional ao eleitorado. Nesse cenário, a ponderação é desnecessária porque os pesos estatísticos seriam iguais a 1,0.";"O trabalho de coleta de dados será acompanhado por supervisores humanos. Serão selecionados aleatoriamente para checagem, no mínimo, 15% (quinze por cento) dos questionários aplicados, com o objetivo de verificar a consistência das respostas e a adequação dos entrevistados aos parâmetros amostrais. A coleta e o tratamento dos dados observarão as disposições da Lei nº 13.709/2018 (Lei Geral de Proteção de Dados Pessoais ¿ LGPD), assegurando o sigilo da identidade e dos dados pessoais dos participantes, bem como o tratamento adequado das informações fornecidas.";"A área de abrangência da coleta é o Estado do Espírito Santo, sem delimitação amostral prévia por bairros. Os municípios selecionados como áreas de abrangência serão considerados na totalidade de seus respectivos territórios. A relação dos municípios e as demais informações relativas à abrangência e à composição da amostra final serão apresentadas como complementação do registro no PesqEle, no prazo previsto no art. 2º, § 7º e seguintes, da Resolução TSE nº 23.600/2019, na redação vigente."
"28/09/2026";"05:46:54";2026;81;"Eleições Gerais 2026";"ES";"ES";"ESPÍRITO SANTO";"ES002462026";"2026-06-10 09:17:45";"N";"10175843000182";"INSTITUTO DE PESQUISAS PERFIL LTDA";"#NULO#";"Governador, Senador";"2026-06-10 00:00:00";"2026-06-13 00:00:00";"2026-06-16 00:00:00";1800;"7655";"AUGUSTO DA SILVA ROCHA";"40000,00";"Pesquisa em municípios representativos do Estado do Espírito Santo, do tipo quantitativa, com aplicação de questionário estruturado, abordagem pessoal domiciliar. O conjunto da população eleitora dos municípios com 16 anos ou mais foi tomado como universo da pesquisa.";"Metodologia de pesquisa: Pesquisa em municípios representativos do Estado do Espírito Santo, do tipo quantitativa, com aplicação de questionário estruturado, abordagem pessoal domiciliar. O conjunto da população eleitora dos municípios com 16 anos ou mais foi tomado como universo da pesquisa. Plano amostral e ponderação quanto a sexo, idade, grau de instrução e nível econômico do entrevistado; intervalo de confiança e margem de erro: A amostra será representativa do eleitorado da área pesquisada e será selecionada em três etapas. Na primeira etapa realiza-se um sorteio probabilístico dos municípios onde as entrevistas serão realizadas através do método PPT (Probabilidade Proporcional ao Tamanho), considerando a população eleitora com 16 anos ou mais residente nos municípios como base para essa seleção. Na segunda etapa, faz-se um sorteio probabilístico das localidades, onde as entrevistas serão realizadas, através do método PPT (Probabilidade Proporcional ao Tamanho), tomando a população eleitora de 16 anos ou mais residente nas localidades como base para essa seleção. Na terceira etapa, a seleção do entrevistado dentro da localidade, será feita utilizando-se quotas amostrais proporcionais, em função das variáveis sexo, faixa etária, grau de instrução e renda mensal familiar. Sexo:FEMININO 52,77%; MASCULINO 47,21%; Faixa Etária: 16 a 24 anos 10,8%; 25 a 34 anos 18,4%; 35 a 44 anos 20,5%; 45 a 59 anos 26,1%; 60 anos ou mais 24,3%; Grau de Instrução: ANALFABETO 3,5%; LÊ E ESCREVE 5,2%; ENSINO FUNDAMENTAL INCOMPLETO 23,5%; ENSINO FUNDAMENTAL COMPLETO 6,8%; ENSINO MÉDIO INCOMPLETO 18,0%; ENSINO MÉDIO COMPLETO 27,1%; SUPERIOR INCOMPLETO 4,8%; SUPERIOR COMPLETO 11,1%; Renda Mensal Familiar: Até 1/2 salário mínimo 2,1% ; Mais de 1/2 a 1 salário mínimo 14,1% ; Mais de 1 a 2 salários mínimos 23,8% ; Mais de 2 a 5 salários mínimos 35,3% ; Mais de 5 a 10 salários mínimos 13,8% ; Mais de 10 a 20 salários mínimos 5,4% ; Mais de 20 salários mínimos 2,2% ; Sem rendimento 3,3% ; O desenho da amostra será realizado de acordo com os dados populacionais disponibilizados pelo Instituto Brasileiro de Geografia e Estatística (IBGE) referentes ao Censo 2010/2022 e TSE/TRE mar/26. Fonte: https://sidra.ibge.gov.br/ https://www.tse.jus.br/eleitor/estatisticas-de-eleitorado/consulta-quantitativo Para um intervalo de confiança de 95% a margem de erro máxima estimada foi de 2.3 pontos percentuais, para mais ou para menos.";"Para a realização da pesquisa, utiliza-se uma equipe de entrevistadores e supervisores credenciados devidamente treinados pela empresa para esse tipo de pesquisa. Após os trabalhos de campo, 100% dos questionários são criticados e passam por uma fiscalização de cerca de 20% (vinte por cento) dos questionários aplicados por cada entrevistador; para verificação da consistência das respostas e da adequação dos entrevistados aos parâmetros amostrais.";"#NULO#"
"28/09/2026";"05:46:54";2026;81;"Eleições Gerais 2026";"ES";"ES";"ESPÍRITO SANTO";"ES015732026";"2026-09-27 02:39:12";"S";"19259002000128";"ATLASINTEL TECNOLOGIA DE DADOS LTDA";"ATLASINTEL";"Governador, Senador";"2026-09-27 00:00:00";"2026-10-02 00:00:00";"2026-10-03 00:00:00";1200;"11220";"ANDREI CAMILO DOS SANTOS";"75000,00";"Pesquisa quantitativa com coleta aleatória via questionário estruturado web e pós-estratificação da amostra de acordo com as características do eleitorado de Espírito Santo.";"Amostra aleatória pós-estratificada via algoritmo iterativo com quotas proporcionais, representando as características do eleitorado de Espírito Santo:
SEXO: Masculino: 47.2%; Feminino: 52.8%.
FAIXA ETÁRIA: Entre 16 a 24 anos: 10.8%; Entre 25 a 34 anos: 18.2%; Entre 35 a 44 anos: 20.1%; Entre 45 a 59 anos: 26.2%; 60 ou mais: 24.8%.
ESCOLARIDADE: Até Ensino Médio completo ou incompleto (inclui Ensino Fundamental completo/incompleto e pessoas sem instrução): 74.2%; Ensino Superior completo ou incompleto: 25.8%.
NÍVEL ECONÔMICO: Renda familiar mensal até R$ 2.000: 17.6%; de R$ 2.000 a R$ 3.000: 11.3%; de R$ 3.000 a R$ 5.000: 29.5%; de R$ 5.000 a R$ 10.000: 26.6%; mais de R$ 10.000: 15.0%.
OBS.: devido ao arredondamento, a soma dos percentuais pode variar de 99% a 101%. Na agregação final, para cada variável de ponderação, serão admissíveis desvios de até 3 pontos percentuais em relação às quotas estipuladas. Confiança estimada: 95%, margem de erro: +/- 3.0 pontos percentuais. FONTE DOS DADOS: PNADC 2026 para escolaridade | PNADC 2025 para renda | TSE 2026 para sexo e faixa etária.";"Coleta feita com a utilização de questionário eletrônico com procedimentos específicos para o armazenamento seguro dos dados. São checados manualmente no mínimo 15% dos questionários para detectar possíveis anomalias. Pesquisadores especializados realizam internamente uma verificação exaustiva da consistência dos dados antes da divulgação dos resultados finais.";"#NULO#"
"28/09/2026";"05:46:54";2026;81;"Eleições Gerais 2026";"ES";"ES";"ESPÍRITO SANTO";"ES067602026";"2026-09-26 15:17:42";"N";"10175843000182";"INSTITUTO DE PESQUISAS PERFIL LTDA";"#NULO#";"Governador, Senador";"2026-09-29 00:00:00";"2026-10-02 00:00:00";"2026-10-02 00:00:00";1800;"9063";"Liniane Gazola";"40000,00";"Pesquisa quantitativa, de natureza exploratório-descritiva, operacionalizada por meio da técnica survey com aplicação de questionário estruturado. A coleta de dados será realizada exclusivamente por meio de entrevistas pessoais utilizando dispositivos eletrônicos (tablets) O universo é constituído pelos eleitores com 16 anos ou mais, regularmente inscritos no cadastro eleitoral e residentes no estado ESPIRITO SANTO
Empresa Contratante e Pagante pelo trabalho: BDC Comunicações CNPJ/CPF: 23.895.081/0001-30 ORIGEM DO RECURSO: PROPRIO";"A amostra prevista é de 1800 entrevistas. O público-alvo da pesquisa é constituído por eleitores com 16 anos ou mais, residentes na área de abrangência do estudo. Para assegurar a representatividade estatística desse universo, adotou-se um delineamento amostral probabilístico em três etapas: Na primeira etapa realiza-se um sorteio probabilístico dos municípios onde as entrevistas serão realizadas através do método PPT
(Probabilidade Proporcional ao Tamanho), considerando a população eleitora com 16 anos ou mais residente nos municípios como base para essa seleção. Na segunda etapa, faz-se um sorteio probabilístico das localidades, onde as entrevistas serão realizadas, através do método PPT (Probabilidade Proporcional ao Tamanho), tomando a população eleitora de 16 anos ou mais residente nas localidades como base para essa seleção. Na terceira etapa, a seleção do entrevistado dentro da localidade, respeitando as quotas amostrais proporcionais, em função das seguintes variáveis: GÉNERO: MASCULINO 47,2% FEMININO 52,8% Fonte: TSE- AGOSTO-26 FAIXA ETÁRIA 16 A 24 Anos 25 a 34 18,2% 35 a 44 20% 45 a 59 26,2% 60 ou mais 24,8% FONTE: TSE- AGOSTO-26 GRAU DE INSTRUÇÃO Analfabeto/Lê e escreve 9% Ensino fundamental completo/incompleto 30% Ensino médio completo/incompleto 45% Ensino superior completo/incompleto FONTE: TSE- AGOSTO-26 RENDA FAMILIAR Sem rendimento / Até 1 salário mínimo De 1 a 2 salários 23,78% De 2 a 5 Salários 35,34% Mais de 5 salários 21,43% (S.M. SALARIO MINIMO) Fonte https://cidades.ibge.gov.br/brasil/es/pesquisa/23/24304 Fonte para a malha de setores censitários, Censo 2022 (IBGE); A definição dos parâmetros populacionais para as cotas amostrais baseia-se nos dados do Censo Demográfico mais recente disponibilizado pelo IBGE, admitindo-se, nos termos do art. 20, 20, ""a"", da Resolução TSE no 23.600/2019, a utilização de informações defasadas quando não houver dados atualizados, devidamente justificada no registro da pesquisa. Como etapa complementar ao plano amostral, prevê-se a pós-estratificação manual, aplicável apenas se constatadas diferenças entre a distribuição obtida em campo e os parâmetros populacionais predefinidos para as variáveis de controle. O procedimento consiste no ajuste ponderado das frequências amostrais, com base na comparação entre percentuais observados e previstos, com o fim de recompor a proporcionalidade da amostra em relação ao universo. Tal ajuste constitui prática metodológica padrão e não decorre de qualquer fragilidade no processo de coleta ou seleção da amostra. Margem de Erro máxima prevista é: 2,31 % pontos percentuais para mais ou para menos, considerando um nível de confiança de 95% e baseada em uma amostra aleatória simples";"As entrevistas são realizadas por equipes devidamente treinadas e identificados, utilizando para a coleta dispositivo eletrônico, as equipes serão acompanhadas por um coordenador / supervisor que atua como fiscal de campo fazendo o controle, a verificação e a fiscalização da coleta de dados. Após a coleta, a pesquisa será checada, criticada e codificada, internamente de acordo com o padrão estabelecido pela ABEP (Associação Brasileira de Empresas de Pesquisa). Todo o material será 100% criticado e 20% verificado, conforme procedimento padrão em pesquisa de opinião publica. As informações serão processadas por meio de programa especifico, para a tabulação e elaboração dos resultados. Os dados serão gerados no formato de tabelas de frequência, e analisados criteriosamente. Ao final será elaborado um relatório analítico descritivo, contendo tabelas e gráficos para o resultado de cada pergunta realizada no questionário, seguindo as exigências do T SE. Os dados coletados e tratados nesta pesquisa atendem às exigências da LGPD, Lei Geral de Proteção de Dados garantindo ao respondente o sigilo de sua identidade e o correto tratamento de suas respostas.";"A área de abrangência da coleta é : ESPIRITO SANTO A relação das localidades e setores censitários selecionadas para aplicação da amostra será apresentada a partir do dia em que a pesquisa puder ser divulgada e até o dia seguinte, conforme expresso no art. 20, S 70 da Resolução 23.600/2019 doTSE."
"28/09/2026";"05:46:54";2026;81;"Eleições Gerais 2026";"ES";"ES";"ESPÍRITO SANTO";"ES045612026";"2026-09-26 21:52:10";"S";"00654576000172";"INSTITUTO VERITA LTDA";"VERITA";"Governador, Senador";"2026-09-26 00:00:00";"2026-10-01 00:00:00";"2026-10-02 00:00:00";1220;"10699";"Guilherme Alvarenga Laia";"93940,00";"Estudo quantitativo voltado às Eleições 2026, realizado por meio de entrevistas individuais, aplicadas mediante questionário eletrônico estruturado e Unidade Automatizada de Respostas Audíveis e Auditáveis, por meio de ligações para telefones móveis (celulares). A inteligência artificial é empregada exclusivamente para a transcrição automatizada das respostas em áudio, não interferindo na formulação das perguntas, na condução das entrevistas, na coleta das informações, na interpretação das respostas ou no tratamento estatístico dos dados.

A participação dos eleitores é voluntária, espontânea e não remunerada. As respostas são prestadas por autodeclaração, sendo, em sua maioria, registradas por meio de códigos numéricos correspondentes às alternativas previamente definidas no questionário.

A utilização de sistema eletrônico automatizado para a coleta e o registro das respostas proporciona elevado nível de padronização operacional, reduz a possibilidade de interferência humana durante a realização das entrevistas, amplia a rastreabilidade e a auditabilidade de todo o processo de coleta e contribui para maior precisão, consistência e confiabilidade dos dados obtidos.

O plano amostral foi elaborado para assegurar a representatividade estatística do eleitorado da respectiva Unidade da Federação, observando critérios técnicos de seleção, distribuição e ponderação da amostra, quando aplicáveis.";"A pesquisa foi planejada para produzir uma amostra estatisticamente representativa do eleitorado do estado DO ESPÍRITO SANTO, utilizando o método de Probabilidade Proporcional ao Tamanho (PPT), com plano amostral em múltiplos estágios. Na primeira etapa, esta Unidade da Federação é dividida em macrorregiões, de forma a assegurar adequada distribuição territorial da amostra e representação das diferentes características geográficas, demográficas e eleitorais. Na segunda etapa, os municípios de cada estrato são ordenados segundo seu porte populacional e eleitoral e sorteados. Na terceira etapa, os respondentes são selecionados entre os eleitores aptos residentes nos municípios sorteados, observando-se a distribuição proporcional da amostra e as cotas estabelecidas para as variáveis de sexo, faixa etária, grau de instrução e nível econômico. As cotas são estabelecidas para a pesquisa completa, considerando a composição do eleitorado e os parâmetros oficiais de referência, não sendo aplicadas isoladamente a cada município selecionado.

SEXO E FAIXA ETÁRIA - Fonte: Tribunal Superior Eleitoral (TSE), Perfil do Eleitorado, junho de 2026. Feminino de 16 a 34 anos: 15,4%; Masculino de 16 a 34 anos: 14,1%; Feminino de 35 a 54 anos: 20,1%; Masculino de 35 a 54 anos: 18,3%; Feminino com 55 anos ou mais: 17,3%; Masculino com 55 anos ou mais: 14,7%. Os parâmetros de sexo e idade têm como referência o cadastro eleitoral brasileiro atualizado pelo Tribunal Superior Eleitoral, considerando o universo de eleitores aptos com 16 anos ou mais.

GRAU DE INSTRUÇÃO - Fonte: IBGE - PNAD Contínua Anual 2025. A distribuição é: sem instrução 3,7%; ensino fundamental incompleto ou equivalente 26,1%; ensino fundamental completo ou equivalente 8,5%; ensino médio incompleto ou equivalente 7,6%; ensino médio completo ou equivalente 30,9%; ensino superior incompleto ou equivalente 5,1%; ensino superior completo 18,1%. Para não confundir os respondentes as faixas de escolaridade no questionário foram agrupadas em 3 faixas: até ensino fundamental incompleto e completo, ensino médio incompleto e completo e superior incompleto, completo ou mais. A PNAD Contínua é utilizada como referência por constituir a fonte oficial mais atualizada para a mensuração do nível de instrução da população brasileira, sua utilização também corrige limitações decorrentes da ausência de atualização obrigatória e contínua das informações de escolaridade no cadastro eleitoral do Tribunal Superior Eleitoral.

NÍVEL ECONÔMICO - RENDA FAMILIAR DO DOMICÍLIO - Fonte: IBGE - PNAD Contínua Anual 2025. Considera-se a renda domiciliar total, compreendendo rendimentos provenientes de trabalho formal e informal, aposentadorias, pensões, benefícios sociais e demais fontes de renda existentes no domicílio. observando-se a seguinte distribuição: renda familiar de até 2 salários-mínimos 42,5%; de 2 a 5 salários-mínimos 38,3%, acima de 5 salários-mínimos 19,2%.

PONDERAÇÃO E CALIBRAÇÃO DA AMOSTRA - Prevê-se eventual ponderação das variáveis de sexo, faixa etária, grau de instrução e nível econômico, caso sejam verificadas diferenças relevantes entre a distribuição da amostra efetivamente coletada e os parâmetros populacionais de referência adotados. Inicialmente, o fator de ponderação é igual a 1 (um), podendo ser recalculado sempre que necessário para assegurar a representatividade estatística da amostra.
INTERVALO DE CONFIANÇA E MARGEM DE ERRO - O intervalo de confiança adotado é de 95%, com margem máxima estimada de erro de aproximadamente 3 pontos percentuais, para mais ou para menos, sobre os resultados do total da amostra, calculada segundo o modelo de amostragem aleatória simples e a hipótese de máxima variabilidade.";"Após os trabalhos de coleta de dados, os questionários são submetidos a uma fiscalização, conferência e checagem de cerca de 20% (vinte por cento) dos questionários aplicados. Todas as entrevistas são integralmente registradas em áudio, permanecendo auditáveis e rastreáveis, permitindo a verificação da integridade do processo de coleta, preservado o sigilo das informações pessoais dos entrevistados e observadas as disposições da Lei Geral de Proteção de Dados Pessoais (Lei nº 13.709/2018).";"Em observância ao art. 2º, § 7º, da Resolução TSE nº 23.600/2019, com redação dada pela Resolução TSE nº 23.747/2026, a presente pesquisa terá seu registro complementado no Sistema de Registro de Pesquisas Eleitorais a partir da data em que sua divulgação for permitida e até o dia seguinte, com a identificação dos municípios em que foram realizadas as entrevistas, bem como da composição final da amostra quanto a gênero, idade, grau de instrução e nível econômico, na forma exigida pela legislação eleitoral vigente."
"28/09/2026";"05:46:54";2026;81;"Eleições Gerais 2026";"ES";"ES";"ESPÍRITO SANTO";"ES054332026";"2026-09-19 22:42:33";"N";"00654576000172";"INSTITUTO VERITA LTDA";"VERITA";"Governador, Senador";"2026-09-20 00:00:00";"2026-09-24 00:00:00";"2026-09-25 00:00:00";1220;"10699";"Guilherme Alvarenga Laia";"37037,04";"Estudo quantitativo voltado às Eleições 2026, realizado por meio de entrevistas individuais, aplicadas mediante questionário eletrônico estruturado e Unidade Automatizada de Respostas Audíveis e Auditáveis, por meio de ligações para telefones móveis (celulares). A inteligência artificial é empregada exclusivamente para a transcrição automatizada das respostas em áudio, não interferindo na formulação das perguntas, na condução das entrevistas, na coleta das informações, na interpretação das respostas ou no tratamento estatístico dos dados.

A participação dos eleitores é voluntária, espontânea e não remunerada. As respostas são prestadas por autodeclaração, sendo, em sua maioria, registradas por meio de códigos numéricos correspondentes às alternativas previamente definidas no questionário.

A utilização de sistema eletrônico automatizado para a coleta e o registro das respostas proporciona elevado nível de padronização operacional, reduz a possibilidade de interferência humana durante a realização das entrevistas, amplia a rastreabilidade e a auditabilidade de todo o processo de coleta e contribui para maior precisão, consistência e confiabilidade dos dados obtidos.

O plano amostral foi elaborado para assegurar a representatividade estatística do eleitorado da respectiva Unidade da Federação, observando critérios técnicos de seleção, distribuição e ponderação da amostra, quando aplicáveis.";"A pesquisa foi planejada para produzir uma amostra estatisticamente representativa do eleitorado do estado DO ESPÍRITO SANTO, utilizando o método de Probabilidade Proporcional ao Tamanho (PPT), com plano amostral em múltiplos estágios. Na primeira etapa, esta Unidade da Federação é dividida em macrorregiões, de forma a assegurar adequada distribuição territorial da amostra e representação das diferentes características geográficas, demográficas e eleitorais. Na segunda etapa, os municípios de cada estrato são ordenados segundo seu porte populacional e eleitoral e sorteados. Na terceira etapa, os respondentes são selecionados entre os eleitores aptos residentes nos municípios sorteados, observando-se a distribuição proporcional da amostra e as cotas estabelecidas para as variáveis de sexo, faixa etária, grau de instrução e nível econômico. As cotas são estabelecidas para a pesquisa completa, considerando a composição do eleitorado e os parâmetros oficiais de referência, não sendo aplicadas isoladamente a cada município selecionado.

SEXO E FAIXA ETÁRIA - Fonte: Tribunal Superior Eleitoral (TSE), Perfil do Eleitorado, junho de 2026. Feminino de 16 a 34 anos: 15,4%; Masculino de 16 a 34 anos: 14,1%; Feminino de 35 a 54 anos: 20,1%; Masculino de 35 a 54 anos: 18,3%; Feminino com 55 anos ou mais: 17,3%; Masculino com 55 anos ou mais: 14,7%. Os parâmetros de sexo e idade têm como referência o cadastro eleitoral brasileiro atualizado pelo Tribunal Superior Eleitoral, considerando o universo de eleitores aptos com 16 anos ou mais.

GRAU DE INSTRUÇÃO - Fonte: IBGE - PNAD Contínua Anual 2025. A distribuição é: sem instrução 3,7%; ensino fundamental incompleto ou equivalente 26,1%; ensino fundamental completo ou equivalente 8,5%; ensino médio incompleto ou equivalente 7,6%; ensino médio completo ou equivalente 30,9%; ensino superior incompleto ou equivalente 5,1%; ensino superior completo 18,1%. Para não confundir os respondentes as faixas de escolaridade no questionário foram agrupadas em 3 faixas: até ensino fundamental incompleto e completo, ensino médio incompleto e completo e superior incompleto, completo ou mais. A PNAD Contínua é utilizada como referência por constituir a fonte oficial mais atualizada para a mensuração do nível de instrução da população brasileira, sua utilização também corrige limitações decorrentes da ausência de atualização obrigatória e contínua das informações de escolaridade no cadastro eleitoral do Tribunal Superior Eleitoral.

NÍVEL ECONÔMICO - RENDA FAMILIAR DO DOMICÍLIO - Fonte: IBGE - PNAD Contínua Anual 2025. Considera-se a renda domiciliar total, compreendendo rendimentos provenientes de trabalho formal e informal, aposentadorias, pensões, benefícios sociais e demais fontes de renda existentes no domicílio. observando-se a seguinte distribuição: renda familiar de até 2 salários-mínimos 42,5%; de 2 a 5 salários-mínimos 38,3%, acima de 5 salários-mínimos 19,2%.

PONDERAÇÃO E CALIBRAÇÃO DA AMOSTRA - Prevê-se eventual ponderação das variáveis de sexo, faixa etária, grau de instrução e nível econômico, caso sejam verificadas diferenças relevantes entre a distribuição da amostra efetivamente coletada e os parâmetros populacionais de referência adotados. Inicialmente, o fator de ponderação é igual a 1 (um), podendo ser recalculado sempre que necessário para assegurar a representatividade estatística da amostra.
INTERVALO DE CONFIANÇA E MARGEM DE ERRO - O intervalo de confiança adotado é de 95%, com margem máxima estimada de erro de aproximadamente 3 pontos percentuais, para mais ou para menos, sobre os resultados do total da amostra, calculada segundo o modelo de amostragem aleatória simples e a hipótese de máxima variabilidade.";"Após os trabalhos de coleta de dados, os questionários são submetidos a uma fiscalização, conferência e checagem de cerca de 20% (vinte por cento) dos questionários aplicados. Todas as entrevistas são integralmente registradas em áudio, permanecendo auditáveis e rastreáveis, permitindo a verificação da integridade do processo de coleta, preservado o sigilo das informações pessoais dos entrevistados e observadas as disposições da Lei Geral de Proteção de Dados Pessoais (Lei nº 13.709/2018).";"Em observância ao art. 2º, § 7º, da Resolução TSE nº 23.600/2019, com redação dada pela Resolução TSE nº 23.747/2026, a presente pesquisa terá seu registro complementado no Sistema de Registro de Pesquisas Eleitorais a partir da data em que sua divulgação for permitida e até o dia seguinte, com a identificação dos municípios em que foram realizadas as entrevistas, bem como da composição final da amostra quanto a gênero, idade, grau de instrução e nível econômico, na forma exigida pela legislação eleitoral vigente."
"28/09/2026";"05:46:54";2026;81;"Eleições Gerais 2026";"ES";"ES";"ESPÍRITO SANTO";"ES055882026";"2026-03-07 17:14:08";"S";"81908345000140";"INSTITUTO PARANA DE PESQUISAS E ANALISE DE CONSUMIDOR LTDA";"#NULO#";"Governador, Senador";"2026-03-08 00:00:00";"2026-03-11 00:00:00";"2026-03-13 00:00:00";1500;"10245 - 4ª Região";"Tatiani Cristina Ara";"40000,00";"Pesquisa com metodologia quantitativa, com a realização de entrevistas pessoais, domiciliares e presenciais, utilizando questionário estruturado junto a uma amostra representativa do eleitorado do Estado do Espírito Santo.


";"""A amostra será representativa do eleitorado da área pesquisada e será selecionada em três etapas. Na primeira etapa realiza-se um sorteio probabilístico dos municípios onde as entrevistas serão realizadas através do método PPT (Probabilidade Proporcional ao Tamanho), considerando a população eleitora com 16 anos ou mais residente nos municípios como base para essa seleção. Na segunda etapa, faz-se um sorteio probabilístico das localidades, onde as entrevistas serão realizadas, através do método PPT (Probabilidade Proporcional ao Tamanho), tomando a população eleitora de 16 anos ou mais residente nas localidades como base para essa seleção. Na terceira etapa, a seleção do entrevistado dentro da localidade, será feita utilizando-se quotas amostrais proporcionais, em função das seguintes variáveis:
GÊNERO: TSE Fevereiro 2026 (https://sig.tse.jus.br/ords/dwapr/r/seai/sig-eleitor-eleitorado-mensal/cruzamento-eleitorado-mensal?p24_metricas=E&p24_back=22&p24_cruzamento_1=ds_sexo&clear=24&p0_uf=ES&debug=LEVEL5&session=312990078978641)
Masculino - 47%; |
Feminino - 53%; |
FAIXA ETÁRIA: TSE Fevereiro 2026 (https://sig.tse.jus.br/ords/dwapr/r/seai/sig-eleitor-eleitorado-mensal/cruzamento-eleitorado-mensal?p24_cruzamento_1=ds_faixa_etaria&p24_metricas=E&p24_back=22&clear=24&p0_uf=ES&debug=LEVEL5&session=8904950028837)
Entre 16 e 24 anos: 11%; |
Entre 25 e 34 anos: 18%; |
Entre 35 e 44 anos: 21%; |
Entre 45 e 59 anos: 26%; |
Com 60 anos ou mais: 24%; |
ESCOLARIDADE: TSE Fevereiro 2026 (https://sig.tse.jus.br/ords/dwapr/r/seai/sig-eleitor-eleitorado-mensal/cruzamento-eleitorado-mensal?p24_cruzamento_1=ds_grau_instrucao&p24_metricas=E&p24_back=22&clear=24&p0_uf=ES&debug=LEVEL5&session=309383598034615)
De analfabeto até ensino fundamental completo: 39%; |
Ensino médio incompleto ou completo: 45% |
Ensino superior incompleto ou completo: 16% |
RENDA DOMICILIAR MENSAL:  (https://cidades.ibge.gov.br/brasil/es/pesquisa/23/24304) IBGE - Censo 2010. Observação: Conforme informações obtidas do Instituto Brasileiro de Geografia e Estatística, o IBGE, não divulgou - e não tem previsão - de data para divulgação do perfil econômico (nível econômico) da população brasileira; portanto, os dados quanto ao nível econômico obtidos no Censo 2022, não podem ser utilizados, pois não foram publicados. (https://censo2022.ibge.gov.br/panorama/)
Sem rendimentos até 2 salários mínimos: 43% |
Mais de 2 a 5 salários mínimos: 35% |
Mais de 5 salários mínimos: 22% |
Está prevista eventual ponderação para correção das variáveis gênero e faixa etária, com base nos percentuais acima apresentados, caso ocorram diferenças superiores a 3,0 (três) pontos percentuais entre o previsto na amostra e a coleta realizada; para as variáveis escolaridade e renda domiciliar mensal, o fator de ponderação é igual a 1 (resultados obtidos no campo). O nível de confiança estimado é de 95% (noventa e cinco por cento) para uma margem de erro estimada, considerando uma técnica de amostragem aleatória simples, de aproximadamente 2,6 (dois vírgula seis) pontos percentuais para mais ou para menos sobre os resultados obtidos.""





";"""As entrevistas serão conduzidas por uma equipe de entrevistadores e supervisores devidamente qualificados pelo Instituto Paraná Pesquisas, todos com experiência e treinamento específico em pesquisas de opinião pública. 
Controle: O controle do processo será realizado por meio de um software de coleta de dados, o qual permitirá o monitoramento garantindo o cumprimento das cotas amostrais.
Conferência e Fiscalização: Durante a coleta de dados os questionários aplicados são fiscalizados e conferidos através de um supervisor.   
Adicionalmente, pelo menos 30% dos questionários passarão por uma verificação posterior, que avaliará a precisão na aplicação e a adequação dos entrevistados às variáveis das quotas amostrais. Ou seja, no mínimo 450 entrevistas desta pesquisa serão auditadas pela equipe de qualidade do Instituto Paraná Pesquisas, podendo essa auditoria ser solicitada ao Instituto a qualquer momento.
Verificação: Após a coleta, os questionários passam por uma etapa de verificação e validação dos dados, para garantir a integridade e precisão dos dados coletados.""





";" ""A pesquisa será realizada no Estado do Espírito Santo, a relação dos dados relativos aos municípios e às localidades será apresentado até o dia seguinte à data a partir da qual a pesquisa puder ser divulgada, conforme §7º do art. 2º da Resolução-TSE nº. 23.600/2019""





"
"28/09/2026";"05:46:54";2026;81;"Eleições Gerais 2026";"ES";"ES";"ESPÍRITO SANTO";"ES015932026";"2026-09-26 19:20:17";"N";"34972238000109";"AMERICAN ANALYTICS DO BRASIL CONSULTORIA LTDA";"AMERICAN ANALYTICS";"Governador, Senador";"2026-09-27 00:00:00";"2026-10-01 00:00:00";"2026-10-02 00:00:00";1000;"11564";"GIOVANA RILLARY DA SILVA ROCHA";"30000,00";"Pesquisa quantitativa, com realização de entrevistas pessoais e aplicação de questionário estruturado junto a uma amostra representativa do eleitorado do estado de Espírito Santo.";"A amostra será representativa do eleitorado da área de abrangência da pesquisa e será selecionada em três estágios. No primeiro estágio, será realizado o sorteio probabilístico dos municípios onde as entrevistas serão realizadas, por meio do método PPT (Probabilidade Proporcional ao Tamanho), considerando a população eleitora com 16 anos ou mais residente nos municípios como base para essa seleção. No segundo estágio, será realizado o sorteio probabilístico dos setores censitários onde as entrevistas serão realizadas, também por meio do método PPT (Probabilidade Proporcional ao Tamanho), tomando como base a população eleitora de 16 anos ou mais residente nos respectivos setores censitários. No terceiro estágio, a seleção do entrevistado dentro de cada setor censitário será feito por meio de cotas amostrais proporcionais, considerando as seguintes variáveis : GÊNERO: TSE Agosto de 2026 ( https://sig.tse.jus.br/ords/dwapr/r/seai/sig-eleitor-eleitorado-mensal/cruzamento-eleitorado-mensal?p0_uf=ES&session=111660779889922)

FEMININO 52,79% ;
MASCULINO 47,21% ;
FAIXA ETÁRIA: TSE - Agosto de 2026 ( https://sig.tse.jus.br/ords/dwapr/r/seai/sig-eleitor-eleitorado-mensal/cruzamento-eleitorado-mensal?p0_uf=ES&session=111660779889922 )
16 a 24 anos 10,76% ;
25 a 34 anos 18,15% ;
35 a 44 anos 20,11% ;
45 a 59 anos 26,23% ;
60 anos ou mais 24,75% ;


GRAU DE INSTRUÇÃO: TSE - Agosto de 2026 (fonte: https://sig.tse.jus.br/ords/dwapr/r/seai/sig-eleitor-eleitorado-mensal/cruzamento-eleitorado-mensal?p0_uf=ES&session=111660779889922 ; ): Sem Instrução até ensino fundamental completo: 38,51%; | Ensino médio incompleto ou completo: 45,44%;| Ensino superior incompleto ou completo: 16,05%.

RENDA DOMICILIAR MENSAL: IBGE - Censo 2.010 - (fonte: https://cidades.ibge.gov.br/brasil/es/pesquisa/23/24304) Sem rendimentos até 2 salários mínimos: 43,24%
; Mais de 2 a 5 salários mínimos: 35,34%; | Mais de 5 salários mínimos: 21,42%.


Observação: Conforme informações obtidas do Instituto Brasileiro de Geografia e Estatística - IBGE, o instituto não divulgou e não tem previsão de data para divulgação do perfil econômico (nível econômico) da população brasileira; portanto, os dados quanto ao nível econômico obtidos no Censo 2022 não podem ser utilizados, pois não foram publicados. (https://censo2022.ibge.gov.br/panorama/). Está prevista eventual ponderação para correção das variáveis gênero e faixa etária, com base nos percentuais acima apresentados, caso ocorram diferenças superiores a MARGEM DE ERRO definida entre a amostra prevista e a coleta realizada. Para as variáveis escolaridade e renda domiciliar mensal, o fator de ponderação será igual a 1, considerando-se os resultados obtidos em campo. Dentro do público-alvo anteriormente descrito, serão realizadas 1.000 (Um mil) entrevistas. O nível de confiança estimado é de 95% para uma margem de erro estimada, considerando uma técnica de amostragem aleatória simples (AAS), de aproximadamente 2,5 pontos percentuais para mais ou para menos sobre os resultados obtidos.";"Para a realização da pesquisa, serão conduzidas uma equipe de entrevistadores e supervisores credenciados e devidamente treinados pela empresa para esse tipo de pesquisa. Após os trabalhos de coleta dos dados, 100% dos questionários são criticados e passam por uma fiscalização de cerca de 20% (vinte por cento) dos questionários aplicados por cada entrevistador; passam por uma etapa de verificação da consistência das respostas e da adequação dos entrevistados aos parâmetros amostrais.";"#NULO#"
"28/09/2026";"05:46:54";2026;81;"Eleições Gerais 2026";"ES";"ES";"ESPÍRITO SANTO";"ES053362026";"2026-05-09 18:12:15";"N";"10175843000182";"INSTITUTO DE PESQUISAS PERFIL LTDA";"#NULO#";"Governador, Senador, Deputado Federal, Deputado Estadual";"2026-05-11 00:00:00";"2026-05-13 00:00:00";"2026-05-15 00:00:00";604;"7655";"AUGUSTO DA SILVA ROCHA";"10000,00";"A pesquisa cobrirá o município envolvendo todas regiões do município de São Mateus/ES Universo da pesquisa será dos eleitores com 16 anos ou mais. A amostra representará os eleitores do Município, selecionados em 2(dois) estágios. No primeiro estágio, os setores censitários, onde as entrevistas serão realizadas, foram selecionadas, probabilisticamente, através do método PPT - Probabilidade Proporcional ao Tamanho, tomando o número de eleitores como base para seleção. No segundo estágio, a seleção do entrevistado, dentro do setor censitário, será feita utilizando-se quotas proporcionais, e a abordagem será domiciliar.";"Utilizamos quotas proporcionais, em função das seguintes variáveis: 
Gênero: 
FEMININO	52,4%	;
MASCULINO	47,6%	;


 Faixa etária: 
16 a 24 anos	12,45%	;
25 a 34 anos	19,00%	;
35 a 44 anos	20,18%	;
45 a 59 anos	25,70%	;
60 anos ou mais	22,67%	;


Grau de instrução: 
ANALFABETO	4,57%	;
LÊ E ESCREVE	6,05%	;
ENSINO FUNDAMENTAL INCOMPLETO	24,99%	;
ENSINO FUNDAMENTAL COMPLETO	6,09%	;
ENSINO MÉDIO INCOMPLETO	22,48%	;
ENSINO MÉDIO COMPLETO	25,24%	;
SUPERIOR INCOMPLETO	3,71%	;
SUPERIOR COMPLETO	6,82%	;


Renda familiar: 
Até 1/2 salário mínimo	2,63%	;
Mais de 1/2 a 1 salário mínimo	16,68%	;
Mais de 1 a 2 salários mínimos	24,89%	;
Mais de 2 a 5 salários mínimos	33,37%	;
Mais de 5 a 10 salários mínimos	12,96%	;
Mais de 10 a 20 salários mínimos	4,44%	;
Mais de 20 salários mínimos	1,36%	;
Sem rendimento	3,67%	;


Fonte dos dados: 
https://cidades.ibge.gov.br/brasil/es/sao-mateus/pesquisa/23/24304
https://sig.tse.jus.br/ords/dwapr/r/seai/sig-eleitor-eleitorado-mensal/cruzamento-eleitorado-mensal?p24_metricas=E&p24_back=22&p24_cruzamento_1=ds_sexo&clear=24&session=106845107845020
https://sig.tse.jus.br/ords/dwapr/r/seai/sig-eleitor-eleitorado-mensal/cruzamento-eleitorado-mensal?p24_cruzamento_1=ds_faixa_etaria&p24_metricas=E&p24_back=22&clear=24&session=106845107845020
https://sig.tse.jus.br/ords/dwapr/r/seai/sig-eleitor-eleitorado-mensal/cruzamento-eleitorado-mensal?p24_cruzamento_1=ds_grau_instrucao&p24_metricas=E&p24_back=22&clear=24&session=106845107845020
Ano=2026;
Mês = ABRIL;
UF= ES; Município = São Mateus; 
   
""Está prevista eventual ponderação da amostra para correção das variáveis sexo, idade, renda familiar e escolaridade com base nos percentuais anteriormente mencionados, caso ocorram diferenças entre os percentuais previstos na amostra e a coleta de dados realizada. Dentro do público-alvo, serão realizadas 400 entrevistas. 
O nível de confiança estimado é de 95% e a margem de erro máxima prevista, 
baseada em uma amostra aleatória simples (AAS), é de cerca de 4,0
 pontos percentuais para mais ou para menos em relação aos totais da amostra. Nível Econômico: IBGE (Censo/2010) - Observação: Conforme informações obtidas do Instituto Brasileiro de Geografia e Estatística, o IBGE, não divulgou - e não tem previsão - 
de data para divulgação do perfil econômico (nível econômico) da população brasileira; portanto,
 os dados quanto ao nível econômico obtidos no Censo 2022, não podem ser utilizados, pois não foram publicados.""
";"Para a realização da pesquisa, utiliza-se uma equipe de entrevistadores e supervisores credenciados devidamente treinados pela empresa para esse tipo de pesquisa. Após os trabalhos de campo, 100% dos questionários são criticados e passam por uma fiscalização de cerca de 20% (vinte por cento) dos questionários aplicados por cada entrevistador; para verificação da consistência das respostas e da adequação dos entrevistados aos parâmetros amostrais.";"A relação das localidades e setores censitários selecionadas para aplicação da amostra será apresentada a partir do dia em que a pesquisa puder ser divulgada e até o dia seguinte, conforme expresso no art. 2º, §7º da Resolução 23.600/2019 do TSE."
"28/09/2026";"05:46:54";2026;81;"Eleições Gerais 2026";"ES";"ES";"ESPÍRITO SANTO";"ES039272026";"2026-09-27 20:59:07";"S";"24899123000174";"INSTITUTO FRANCA DE PESQUISAS LTDA";"INSTITUTO FRANCA DE PESQUISA PESQUISA E ASSESSORIA";"Governador, Senador";"2026-09-28 00:00:00";"2026-10-02 00:00:00";"2026-10-03 00:00:00";1067;"10682";"Aldine Andrea Oliveira de Sousa Cabral";"23459,00";"Pesquisa de natureza quantitativa, realizada por meio da execução da metodologia CATI (FONE), com aplicação de questionário estruturado junto a eleitoras e eleitores aptos a votar no Estado do Espírito Santo. A pesquisa é realizada por iniciativa do Instituto França, sem contratante externo, sendo a própria entidade responsável pela realização e pelo custeio do levantamento. Os recursos empregados na execução da pesquisa são provenientes do caixa próprio da empresa, devendo o valor informado no registro corresponder aos recursos atribuídos à realização do levantamento, conforme os critérios administrativos, operacionais e contábeis adotados pela entidade.";"Universo: eleitoras e eleitores com 16 anos de idade ou mais. Tamanho da amostra: 1326 entrevistas. Técnica de amostragem: amostra aleatória simples a partir de banco de dados de números telefônicos fixos e celulares. A amostra é estratificada por região geográfica com base no município informado quando da coleta. Na apresentação final do resultado da pesquisa os dados serão ponderados com base nos percentuais mencionados abaixo, caso ocorram diferenças entre os percentuais previstos na amostra e a coleta de dados realizada. Fonte pública dos dados: TSE (julho 2026) e IBGE (Censo 2010 e Censo 2022). As categorias demográficas foram estratificadas da seguinte forma: Sexo (Masculino 47,19% e Feminino: 52,79%); Faixa Etária: 16 anos (F = 0,29% M = 0,27%) 17 anos (F = 0,60% M = 0,60%) 18 anos (F = 1,06% M = 1,15%) 19 anos (F = 1,26% M = 1,36%), 20 anos (F = 1,40% M = 1,54%), 21 a 24 anos (F = 6,20% M = 6,61%), 25 a 29 anos (F = 8,98% M = 9,07%), 30 a 34 anos (F = 9,21% M = 9,15%), 35 a 39 anos (F = 9,73% M = 9,90%), 40 a 44 anos (F = 10,27% M = 10,58%), 45 a 49 anos (F = 9,81% M = 9,99%), 50 a 54 anos (F = 8,34% M = 8,41%), 55 a 59 anos (F = 7,79% M = 7,77%), 60 a 64 anos (F = 7,33% M = 7,20%), 65 a 69 anos (F = 6,22% M = 5,96%), 70 a 74 anos (F = 4,82% M = 4,54%), 75 a 79 anos (F = 3,12% M = 2,78%), 80 a 84 anos (F = 1,74% M = 1,49%), 85 a 89 anos (F = 1,00% M = 0,78%), 90 a 94 anos (F = 0,46% M = 0,37%), 95 a 99 anos (F = 0,21% M = 0,21%) , 100 anos ou mais (F = 0,12% M = 0,19%); Grau de Instrução: Analfabeto (F = 3,62% M = 3,26%), Lê E Escreve (F = 4,87% M = 5,37%), Ensino Fundamental Incompleto (F = 21,60% M = 24,98%),Ensino Fundamental Completo (F = 6,21% M = 7,36%), Ensino Médio Incompleto (F = 17,04% M = 19,69%), Ensino Médio Completo (F = 28,28% M = 25,89%); Superior Incompleto (F = 5,17% M = 4,45%), Superior Completo ( F= 13,19% M = 8,97%). Para a variável Nível Econômico: SEM RENDA ATÉ 1 SALÁRIO MÍNIMO 15,68%, MAIS DE 1 ATÉ 2 SALÁRIOS MÍNIMOS 21,94%, MAIS DE 2 ATÉ 5 SALÁRIOS MÍNIMOS 37,07%, MAIS DE 5 ATÉ 10 SALÁRIOS MÍNIMOS 15,56%, MAIS DE 10 ATÉ 20 SALÁRIOS MÍNIMOS 6,62%, MAIS DE 20 SALÁRIOS MÍNIMOS 3,14% Para fins de dimensionamento e estimação da precisão amostral, adota-se como referência a aproximação normal para estimação de proporções, considerando máxima variabilidade populacional (p = 0,50 e q = 0,50), nível de confiança de 95% e hipótese estatística de equivalência à amostragem aleatória simples. Nessas condições, a margem de erro máxima estimada para os resultados referentes ao conjunto da amostra é de aproximadamente 3,0 pontos percentuais, para mais ou para menos. Fontes dos dados Para elaboração, execução e controle do plano amostral serão utilizadas fontes públicas devidamente identificadas, compreendendo: Tribunal Superior Eleitoral ¿ TSE: dados públicos relativos ao eleitorado apto e às características demográficas do eleitorado utilizadas na elaboração das quotas e dos parâmetros amostrais; Instituto Brasileiro de Geografia e Estatística ¿ IBGE: malha e identificação dos setores censitários/localidades, dados populacionais e demais informações demográficas, territoriais e socioeconômicas efetivamente utilizadas no planejamento da pesquisa;";"As entrevistas serão realizadas por equipe de entrevistadores e supervisores devidamente selecionados, treinados e orientados pelo Instituto França de Pesquisas, com experiência na execução de pesquisas de opinião pública e eleitoral. Todo o processo de coleta será acompanhado pela coordenação responsável, mantendo-se registros e mecanismos internos de controle destinados a assegurar a qualidade e a confiabilidade das informações obtidas.";"A área de abrangência da coleta corresponde ao Estado do Espírito Santo. Os dados relativos aos municípios, bairros e demais áreas geográficas efetivamente pesquisadas serão informados na complementação do registro da pesquisa, dentro do prazo estabelecido pela regulamentação eleitoral vigente."
"28/09/2026";"05:46:54";2026;81;"Eleições Gerais 2026";"ES";"ES";"ESPÍRITO SANTO";"ES031762026";"2026-04-24 18:01:50";"N";"22445600000104";"QUAEST PESQUISAS, CONSULTORIA E PROJETOS LTDA.";"#NULO#";"Governador, Senador";"2026-04-25 00:00:00";"2026-04-28 00:00:00";"2026-04-30 00:00:00";804;"6731";"Margarida Maria de Mendonça";"95877,00";"Pesquisa quantitativa, de survey, que consiste na realização de entrevistas pessoais, domiciliares e presenciais, conduzidas por profissionais treinados, com a aplicação de questionários estruturados a uma amostra representativa da população votante de 16 anos ou mais residente no estado do Espírito Santo. O desenho amostral aplicado combina sorteio probabilístico de municípios e de setores censitários fornecidos pelo IBGE (unidades territoriais homogêneas, de tamanho similar a quadras ou blocos), dentro dos quais serão selecionadas pessoas respondentes por meio de cotas amostrais.";"O público pesquisado é composto por eleitores de 16 anos ou mais residentes na área de abrangência da pesquisa. Para produzir uma amostra representativa desse público-alvo, utilizamos um desenho amostral por conglomerados que prevê três estágios. No primeiro estágio, é feito um sorteio probabilístico de municípios para comporem a amostra por meio do método PPT (Probabilidade Proporcional ao Tamanho) a partir de suas populações votantes acima de 16 anos. Dentro da lista de municípios sorteados, no segundo estágio, é realizado um sorteio probabilístico por meio do método PPT (Probabilidade Proporcional ao Tamanho) de setores censitários a serem visitados pelos entrevistadores, sorteio que tem como base o total de habitantes residentes nos setores de acordo com dados do Censo de 2022, o que garante a dispersão aleatória e estatística da amostra dentro dos territórios municipais, independentemente de divisões administrativas. Finalmente, dentro da lista de setores censitários sorteados, no último estágio são selecionados domicílios e pessoas a serem entrevistadas utilizando-se cotas amostrais para as seguintes variáveis: sexo, idade, renda familiar e escolaridade. O perfil da amostra, definido pelas cotas previstas, é o seguinte:

Sexo: Masculino (47%); Feminino (53%). 
Faixa etária: 16-34 anos (29%); 35-59 anos (47%); 60 ou mais (24%). 
Renda domiciliar total, incluindo pensões, benefícios e rendimentos de trabalhos informais: Até 2 salários-mínimos (28%); Mais de 2 a 5 salários-mínimos (47%); Mais de 5 salários-mínimos (25%). 
Nível de instrução: Até Fundamental completo ou médio incompleto (44%); Médio completo ou superior incompleto (37%); Superior completo ou mais (19%). 

Fonte dos dados: para a distribuição de sexo e idade, TSE-Tribunal Superior Eleitoral - março/2026; para a malha de setores censitários, Censo 2022 (IBGE); para a distribuição de renda domiciliar, PNADc Anual 2024, 5a visita (IBGE); e, para a distribuição de escolaridade/instrução, PNADc trimestral 4-2025 (IBGE). A PNADc é utilizada por ser a fonte oficial mais atualizada de rendimentos do país, incluindo rendimentos informais, pensões, entre outros, e corrigindo as defasagens temporais do Censo 2022, além de ser a fonte mais atualizada de nível de instrução da população com 16 anos ou mais dada ausência de atualização obrigatória da escolaridade no registro de eleitores do TSE.

Está prevista eventual pós-estratificação da amostra, por meio de algoritmos de calibração (rake) e modelos (MrP), para correção de estimativas e das distribuições das variáveis sexo, idade, renda familiar e escolaridade, com base nos percentuais anteriormente mencionados, caso ocorram diferenças entre os percentuais previstos na amostra e a coleta de dados realizada. 

Dentro do público-alvo anteriormente descrito, serão realizadas 804 entrevistas. O nível de confiança das estimativas é de 95% e a margem de erro máxima prevista, atendendo às diretivas do TSE e usando o cálculo para amostra aleatória simples (AAS) como aproximação, é de cerca de 3 pontos percentuais para mais ou para menos em relação aos totais da amostra.";"As entrevistas serão realizadas por uma equipe de entrevistadores devidamente qualificada, com experiência e treinamento em pesquisa de opinião pública. Todo trabalho é feito em tablets ou outros dispositivos eletrônicos. Após a realização da coleta de dados, as entrevistas junto aos respondentes são checadas por meio de procedimentos de consistência e de georreferenciamento dos locais de aplicação em tempo real. Adicionalmente, ao longo e após os trabalhos de campo, é realizada uma fiscalização que consiste na checagem de áudio de uma amostra de 30% dos questionários aplicados para verificação das respostas e da adequação dos entrevistados aos parâmetros amostrais.";"A área de abrangência da coleta é o território do estado do Espírito Santo. A relação do número de pessoas pesquisadas nas áreas de aplicação da pesquisa, discriminadas por município, bairros e setores censitários a partir dos identificadores utilizados pelo IBGE, além da composição do eleitorado entrevistado na área de abrangência quanto a gênero, idade, grau de instrução e nível econômico, constará em anexo. O mapa com os códigos destes setores censitários e as áreas que delimitam no país todo podem ser conferidos na seguinte fonte oficial: https://censo2022.ibge.gov.br/panorama/mapas.html?localidade=&recorte=setores_censitarios"
"28/09/2026";"05:46:54";2026;81;"Eleições Gerais 2026";"ES";"ES";"ESPÍRITO SANTO";"ES016272026";"2026-09-24 22:06:10";"N";"22345021000181";"REAL TIME MIDIA LTDA";"REAL TIME BIG DATA";"Governador, Senador";"2026-09-25 00:00:00";"2026-09-29 00:00:00";"2026-09-30 00:00:00";1600;"10839";"Isabela Zara Cremoneze";"20000,00";"Pesquisa quantitativa, que consiste na realização de entrevistas com eleitores do universo a ser explorado, feitas em combinação mista por entrevistadores humanos e recursos de inteligência artificial, com a aplicação de questionário estruturado com abordagens telefônicas e digitais junto a uma amostra representativa do eleitorado em estudo. Pesquisa realizada no Estado do Espírito Santo (ES).";"Representativo do eleitorado da área em estudo, elaborada em três estágios.
No primeiro estágio, realiza-se um sorteio probabilístico dos municípios onde as entrevistas serão realizadas, pelo método PPT (Probabilidade Proporcional ao Tamanho), tomando a população eleitora de 16 anos ou mais residente nos municípios como base para essa seleção.
No segundo estágio, efetua-se um sorteio probabilístico das localidades dentro dos municípios selecionados, também pelo método PPT (Probabilidade Proporcional ao Tamanho), considerando a população eleitora de 16 anos ou mais residente nessas localidades como base para a seleção.
No terceiro e último estágio, dentro das localidades sorteadas, os respondentes são selecionados por meio de quotas amostrais proporcionais, em função de variáveis significativas, a saber:

Atualizando com os valores da imagem:
GÊNERO:
Feminino: 52,80%;
Masculino: 47,20%.
(Fonte: TSE, Agosto/2026 -- https://sig.tse.jus.br/ords/dwapr/r/seai/sig-eleitor-eleitorado-mensal/cruzamento-eleitorado-mensal?p24_metricas=E&p24_back=22&p24_cruzamento_1=ds_sexo&clear=24&session=100249716079644)
FAIXA ETÁRIA:
16 anos: 0,22%;
17 anos: 0,46%;
18 a 20 anos: 3,71%;
21 a 24 anos: 6,36%;
25 a 34 anos: 18,15%;
35 a 44 anos: 20,11%;
45 a 59 anos: 26,23%;
60 a 69 anos: 13,49%;
70 a 79 anos: 7,83%;
Superior a 79 anos: 3,43%.
(Fonte: TSE, Agosto/2026 -- https://sig.tse.jus.br/ords/dwapr/r/seai/sig-eleitor-eleitorado-mensal/cruzamento-eleitorado-mensal?p24_cruzamento_1=ds_faixa_etaria&p24_metricas=E&p24_back=22&clear=24&session=100249716079644)
ESCOLARIDADE:
Analfabeto: 3,45%;
Lê e Escreve: 5,11%;
Ensino Fundamental Incompleto: 23,20%;
Ensino Fundamental Completo: 6,76%;
Ensino Médio Incompleto: 18,29%;
Ensino Médio Completo: 27,16%;
Ensino Superior Incompleto: 4,83%;
Ensino Superior Completo: 11,20%.
(Fonte: TSE, Agosto/2026 -- https://sig.tse.jus.br/ords/dwapr/r/seai/sig-eleitor-eleitorado-mensal/cruzamento-eleitorado-mensal?p24_cruzamento_1=ds_grau_instrucao&p24_metricas=E&p24_back=22&clear=24&session=100249716079644)
)
RENDA DOMICILIAR MENSAL:
Sem rendimento: 3,26%;
Até 1/2 Salário Mínimo: 2,08%;
Mais de 1/2 a 1 Salário Mínimo: 14,11%;
Mais de 1 a 2 Salários Mínimos: 23,79%;
Mais de 2 a 5 Salários Mínimos: 35,34%;
Mais de 5 a 10 Salários Mínimos: 13,80%;
Mais de 10 a 20 Salários Mínimos: 5,43%;
Mais de 20 Salários Mínimos: 2,20%;
(Fonte: IBGE (CENSO-2010) -- https://cidades.ibge.gov.br/brasil/es/pesquisa/23/24304?detalhes=true)

Observação: De acordo com informações do Instituto Brasileiro de Geografia e Estatística (IBGE), não há previsão de data para a divulgação do perfil econômico da população brasileira do CENSO 2022. Portanto, os dados sobre o nível econômico obtidos no Censo 2022 não podem ser utilizados, pois ainda não foram publicados.
Está prevista eventual ponderação para correção das variáveis sexo e idade, com base nos percentuais anteriormente mencionados, caso ocorram diferenças superiores a 3 pontos percentuais entre o previsto na amostra e a coleta de dados realizada. Para as variáveis de grau de instrução e nível econômico do entrevistado, o fator previsto para ponderação é 1 (resultados obtidos em campo). O nível de confiança estimado é de 95% e a margem de erro máxima estimada considerando um modelo de amostragem aleatório simples, é de aproximadamente 2 (dois) pontos percentuais para mais ou para menos sobre os resultados encontrados no total da amostra.";"O trabalho de coleta de dados é acompanhado por supervisores humanos. São selecionados aleatoriamente 15% (quinze por cento) dos questionários para uma verificação posterior e, em caso de dúvida, o formulário é descartado e o responsável pela coleta chamado para esclarecimentos. Há uma equipe especializada que confere os dados à exaustão com objetivo de averiguar e aferir os resultados coletados.";"O anexo do arquivo com os bairros será realizado até o dia seguinte da divulgação conforme indicado no §7º. do art. 2º. da Resolução-TSE nº. 23.600/2019."
"28/09/2026";"05:46:54";2026;81;"Eleições Gerais 2026";"ES";"ES";"ESPÍRITO SANTO";"ES090492026";"2026-04-22 23:24:09";"S";"00654576000172";"INSTITUTO VERITA LTDA";"VERITA";"Governador, Senador";"2026-04-23 00:00:00";"2026-04-27 00:00:00";"2026-04-28 00:00:00";1220;"10699";"GUILHERME ALVARENGA LAIA";"93940,00";"Pesquisa quantitativa, que consiste na realização de entrevistas, com a aplicação de questionário estruturado junto a uma amostra representativa do eleitorado desta Unidade da Federação.";"ESTUDO REPRESENTATIVO DO ELEITORADO DO ESTADO DO ESPÍRITO SANTO - MÉTODO PPT (Probabilidade Proporcional ao Tamanho) - PLANO AMOSTRAL E PONDERAÇÃO QUANTO A SEXO, IDADE, GRAU DE INSTRUÇÃO E NÍVEL ECONÔMICO DO ENTREVISTADO; INTERVALO DE CONFIANÇA E MARGEM DE ERRO: Representativo do eleitorado da área em estudo, elaborada, em vários estágios, da seguinte forma: - 1. Divisão da UF em estratos proporcionais de municípios. 2. Ordenação dos municípios de cada estrato segundo o porte. 3. Sorteio dos municípios de cada estrato. 4. Os respondentes são selecionados através de quotas amostrais proporcionais em função de variáveis significativas, a saber: GÊNERO / FAIXA ETÁRIA - FEMININO E MASCULINO 16 A 34 ANOS 15,1% E 13,9%, 35 A 54 ANOS 20,3% E 18,5%, 55 ANOS OU MAIS 17,3% E 14,8%. GRAU DE INSTRUÇÃO ¿ FEMININO E MASCULINO Sem instrução até Ensino Médio completo 61,9%, Ensino superior incompleto e completo 38,1% NÍVEL ECONÔMICO - FEMININO população não economicamente ativa 46,5% população economicamente ativa 53,5% MASCULINO população não economicamente ativa 27,2% população economicamente ativa 72,8%. RENDA FAMILIAR DO DOMICÍLIO renda familiar de até 2 salários-mínimos 30,7%; de 2 a 5 salários-mínimos 44,2%, acima de 5 salários-mínimos 25,1%. Está prevista eventual ponderação para correção das variáveis, com base nos percentuais anteriormente mencionados, caso ocorram diferenças superiores a margem de erro da pesquisa previsto entre a amostra e a coleta de dados realizada. O fator previsto para ponderação é 1 (resultados obtidos na coleta de dados). O intervalo de confiança estimado é de 95% e a margem de erro máxima estimada considerando um modelo de amostragem aleatório simples, é de aproximadamente 3 pontos percentuais para mais ou para menos sobre os resultados encontrados no total da amostra. FONTE DOS DADOS: IBGE/Censo 2022 para fins de densidade demográfica, setores censitários e alocação da amostra. IBGE/PNAD/PNADC/MEC/INEP para fins de Nível Econômico e Escolaridade. TSE FEVEREIRO/2026 para fins de Sexo, Faixa Etária e eleitorado por município ou regiões previamente definidas (importante ressaltar para o público leigo que os dados do TSE são os únicos corretos para gênero, idade dos eleitores e quantitativo de eleitores por municípios já que a base de dados se atualiza automaticamente, PORÉM, dados de escolaridade e nível econômico NÃO são corretos e confiáveis devido a desatualização que ocorre naturalmente com o passar dos anos). Definição de margem de erro e intervalo de confiança: Margem de erro e intervalo de confiança não são grandezas diretamente proporcionais. A SOMA NÃO TEM QUE RESULTAR 100%. ";"Após os trabalhos de coleta de dados, os questionários são submetidos a uma fiscalização, conferência e checagem de cerca de 20% (vinte por cento) dos questionários aplicados.";"A relação dos municípios sorteados ou selecionados para esta pesquisa será apresentada em arquivo anexo até 1 (um) dia após a divulgação desta pesquisa conforme §7º. do art. 2º. da Resolução-TSE nº. 23.600/2019. A área de abrangência desta pesquisa é o Estado DO ESPÍRITO SANTO"
"28/09/2026";"05:46:54";2026;81;"Eleições Gerais 2026";"ES";"ES";"ESPÍRITO SANTO";"ES060022026";"2026-03-17 23:36:02";"S";"00654576000172";"INSTITUTO VERITA LTDA";"VERITA";"Governador, Senador, Deputado Federal, Deputado Estadual";"2026-03-18 00:00:00";"2026-03-24 00:00:00";"2026-03-23 00:00:00";1220;"10699";"GUILHERME ALVARENGA LAIA";"93940,00";"Pesquisa quantitativa, que consiste na realização de entrevistas, com a aplicação de questionário estruturado junto a uma amostra representativa do eleitorado desta Unidade da Federação.";"ESTUDO REPRESENTATIVO DO ELEITORADO DO ESTADO DO ESPÍRITO SANTO - MÉTODO PPT (Probabilidade Proporcional ao Tamanho) - PLANO AMOSTRAL E PONDERAÇÃO QUANTO A SEXO, IDADE, GRAU DE INSTRUÇÃO E NÍVEL ECONÔMICO DO ENTREVISTADO; INTERVALO DE CONFIANÇA E MARGEM DE ERRO: Representativo do eleitorado da área em estudo, elaborada, em vários estágios, da seguinte forma: - 1. Divisão da UF em estratos proporcionais de municípios. 2. Ordenação dos municípios de cada estrato segundo o porte. 3. Sorteio dos municípios de cada estrato. 4. Os respondentes são selecionados através de quotas amostrais proporcionais em função de variáveis significativas, a saber: GÊNERO / FAIXA ETÁRIA - FEMININO E MASCULINO 16 A 34 ANOS 15,1% E 13,9%, 35 A 54 ANOS 20,3% E 18,5%, 55 ANOS OU MAIS 17,3% E 14,8%. GRAU DE INSTRUÇÃO - FEMININO Sem instrução até Ensino Médio completo 61,9%, Ensino superior incompleto e completo % NÍVEL ECONÔMICO - FEMININO população não economicamente ativa 46,5% população economicamente ativa 53,5% MASCULINO população não economicamente ativa 27,2% população economicamente ativa 72,8%. RENDA FAMILIAR DO DOMICÍLIO renda familiar de até 2 salários-mínimos 30,7%; de 2 a 5 salários-mínimos 44,2%, acima de 5 salários-mínimos 25,1%. Está prevista eventual ponderação para correção das variáveis, com base nos percentuais anteriormente mencionados, caso ocorram diferenças superiores a margem de erro da pesquisa previsto entre a amostra e a coleta de dados realizada. O fator previsto para ponderação é 1 (resultados obtidos na coleta de dados). O intervalo de confiança estimado é de 95% e a margem de erro máxima estimada considerando um modelo de amostragem aleatório simples, é de aproximadamente 3 pontos percentuais para mais ou para menos sobre os resultados encontrados no total da amostra. FONTE DOS DADOS: IBGE/Censo 2022 para fins de densidade demográfica, setores censitários e alocação da amostra. IBGE/PNAD/PNADC/MEC/INEP para fins de Nível Econômico e Escolaridade. TSE FEVEREIRO/2026 para fins de Sexo, Faixa Etária e eleitorado por município ou regiões previamente definidas (importante ressaltar para o público leigo que os dados do TSE são os únicos corretos para gênero, idade dos eleitores e quantitativo de eleitores por municípios já que a base de dados se atualiza automaticamente, PORÉM, dados de escolaridade e nível econômico NÃO são corretos e confiáveis devido a desatualização que ocorre naturalmente com o passar dos anos). Definição de margem de erro e intervalo de confiança: Margem de erro e intervalo de confiança não são grandezas diretamente proporcionais. A SOMA NÃO TEM QUE RESULTAR 100%. ";"Após os trabalhos de coleta de dados, os questionários são submetidos a uma fiscalização, conferência e checagem de cerca de 20% (vinte por cento) dos questionários aplicados.";"A relação dos municípios sorteados ou selecionados para esta pesquisa será apresentada em arquivo anexo até 1 (um) dia após a divulgação desta pesquisa conforme §7º. do art. 2º. da Resolução-TSE nº. 23.600/2019. A área de abrangência desta pesquisa é o Estado DO ESPÍRITO SANTO"
"28/09/2026";"05:46:54";2026;81;"Eleições Gerais 2026";"ES";"ES";"ESPÍRITO SANTO";"ES051812026";"2026-07-27 20:02:15";"S";"10175843000182";"INSTITUTO DE PESQUISAS PERFIL LTDA";"#NULO#";"Governador, Senador, Deputado Federal, Deputado Estadual";"2026-07-29 00:00:00";"2026-07-31 00:00:00";"2026-08-02 00:00:00";600;"9063";"LINIANE GAZOLA";"18000,00";"Pesquisa quantitativa, de natureza exploratório-descritiva, operacionalizada por meio da técnica survey com									
aplicação de questionário estruturado. A coleta de dados será realizada exclusivamente por meio de entrevistas pessoais									
utilizando dispositivos eletrônicos (tablets) O universo é constituído pelos eleitores com 16 anos ou mais,									
regularmente inscritos no cadastro eleitoral e residentes em: 									
SÃO MATEUS - ES									
Empresa Contratante e Pagante pelo trabalho:				INSTITUTO DE PESQUISAS PERFIL					
CNPJ/CPF:	10.175.843/0001-82								
ORIGEM DO RECURSO: 	PROPRIO							
";" A amostra prevista é de		600	 entrevistas.							
O público-alvo da pesquisa é constituído por eleitores com 16 anos ou mais, residentes na área de abrangência do estudo.										
Para assegurar a representatividade estatística desse universo, adotou-se um delineamento amostral probabilístico por conglomerados, 										
estruturado em três estágios. No primeiro estágio, procede-se ao sorteio probabilístico dos municípios integrantes da amostra, utilizando-se										
o método PPT (Probabilidade Proporcional ao Tamanho), tendo como base de ponderação a população votante com idade igual ou superior										
a 16 anos residente em cada município. No segundo estágio, a partir da relação dos municípios selecionados, realiza-se novo sorteio 										
probabilístico pelo método PPT, esta feita incidente sobre setores censitários a serem visitados em campo. Esse sorteio toma como										
referência o total de habitantes residentes nesses setores, conforme dados do ultimo Censo Demográfico (2022) garantindo, assim,										
a dispersão aleatória e a cobertura estatística do território municipal, independentemente de recortes administrativos. No terceiro e último 										
 estágio, nos setores censitários sorteados, são selecionados os domicílios e os indivíduos a serem entrevistados, adotando-se procedimento										
de quotas amostrais para as variáveis de controle: sexo, idade, renda familiar e escolaridade. O perfil amostral resultante, balizado pelas quotas 										
 estabelecidas, apresenta a seguinte composição:										
GÊNERO:	MASCULINO	47,5%,								
	FEMININO	52,5%,								
Fonte: 	TSE- JUNHO-26,									
FAIXA ETÁRIA:							
	16 A 24 Anos	12,5%,								
	25 a 34	19,0%,								
	35 a 44	20,0%,								
	45 a 59	25,8%,								
	60 ou mais	22,7%,			
FONTE: 	TSE- JUNHO-26,									
GRAU DE INSTRUÇÃO:					
	Analfabeto/Lê e escreve			10,5%;						
	Ensino fundamental completo/incompleto			30,9%;						
	Ensino médio completo/incompleto			47,9%;						
	Ensino superior completo/incompleto			10,6%;						
	Invalido			0,1%;	
FONTE: 	TSE- JUNHO-26,		
RENDA FAMILIAR:										
	Sem rendimento / Até 1 salário mínimo			23%,						
	De 1 a 2 salários			25%,						
	De 2 a 5 Salários			33%,						
	Mais de 5 salários			19%,		
	(S.M. - SALARIO MINIMO)									
Fonte	https://cidades.ibge.gov.br/brasil/es/sao-mateus/pesquisa/23/24304									
Fonte para a malha de setores censitários, Censo 2022 (IBGE);										
A definição dos parâmetros populacionais para as cotas amostrais baseia-se nos dados do Censo Demográfico mais recente disponibilizado 										
pelo IBGE, admitindo-se, nos termos do art. 2º, II, ""a"", da Resolução TSE nº 23.600/2019, a utilização de informações defasadas quando não 										
houver dados atualizados, devidamente justificada no registro da pesquisa.										
Como etapa complementar ao plano amostral, prevê-se a pós-estratificação manual, aplicável apenas se constatadas diferenças entre a 										
distribuição obtida em campo e os parâmetros populacionais predefinidos para as variáveis de controle. O procedimento consiste no ajuste 										
ponderado das frequências amostrais, com base na comparação entre percentuais observados e previstos, com o fim de recompor a										
proporcionalidade da amostra em relação ao universo. Tal ajuste constitui prática metodológica padrão e não decorre de qualquer fragilidade 										
no processo de coleta ou seleção da amostra.										
Margem de Erro máxima prevista é:			4,0%	pontos percentuais para mais ou para menos, considerando um						
nível de confiança de 		95%	e baseada em uma amostra aleatória simples (AAS). ";"As entrevistas são realizadas por equipes devidamente treinadas e identificados, utilizando para a coleta dispositivo eletronico, 									
as equipes serão acompanhadas por um coordenador / supervisor que atua como fiscal de campo fazendo o controle, 									
a verificação e a fiscalização da coleta de dados. Após a coleta, a pesquisa será checada, criticada e codificada, 									
internamente de acordo com o padrão estabelecido pela ABEP (Associação Brasileira de Empresas de Pesquisa). Todo o 									
material será 100% criticado e 20% verificado, conforme procedimento padrão em pesquisa de opinião publica. As 									
informações serão processadas por meio de programa especifico, para a tabulação e eleaboração dos resultados. Os dados									
serão gerados no formato de tabelas de frequencia, e analisados criteriosamente. Ao final sera elaborado um relatorio analitico-									
descritivo, contendo tabelas e graficos para o resultado de cada pergunta realizada no questionario, seguindo as									
exigencias do TSE. 									
Os dados coletados e tratados nesta pesquisa atendem às exigências da LGPD, Lei Geral de Proteção de Dados garantindo									
ao respondente o sigilo de sua identidade e o correto tratamento de suas respostas.									";"A área de abrangência da coleta é :				SÃO MATEUS - ES				
A relação das localidades e setores censitários selecionadas para aplicação da amostra será apresentada 								
a partir do dia em que a pesquisa puder ser divulgada e até o dia seguinte, conforme expresso no 								
art. 2º, §7º da Resolução 23.600/2019 doTSE.								"
"28/09/2026";"05:46:54";2026;81;"Eleições Gerais 2026";"ES";"ES";"ESPÍRITO SANTO";"ES044922026";"2026-09-24 17:32:58";"N";"09610985000141";"AGILI PESQUISAS E MARKETING EIRELI";"AGILI PESQUISAS";"Governador, Senador";"2026-09-24 00:00:00";"2026-09-29 00:00:00";"2026-09-30 00:00:00";1200;"9327";"Marcio Bartolomeu Azevedo da Costa";"22500,00";"Pesquisa quantitativa, com 1.200 entrevistas, realizada com eleitores maiores de 16 anos, moradores do estado do Espírito Santo. Utiliza entrevistas por telefone, pelo sistema CATI (Computer Assisted Telephone Interviewing), com aplicação de questionário estruturado com opções randomizadas automaticamente via software, junto a uma amostra representativa do eleitorado do Estado. (Plataforma do questionário: Rotary Survey Professional Software - https://rotatorsurvey.com/pt/index.html). A coleta é monitorada em tempo real para controle de cotas e filtragem de inconsistências.";"Universo: Eleitores do Estado do Espírito Santo. Tamanho da amostra: A amostra prevista é de 1.200 entrevistas. Técnica de amostragem: A amostra é estratificada por região geográfica intermediária (IBGE- Censo 2022), onde em cada estrato, num primeiro estágio, os municípios são selecionados por meio de sorteio aleatório, observando-se a proporcionalidade quanto ao porte do município, conforme o número de eleitores de cada localidade. No segundo estágio, a seleção do entrevistado dentro da localidade será feita utilizando-se quotas amostrais proporcionais as características demográficas do universo, em função das seguintes variáveis: GÊNERO: Masculino 47%; Feminino 53% | FAIXA ETÁRIA: Entre 16 e 24 anos: 11,7%; Entre 25 e 34 anos: 18,1%; Entre 35 e 44 anos: 20,1%; Entre 45 e 59 anos: 26,2%; 60 anos ou mais: 24,7% | ESCOLARIDADE: De analfabeto até ensino fundamental completo: 38,5%; Ensino médio incompleto ou completo: 45,4% Ensino superior incompleto ou completo: 16,1%. |NÍVEL ECONÔMICO: População Economicamente Ativa: 62,1%; População Não Economicamente Ativa: 37,9%. Está prevista eventual ponderação para correção das variáveis gênero, faixa etária e escolaridade, com base nos percentuais acima apresentados, caso ocorram diferenças superiores a 3,0 (três) pontos percentuais entre o previsto na amostra e a coleta realizada. Para a variável nível econômico, o fator de ponderação é igual a 1, (resultados obtidos no campo). O nível de confiança estimado é de 95%
(noventa e cinco por cento) para uma margem de erro estimada, considerando uma técnica de amostragem aleatória simples, de aproximadamente 2,8 (Dois vírgula oito) pontos percentuais sobre os resultados obtidos. Ressalta-se que esta margem de erro e grau de confiabilidade se aplica ao total da amostra, não devendo ser considerado para os resultados dentro de cada estrato e nem para os resultados gerados pelo cruzamento de variáveis. Fonte de Dados: Para as variáveis de Gênero, Faixa Etária e Grau de Instrução, os dados foram extraídos do repositório de estatísticas do eleitorado do TSE (Tribunal Superior Eleitoral), atualizados em Agosto de 2026, referentes ao Estado do Espirito Santo. Para a variável de Nível Econômico, utilizou-se a PNAD Contínua 4º. Trim 2025(IBGE), no estado do Espírito Santo. Área física: A relação completa dos municípios e bairros pesquisados será encaminhada a esse tribunal posteriormente até o sétimo dia seguinte à data de registro da pesquisa, conforme Resolução 23.600/2019 do TSE, no art.2º §7º.";"São checados, no mínimo, 20% dos questionários de cada pesquisador, o controle de qualidade é realizado diretamente por supervisores CATI ou, posteriormente, por novo contato telefônico. Antes do processamento final e emissão do relatório os dados coletados passam por um processo de consistência. Os dados coletados e tratados nesta pesquisa atendem às exigências da LGPD, Lei Geral de Proteção de Dados, garantindo ao respondente o sigilo de sua identidade e o correto tratamento de suas respostas.";"A pesquisa será realizada no Estado do Espírito Santo. A relação dos municípios e bairros pertencentes à amostra será apresentada até o dia seguinte à data a partir da qual a pesquisa puder ser divulgada, conforme §7º do art. 2º da Resolução-TSE nº. 23.600/2019"
"28/09/2026";"05:46:54";2026;81;"Eleições Gerais 2026";"ES";"ES";"ESPÍRITO SANTO";"ES041432026";"2026-04-11 10:31:09";"N";"10175843000182";"INSTITUTO DE PESQUISAS PERFIL LTDA";"#NULO#";"Governador, Senador";"2026-04-13 00:00:00";"2026-04-16 00:00:00";"2026-04-17 00:00:00";1800;"7655";"AUGUSTO DA SILVA ROCHA";"40000,00";"Pesquisa em municípios representativos do Estado do Espírito Santo, do tipo quantitativa, 
com aplicação de questionário estruturado, abordagem pessoal domiciliar. 
O conjunto da população eleitora dos municípios com 16 anos ou mais foi tomado como universo da pesquisa.";"A amostra será representativa do eleitorado da área pesquisada e será selecionada em três etapas. Na primeira etapa realiza-se um sorteio probabilístico dos municípios onde as entrevistas serão realizadas através do método PPT (Probabilidade Proporcional ao Tamanho), considerando a população eleitora com 16 anos ou mais residente nos municípios como base para essa seleção. Na segunda etapa, faz-se um sorteio probabilístico das localidades, onde as entrevistas serão realizadas, através do método PPT (Probabilidade Proporcional ao Tamanho), tomando a população eleitora de 16 anos ou mais residente nas localidades como base para essa seleção. Na terceira etapa, a seleção do entrevistado dentro da localidade, será feita utilizando-se quotas amostrais proporcionais, em função das variáveis sexo, faixa etária, grau de instrução e renda mensal familiar.

Sexo:FEMININO	52,77%;
MASCULINO	47,21%;
Faixa Etária: 
16 a 24 anos	10,8%;
25 a 34 anos	18,4%;
35 a 44 anos	20,5%;
45 a 59 anos	26,1%;
60 anos ou mais	24,3%;

Grau de Instrução:  ANALFABETO	3,5%;
LÊ E ESCREVE	5,2%;
ENSINO FUNDAMENTAL INCOMPLETO	23,5%;
ENSINO FUNDAMENTAL COMPLETO	6,8%;
ENSINO MÉDIO INCOMPLETO	18,0%;
ENSINO MÉDIO COMPLETO	27,1%;
SUPERIOR INCOMPLETO	4,8%;
SUPERIOR COMPLETO	11,1%;

Renda Mensal Familiar: Até 1/2 salário mínimo	2,1%	;
Mais de 1/2 a 1 salário mínimo	14,1%	;
Mais de 1 a 2 salários mínimos	23,8%	;
Mais de 2 a 5 salários mínimos	35,3%	;
Mais de 5 a 10 salários mínimos	13,8%	;
Mais de 10 a 20 salários mínimos	5,4%	;
Mais de 20 salários mínimos	2,2%	;
Sem rendimento	3,3%	;

O desenho da amostra será realizado de acordo com os dados populacionais disponibilizados pelo Instituto Brasileiro de Geografia e Estatística (IBGE) referentes ao Censo 2010/2022 e TSE/TRE mar/26. 
Fonte: https://sidra.ibge.gov.br/   https://www.tse.jus.br/eleitor/estatisticas-de-eleitorado/consulta-quantitativo

Para um intervalo de confiança de 95% a margem de erro máxima estimada foi de 2.3 pontos percentuais, para mais ou para menos. ";"Para a realização da pesquisa, utiliza-se uma equipe de entrevistadores e supervisores credenciados devidamente treinados pela empresa para esse tipo de pesquisa. Após os trabalhos de campo, 100% dos questionários são criticados e passam por uma fiscalização de cerca de 20% (vinte por cento) dos questionários aplicados por cada entrevistador; para verificação da consistência das respostas e da adequação dos entrevistados aos parâmetros amostrais.";"#NULO#"
"28/09/2026";"05:46:54";2026;81;"Eleições Gerais 2026";"ES";"ES";"ESPÍRITO SANTO";"ES090112026";"2026-09-27 02:01:31";"N";"22445600000104";"QUAEST PESQUISAS, CONSULTORIA E PROJETOS LTDA.";"#NULO#";"Governador, Senador";"2026-10-02 00:00:00";"2026-10-03 00:00:00";"2026-10-03 00:00:00";1800;"6731";"Margarida Maria de Mendonca";"202500,00";"Pesquisa quantitativa, de survey, que consiste na realização de entrevistas pessoais, domiciliares e presenciais, conduzidas por profissionais treinados, com a aplicação de questionários estruturados a uma amostra representativa da população votante de 16 anos ou mais residente no estado do Espírito Santo. O desenho amostral aplicado combina sorteio probabilístico de municípios e de setores censitários fornecidos pelo IBGE (unidades territoriais homogêneas, de tamanho similar a quadras ou blocos), dentro dos quais serão selecionadas pessoas respondentes por meio de cotas amostrais.";"O público pesquisado é composto por eleitores de 16 anos ou mais residentes na área de abrangência da pesquisa. Para produzir uma amostra representativa desse público-alvo, utilizamos um desenho amostral por conglomerados que prevê três estágios. No primeiro estágio, é feito um sorteio probabilístico de municípios para comporem a amostra por meio do método PPT (Probabilidade Proporcional ao Tamanho) a partir de suas populações votantes acima de 16 anos. Dentro da lista de municípios sorteados, no segundo estágio, é realizado um sorteio probabilístico por meio do método PPT (Probabilidade Proporcional ao Tamanho) de setores censitários a serem visitados pelos entrevistadores, sorteio que tem como base o total de habitantes residentes nos setores de acordo com dados do Censo de 2022, o que garante a dispersão aleatória e estatística da amostra dentro dos territórios municipais, independentemente de divisões administrativas. Finalmente, dentro da lista de setores censitários sorteados, no último estágio são selecionados domicílios e pessoas a serem entrevistadas utilizando-se cotas amostrais para as seguintes variáveis: sexo, idade, renda familiar e escolaridade. O perfil da amostra, definido pelas cotas previstas, é o seguinte:

Sexo: Masculino (47%); Feminino (53%).
Faixa etária: 16-34 anos (29%); 35-59 anos (46%); 60 ou mais (25%).
Renda domiciliar total, incluindo pensões, benefícios e rendimentos de trabalhos informais: Até 2 salários-mínimos (28%); Mais de 2 a 5 salários-mínimos (46%); Mais de 5 salários-mínimos (26%).
Nível de instrução: Até Fundamental completo ou médio incompleto (44%); Médio completo ou superior incompleto (38%); Superior completo ou mais (18%).

Fonte dos dados: para a distribuição de sexo e idade, TSE-Tribunal Superior Eleitoral - agosto/2026; para a malha de setores censitários, Censo 2022 (IBGE); para a distribuição de renda domiciliar, PNADc Anual 2025, 1ª visita (IBGE); e, para a distribuição de escolaridade/instrução, PNADc trimestral 2-2026 (IBGE). A PNADc é utilizada por ser a fonte oficial mais atualizada de rendimentos do país, incluindo rendimentos informais, pensões, entre outros, e corrigindo as defasagens temporais do Censo 2022, além de ser a fonte mais atualizada de nível de instrução da população com 16 anos ou mais dada ausência de atualização obrigatória da escolaridade no registro de eleitores do TSE.

Está prevista eventual pós-estratificação da amostra, por meio de algoritmos de calibração (rake) e modelos (MrP e likely voter), para correção (1) de estimativas, (2) das distribuições de variáveis que medem o perfil da população e (3) percentual do eleitorado propenso a votar.

Dentro do público-alvo anteriormente descrito, serão realizadas 1.800 entrevistas. O nível de confiança das estimativas é de 95% e a margem de erro máxima prevista, atendendo às diretivas do TSE e usando o cálculo para amostra aleatória simples (AAS) como aproximação, é de cerca de 2 pontos percentuais para mais ou para menos em relação aos totais da amostra.

Pagante (s) do trabalho: CNPJ 27063726000120 - A GAZETA DO ESPIRITO SANTO RADIO E TV LTDA / TV GAZETA";"As entrevistas serão realizadas por uma equipe de entrevistadores devidamente qualificada, com experiência e treinamento em pesquisa de opinião pública. Todo trabalho é feito em tablets ou outros dispositivos eletrônicos. Após a realização da coleta de dados, as entrevistas junto aos respondentes são checadas por meio de procedimentos de consistência e de georreferenciamento dos locais de aplicação em tempo real. Adicionalmente, ao longo e após os trabalhos de campo, é realizada uma fiscalização que consiste na checagem de áudio de uma amostra de 30% dos questionários aplicados para verificação das respostas e da adequação dos entrevistados aos parâmetros amostrais.";"A área de abrangência da coleta é o território do estado do Espírito Santo. A relação do número de pessoas pesquisadas nas áreas de aplicação da pesquisa, discriminadas por município, bairros e setores censitários a partir dos identificadores utilizados pelo IBGE, além da composição do eleitorado entrevistado na área de abrangência quanto a gênero, idade, grau de instrução e nível econômico, constará em anexo. O mapa com os códigos destes setores censitários e as áreas que delimitam no país todo podem ser conferidos na seguinte fonte oficial: https://censo2022.ibge.gov.br/panorama/mapas.html?localidade=&recorte=setores_censitarios"
"28/09/2026";"05:46:54";2026;81;"Eleições Gerais 2026";"ES";"ES";"ESPÍRITO SANTO";"ES076032026";"2026-03-20 09:33:32";"N";"28504695000168";"BRAND CONSULTORIA E GESTAO LTDA";"#NULO#";"Governador";"2026-03-17 00:00:00";"2026-03-21 00:00:00";"2026-03-26 00:00:00";800;"5826-A";"Vera Lucia Candiani";"30000,00";"Pesquisa quantitativa com 800 entrevistas, realizada com eleitores maiores de 16 anos, moradores de 38 municípios do Estado do ESPÍRITO SANTO. Utiliza entrevistas por telefone, pelo sistema CATI (Computer Assisted Telephone Interviewing), com aplicação de questionário estruturado com opções randomizadas automaticamente via software, junto a uma amostra representativa do eleitorado dos municípios. Plataforma do questionário: Rotator Survey Professional Software (https://rotatorsurvey.com/pt/index.html). Área Geográfica da pesquisa inclui os seguintes municípios: Alegre; Aracruz; Baixo Guandu; Barra de S. Francisco; Bom Jesus do Norte; Cachoeiro de Itapemirim; Cariacica; Castelo; Colatina; Conceição da Barra; Conceição do Castelo; Domingos Martins; Ecoporanga; Guaçuí; Guarapari; Ibatiba; Ibiraçu; Itapemirim; Iúna ; Linhares; Marataízes; Mimoso do Sul; Montanha; Muniz Freire; Muqui; Nova Venécia; Pancas; Pinheiros; Piuma; Santa Maria de Jetibá; Santa Teresa; São Gabriel da Palha; São Mateus; Serra; Vargem Alta; Viana; Vila Velha; Vitória.
";"Desenho amostral realizado por amostra aleatória simples de lista de contatos telefônicos, representativa do eleitorado dos 38 municípios. Os respondentes são selecionados através de cotas amostrais proporcionais dos eleitores em função das seguintes variáveis GENERO: feminino (53,2%), masculino (46,8%). FAIXA ETARIA: 16-24 (10,8%), 25-34 (18,5%), 35-44 (20,6%), 45-59 (26,1%) e 60 e mais anos (24,0%); GRAU DE INSTRUÇÃO: Até ensino fundamental completo (36,8%); ensino médio (incompleto + completo) (46,3%); ensino superior (incompleto + completo) (16,9%). NÍVEL ECONÔMICO (RENDA INDIVIDUAL): Até 1 salário-mínimo (32,4%), mais de 1 até 3 salários-mínimos (50,1%) e mais de 3 salarios mínimos (17,5%). Está prevista eventual ponderação para correção das variáveis gênero e faixa etária com base nos percentuais anteriormente mencionados, caso ocorram diferenças superiores a 3 pontos percentuais entre o previsto na amostra e a coleta de dados realizada. Para as variáveis grau de instrução e nível econômico do entrevistado, o fator previsto para ponderação é 1 (resultados obtidos em campo). O nível de confiança estimado é de 95% e a margem de erro máxima estimada é de 3,5% pontos percentuais para mais ou para menos sobre os resultados encontrados no total da amostra.";"O controle do processo será realizado por meio de um software de coleta de dados (Rotator Survey) o qual permitirá monitoramento do campo, garantindo o cumprimento das cotas amostrais. Durante a coleta de dados os questionários aplicados são fiscalizados e conferidos por um supervisor. Adicionalmente, até 20% dos questionários passarão por uma verificação posterior, que avaliará a precisão na aplicação e a adequação dos entrevistados às variáveis das cotas amostrais. Após a coleta, os questionários passam por uma etapa de verificação e validação dos dados, para garantir a integridade e precisão dos dados coletados, nesta etapa são checados, em até 20% dos questionários de cada pesquisador, por supervisores CATI ou, posteriormente, por novo contato telefônico. Antes do processamento final e emissão do relatório os dados coletados passam por um processo de consistência. Os dados coletados e tratados nesta pesquisa atendem às exigências da LGPD, Lei Geral de Proteção de Dados, garantindo ao respondente o sigilo de sua identidade e o correto tratamento de suas respostas.";"A partir do dia em que a pesquisa puder ser divulgada e até o dia seguinte, o registro deverá ser complementado."
"28/09/2026";"05:46:54";2026;81;"Eleições Gerais 2026";"ES";"ES";"ESPÍRITO SANTO";"ES002062026";"2026-08-26 18:52:22";"S";"19259002000128";"ATLASINTEL TECNOLOGIA DE DADOS LTDA";"ATLASINTEL";"Governador, Senador";"2026-08-26 00:00:00";"2026-08-31 00:00:00";"2026-09-01 00:00:00";1200;"11220";"ANDREI CAMILO DOS SANTOS";"65000,00";"Pesquisa quantitativa com coleta aleatória via questionário estruturado web e pós-estratificação da amostra de acordo com as características do eleitorado de Espírito Santo.";"Amostra aleatória pós-estratificada via algoritmo iterativo com quotas proporcionais, representando características do eleitorado de Espírito Santo: SEXO: Masculino: 47.2%; Feminino: 52.8%. FAIXA ETÁRIA: Entre 16 a 24 anos: 11.2%; Entre 25 a 34 anos: 18.2%; Entre 35 a 44 anos: 20.2%; Entre 45 a 59 anos: 26.1%; 60 ou mais: 24.3%. ESCOLARIDADE: Ensino Fundamental completo ou incompleto e eleitores sem educação formal: 34.4%; Ensino Médio completo ou incompleto: 39.7%; Ensino Superior completo ou incompleto: 25.9%. NÍVEL ECONÔMICO: Renda familiar mensal até R$2000: 18.6%; Mais de R$2.000 a R$3.000: 17.6%; Mais de R$3.000 a R$5.000: 25.8%; Mais de R$5.000 a R$10.000: 25.7%; Mais de R$10.000: 12.2%. OBS.: devido ao arredondamento, a soma dos percentuais pode variar de 99% a 101%. Na agregação final, para cada variável de ponderação, serão admissíveis desvios de até 3.0 pontos percentuais em relação às quotas estipuladas. Confiança estimada: 95%, margem de erro: +/- 3.0 pontos percentuais. FONTE DOS DADOS: PNADC 2024 para escolaridade e nível econômico | TSE 2026 para sexo e faixa etária.";"Coleta feita com a utilização de questionário eletrônico com procedimentos específicos para o armazenamento seguro dos dados. São checados manualmente no mínimo 15% dos questionários para detectar possíveis anomalias. Pesquisadores especializados realizam internamente uma verificação exaustiva da consistência dos dados antes da divulgação dos resultados finais.";"#NULO#"
"28/09/2026";"05:46:54";2026;81;"Eleições Gerais 2026";"ES";"ES";"ESPÍRITO SANTO";"ES057192026";"2026-09-18 22:22:30";"S";"81908345000140";"INSTITUTO PARANA DE PESQUISAS E ANALISE DE CONSUMIDOR LTDA";"#NULO#";"Governador, Senador";"2026-09-18 00:00:00";"2026-09-22 00:00:00";"2026-09-24 00:00:00";1304;"10245 - 4ª";"Tatiani Cristina Ara";"45000,00";"Pesquisa com metodologia quantitativa, com a realização de entrevistas pessoais, domiciliares e presenciais, utilizando questionário estruturado junto a uma amostra representativa do eleitorado do Estado do do Espírito Santo.
";"""A amostra será representativa do eleitorado da área pesquisada e será selecionada em três etapas. Na primeira etapa realiza-se um sorteio probabilístico dos municípios onde as entrevistas serão realizadas através do método PPT (Probabilidade Proporcional ao Tamanho), considerando a população eleitora com 16 anos ou mais residente nos municípios como base para essa seleção. Na segunda etapa, faz-se um sorteio probabilístico das localidades, onde as entrevistas serão realizadas, através do método PPT (Probabilidade Proporcional ao Tamanho), tomando a população eleitora de 16 anos ou mais residente nas localidades como base para essa seleção. Na terceira etapa, a seleção do entrevistado dentro da localidade, será feita utilizando-se quotas amostrais proporcionais, em função das seguintes variáveis:
GÊNERO: TSE Agosto 2026 (https://sig.tse.jus.br/ords/dwapr/r/seai/sig-eleitor-eleitorado-mensal/cruzamento-eleitorado-mensal?p24_metricas=E&p24_back=22&p24_cruzamento_1=ds_sexo&clear=24&p0_uf=ES&p0_mes=7&debug=LEVEL5&session=312990078978641)
Masculino - 47%; |
Feminino - 53%; |
FAIXA ETÁRIA: TSE Agosto 2026 (https://sig.tse.jus.br/ords/dwapr/r/seai/sig-eleitor-eleitorado-mensal/cruzamento-eleitorado-mensal?p24_cruzamento_1=ds_faixa_etaria&p24_metricas=E&p24_back=22&clear=24&p0_uf=ES&p0_mes=7&debug=LEVEL5&session=8904950028837)
Entre 16 e 24 anos: 11%; |
Entre 25 e 34 anos: 18%; |
Entre 35 e 44 anos: 20%; |
Entre 45 e 59 anos: 26%; |
Com 60 anos ou mais: 25%; |
ESCOLARIDADE: TSE Agosto 2026 (https://sig.tse.jus.br/ords/dwapr/r/seai/sig-eleitor-eleitorado-mensal/cruzamento-eleitorado-mensal?p24_cruzamento_1=ds_grau_instrucao&p24_metricas=E&p24_back=22&clear=24&p0_uf=ES&p0_mes=7&debug=LEVEL5&session=309383598034615) Observação: Conforme informações obtidas no site do Tribunal Superior Eleitoral, o TSE, (https://dadosabertos.tse.jus.br/group/about/eleitorado) """"Os registros de grau de escolaridade podem apresentar dados defasados, pois refletem a situação do eleitor na ocasião do cadastramento.""""
De analfabeto até ensino fundamental completo: 39%; |
Ensino médio incompleto ou completo: 45% |
Ensino superior incompleto ou completo: 16% |
RENDA DOMICILIAR MENSAL: (https://cidades.ibge.gov.br/brasil/es/pesquisa/23/24304) IBGE - Censo 2010. Observação: Conforme informações obtidas do Instituto Brasileiro de Geografia e Estatística, o IBGE não divulgou - e não tem previsão de data - para divulgação do perfil econômico (nível econômico) da população brasileira nos parâmetros metodológicos utilizados pela Paraná Pesquisas (renda domiciliar mensal), tendo sido divulgados apenas a renda per capita; portanto, os dados divulgados pelo IBGE, por exemplo, em 2022 e 2025 quanto ao nível econômico, não podem ser utilizados pois não correspondem aos parâmetros metodológicos utilizados pela Paraná Pesquisas.
Sem rendimentos até 2 salários mínimos: 43% |
Mais de 2 a 5 salários mínimos: 35% |
Mais de 5 salários mínimos: 22% |
Está prevista eventual ponderação para correção das variáveis gênero e faixa etária, com base nos percentuais acima apresentados, caso ocorram diferenças superiores a 3,0 (três) pontos percentuais entre o previsto na amostra e a coleta realizada; para as variáveis escolaridade e renda domiciliar mensal, o fator de ponderação é igual a 1 (resultados obtidos no campo). O nível de confiança estimado é de 95% (noventa e cinco por cento) para uma margem de erro estimada, considerando uma técnica de amostragem aleatória simples, de aproximadamente 2,8 (dois vírgula oito) pontos percentuais para mais ou para menos sobre os resultados obtidos.""



";"""As entrevistas serão conduzidas por uma equipe de entrevistadores e supervisores devidamente qualificados pelo Instituto Paraná Pesquisas, todos com experiência e treinamento específico em pesquisas de opinião pública.
Controle: O controle do processo será realizado por meio de um software de coleta de dados.
Conferência e Fiscalização: Durante a coleta de dados os questionários aplicados são fiscalizados e conferidos através de um supervisor.
Adicionalmente, pelo menos 30% dos questionários passarão por uma verificação posterior, que avaliará a precisão na aplicação e a adequação dos entrevistados às variáveis das quotas amostrais. Ou seja, no mínimo 392 entrevistas desta pesquisa serão auditadas pela equipe de qualidade do Instituto Paraná Pesquisas, podendo essa auditoria ser solicitada ao Instituto a qualquer momento.
Verificação: Após a coleta, os questionários passam por uma etapa de verificação e validação dos dados, para garantir a integridade e precisão dos dados coletados.""



";"""A pesquisa será realizada no Estado do do Espírito Santo, a relação dos dados relativos aos municípios e às localidades será apresentado até o dia seguinte à data a partir da qual a pesquisa puder ser divulgada, conforme §7º do art. 2º da Resolução-TSE nº. 23.600/2019""


"
"28/09/2026";"05:46:54";2026;81;"Eleições Gerais 2026";"ES";"ES";"ESPÍRITO SANTO";"ES063752026";"2026-09-24 20:04:35";"S";"10175843000182";"INSTITUTO DE PESQUISAS PERFIL LTDA";"#NULO#";"Governador, Senador, Deputado Federal, Deputado Estadual";"2026-09-28 00:00:00";"2026-09-30 00:00:00";"2026-09-30 00:00:00";500;"9063";"LINIANE GAZOLA";"16000,00";"Pesquisa quantitativa, de natureza exploratório-descritiva, com abrangência : NOVA VENÉCIA - ES , contempla eleitores
residentes nas zonas urbana e rural, por intermédio de entrevistas presenciais, aplicada tanto em domicilio quanto em ponto de fluxo
populacional como (vias públicas, comercio, terminais, praças e locais de grande movimento), vinculados aos bairros, ou povoados de
moradia, mediante a aplicação de questionário estruturado com perguntas abertas e fechadas, através de dispositivo eletrônico (tablet /
celular). As entrevistas são executadas por entrevistadores treinados previamente e identificados, atendendo a critérios de elegibilidade a saber:
ter 16 anos ou mais, residir no local foco da pesquisa e ter titulo de eleitor
Empresa Contratante e Pagante pelo trabalho: INSTITUTO DE PESQUISAS PERFIL
CNPJ/CPF: 10.175.843/0001-82
ORIGEM DO RECURSO: PROPRIO";"A amostra prevista é de 500 entrevistas.
O público-alvo da pesquisa é constituído por eleitores com 16 anos ou mais, residentes na área de abrangência do estudo.
Para assegurar a representatividade estatística desse universo, adotou-se um delineamento amostral probabilístico em três etapas:
Na primeira etapa realiza-se um sorteio probabilístico dos municípios onde as entrevistas serão realizadas através do método PPT (Probabilidade
Proporcional ao Tamanho), considerando a população eleitora com 16 anos ou mais residente nos municípios como base para essa seleção.
Na segunda etapa, faz-se um sorteio probabilístico das localidades, onde as entrevistas serão realizadas, através do método PPT (Probabilidade
Proporcional ao Tamanho), tomando a população eleitora de 16 anos ou mais residente nas localidades como base para essa seleção. Na
terceira etapa, a seleção do entrevistado dentro da localidade, respeitando as quotas amostrais proporcionais, em função das seguintes
variáveis:
Sexo:
Masculino 48,20% ;
Feminino 51,80% .
Fonte: TSE - agosto- 26
Faixa etária:
16 a 24 anos 10,20% ;
25 a 34 anos 18,00% ;
35 a 44 anos 19,00% ;
45 a 59 anos 25,80% ;
60 anos ou mais 27,00% .
Fonte: TSE - agosto- 26
Grau de instrução:
Analfabeto / Lê e escreve 16,80% ;
Fundamental incompleto até Fundamental completo 28,20% ;
Médio incompleto até Médio completo 41,60% ;
Superior incompleto até Superior completo 13,40% .
Fonte: TSE - agosto- 26
Nível econômico/renda familiar:
Sem rendimento até 1 salário mínimo 24,20% ;
Mais De 1 a 2 salários mínimos 27,20% ;
Mais De 2 a 5 salários mínimos 33,60% ;
Acima de 5 salários mínimos 15,00%
Fonte https://cidades.ibge.gov.br/brasil/es/nova-venecia/pesquisa/23/24304
Fonte para a malha de setores censitários, Censo 2022 (IBGE);
A definição dos parâmetros populacionais para as cotas amostrais baseia-se nos dados do Censo Demográfico mais recente disponibilizado
pelo IBGE, admitindo-se, nos termos do art. 2º, § 2º, ""a"", da Resolução TSE nº 23.600/2019, a utilização de informações defasadas quando não
houver dados atualizados, devidamente justificada no registro da pesquisa.
Como etapa complementar ao plano amostral, prevê-se a pós-estratificação manual, aplicável apenas se constatadas diferenças entre a
distribuição obtida em campo e os parâmetros populacionais predefinidos para as variáveis de controle. O procedimento consiste no ajuste
ponderado das frequências amostrais, com base na comparação entre percentuais observados e previstos, com o fim de recompor a
proporcionalidade da amostra em relação ao universo. Tal ajuste constitui prática metodológica padrão e não decorre de qualquer fragilidade
no processo de coleta ou seleção da amostra.
Margem de Erro máxima prevista é: 4,36% pontos percentuais para mais ou para menos, considerando um
nível de confiança de 95% e baseada em uma amostra aleatória simples (AAS).";"As entrevistas são realizadas por equipes devidamente treinadas e identificados, utilizando para a coleta dispositivo eletronico,
as equipes serão acompanhadas por um coordenador / supervisor que atua como fiscal de campo fazendo o controle,
a verificação e a fiscalização da coleta de dados. Após a coleta, a pesquisa será checada, criticada e codificada,
internamente de acordo com o padrão estabelecido pela ABEP (Associação Brasileira de Empresas de Pesquisa). Todo o
material será 100% criticado e 20% verificado, conforme procedimento padrão em pesquisa de opinião publica. As
informações serão processadas por meio de programa especifico, para a tabulação e eleaboração dos resultados. Os dados
serão gerados no formato de tabelas de frequencia, e analisados criteriosamente. Ao final sera elaborado um relatorio analitico-
descritivo, contendo tabelas e graficos para o resultado de cada pergunta realizada no questionario, seguindo as
exigencias do TSE.
Os dados coletados e tratados nesta pesquisa atendem às exigências da LGPD, Lei Geral de Proteção de Dados garantindo
ao respondente o sigilo de sua identidade e o correto tratamento de suas respostas.";"A área de abrangência da coleta é : NOVA VENÉCIA - ES
A relação das localidades e setores censitários selecionadas para aplicação da amostra será apresentada
a partir do dia em que a pesquisa puder ser divulgada e até o dia seguinte, conforme expresso no
art. 2º, §7º da Resolução 23.600/2019 doTSE."
"28/09/2026";"05:46:54";2026;81;"Eleições Gerais 2026";"ES";"ES";"ESPÍRITO SANTO";"ES097282026";"2026-03-22 22:30:06";"N";"22445600000104";"QUAEST PESQUISAS, CONSULTORIA E PROJETOS LTDA.";"#NULO#";"Governador, Senador";"2026-03-22 00:00:00";"2026-03-25 00:00:00";"2026-03-28 00:00:00";1104;"6731";"Margarida Maria de Mendonça";"194810,00";"Pesquisa quantitativa, de survey, que consiste na realização de entrevistas pessoais, domiciliares e presenciais, conduzidas por profissionais treinados, com a aplicação de questionários estruturados a uma amostra representativa da população votante de 16 anos ou mais residente no estado do Espírito Santo. O desenho amostral aplicado combina sorteio probabilístico de municípios e de setores censitários fornecidos pelo IBGE (unidades territoriais homogêneas, de tamanho similar a quadras ou blocos), dentro dos quais serão selecionadas pessoas respondentes por meio de cotas amostrais.";"O público pesquisado é composto por eleitores de 16 anos ou mais residentes na área de abrangência da pesquisa. Para produzir uma amostra representativa desse público-alvo, utilizamos um desenho amostral por conglomerados que prevê três estágios. No primeiro estágio, é feito um sorteio probabilístico de municípios para comporem a amostra por meio do método PPT (Probabilidade Proporcional ao Tamanho) a partir de suas populações votantes acima de 16 anos. Dentro da lista de municípios sorteados, no segundo estágio, é realizado um sorteio probabilístico por meio do método PPT (Probabilidade Proporcional ao Tamanho) de setores censitários a serem visitados pelos entrevistadores, sorteio que tem como base o total de habitantes residentes nos setores de acordo com dados do Censo de 2022, o que garante a dispersão aleatória e estatística da amostra dentro dos territórios municipais, independentemente de divisões administrativas. Finalmente, dentro da lista de setores censitários sorteados, no último estágio são selecionados domicílios e pessoas a serem entrevistadas utilizando-se cotas amostrais para as seguintes variáveis: sexo, idade, renda familiar e escolaridade. O perfil da amostra, definido pelas cotas previstas, é o seguinte:

Sexo: Masculino (47%); Feminino (53%). 
Faixa etária: 16-34 anos (29%); 35-59 anos (47%); 60 ou mais (24%). 
Renda domiciliar total, incluindo pensões, benefícios e rendimentos de trabalhos informais: Até 2 salários-mínimos (28%); Mais de 2 a 5 salários-mínimos (47%); Mais de 5 salários-mínimos (25%). 
Nível de instrução: Até Fundamental completo ou médio incompleto (44%); Médio completo ou superior incompleto (37%); Superior completo ou mais (19%). 

Fonte dos dados: para a distribuição de sexo e idade, TSE-Tribunal Superior Eleitoral - março/2026; para a malha de setores censitários, Censo 2022 (IBGE); para a distribuição de renda domiciliar, PNADc Anual 2024, 5a visita (IBGE); e, para a distribuição de escolaridade/instrução, PNADc trimestral 4-2025 (IBGE). A PNADc é utilizada por ser a fonte oficial mais atualizada de rendimentos do país, incluindo rendimentos informais, pensões, entre outros, e corrigindo as defasagens temporais do Censo 2022, além de ser a fonte mais atualizada de nível de instrução da população com 16 anos ou mais dada ausência de atualização obrigatória da escolaridade no registro de eleitores do TSE.

Está prevista eventual pós-estratificação da amostra, por meio de algoritmos de calibração (rake) e modelos (MrP), para correção de estimativas e das distribuições das variáveis sexo, idade, renda familiar e escolaridade, com base nos percentuais anteriormente mencionados, caso ocorram diferenças entre os percentuais previstos na amostra e a coleta de dados realizada. 

Dentro do público-alvo anteriormente descrito, serão realizadas 1.104 entrevistas. O nível de confiança das estimativas é de 95% e a margem de erro máxima prevista, atendendo às diretivas do TSE e usando o cálculo para amostra aleatória simples (AAS) como aproximação, é de cerca de 3 pontos percentuais para mais ou para menos em relação aos totais da amostra.";"As entrevistas serão realizadas por uma equipe de entrevistadores devidamente qualificada, com experiência e treinamento em pesquisa de opinião pública. Todo trabalho é feito em tablets ou outros dispositivos eletrônicos. Após a realização da coleta de dados, as entrevistas junto aos respondentes são checadas por meio de procedimentos de consistência e de georreferenciamento dos locais de aplicação em tempo real. Adicionalmente, ao longo e após os trabalhos de campo, é realizada uma fiscalização que consiste na checagem de áudio de uma amostra de 30% dos questionários aplicados para verificação das respostas e da adequação dos entrevistados aos parâmetros amostrais.";"A área de abrangência da coleta é o território do estado do Espírito Santo. A relação do número de pessoas pesquisadas nas áreas de aplicação da pesquisa, discriminadas por município, bairros e setores censitários a partir dos identificadores utilizados pelo IBGE, além da composição do eleitorado entrevistado na área de abrangência quanto a gênero, idade, grau de instrução e nível econômico, constará em anexo. O mapa com os códigos destes setores censitários e as áreas que delimitam no país todo podem ser conferidos na seguinte fonte oficial: https://censo2022.ibge.gov.br/panorama/mapas.html?localidade=&recorte=setores_censitarios"
"28/09/2026";"05:46:54";2026;81;"Eleições Gerais 2026";"ES";"ES";"ESPÍRITO SANTO";"ES044822026";"2026-07-16 21:20:40";"S";"22345021000181";"REAL TIME MIDIA LTDA";"REAL TIME BIG DATA";"Governador, Senador";"2026-07-20 00:00:00";"2026-07-21 00:00:00";"2026-07-22 00:00:00";1600;"10839";"Isabela Zara Cremoneze";"24000,00";"Pesquisa quantitativa, que consiste na realização de entrevistas com eleitores do universo a ser explorado, feitas em combinação mista por entrevistadores humanos e recursos de inteligência artificial, com a aplicação de questionário estruturado com abordagens telefônicas e digitais junto a uma amostra representativa do eleitorado em estudo. Pesquisa realizada no Estado do Espírito Santo (ES).";"Representativo do eleitorado da área em estudo, elaborada em três estágios. 
No primeiro estágio, realiza-se um sorteio probabilístico dos municípios onde as entrevistas serão realizadas, pelo método PPT (Probabilidade Proporcional ao Tamanho), tomando a população eleitora de 16 anos ou mais residente nos municípios como base para essa seleção.
No segundo estágio, efetua-se um sorteio probabilístico das localidades dentro dos municípios selecionados, também pelo método PPT (Probabilidade Proporcional ao Tamanho), considerando a população eleitora de 16 anos ou mais residente nessas localidades como base para a seleção.
No terceiro e último estágio, dentro das localidades sorteadas, os respondentes são selecionados por meio de quotas amostrais proporcionais, em função de variáveis significativas, a saber:

Atualizando com os valores da imagem:
GÊNERO:
Feminino: 52,80%;
Masculino: 47,20%.
(Fonte: TSE, Junho/2026 -- https://sig.tse.jus.br/ords/dwapr/r/seai/sig-eleitor-eleitorado-mensal/cruzamento-eleitorado-mensal?p24_metricas=E&p24_back=22&p24_cruzamento_1=ds_sexo&clear=24&session=100249716079644)
FAIXA ETÁRIA:
16 anos: 0,28%;
17 anos: 0,60%;
18 a 20 anos: 3,88%;
21 a 24 anos: 6,39%;
25 a 34 anos: 18,21%;
35 a 44 anos: 20,23%;
45 a 59 anos: 26,06%;
60 a 69 anos: 13,38%;
70 a 79 anos: 7,66%;
Superior a 79 anos: 3,31%.
(Fonte: TSE, Junho/2026 -- https://sig.tse.jus.br/ords/dwapr/r/seai/sig-eleitor-eleitorado-mensal/cruzamento-eleitorado-mensal?p24_cruzamento_1=ds_faixa_etaria&p24_metricas=E&p24_back=22&clear=24&session=100249716079644)
ESCOLARIDADE:
Analfabeto: 3,45%;
Lê e Escreve: 5,11%;
Ensino Fundamental Incompleto: 23,20%;
Ensino Fundamental Completo: 6,76%;
Ensino Médio Incompleto: 18,29%;
Ensino Médio Completo: 27,16%;
Ensino Superior Incompleto: 4,83%;
Ensino Superior Completo: 11,20%.
(Fonte: TSE, Junho/2026 -- https://sig.tse.jus.br/ords/dwapr/r/seai/sig-eleitor-eleitorado-mensal/cruzamento-eleitorado-mensal?p24_cruzamento_1=ds_grau_instrucao&p24_metricas=E&p24_back=22&clear=24&session=100249716079644)
)
RENDA DOMICILIAR MENSAL:
Sem rendimento: 3,26%;
Até 1/2 Salário Mínimo: 2,08%;
Mais de 1/2 a 1 Salário Mínimo: 14,11%;
Mais de 1 a 2 Salários Mínimos: 23,79%;
Mais de 2 a 5 Salários Mínimos: 35,34%;
Mais de 5 a 10 Salários Mínimos: 13,80%;
Mais de 10 a 20 Salários Mínimos: 5,43%;
Mais de 20 Salários Mínimos: 2,20%;
(Fonte: IBGE (CENSO-2010) -- https://cidades.ibge.gov.br/brasil/es/pesquisa/23/24304?detalhes=true)

Observação: De acordo com informações do Instituto Brasileiro de Geografia e Estatística (IBGE), não há previsão de data para a divulgação do perfil econômico da população brasileira do CENSO 2022. Portanto, os dados sobre o nível econômico obtidos no Censo 2022 não podem ser utilizados, pois ainda não foram publicados.
Está prevista eventual ponderação para correção das variáveis sexo e idade, com base nos percentuais anteriormente mencionados, caso ocorram diferenças superiores a 3 pontos percentuais entre o previsto na amostra e a coleta de dados realizada. Para as variáveis de grau de instrução e nível econômico do entrevistado, o fator previsto para ponderação é 1 (resultados obtidos em campo). O nível de confiança estimado é de 95% e a margem de erro máxima estimada considerando um modelo de amostragem aleatório simples, é de aproximadamente 2 (dois) pontos percentuais para mais ou para menos sobre os resultados encontrados no total da amostra.
";"O trabalho de coleta de dados é acompanhado por supervisores humanos. São selecionados aleatoriamente 15% (quinze por cento) dos questionários para uma verificação posterior e, em caso de dúvida, o formulário é descartado e o responsável pela coleta chamado para esclarecimentos. Há uma equipe especializada que confere os dados à exaustão com objetivo de averiguar e aferir os resultados coletados";"O anexo do arquivo com os bairros será realizado até o dia seguinte da divulgação conforme indicado no §7º. do art. 2º. da Resolução-TSE nº. 23.600/2019.

"
"28/09/2026";"05:46:54";2026;81;"Eleições Gerais 2026";"ES";"ES";"ESPÍRITO SANTO";"ES050962026";"2026-08-21 15:46:18";"S";"22345021000181";"REAL TIME MIDIA LTDA";"REAL TIME BIG DATA";"Governador, Senador";"2026-08-22 00:00:00";"2026-08-26 00:00:00";"2026-08-27 00:00:00";1600;"10839";"Isabela Zara Cremoneze";"24000,00";"Pesquisa quantitativa, que consiste na realização de entrevistas com eleitores do universo a ser explorado, feitas em combinação mista por entrevistadores humanos e recursos de inteligência artificial, com a aplicação de questionário estruturado com abordagens telefônicas e digitais junto a uma amostra representativa do eleitorado em estudo. Pesquisa realizada no Estado do Espírito Santo (ES).";"Representativo do eleitorado da área em estudo, elaborada em três estágios. 
No primeiro estágio, realiza-se um sorteio probabilístico dos municípios onde as entrevistas serão realizadas, pelo método PPT (Probabilidade Proporcional ao Tamanho), tomando a população eleitora de 16 anos ou mais residente nos municípios como base para essa seleção.
No segundo estágio, efetua-se um sorteio probabilístico das localidades dentro dos municípios selecionados, também pelo método PPT (Probabilidade Proporcional ao Tamanho), considerando a população eleitora de 16 anos ou mais residente nessas localidades como base para a seleção.
No terceiro e último estágio, dentro das localidades sorteadas, os respondentes são selecionados por meio de quotas amostrais proporcionais, em função de variáveis significativas, a saber:

Atualizando com os valores da imagem:
GÊNERO:
Feminino: 52,80%;
Masculino: 47,20%.
(Fonte: TSE, Julho/2026 -- https://sig.tse.jus.br/ords/dwapr/r/seai/sig-eleitor-eleitorado-mensal/cruzamento-eleitorado-mensal?p24_metricas=E&p24_back=22&p24_cruzamento_1=ds_sexo&clear=24&session=100249716079644)
FAIXA ETÁRIA:
16 anos: 0,22%;
17 anos: 0,46%;
18 a 20 anos: 3,71%;
21 a 24 anos: 6,36%;
25 a 34 anos: 18,15%;
35 a 44 anos: 20,11%;
45 a 59 anos: 26,23%;
60 a 69 anos: 13,49%;
70 a 79 anos: 7,83%;
Superior a 79 anos: 3,43%.
(Fonte: TSE, Julho/2026 -- https://sig.tse.jus.br/ords/dwapr/r/seai/sig-eleitor-eleitorado-mensal/cruzamento-eleitorado-mensal?p24_cruzamento_1=ds_faixa_etaria&p24_metricas=E&p24_back=22&clear=24&session=100249716079644)
ESCOLARIDADE:
Analfabeto: 3,45%;
Lê e Escreve: 5,11%;
Ensino Fundamental Incompleto: 23,20%;
Ensino Fundamental Completo: 6,76%;
Ensino Médio Incompleto: 18,29%;
Ensino Médio Completo: 27,16%;
Ensino Superior Incompleto: 4,83%;
Ensino Superior Completo: 11,20%.
(Fonte: TSE, Julho/2026 -- https://sig.tse.jus.br/ords/dwapr/r/seai/sig-eleitor-eleitorado-mensal/cruzamento-eleitorado-mensal?p24_cruzamento_1=ds_grau_instrucao&p24_metricas=E&p24_back=22&clear=24&session=100249716079644)
)
RENDA DOMICILIAR MENSAL:
Sem rendimento: 3,26%;
Até 1/2 Salário Mínimo: 2,08%;
Mais de 1/2 a 1 Salário Mínimo: 14,11%;
Mais de 1 a 2 Salários Mínimos: 23,79%;
Mais de 2 a 5 Salários Mínimos: 35,34%;
Mais de 5 a 10 Salários Mínimos: 13,80%;
Mais de 10 a 20 Salários Mínimos: 5,43%;
Mais de 20 Salários Mínimos: 2,20%;
(Fonte: IBGE (CENSO-2010) -- https://cidades.ibge.gov.br/brasil/es/pesquisa/23/24304?detalhes=true)

Observação: De acordo com informações do Instituto Brasileiro de Geografia e Estatística (IBGE), não há previsão de data para a divulgação do perfil econômico da população brasileira do CENSO 2022. Portanto, os dados sobre o nível econômico obtidos no Censo 2022 não podem ser utilizados, pois ainda não foram publicados.
Está prevista eventual ponderação para correção das variáveis sexo e idade, com base nos percentuais anteriormente mencionados, caso ocorram diferenças superiores a 3 pontos percentuais entre o previsto na amostra e a coleta de dados realizada. Para as variáveis de grau de instrução e nível econômico do entrevistado, o fator previsto para ponderação é 1 (resultados obtidos em campo). O nível de confiança estimado é de 95% e a margem de erro máxima estimada considerando um modelo de amostragem aleatório simples, é de aproximadamente 2 (dois) pontos percentuais para mais ou para menos sobre os resultados encontrados no total da amostra.
";"O trabalho de coleta de dados é acompanhado por supervisores humanos. São selecionados aleatoriamente 15% (quinze por cento) dos questionários para uma verificação posterior e, em caso de dúvida, o formulário é descartado e o responsável pela coleta chamado para esclarecimentos. Há uma equipe especializada que confere os dados à exaustão com objetivo de averiguar e aferir os resultados coletados.";"O anexo do arquivo com os bairros será realizado até o dia seguinte da divulgação conforme indicado no §7º. do art. 2º. da Resolução-TSE nº. 23.600/2019."
"28/09/2026";"05:46:54";2026;81;"Eleições Gerais 2026";"ES";"ES";"ESPÍRITO SANTO";"ES019782026";"2026-09-19 16:48:26";"N";"22445600000104";"QUAEST PESQUISAS, CONSULTORIA E PROJETOS LTDA.";"#NULO#";"Governador, Senador";"2026-09-21 00:00:00";"2026-09-24 00:00:00";"2026-09-25 00:00:00";804;"6731";"Margarida Maria de Mendonca";"95877,00";"Pesquisa quantitativa, de survey, que consiste na realização de entrevistas pessoais, domiciliares e presenciais, conduzidas por profissionais treinados, com a aplicação de questionários estruturados a uma amostra representativa da população votante de 16 anos ou mais residente no estado do Espírito Santo. O desenho amostral aplicado combina sorteio probabilístico de municípios e de setores censitários fornecidos pelo IBGE (unidades territoriais homogêneas, de tamanho similar a quadras ou blocos), dentro dos quais serão selecionadas pessoas respondentes por meio de cotas amostrais.";"O público pesquisado é composto por eleitores de 16 anos ou mais residentes na área de abrangência da pesquisa. Para produzir uma amostra representativa desse público-alvo, utilizamos um desenho amostral por conglomerados que prevê três estágios. No primeiro estágio, é feito um sorteio probabilístico de municípios para comporem a amostra por meio do método PPT (Probabilidade Proporcional ao Tamanho) a partir de suas populações votantes acima de 16 anos. Dentro da lista de municípios sorteados, no segundo estágio, é realizado um sorteio probabilístico por meio do método PPT (Probabilidade Proporcional ao Tamanho) de setores censitários a serem visitados pelos entrevistadores, sorteio que tem como base o total de habitantes residentes nos setores de acordo com dados do Censo de 2022, o que garante a dispersão aleatória e estatística da amostra dentro dos territórios municipais, independentemente de divisões administrativas. Finalmente, dentro da lista de setores censitários sorteados, no último estágio são selecionados domicílios e pessoas a serem entrevistadas utilizando-se cotas amostrais para as seguintes variáveis: sexo, idade, renda familiar e escolaridade. O perfil da amostra, definido pelas cotas previstas, é o seguinte:

Sexo: Masculino (47%); Feminino (53%).
Faixa etária: 16-34 anos (29%); 35-59 anos (46%); 60 ou mais (25%).
Renda domiciliar total, incluindo pensões, benefícios e rendimentos de trabalhos informais: Até 2 salários-mínimos (28%); Mais de 2 a 5 salários-mínimos (46%); Mais de 5 salários-mínimos (26%).
Nível de instrução: Até Fundamental completo ou médio incompleto (44%); Médio completo ou superior incompleto (38%); Superior completo ou mais (18%).

Fonte dos dados: para a distribuição de sexo e idade, TSE-Tribunal Superior Eleitoral - agosto/2026; para a malha de setores censitários, Censo 2022 (IBGE); para a distribuição de renda domiciliar, PNADc Anual 2025, 1ª visita (IBGE); e, para a distribuição de escolaridade/instrução, PNADc trimestral 2-2026 (IBGE). A PNADc é utilizada por ser a fonte oficial mais atualizada de rendimentos do país, incluindo rendimentos informais, pensões, entre outros, e corrigindo as defasagens temporais do Censo 2022, além de ser a fonte mais atualizada de nível de instrução da população com 16 anos ou mais dada ausência de atualização obrigatória da escolaridade no registro de eleitores do TSE.

Está prevista eventual pós-estratificação da amostra, por meio de algoritmos de calibração (rake) e modelos (MrP), para correção (1) de estimativas e (2) das distribuições de variáveis que medem o perfil da população.

Dentro do público-alvo anteriormente descrito, serão realizadas 804 entrevistas. O nível de confiança das estimativas é de 95% e a margem de erro máxima prevista, atendendo às diretivas do TSE e usando o cálculo para amostra aleatória simples (AAS) como aproximação, é de cerca de 3 pontos percentuais para mais ou para menos em relação aos totais da amostra.";"As entrevistas serão realizadas por uma equipe de entrevistadores devidamente qualificada, com experiência e treinamento em pesquisa de opinião pública. Todo trabalho é feito em tablets ou outros dispositivos eletrônicos. Após a realização da coleta de dados, as entrevistas junto aos respondentes são checadas por meio de procedimentos de consistência e de georreferenciamento dos locais de aplicação em tempo real. Adicionalmente, ao longo e após os trabalhos de campo, é realizada uma fiscalização que consiste na checagem de áudio de uma amostra de 30% dos questionários aplicados para verificação das respostas e da adequação dos entrevistados aos parâmetros amostrais.";"A área de abrangência da coleta é o território do estado do Espírito Santo. A relação do número de pessoas pesquisadas nas áreas de aplicação da pesquisa, discriminadas por município, bairros e setores censitários a partir dos identificadores utilizados pelo IBGE, além da composição do eleitorado entrevistado na área de abrangência quanto a gênero, idade, grau de instrução e nível econômico, constará em anexo. O mapa com os códigos destes setores censitários e as áreas que delimitam no país todo podem ser conferidos na seguinte fonte oficial: https://censo2022.ibge.gov.br/panorama/mapas.html?localidade=&recorte=setores_censitarios"
"28/09/2026";"05:46:54";2026;81;"Eleições Gerais 2026";"ES";"ES";"ESPÍRITO SANTO";"ES084692026";"2026-05-21 22:11:14";"S";"00654576000172";"INSTITUTO VERITA LTDA";"VERITA";"Governador, Senador";"2026-05-22 00:00:00";"2026-05-26 00:00:00";"2026-05-27 00:00:00";1220;"10699";"GUILHERME ALVARENGA LAIA";"93940,00";"Pesquisa quantitativa, que consiste na realização de entrevistas, com a aplicação de questionário estruturado junto a uma amostra representativa do eleitorado desta Unidade da Federação.";"ESTUDO REPRESENTATIVO DO ELEITORADO DO ESTADO DO ESPÍRITO SANTO - MÉTODO PPT (Probabilidade Proporcional ao Tamanho) - PLANO AMOSTRAL E PONDERAÇÃO QUANTO A SEXO, IDADE, GRAU DE INSTRUÇÃO E NÍVEL ECONÔMICO DO ENTREVISTADO; INTERVALO DE CONFIANÇA E MARGEM DE ERRO: Representativo do eleitorado da área em estudo, elaborada, em vários estágios, da seguinte forma: - 1. Divisão da UF em estratos proporcionais de municípios. 2. Ordenação dos municípios de cada estrato segundo o porte. 3. Sorteio dos municípios de cada estrato. 4. Os respondentes são selecionados através de quotas amostrais proporcionais em função de variáveis significativas, a saber: GÊNERO / FAIXA ETÁRIA - FEMININO E MASCULINO 16 A 34 ANOS 15,1% E 13,9%, 35 A 54 ANOS 20,3% E 18,5%, 55 ANOS OU MAIS 17,3% E 14,8%. GRAU DE INSTRUÇÃO ¿ FEMININO E MASCULINO Sem instrução até Ensino Médio completo 61,9%, Ensino superior incompleto e completo 38,1% NÍVEL ECONÔMICO - FEMININO população não economicamente ativa 46,5% população economicamente ativa 53,5% MASCULINO população não economicamente ativa 27,2% população economicamente ativa 72,8%. RENDA FAMILIAR DO DOMICÍLIO renda familiar de até 2 salários-mínimos 30,7%; de 2 a 5 salários-mínimos 44,2%, acima de 5 salários-mínimos 25,1%. Está prevista eventual ponderação para correção das variáveis, com base nos percentuais anteriormente mencionados, caso ocorram diferenças superiores a margem de erro da pesquisa previsto entre a amostra e a coleta de dados realizada. O fator previsto para ponderação é 1 (resultados obtidos na coleta de dados). O intervalo de confiança estimado é de 95% e a margem de erro máxima estimada considerando um modelo de amostragem aleatório simples, é de aproximadamente 3 pontos percentuais para mais ou para menos sobre os resultados encontrados no total da amostra. FONTE DOS DADOS: IBGE/Censo 2022 para fins de densidade demográfica, setores censitários e alocação da amostra. IBGE/PNAD/PNADC/MEC/INEP para fins de Nível Econômico e Escolaridade. TSE FEVEREIRO/2026 para fins de Sexo, Faixa Etária e eleitorado por município ou regiões previamente definidas (importante ressaltar para o público leigo que os dados do TSE são os únicos corretos para gênero, idade dos eleitores e quantitativo de eleitores por municípios já que a base de dados se atualiza automaticamente, PORÉM, dados de escolaridade e nível econômico NÃO são corretos e confiáveis devido a desatualização que ocorre naturalmente com o passar dos anos). Definição de margem de erro e intervalo de confiança: Margem de erro e intervalo de confiança não são grandezas diretamente proporcionais. A SOMA NÃO TEM QUE RESULTAR 100%. ";"Após os trabalhos de coleta de dados, os questionários são submetidos a uma fiscalização, conferência e checagem de cerca de 20% (vinte por cento) dos questionários aplicados.";"A relação dos municípios sorteados ou selecionados para esta pesquisa será apresentada em arquivo anexo até 1 (um) dia após a divulgação desta pesquisa conforme §7º. do art. 2º. da Resolução-TSE nº. 23.600/2019. A área de abrangência desta pesquisa é o Estado DO ESPÍRITO SANTO"
"28/09/2026";"05:46:54";2026;81;"Eleições Gerais 2026";"ES";"ES";"ESPÍRITO SANTO";"ES013612026";"2026-09-05 12:31:00";"S";"00654576000172";"INSTITUTO VERITA LTDA";"VERITA";"Governador, Senador";"2026-09-05 00:00:00";"2026-09-10 00:00:00";"2026-09-11 00:00:00";1220;"10699";"Guilherme Alvarenga Laia";"93940,00";"Estudo quantitativo voltado às Eleições 2026, realizado por meio de entrevistas individuais, aplicadas mediante questionário eletrônico estruturado e Unidade Automatizada de Respostas Audíveis e Auditáveis, por meio de ligações para telefones móveis (celulares). A inteligência artificial é empregada exclusivamente para a transcrição automatizada das respostas em áudio, não interferindo na formulação das perguntas, na condução das entrevistas, na coleta das informações, na interpretação das respostas ou no tratamento estatístico dos dados.

A participação dos eleitores é voluntária, espontânea e não remunerada. As respostas são prestadas por autodeclaração, sendo, em sua maioria, registradas por meio de códigos numéricos correspondentes às alternativas previamente definidas no questionário.

A utilização de sistema eletrônico automatizado para a coleta e o registro das respostas proporciona elevado nível de padronização operacional, reduz a possibilidade de interferência humana durante a realização das entrevistas, amplia a rastreabilidade e a auditabilidade de todo o processo de coleta e contribui para maior precisão, consistência e confiabilidade dos dados obtidos.

O plano amostral foi elaborado para assegurar a representatividade estatística do eleitorado da respectiva Unidade da Federação, observando critérios técnicos de seleção, distribuição e ponderação da amostra, quando aplicáveis.";"A pesquisa foi planejada para produzir uma amostra estatisticamente representativa do eleitorado do estado DO ESPÍRITO SANTO, utilizando o método de Probabilidade Proporcional ao Tamanho (PPT), com plano amostral em múltiplos estágios. Na primeira etapa, esta Unidade da Federação é dividida em macrorregiões, de forma a assegurar adequada distribuição territorial da amostra e representação das diferentes características geográficas, demográficas e eleitorais. Na segunda etapa, os municípios de cada estrato são ordenados segundo seu porte populacional e eleitoral e sorteados. Na terceira etapa, os respondentes são selecionados entre os eleitores aptos residentes nos municípios sorteados, observando-se a distribuição proporcional da amostra e as cotas estabelecidas para as variáveis de sexo, faixa etária, grau de instrução e nível econômico. As cotas são estabelecidas para a pesquisa completa, considerando a composição do eleitorado e os parâmetros oficiais de referência, não sendo aplicadas isoladamente a cada município selecionado.

SEXO E FAIXA ETÁRIA - Fonte: Tribunal Superior Eleitoral (TSE), Perfil do Eleitorado, junho de 2026. Feminino de 16 a 34 anos: 15,4%; Masculino de 16 a 34 anos: 14,1%; Feminino de 35 a 54 anos: 20,1%; Masculino de 35 a 54 anos: 18,3%; Feminino com 55 anos ou mais: 17,3%; Masculino com 55 anos ou mais: 14,7%. Os parâmetros de sexo e idade têm como referência o cadastro eleitoral brasileiro atualizado pelo Tribunal Superior Eleitoral, considerando o universo de eleitores aptos com 16 anos ou mais.

GRAU DE INSTRUÇÃO - Fonte: IBGE - PNAD Contínua Anual 2025. A distribuição é: sem instrução 3,7%; ensino fundamental incompleto ou equivalente 26,1%; ensino fundamental completo ou equivalente 8,5%; ensino médio incompleto ou equivalente 7,6%; ensino médio completo ou equivalente 30,9%; ensino superior incompleto ou equivalente 5,1%; ensino superior completo 18,1%. Para não confundir os respondentes as faixas de escolaridade no questionário foram agrupadas em 3 faixas: até ensino fundamental incompleto e completo, ensino médio incompleto e completo e superior incompleto, completo ou mais. A PNAD Contínua é utilizada como referência por constituir a fonte oficial mais atualizada para a mensuração do nível de instrução da população brasileira, sua utilização também corrige limitações decorrentes da ausência de atualização obrigatória e contínua das informações de escolaridade no cadastro eleitoral do Tribunal Superior Eleitoral.

NÍVEL ECONÔMICO - RENDA FAMILIAR DO DOMICÍLIO - Fonte: IBGE - PNAD Contínua Anual 2025. Considera-se a renda domiciliar total, compreendendo rendimentos provenientes de trabalho formal e informal, aposentadorias, pensões, benefícios sociais e demais fontes de renda existentes no domicílio. observando-se a seguinte distribuição: renda familiar de até 2 salários-mínimos 42,5%; de 2 a 5 salários-mínimos 38,3%, acima de 5 salários-mínimos 19,2%.

PONDERAÇÃO E CALIBRAÇÃO DA AMOSTRA - Prevê-se eventual ponderação das variáveis de sexo, faixa etária, grau de instrução e nível econômico, caso sejam verificadas diferenças relevantes entre a distribuição da amostra efetivamente coletada e os parâmetros populacionais de referência adotados. Inicialmente, o fator de ponderação é igual a 1 (um), podendo ser recalculado sempre que necessário para assegurar a representatividade estatística da amostra.
INTERVALO DE CONFIANÇA E MARGEM DE ERRO - O intervalo de confiança adotado é de 95%, com margem máxima estimada de erro de aproximadamente 3 pontos percentuais, para mais ou para menos, sobre os resultados do total da amostra, calculada segundo o modelo de amostragem aleatória simples e a hipótese de máxima variabilidade.";"Após os trabalhos de coleta de dados, os questionários são submetidos a uma fiscalização, conferência e checagem de cerca de 20% (vinte por cento) dos questionários aplicados. Todas as entrevistas são integralmente registradas em áudio, permanecendo auditáveis e rastreáveis, permitindo a verificação da integridade do processo de coleta, preservado o sigilo das informações pessoais dos entrevistados e observadas as disposições da Lei Geral de Proteção de Dados Pessoais (Lei nº 13.709/2018).";"Em observância ao art. 2º, § 7º, da Resolução TSE nº 23.600/2019, com redação dada pela Resolução TSE nº 23.747/2026, a presente pesquisa terá seu registro complementado no Sistema de Registro de Pesquisas Eleitorais a partir da data em que sua divulgação for permitida e até o dia seguinte, com a identificação dos municípios em que foram realizadas as entrevistas, bem como da composição final da amostra quanto a gênero, idade, grau de instrução e nível econômico, na forma exigida pela legislação eleitoral vigente."
"28/09/2026";"05:46:54";2026;81;"Eleições Gerais 2026";"ES";"ES";"ESPÍRITO SANTO";"ES044442026";"2026-08-21 10:54:20";"N";"22445600000104";"QUAEST PESQUISAS, CONSULTORIA E PROJETOS LTDA.";"#NULO#";"Governador, Senador";"2026-08-23 00:00:00";"2026-08-26 00:00:00";"2026-08-27 00:00:00";804;"6731";"Margarida Maria de Mendonca";"95877,00";"Pesquisa quantitativa, de survey, que consiste na realização de entrevistas pessoais, domiciliares e presenciais, conduzidas por profissionais treinados, com a aplicação de questionários estruturados a uma amostra representativa da população votante de 16 anos ou mais residente no estado do Espírito Santo. O desenho amostral aplicado combina sorteio probabilístico de municípios e de setores censitários fornecidos pelo IBGE (unidades territoriais homogêneas, de tamanho similar a quadras ou blocos), dentro dos quais serão selecionadas pessoas respondentes por meio de cotas amostrais.";"O público pesquisado é composto por eleitores de 16 anos ou mais residentes na área de abrangência da pesquisa. Para produzir uma amostra representativa desse público-alvo, utilizamos um desenho amostral por conglomerados que prevê três estágios. No primeiro estágio, é feito um sorteio probabilístico de municípios para comporem a amostra por meio do método PPT (Probabilidade Proporcional ao Tamanho) a partir de suas populações votantes acima de 16 anos. Dentro da lista de municípios sorteados, no segundo estágio, é realizado um sorteio probabilístico por meio do método PPT (Probabilidade Proporcional ao Tamanho) de setores censitários a serem visitados pelos entrevistadores, sorteio que tem como base o total de habitantes residentes nos setores de acordo com dados do Censo de 2022, o que garante a dispersão aleatória e estatística da amostra dentro dos territórios municipais, independentemente de divisões administrativas. Finalmente, dentro da lista de setores censitários sorteados, no último estágio são selecionados domicílios e pessoas a serem entrevistadas utilizando-se cotas amostrais para as seguintes variáveis: sexo, idade, renda familiar e escolaridade. O perfil da amostra, definido pelas cotas previstas, é o seguinte:

Sexo: Masculino (47%); Feminino (53%). 
Faixa etária: 16-34 anos (29%); 35-59 anos (46%); 60 ou mais (25%). 
Renda domiciliar total, incluindo pensões, benefícios e rendimentos de trabalhos informais: Até 2 salários-mínimos (28%); Mais de 2 a 5 salários-mínimos (46%); Mais de 5 salários-mínimos (26%). 
Nível de instrução: Até Fundamental completo ou médio incompleto (44%); Médio completo ou superior incompleto (38%); Superior completo ou mais (18%). 

Fonte dos dados: para a distribuição de sexo e idade, TSE-Tribunal Superior Eleitoral - julho/2026; para a malha de setores censitários, Censo 2022 (IBGE); para a distribuição de renda domiciliar, PNADc Anual 2025, 1ª visita (IBGE); e, para a distribuição de escolaridade/instrução, PNADc trimestral 1-2026 (IBGE). A PNADc é utilizada por ser a fonte oficial mais atualizada de rendimentos do país, incluindo rendimentos informais, pensões, entre outros, e corrigindo as defasagens temporais do Censo 2022, além de ser a fonte mais atualizada de nível de instrução da população com 16 anos ou mais dada ausência de atualização obrigatória da escolaridade no registro de eleitores do TSE.

Está prevista eventual pós-estratificação da amostra, por meio de algoritmos de calibração (rake) e modelos (MrP), para correção de estimativas e das distribuições das variáveis sexo, idade, renda familiar e escolaridade, com base nos percentuais anteriormente mencionados, caso ocorram diferenças entre os percentuais previstos na amostra e a coleta de dados realizada. 

Dentro do público-alvo anteriormente descrito, serão realizadas 804 entrevistas. O nível de confiança das estimativas é de 95% e a margem de erro máxima prevista, atendendo às diretivas do TSE e usando o cálculo para amostra aleatória simples (AAS) como aproximação, é de cerca de 3 pontos percentuais para mais ou para menos em relação aos totais da amostra.";"As entrevistas serão realizadas por uma equipe de entrevistadores devidamente qualificada, com experiência e treinamento em pesquisa de opinião pública. Todo trabalho é feito em tablets ou outros dispositivos eletrônicos. Após a realização da coleta de dados, as entrevistas junto aos respondentes são checadas por meio de procedimentos de consistência e de georreferenciamento dos locais de aplicação em tempo real. Adicionalmente, ao longo e após os trabalhos de campo, é realizada uma fiscalização que consiste na checagem de áudio de uma amostra de 30% dos questionários aplicados para verificação das respostas e da adequação dos entrevistados aos parâmetros amostrais.";"A área de abrangência da coleta é o território do estado do Espírito Santo. A relação do número de pessoas pesquisadas nas áreas de aplicação da pesquisa, discriminadas por município, bairros e setores censitários a partir dos identificadores utilizados pelo IBGE, além da composição do eleitorado entrevistado na área de abrangência quanto a gênero, idade, grau de instrução e nível econômico, constará em anexo. O mapa com os códigos destes setores censitários e as áreas que delimitam no país todo podem ser conferidos na seguinte fonte oficial: https://censo2022.ibge.gov.br/panorama/mapas.html?localidade=&recorte=setores_censitarios"
"28/09/2026";"05:46:54";2026;81;"Eleições Gerais 2026";"ES";"ES";"ESPÍRITO SANTO";"ES025302026";"2026-08-22 20:07:09";"S";"81908345000140";"INSTITUTO PARANA DE PESQUISAS E ANALISE DE CONSUMIDOR LTDA";"#NULO#";"Governador, Senador";"2026-08-22 00:00:00";"2026-08-26 00:00:00";"2026-08-28 00:00:00";1504;"10245 - 4ª";"Tatiani Cristina Ara";"45000,00";"Pesquisa com metodologia quantitativa, com a realização de entrevistas pessoais, domiciliares e presenciais, utilizando questionário estruturado junto a uma amostra representativa do eleitorado do Estado do Espírito Santo.


";"""A amostra será representativa do eleitorado da área pesquisada e será selecionada em três etapas. Na primeira etapa realiza-se um sorteio probabilístico dos municípios onde as entrevistas serão realizadas através do método PPT (Probabilidade Proporcional ao Tamanho), considerando a população eleitora com 16 anos ou mais residente nos municípios como base para essa seleção. Na segunda etapa, faz-se um sorteio probabilístico das localidades, onde as entrevistas serão realizadas, através do método PPT (Probabilidade Proporcional ao Tamanho), tomando a população eleitora de 16 anos ou mais residente nas localidades como base para essa seleção. Na terceira etapa, a seleção do entrevistado dentro da localidade, será feita utilizando-se quotas amostrais proporcionais, em função das seguintes variáveis:
GÊNERO: TSE Julho 2026 (https://sig.tse.jus.br/ords/dwapr/r/seai/sig-eleitor-eleitorado-mensal/cruzamento-eleitorado-mensal?p24_metricas=E&p24_back=22&p24_cruzamento_1=ds_sexo&clear=24&p0_uf=ES&p0_mes=7&debug=LEVEL5&session=312990078978641)
Masculino - 47%; |
Feminino - 53%; |
FAIXA ETÁRIA: TSE Julho 2026 (https://sig.tse.jus.br/ords/dwapr/r/seai/sig-eleitor-eleitorado-mensal/cruzamento-eleitorado-mensal?p24_cruzamento_1=ds_faixa_etaria&p24_metricas=E&p24_back=22&clear=24&p0_uf=ES&p0_mes=7&debug=LEVEL5&session=8904950028837) 
Entre 16 e 24 anos: 11%; |
Entre 25 e 34 anos: 18%; |
Entre 35 e 44 anos: 20%; |
Entre 45 e 59 anos: 26%; |
Com 60 anos ou mais: 25%; |
ESCOLARIDADE: TSE Julho 2026 (https://sig.tse.jus.br/ords/dwapr/r/seai/sig-eleitor-eleitorado-mensal/cruzamento-eleitorado-mensal?p24_cruzamento_1=ds_grau_instrucao&p24_metricas=E&p24_back=22&clear=24&p0_uf=ES&p0_mes=7&debug=LEVEL5&session=309383598034615) Observação: Conforme informações obtidas no site do Tribunal Superior Eleitoral, o TSE, (https://dadosabertos.tse.jus.br/group/about/eleitorado) """"Os registros de grau de escolaridade podem apresentar dados defasados, pois refletem a situação do eleitor na ocasião do cadastramento.""""
De analfabeto até ensino fundamental completo: 39%; |
Ensino médio incompleto ou completo: 45% |
Ensino superior incompleto ou completo: 16% |
RENDA DOMICILIAR MENSAL:  (https://cidades.ibge.gov.br/brasil/es/pesquisa/23/24304) IBGE - Censo 2010. Observação: Conforme informações obtidas do Instituto Brasileiro de Geografia e Estatística, o IBGE, não divulgou - e não tem previsão - de data para divulgação do perfil econômico (nível econômico) da população brasileira; portanto, os dados quanto ao nível econômico obtidos no Censo 2022, não podem ser utilizados, pois não foram publicados. (https://censo2022.ibge.gov.br/panorama/)
Sem rendimentos até 2 salários mínimos: 43% |
Mais de 2 a 5 salários mínimos: 35% |
Mais de 5 salários mínimos: 22% |
Está prevista eventual ponderação para correção das variáveis gênero e faixa etária, com base nos percentuais acima apresentados, caso ocorram diferenças superiores a 3,0 (três) pontos percentuais entre o previsto na amostra e a coleta realizada; para as variáveis escolaridade e renda domiciliar mensal, o fator de ponderação é igual a 1 (resultados obtidos no campo). O nível de confiança estimado é de 95% (noventa e cinco por cento) para uma margem de erro estimada, considerando uma técnica de amostragem aleatória simples, de aproximadamente 2,6 (dois vírgula seis) pontos percentuais para mais ou para menos sobre os resultados obtidos.""





";"""As entrevistas serão conduzidas por uma equipe de entrevistadores e supervisores devidamente qualificados pelo Instituto Paraná Pesquisas, todos com experiência e treinamento específico em pesquisas de opinião pública. 
Controle: O controle do processo será realizado por meio de um software de coleta de dados.
Conferência e Fiscalização: Durante a coleta de dados os questionários aplicados são fiscalizados e conferidos através de um supervisor.   
Adicionalmente, pelo menos 30% dos questionários passarão por uma verificação posterior, que avaliará a precisão na aplicação e a adequação dos entrevistados às variáveis das quotas amostrais. Ou seja, no mínimo 452 entrevistas desta pesquisa serão auditadas pela equipe de qualidade do Instituto Paraná Pesquisas, podendo essa auditoria ser solicitada ao Instituto a qualquer momento.
Verificação: Após a coleta, os questionários passam por uma etapa de verificação e validação dos dados, para garantir a integridade e precisão dos dados coletados.""





";"""A pesquisa será realizada no Estado do Espírito Santo, a relação dos dados relativos aos municípios e às localidades será apresentado até o dia seguinte à data a partir da qual a pesquisa puder ser divulgada, conforme §7º do art. 2º da Resolução-TSE nº. 23.600/2019""




"
"28/09/2026";"05:46:54";2026;81;"Eleições Gerais 2026";"ES";"ES";"ESPÍRITO SANTO";"ES074852026";"2026-08-23 21:11:06";"S";"00654576000172";"INSTITUTO VERITA LTDA";"VERITA";"Governador, Senador";"2026-08-24 00:00:00";"2026-08-28 00:00:00";"2026-08-29 00:00:00";1220;"10699";"Guilherme Alvarenga Laia";"93940,00";"Estudo quantitativo voltado às Eleições 2026, realizado por meio de entrevistas individuais, aplicadas mediante questionário eletrônico estruturado e Unidade Automatizada de Respostas Audíveis e Auditáveis, por meio de ligações para telefones móveis (celulares). A inteligência artificial é empregada exclusivamente para a transcrição automatizada das respostas em áudio, não interferindo na formulação das perguntas, na condução das entrevistas, na coleta das informações, na interpretação das respostas ou no tratamento estatístico dos dados.

A participação dos eleitores é voluntária, espontânea e não remunerada. As respostas são prestadas por autodeclaração, sendo, em sua maioria, registradas por meio de códigos numéricos correspondentes às alternativas previamente definidas no questionário.

A utilização de sistema eletrônico automatizado para a coleta e o registro das respostas proporciona elevado nível de padronização operacional, reduz a possibilidade de interferência humana durante a realização das entrevistas, amplia a rastreabilidade e a auditabilidade de todo o processo de coleta e contribui para maior precisão, consistência e confiabilidade dos dados obtidos.

O plano amostral foi elaborado para assegurar a representatividade estatística do eleitorado da respectiva Unidade da Federação, observando critérios técnicos de seleção, distribuição e ponderação da amostra, quando aplicáveis.
";"A pesquisa foi planejada para produzir uma amostra estatisticamente representativa do eleitorado do estado DO ESPÍRITO SANTO, utilizando o método de Probabilidade Proporcional ao Tamanho (PPT), com plano amostral em múltiplos estágios. Na primeira etapa, esta Unidade da Federação é dividida em macrorregiões, de forma a assegurar adequada distribuição territorial da amostra e representação das diferentes características geográficas, demográficas e eleitorais. Na segunda etapa, os municípios de cada estrato são ordenados segundo seu porte populacional e eleitoral e sorteados. Na terceira etapa, os respondentes são selecionados entre os eleitores aptos residentes nos municípios sorteados, observando-se a distribuição proporcional da amostra e as cotas estabelecidas para as variáveis de sexo, faixa etária, grau de instrução e nível econômico. As cotas são estabelecidas para a pesquisa completa, considerando a composição do eleitorado e os parâmetros oficiais de referência, não sendo aplicadas isoladamente a cada município selecionado.

SEXO E FAIXA ETÁRIA - Fonte: Tribunal Superior Eleitoral (TSE), Perfil do Eleitorado, junho de 2026. Feminino de 16 a 34 anos: 15,4%; Masculino de 16 a 34 anos: 14,1%; Feminino de 35 a 54 anos: 20,1%; Masculino de 35 a 54 anos: 18,3%; Feminino com 55 anos ou mais: 17,3%; Masculino com 55 anos ou mais: 14,7%. Os parâmetros de sexo e idade têm como referência o cadastro eleitoral brasileiro atualizado pelo Tribunal Superior Eleitoral, considerando o universo de eleitores aptos com 16 anos ou mais.

GRAU DE INSTRUÇÃO - Fonte: IBGE - Pesquisa Nacional por Amostra de Domicílios Contínua - PNAD Contínua, anual 2025. A distribuição é: sem instrução 4,4%; ensino fundamental incompleto ou equivalente 27,7%; ensino fundamental completo ou equivalente 7,5%; ensino médio incompleto ou equivalente 4,2%; ensino médio completo ou equivalente 30,9%; ensino superior incompleto ou equivalente 3,7%; ensino superior completo 21,6%. A PNAD Contínua é utilizada como referência por constituir a fonte oficial mais atualizada para a mensuração do nível de instrução da população brasileira, sua utilização também corrige limitações decorrentes da ausência de atualização obrigatória e contínua das informações de escolaridade no cadastro eleitoral do Tribunal Superior Eleitoral.

NÍVEL ECONÔMICO - RENDA FAMILIAR DO DOMICÍLIO - Fonte: IBGE - PNAD Contínua Anual 2025, 1ª visita.  Considera-se a renda domiciliar total, compreendendo rendimentos provenientes de trabalho formal e informal, aposentadorias, pensões, benefícios sociais e demais fontes de renda existentes no domicílio.  observando-se a seguinte distribuição: renda familiar de até 2 salários-mínimos 42,5%; de 2 a 5 salários-mínimos 38,3%, acima de 5 salários-mínimos 19,2%.

PONDERAÇÃO E CALIBRAÇÃO DA AMOSTRA - Prevê-se eventual ponderação das variáveis de sexo, faixa etária, grau de instrução e nível econômico, caso sejam verificadas diferenças relevantes entre a distribuição da amostra efetivamente coletada e os parâmetros populacionais de referência adotados. Inicialmente, o fator de ponderação é igual a 1 (um), podendo ser recalculado sempre que necessário para assegurar a representatividade estatística da amostra.
INTERVALO DE CONFIANÇA E MARGEM DE ERRO - O intervalo de confiança adotado é de 95%, com margem máxima estimada de erro de aproximadamente 3 pontos percentuais, para mais ou para menos, sobre os resultados do total da amostra, calculada segundo o modelo de amostragem aleatória simples e a hipótese de máxima variabilidade.";"Após os trabalhos de coleta de dados, os questionários são submetidos a uma fiscalização, conferência e checagem de cerca de 20% (vinte por cento) dos questionários aplicados. Todas as entrevistas são integralmente registradas em áudio, permanecendo auditáveis e rastreáveis, permitindo a verificação da integridade do processo de coleta, preservado o sigilo das informações pessoais dos entrevistados e observadas as disposições da Lei Geral de Proteção de Dados Pessoais (Lei nº 13.709/2018).";"Em observância ao art. 2º, § 7º, da Resolução TSE nº 23.600/2019, com redação dada pela Resolução TSE nº 23.747/2026, a presente pesquisa terá seu registro complementado no Sistema de Registro de Pesquisas Eleitorais a partir da data em que sua divulgação for permitida e até o dia seguinte, com a identificação dos municípios em que foram realizadas as entrevistas, bem como da composição final da amostra quanto a gênero, idade, grau de instrução e nível econômico, na forma exigida pela legislação eleitoral vigente."
"28/09/2026";"05:46:54";2026;81;"Eleições Gerais 2026";"ES";"ES";"ESPÍRITO SANTO";"ES003682026";"2026-04-30 07:56:02";"S";"24899123000174";"INSTITUTO FRANCA DE PESQUISAS LTDA";"INSTITUTO FRANCA DE PESQUISA PESQUISA E ASSESSORIA";"Governador, Senador";"2026-04-27 00:00:00";"2026-05-01 00:00:00";"2026-05-06 00:00:00";1067;"10682";"Aldine Andréa Oliveira de Sousa Cabral";"15000,00";"Pesquisa com metodologia quantitativa, com a realização de entrevistas individuais por FONE/CATI utilizando questionário estruturado junto a uma amostra representativa do eleitorado de ESPÍRITO SANTO.
OBS: a) Pesquisa realizada por iniciativa do Instituto França, com o objetivo de divulgação do trabalho da empresa e estratégia de marketing; b) O valor declarado é referente à estimativa de custos operacionais para a realização da pesquisa; c) De acordo com a legislação vigente, não é obrigatório emitir/anexar NF; d) Os recursos para a realização dessa pesquisa são oriundos do próprio caixa da empresa;";"O público pesquisado é composto por eleitores de 16 anos ou mais residentes na área de abrangência da pesquisa. Para produzir uma amostra representativa desse público-alvo, utilizamos um desenho amostral por conglomerados que prevê três estágios. No primeiro estágio, é feito um sorteio probabilístico de municípios para comporem a amostra por meio do método PPT (Probabilidade Proporcional ao Tamanho) a partir de suas populações votantes acima de 16 anos. Dentro da lista de municípios sorteados, no segundo estágio, é realizado um sorteio probabilístico por meio do método PPT (Probabilidade Proporcional ao Tamanho) de localidades a serem visitadas pelos entrevistadores, sorteio que tem como base o total de habitantes residentes nos setores de acordo com dados do Censo de 2022. Finalmente, dentro da lista de setores censitários sorteados, no último estágio são selecionados domicílios e pessoas a serem entrevistadas utilizando-se cotas amostrais para as seguintes variáveis: sexo, idade, renda familiar e escolaridade. A representatividade do eleitorado foi obtida por meio de dados fornecidos pelo TSE. As categorias demográficas foram estratificadas da seguinte forma: 

Sexo (Masculino 47,21% e Feminino: 52,77%); 

Faixa Etária: 15 anos (F = 0,02% M = 0,02%) 16 anos (F = 0,15% M = 0,15%) 17 anos (F = 0,38% M = 0,41%) 18 anos (F = 0,94% M = 1,03%) 19 anos (F = 1,25% M = 1,38%), 20 anos (F = 1,42% M = 1,56%), 21 a 24 anos (F = 6,27% M = 6,64%), 25 a 29 anos (F = 9,06% M = 9,14%), 30 a 34 anos (F = 9,27% M = 9,22%), 35 a 39 anos (F = 9,87% M = 10,04%), 40 a 44 anos (F = 10,37% M = 10,67%), 45 a 49 anos (F = 9,79% M = 9,98%), 50 a 54 anos (F = 8,35% M = 8,42%), 55 a 59 anos (F = 7,86% M = 7,82%), 60 a 64 anos (F = 7,35% M = 7,21%), 65 a 69 anos (F = 6,24% M = 5,99%), 70 a 74 anos (F = 4,81% M = 4,53%), 75 a 79 anos (F = 3,10% M = 2,76%), 80 a 84 anos (F = 1,73% M = 1,47%), 85 a 89 anos (F = 1,00% M = 0,78%), 90 a 94 anos 
(F = 0,46% M = 0,37%), 95 a 99 anos (F = 0,21% M = 0,22%), 100 anos ou mais (F = 0,11% M = 0,19%);

Grau de Instrução: Analfabeto (F = 3,66% M = 3,29%), Lê E Escreve (F = 4,97% M = 5,48%), Ensino Fundamental Incompleto (F = 21,86% M = 25,24%), Ensino Fundamental Completo (F = 6,27% M = 7,41%), Ensino Médio Incompleto (F = 16,77% M = 19,40%), Ensino Médio Completo (F = 28,20% M = 25,79%); Superior Incompleto (F = 5,12% M = 4,41%), Superior Completo (F= 13,12% M = 8,95%).

Para a variável Nível Econômico: SEM RENDA ATÉ 1 SALÁRIO-MÍNIMO 15,68%, MAIS DE 1 ATÉ 2 SALÁRIOS-MÍNIMOS 21,94%, MAIS DE 2 ATÉ 5 SALÁRIOS-MÍNIMOS 37,07%, MAIS DE 5 ATÉ 10 SALÁRIOS-MÍNIMOS 15,56%, MAIS DE 10 ATÉ 20 SALÁRIOS-MÍNIMOS 6,62%, MAIS DE 20 SALÁRIOS-MÍNIMOS 3,14%. O número de entrevistas foi estabelecido em uma amostragem aleatória simples com nível estimado de 95% de confiança o que significa, a cada 100 pesquisas realizadas utilizando a mesma metodologia, espera-se que 95% tenham resultados dentro da margem de erro; e uma margem de erro estimada de 3,0 pontos percentuais para mais ou para menos. Está prevista uma eventual ponderação para correção das variáveis apresentadas, caso aconteçam diferenças superiores a 3% entre o previsto na amostra e a coleta de dados, no que pese serem estas variáveis de seleção e abordagem dos entrevistados. A amostra de Sexo, Faixa Etária, Grau de Instrução e Nível Econômico, foram definidas nas fontes oficiais de dados pela: base de dados do Tribunal Superior Eleitoral - TSE, a base de dados do Instituto Brasileiro de Geografia e Estatística - IBGE e a base de dados do Instituto França.
";"As entrevistas serão realizadas por equipes de entrevistadores devidamente qualificadas, com experiência e treinamento em pesquisa de opinião pública. Após a realização da coleta de dados, as entrevistas junto aos respondentes são checadas por meio de procedimentos de consistência em tempo real. Adicionalmente, ao longo dos trabalhos de campo, é realizada uma fiscalização in loco para adequação dos entrevistados aos parâmetros amostrais";"A área de abrangência da coleta é o estado de ESPÍRITO SANTO. 
Dados relativos aos municípios e bairros abrangidos pela pesquisa. Na ausência de delimitação do bairro, será identificada a área em que foi realizada a pesquisa(conforme §7º. do art. 2º. da Resolução-TSE nº. 23.600/2019, A partir do dia em que a pesquisa puder ser divulgada e até o dia seguinte, o registro deverá ser complementado, sob pena de ser a pesquisa considerada não registrada; na ausência de delimitação do bairro, será identificada a área em que foi realizada):
"
"28/09/2026";"05:46:54";2026;81;"Eleições Gerais 2026";"ES";"ES";"ESPÍRITO SANTO";"ES073152026";"2026-08-28 15:30:27";"S";"24899123000174";"INSTITUTO FRANCA DE PESQUISAS LTDA";"INSTITUTO FRANCA DE PESQUISA PESQUISA E ASSESSORIA";"Governador, Senador";"2026-08-20 00:00:00";"2026-08-26 00:00:00";"2026-09-03 00:00:00";1326;"10682";"Aldine Andrea Oliveira de Sousa Cabral";"25000,00";"Pesquisa de natureza quantitativa, realizada por meio da execução da metodologia CATI (FONE), com aplicação de questionário estruturado junto a eleitoras e eleitores aptos a votar no Estado do Espírito Santo. A pesquisa é realizada por iniciativa do Instituto França, sem contratante externo, sendo a própria entidade responsável pela realização e pelo custeio do levantamento. Os recursos empregados na execução da pesquisa são provenientes do caixa próprio da empresa, devendo o valor informado no registro corresponder aos recursos atribuídos à realização do levantamento, conforme os critérios administrativos, operacionais e contábeis adotados pela entidade.";"Universo: eleitoras e eleitores com 16 anos de idade ou mais. Tamanho da amostra: 1326 entrevistas. Técnica de amostragem: amostra aleatória simples a partir de banco de dados de números telefônicos fixos e celulares. A amostra é estratificada por região geográfica com base no município informado quando da coleta. Na apresentação final do resultado da pesquisa os dados serão ponderados com base nos percentuais mencionados abaixo, caso ocorram diferenças entre os percentuais previstos na amostra e a coleta de dados realizada. Fonte pública dos dados: TSE (julho 2026) e IBGE (Censo 2010 e Censo 2022).

As categorias demográficas foram estratificadas da seguinte forma: Sexo (Masculino 47,19% e Feminino: 52,79%); Faixa Etária: 16 anos (F = 0,29% M = 0,27%) 17 anos (F = 0,60% M = 0,60%) 18 anos (F = 1,06% M = 1,15%) 19 anos (F = 1,26% M = 1,36%), 20 anos (F = 1,40% M = 1,54%), 21 a 24 anos (F = 6,20% M = 6,61%), 25 a 29 anos (F = 8,98% M = 9,07%), 30 a 34 anos (F = 9,21% M = 9,15%), 35 a 39 anos (F = 9,73% M = 9,90%), 40 a 44 anos (F = 10,27% M = 10,58%), 45 a 49 anos (F = 9,81% M = 9,99%), 50 a 54 anos (F = 8,34% M = 8,41%), 55 a 59 anos (F = 7,79% M = 7,77%), 60 a 64 anos (F = 7,33% M = 7,20%), 65 a 69 anos (F = 6,22% M = 5,96%), 70 a 74 anos (F = 4,82% M = 4,54%), 75 a 79 anos (F = 3,12% M = 2,78%), 80 a 84 anos (F = 1,74% M = 1,49%), 85 a 89 anos (F = 1,00% M = 0,78%), 90 a 94 anos (F = 0,46% M = 0,37%), 95 a 99 anos (F = 0,21% M = 0,21%) , 100 anos ou mais (F = 0,12% M = 0,19%); Grau de Instrução: Analfabeto (F = 3,62% M = 3,26%), Lê E Escreve (F = 4,87% M = 5,37%), Ensino Fundamental Incompleto (F = 21,60% M = 24,98%),Ensino Fundamental Completo (F = 6,21% M = 7,36%), Ensino Médio Incompleto (F = 17,04% M = 19,69%), Ensino Médio Completo (F = 28,28% M = 25,89%); Superior Incompleto (F = 5,17% M = 4,45%), Superior Completo ( F= 13,19% M = 8,97%). Para a variável Nível Econômico: SEM RENDA ATÉ 1 SALÁRIO MÍNIMO 15,68%, MAIS DE 1 ATÉ 2 SALÁRIOS MÍNIMOS 21,94%, MAIS DE 2 ATÉ 5 SALÁRIOS MÍNIMOS 37,07%, MAIS DE 5 ATÉ 10 SALÁRIOS MÍNIMOS 15,56%, MAIS DE 10 ATÉ 20 SALÁRIOS MÍNIMOS 6,62%, MAIS DE 20 SALÁRIOS MÍNIMOS 3,14%

Para fins de dimensionamento e estimação da precisão amostral, adota-se como referência a aproximação normal para estimação de proporções, considerando máxima variabilidade populacional (p = 0,50 e q = 0,50), nível de confiança de 95% e hipótese estatística de equivalência à amostragem aleatória simples. Nessas condições, a margem de erro máxima estimada para os resultados referentes ao conjunto da amostra é de aproximadamente 2,7 pontos percentuais, para mais ou para menos. Fontes dos dados Para elaboração, execução e controle do plano amostral serão utilizadas fontes públicas devidamente identificadas, compreendendo: Tribunal Superior Eleitoral ¿ TSE: dados públicos relativos ao eleitorado apto e às características demográficas do eleitorado utilizadas na elaboração das quotas e dos parâmetros amostrais; Instituto Brasileiro de Geografia e Estatística ¿ IBGE: malha e identificação dos setores censitários/localidades, dados populacionais e demais informações demográficas, territoriais e socioeconômicas efetivamente utilizadas no planejamento da pesquisa;";"As entrevistas serão realizadas por equipe de entrevistadores e supervisores devidamente selecionados, treinados e orientados pelo Instituto França de Pesquisas, com experiência na execução de pesquisas de opinião pública e eleitoral. Todo o processo de coleta será acompanhado pela coordenação responsável, mantendo-se registros e mecanismos internos de controle destinados a assegurar a qualidade e a confiabilidade das informações obtidas.";"A área de abrangência da coleta corresponde ao Estado do Espírito Santo. Os dados relativos aos municípios, bairros e demais áreas geográficas efetivamente pesquisadas serão informados na complementação do registro da pesquisa, dentro do prazo estabelecido pela regulamentação eleitoral vigente."
"28/09/2026";"05:46:54";2026;81;"Eleições Gerais 2026";"ES";"ES";"ESPÍRITO SANTO";"ES072112026";"2026-07-10 11:31:18";"N";"22445600000104";"QUAEST PESQUISAS, CONSULTORIA E PROJETOS LTDA.";"#NULO#";"Governador, Senador";"2026-07-10 00:00:00";"2026-07-13 00:00:00";"2026-07-16 00:00:00";804;"6731";"Margarida Maria de Mendonca";"95877,00";"Pesquisa quantitativa, de survey, que consiste na realização de entrevistas pessoais, domiciliares e presenciais, conduzidas por profissionais treinados, com a aplicação de questionários estruturados a uma amostra representativa da população votante de 16 anos ou mais residente no estado do Espírito Santo. O desenho amostral aplicado combina sorteio probabilístico de municípios e de setores censitários fornecidos pelo IBGE (unidades territoriais homogêneas, de tamanho similar a quadras ou blocos), dentro dos quais serão selecionadas pessoas respondentes por meio de cotas amostrais.";"O público pesquisado é composto por eleitores de 16 anos ou mais residentes na área de abrangência da pesquisa. Para produzir uma amostra representativa desse público-alvo, utilizamos um desenho amostral por conglomerados que prevê três estágios. No primeiro estágio, é feito um sorteio probabilístico de municípios para comporem a amostra por meio do método PPT (Probabilidade Proporcional ao Tamanho) a partir de suas populações votantes acima de 16 anos. Dentro da lista de municípios sorteados, no segundo estágio, é realizado um sorteio probabilístico por meio do método PPT (Probabilidade Proporcional ao Tamanho) de setores censitários a serem visitados pelos entrevistadores, sorteio que tem como base o total de habitantes residentes nos setores de acordo com dados do Censo de 2022, o que garante a dispersão aleatória e estatística da amostra dentro dos territórios municipais, independentemente de divisões administrativas. Finalmente, dentro da lista de setores censitários sorteados, no último estágio são selecionados domicílios e pessoas a serem entrevistadas utilizando-se cotas amostrais para as seguintes variáveis: sexo, idade, renda familiar e escolaridade. O perfil da amostra, definido pelas cotas previstas, é o seguinte:

Sexo: Masculino (47%); Feminino (53%). 
Faixa etária: 16-34 anos (30%); 35-59 anos (46%); 60 ou mais (24%). 
Renda domiciliar total, incluindo pensões, benefícios e rendimentos de trabalhos informais: Até 2 salários-mínimos (28%); Mais de 2 a 5 salários-mínimos (46%); Mais de 5 salários-mínimos (26%). 
Nível de instrução: Até Fundamental completo ou médio incompleto (44%); Médio completo ou superior incompleto (38%); Superior completo ou mais (18%). 

Fonte dos dados: para a distribuição de sexo e idade, TSE-Tribunal Superior Eleitoral - junho/2026; para a malha de setores censitários, Censo 2022 (IBGE); para a distribuição de renda domiciliar, PNADc Anual 2025, 1a visita (IBGE); e, para a distribuição de escolaridade/instrução, PNADc trimestral 1-2026 (IBGE). A PNADc é utilizada por ser a fonte oficial mais atualizada de rendimentos do país, incluindo rendimentos informais, pensões, entre outros, e corrigindo as defasagens temporais do Censo 2022, além de ser a fonte mais atualizada de nível de instrução da população com 16 anos ou mais dada ausência de atualização obrigatória da escolaridade no registro de eleitores do TSE

Está prevista eventual pós-estratificação da amostra, por meio de algoritmos de calibração (rake) e modelos (MrP), para correção de estimativas e das distribuições das variáveis sexo, idade, renda familiar e escolaridade, com base nos percentuais anteriormente mencionados, caso ocorram diferenças entre os percentuais previstos na amostra e a coleta de dados realizada. 

Dentro do público-alvo anteriormente descrito, serão realizadas 804 entrevistas. O nível de confiança das estimativas é de 95% e a margem de erro máxima prevista, atendendo às diretivas do TSE e usando o cálculo para amostra aleatória simples (AAS) como aproximação, é de cerca de 3 pontos percentuais para mais ou para menos em relação aos totais da amostra.";"As entrevistas serão realizadas por uma equipe de entrevistadores devidamente qualificada, com experiência e treinamento em pesquisa de opinião pública. Todo trabalho é feito em tablets ou outros dispositivos eletrônicos. Após a realização da coleta de dados, as entrevistas junto aos respondentes são checadas por meio de procedimentos de consistência e de georreferenciamento dos locais de aplicação em tempo real. Adicionalmente, ao longo e após os trabalhos de campo, é realizada uma fiscalização que consiste na checagem de áudio de uma amostra de 30% dos questionários aplicados para verificação das respostas e da adequação dos entrevistados aos parâmetros amostrais.";"A área de abrangência da coleta é o território do estado do Espírito Santo. A relação do número de pessoas pesquisadas nas áreas de aplicação da pesquisa, discriminadas por município, bairros e setores censitários a partir dos identificadores utilizados pelo IBGE, além da composição do eleitorado entrevistado na área de abrangência quanto a gênero, idade, grau de instrução e nível econômico, constará em anexo. O mapa com os códigos destes setores censitários e as áreas que delimitam no país todo podem ser conferidos na seguinte fonte oficial: https://censo2022.ibge.gov.br/panorama/mapas.html?localidade=&recorte=setores_censitarios"
"28/09/2026";"05:46:54";2026;81;"Eleições Gerais 2026";"ES";"ES";"ESPÍRITO SANTO";"ES019672026";"2026-09-03 20:39:07";"S";"22345021000181";"REAL TIME MIDIA LTDA";"REAL TIME BIG DATA";"Governador, Senador";"2026-09-04 00:00:00";"2026-09-08 00:00:00";"2026-09-09 00:00:00";1600;"10839";"Isabela Zara Cremoneze";"24000,00";"Pesquisa quantitativa, que consiste na realização de entrevistas com eleitores do universo a ser explorado, feitas em combinação mista por entrevistadores humanos e recursos de inteligência artificial, com a aplicação de questionário estruturado com abordagens telefônicas e digitais junto a uma amostra representativa do eleitorado em estudo. Pesquisa realizada no Estado do Espírito Santo (ES).";"Representativo do eleitorado da área em estudo, elaborada em três estágios.
No primeiro estágio, realiza-se um sorteio probabilístico dos municípios onde as entrevistas serão realizadas, pelo método PPT (Probabilidade Proporcional ao Tamanho), tomando a população eleitora de 16 anos ou mais residente nos municípios como base para essa seleção.
No segundo estágio, efetua-se um sorteio probabilístico das localidades dentro dos municípios selecionados, também pelo método PPT (Probabilidade Proporcional ao Tamanho), considerando a população eleitora de 16 anos ou mais residente nessas localidades como base para a seleção.
No terceiro e último estágio, dentro das localidades sorteadas, os respondentes são selecionados por meio de quotas amostrais proporcionais, em função de variáveis significativas, a saber:

Atualizando com os valores da imagem:
GÊNERO:
Feminino: 52,80%;
Masculino: 47,20%.
(Fonte: TSE, Agosto/2026 -- https://sig.tse.jus.br/ords/dwapr/r/seai/sig-eleitor-eleitorado-mensal/cruzamento-eleitorado-mensal?p24_metricas=E&p24_back=22&p24_cruzamento_1=ds_sexo&clear=24&session=100249716079644)
FAIXA ETÁRIA:
16 anos: 0,22%;
17 anos: 0,46%;
18 a 20 anos: 3,71%;
21 a 24 anos: 6,36%;
25 a 34 anos: 18,15%;
35 a 44 anos: 20,11%;
45 a 59 anos: 26,23%;
60 a 69 anos: 13,49%;
70 a 79 anos: 7,83%;
Superior a 79 anos: 3,43%.
(Fonte: TSE, Agosto/2026 -- https://sig.tse.jus.br/ords/dwapr/r/seai/sig-eleitor-eleitorado-mensal/cruzamento-eleitorado-mensal?p24_cruzamento_1=ds_faixa_etaria&p24_metricas=E&p24_back=22&clear=24&session=100249716079644)
ESCOLARIDADE:
Analfabeto: 3,45%;
Lê e Escreve: 5,11%;
Ensino Fundamental Incompleto: 23,20%;
Ensino Fundamental Completo: 6,76%;
Ensino Médio Incompleto: 18,29%;
Ensino Médio Completo: 27,16%;
Ensino Superior Incompleto: 4,83%;
Ensino Superior Completo: 11,20%.
(Fonte: TSE, Agosto/2026 -- https://sig.tse.jus.br/ords/dwapr/r/seai/sig-eleitor-eleitorado-mensal/cruzamento-eleitorado-mensal?p24_cruzamento_1=ds_grau_instrucao&p24_metricas=E&p24_back=22&clear=24&session=100249716079644)
)
RENDA DOMICILIAR MENSAL:
Sem rendimento: 3,26%;
Até 1/2 Salário Mínimo: 2,08%;
Mais de 1/2 a 1 Salário Mínimo: 14,11%;
Mais de 1 a 2 Salários Mínimos: 23,79%;
Mais de 2 a 5 Salários Mínimos: 35,34%;
Mais de 5 a 10 Salários Mínimos: 13,80%;
Mais de 10 a 20 Salários Mínimos: 5,43%;
Mais de 20 Salários Mínimos: 2,20%;
(Fonte: IBGE (CENSO-2010) -- https://cidades.ibge.gov.br/brasil/es/pesquisa/23/24304?detalhes=true)

Observação: De acordo com informações do Instituto Brasileiro de Geografia e Estatística (IBGE), não há previsão de data para a divulgação do perfil econômico da população brasileira do CENSO 2022. Portanto, os dados sobre o nível econômico obtidos no Censo 2022 não podem ser utilizados, pois ainda não foram publicados.
Está prevista eventual ponderação para correção das variáveis sexo e idade, com base nos percentuais anteriormente mencionados, caso ocorram diferenças superiores a 3 pontos percentuais entre o previsto na amostra e a coleta de dados realizada. Para as variáveis de grau de instrução e nível econômico do entrevistado, o fator previsto para ponderação é 1 (resultados obtidos em campo). O nível de confiança estimado é de 95% e a margem de erro máxima estimada considerando um modelo de amostragem aleatório simples, é de aproximadamente 2 (dois) pontos percentuais para mais ou para menos sobre os resultados encontrados no total da amostra.";"O trabalho de coleta de dados é acompanhado por supervisores humanos. São selecionados aleatoriamente 15% (quinze por cento) dos questionários para uma verificação posterior e, em caso de dúvida, o formulário é descartado e o responsável pela coleta chamado para esclarecimentos. Há uma equipe especializada que confere os dados à exaustão com objetivo de averiguar e aferir os resultados coletados.";"O anexo do arquivo com os bairros será realizado até o dia seguinte da divulgação conforme indicado no §7º. do art. 2º. da Resolução-TSE nº. 23.600/2019."
"28/09/2026";"05:46:54";2026;81;"Eleições Gerais 2026";"ES";"ES";"ESPÍRITO SANTO";"ES003532026";"2026-09-11 19:40:29";"S";"00654576000172";"INSTITUTO VERITA LTDA";"VERITA";"Governador, Senador";"2026-09-12 00:00:00";"2026-09-17 00:00:00";"2026-09-17 00:00:00";1220;"10699";"Guilherme Alvarenga Laia";"93940,00";"Estudo quantitativo voltado às Eleições 2026, realizado por meio de entrevistas individuais, aplicadas mediante questionário eletrônico estruturado e Unidade Automatizada de Respostas Audíveis e Auditáveis, por meio de ligações para telefones móveis (celulares). A inteligência artificial é empregada exclusivamente para a transcrição automatizada das respostas em áudio, não interferindo na formulação das perguntas, na condução das entrevistas, na coleta das informações, na interpretação das respostas ou no tratamento estatístico dos dados.

A participação dos eleitores é voluntária, espontânea e não remunerada. As respostas são prestadas por autodeclaração, sendo, em sua maioria, registradas por meio de códigos numéricos correspondentes às alternativas previamente definidas no questionário.

A utilização de sistema eletrônico automatizado para a coleta e o registro das respostas proporciona elevado nível de padronização operacional, reduz a possibilidade de interferência humana durante a realização das entrevistas, amplia a rastreabilidade e a auditabilidade de todo o processo de coleta e contribui para maior precisão, consistência e confiabilidade dos dados obtidos.

O plano amostral foi elaborado para assegurar a representatividade estatística do eleitorado da respectiva Unidade da Federação, observando critérios técnicos de seleção, distribuição e ponderação da amostra, quando aplicáveis.";"A pesquisa foi planejada para produzir uma amostra estatisticamente representativa do eleitorado do estado DO ESPÍRITO SANTO, utilizando o método de Probabilidade Proporcional ao Tamanho (PPT), com plano amostral em múltiplos estágios. Na primeira etapa, esta Unidade da Federação é dividida em macrorregiões, de forma a assegurar adequada distribuição territorial da amostra e representação das diferentes características geográficas, demográficas e eleitorais. Na segunda etapa, os municípios de cada estrato são ordenados segundo seu porte populacional e eleitoral e sorteados. Na terceira etapa, os respondentes são selecionados entre os eleitores aptos residentes nos municípios sorteados, observando-se a distribuição proporcional da amostra e as cotas estabelecidas para as variáveis de sexo, faixa etária, grau de instrução e nível econômico. As cotas são estabelecidas para a pesquisa completa, considerando a composição do eleitorado e os parâmetros oficiais de referência, não sendo aplicadas isoladamente a cada município selecionado.

SEXO E FAIXA ETÁRIA - Fonte: Tribunal Superior Eleitoral (TSE), Perfil do Eleitorado, junho de 2026. Feminino de 16 a 34 anos: 15,4%; Masculino de 16 a 34 anos: 14,1%; Feminino de 35 a 54 anos: 20,1%; Masculino de 35 a 54 anos: 18,3%; Feminino com 55 anos ou mais: 17,3%; Masculino com 55 anos ou mais: 14,7%. Os parâmetros de sexo e idade têm como referência o cadastro eleitoral brasileiro atualizado pelo Tribunal Superior Eleitoral, considerando o universo de eleitores aptos com 16 anos ou mais.

GRAU DE INSTRUÇÃO - Fonte: IBGE - PNAD Contínua Anual 2025. A distribuição é: sem instrução 3,7%; ensino fundamental incompleto ou equivalente 26,1%; ensino fundamental completo ou equivalente 8,5%; ensino médio incompleto ou equivalente 7,6%; ensino médio completo ou equivalente 30,9%; ensino superior incompleto ou equivalente 5,1%; ensino superior completo 18,1%. Para não confundir os respondentes as faixas de escolaridade no questionário foram agrupadas em 3 faixas: até ensino fundamental incompleto e completo, ensino médio incompleto e completo e superior incompleto, completo ou mais. A PNAD Contínua é utilizada como referência por constituir a fonte oficial mais atualizada para a mensuração do nível de instrução da população brasileira, sua utilização também corrige limitações decorrentes da ausência de atualização obrigatória e contínua das informações de escolaridade no cadastro eleitoral do Tribunal Superior Eleitoral.

NÍVEL ECONÔMICO - RENDA FAMILIAR DO DOMICÍLIO - Fonte: IBGE - PNAD Contínua Anual 2025. Considera-se a renda domiciliar total, compreendendo rendimentos provenientes de trabalho formal e informal, aposentadorias, pensões, benefícios sociais e demais fontes de renda existentes no domicílio. observando-se a seguinte distribuição: renda familiar de até 2 salários-mínimos 42,5%; de 2 a 5 salários-mínimos 38,3%, acima de 5 salários-mínimos 19,2%.

PONDERAÇÃO E CALIBRAÇÃO DA AMOSTRA - Prevê-se eventual ponderação das variáveis de sexo, faixa etária, grau de instrução e nível econômico, caso sejam verificadas diferenças relevantes entre a distribuição da amostra efetivamente coletada e os parâmetros populacionais de referência adotados. Inicialmente, o fator de ponderação é igual a 1 (um), podendo ser recalculado sempre que necessário para assegurar a representatividade estatística da amostra.
INTERVALO DE CONFIANÇA E MARGEM DE ERRO - O intervalo de confiança adotado é de 95%, com margem máxima estimada de erro de aproximadamente 3 pontos percentuais, para mais ou para menos, sobre os resultados do total da amostra, calculada segundo o modelo de amostragem aleatória simples e a hipótese de máxima variabilidade.";"Após os trabalhos de coleta de dados, os questionários são submetidos a uma fiscalização, conferência e checagem de cerca de 20% (vinte por cento) dos questionários aplicados. Todas as entrevistas são integralmente registradas em áudio, permanecendo auditáveis e rastreáveis, permitindo a verificação da integridade do processo de coleta, preservado o sigilo das informações pessoais dos entrevistados e observadas as disposições da Lei Geral de Proteção de Dados Pessoais (Lei nº 13.709/2018).";"Em observância ao art. 2º, § 7º, da Resolução TSE nº 23.600/2019, com redação dada pela Resolução TSE nº 23.747/2026, a presente pesquisa terá seu registro complementado no Sistema de Registro de Pesquisas Eleitorais a partir da data em que sua divulgação for permitida e até o dia seguinte, com a identificação dos municípios em que foram realizadas as entrevistas, bem como da composição final da amostra quanto a gênero, idade, grau de instrução e nível econômico, na forma exigida pela legislação eleitoral vigente."
"28/09/2026";"05:46:54";2026;81;"Eleições Gerais 2026";"ES";"ES";"ESPÍRITO SANTO";"ES067222026";"2026-03-10 23:19:29";"S";"22345021000181";"REAL TIME MIDIA LTDA";"REAL TIME BIG DATA";"Governador, Senador";"2026-03-13 00:00:00";"2026-03-14 00:00:00";"2026-03-16 00:00:00";2000;"10839";"Isabela Zara Cremoneze";"80000,00";"Pesquisa quantitativa, que consiste na realização de entrevistas pessoais, com a aplicação de questionário estruturado junto a uma amostra representativa do eleitorado em estudo. Pesquisa realizada no Estado do Espirito Santo (ES).";"Representativo do eleitorado da área em estudo, elaborada em três estágios. 
No primeiro estágio, realiza-se um sorteio probabilístico dos municípios onde as entrevistas serão realizadas, pelo método PPT (Probabilidade Proporcional ao Tamanho), tomando a população eleitora de 16 anos ou mais residente nos municípios como base para essa seleção.
No segundo estágio, efetua-se um sorteio probabilístico das localidades dentro dos municípios selecionados, também pelo método PPT (Probabilidade Proporcional ao Tamanho), considerando a população eleitora de 16 anos ou mais residente nessas localidades como base para a seleção.
No terceiro e último estágio, dentro das localidades sorteadas, os respondentes são selecionados por meio de quotas amostrais proporcionais, em função de variáveis significativas, a saber:

GÊNERO:
Feminino: 52,79%;
Masculino: 47,21%;
(Fonte: TSE, Fevereiro/2026 -- https://sig.tse.jus.br/ords/dwapr/r/seai/sig-eleitor-eleitorado-mensal/cruzamento-eleitorado-mensal?p24_metricas=E&p24_back=22&p24_cruzamento_1=ds_sexo&clear=24&session=100249716079644)
FAIXA ETÁRIA:
16 anos: 0,13%;
17 anos: 0,39%;
18 a 20 anos: 3,76%;
21 a 24 anos: 6,46%;
25 a 34 anos: 18,38%;
35 a 44 anos: 20,50%;
45 a 59 anos: 26,11%;
60 a 69 anos: 13,40%;
70 a 79 anos: 7,60%;
Superior a 79 anos: 3,27%;
(Fonte: TSE, Fevereiro/2026 -- https://sig.tse.jus.br/ords/dwapr/r/seai/sig-eleitor-eleitorado-mensal/cruzamento-eleitorado-mensal?p24_cruzamento_1=ds_faixa_etaria&p24_metricas=E&p24_back=22&clear=24&session=100249716079644)
ESCOLARIDADE:
Analfabeto: 3,49%;
Lê e Escreve: 5,25%;
Ensino Fundamental Incompleto: 23,53%;
Ensino Fundamental Completo: 6,82%;
Ensino Médio Incompleto: 18,01%;
Ensino Médio Completo: 27,00%;
Ensino Superior Incompleto: 4,77%;
Ensino Superior Completo: 11,13%;
(Fonte: TSE, Fevereiro /2026 -- https://sig.tse.jus.br/ords/dwapr/r/seai/sig-eleitor-eleitorado-mensal/cruzamento-eleitorado-mensal?p24_cruzamento_1=ds_grau_instrucao&p24_metricas=E&p24_back=22&clear=24&session=100249716079644)
RENDA DOMICILIAR MENSAL:
Sem rendimento: 3,26%;
Até 1/2 Salário Mínimo: 2,08%;
Mais de 1/2 a 1 Salário Mínimo: 14,11%;
Mais de 1 a 2 Salários Mínimos: 23,79%;
Mais de 2 a 5 Salários Mínimos: 35,34%;
Mais de 5 a 10 Salários Mínimos: 13,80%;
Mais de 10 a 20 Salários Mínimos: 5,43%;
Mais de 20 Salários Mínimos: 2,20%;
(Fonte: IBGE (CENSO-2010) -- https://cidades.ibge.gov.br/brasil/es/pesquisa/23/24304?detalhes=true)

Observação: De acordo com informações do Instituto Brasileiro de Geografia e Estatística (IBGE), não há previsão de data para a divulgação do perfil econômico da população brasileira do CENSO 2022. Portanto, os dados sobre o nível econômico obtidos no Censo 2022 não podem ser utilizados, pois ainda não foram publicados.
Está prevista eventual ponderação para correção das variáveis sexo e idade, com base nos percentuais anteriormente mencionados, caso ocorram diferenças superiores a 3 pontos percentuais entre o previsto na amostra e a coleta de dados realizada. Para as variáveis de grau de instrução e nível econômico do entrevistado, o fator previsto para ponderação é 1 (resultados obtidos em campo). O nível de confiança estimado é de 95% e a margem de erro máxima estimada considerando um modelo de amostragem aleatório simples, é de aproximadamente 2 (dois) pontos percentuais para mais ou para menos sobre os resultados encontrados no total da amostra.
";"O trabalho de coleta de dados é acompanhado presencialmente por supervisores. São selecionados aleatoriamente 15% (quinze por cento) dos questionários para uma verificação posterior com ligações telefônicas para os números indicados nos formulários, em caso de dúvida, o formulário é descartado e o entrevistador chamado para esclarecimentos.";"O anexo do arquivo com os bairros será realizado até o dia seguinte da divulgação conforme indicado no §7º. do art. 2º. da Resolução-TSE nº. 23.600/2019."
"28/09/2026";"05:46:54";2026;81;"Eleições Gerais 2026";"ES";"ES";"ESPÍRITO SANTO";"ES045132026";"2026-09-20 18:12:03";"N";"10175843000182";"INSTITUTO DE PESQUISAS PERFIL LTDA";"#NULO#";"Governador, Senador";"2026-09-21 00:00:00";"2026-09-24 00:00:00";"2026-09-26 00:00:00";1800;"9063";"LINIANE GAZOLA";"40000,00";"Pesquisa quantitativa, de natureza exploratório-descritiva, operacionalizada por meio da técnica survey com
aplicação de questionário estruturado. A coleta de dados será realizada exclusivamente por meio de entrevistas pessoais
utilizando dispositivos eletrônicos (tablets) O universo é constituído pelos eleitores com 16 anos ou mais,
regularmente inscritos no cadastro eleitoral e residentes no estado
ESPIRITO SANTO
Empresa Contratante e Pagante pelo trabalho: BDC Comunicações
CNPJ/CPF: 23.895.081/0001-30
ORIGEM DO RECURSO: PROPRIO";"A amostra prevista é de 1800 entrevistas.
O público-alvo da pesquisa é constituído por eleitores com 16 anos ou mais, residentes na área de abrangência do estudo.
Para assegurar a representatividade estatística desse universo, adotou-se um delineamento amostral probabilístico em três etapas:
Na primeira etapa realiza-se um sorteio probabilístico dos municípios onde as entrevistas serão realizadas através do método PPT (Probabilidade
Proporcional ao Tamanho), considerando a população eleitora com 16 anos ou mais residente nos municípios como base para essa seleção.
Na segunda etapa, faz-se um sorteio probabilístico das localidades, onde as entrevistas serão realizadas, através do método PPT (Probabilidade
Proporcional ao Tamanho), tomando a população eleitora de 16 anos ou mais residente nas localidades como base para essa seleção. Na
terceira etapa, a seleção do entrevistado dentro da localidade, respeitando as quotas amostrais proporcionais, em função das seguintes
variáveis:



GÊNERO: MASCULINO 47,2%
FEMININO 52,8%
Fonte: TSE- AGOSTO-26
FAIXA ETÁRIA

16 A 24 Anos 10,8%
25 a 34 18,2%
35 a 44 20%
45 a 59 26,2%
60 ou mais 24,8%




FONTE: TSE- AGOSTO-26
GRAU DE INSTRUÇÃO

Analfabeto/Lê e escreve 9%
Ensino fundamental completo/incompleto 30%
Ensino médio completo/incompleto 45%
Ensino superior completo/incompleto 16%




FONTE: TSE- AGOSTO-26

RENDA FAMILIAR
Sem rendimento / Até 1 salário mínimo 19,45%
De 1 a 2 salários 23,78%
De 2 a 5 Salários 35,34%
Mais de 5 salários 21,43%



(S.M. - SALARIO MINIMO)
Fonte https://cidades.ibge.gov.br/brasil/es/pesquisa/23/24304
Fonte para a malha de setores censitários, Censo 2022 (IBGE);
A definição dos parâmetros populacionais para as cotas amostrais baseia-se nos dados do Censo Demográfico mais recente disponibilizado
pelo IBGE, admitindo-se, nos termos do art. 2º, § 2º, ""a"", da Resolução TSE nº 23.600/2019, a utilização de informações defasadas quando não
houver dados atualizados, devidamente justificada no registro da pesquisa.
Como etapa complementar ao plano amostral, prevê-se a pós-estratificação manual, aplicável apenas se constatadas diferenças entre a
distribuição obtida em campo e os parâmetros populacionais predefinidos para as variáveis de controle. O procedimento consiste no ajuste
ponderado das frequências amostrais, com base na comparação entre percentuais observados e previstos, com o fim de recompor a
proporcionalidade da amostra em relação ao universo. Tal ajuste constitui prática metodológica padrão e não decorre de qualquer fragilidade
no processo de coleta ou seleção da amostra.
Margem de Erro máxima prevista é: 2,31% pontos percentuais para mais ou para menos, considerando um
nível de confiança de 95% e baseada em uma amostra aleatória simples (AAS).";"As entrevistas são realizadas por equipes devidamente treinadas e identificados, utilizando para a coleta dispositivo eletronico,
as equipes serão acompanhadas por um coordenador / supervisor que atua como fiscal de campo fazendo o controle,
a verificação e a fiscalização da coleta de dados. Após a coleta, a pesquisa será checada, criticada e codificada,
internamente de acordo com o padrão estabelecido pela ABEP (Associação Brasileira de Empresas de Pesquisa). Todo o
material será 100% criticado e 20% verificado, conforme procedimento padrão em pesquisa de opinião publica. As
informações serão processadas por meio de programa especifico, para a tabulação e eleaboração dos resultados. Os dados
serão gerados no formato de tabelas de frequencia, e analisados criteriosamente. Ao final sera elaborado um relatorio analitico-
descritivo, contendo tabelas e graficos para o resultado de cada pergunta realizada no questionario, seguindo as
exigencias do TSE.
Os dados coletados e tratados nesta pesquisa atendem às exigências da LGPD, Lei Geral de Proteção de Dados garantindo
ao respondente o sigilo de sua identidade e o correto tratamento de suas respostas.";"A área de abrangência da coleta é : ESPIRITO SANTO
A relação das localidades e setores censitários selecionadas para aplicação da amostra será apresentada
a partir do dia em que a pesquisa puder ser divulgada e até o dia seguinte, conforme expresso no
art. 2º, §7º da Resolução 23.600/2019 doTSE."
"28/09/2026";"05:46:54";2026;81;"Eleições Gerais 2026";"ES";"ES";"ESPÍRITO SANTO";"ES008772026";"2026-09-19 22:34:10";"N";"22345021000181";"REAL TIME MIDIA LTDA";"REAL TIME BIG DATA";"Governador, Senador";"2026-09-21 00:00:00";"2026-09-24 00:00:00";"2026-09-25 00:00:00";1600;"10839";"Isabela Zara Cremoneze";"20000,00";"Pesquisa quantitativa, que consiste na realização de entrevistas com eleitores do universo a ser explorado, feitas em combinação mista por entrevistadores humanos e recursos de inteligência artificial, com a aplicação de questionário estruturado com abordagens telefônicas e digitais junto a uma amostra representativa do eleitorado em estudo. Pesquisa realizada no Estado do Espírito Santo (ES).";"Representativo do eleitorado da área em estudo, elaborada em três estágios.
No primeiro estágio, realiza-se um sorteio probabilístico dos municípios onde as entrevistas serão realizadas, pelo método PPT (Probabilidade Proporcional ao Tamanho), tomando a população eleitora de 16 anos ou mais residente nos municípios como base para essa seleção.
No segundo estágio, efetua-se um sorteio probabilístico das localidades dentro dos municípios selecionados, também pelo método PPT (Probabilidade Proporcional ao Tamanho), considerando a população eleitora de 16 anos ou mais residente nessas localidades como base para a seleção.
No terceiro e último estágio, dentro das localidades sorteadas, os respondentes são selecionados por meio de quotas amostrais proporcionais, em função de variáveis significativas, a saber:

Atualizando com os valores da imagem:
GÊNERO:
Feminino: 52,80%;
Masculino: 47,20%.
(Fonte: TSE, Agosto/2026 -- https://sig.tse.jus.br/ords/dwapr/r/seai/sig-eleitor-eleitorado-mensal/cruzamento-eleitorado-mensal?p24_metricas=E&p24_back=22&p24_cruzamento_1=ds_sexo&clear=24&session=100249716079644)
FAIXA ETÁRIA:
16 anos: 0,22%;
17 anos: 0,46%;
18 a 20 anos: 3,71%;
21 a 24 anos: 6,36%;
25 a 34 anos: 18,15%;
35 a 44 anos: 20,11%;
45 a 59 anos: 26,23%;
60 a 69 anos: 13,49%;
70 a 79 anos: 7,83%;
Superior a 79 anos: 3,43%.
(Fonte: TSE, Agosto/2026 -- https://sig.tse.jus.br/ords/dwapr/r/seai/sig-eleitor-eleitorado-mensal/cruzamento-eleitorado-mensal?p24_cruzamento_1=ds_faixa_etaria&p24_metricas=E&p24_back=22&clear=24&session=100249716079644)
ESCOLARIDADE:
Analfabeto: 3,45%;
Lê e Escreve: 5,11%;
Ensino Fundamental Incompleto: 23,20%;
Ensino Fundamental Completo: 6,76%;
Ensino Médio Incompleto: 18,29%;
Ensino Médio Completo: 27,16%;
Ensino Superior Incompleto: 4,83%;
Ensino Superior Completo: 11,20%.
(Fonte: TSE, Agosto/2026 -- https://sig.tse.jus.br/ords/dwapr/r/seai/sig-eleitor-eleitorado-mensal/cruzamento-eleitorado-mensal?p24_cruzamento_1=ds_grau_instrucao&p24_metricas=E&p24_back=22&clear=24&session=100249716079644)
)
RENDA DOMICILIAR MENSAL:
Sem rendimento: 3,26%;
Até 1/2 Salário Mínimo: 2,08%;
Mais de 1/2 a 1 Salário Mínimo: 14,11%;
Mais de 1 a 2 Salários Mínimos: 23,79%;
Mais de 2 a 5 Salários Mínimos: 35,34%;
Mais de 5 a 10 Salários Mínimos: 13,80%;
Mais de 10 a 20 Salários Mínimos: 5,43%;
Mais de 20 Salários Mínimos: 2,20%;
(Fonte: IBGE (CENSO-2010) -- https://cidades.ibge.gov.br/brasil/es/pesquisa/23/24304?detalhes=true)

Observação: De acordo com informações do Instituto Brasileiro de Geografia e Estatística (IBGE), não há previsão de data para a divulgação do perfil econômico da população brasileira do CENSO 2022. Portanto, os dados sobre o nível econômico obtidos no Censo 2022 não podem ser utilizados, pois ainda não foram publicados.
Está prevista eventual ponderação para correção das variáveis sexo e idade, com base nos percentuais anteriormente mencionados, caso ocorram diferenças superiores a 3 pontos percentuais entre o previsto na amostra e a coleta de dados realizada. Para as variáveis de grau de instrução e nível econômico do entrevistado, o fator previsto para ponderação é 1 (resultados obtidos em campo). O nível de confiança estimado é de 95% e a margem de erro máxima estimada considerando um modelo de amostragem aleatório simples, é de aproximadamente 2 (dois) pontos percentuais para mais ou para menos sobre os resultados encontrados no total da amostra.";"O trabalho de coleta de dados é acompanhado por supervisores humanos. São selecionados aleatoriamente 15% (quinze por cento) dos questionários para uma verificação posterior e, em caso de dúvida, o formulário é descartado e o responsável pela coleta chamado para esclarecimentos. Há uma equipe especializada que confere os dados à exaustão com objetivo de averiguar e aferir os resultados coletados.";"O anexo do arquivo com os bairros será realizado até o dia seguinte da divulgação conforme indicado no §7º. do art. 2º. da Resolução-TSE nº. 23.600/2019."
"28/09/2026";"05:46:54";2026;81;"Eleições Gerais 2026";"ES";"ES";"ESPÍRITO SANTO";"ES028592026";"2026-08-25 21:06:41";"N";"10175843000182";"INSTITUTO DE PESQUISAS PERFIL LTDA";"#NULO#";"Governador, Senador";"2026-08-27 00:00:00";"2026-08-30 00:00:00";"2026-08-31 00:00:00";1800;"9063";"LINIANE GAZOLA";"40000,00";"Pesquisa quantitativa, de natureza exploratório-descritiva, com abrangencia :							ESPIRITO SANTO		, contempla eleitores 	
residentes nas zonas urbana e rural, por intermedo de entrevistar presenciais, aplicada tanto em domicilio quanto em ponto de fluxo 										
populacional como (vias publicas, comercio, terminais, praças e locais de grande movimento), vinculados aos bairros, ou povoados de 										
moradia, mediante a aplicação de questionario estruturado com pergutas abertas e fechadas, atraves de dispositivo eletronico (tablet / 										
celular. As entrevistas são executadas por entrevistadores treinados previamente e identificados, atendendo a critérios de elegibilidade a saber:										
ter 16 anos ou mais, residir no local foco da pesquisa e ter titulo de eleitor										
Empresa Contratante e Pagante pelo trabalho:				BDC Comunicações						
CNPJ/CPF:	23.895.081/0001-30									
ORIGEM DO RECURSO: 		PROPRIO								";" A amostra prevista é de		1800	 entrevistas.							
O público-alvo da pesquisa é constituído por eleitores com 16 anos ou mais, residentes na área de abrangência do estudo.										
Para assegurar a representatividade estatística desse universo, adotou-se um delineamento amostral probabilístico em três etapas: 										
Na primeira etapa realiza-se um sorteio probabilístico dos municípios onde as entrevistas serão realizadas através do método PPT (Probabilidade 										
Proporcional ao Tamanho), considerando a população eleitora com 16 anos ou mais residente nos municípios como base para essa seleção.										
Na segunda etapa, faz-se um sorteio probabilístico das localidades, onde as entrevistas serão realizadas, através do método PPT (Probabilidade										
Proporcional ao Tamanho), tomando a população eleitora de 16 anos ou mais residente nas localidades como base para essa seleção. Na										
terceira etapa, a seleção do entrevistado dentro da localidade, será feita utilizando-se quotas amostrais proporcionais, em função das seguintes										
variáveis:								
GÊNERO:	MASCULINO	47,2%								
	FEMININO	52,8%								
Fonte: 	TSE- JULHO-26									
FAIXA ETÁRIA							
	16 A 24 Anos	10,8%								
	25 a 34	18,2%								
	35 a 44	20%								
	45 a 59	26,2%								
	60 ou mais	24,8%			
FONTE: 	TSE- JULHO-26									
GRAU DE INSTRUÇÃO										
										
	Analfabeto/Lê e escreve			9%						
	Ensino fundamental completo/incompleto			30%						
	Ensino médio completo/incompleto			45%						
	Ensino superior completo/incompleto			16%						
	Invalido			0%			
FONTE: 	TSE- JULHO-26				
RENDA FAMILIAR										
	Sem rendimento / Até 1 salário mínimo			19,45%						
	De 1 a 2 salários			23,78%						
	De 2 a 5 Salários			35,34%						
	Mais de 5 salários			21,43%	
	(S.M. - SALARIO MINIMO)									
Fonte	https://cidades.ibge.gov.br/brasil/es/pesquisa/23/24304									
Fonte para a malha de setores censitários, Censo 2022 (IBGE);										
A definição dos parâmetros populacionais para as cotas amostrais baseia-se nos dados do Censo Demográfico mais recente disponibilizado 										
pelo IBGE, admitindo-se, nos termos do art. 2º, II, ""a"", da Resolução TSE nº 23.600/2019, a utilização de informações defasadas quando não 										
houver dados atualizados, devidamente justificada no registro da pesquisa.										
Como etapa complementar ao plano amostral, prevê-se a pós-estratificação manual, aplicável apenas se constatadas diferenças entre a 										
distribuição obtida em campo e os parâmetros populacionais predefinidos para as variáveis de controle. O procedimento consiste no ajuste 										
ponderado das frequências amostrais, com base na comparação entre percentuais observados e previstos, com o fim de recompor a										
proporcionalidade da amostra em relação ao universo. Tal ajuste constitui prática metodológica padrão e não decorre de qualquer fragilidade 										
no processo de coleta ou seleção da amostra.										
Margem de Erro máxima prevista é:			2,31%	pontos percentuais para mais ou para menos, considerando um						
nível de confiança de 		95%	e baseada em uma amostra aleatória simples (AAS). 							
";"As entrevistas são realizadas por equipes devidamente treinadas e identificados, utilizando para a coleta dispositivo eletronico, 								
as equipes serão acompanhadas por um coordenador / supervisor que atua como fiscal de campo fazendo o controle, 								
a verificação e a fiscalização da coleta de dados. Após a coleta, a pesquisa será checada, criticada e codificada, 								
internamente de acordo com o padrão estabelecido pela ABEP (Associação Brasileira de Empresas de Pesquisa). Todo o 								
material será 100% criticado e 20% verificado, conforme procedimento padrão em pesquisa de opinião publica. As 								
informações serão processadas por meio de programa especifico, para a tabulação e eleaboração dos resultados. Os dados								
serão gerados no formato de tabelas de frequencia, e analisados criteriosamente. Ao final sera elaborado um relatorio analitico-								
descritivo, contendo tabelas e graficos para o resultado de cada pergunta realizada no questionario, seguindo as								
exigencias do TSE. 								
Os dados coletados e tratados nesta pesquisa atendem às exigências da LGPD, Lei Geral de Proteção de Dados garantindo								
ao respondente o sigilo de sua identidade e o correto tratamento de suas respostas.								";"A área de abrangência da coleta é : ESPIRITO SANTO
A relação das localidades e setores censitários selecionadas para aplicação da amostra será apresentada
a partir do dia em que a pesquisa puder ser divulgada e até o dia seguinte, conforme expresso no
art. 2º, §7º da Resolução 23.600/2019 doTSE."
"28/09/2026";"05:46:54";2026;81;"Eleições Gerais 2026";"ES";"ES";"ESPÍRITO SANTO";"ES089122026";"2026-07-28 19:04:16";"N";"09610985000141";"AGILI PESQUISAS E MARKETING EIRELI";"AGILI PESQUISAS";"Governador, Senador";"2026-07-27 00:00:00";"2026-07-31 00:00:00";"2026-08-03 00:00:00";800;"9327";"Marcio Bartolomeu Azevedo da Costa";"32000,00";"Pesquisa quantitativa, com 800 entrevistas, realizada com eleitores maiores de 16 anos, moradores do estado do Espírito Santo. Utiliza entrevistas por telefone, pelo sistema CATI (Computer Assisted Telephone Interviewing), com aplicação de questionário estruturado com opções randomizadas automaticamente via software, junto a uma amostra representativa do eleitorado do Estado. (Plataforma do questionário: Rotary Survey Professional Software - https://rotatorsurvey.com/pt/index.html). A coleta é monitorada em tempo real
para controle de cotas e filtragem de inconsistências.
";"Universo: Eleitores do Estado do Espírito Santo. Tamanho da amostra: A amostra prevista é de 800 entrevistas. Técnica de amostragem: A amostra é estratificada por região geográfica intermediária (IBGE- Censo 2022), onde em cada estrato, num primeiro estágio, os municípios são selecionados por meio de sorteio aleatório, observando-se a proporcionalidade quanto ao porte do município, conforme o número de eleitores de cada localidade. No segundo estágio, a seleção do entrevistado dentro da localidade será feita utilizando-se quotas amostrais proporcionais as características demográficas do universo, em função das seguintes variáveis: GÊNERO: Masculino 47%; Feminino 53% | FAIXA ETÁRIA: Entre 16 e 24 anos: 11,2%; Entre 25 e 34 anos: 18,2%; Entre 35 e 44 anos: 20,2%; Entre 45 e 59 anos: 26,1%; 60 anos ou mais: 24,3% | ESCOLARIDADE: De analfabeto até ensino fundamental completo: 38,5%; Ensino médio incompleto ou completo: 45,4% Ensino superior incompleto ou completo: 16,0%. |NÍVEL ECONÔMICO: População Economicamente Ativa: 62,1%; População Não Economicamente Ativa: 37,9%. Está prevista eventual ponderação para correção das variáveis gênero, faixa etária e escolaridade, com base nos percentuais acima apresentados, caso ocorram diferenças superiores a 3,0 (três) pontos percentuais entre o previsto na amostra e a coleta realizada. Para a variável nível econômico, o fator de ponderação é igual a 1, (resultados obtidos no campo). O nível de confiança estimado é de 95%  (noventa e cinco por cento) para uma margem de erro estimada, considerando uma técnica de amostragem aleatória simples, de aproximadamente 3,5 (Três vírgula cinco) pontos percentuais sobre os resultados obtidos. Ressalta-se que esta margem de erro e grau de confiabilidade se aplica ao total da amostra, não devendo ser considerado para os resultados dentro de cada estrato e nem para os resultados gerados pelo cruzamento de variáveis. Fonte de Dados: Para as variáveis de Gênero, Faixa Etária e Grau de Instrução, os dados foram extraídos do repositório de estatísticas do eleitorado do TSE (Tribunal Superior Eleitoral), atualizados em junho de 2026, referentes ao Estado do Espírito Santo. Para a variável de Nível Econômico, utilizou-se a PNAD Contínua 4º. Trim 2025(IBGE), no estado do Espírito Santo. Área física: A relação completa dos municípios e bairros pesquisados será encaminhada a esse tribunal posteriormente até o sétimo dia seguinte à data de registro da pesquisa, conforme Resolução 23.600/2019 do TSE, no art.2º §7º.
";"São checados, no mínimo, 20% dos questionários de cada pesquisador, o controle de qualidade é realizado diretamente por supervisores CATI ou, posteriormente, por novo contato telefônico. Antes do processamento final e emissão do relatório os dados coletados passam por um processo de consistência. Os dados coletados e tratados nesta pesquisa atendem às exigências da LGPD, Lei Geral de Proteção de Dados, garantindo ao respondente o sigilo de sua identidade e o correto tratamento de suas respostas.";"A pesquisa será realizada no Estado do Espírito Santo. A relação dos municípios e bairros pertencentes à amostra será apresentada até o dia seguinte à data a partir da qual a pesquisa puder ser divulgada, conforme §7º do art. 2º da Resolução-TSE nº. 23.600/2019
"
"28/09/2026";"05:46:54";2026;81;"Eleições Gerais 2026";"ES";"ES";"ESPÍRITO SANTO";"ES016792026";"2026-08-17 17:49:27";"S";"10175843000182";"INSTITUTO DE PESQUISAS PERFIL LTDA";"#NULO#";"Governador, Senador, Deputado Federal, Deputado Estadual";"2026-08-18 00:00:00";"2026-08-20 00:00:00";"2026-08-23 00:00:00";1000;"9063";"LINIANE GAZOLA";"20000,00";"Pesquisa quantitativa, de natureza exploratório-descritiva, operacionalizada por meio da técnica survey com									
aplicação de questionário estruturado. A coleta de dados será realizada exclusivamente por meio de entrevistas pessoais									
utilizando dispositivos eletrônicos (tablets) O universo é constituído pelos eleitores com 16 anos ou mais,									
regularmente inscritos no cadastro eleitoral e residentes em: 									
VILA VELHA - ES									
Empresa Contratante e Pagante pelo trabalho:				INSTITUTO DE PESQUISAS PERFIL					
CNPJ/CPF:	10.175.843/0001-82								
ORIGEM DO RECURSO: 		INTERNO - PROPRIO							";" A amostra prevista é de		1000	 entrevistas.					
O público-alvo da pesquisa é constituído por eleitores com 16 anos ou mais, residentes na área de abrangência do estudo.								
Para assegurar a representatividade estatística desse universo, adotou-se um delineamento amostral probabilístico por conglomerados, 								
estruturado em três estágios. No primeiro estágio, procede-se ao sorteio probabilístico dos municípios integrantes da amostra, utilizando-se								
o método PPT (Probabilidade Proporcional ao Tamanho), tendo como base de ponderação a população votante com idade igual ou superior								
a 16 anos residente em cada município. No segundo estágio, a partir da relação dos municípios selecionados, realiza-se novo sorteio 								
probabilístico pelo método PPT, esta feita incidente sobre setores censitários a serem visitados em campo. Esse sorteio toma como								
referência o total de habitantes residentes nesses setores, conforme dados do ultimo Censo Demográfico (2022) garantindo, assim,								
a dispersão aleatória e a cobertura estatística do território municipal, independentemente de recortes administrativos. No terceiro e último 								
 estágio, nos setores censitários sorteados, são selecionados os domicílios e os indivíduos a serem entrevistados, adotando-se procedimento								
de quotas amostrais para as variáveis de controle: sexo, idade, renda familiar e escolaridade. O perfil amostral resultante, balizado pelas quotas 								
 estabelecidas, apresenta a seguinte composição:								
GÊNERO:	MASCULINO	45,5%						
	FEMININO	54,5%						
Fonte: 	TSE- JULHO-26							
FAIXA ETÁRIA					
	16 A 24 Anos	10,4%						
	25 a 34	18,1%						
	35 a 44	20,2%						
	45 a 59	26,5%						
	60 ou mais	24,8%	
FONTE: 	TSE- JULHO-26							
GRAU DE INSTRUÇÃO		
	Analfabeto/Lê e escreve			2%				
	Ensino fundamental completo/incompleto			19%				
	Ensino médio completo/incompleto			50%				
	Ensino superior completo/incompleto			29%				
	Invalido			0%	
FONTE: 	TSE- JULHO-26			
RENDA FAMILIAR								
	Sem rendimento / Até 1 salário mínimo			11,4%				
	De 1 a 2 salários			17,3%				
	De 2 a 5 Salários			36,1%				
	Mais de 5 salários			35,2%
	(S.M. - SALARIO MINIMO)							
Fonte	https://cidades.ibge.gov.br/brasil/es/vila-velha/pesquisa/23/24304							
Fonte para a malha de setores censitários, Censo 2022 (IBGE);								
A definição dos parâmetros populacionais para as cotas amostrais baseia-se nos dados do Censo Demográfico mais recente disponibilizado 								
pelo IBGE, admitindo-se, nos termos do art. 2º, II, ""a"", da Resolução TSE nº 23.600/2019, a utilização de informações defasadas quando não 								
houver dados atualizados, devidamente justificada no registro da pesquisa.								
Como etapa complementar ao plano amostral, prevê-se a pós-estratificação manual, aplicável apenas se constatadas diferenças entre a 								
distribuição obtida em campo e os parâmetros populacionais predefinidos para as variáveis de controle. O procedimento consiste no ajuste 								
ponderado das frequências amostrais, com base na comparação entre percentuais observados e previstos, com o fim de recompor a								
proporcionalidade da amostra em relação ao universo. Tal ajuste constitui prática metodológica padrão e não decorre de qualquer fragilidade 								
no processo de coleta ou seleção da amostra.								
Margem de Erro máxima prevista é:			3,1%	pontos percentuais para mais ou para menos, considerando um				
nível de confiança de 		95%	e baseada em uma amostra aleatória simples (AAS). ";"As entrevistas são realizadas por equipes devidamente treinadas e identificados, utilizando para a coleta dispositivo eletronico, 							
as equipes serão acompanhadas por um coordenador / supervisor que atua como fiscal de campo fazendo o controle, 							
a verificação e a fiscalização da coleta de dados. Após a coleta, a pesquisa será checada, criticada e codificada, 							
internamente de acordo com o padrão estabelecido pela ABEP (Associação Brasileira de Empresas de Pesquisa). Todo o 							
material será 100% criticado e 20% verificado, conforme procedimento padrão em pesquisa de opinião publica. As 							
informações serão processadas por meio de programa especifico, para a tabulação e eleaboração dos resultados. Os dados							
serão gerados no formato de tabelas de frequencia, e analisados criteriosamente. Ao final sera elaborado um relatorio analitico-							
descritivo, contendo tabelas e graficos para o resultado de cada pergunta realizada no questionario, seguindo as							
exigencias do TSE. 							
Os dados coletados e tratados nesta pesquisa atendem às exigências da LGPD, Lei Geral de Proteção de Dados garantindo							
ao respondente o sigilo de sua identidade e o correto tratamento de suas respostas.							";"A área de abrangência da coleta é :				VILA VELHA - ES				
A relação das localidades e setores censitários selecionadas para aplicação da amostra será apresentada 								
a partir do dia em que a pesquisa puder ser divulgada e até o dia seguinte, conforme expresso no 								
art. 2º, §7º da Resolução 23.600/2019 doTSE.								"
