"DT_GERACAO";"HH_GERACAO";"AA_ELEICAO";"CD_ELEICAO";"NM_ELEICAO";"SG_UF";"SG_UE";"NM_UE";"NR_PROTOCOLO_REGISTRO";"DT_REGISTRO";"ST_PESQUISA_PROPRIA";"NR_CNPJ_EMPRESA";"NM_EMPRESA";"NM_EMPRESA_FANTASIA";"DS_CARGO";"DT_INICIO_PESQUISA";"DT_FIM_PESQUISA";"DT_DIVULGACAO";"QT_ENTREVISTADO";"CD_CONRE";"NM_ESTATISTICO_RESP";"VR_PESQUISA";"DS_METODOLOGIA_PESQUISA";"DS_PLANO_AMOSTRAL";"DS_SISTEMA_CONTROLE";"DS_DADO_MUNICIPIO"
"28/09/2026";"05:46:54";2026;81;"Eleições Gerais 2026";"SP";"SP";"SÃO PAULO";"SP010612026";"2026-05-25 13:38:55";"S";"51734691000198";"EXATA PESQUISA E CONSULTORIA LTDA";"EXATA PESQUISA E CONSULTORIA";"Governador, Deputado Federal, Deputado Estadual";"2026-05-26 00:00:00";"2026-05-27 00:00:00";"2026-05-31 00:00:00";598;"11120";"ISABELE ALVES PEREIRA";"10000,00";"Metodologia de pesquisa: Pesquisa quantitativa, consistente na realização de entrevistas, com a aplicação de questionário estruturado junto a uma amostra representativa do eleitorado do  município de Presidente Prudente-SP.
";"Plano amostral e ponderação quanto a sexo, idade, grau de instrução e nível econômico do entrevistado; intervalo de confiança e margem de erro:
Estudo representativo do eleitorado do município de Presidente Prudente-SP. Método de amostragem por cotas. Plano amostral e ponderação quanto a sexo, idade, grau de instrução e nível econômico do entrevistado; Intervalo de confiança e margem de erro: Representativo do eleitorado da área em estudo, elaborada, em vários estágios, da seguinte forma: 1) divisão do município em estratos, onde serão realizadas entrevistas em quantidade proporcional ao número de habitantes contidos em cada um destes; 2) após esta divisão, dentro de cada região escolhida, os respondentes são selecionados através de quotas amostrais proporcionais em função de variáveis significativas; 3) Os respondentes são selecionados através de quotas amostrais proporcionais em função de variáveis significativas, a saber: gênero ¿ Feminino 54% e masculino 46%; grau de instrução/escolaridade ¿ Analfabeto 1%, Ensino Fundamental 24%, Ensino Médio 45% e Ensino Superior 30%; Idade ¿ 16 a 24 Anos 11%, 25 a 34 Anos 18%, 35 a 44 Anos 19%, 45 a 59 Anos 27%, e Acima de 60 Anos 24%; Nível econômico/renda familiar completa - Até 2 salários-mínimos 73%, de 2 a 5 salários-mínimos 20%, Acima de 5 salários 5% e Sem Renda 2%.  Caso ocorram diferenças superiores à margem de erro prevista entre a amostra planejada e a coleta de dados efetivamente realizada, está prevista a aplicação de ponderação para correção das variáveis, tomando como referência os percentuais acima mencionados. O intervalo de confiança estimado é de 95%. Considerando um modelo de amostragem aleatória simples, a margem de erro máxima estimada é de aproximadamente 4 pontos percentuais (para mais ou para menos) sobre os resultados obtidos para o total da amostra.
Fontes dos dados:
¿IBGE ¿ Censo 2022: utilizado para densidade demográfica, setores censitários, alocação da amostra e nível econômico.
¿TSE ¿ Maio/2026: utilizado para sexo, faixa etária, escolaridade e distribuição do eleitorado por município ou regiões previamente definidas.
Os dados do TSE são os únicos adequados para gênero, idade dos eleitores e quantitativo de eleitores por município, pois sua base é automaticamente atualizada. 
";"Sistema interno de controle e verificação, conferência e fiscalização da coleta de dados e do trabalho de campo:
As entrevistas serão conduzidas por uma equipe de entrevistadores e supervisores qualificados pela Exata Pesquisa e Consultoria Ltda. Conferência e Fiscalização: Os questionários são submetidos a uma fiscalização, conferência e checagem de cerca de 20% (vinte por cento) dos questionários aplicados.
";"A relação dos bairros abrangidos pela pesquisa será apresentada em arquivo anexo até 1 (um) dia após a divulgação desta pesquisa conforme §7º. do art. 2º. da Resolução-TSE nº. 23.600/2019. A área de abrangência desta pesquisa é o município de Presidente Prudente-SP."
"28/09/2026";"05:46:54";2026;81;"Eleições Gerais 2026";"SP";"SP";"SÃO PAULO";"SP057692026";"2026-09-20 21:41:58";"N";"52634112000106";"OLHAR PUBLICO PESQUISAS DE OPINIAO LTDA.";"OLHAR PUBLICO PESQUISAS DE OPINIAO";"Governador, Deputado Federal, Deputado Estadual";"2026-09-22 00:00:00";"2026-09-25 00:00:00";"2026-09-26 00:00:00";400;"7655";"AUGUSTO DA SILVA ROCHA";"6000,00";"A pesquisa cobrirá o município envolvendo todas regiões do município de Itatiba/SP Universo da pesquisa será dos eleitores com 16 anos ou mais. A amostra representará os eleitores do Município, selecionados em 2(dois) estágios. No primeiro estágio, os setores censitários, onde as entrevistas serão realizadas, foram selecionadas, probabilisticamente, através do método PPT - Probabilidade Proporcional ao Tamanho, tomando o número de eleitores como base para seleção. No segundo estágio, a seleção do entrevistado, dentro do setor censitário, será feita utilizando-se quotas proporcionais, e a abordagem será domiciliar.";"Utilizamos quotas proporcionais, em função das seguintes variáveis:

Gênero: FEMININO 52,82% ;
MASCULINO 47,18% ;


Faixa etária: 16 a 24 anos 11,15% ;
25 a 34 anos 17,25% ;
35 a 44 anos 20,21% ;
45 a 59 anos 27,49% ;
60 anos ou mais 23,90% ;


Grau de instrução: Analfabeto 1,08% ;
Ensino Fundamental Completo 7,67% ;
Ensino Fundamental Incompleto 18,12% ;
Ensino Médio Completo 33,39% ;
Ensino Médio Incompleto 13,20% ;
Lê E Escreve 0,95% ;
Superior Completo 18,19% ;
Superior Incompleto 7,40% ;

Fonte dos dados: TSE-Tribunal Superior Eleitoral/agosto de 2026; https://sig.tse.jus.br/ords/dwapr/r/seai/sig-eleitor-eleitorado-mensal/cruzamento-eleitorado-mensal?p0_municipio=ITATIBA&p0_uf=SP&session=8699340894570 ;


Ano=2026; Mês = agosto; UF= SP; MUNICIPIO = Itatiba;

Renda familiar (A variável ?classe de rendimento nominal mensal domiciliar? corresponde à classificação dos domicílios segundo a soma dos rendimentos nominais mensais de seus moradores, expressa em faixas de salários mínimos vigentes no período de referência do Censo Demográfico 2010. Trata-se da renda total do domicílio, não dividida pelo número de moradores, não devendo ser confundida com rendimento domiciliar per capita. Para fins de planejamento amostral e ponderação, foram preservadas as categorias e os percentuais originalmente disponibilizados pelo IBGE, sem reagrupamento ou recálculo das faixas.): Até 1/2 salário mínimo 0,20% ;
Mais de 1/2 a 1 salário mínimo 3,70% ;
Mais de 1 a 2 salários mínimos 14,17% ;
Mais de 2 a 5 salários mínimos 42,14% ;
Mais de 5 a 10 salários mínimos 25,26% ;
Mais de 10 a 20 salários mínimos 8,39% ;
Mais de 20 salários mínimos 2,78% ;
Sem rendimento 3,36% ;


Fonte dos dados: IBGE-Censo 2010-IBGE-CENSO 2022 (IBGE/Censo 2010 - Classe de rendimento nominal mensal domiciliar) ; https://cidades.ibge.gov.br/brasil/sp/itatiba/pesquisa/23/24304 ;


""Está prevista eventual ponderação da amostra para correção das variáveis sexo, idade, renda familiar e escolaridade com base nos percentuais anteriormente mencionados, caso ocorram diferenças entre os percentuais previstos na amostra e a coleta de dados realizada. O nível de confiança estimado é de 95% e a margem de erro máxima prevista, baseada em uma amostra aleatória simples (AAS), é de cerca de 5,2 pontos percentuais para mais ou para menos em relação aos totais da amostra. Nível Econômico: IBGE (Censo/2010) - Observação: Conforme informações obtidas do Instituto Brasileiro de Geografia e Estatística, o IBGE, não divulgou - e não tem previsão - de data para divulgação do perfil econômico (nível econômico) da população brasileira; portanto, os dados quanto ao nível econômico obtidos no Censo 2022, não podem ser utilizados, pois não foram publicados.""";"Para a realização da pesquisa, utiliza-se uma equipe de entrevistadores e supervisores credenciados devidamente treinados pela empresa para esse tipo de pesquisa. Após os trabalhos de campo, 100% dos questionários são criticados e passam por uma fiscalização de cerca de 20% (vinte por cento) dos questionários aplicados por cada entrevistador; para verificação da consistência das respostas e da adequação dos entrevistados aos parâmetros amostrais.";"Pesquisa NÃO realizada e NÃO divulgada"
"28/09/2026";"05:46:54";2026;81;"Eleições Gerais 2026";"SP";"SP";"SÃO PAULO";"SP056562026";"2026-09-13 20:16:41";"S";"45613076000120";"INSTITUTO VOX BRASIL OPINIAO E PESQUISAS LTDA";"#NULO#";"Governador, Deputado Federal, Deputado Estadual";"2026-09-14 00:00:00";"2026-09-15 00:00:00";"2026-09-19 00:00:00";2000;"9907";"GUILHERME COELHO NEVES";"15000,00";"Pesquisa do tipo quantitativo, por amostragem, com aplicação de questionário estruturado e abordagem pessoal em domicílios particulares permanentemente ocupados, de acordo com a definição do IBGE ¿ Instituto Brasileiro de Geografia e Estatística. O conjunto do eleitorado dos municípios de Taboão da Serra, Embu das Artes e Itapecerica da Serra do Estado São Paulo, com 16 anos ou mais. foi tomado como universo da pesquisa.";"Tamanho da amostra: A amostra prevista é de 2.000 entrevistas.
Técnica de amostragem: Amostragem por Conglomerados em Múltiplos Estágios com Controle de Cotas na Seleção do Respondente. No primeiro estágio, os municípios são organizados por áreas e setores censitários. Em seguida, são sorteados os setores, listadas as unidades selecionadas e sorteadas as ruas com apoio de mapa da região. Posteriormente, são selecionados os domicílios por amostragem sistemática. Dentro de cada residência, aborda-se um morador apto a votar no município, obrigatoriamente residente no domicílio e eleitor de um dos municípios pesquisados, observados os controles amostrais aplicados.
Na etapa de controle, são consideradas as variáveis sexo, idade, grau de instrução e nível econômico. Adota-se p=50% para maximizar a variância e, consequentemente, produzir a estimativa conservadora da margem de erro. A amostra poderá ser ponderada pelos percentuais calculados diretamente das quantidades presentes nas fontes fornecidas.
Sexo: Homens: 46,49%; Mulheres: 53,51%, conforme o TSE de Agosto de 2026.
Faixa etária: 16 anos: 0,19%; 17 anos: 0,45%; 18 a 20 anos: 4,54%; 21 a 24 anos: 7,67%; 25 a 34 anos: 20,61%; 35 a 44 anos: 20,78%; 45 a 59 anos: 27,31%; 60 a 69 anos: 11,37%; Acima de 69 anos: 7,08%, conforme o TSE de Agosto de 2026.
Grau de instrução: ANALFABETO: 1,22%; LÊ E ESCREVE: 3,12%; ENSINO FUNDAMENTAL INCOMPLETO: 18,23%; ENSINO FUNDAMENTAL COMPLETO: 6,10%; ENSINO MÉDIO INCOMPLETO: 18,26%; ENSINO MÉDIO COMPLETO: 36,59%; SUPERIOR INCOMPLETO: 5,93%; SUPERIOR COMPLETO: 10,55%, conforme o TSE de Agosto de 2026.
Renda: Até 2 salários mínimos: 86,21%; Mais de 2 a 5 salários mínimos: 12,09%; Mais de 5 a 10 salários mínimos: 1,44%; Acima de 10 salários mínimos: 0,26%, conforme as tabelas de renda do IBGE (IBGE Censo 2022, https://sidra.ibge.gov.br/tabela/10296)
Área física: Municípios de Taboão da Serra, Embu das Artes e Itapecerica da Serra, Estado de São Paulo, em domicílios particulares permanentemente ocupados e sorteados por procedimento aleatório sem reposição.
Margem de erro: A margem de erro máxima prevista para o total da amostra é de 2,19 pontos percentuais para mais ou para menos, considerando nível de confiança de 95%, Os intervalos de confiança serão calculados para esse mesmo nível de confiança, Com p=50% , o valor calculado é de 2,19. Fonte de dados: TSE ¿ Agosto de 2026, com carga em 01/09/2026; e IBGE( Censo 2022, https://sidra.ibge.gov.br/tabela/10296)";"Os pesquisadores envolvidos na realização desta pesquisa recebem treinamento especializado e instruções específicas de abordagem. O trabalho é realizado com equipe de campo e coordenadores. Há fiscalização no ato da entrevista, e os questionários são recolhidos e checados quanto ao correto preenchimento. Após os trabalhos de campo, os questionários são submetidos a fiscalização, com verificação de 20% dos instrumentos aplicados individualmente pelos entrevistadores, para checagem das respostas. Internamente, todo o material é verificado, codificado e digitado. Antes do processamento final, realiza-se a conferência da digitação e a análise de consistência dos dados.";"EM ANEXO."
"28/09/2026";"05:46:54";2026;81;"Eleições Gerais 2026";"SP";"SP";"SÃO PAULO";"SP073002026";"2026-09-27 19:44:37";"S";"00654576000172";"INSTITUTO VERITA LTDA";"VERITA";"Governador, Senador";"2026-09-28 00:00:00";"2026-10-02 00:00:00";"2026-10-03 00:00:00";3025;"10699";"Guilherme Alvarenga Laia";"232925,00";"Estudo quantitativo voltado às Eleições 2026, realizado por meio de entrevistas individuais, aplicadas mediante questionário eletrônico estruturado e Unidade Automatizada de Respostas Audíveis e Auditáveis, por meio de ligações para telefones móveis (celulares). A inteligência artificial é empregada exclusivamente para a transcrição automatizada das respostas em áudio, não interferindo na formulação das perguntas, na condução das entrevistas, na coleta das informações, na interpretação das respostas ou no tratamento estatístico dos dados.

A participação dos eleitores é voluntária, espontânea e não remunerada. As respostas são prestadas por autodeclaração, sendo, em sua maioria, registradas por meio de códigos numéricos correspondentes às alternativas previamente definidas no questionário.

A utilização de sistema eletrônico automatizado para a coleta e o registro das respostas proporciona elevado nível de padronização operacional, reduz a possibilidade de interferência humana durante a realização das entrevistas, amplia a rastreabilidade e a auditabilidade de todo o processo de coleta e contribui para maior precisão, consistência e confiabilidade dos dados obtidos.

O plano amostral foi elaborado para assegurar a representatividade estatística do eleitorado da respectiva Unidade da Federação, observando critérios técnicos de seleção, distribuição e ponderação da amostra, quando aplicáveis.";"A pesquisa foi planejada para produzir uma amostra estatisticamente representativa do eleitorado do estado DE SÃO PAULO, utilizando o método de Probabilidade Proporcional ao Tamanho (PPT), com plano amostral em múltiplos estágios. Na primeira etapa, esta Unidade da Federação é dividida em macrorregiões, de forma a assegurar adequada distribuição territorial da amostra e representação das diferentes características geográficas, demográficas e eleitorais. Na segunda etapa, os municípios de cada estrato são ordenados segundo seu porte populacional e eleitoral e sorteados. Na terceira etapa, os respondentes são selecionados entre os eleitores aptos residentes nos municípios sorteados, observando-se a distribuição proporcional da amostra e as cotas estabelecidas para as variáveis de sexo, faixa etária, grau de instrução e nível econômico. As cotas são estabelecidas para a pesquisa completa, considerando a composição do eleitorado e os parâmetros oficiais de referência, não sendo aplicadas isoladamente a cada município selecionado.

SEXO E FAIXA ETÁRIA - Fonte: Tribunal Superior Eleitoral (TSE), Perfil do Eleitorado, junho de 2026. Feminino de 16 a 34 anos: 15%; Masculino de 16 a 34 anos: 14,2%; Feminino de 35 a 54 anos: 20,2%; Masculino de 35 a 54 anos: 18,1%; Feminino com 55 anos ou mais: 18%; Masculino com 55 anos ou mais: 14,4%. Os parâmetros de sexo e idade têm como referência o cadastro eleitoral brasileiro atualizado pelo Tribunal Superior Eleitoral, considerando o universo de eleitores aptos com 16 anos ou mais.

GRAU DE INSTRUÇÃO - Fonte: IBGE - PNAD Contínua Anual 2025. A distribuição é: sem instrução 2,5%; ensino fundamental incompleto ou equivalente 18,2%; ensino fundamental completo ou equivalente 7,9%; ensino médio incompleto ou equivalente 7%; ensino médio completo ou equivalente 35,5%; ensino superior incompleto ou equivalente 5,6%; ensino superior completo 23,3%. Para não confundir os respondentes as faixas de escolaridade no questionário foram agrupadas em 3 faixas: até ensino fundamental incompleto e completo, ensino médio incompleto e completo e superior incompleto, completo ou mais. A PNAD Contínua é utilizada como referência por constituir a fonte oficial mais atualizada para a mensuração do nível de instrução da população brasileira, sua utilização também corrige limitações decorrentes da ausência de atualização obrigatória e contínua das informações de escolaridade no cadastro eleitoral do Tribunal Superior Eleitoral.

NÍVEL ECONÔMICO - RENDA FAMILIAR DO DOMICÍLIO - Fonte: IBGE - PNAD Contínua Anual 2025. Considera-se a renda domiciliar total, compreendendo rendimentos provenientes de trabalho formal e informal, aposentadorias, pensões, benefícios sociais e demais fontes de renda existentes no domicílio. observando-se a seguinte distribuição: renda familiar de até 2 salários-mínimos 29,5%; de 2 a 5 salários-mínimos 41,5%, acima de 5 salários-mínimos 29%.

PONDERAÇÃO E CALIBRAÇÃO DA AMOSTRA - Prevê-se eventual ponderação das variáveis de sexo, faixa etária, grau de instrução e nível econômico, caso sejam verificadas diferenças relevantes entre a distribuição da amostra efetivamente coletada e os parâmetros populacionais de referência adotados. Inicialmente, o fator de ponderação é igual a 1 (um), podendo ser recalculado sempre que necessário para assegurar a representatividade estatística da amostra.
INTERVALO DE CONFIANÇA E MARGEM DE ERRO - O intervalo de confiança adotado é de 95%, com margem máxima estimada de erro de aproximadamente 2 pontos percentuais, para mais ou para menos, sobre os resultados do total da amostra, calculada segundo o modelo de amostragem aleatória simples e a hipótese de máxima variabilidade.";"Após os trabalhos de coleta de dados, os questionários são submetidos a uma fiscalização, conferência e checagem de cerca de 20% (vinte por cento) dos questionários aplicados. Todas as entrevistas são integralmente registradas em áudio, permanecendo auditáveis e rastreáveis, permitindo a verificação da integridade do processo de coleta, preservado o sigilo das informações pessoais dos entrevistados e observadas as disposições da Lei Geral de Proteção de Dados Pessoais (Lei nº 13.709/2018).";"Em observância ao art. 2º, § 7º, da Resolução TSE nº 23.600/2019, com redação dada pela Resolução TSE nº 23.747/2026, a presente pesquisa terá seu registro complementado no Sistema de Registro de Pesquisas Eleitorais a partir da data em que sua divulgação for permitida e até o dia seguinte, com a identificação dos municípios em que foram realizadas as entrevistas, bem como da composição final da amostra quanto a gênero, idade, grau de instrução e nível econômico, na forma exigida pela legislação eleitoral vigente."
"28/09/2026";"05:46:54";2026;81;"Eleições Gerais 2026";"SP";"SP";"SÃO PAULO";"SP043732026";"2026-04-11 10:52:25";"N";"00654576000172";"INSTITUTO VERITA LTDA";"VERITA";"Senador";"2026-04-11 00:00:00";"2026-04-14 00:00:00";"2026-04-17 00:00:00";3025;"10699";"GUILHERME ALVARENGA LAIA";"77000,00";"Pesquisa quantitativa, que consiste na realização de entrevistas, com a aplicação de questionário estruturado junto a uma amostra representativa do eleitorado desta Unidade de Federação.";"ESTUDO REPRESENTATIVO DO ELEITORADO DO ESTADO DE SÃO PAULO - MÉTODO PPT (Probabilidade Proporcional ao Tamanho) - PLANO AMOSTRAL E PONDERAÇÃO QUANTO A SEXO, IDADE, GRAU DE INSTRUÇÃO E NÍVEL ECONÔMICO DO ENTREVISTADO; INTERVALO DE CONFIANÇA E MARGEM DE ERRO: Representativo do eleitorado da área em estudo, elaborada, em vários estágios, da seguinte forma: - 1. Divisão da UF em estratos proporcionais de municípios. 2. Ordenação dos municípios de cada estrato segundo o porte. 3. Sorteio dos municípios de cada estrato. 4. Os respondentes são selecionados através de quotas amostrais proporcionais em função de variáveis significativas, a saber: GÊNERO / FAIXA ETÁRIA - FEMININO E MASCULINO 16 A 34 ANOS 14,8% E 14%, 35 A 54 ANOS 20,5% E 18,3%, 55 ANOS OU MAIS 18% E 14,5%. GRAU DE INSTRUÇÃO ¿ FEMININO E MASCULINO Sem instrução até Ensino Médio completo 54,8%, Ensino superior incompleto e completo 45,2% NÍVEL ECONÔMICO - FEMININO população não economicamente ativa 46,5% população economicamente ativa 53,5% MASCULINO população não economicamente ativa 27,2% população economicamente ativa 72,8%. RENDA FAMILIAR DO DOMICÍLIO renda familiar de até 2 salários-mínimos 30,7%; de 2 a 5 salários-mínimos 44,2%, acima de 5 salários-mínimos 25,1%. Está prevista eventual ponderação para correção das variáveis, com base nos percentuais anteriormente mencionados, caso ocorram diferenças superiores a margem de erro da pesquisa previsto entre a amostra e a coleta de dados realizada. O fator previsto para ponderação é 1 (resultados obtidos na coleta de dados). O intervalo de confiança estimado é de 95% e a margem de erro máxima estimada considerando um modelo de amostragem aleatório simples, é de aproximadamente 2 pontos percentuais para mais ou para menos sobre os resultados encontrados no total da amostra. FONTE DOS DADOS: IBGE/Censo 2022 para fins de densidade demográfica, setores censitários e alocação da amostra. IBGE/PNAD/PNADC/MEC/INEP para fins de Nível Econômico e Escolaridade. TSE FEVEREIRO/2026 para fins de Sexo, Faixa Etária e eleitorado por município ou regiões previamente definidas (importante ressaltar para o público leigo que os dados do TSE são os únicos corretos para gênero, idade dos eleitores e quantitativo de eleitores por municípios já que a base de dados se atualiza automaticamente, PORÉM, dados de escolaridade e nível econômico NÃO são corretos e confiáveis devido a desatualização que ocorre naturalmente com o passar dos anos). Definição de margem de erro e intervalo de confiança: Margem de erro e intervalo de confiança não são grandezas diretamente proporcionais. A SOMA NÃO TEM QUE RESULTAR 100%. ";"Após os trabalhos de coleta de dados, os questionários são submetidos a uma fiscalização, conferência e checagem de cerca de 20% (vinte por cento) dos questionários aplicados.";"A relação dos municípios sorteados ou selecionados para esta pesquisa será apresentada em arquivo anexo até 1 (um) dia após a divulgação desta pesquisa conforme §7º. do art. 2º. da Resolução-TSE nº. 23.600/2019. A área de abrangência desta pesquisa é o Estado DE SÃO PAULO."
"28/09/2026";"05:46:54";2026;81;"Eleições Gerais 2026";"SP";"SP";"SÃO PAULO";"SP014862026";"2026-09-22 23:08:30";"S";"19259002000128";"ATLASINTEL TECNOLOGIA DE DADOS LTDA";"ATLASINTEL";"Governador, Senador";"2026-09-22 00:00:00";"2026-09-27 00:00:00";"2026-09-28 00:00:00";1800;"11220";"ANDREI CAMILO DOS SANTOS";"75000,00";"Pesquisa quantitativa com coleta aleatória via questionário estruturado web e pós-estratificação da amostra de acordo com as características do eleitorado de São Paulo.";"Amostra aleatória pós-estratificada via algoritmo iterativo com quotas proporcionais, representando as características do eleitorado de São Paulo:
SEXO: Masculino: 46.7%; Feminino: 53.3%.
FAIXA ETÁRIA: Entre 16 a 24 anos: 10.7%; Entre 25 a 34 anos: 18.0%; Entre 35 a 44 anos: 19.7%; Entre 45 a 59 anos: 26.6%; 60 ou mais: 25.0%.
ESCOLARIDADE: Até Ensino Médio completo ou incompleto (inclui Ensino Fundamental completo/incompleto e pessoas sem instrução): 67.2%; Ensino Superior completo ou incompleto: 32.8%.
NÍVEL ECONÔMICO: Renda familiar mensal até R$ 2.000: 11.7%; de R$ 2.000 a R$ 3.000: 8.8%; de R$ 3.000 a R$ 5.000: 24.0%; de R$ 5.000 a R$ 10.000: 32.1%; mais de R$ 10.000: 23.5%.
OBS.: devido ao arredondamento, a soma dos percentuais pode variar de 99% a 101%. Na agregação final, para cada variável de ponderação, serão admissíveis desvios de até 2 pontos percentuais em relação às quotas estipuladas. Confiança estimada: 95%, margem de erro: +/- 2.0 pontos percentuais. FONTE DOS DADOS: PNADC 2026 para escolaridade | PNADC 2025 para renda | TSE 2026 para sexo e faixa etária.";"Coleta feita com a utilização de questionário eletrônico com procedimentos específicos para o armazenamento seguro dos dados. São checados manualmente no mínimo 15% dos questionários para detectar possíveis anomalias. Pesquisadores especializados realizam internamente uma verificação exaustiva da consistência dos dados antes da divulgação dos resultados finais.";"#NULO#"
"28/09/2026";"05:46:54";2026;81;"Eleições Gerais 2026";"SP";"SP";"SÃO PAULO";"SP018062026";"2026-08-15 23:43:21";"N";"07630546000175";"DATAFOLHA INSTITUTO DE PESQUISAS LTDA.";"#NULO#";"Governador, Senador";"2026-08-18 00:00:00";"2026-08-21 00:00:00";"2026-08-21 00:00:00";1610;"7249A";"Renata Nunes Cesar";"185706,64";"Pesquisa do tipo quantitativo, por amostragem, com aplicação de questionário estruturado e abordagem pessoal em pontos de fluxo populacional. O eleitorado do estado de São Paulo foi tomado como universo da pesquisa.";"Universo: Eleitorado do estado de São Paulo
Tamanho da amostra: A amostra prevista é de 1610 entrevistas. 
Técnica de amostragem: A amostra é estratificada por natureza dos municípios (capital, região metropolitana ou interior), sendo que os estratos são desproporcionais em relação ao tamanho do universo. Posteriormente, as proporções corretas serão restabelecidas na fase de ponderação dos dados. Os municípios com população acima de 500 mil habitantes constituem estratos. Em cada estrato, num primeiro estágio, são sorteados com probabilidade proporcional ao tamanho (PPT) os municípios que farão parte do levantamento. Num segundo estágio, são sorteados os bairros e pontos de abordagem onde serão aplicadas as entrevistas.  Por fim, os entrevistados são selecionados aleatoriamente para responder ao questionário, de acordo com cotas de gênero e faixa etária. 

Os dados utilizados para definição e seleção da amostra são baseados nos dados fornecidos pelo TSE (dados maio 2026),  IBGE (Censo 2022, PNADC 2024 e Estimativa populacional 2025), além de dados primários de outros levantamentos do instituto.  Os dados relativos a gênero e faixa etária são: Homens: 47%, mulheres: 53%, 16 a 24 anos: 11%, 25 a 34 anos: 18%, 35 a 44 anos: 20%, 45 a 59 anos: 26% e 60 anos ou mais: 25%.

Para a variável grau de instrução os dados utilizados como referência são: até nível médio completo ou incompleto (inclui os sem escolaridade e analfabetos) =70% e nível superior (inclui superior incompleto) = 30%.

Ponderação dos resultados: Está prevista ponderação considerando as variáveis natureza do município (capital 27%, outros municípios da região metropolitana 21%, interior 52%), gênero e faixa etária. A variável escolaridade poderá ser ajustada de acordo com os percentuais detalhados anteriormente caso a diferença entre os valores descritos e observados seja maior que a margem de erro definida.  Para o nível econômico do entrevistado (renda familiar mensal declarada pelo respondente), a distribuição utilizada como referência foi: Até 2 S.M. (salários mínimos)=38%, mais de 2 S.M.=58%, não souberam ou recusaram a resposta=4%.  O fator previsto para ponderação é 1 (resultados obtidos em campo).


Margem de Erro: A margem de erro máxima prevista é de 2 pontos percentuais para mais ou para menos, considerando um nível de confiança de 95% e baseada em uma amostra aleatória simples (AAS). Os intervalos de confiança serão calculados considerando os resultados obtidos para um nível de confiança de 95%.
";"Os entrevistadores envolvidos na realização desta pesquisa são treinados pelo Instituto e recebem instruções específicas para cada projeto realizado. A coleta será feita com a utilização de tablet e questionário eletrônico. São checados, no mínimo, 20% dos questionários de cada pesquisador, seja in loco por supervisores de campo ou, posteriormente, por telefone. Internamente, todo o material é verificado e codificado. Antes do processamento final e emissão dos resultados, realiza-se processo de consistência dos dados. Os dados coletados e tratados nesta pesquisa atendem às exigências da LGPD, Lei Geral de Proteção de Dados, garantindo ao respondente o sigilo de sua identidade e o correto tratamento de suas respostas.";"Área física: A área de abrangência da coleta dos dados é o estado de São Paulo. A relação completa dos municípios e bairros pesquisados será anexada ao registro até o dia seguinte à data de publicação da pesquisa, conforme Resolução 23.600/2019 do TSE, no art.2º §7º. 

"
"28/09/2026";"05:46:54";2026;81;"Eleições Gerais 2026";"SP";"SP";"SÃO PAULO";"SP042482026";"2026-09-07 12:16:11";"S";"04209958000148";"BADRA COMUNICACAO LTDA";"BADRA COMUNICACAO";"Governador, Senador, Deputado Federal, Deputado Estadual";"2026-09-08 00:00:00";"2026-09-10 00:00:00";"2026-09-13 00:00:00";1500;"10744";"Marcos Rogerio Simonetti";"18000,00";"Pesquisa de opinião quantitativa, que consiste na realização de entrevistas pessoais, domiciliares e em pontos de fluxo, conduzidas por entrevistadores sociais capacitados, com a aplicação de questionários estruturados a uma amostra representativa da população votante de 16 anos ou mais residente na Baixada Santista. O plano amostral aplicado contempla a seleção e abordagem dos entrevistados a partir de cotas amostrais pré-definidas, para um conjunto de municípios (unidades territoriais homogêneas) representativos do universo, de modo a assegurar a proporcionalidade e a confiabilidade da amostra em relação ao universo (eleitorado total da Baixada Santista).";"A amostra representativa do universo, ou seja, o eleitorado da Baixada Santista. Tamanho da amostra: 1.500 entrevistas. Técnica de amostragem: por cotas, segundo combinação das variáveis sexo e faixa etária, proporcionais ao eleitorado de cada município, conforme estatística do eleitorado do Tribunal Superior Eleitoral (TSE - Janeiro/2026): SEXO: Masculino (45,6%) e Feminino (54,4%). FAIXA ETÁRIA: 16-24 anos (5,3% masculino e 5,4% feminino); 25-44 anos (16,8% masculino e 18,7% feminino); 45-59 anos (12,1% masculino e 14,1% feminino); e mais de 60 anos (11,4% masculino e 16,1% feminino). Para as variáveis de sexo e idade, o fator de ponderação é 1 (resultados obtidos em campo). ESCOLARIDADE: (FONTE: TSE ¿ Janeiro/2026) Até ensino médio (37,8% - masculino e 43,0% - feminino); Superior (7,8% - masculino e 11,4% feminino). NÍVEL ECONÔMICO/RENDA: (FONTE: CENSO IBGE 2022, a partir da composição de tabela relacionando Município + código IBGE + UF + população por cada faixa + percentual por cada faixa). Até R$ 3.200,00 (57%); Mais de R$ 3.200,00 e até R$ 8.000,00 (32%); Mais de R$ 8.000,00 e até R$ 16.000,00 (9%); Mais de R$ 16.000,00 (2%), combinadas com versões mais recentes das PNADs. Eventual ponderação estatística para correção das variáveis de escolaridade e nível econômico, quando o caso e na ocorrência de diferenças superiores a 3% entre o previsto na amostra e a efetiva coleta de dados no campo. A margem de erro é de 2,5 pontos percentuais para mais ou para menos, sobre o resultado encontrado no total da amostra. Nível de confiança estimado de 95%, o que quer dizer que há uma probabilidade de 95% de os resultados retratarem a realidade, se repetido nas mesmas condições de execução. Para a seleção dos municípios que compõem a amostra é realizada uma configuração por conglomerado, sempre representativa do universo, a partir de suas populações votantes acima de 16 anos, e com o consequente sorteio/definição dos setores censitários a serem percorridos pelos entrevistadores sociais.";"Para a realização do levantamento estatístico de dados, o instituto se utiliza de equipe de entrevistadores sociais e supervisores de campo experientes e treinados para a execução da atividade. No mínimo 20% das entrevistas realizadas são auditadas, parte delas ainda no território, por coordenadores e supervisores de campo, a partir da observação participante. A outra parte via contato telefônico com os entrevistados que fornecem seu primeiro nome e/ou telefone de contato para o devido controle e verificação, conferência e fiscalização da coleta de dados, seja em relação às respostas, seja em confirmação da adequação aos parâmetros amostrais.";"A área de abrangência da coleta é o território da Baixada Santista. Conforme §7º. do art. 2º. da Resolução-TSE nº. 23.600/2019, a partir do dia em que a pesquisa puder ser divulgada e até o dia seguinte, o registro deverá ser complementado, sob pena de ser a pesquisa considerada não registrada; na ausência de delimitação do bairro, será identificada a área em que foi realizada): A relação das localidades selecionadas para aplicação da amostra será apresentada até o 7º dia seguinte ao registro da pesquisa."
"28/09/2026";"05:46:54";2026;81;"Eleições Gerais 2026";"SP";"SP";"SÃO PAULO";"SP001062026";"2026-03-12 22:21:29";"S";"00654576000172";"INSTITUTO VERITA LTDA";"VERITA";"Governador, Senador, Deputado Federal";"2026-03-13 00:00:00";"2026-03-19 00:00:00";"2026-03-18 00:00:00";3025;"10699";"GUILHERME ALVARENGA LAIA";"232925,00";"Pesquisa quantitativa, que consiste na realização de entrevistas, com a aplicação de questionário estruturado junto a uma amostra representativa do eleitorado desta Unidade da Federação.";"ESTUDO REPRESENTATIVO DO ELEITORADO DO ESTADO DE SÃO PAULO - MÉTODO PPT (Probabilidade Proporcional ao Tamanho) - PLANO AMOSTRAL E PONDERAÇÃO QUANTO A SEXO, IDADE, GRAU DE INSTRUÇÃO E NÍVEL ECONÔMICO DO ENTREVISTADO; INTERVALO DE CONFIANÇA E MARGEM DE ERRO: Representativo do eleitorado da área em estudo, elaborada, em vários estágios, da seguinte forma: - 1. Divisão da UF em estratos proporcionais de municípios. 2. Ordenação dos municípios de cada estrato segundo o porte. 3. Sorteio dos municípios de cada estrato. 4. Os respondentes são selecionados através de quotas amostrais proporcionais em função de variáveis significativas, a saber: GÊNERO / FAIXA ETÁRIA - FEMININO E MASCULINO 16 A 34 ANOS 14,8% E 14%, 35 A 54 ANOS 20,5% E 18,3%, 55 ANOS OU MAIS 18% E 14,5%. GRAU DE INSTRUÇÃO - FEMININO Sem instrução até Ensino Médio completo 54,8%, Ensino superior incompleto e completo % NÍVEL ECONÔMICO - FEMININO população não economicamente ativa 46,5% população economicamente ativa 53,5% MASCULINO população não economicamente ativa 27,2% população economicamente ativa 72,8%. RENDA FAMILIAR DO DOMICÍLIO renda familiar de até 2 salários-mínimos 30,7%; de 2 a 5 salários-mínimos 44,2%, acima de 5 salários-mínimos 25,1%. Está prevista eventual ponderação para correção das variáveis, com base nos percentuais anteriormente mencionados, caso ocorram diferenças superiores a margem de erro da pesquisa previsto entre a amostra e a coleta de dados realizada. O fator previsto para ponderação é 1 (resultados obtidos na coleta de dados). O intervalo de confiança estimado é de 95% e a margem de erro máxima estimada considerando um modelo de amostragem aleatório simples, é de aproximadamente 2 pontos percentuais para mais ou para menos sobre os resultados encontrados no total da amostra. FONTE DOS DADOS: IBGE/Censo 2022 para fins de densidade demográfica, setores censitários e alocação da amostra. IBGE/PNAD/PNADC/MEC/INEP para fins de Nível Econômico e Escolaridade. TSE FEVEREIRO/2026 para fins de Sexo, Faixa Etária e eleitorado por município ou regiões previamente definidas (importante ressaltar para o público leigo que os dados do TSE são os únicos corretos para gênero, idade dos eleitores e quantitativo de eleitores por municípios já que a base de dados se atualiza automaticamente, PORÉM, dados de escolaridade e nível econômico NÃO são corretos e confiáveis devido a desatualização que ocorre naturalmente com o passar dos anos). Definição de margem de erro e intervalo de confiança: Margem de erro e intervalo de confiança não são grandezas diretamente proporcionais. A SOMA NÃO TEM QUE RESULTAR 100%. ";"Após os trabalhos de coleta de dados, os questionários são submetidos a uma fiscalização, conferência e checagem de cerca de 20% (vinte por cento) dos questionários aplicados.";"A relação dos municípios sorteados ou selecionados para esta pesquisa será apresentada em arquivo anexo até 1 (um) dia após a divulgação desta pesquisa conforme §7º. do art. 2º. da Resolução-TSE nº. 23.600/2019. A área de abrangência desta pesquisa é o Estado DE SÃO PAULO
"
"28/09/2026";"05:46:54";2026;81;"Eleições Gerais 2026";"SP";"SP";"SÃO PAULO";"SP081142026";"2026-05-05 23:23:58";"S";"45613076000120";"INSTITUTO VOX BRASIL OPINIAO E PESQUISAS LTDA";"#NULO#";"Governador, Senador, Deputado Federal, Deputado Estadual";"2026-05-08 00:00:00";"2026-05-09 00:00:00";"2026-05-11 00:00:00";1200;"9907";"GUILHERME COELHO NEVES";"15000,00";"Metodologia de pesquisa: Pesquisa do tipo quantitativo, por amostragem, com aplicação de questionário estruturado e abordagem pessoal em domicílios particulares permanentemente ocupados (de acordo com a definição do IBGE - Instituto Brasileiro de Geografia e Estatística). O conjunto do eleitorado do município de Guarulhos-SP com 16 anos ou mais foi tomado como universo da pesquisa.";"Tamanho da amostra: A amostra prevista é de 1200 entrevistas. Técnica de amostragem A amostra é aleatória, com base na estimativa da média populacional. Utilizamos a amostragem em mais de um estágio. No primeiro estágio dividimos o município em bairros/setores censitários (conglomerados), sendo os mesmos listados, onde foram sorteados aleatoriamente. No segundo estágio, foram sorteadas as ruas (dispondo de um mapa da região), no terceiro estágio fizemos o sorteio das casas (via amostragem sistemática). O quarto estágio foi a seleção do entrevistado dentro da casa, onde o critério adotado foi o da primeira pessoa que atendesse a equipe de pesquisa, sendo este obrigatoriamente morador da residência e eleitor da cidade pesquisada. Na etapa seguinte foi realizado um controle das seguintes variáveis: sexo, idade, grau de instrução e nível econômico. Também adotamos p=50% para maximizar o tamanho da amostra a) a amostra poderá ser ponderada levando em consideração a variável sexo da população de Guarulhos-SP, sendo 46,3% homens e 53,7% mulheres, conforme dados do TSE de Março de 2026 e a variável idade sendo consideradas as faixas: 16 anos: 0,1%; 17 anos: 0,35%; 18 a 20 anos: 4,38%; 21 a 24 anos: 7,71%; de 25 a 34 anos: 20,76%; de 35 a 44 anos: 20,67%; de 45 a 59 anos: 26,78%; de 60 a 69 anos: 12,02% e acima de 69 anos: 7,23% (TSE Março 2026). Quanto à variável grau de instrução, temos: ANALFABETO: 1,38%; LÊ E ESCREVE: 1,86%; ENSINO FUNDAMENTAL INCOMPLETO: 14,25%; ENSINO FUNDAMENTAL COMPLETO: 6,26%; ENSINO MÉDIO INCOMPLETO: 14,63%; ENSINO MÉDIO COMPLETO: 41,68%; SUPERIOR INCOMPLETO: 5,96% e SUPERIOR COMPLETO: 13,98% (TSE Março 2026). E para a variável renda, temos: Até 2 Salários Mínimos: 80,60%; 2 a 5 Salários Mínimos: 15,11%; 5 a 10 Salários Mínimos: 3,26% e acima de 10 Salários Mínimos: 1,03% (IBGE Censo 2010).  Observação: Conforme informações obtidas do Instituto Brasileiro de Geografia e Estatística, o IBGE, não divulgou - e não tem previsão - de data para divulgação do perfil econômico (nível econômico) da população brasileira; portanto, os dados quanto ao nível econômico obtidos no Censo 2022, não podem ser utilizados, pois não foram publicados. Em relação à ponderação, devido à metodologia amostral adotada, os fatores de ponderação a serem aplicados em toda as variáveis (sexo, idade, grau de instrução e renda), assumem valor igual a 1(um). Área física: Município de Guarulhos-SP em domicílios particulares permanentemente ocupados e sorteados de maneira aleatória simples sem reposição. Margem de Erro: A margem de erro máxima prevista para o total da amostra é de 2,85 pontos percentuais para mais ou para menos, considerando um nível de confiança de 95%. Os intervalos de confiança serão calculados considerando os resultados obtidos para um nível de confiança de 95%. Fonte de Dados: TSE-Março 2026 e IBGE Censo 2010.
";"Os pesquisadores envolvidos na realização desta pesquisa recebem treinamento especializado e instruções específicas de abordagem. O trabalho é feito com a equipe de entrevistadores e coordenadores de campo. Há fiscalização no ato da entrevista e os questionários são recolhidos e checados quanto ao correto preenchimento dos dados. Após os trabalhos de campo, os questionários são submetidos a uma fiscalização que consiste na verificação de 20% dos questionários aplicados individualmente pelos entrevistadores, para checagem das respostas. Internamente, todo o material é verificado, codificado, digitado e, antes do processamento final, realiza-se a conferência da digitação (consistência dos dados).";"EM ANEXO."
"28/09/2026";"05:46:54";2026;81;"Eleições Gerais 2026";"SP";"SP";"SÃO PAULO";"SP086392026";"2026-06-13 16:53:22";"S";"81908345000140";"INSTITUTO PARANA DE PESQUISAS E ANALISE DE CONSUMIDOR LTDA";"#NULO#";"Governador, Senador";"2026-06-16 00:00:00";"2026-06-18 00:00:00";"2026-06-19 00:00:00";1600;"10245 - 4ª Região";"Tatiani Cristina Ara";"50000,00";"Pesquisa com metodologia quantitativa, com a realização de entrevistas pessoais, domiciliares e presenciais, utilizando questionário estruturado junto a uma amostra representativa do eleitorado do Estado de São Paulo.


";"""A amostra será representativa do eleitorado da área pesquisada e será selecionada em três etapas. Na primeira etapa realiza-se um sorteio probabilístico dos municípios onde as entrevistas serão realizadas através do método PPT (Probabilidade Proporcional ao Tamanho), considerando a população eleitora com 16 anos ou mais residente nos municípios como base para essa seleção. Na segunda etapa, faz-se um sorteio probabilístico das localidades, onde as entrevistas serão realizadas, através do método PPT (Probabilidade Proporcional ao Tamanho), tomando a população eleitora de 16 anos ou mais residente nas localidades como base para essa seleção. Na terceira etapa, a seleção do entrevistado dentro da localidade, será feita utilizando-se quotas amostrais proporcionais, em função das seguintes variáveis:
GÊNERO: TSE Maio 2026 (https://sig.tse.jus.br/ords/dwapr/r/seai/sig-eleitor-eleitorado-mensal/cruzamento-eleitorado-mensal?p24_metricas=E&p24_back=22&p24_cruzamento_1=ds_sexo&clear=24&p0_uf=SP&p0_mes=5&debug=LEVEL5&session=312990078978641)
Masculino - 47%; |
Feminino - 53%; |
FAIXA ETÁRIA: TSE Maio 2026 (https://sig.tse.jus.br/ords/dwapr/r/seai/sig-eleitor-eleitorado-mensal/cruzamento-eleitorado-mensal?p24_cruzamento_1=ds_faixa_etaria&p24_metricas=E&p24_back=22&clear=24&p0_uf=SP&p0_mes=5&debug=LEVEL5&session=8904950028837)
Entre 16 e 24 anos: 11%; |
Entre 25 e 34 anos: 18%; |
Entre 35 e 44 anos: 20%; |
Entre 45 e 59 anos: 26%; |
Com 60 anos ou mais: 25%; |
ESCOLARIDADE: TSE Maio 2026 (https://sig.tse.jus.br/ords/dwapr/r/seai/sig-eleitor-eleitorado-mensal/cruzamento-eleitorado-mensal?p24_cruzamento_1=ds_grau_instrucao&p24_metricas=E&p24_back=22&clear=24&p0_uf=SP&p0_mes=5&debug=LEVEL5&session=309383598034615)
De analfabeto até ensino fundamental completo: 29%; |
Ensino médio incompleto ou completo: 50% |
Ensino superior incompleto ou completo: 21% |
RENDA DOMICILIAR MENSAL:  (https://cidades.ibge.gov.br/brasil/sp/pesquisa/23/24304) IBGE - Censo 2010. Observação: Conforme informações obtidas do Instituto Brasileiro de Geografia e Estatística, o IBGE, não divulgou - e não tem previsão - de data para divulgação do perfil econômico (nível econômico) da população brasileira; portanto, os dados quanto ao nível econômico obtidos no Censo 2022, não podem ser utilizados, pois não foram publicados. (https://censo2022.ibge.gov.br/panorama/)
Sem rendimentos até 2 salários mínimos: 31% |
Mais de 2 a 5 salários mínimos: 39% |
Mais de 5 salários mínimos: 30% |
Está prevista eventual ponderação para correção das variáveis gênero e faixa etária, com base nos percentuais acima apresentados, caso ocorram diferenças superiores a 3,0 (três) pontos percentuais entre o previsto na amostra e a coleta realizada; para as variáveis escolaridade e renda domiciliar mensal, o fator de ponderação é igual a 1 (resultados obtidos no campo). O nível de confiança estimado é de 95% (noventa e cinco por cento) para uma margem de erro estimada, considerando uma técnica de amostragem aleatória simples, de aproximadamente 2,5 (dois vírgula cinco) pontos percentuais para mais ou para menos sobre os resultados obtidos.""





";"""As entrevistas serão conduzidas por uma equipe de entrevistadores e supervisores devidamente qualificados pelo Instituto Paraná Pesquisas, todos com experiência e treinamento específico em pesquisas de opinião pública. 
Controle: O controle do processo será realizado por meio de um software de coleta de dados, o qual permitirá o monitoramento garantindo o cumprimento das cotas amostrais.
Conferência e Fiscalização: Durante a coleta de dados os questionários aplicados são fiscalizados e conferidos através de um supervisor.   
Adicionalmente, pelo menos 30% dos questionários passarão por uma verificação posterior, que avaliará a precisão na aplicação e a adequação dos entrevistados às variáveis das quotas amostrais. Ou seja, no mínimo 480 entrevistas desta pesquisa serão auditadas pela equipe de qualidade do Instituto Paraná Pesquisas, podendo essa auditoria ser solicitada ao Instituto a qualquer momento.
Verificação: Após a coleta, os questionários passam por uma etapa de verificação e validação dos dados, para garantir a integridade e precisão dos dados coletados.""





";" ""A pesquisa será realizada no Estado de São Paulo, a relação dos dados relativos aos municípios e às localidades será apresentado até o dia seguinte à data a partir da qual a pesquisa puder ser divulgada, conforme §7º do art. 2º da Resolução-TSE nº. 23.600/2019""





"
"28/09/2026";"05:46:54";2026;81;"Eleições Gerais 2026";"SP";"SP";"SÃO PAULO";"SP069642026";"2026-08-26 18:27:52";"S";"19259002000128";"ATLASINTEL TECNOLOGIA DE DADOS LTDA";"ATLASINTEL";"Governador, Senador";"2026-08-26 00:00:00";"2026-08-31 00:00:00";"2026-09-01 00:00:00";1800;"11220";"ANDREI CAMILO DOS SANTOS";"75000,00";"Pesquisa quantitativa com coleta aleatória via questionário estruturado web e pós-estratificação da amostra de acordo com as características do eleitorado de São Paulo.";"Amostra aleatória pós-estratificada via algoritmo iterativo com quotas proporcionais, representando características do eleitorado de São Paulo: SEXO: Masculino: 46.7%; Feminino: 53.3%. FAIXA ETÁRIA: Entre 16 a 24 anos: 11.1%; Entre 25 a 34 anos: 18.1%; Entre 35 a 44 anos: 19.8%; Entre 45 a 59 anos: 26.4%; 60 ou mais: 24.6%. ESCOLARIDADE: Ensino Fundamental completo ou incompleto e eleitores sem educação formal: 26.4%; Ensino Médio completo ou incompleto: 42.5%; Ensino Superior completo ou incompleto: 31.0%. NÍVEL ECONÔMICO: Renda familiar mensal até R$2000: 14.5%; Mais de R$2.000 a R$3.000: 12.1%; Mais de R$3.000 a R$5.000: 23.5%; Mais de R$5.000 a R$10.000: 30.5%; Mais de R$10.000: 19.3%. OBS.: devido ao arredondamento, a soma dos percentuais pode variar de 99% a 101%. Na agregação final, para cada variável de ponderação, serão admissíveis desvios de até 2.0 pontos percentuais em relação às quotas estipuladas. Confiança estimada: 95%, margem de erro: +/- 2.0 pontos percentuais. FONTE DOS DADOS: PNADC 2024 para escolaridade e nível econômico | TSE 2026 para sexo e faixa etária.";"Coleta feita com a utilização de questionário eletrônico com procedimentos específicos para o armazenamento seguro dos dados. São checados manualmente no mínimo 15% dos questionários para detectar possíveis anomalias. Pesquisadores especializados realizam internamente uma verificação exaustiva da consistência dos dados antes da divulgação dos resultados finais.";"#NULO#"
"28/09/2026";"05:46:54";2026;81;"Eleições Gerais 2026";"SP";"SP";"SÃO PAULO";"SP069692026";"2026-07-25 15:56:07";"S";"44185256000196";"PIMENTEL & CARPENTIERI CONSULTORIA DE MARKETING LTDA";"PIMENTEL & CARPENTIERI CONSULTORIA DE MARKETING LTDA";"Governador, Senador, Deputado Federal, Deputado Estadual, Deputado Distrital";"2026-07-27 00:00:00";"2026-07-30 00:00:00";"2026-07-31 00:00:00";800;"7644A";"Rui Akito Tamaribuchi";"12000,00";"Pesquisa Face a Face na cidade de Santos - SP em polígonos de fluxo previamente sorteados. Será extraída amostra de 800 entrevistados, representativa da população adulta da cidade. Foram definidas cotas de sexo, idade, escolaridade e região da cidade, seguindo critérios presentes no IBGE e TSE.";"SEXO: masculino= 44% e feminino =56%. IDADE: 16 a 24 anos = 9%, 25 a 44 anos= 32%, 45 a 59 anos= 26%, 60 anos ou mais= 33%. ESCOLARIDADE: Até Fundamental= 16%, Ensino médio= 47%, Ensino Superior= 37%.  NÍVEL ECONÔMICO DO ENTREVISTADO: sem rendimentos até dois salários-mínimos: 13%; de dois a cinco salários-mínimos: 30%; mais de cinco salários-mínimos: 57%. Será feita eventual ponderação para correção das variáveis sexo e idade e escolaridade com base nos percentuais acima se os dados obtidos no campo apresentarem diferenças superiores a 5% (cinco por cento) entre o previsto na amostra e a coleta realizada. Para o nível econômico do entrevistado, o fator de ponderação será 1 (um), ou seja, prevalecerão os resultados obtidos no campo. As margens de erro máximo possível, calculadas dentro de um intervalo de confiança de 95%, é de 3,3 pp. para mais ou para menos.  Fontes: Censo IBGE 2010/2022 e TSE- junho de 2026.";"Controle in loco, com coordenação de equipe supervisionando a realização das entrevistas e controle de campo.";"Zonas eleitorais: Zona 118= 33%, Zona 272= 32%, Zona 273= 35%."
"28/09/2026";"05:46:54";2026;81;"Eleições Gerais 2026";"SP";"SP";"SÃO PAULO";"SP041872026";"2026-07-10 23:48:14";"N";"09415165000107";"GOVNET PESQUISA E TECNOLOGIA DA INFORMACAO LTDA";"#NULO#";"Governador, Senador, Deputado Federal, Deputado Estadual";"2026-07-12 00:00:00";"2026-07-15 00:00:00";"2026-07-16 00:00:00";400;"9261-A";"HELOISA RODRIGUES BARBOSA";"20000,00";"Pesquisa quantitativa com aplicação de questionários estruturados através de entrevistas pessoais domiciliares junto a uma amostra aleatória, proporcional e representativa do eleitorado do Município de SÃO CARLOS, com 16 anos ou mais. Amostra estratificada por sexo, faixa etária e região geográfica através de sistema de cotas pré-definidas.  Fontes públicas dos dados utilizados para elaboração da amostra: Censo IBGE 2022 e Tribunal Superior Eleitoral.";"Entrevistas a serem aplicadas dentro dos seguintes parâmetros: percentuais de sexo - Feminino: 52,7%. Masculino: 47,3%. Percentuais quanto a faixa etária: 16 a 24 anos: 10,8%. 25 a 34 anos: 17,3%. 35 a 44 anos: 19,5%. 45 a 59 anos: 26,1%. 60 anos ou mais: 26,3%. Percentuais de referência em relação ao nível econômico: Até 1 S.M.: 41,5%. Mais de 1 a 2 S.M.: 31,5%. Mais de 2 a 5 S.M.: 21,0%. Mais de 5 S.M.: 6,0%. Percentuais de referência quanto ao grau de instrução: Até fundamental completo: 26,2%. Médio incompleto e completo: 50,5%. Superior incompleto ou mais: 23,3%. Está prevista ponderação para as variáveis socioeconômicas casos ocorram variações acima de 3 pontos percentuais em relação aos valores de referência. Fontes públicas dos dados utilizados para elaboração da amostra: Censo IBGE 2022 e Tribunal Superior Eleitoral. A margem de erro para o total da amostra é de 4,9% (quatro ponto nove pontos percentuais), para mais ou para menos, calculada considerando-se um coeficiente de confiança de 95% (noventa e cinco por cento).";"As equipes de campo têm em seus quadros supervisores que acompanham e checam a aplicação dos questionários in-loco como também a obediência às cotas pré-definidas; sua função é atestar a fidelidade das respostas obtidas pelos pesquisadores e garantir o rigor metodológico na aplicação dos formulários. Sistema Interno de Verificação: através da utilização de software específico, são aplicados testes para averiguar a consistência dos resultados obtidos. Após os testes de consistência, é verificada, no mínimo, 30% da amostra coletada.";"Será complementado no prazo previsto na Resolução-TSE n° 23.600/2019"
"28/09/2026";"05:46:54";2026;81;"Eleições Gerais 2026";"SP";"SP";"SÃO PAULO";"SP000222026";"2026-09-10 16:40:00";"N";"22345021000181";"REAL TIME MIDIA LTDA";"REAL TIME BIG DATA";"Governador, Senador, Deputado Federal, Deputado Estadual";"2026-09-11 00:00:00";"2026-09-15 00:00:00";"2026-09-16 00:00:00";1000;"10839";"Isabela Zara Cremoneze";"15000,00";"Pesquisa quantitativa, que consiste na realização de entrevistas com eleitores do universo a ser explorado, feitas em combinação mista por entrevistadores humanos e recursos de inteligência artificial, com a aplicação de questionário estruturado com abordagens telefônicas e digitais junto a uma amostra representativa do eleitorado em estudo. Pesquisa realizada no município de Ribeirão Preto - SP.";"Representativo do eleitorado do município em estudo, elaborado em dois estágios.
No primeiro estágio, realiza-se um sorteio probabilístico das localidades dentro do município, pelo método PPT (Probabilidade Proporcional ao Tamanho), considerando a população eleitora de 16 anos ou mais residente nessas localidades como base para a seleção.
No segundo e último estágio, dentro das localidades sorteadas, os respondentes são selecionados por meio de quotas amostrais proporcionais, em função de variáveis significativas, a saber:
GÊNERO:
Feminino: 54,29%;
Masculino: 45,71%;
(Fonte: TSE, Agosto2026 -- https://sig.tse.jus.br/ords/dwapr/r/seai/sig-eleitor-eleitorado-mensal/cruzamento-eleitorado-mensal?p24_metricas=E&p24_back=22&p24_cruzamento_1=ds_sexo&clear=24&session=112920729923306)
FAIXA ETÁRIA:
6 anos: 0,13%;
17 anos: 0,29%;
18 a 20 anos: 3,48%;
21 a 24 anos: 6,21%;
25 a 34 anos: 17,12%;
35 a 44 anos: 19,68%;
45 a 59 anos: 25,62%;
60 a 69 anos: 13,83%;
70 a 79 anos: 8,71%;
Superior a 79 anos: 4,93%;
(Fonte: TSE, Agosto/2026 -- https://sig.tse.jus.br/ords/dwapr/r/seai/sig-eleitor-eleitorado-mensal/cruzamento-eleitorado-mensal?p24_cruzamento_1=ds_faixa_etaria&p24_metricas=E&p24_back=22&clear=24&session=112920729923306)
ESCOLARIDADE:
Analfabeto: 1,24%;
Lê e Escreve: 1,75%;
Ensino Fundamental Incompleto: 17,55%;
Ensino Fundamental Completo: 6,32%;
Ensino Médio Incompleto: 19,76%;
Ensino Médio Completo: 30,34%;
Ensino Superior Incompleto: 6,93%;
Ensino Superior Completo: 16,11%;
(Fonte: TSE, Agosto/2026 -- https://sig.tse.jus.br/ords/dwapr/r/seai/sig-eleitor-eleitorado-mensal/cruzamento-eleitorado-mensal?p24_cruzamento_1=ds_grau_instrucao&p24_metricas=E&p24_back=22&clear=24&session=112920729923306)
RENDA DOMICILIAR MENSAL:
Sem rendimento: 2,86%;
Até 1/2 Salário Mínimo: 0,40%;
Mais de 1/2 a 1 Salário Mínimo: 4,67%;
Mais de 1 a 2 Salários Mínimos: 13,84%;
Mais de 2 a 5 Salários Mínimos: 38,88%;
Mais de 5 a 10 Salários Mínimos: 24,91%;
Mais de 10 a 20 Salários Mínimos: 10,15%;
Mais de 20 Salários Mínimos: 4,29%;
(Fonte: IBGE (CENSO-2010) -- https://cidades.ibge.gov.br/brasil/sp/pesquisa/23/24304?detalhes=true)

Observação: De acordo com informações do Instituto Brasileiro de Geografia e Estatística (IBGE), não há previsão de data para a divulgação do perfil econômico da população brasileira do CENSO 2022. Portanto, os dados sobre o nível econômico obtidos no Censo 2022 não podem ser utilizados, pois ainda não foram publicados.
Está prevista eventual ponderação para correção das variáveis sexo e idade, com base nos percentuais anteriormente mencionados, caso ocorram diferenças superiores a 3 pontos percentuais entre o previsto na amostra e a coleta de dados realizada. Para as variáveis de grau de instrução e nível econômico do entrevistado, o fator previsto para ponderação é 1 (resultados obtidos em campo). O nível de confiança estimado é de 95% e a margem de erro máxima estimada considerando um modelo de amostragem aleatório simples, é de aproximadamente 3 (três) pontos percentuais para mais ou para menos sobre os resultados encontrados no total da amostra.";"O trabalho de coleta de dados é acompanhado por supervisores humanos. São selecionados aleatoriamente 15% (quinze por cento) dos questionários para uma verificação posterior e, em caso de dúvida, o formulário é descartado e o responsável pela coleta chamado para esclarecimentos. Há uma equipe especializada que confere os dados à exaustão com objetivo de averiguar e aferir os resultados coletados.";"O anexo do arquivo com os bairros será realizado até o dia seguinte da divulgação conforme indicado no §7º. do art. 2º. da Resolução-TSE nº. 23.600/2019."
"28/09/2026";"05:46:54";2026;81;"Eleições Gerais 2026";"SP";"SP";"SÃO PAULO";"SP013472026";"2026-08-18 19:33:01";"S";"22345021000181";"REAL TIME MIDIA LTDA";"REAL TIME BIG DATA";"Governador, Senador";"2026-08-19 00:00:00";"2026-08-22 00:00:00";"2026-08-24 00:00:00";2000;"10839";"Isabela Zara Cremoneze";"30000,00";"Pesquisa quantitativa, que consiste na realização de entrevistas com eleitores do universo a ser explorado, feitas em combinação mista por entrevistadores humanos e recursos de inteligência artificial, com a aplicação de questionário estruturado com abordagens telefônicas e digitais junto a uma amostra representativa do eleitorado em estudo. Pesquisa realizada no Estado de São Paulo (SP).";"Representativo do eleitorado da área em estudo, elaborada em três estágios. 
No primeiro estágio, realiza-se um sorteio probabilístico dos municípios onde as entrevistas serão realizadas, pelo método PPT (Probabilidade Proporcional ao Tamanho), tomando a população eleitora de 16 anos ou mais residente nos municípios como base para essa seleção.
No segundo estágio, efetua-se um sorteio probabilístico das localidades dentro dos municípios selecionados, também pelo método PPT (Probabilidade Proporcional ao Tamanho), considerando a população eleitora de 16 anos ou mais residente nessas localidades como base para a seleção.
No terceiro e último estágio, dentro das localidades sorteadas, os respondentes são selecionados por meio de quotas amostrais proporcionais, em função de variáveis significativas, a saber:

GÊNERO:
Feminino: 53,27%;
Masculino: 46,73%;
(Fonte: TSE, Julho/2026 -- https://sig.tse.jus.br/ords/dwapr/r/seai/sig-eleitor-eleitorado-mensal/cruzamento-eleitorado-mensal?p24_metricas=E&p24_back=22&p24_cruzamento_1=ds_sexo&clear=24&session=112920729923306)
FAIXA ETÁRIA:
16 anos: 0,17%;
17 anos: 0,36%;
18 a 20 anos: 3,75%;
21 a 24 anos: 6,40%;
25 a 34 anos: 18,00%;
35 a 44 anos: 19,71%;
45 a 59 anos: 26,62%;
60 a 69 anos: 13,57%;
70 a 79 anos: 7,92%;
Superior a 79 anos: 3,51%;
(Fonte: TSE, Julho/2026 -- https://sig.tse.jus.br/ords/dwapr/r/seai/sig-eleitor-eleitorado-mensal/cruzamento-eleitorado-mensal?p24_cruzamento_1=ds_faixa_etaria&p24_metricas=E&p24_back=22&clear=24&session=112920729923306)
ESCOLARIDADE:
Analfabeto: 1,68%;
Lê e Escreve: 2,85%;
Ensino Fundamental Incompleto: 17,53%;
Ensino Fundamental Completo: 6,64%;
Ensino Médio Incompleto: 16,67%;
Ensino Médio Completo: 33,44%;
Ensino Superior Incompleto: 6,13%;
Ensino Superior Completo: 15,05%; 
(Fonte: TSE, Julho/2026 -- https://sig.tse.jus.br/ords/dwapr/r/seai/sig-eleitor-eleitorado-mensal/cruzamento-eleitorado-mensal?p24_cruzamento_1=ds_grau_instrucao&p24_metricas=E&p24_back=22&clear=24&session=112920729923306)
RENDA DOMICILIAR MENSAL:
Sem rendimento: 4,15%;
Até 1/2 Salário Mínimo: 0,76%;
Mais de 1/2 a 1 Salário Mínimo: 7,29%;
Mais de 1 a 2 Salários Mínimos: 18,58%;
Mais de 2 a 5 Salários Mínimos: 38,74%;
Mais de 5 a 10 Salários Mínimos: 19,53%;
Mais de 10 a 20 Salários Mínimos: 7,61%;
Mais de 20 Salários Mínimos: 3,34%;
(Fonte: IBGE (CENSO-2010) -- https://cidades.ibge.gov.br/brasil/sp/pesquisa/23/24304?detalhes=true)

Observação: De acordo com informações do Instituto Brasileiro de Geografia e Estatística (IBGE), não há previsão de data para a divulgação do perfil econômico da população brasileira do CENSO 2022. Portanto, os dados sobre o nível econômico obtidos no Censo 2022 não podem ser utilizados, pois ainda não foram publicados.
Está prevista eventual ponderação para correção das variáveis sexo e idade, com base nos percentuais anteriormente mencionados, caso ocorram diferenças superiores a 3 pontos percentuais entre o previsto na amostra e a coleta de dados realizada. Para as variáveis de grau de instrução e nível econômico do entrevistado, o fator previsto para ponderação é 1 (resultados obtidos em campo). O nível de confiança estimado é de 95% e a margem de erro máxima estimada considerando um modelo de amostragem aleatório simples, é de aproximadamente 2 (dois) pontos percentuais para mais ou para menos sobre os resultados encontrados no total da amostra.
";"O trabalho de coleta de dados é acompanhado por supervisores humanos. São selecionados aleatoriamente 15% (quinze por cento) dos questionários para uma verificação posterior e, em caso de dúvida, o formulário é descartado e o responsável pela coleta chamado para esclarecimentos. Há uma equipe especializada que confere os dados à exaustão com objetivo de averiguar e aferir os resultados coletados.";"O anexo do arquivo com os bairros será realizado até o dia seguinte da divulgação conforme indicado no §7º. do art. 2º. da Resolução-TSE nº. 23.600/2019."
"28/09/2026";"05:46:54";2026;81;"Eleições Gerais 2026";"SP";"SP";"SÃO PAULO";"SP085032026";"2026-07-22 16:33:44";"N";"41555199000100";"RUMON MARKETING DIGITAL E PESQUISAS LTDA";"ACADEMIA DE PESQUISA";"Governador, Deputado Estadual";"2026-07-25 00:00:00";"2026-07-25 00:00:00";"2026-07-27 00:00:00";4000;"7655";"AUGUSTO DA SILVA ROCHA";"8000,00";"A pesquisa cobrirá o município envolvendo todas regiões do município de Várzea Paulista/SP Universo da pesquisa será dos eleitores com 16 anos ou mais. A amostra representará os eleitores do Município, selecionados em 2(dois) estágios. No primeiro estágio, os setores censitários, onde as entrevistas serão realizadas, foram selecionadas, probabilisticamente, através do método PPT - Probabilidade Proporcional ao Tamanho, tomando o número de eleitores como base para seleção. No segundo estágio, a seleção do entrevistado, dentro do setor censitário, será feita utilizando-se quotas proporcionais, e a abordagem será domiciliar.";"Utilizamos quotas proporcionais, em função das seguintes variáveis: Gênero: FEMININO	51,95%	;
MASCULINO	48,05%	;
Faixa etária:  16 a 24 anos	12,7%	;
25 a 34 anos	20,0%	;
35 a 44 anos	20,8%	;
45 a 59 anos	25,6%	;
60 anos ou mais	20,9%	;

Grau de instrução:   ANALFABETO	1,55%	;
ENSINO FUNDAMENTAL COMPLETO	8,25%	;
ENSINO FUNDAMENTAL INCOMPLETO	18,66%	;
ENSINO MÉDIO COMPLETO	40,98%	;
ENSINO MÉDIO INCOMPLETO	13,25%	;
LÊ E ESCREVE	2,95%	;
SUPERIOR COMPLETO	9,67%	
SUPERIOR INCOMPLETO	4,69%	;

 Renda familiar:   Até 1/2 salário mínimo	0,56%	;
Mais de 1/2 a 1 salário mínimo	5,76%	;
Mais de 1 a 2 salários mínimos	19,87%	;
Mais de 2 a 5 salários mínimos	45,92%	;
Mais de 5 a 10 salários mínimos	19,99%	;
Mais de 10 a 20 salários mínimos	2,87%	;
Mais de 20 salários mínimos	0,36%	;
Sem rendimento	4,67%	;

 Fonte dos dados: TSE-Tribunal Superior Eleitoral/ junho2026; IBGE-Censo 2010-IBGE-CENSO 2022 (IBGE/Censo 2010 - Classe de rendimento nominal mensal domiciliar) ; https://cidades.ibge.gov.br/brasil/sp/varzea-paulista/pesquisa/23/24304;  https://sig.tse.jus.br/ords/dwapr/r/seai/sig-eleitor-eleitorado-mensal/cruzamento-eleitorado-mensal?p24_metricas=E&p24_back=22&p24_cruzamento_1=ds_sexo&clear=24&session=6545551064653;  

https://sig.tse.jus.br/ords/dwapr/r/seai/sig-eleitor-eleitorado-mensal/cruzamento-eleitorado-mensal?p24_cruzamento_1=ds_faixa_etaria&p24_metricas=E&p24_back=22&clear=24&session=6545551064653
;  https://sig.tse.jus.br/ords/dwapr/r/seai/sig-eleitor-eleitorado-mensal/cruzamento-eleitorado-mensal?p24_cruzamento_1=ds_grau_instrucao&p24_metricas=E&p24_back=22&clear=24&session=6545551064653;  Ano=2026; Mês = JUNHO; UF= SP;  MUNICIPIO = Várzea Paulista;   Observação: Conforme informações disponibilizadas pelo Instituto Brasileiro de Geografia e Estatística (IBGE), não houve nem há previsão de divulgação do perfil econômico (nível econômico) da população brasileira no âmbito do Censo Demográfico de 2022 (https://censo2022.ibge.gov.br/panorama/), para essa variável será adotado o fator de ponderação igual a 1, correspondente aos resultados obtidos em campo, caso seja verificada diferença superior à margem de erro prevista no estudo entre a projeção da amostra baseada nos dados do IBGE 2010 e os dados efetivamente coletados. Para as variáveis de sexo, idade e grau de instrução, está previsto uma eventual ponderação, nos limites da margem de erro, para correção nos tamanhos das variáveis, caso ocorra uma diferença entre a previsão da amostra e a coleta dos dados realizados sobre a faixa de eleitores acima de 16 anos. Margem de Erro: A margem de erro máxima prevista é de 4,9 pontos percentuais para mais ou para menos, considerando um nível de confiança de 95%.



";"ara a realização da pesquisa, utiliza-se uma equipe de entrevistadores e supervisores credenciados devidamente treinados pela empresa para esse tipo de pesquisa. Após os trabalhos de campo, 100% dos questionários são criticados e passam por uma fiscalização de cerca de 20% (vinte por cento) dos questionários aplicados por cada entrevistador; para verificação da consistência das respostas e da adequação dos entrevistados aos parâmetros amostrais.";"#NULO#"
"28/09/2026";"05:46:54";2026;81;"Eleições Gerais 2026";"SP";"SP";"SÃO PAULO";"SP046702026";"2026-08-10 23:58:21";"S";"45613076000120";"INSTITUTO VOX BRASIL OPINIAO E PESQUISAS LTDA";"#NULO#";"Governador, Senador";"2026-08-11 00:00:00";"2026-08-13 00:00:00";"2026-08-16 00:00:00";1480;"9907";"GUILHERME COELHO NEVES";"50000,00";"Metodologia de pesquisa: Pesquisa do tipo quantitativo, por amostragem, com aplicação de questionário estruturado e abordagem pessoal em domicílios particulares permanentemente ocupados (de acordo com a definição do IBGE - Instituto Brasileiro de Geografia e Estatística). O conjunto do eleitorado do ESTADO de São Paulo com 16 anos ou mais foi tomado como universo da pesquisa.";"Tamanho da amostra: A amostra prevista é de 1480 entrevistas. A Técnica de amostragem: Amostragem por Conglomerados em Múltiplos Estágios com Controle de Cotas na Seleção do Respondente. Utilizamos a amostragem em mais de um estágio. No primeiro estágio dividimos o município em bairros/setores censitários (conglomerados), sendo os mesmos listados, onde foram sorteados aleatoriamente. No segundo estágio, foram sorteadas as ruas (dispondo de um mapa da região), no terceiro estágio fizemos o sorteio das casas (via amostragem sistemática. O próximo estágio é a seleção do entrevistado dentro da casa, onde o critério foi abordar um morador apto a votar no município que atendesse à equipe de campo, observados os controles amostrais posteriormente aplicados, sendo este obrigatoriamente morador da residência e eleitor da cidade pesquisada. Na etapa seguinte foi realizado um controle das seguintes variáveis: sexo, idade, grau de instrução e nível econômico. Também adotamos p=50% para maximizar o tamanho da amostra a) a amostra poderá ser ponderada levando em consideração a variável sexo da população do Estado de São Paulo sendo 46,72 % homens e 53,28 % mulheres, conforme dados do TSE de Junho de 2026 e a variável idade sendo consideradas as faixas: 16 anos:0,21%;17 anos:0,51%; 18 a 20 anos:3,94%; 21 a 24 anos: 6,41%; de 25 a 34 anos: 18,06%; de 35 a 44 anos: 19,84%, de 45 a 59 anos: 26,44%; de 60 a 69 anos: 13,45% e acima de 69 anos: 11,14% (TSE Junho 2026). Quanto à variável grau de instrução, temos: ANALFABETO: 1,68%; LÊ E ESCREVE: 2,85%; ENSINO FUNDAMENTAL INCOMPLETO: 17,53%; ENSINO FUNDAMENTAL COMPLETO:6,64%; ENSINO MÉDIO INCOMPLETO: 16,65%; ENSINO MÉDIO COMPLETO: 33,46%; SUPERIOR INCOMPLETO: 6,13% e SUPERIOR COMPLETO: 15,06%(TSE Junho 2026). E para a variável renda, temos: Até 2 Salários Mínimos: 77,32%; 2 a 5 Salários Mínimos:17,22%; 5 a 10 Salários Mínimos:4,03% e acima de 10 Salários Mínimos:1,43%( IBGE Censo 2022 [https://sidra.ibge.gov.br/]). Área física: Estado de São Paulo em domicílios particulares permanentemente ocupados e sorteados de maneira aleatória simples sem reposição. Margem de Erro: A margem de erro máxima prevista para o total da amostra é de 2,55 pontos percentuais para mais ou para menos, considerando um nível de confiança de 95%. Os intervalos de confiança serão calculados considerando os resultados obtidos para um nível de confiança de 95%. Fonte de Dados: TSE- Junho 2026 e IBGE Censo 2022.";"Os pesquisadores envolvidos na realização desta pesquisa recebem treinamento especializado e instruções específicas de abordagem. O trabalho é feito com a equipe e coordenadores de campo. Há fiscalização no ato da entrevista e os questionários são recolhidos e checados quanto ao correto preenchimento dos dados. Após os trabalhos de campo, os questionários são submetidos a uma fiscalização que consiste na verificação de 20% dos questionários aplicados individualmente pelos entrevistadores, para checagem das respostas. Internamente, todo o material é verificado, codificado, digitado e, antes do processamento final, realiza-se a conferência da digitação (consistência dos dados).";"EM ANEXO."
"28/09/2026";"05:46:54";2026;81;"Eleições Gerais 2026";"SP";"SP";"SÃO PAULO";"SP027062026";"2026-05-15 00:00:00";"S";"81908345000140";"INSTITUTO PARANA DE PESQUISAS E ANALISE DE CONSUMIDOR LTDA";"#NULO#";"Governador, Senador";"2026-05-18 00:00:00";"2026-05-20 00:00:00";"2026-05-21 00:00:00";1640;"10245 - 4ª Região";"Tatiani Cristina Ara";"50000,00";"Pesquisa com metodologia quantitativa, com a realização de entrevistas pessoais, domiciliares e presenciais, utilizando questionário estruturado junto a uma amostra representativa do eleitorado do Estado de São Paulo.


";"""A amostra será representativa do eleitorado da área pesquisada e será selecionada em três etapas. Na primeira etapa realiza-se um sorteio probabilístico dos municípios onde as entrevistas serão realizadas através do método PPT (Probabilidade Proporcional ao Tamanho), considerando a população eleitora com 16 anos ou mais residente nos municípios como base para essa seleção. Na segunda etapa, faz-se um sorteio probabilístico das localidades, onde as entrevistas serão realizadas, através do método PPT (Probabilidade Proporcional ao Tamanho), tomando a população eleitora de 16 anos ou mais residente nas localidades como base para essa seleção. Na terceira etapa, a seleção do entrevistado dentro da localidade, será feita utilizando-se quotas amostrais proporcionais, em função das seguintes variáveis:
GÊNERO: TSE Abril 2026 (https://sig.tse.jus.br/ords/dwapr/r/seai/sig-eleitor-eleitorado-mensal/cruzamento-eleitorado-mensal?p24_metricas=E&p24_back=22&p24_cruzamento_1=ds_sexo&clear=24&p0_uf=SP&p0_mes=4&debug=LEVEL5&session=312990078978641)
Masculino - 47%; |
Feminino - 53%; |
FAIXA ETÁRIA: TSE Abril 2026 (https://sig.tse.jus.br/ords/dwapr/r/seai/sig-eleitor-eleitorado-mensal/cruzamento-eleitorado-mensal?p24_cruzamento_1=ds_faixa_etaria&p24_metricas=E&p24_back=22&clear=24&p0_uf=SP&p0_mes=4&debug=LEVEL5&session=8904950028837)
Entre 16 e 24 anos: 11%; |
Entre 25 e 34 anos: 18%; |
Entre 35 e 44 anos: 20%; |
Entre 45 e 59 anos: 26%; |
Com 60 anos ou mais: 25%; |
ESCOLARIDADE: TSE Abril 2026 (https://sig.tse.jus.br/ords/dwapr/r/seai/sig-eleitor-eleitorado-mensal/cruzamento-eleitorado-mensal?p24_cruzamento_1=ds_grau_instrucao&p24_metricas=E&p24_back=22&clear=24&p0_uf=SP&p0_mes=4&debug=LEVEL5&session=309383598034615)
De analfabeto até ensino fundamental completo: 29%; |
Ensino médio incompleto ou completo: 50% |
Ensino superior incompleto ou completo: 21% |
RENDA DOMICILIAR MENSAL:  (https://cidades.ibge.gov.br/brasil/sp/pesquisa/23/24304) IBGE - Censo 2010. Observação: Conforme informações obtidas do Instituto Brasileiro de Geografia e Estatística, o IBGE, não divulgou - e não tem previsão - de data para divulgação do perfil econômico (nível econômico) da população brasileira; portanto, os dados quanto ao nível econômico obtidos no Censo 2022, não podem ser utilizados, pois não foram publicados. (https://censo2022.ibge.gov.br/panorama/)
Sem rendimentos até 2 salários mínimos: 31% |
Mais de 2 a 5 salários mínimos: 39% |
Mais de 5 salários mínimos: 30% |
Está prevista eventual ponderação para correção das variáveis gênero e faixa etária, com base nos percentuais acima apresentados, caso ocorram diferenças superiores a 3,0 (três) pontos percentuais entre o previsto na amostra e a coleta realizada; para as variáveis escolaridade e renda domiciliar mensal, o fator de ponderação é igual a 1 (resultados obtidos no campo). O nível de confiança estimado é de 95% (noventa e cinco por cento) para uma margem de erro estimada, considerando uma técnica de amostragem aleatória simples, de aproximadamente 2,5 (dois vírgula cinco) pontos percentuais para mais ou para menos sobre os resultados obtidos.""










";"""As entrevistas serão conduzidas por uma equipe de entrevistadores e supervisores devidamente qualificados pelo Instituto Paraná Pesquisas, todos com experiência e treinamento específico em pesquisas de opinião pública. 
Controle: O controle do processo será realizado por meio de um software de coleta de dados, o qual permitirá o monitoramento garantindo o cumprimento das cotas amostrais.
Conferência e Fiscalização: Durante a coleta de dados os questionários aplicados são fiscalizados e conferidos através de um supervisor.   
Adicionalmente, pelo menos 30% dos questionários passarão por uma verificação posterior, que avaliará a precisão na aplicação e a adequação dos entrevistados às variáveis das quotas amostrais. Ou seja, no mínimo 492 entrevistas desta pesquisa serão auditadas pela equipe de qualidade do Instituto Paraná Pesquisas, podendo essa auditoria ser solicitada ao Instituto a qualquer momento.
Verificação: Após a coleta, os questionários passam por uma etapa de verificação e validação dos dados, para garantir a integridade e precisão dos dados coletados.""





";" ""A pesquisa será realizada no Estado de São Paulo, a relação dos dados relativos aos municípios e às localidades será apresentado até o dia seguinte à data a partir da qual a pesquisa puder ser divulgada, conforme §7º do art. 2º da Resolução-TSE nº. 23.600/2019""





"
"28/09/2026";"05:46:54";2026;81;"Eleições Gerais 2026";"SP";"SP";"SÃO PAULO";"SP022282026";"2026-05-24 20:14:30";"S";"45613076000120";"INSTITUTO VOX BRASIL OPINIAO E PESQUISAS LTDA";"#NULO#";"Governador, Senador";"2026-05-26 00:00:00";"2026-05-28 00:00:00";"2026-05-30 00:00:00";1480;"9907";"GUILHERME COELHO NEVES";"50000,00";"Metodologia de pesquisa: Pesquisa do tipo quantitativo, por amostragem, com aplicação de questionário estruturado e abordagem pessoal em domicílios particulares permanentemente ocupados (de acordo com a definição do IBGE - Instituto Brasileiro de Geografia e Estatística). O conjunto do eleitorado do ESTADO de São Paulo com 16 anos ou mais foi tomado como universo da pesquisa.";"Tamanho da amostra: A amostra prevista é de 1480 entrevistas. Técnica de amostragem A amostra é aleatória, com base na estimativa da média populacional. Utilizamos a amostragem em mais de um estágio. No primeiro estágio dividimos o município em bairros/setores censitários (conglomerados), sendo os mesmos listados, onde foram sorteados aleatoriamente. No segundo estágio, foram sorteadas as ruas (dispondo de um mapa da região), no terceiro estágio fizemos o sorteio das casas (via amostragem sistemática). O quarto estágio foi a seleção do entrevistado dentro da casa, onde o critério adotado foi o da primeira pessoa que atendesse a equipe de pesquisa, sendo este obrigatoriamente morador da residência e eleitor da cidade pesquisada. Na etapa seguinte foi realizado um controle das seguintes variáveis: sexo, idade, grau de instrução e nível econômico. Também adotamos p=50% para maximizar o tamanho da amostra a) a amostra poderá ser ponderada levando em consideração a variável sexo da população do Estado de São Paulo sendo 46,7 % homens e 53,3 % mulheres, conforme dados do TSE de Janeiro de 2026 e a variável idade sendo consideradas as faixas: 16 anos:0,08%;17 anos:0,29%; 18 a 20 anos:3,72%; 21 a 24 anos: 6,46%; de 25 a 34 anos: 18,23%; de 35 a 44 anos: 20,15%, de 45 a 59 anos: 26,54%; de 60 a 69 anos: 13,49% e acima de 69 anos: 11,04% (TSE Janeiro 2026). Quanto à variável grau de instrução, temos: ANALFABETO: 1,72%; LÊ E ESCREVE: 2,93%; ENSINO FUNDAMENTAL INCOMPLETO: 17,83%; ENSINO FUNDAMENTAL COMPLETO:6,74%; ENSINO MÉDIO INCOMPLETO: 16,28%; ENSINO MÉDIO COMPLETO: 33,33%; SUPERIOR INCOMPLETO: 6,04% e SUPERIOR COMPLETO: 15,13%(TSE Janeiro 2026). E para a variável renda, temos: Até 2 Salários Mínimos: 75,86%; 2 a 5 Salários Mínimos:17,2%; 5 a 10 Salários Mínimos:4,68% e acima de 10 Salários Mínimos:2,26%( IBGE Censo 2010). Em relação à ponderação, devido à metodologia amostral adotada, os fatores de ponderação a serem aplicados em toda as variáveis (sexo, idade, grau de instrução e renda), assumem valor igual a 1(um). Área física: Estado de São Paulo em domicílios particulares permanentemente ocupados e sorteados de maneira aleatória simples sem reposição. Margem de Erro: A margem de erro máxima prevista para o total da amostra é de 2,55 pontos percentuais para mais ou para menos, considerando um nível de confiança de 95%. Os intervalos de confiança serão calculados considerando os resultados obtidos para um nível de confiança de 95%. Fonte de Dados: TSE- Janeiro 2026 e IBGE Censo 2010.";"Os pesquisadores envolvidos na realização desta pesquisa recebem treinamento especializado e instruções específicas de abordagem. O trabalho é realizado por equipes de entrevistadores e supervisores de campo. Há fiscalização no ato da entrevista e os questionários são recolhidos e checados quanto ao correto preenchimento dos dados. Após os trabalhos de campo, os questionários são submetidos a uma fiscalização que consiste na verificação de 20% dos questionários aplicados individualmente pelos entrevistadores, para checagem das respostas. Internamente, todo o material é verificado, codificado, digitado e, antes do processamento final, realiza-se a conferência da digitação (consistência dos dados).";"EM ANEXO."
"28/09/2026";"05:46:54";2026;81;"Eleições Gerais 2026";"SP";"SP";"SÃO PAULO";"SP021782026";"2026-03-17 11:06:26";"N";"05270800000146";"GERP MERCADOLOGIA LTDA";"GRUPO GERP GERP MERCADO GERP OPINIAO GERPAUDIT";"Governador, Senador";"2026-03-16 00:00:00";"2026-03-20 00:00:00";"2026-03-23 00:00:00";1000;"8153 - 2ª REGIÃO";"CLENILSON SANTOS DE OLIVEIRA";"22500,00";"A população pesquisada é definida como pessoas maiores de 16 anos, eleitoras e residentes no Estado de SÃO PAULO. A pesquisa é do tipo QUANTITATIVA e os entrevistados serão selecionados por cotas em função das variáveis sexo, faixa etária, renda do chefe do domicílio e área de residência. Os dados para definição das cotas foram obtidos de publicações do IBGE e da Estatística do Eleitorado do TSE. Os dados serão tabulados em função das variáveis sócio-econômicas e agregados segundo as diversas áreas de residência de interesse.";"Com a realização de 1000 (mil) entrevistas, dentro de um universo considerado infinito e um nível de confiança de 95,55%, a margem de erro para projeções dos dados é estimada em 3,16 pontos percentuais, nos casos limites em que as variáveis assumam o percentual de 50%. O resultado projetado para a população pesquisada vai de um mínimo de 46,84% a um máximo de 53,16. Para o mesmo número de entrevistas, a margem de erro tende a se estreitar quando os percentuais se aproximam de 0% ou de 100%. Se a variável incidir em 10%, por exemplo, a margem de erro é estimada em 1,90 pontos percentuais. E o resultado projetado vai de um mínimo de 8,10% a um máximo de 91,90%. O Instituto Gerp utiliza dois desvios padrões para o cálculo da margem de erro em todos os seus projetos de pesquisa, o que representa um nível de confiança de 95,55%, confiando ao trabalho uma segurança ainda maior do que o normalmente utilizado pelo mercado. Está prevista eventual ponderação para correção das variáveis área de residência, sexo, faixa etária e renda do chefe do domicílio, caso ocorram diferenças superiores a 2 pontos percentuais entre o previsto na amostra e a coleta de dados realizada. O plano amostral foi assim definido: IDADE/SEXO: 16-17/masculino (0,43%), 16-17/feminino (0,38%), 18-24/ masculino (10,85%), 18-24/feminino (9,65%), 25-34/masculino (18,74%), 25-34/feminino (17,76%), 35-44/masculino (20,42%), 35-44/feminino (19,84%), 45-59/masculino (26,57%), 45-59/feminino (26,49%), 60 ou +/masculino (22,99%), 60 ou +/feminino (25,88%) RENDA DO CHEFE DO DOMICÍLIO: Até 01 SM (12,20%), De 01 a 02 SM (18,58%), De 02 a 05 SM (38,74%), De 05 a 10 SM (19,53%), De 10 a 20 SM (7,61%), Mais de 20 SM (3,34%).";"Como de praxe em pesquisas realizadas pelo INSTITUTO DE PESQUISA GERP, todas as entrevistas são criticadas e 20%, no mínimo, são verificados junto ao próprio entrevistado. O trabalho de entrevistas é permanentemente acompanhado por um supervisor local, que controla e fiscaliza a aplicação dos questionários (por telefone, Sistema Cati), com o entrevistador, entrevistando pessoalmente o entrevistado. Além disso, há um controle de qualidade do trabalho nos sistemas de processamento das informações. Para melhor explicitar os mecanismos de controle e verificação, segue o abaixo escrito: Todas as equipes de entrevistadores possuem também um supervisor interno, em caráter permanente, que é responsável pela fiscalização da coleta de dados e verificação das respostas junto aos próprios entrevistados; Cada questionário enviado ao sistema é objeto de uma checagem do seu correto preenchimento e pelo menos 20% das entrevistas são verificadas junto ao entrevistado pelo supervisor interno. Ou seja, em 20% das entrevistas, o supervisor interno liga para o entrevistado e refaz as perguntas, verificando, assim, a veracidade das respostas. As entrevistas objeto da verificação são escolhidas por critério de sorteio aleatório. Ex.: a cada 05 entrevistas enviadas ao sistema, 01 é verificada pelo supervisor interno. Ao término da pesquisa, o INSTITUTO DE PESQUISA GERP, faz uma rigorosa crítica a todos os questionários enviados, onde são checadas inconsistências nas respostas. Caso seja constatada alguma inconsistência, o entrevistado é contatado, a dúvida é solucionada ou a entrevista é descartada.";"A pesquisa englobará os municípios do estado de São Paulo."
"28/09/2026";"05:46:54";2026;81;"Eleições Gerais 2026";"SP";"SP";"SÃO PAULO";"SP097652026";"2026-06-09 15:33:05";"S";"45613076000120";"INSTITUTO VOX BRASIL OPINIAO E PESQUISAS LTDA";"#NULO#";"Governador, Senador, Deputado Federal, Deputado Estadual";"2026-06-10 00:00:00";"2026-06-11 00:00:00";"2026-06-15 00:00:00";1100;"9907";"GUILHERME COELHO NEVES";"8000,00";"Pesquisa do tipo quantitativo, por amostragem, com aplicação de questionário estruturado e abordagem pessoal em domicílios particulares permanentemente ocupados (de acordo com a definição do IBGE - Instituto Brasileiro de Geografia e Estatística). O conjunto do eleitorado de Campinas, Estado de São Paulo, com 16 anos ou mais foi tomado como universo da pesquisa.";"Tamanho da amostra: A amostra prevista é de 1100 entrevistas. Técnica de amostragem: A amostra é aleatória, com base na estimativa da média populacional. Utilizamos a amostragem em mais de um estágio. No primeiro estágio dividimos o município em bairros/setores censitários (conglomerados), sendo os mesmos listados, onde foram sorteados aleatoriamente. No segundo estágio, foram sorteadas as ruas (dispondo de um mapa da região), no terceiro estágio fizemos o sorteio das casas (via amostragem sistemática). O quarto estágio foi a seleção do entrevistado dentro da casa, onde o critério adotado foi o da primeira pessoa que atendesse a equipe de pesquisa, sendo este obrigatoriamente morador da residência e eleitor da cidade pesquisada. Na etapa seguinte foi realizado um controle das seguintes variáveis: sexo, idade, grau de instrução e nível econômico. Também adotamos p=50% para maximizar o tamanho da amostra. a) a amostra poderá ser ponderada levando em consideração a variável sexo da população de Campinas sendo 46% homens e 54% mulheres, conforme dados do TSE de Abril de 2026 e a variável idade sendo consideradas as faixas: 16 anos: 0,12%; 17 anos: 0,33%; 18 a 20 anos: 3,33%; 21 a 24 anos: 5,83%; de 25 a 34 anos: 17,42%; de 35 a 44 anos: 19,64%; de 45 a 59 anos: 26,11%; de 60 a 69 anos: 13,64% e acima de 69 anos: 13,58% (TSE Abril de 2026). Quanto à variável grau de instrução, temos: ANALFABETO: 1,6%; LÊ E ESCREVE: 2,95%; ENSINO FUNDAMENTAL INCOMPLETO: 15,79%; ENSINO FUNDAMENTAL COMPLETO: 6,9%; ENSINO MÉDIO INCOMPLETO: 17,21%; ENSINO MÉDIO COMPLETO: 31,27%; SUPERIOR INCOMPLETO: 6,76% e SUPERIOR COMPLETO: 17,52% (TSE Abril de 2026). E para a variável renda, temos: Até 2 Salários Mínimos: 65,86%; 2 a 5 Salários Mínimos: 22,01%; 5 a 10 Salários Mínimos: 8,4% e acima de 10 Salários Mínimos: 3,73% (IBGE Censo 2010, conforme dados de renda fornecidos). Observação: Conforme informações obtidas do Instituto Brasileiro de Geografia e Estatística, o IBGE, não divulgou - e não tem previsão - de data para divulgação do perfil econômico (nível econômico) da população brasileira; portanto, os dados quanto ao nível econômico obtidos no Censo 2022, não podem ser utilizados, pois não foram publicados.  Em relação à ponderação, devido à metodologia amostral adotada, os fatores de ponderação a serem aplicados em todas as variáveis (sexo, idade, grau de instrução e renda), assumem valor igual a 1 (um). Área física: município de Campinas, Estado de São Paulo, em domicílios particulares permanentemente ocupados e sorteados de maneira aleatória simples sem reposição. Margem de Erro: A margem de erro máxima prevista para o total da amostra é de 3 pontos percentuais para mais ou para menos, considerando um nível de confiança de 95%. Os intervalos de confiança serão calculados considerando os resultados obtidos para um nível de confiança de 95%. Fonte de Dados: TSE - Abril de 2026 e IBGE Censo 2010.";"Os pesquisadores envolvidos na realização desta pesquisa recebem treinamento especializado e instruções específicas de abordagem. O trabalho é feito com a equipe de entrevistadores e coordenadores de campo. Há fiscalização no ato da entrevista e os questionários são recolhidos e checados quanto ao correto preenchimento dos dados. Após os trabalhos de campo, os questionários são submetidos a uma fiscalização que consiste na verificação de 20% dos questionários aplicados individualmente pelos entrevistadores, para checagem das respostas. Internamente, todo o material é verificado, codificado, digitado e, antes do processamento final, realiza-se a conferência da digitação (consistência dos dados).";"EM ANEXO."
"28/09/2026";"05:46:54";2026;81;"Eleições Gerais 2026";"SP";"SP";"SÃO PAULO";"SP080202026";"2026-09-26 17:40:30";"N";"34972238000109";"AMERICAN ANALYTICS DO BRASIL CONSULTORIA LTDA";"AMERICAN ANALYTICS";"Governador, Senador";"2026-09-27 00:00:00";"2026-10-01 00:00:00";"2026-10-02 00:00:00";1000;"11564";"GIOVANA RILLARY DA SILVA ROCHA";"30000,00";"Pesquisa quantitativa, com realização de entrevistas pessoais e aplicação de questionário estruturado junto a uma amostra representativa do eleitorado do estado de São Paulo.";"A amostra será representativa do eleitorado da área de abrangência da pesquisa e será selecionada em três estágios. No primeiro estágio, será realizado o sorteio probabilístico dos municípios onde as entrevistas serão realizadas, por meio do método PPT (Probabilidade Proporcional ao Tamanho), considerando a população eleitora com 16 anos ou mais residente nos municípios como base para essa seleção. No segundo estágio, será realizado o sorteio probabilístico dos setores censitários onde as entrevistas serão realizadas, também por meio do método PPT (Probabilidade Proporcional ao Tamanho), tomando como base a população eleitora de 16 anos ou mais residente nos respectivos setores censitários. No terceiro estágio, a seleção do entrevistado dentro de cada setor censitário será feito por meio de cotas amostrais proporcionais, considerando as seguintes variáveis : GÊNERO: TSE Julho de 2026 (fonte: https://sig.tse.jus.br/ords/dwapr/r/seai/sig-eleitor-eleitorado-mensal/cruzamento-eleitorado-mensal?p24_metricas=E&p24_back=22&p24_cruzamento_1=ds_sexo&clear=24&session=210862577419255 ) FEMININO 53,3% ; MASCULINO 46,7% ; FAIXA ETÁRIA: TSE - Julho de 2026 (fonte: https://sig.tse.jus.br/ords/dwapr/r/seai/sig-eleitor-eleitorado-mensal/cruzamento-eleitorado-mensal?p24_cruzamento_1=ds_faixa_etaria&p24_metricas=E&p24_back=22&clear=24&session=210862577419255) Entre 16 a 24 anos 10,68% ; Entre 25 a 34 anos 18,00% ; Entre 35 a 44 anos 19,71% ; Entre 45 a 59 anos 26,62% ; 60 anos ou mais 24,99% ; GRAU DE INSTRUÇÃO: TSE - Julho de 2026 (fonte: https://sig.tse.jus.br/ords/dwapr/r/seai/sig-eleitor-eleitorado-mensal/cruzamento-eleitorado-mensal?p24_cruzamento_1=ds_grau_instrucao&p24_metricas=E&p24_back=22&clear=24&session=305447471395): Sem Instrução até ensino fundamental completo: 28,7%; | Ensino médio incompleto ou completo: 50,1%; | Ensino superior incompleto ou completo: 21,2% ;| RENDA DOMICILIAR MENSAL: IBGE - Censo 2.010 - (fonte: https://cidades.ibge.gov.br/brasil/sp/pesquisa/23/24304) Sem rendimentos até 2 salários mínimos: 30,8%; Mais de 2 a 5 salários mínimos: 38,7%; | Mais de 5 salários mínimos: 30,5%. Observação: Conforme informações obtidas do Instituto Brasileiro de Geografia e Estatística - IBGE, o instituto não divulgou e não tem previsão de data para divulgação do perfil econômico (nível econômico) da população brasileira; portanto, os dados quanto ao nível econômico obtidos no Censo 2022 não podem ser utilizados, pois não foram publicados. (https://censo2022.ibge.gov.br/panorama/). Está prevista eventual ponderação para correção das variáveis gênero e faixa etária, com base nos percentuais acima apresentados, caso ocorram diferenças superiores a MARGEM DE ERRO definida entre a amostra prevista e a coleta realizada. Para as variáveis escolaridade e renda domiciliar mensal, o fator de ponderação será igual a 1, considerando-se os resultados obtidos em campo. Dentro do público-alvo anteriormente descrito, serão realizadas 1.500 (Um mil e quinhentos) entrevistas. O nível de confiança estimado é de 95% para uma margem de erro estimada, considerando uma técnica de amostragem aleatória simples (AAS), de aproximadamente 2,5 pontos percentuais para mais ou para menos sobre os resultados obtidos.";"Para a realização da pesquisa, serão conduzidas uma equipe de entrevistadores e supervisores credenciados e devidamente treinados pela empresa para esse tipo de pesquisa. Após os trabalhos de coleta dos dados, 100% dos questionários são criticados e passam por uma fiscalização de cerca de 20% (vinte por cento) dos questionários aplicados por cada entrevistador; passam por uma etapa de verificação da consistência das respostas e da adequação dos entrevistados aos parâmetros amostrais.";"#NULO#"
"28/09/2026";"05:46:54";2026;81;"Eleições Gerais 2026";"SP";"SP";"SÃO PAULO";"SP075652026";"2026-09-24 13:19:36";"S";"51617475000162";"ASN PESQUISAS PUBLICAS LTDA";"ASN PESQUISAS PUBLICAS";"Governador, Senador, Deputado Federal, Deputado Estadual";"2026-09-26 00:00:00";"2026-09-28 00:00:00";"2026-09-30 00:00:00";700;"9443-A";"Marcelo Hidemi Uemura";"20000,00";"Pesquisa do tipo quantitativa, com amostragem por quotas representativas do eleitorado (Gênero, faixa etária, escolaridade, renda nominal mensal domiciliar, e bairros) do município de Santo André-SP (Pesquisa realizada apenas no município). (Fonte de dados: TSE e IBGE) para os cargos de Presidente, Governador, Senador, Deputado Federal e Deputado Estadual, através de questionário estruturado, com questões abertas e fechadas, e abrangência pessoal, sendo entrevistados no máximo uma pessoa por família, de forma que se possa determinar as verdadeiras intenções do eleitor com relação ao pleito que se aproxima.";"Amostra composta por 700 eleitores. Cada Estrato proporcional ao tamanho do Universo de eleitores do município de Santo André-SP. Foram divididos da seguinte maneira: Gênero: Feminino: 53,71%; Masculino: 46,29%. Faixa Etária: 16 a 24 anos: 9,43%; 25 a 34 anos: 16,00%; 35 a 44 anos: 19,14%; 45 a 59 anos: 26,43%; Mais de 60 anos: 29,00%. Grau de Instrução: Analfabeto / Lê e escreve: 3,43%; Ensino Fundamental Incompleto / Completo: 22,00%; Ensino Médio Incompleto / Completo: 48,86%; Ensino Superior Incompleto / Completo: 25,71%. Renda Nominal Mensal Domiciliar: Até 2 Salários Mínimos: 21,00%; De 2 a 5 Salários Mínimos: 32,57%; Mais de 5 Salários Mínimos: 46,43%. Fonte de dados: TSE: Agosto/2026 (Gênero, Faixa etária e Grau de Instrução); IBGE: Censo Demográfico 2010 (Renda Nominal Mensal Domiciliar, última atualização foi em 2010); e Censo Demográfico 2022 (Bairros). Margem de erro 3,7% para mais ou para menos, considerando um nível de confiança de 95,0%. Há a previsão para eventual ponderação para correção nos tamanhos dos estratos, considerando as variáveis do plano amostral.";"Para a coleta de dados, utiliza-se uma equipe de entrevistadores contratados, devidamente treinados para o trabalho, além de contarem com apoio de supervisor para eventuais dúvidas. Durante as entrevistas, os supervisores fazem a fiscalização dos pesquisadores. Após a realização das entrevistas, os questionários passam por uma codificação e crítica, e depois disso, são fiscalizados entre 10% a 20%.";"A relação dos bairros e áreas selecionadas para a pesquisa constará em anexo a ser apresentado até o dia seguinte, a partir do dia em que a pesquisa puder ser divulgada, conforme as Resoluções 23.600/2019, no art. 2º; §7º e 23.727/2024 do TSE."
"28/09/2026";"05:46:54";2026;81;"Eleições Gerais 2026";"SP";"SP";"SÃO PAULO";"SP065172026";"2026-09-25 19:30:08";"N";"29021286000173";"COSTA E MARIATH LTDA";"INTELLIGENCE PESQUISA E COMUNICACAO";"Governador, Senador, Deputado Federal, Deputado Estadual, Deputado Distrital";"2026-09-28 00:00:00";"2026-09-29 00:00:00";"2026-10-01 00:00:00";1100;"9327";"MARCIO BARTOLOMEU AZEVEDO DA COSTA";"20000,00";"Metodologia de pesquisa: Pesquisa do tipo quantitativo, por amostragem, com aplicação de questionário estruturado e abordagem pessoal em domicílios particulares permanentemente ocupados (de acordo com a definição do IBGE - Instituto Brasileiro de Geografia e Estatística). O conjunto do eleitorado do município de Guarulhos-SP com 16 anos ou mais foi tomado como universo da pesquisa.";"Tamanho da amostra: A amostra prevista é de 1.100 entrevistas. Técnica de amostragem A amostra é aleatória, com base na estimativa da média populacional. Utilizamos a amostragem em mais de um estágio. No primeiro estágio dividimos o município em bairros/setores censitários (conglomerados), sendo os mesmos listados, onde foram sorteados aleatoriamente. No segundo estágio, foram sorteadas as ruas (dispondo de um mapa da região), no terceiro estágio fizemos o sorteio das casas (via amostragem sistemática). O quarto estágio foi a seleção do entrevistado dentro da casa, onde o critério adotado foi o da primeira pessoa que atendesse a equipe de pesquisa, sendo este obrigatoriamente morador da residência e eleitor da cidade pesquisada. Na etapa seguinte foi realizado um controle das seguintes variáveis: sexo, idade, grau de instrução e nível econômico. Também adotamos p=50% para maximizar o tamanho da amostra a) a amostra poderá ser ponderada levando em consideração a variável sexo da população de Guarulhos-SP, sendo 46,3% homens e 53,7% mulheres, conforme dados do TSE de agosto de 2026 e a variável idade sendo consideradas as faixas: 16 a 24 anos: 12,5%; de 25 a 34 anos: 20,6%; de 35 a 44 anos: 20,3%; de 45 a 59 anos: 26,9% e acima de 69 anos: 19,7% (TSE Agosto 2026). Quanto à variável grau de instrução, temos: ANALFABETO: 1,4%; LÊ E ESCREVE: 1,8%; ENSINO FUNDAMENTAL: 20,4%; ENSINO MÉDIO: 56,6%; ENSINO SUPERIOR: 19,8% (TSE Agosto 2026). E para a variável renda, temos: Sem Rendimento 6% , Até 1 Salários Mínimos: 9%; 1 a 2 Salários Mínimos: 22% , 2 a 5 Salários Mínimos: 38%; acima de 5 Salários Mínimos: 25% (IBGE Censo 2010). Observação: Conforme informações obtidas do Instituto Brasileiro de Geografia e Estatística (https://cidades.ibge.gov.br/brasil/sp/guarulhos/pesquisa/23/24304) , o IBGE, não divulgou - e não tem previsão - de data para divulgação do perfil econômico (nível econômico) da população brasileira; portanto, os dados quanto ao nível econômico obtidos no Censo 2022, não podem ser utilizados, pois não foram publicados. Em relação à ponderação, devido à metodologia amostral adotada, os fatores de ponderação a serem aplicados em toda as variáveis (sexo, idade, grau de instrução e renda), assumem valor igual a 1(um). Área física: Município de Guarulhos-SP em domicílios particulares permanentemente ocupados e sorteados de maneira aleatória simples sem reposição. Margem de Erro: A margem de erro máxima prevista para o total da amostra é de 3,0 pontos percentuais para mais ou para menos, considerando um nível de confiança de 95%. Os intervalos de confiança serão calculados considerando os resultados obtidos para um nível de confiança de 95%. Fonte de Dados: TSE-agosto 2026 e IBGE Censo 2010.";"Os pesquisadores envolvidos na realização desta pesquisa recebem treinamento especializado e instruções específicas de abordagem. O trabalho é feito com a equipe de entrevistadores e coordenadores de campo. Há fiscalização no ato da entrevista e os questionários são recolhidos e checados quanto ao correto preenchimento dos dados. Após os trabalhos de campo, os questionários são submetidos a uma fiscalização que consiste na verificação de 20% dos questionários aplicados individualmente pelos entrevistadores, para checagem das respostas. Internamente, todo o material é verificado, codificado, digitado e, antes do processamento final, realiza-se a conferência da digitação (consistência dos dados).";"A relação dos bairros pertencentes à amostra será apresentada até o dia seguinte à data a partir da qual a pesquisa puder ser divulgada, conforme §7º do art. 2º da Resolução-TSE nº. 23.600/2019"
"28/09/2026";"05:46:54";2026;81;"Eleições Gerais 2026";"SP";"SP";"SÃO PAULO";"SP093082026";"2026-09-27 16:58:04";"S";"81908345000140";"INSTITUTO PARANA DE PESQUISAS E ANALISE DE CONSUMIDOR LTDA";"#NULO#";"Governador";"2026-09-30 00:00:00";"2026-10-03 00:00:00";"2026-10-03 00:00:00";1600;"10245 - 4ª";"Tatiani Cristina Ara";"50000,00";"Pesquisa com metodologia quantitativa, com a realização de entrevistas pessoais, domiciliares e presenciais, utilizando questionário estruturado junto a uma amostra representativa do eleitorado do Estado de São Paulo.";"""A amostra será representativa do eleitorado da área pesquisada e será selecionada em três etapas. Na primeira etapa realiza-se um sorteio probabilístico dos municípios onde as entrevistas serão realizadas através do método PPT (Probabilidade Proporcional ao Tamanho), considerando a população eleitora com 16 anos ou mais residente nos municípios como base para essa seleção. Na segunda etapa, faz-se um sorteio probabilístico das localidades, onde as entrevistas serão realizadas, através do método PPT (Probabilidade Proporcional ao Tamanho), tomando a população eleitora de 16 anos ou mais residente nas localidades como base para essa seleção. Na terceira etapa, a seleção do entrevistado dentro da localidade, será feita utilizando-se quotas amostrais proporcionais, em função das seguintes variáveis:
GÊNERO: TSE Agosto 2026 (https://sig.tse.jus.br/ords/dwapr/r/seai/sig-eleitor-eleitorado-mensal/cruzamento-eleitorado-mensal?p24_metricas=E&p24_back=22&p24_cruzamento_1=ds_sexo&clear=24&p0_uf=SP&p0_mes=8&debug=LEVEL5&session=312990078978641)
Masculino - 47%; |
Feminino - 53%; |
FAIXA ETÁRIA: TSE Agosto 2026 (https://sig.tse.jus.br/ords/dwapr/r/seai/sig-eleitor-eleitorado-mensal/cruzamento-eleitorado-mensal?p24_cruzamento_1=ds_faixa_etaria&p24_metricas=E&p24_back=22&clear=24&p0_uf=SP&p0_mes=8&debug=LEVEL5&session=8904950028837)
Entre 16 e 24 anos: 11%; |
Entre 25 e 34 anos: 18%; |
Entre 35 e 44 anos: 20%; |
Entre 45 e 59 anos: 26%; |
Com 60 anos ou mais: 25%; |
ESCOLARIDADE: TSE Agosto 2026 (https://sig.tse.jus.br/ords/dwapr/r/seai/sig-eleitor-eleitorado-mensal/cruzamento-eleitorado-mensal?p24_cruzamento_1=ds_grau_instrucao&p24_metricas=E&p24_back=22&clear=24&p0_uf=SP&p0_mes=8&debug=LEVEL5&session=309383598034615) Observação: Conforme informações obtidas no site do Tribunal Superior Eleitoral, o TSE, (https://dadosabertos.tse.jus.br/group/about/eleitorado) """"Os registros de grau de escolaridade podem apresentar dados defasados, pois refletem a situação do eleitor na ocasião do cadastramento.""""
De analfabeto até ensino fundamental completo: 29%; |
Ensino médio incompleto ou completo: 50% |
Ensino superior incompleto ou completo: 21% |
RENDA DOMICILIAR MENSAL: (https://cidades.ibge.gov.br/brasil/sp/pesquisa/23/24304) IBGE - Censo 2010. Observação: Conforme informações obtidas do Instituto Brasileiro de Geografia e Estatística, o IBGE não divulgou - e não tem previsão de data - para divulgação do perfil econômico (nível econômico) da população brasileira nos parâmetros metodológicos utilizados pela Paraná Pesquisas (renda domiciliar mensal), tendo sido divulgados apenas a renda per capita; portanto, os dados divulgados pelo IBGE, por exemplo, em 2022 e 2025 quanto ao nível econômico, não podem ser utilizados pois não correspondem aos parâmetros metodológicos utilizados pela Paraná Pesquisas.
Sem rendimentos até 2 salários mínimos: 31% |
Mais de 2 a 5 salários mínimos: 39% |
Mais de 5 salários mínimos: 30% |
Está prevista eventual ponderação para correção das variáveis gênero e faixa etária, com base nos percentuais acima apresentados, caso ocorram diferenças superiores a 3,0 (três) pontos percentuais entre o previsto na amostra e a coleta realizada; para as variáveis escolaridade e renda domiciliar mensal, o fator de ponderação é igual a 1 (resultados obtidos no campo). O nível de confiança estimado é de 95% (noventa e cinco por cento) para uma margem de erro estimada, considerando uma técnica de amostragem aleatória simples, de aproximadamente 2,5 (dois vírgula cinco) pontos percentuais para mais ou para menos sobre os resultados obtidos.""


";"""As entrevistas serão conduzidas por uma equipe de entrevistadores e supervisores devidamente qualificados pelo Instituto Paraná Pesquisas, todos com experiência e treinamento específico em pesquisas de opinião pública.
Controle: O controle do processo será realizado por meio de um software de coleta de dados.
Conferência e Fiscalização: Durante a coleta de dados os questionários aplicados são fiscalizados e conferidos através de um supervisor.
Adicionalmente, pelo menos 30% dos questionários passarão por uma verificação posterior, que avaliará a precisão na aplicação e a adequação dos entrevistados às variáveis das quotas amostrais. Ou seja, no mínimo 480 entrevistas desta pesquisa serão auditadas pela equipe de qualidade do Instituto Paraná Pesquisas, podendo essa auditoria ser solicitada ao Instituto a qualquer momento.
Verificação: Após a coleta, os questionários passam por uma etapa de verificação e validação dos dados, para garantir a integridade e precisão dos dados coletados.""


";"""A pesquisa será realizada no Estado de São Paulo, a relação dos dados relativos aos municípios e às localidades será apresentado até o dia seguinte à data a partir da qual a pesquisa puder ser divulgada, conforme §7º do art. 2º da Resolução-TSE nº. 23.600/2019""


"
"28/09/2026";"05:46:54";2026;81;"Eleições Gerais 2026";"SP";"SP";"SÃO PAULO";"SP004532026";"2026-09-26 15:00:34";"N";"52908063000144";"100% CIDADES PARTICIPACOES LTDA";"100 CIDADES";"Governador, Senador";"2026-09-28 00:00:00";"2026-10-02 00:00:00";"2026-10-02 00:00:00";1600;"8140";"FABIOLA MIRANDA VON RONDOW";"128000,00";"Pesquisa do tipo quantitativa, por amostragem, com aplicação de questionário estruturado realizado por meio telefônico. O universo da pesquisa é o eleitorado do Estado de São Paulo com 16 anos ou mais. Dentro das localidades indicadas, os respondentes são selecionados aleatoriamente, considerando todo o território e a totalidade dos respectivos bairros dos Municípios abrangidos pela pesquisa, pelo sistema de cotas amostrais em função de variáveis significativas.";"Representativo do eleitorado da área em estudo. A amostra é estratificada por região de moradia, com base na população residente em quaisquer dos bairros ou áreas dos Municípios abrangidos pela pesquisa. (Fonte dos Dados: Censo IBGE 2022). Dentro da área de abrangência da pesquisa, os respondentes são selecionados aleatoriamente com o auxílio de computador pelo sistema de cotas amostrais em função de variáveis significativas, a saber: Gênero: masculino 46,7%; feminino 53,3% (Fonte dos Dados: TSE- agosto/2026 - https://sig.tse.jus.br/ords/dwapr/r/seai/sig-eleitor-eleitorado-mensal/cruzamento-eleitorado-mensal?p24_metricas=E&p24_back=1&clear=24&session=200358050302958 - cruzamento 1: Gênero); Faixa etária: 16 a 24 anos, 10,7%; 25 a 34 anos, 18,0%; 35 a 44 anos, 19,7%; 45 a 59 anos, 26,6%; 60 anos ou mais, 25,0% (Fonte dos Dados: TSE- agosto /2026 - https://sig.tse.jus.br/ords/dwapr/r/seai/sig-eleitor-eleitorado-mensal/cruzamento-eleitorado-mensal?p24_metricas=E&p24_back=1&clear=24&session=200358050302958 - cruzamento 1: Faixa Etária); Para a variável grau de instrução, os dados são: Até Ensino Fundamental Completo, 26,0%; Ensino Médio incompleto ou completo, 43,5%; Ensino superior incompleto ou mais, 30,4% (Fonte dos dados: PNAD continua 2º trimestre de 2026); Para a variável nível econômico, a renda familiar: Sem rendimento/até 1 salário-mínimo 12,2%; acima de 1 a 2 salários-mínimos 18,6%; acima de 2 a 5 salários-mínimos 38,7%; acima de 5 a 10 salários-mínimos 19,5%; acima de 10 salários-mínimos 11,0% (Fonte dos dados: Censo IBGE/2010 - https://cidades.ibge.gov.br/brasil/sp/pesquisa/23/24304). Observação: De acordo com informações do Instituto Brasileiro de Geografia e Estatística (IBGE), não há previsão de data para a divulgação do perfil econômico da população brasileira do CENSO 2022. Portanto, considerando que os dados sobre o nível econômico obtidos no Censo 2022 ainda não foram publicados, adotou-se para essa variável os dados disponíveis do Censo IBGE/2010. Está prevista eventual ponderação para correção das variáveis gênero, idade e grau de instrução com base nos percentuais anteriormente mencionados, caso ocorram diferenças superiores a 3 pontos percentuais entre o previsto na amostra e a coleta de dados realizada. Para a variável nível econômico do entrevistado, o fator previsto para ponderação é 1 (resultados obtidos em campo). O tamanho da amostra previsto é de 1600 entrevistas. O nível de confiança estimado é de 95% e a margem de erro máxima estimada considerando um modelo de amostragem aleatório simples, é de 2,4 pontos percentuais para mais ou para menos sobre os resultados encontrados no total da amostra. Os intervalos de confiança serão calculados considerando os resultados obtidos para um nível de confiança de 95%. FONTE DOS DADOS: Censo IBGE (2010 e 2022) | TSE (eleitorado de agosto / 2026) | PNAD continua 2º trimestre de 2026.";"As entrevistas serão realizadas por uma equipe de entrevistadores qualificados, que receberão treinamento e orientações especificas sobre o questionário e os objetivos da pesquisa, antes de iniciarem a coleta. Durante todo o período de aplicação das entrevistas, os entrevistadores serão monitorados recebendo apoio ou orientações de uma equipe de supervisores, com experiência e treinamento em pesquisas de opinião pública. Serão checados no mínimo 20% (vinte por cento) dos questionários aplicados por cada entrevistador, para a verificação das respostas e adequação dos entrevistados aos parâmetros amostrais. Os dados coletados e tratados nesta pesquisa atendem às exigências da Lei nº 13.709, de 14 de agosto de 2018, a Lei Geral de Proteção de Dados ¿ LGPD, garantindo ao respondente o sigilo de sua identidade e de seus dados pessoais, bem como o correto tratamento de suas respostas.";"A área de abrangência da coleta é o Estado de São Paulo. A relação dos Municípios cuja totalidade do território e respectivos bairros foram selecionados como área de abrangência para a pesquisa constará em anexo a ser apresentado até o dia seguinte, a partir do dia em que a pesquisa puder ser divulgada, conforme as Resoluções 23.600/2019, no art. 2º; §7º e 23.727/2024 do TSE."
"28/09/2026";"05:46:54";2026;81;"Eleições Gerais 2026";"SP";"SP";"SÃO PAULO";"SP034632026";"2026-08-03 22:02:02";"N";"34972238000109";"AMERICAN ANALYTICS DO BRASIL CONSULTORIA LTDA";"AMERICAN ANALYTICS";"Governador, Senador";"2026-08-04 00:00:00";"2026-08-08 00:00:00";"2026-08-09 00:00:00";1500;"11564";"GIOVANA RILLARY DA SILVA ROCHA";"30000,00";"Pesquisa quantitativa, com realização de entrevistas pessoais e aplicação de questionário estruturado junto a uma amostra representativa do eleitorado do estado de São Paulo.";"A amostra será representativa do eleitorado da área de abrangência da pesquisa e será selecionada em três estágios. No primeiro estágio, será realizado o sorteio probabilístico dos municípios onde as entrevistas serão realizadas, por meio do método PPT (Probabilidade Proporcional ao Tamanho), considerando a população eleitora com 16 anos ou mais residente nos municípios como base para essa seleção. No segundo estágio, será realizado o sorteio probabilístico dos setores censitários onde as entrevistas serão realizadas, também por meio do método PPT (Probabilidade Proporcional ao Tamanho), tomando como base a população eleitora de 16 anos ou mais residente nos respectivos setores censitários. No terceiro estágio, a seleção do entrevistado dentro de cada setor censitário será feito por meio de cotas amostrais proporcionais, considerando as seguintes variáveis : GÊNERO: TSE Julho de 2026 (fonte: https://sig.tse.jus.br/ords/dwapr/r/seai/sig-eleitor-eleitorado-mensal/cruzamento-eleitorado-mensal?p24_metricas=E&p24_back=22&p24_cruzamento_1=ds_sexo&clear=24&session=210862577419255 ) FEMININO 53,3% ; MASCULINO 46,7% ; FAIXA ETÁRIA: TSE - Julho de 2026 (fonte: https://sig.tse.jus.br/ords/dwapr/r/seai/sig-eleitor-eleitorado-mensal/cruzamento-eleitorado-mensal?p24_cruzamento_1=ds_faixa_etaria&p24_metricas=E&p24_back=22&clear=24&session=210862577419255) Entre 16 a 24 anos 10,68% ; Entre 25 a 34 anos 18,00% ; Entre 35 a 44 anos 19,71% ; Entre 45 a 59 anos 26,62% ; 60 anos ou mais 24,99% ; GRAU DE INSTRUÇÃO: TSE - Julho de 2026 (fonte: https://sig.tse.jus.br/ords/dwapr/r/seai/sig-eleitor-eleitorado-mensal/cruzamento-eleitorado-mensal?p24_cruzamento_1=ds_grau_instrucao&p24_metricas=E&p24_back=22&clear=24&session=305447471395): Sem Instrução até ensino fundamental completo: 28,7%; | Ensino médio incompleto ou completo: 50,1%; | Ensino superior incompleto ou completo: 21,2% ;| RENDA DOMICILIAR MENSAL: IBGE - Censo 2.010 - (fonte: https://cidades.ibge.gov.br/brasil/sp/pesquisa/23/24304) Sem rendimentos até 2 salários mínimos: 30,8%; Mais de 2 a 5 salários mínimos: 38,7%; | Mais de 5 salários mínimos: 30,5%. Observação: Conforme informações obtidas do Instituto Brasileiro de Geografia e Estatística - IBGE, o instituto não divulgou e não tem previsão de data para divulgação do perfil econômico (nível econômico) da população brasileira; portanto, os dados quanto ao nível econômico obtidos no Censo 2022 não podem ser utilizados, pois não foram publicados. (https://censo2022.ibge.gov.br/panorama/). Está prevista eventual ponderação para correção das variáveis gênero e faixa etária, com base nos percentuais acima apresentados, caso ocorram diferenças superiores a MARGEM DE ERRO definida entre a amostra prevista e a coleta realizada. Para as variáveis escolaridade e renda domiciliar mensal, o fator de ponderação será igual a 1, considerando-se os resultados obtidos em campo. Dentro do público-alvo anteriormente descrito, serão realizadas 1.500 (Um mil e quinhentos) entrevistas. O nível de confiança estimado é de 95% para uma margem de erro estimada, considerando uma técnica de amostragem aleatória simples (AAS), de aproximadamente 2,5 pontos percentuais para mais ou para menos sobre os resultados obtidos.";"Para a realização da pesquisa, serão conduzidas uma equipe de entrevistadores e supervisores credenciados e devidamente treinados pela empresa para esse tipo de pesquisa. Após os trabalhos de coleta dos dados, 100% dos questionários são criticados e passam por uma fiscalização de cerca de 20% (vinte por cento) dos questionários aplicados por cada entrevistador; passam por uma etapa de verificação da consistência das respostas e da adequação dos entrevistados aos parâmetros amostrais.";"A relação dos municípios e das localidades abrangidos pela coleta, com a respectiva distribuição das entrevistas, será apresentada a partir do dia em que a pesquisa puder ser divulgada e até o dia seguinte, nos termos §7º do art. 2º da Resolução TSE nº. 23.600/2019."
"28/09/2026";"05:46:54";2026;81;"Eleições Gerais 2026";"SP";"SP";"SÃO PAULO";"SP063402026";"2026-09-21 18:33:40";"S";"51617475000162";"ASN PESQUISAS PUBLICAS LTDA";"ASN PESQUISAS PUBLICAS";"Governador, Senador, Deputado Federal, Deputado Estadual";"2026-09-25 00:00:00";"2026-09-28 00:00:00";"2026-09-27 00:00:00";700;"9443-A";"Marcelo Hidemi Uemura";"20000,00";"Pesquisa do tipo quantitativa, com amostragem por quotas representativas do eleitorado (Gênero, faixa etária, escolaridade, renda nominal mensal domiciliar, e bairros) do município de Santo André-SP (Pesquisa realizada apenas no município). (Fonte de dados: TSE e IBGE) para os cargos de Presidente, Governador, Senador, Deputado Federal e Deputado Estadual, através de questionário estruturado, com questões abertas e fechadas, e abrangência pessoal, sendo entrevistados no máximo uma pessoa por família, de forma que se possa determinar as verdadeiras intenções do eleitor com relação ao pleito que se aproxima.";"Amostra composta por 700 eleitores. Cada Estrato proporcional ao tamanho do Universo de eleitores do município de Santo André-SP. Foram divididos da seguinte maneira: Gênero: Feminino: 53,71%; Masculino: 46,29%. Faixa Etária: 16 a 24 anos: 9,43%; 25 a 34 anos: 16,00%; 35 a 44 anos: 19,14%; 45 a 59 anos: 26,43%; Mais de 60 anos: 29,00%. Grau de Instrução: Analfabeto / Lê e escreve: 3,43%; Ensino Fundamental Incompleto / Completo: 22,00%; Ensino Médio Incompleto / Completo: 48,86%; Ensino Superior Incompleto / Completo: 25,71%. Renda Nominal Mensal Domiciliar: Até 2 Salários Mínimos: 21,00%; De 2 a 5 Salários Mínimos: 32,57%; Mais de 5 Salários Mínimos: 46,43%. Fonte de dados: TSE: Agosto/2026 (Gênero, Faixa etária e Grau de Instrução); IBGE: Censo Demográfico 2010 (Renda Nominal Mensal Domiciliar, última atualização foi em 2010); e Censo Demográfico 2022 (Bairros). Margem de erro 3,7% para mais ou para menos, considerando um nível de confiança de 95,0%. Há a previsão para eventual ponderação para correção nos tamanhos dos estratos, considerando as variáveis do plano amostral";"Para a coleta de dados, utiliza-se uma equipe de entrevistadores contratados, devidamente treinados para o trabalho, além de contarem com apoio de supervisor para eventuais dúvidas. Durante as entrevistas, os supervisores fazem a fiscalização dos pesquisadores. Após a realização das entrevistas, os questionários passam por uma codificação e crítica, e depois disso, são fiscalizados entre 10% a 20%.";"A relação dos bairros e áreas selecionadas para a pesquisa constará em anexo a ser apresentado até o dia seguinte, a partir do dia em que a pesquisa puder ser divulgada, conforme as Resoluções 23.600/2019, no art. 2º; §7º e 23.727/2024 do TSE."
"28/09/2026";"05:46:54";2026;81;"Eleições Gerais 2026";"SP";"SP";"SÃO PAULO";"SP093372026";"2026-09-27 16:53:52";"N";"07630546000175";"DATAFOLHA INSTITUTO DE PESQUISAS LTDA.";"#NULO#";"Governador, Senador";"2026-10-02 00:00:00";"2026-10-03 00:00:00";"2026-10-03 00:00:00";2520;"7249A";"Renata Nunes Cesar";"290166,66";"Metodologia da Pesquisa: Pesquisa do tipo quantitativo, por amostragem, com aplicação de questionário estruturado e abordagem pessoal em pontos de fluxo populacional. O eleitorado do estado de São Paulo foi tomado como universo da pesquisa.";"Tamanho da amostra: A amostra prevista é de 2520 entrevistas.
Técnica de amostragem: A amostra é estratificada por natureza dos municípios (capital, região metropolitana ou interior), sendo que os estratos são desproporcionais em relação ao tamanho do universo. Posteriormente, as proporções corretas serão restabelecidas na fase de ponderação dos dados. Os municípios com população acima de 500 mil habitantes constituem estratos. Em cada estrato, num primeiro estágio, são sorteados com probabilidade proporcional ao tamanho (PPT) os municípios que farão parte do levantamento. Num segundo estágio, são sorteados os bairros e pontos de abordagem onde serão aplicadas as entrevistas. Por fim, os entrevistados são selecionados aleatoriamente para responder ao questionário, de acordo com cotas de gênero e faixa etária.
Os dados utilizados para definição e seleção da amostra são baseados nos dados fornecidos pelo TSE (dados julho 2026), IBGE (Censo 2022, PNADC 2024 e Estimativa populacional 2025), além de dados primários de outros levantamentos do instituto. Os dados relativos a gênero e faixa etária são: Homens: 47%, mulheres: 53%, 16 a 24 anos: 11%, 25 a 34 anos: 18%, 35 a 44 anos: 20%, 45 a 59 anos: 26% e 60 anos ou mais: 25%.
Para a variável grau de instrução os dados utilizados como referência são: até nível médio completo ou incompleto (inclui os sem escolaridade e analfabetos) =70% e nível superior (inclui superior incompleto) = 30%.
Ponderação dos resultados: Está prevista ponderação considerando as variáveis natureza do município, gênero e faixa etária. A variável escolaridade poderá ser ajustada de acordo com os percentuais detalhados anteriormente caso a diferença entre os valores descritos e observados seja maior que a margem de erro definida. Para o nível econômico do entrevistado (renda familiar mensal declarada pelo respondente), a distribuição utilizada como referência foi: Até 2 S.M. (salários mínimos)=38%, mais de 2 S.M.=58%, não souberam ou recusaram a resposta=4%. O fator previsto para ponderação é 1 (resultados obtidos em campo).
Margem de Erro: A margem de erro máxima prevista é de 2 pontos percentuais para mais ou para menos, considerando um nível de confiança de 95% e baseada em uma amostra aleatória simples (AAS). Os intervalos de confiança serão calculados considerando os resultados obtidos para um nível de confiança de 95%.";"Os entrevistadores envolvidos na realização desta pesquisa são treinados pelo Instituto e recebem instruções específicas para cada projeto realizado. A coleta será feita com a utilização de equipamento e questionário eletrônicos. São checados, no mínimo, 20% dos questionários de cada pesquisador, seja in loco por supervisores de campo ou, posteriormente, por telefone. Internamente, todo o material é verificado e codificado. Antes do processamento final e emissão dos resultados, realiza-se processo de consistência dos dados. Os dados coletados e tratados nesta pesquisa atendem às exigências da LGPD, Lei Geral de Proteção de Dados, garantindo ao respondente o sigilo de sua identidade e o correto tratamento de suas respostas.
";"Área física: A área de abrangência da coleta dos dados é o estado de São Paulo. A relação completa dos municípios e bairros pesquisados será anexada ao registro até o dia seguinte à data de publicação da pesquisa, conforme Resolução 23.600/2019 do TSE, no art.2º §7º."
"28/09/2026";"05:46:54";2026;81;"Eleições Gerais 2026";"SP";"SP";"SÃO PAULO";"SP099672026";"2026-09-20 19:44:44";"N";"00654576000172";"INSTITUTO VERITA LTDA";"VERITA";"Governador, Senador";"2026-09-21 00:00:00";"2026-09-25 00:00:00";"2026-09-26 00:00:00";3025;"10699";"Guilherme Alvarenga Laia";"37037,04";"Estudo quantitativo voltado às Eleições 2026, realizado por meio de entrevistas individuais, aplicadas mediante questionário eletrônico estruturado e Unidade Automatizada de Respostas Audíveis e Auditáveis, por meio de ligações para telefones móveis (celulares). A inteligência artificial é empregada exclusivamente para a transcrição automatizada das respostas em áudio, não interferindo na formulação das perguntas, na condução das entrevistas, na coleta das informações, na interpretação das respostas ou no tratamento estatístico dos dados.

A participação dos eleitores é voluntária, espontânea e não remunerada. As respostas são prestadas por autodeclaração, sendo, em sua maioria, registradas por meio de códigos numéricos correspondentes às alternativas previamente definidas no questionário.

A utilização de sistema eletrônico automatizado para a coleta e o registro das respostas proporciona elevado nível de padronização operacional, reduz a possibilidade de interferência humana durante a realização das entrevistas, amplia a rastreabilidade e a auditabilidade de todo o processo de coleta e contribui para maior precisão, consistência e confiabilidade dos dados obtidos.

O plano amostral foi elaborado para assegurar a representatividade estatística do eleitorado da respectiva Unidade da Federação, observando critérios técnicos de seleção, distribuição e ponderação da amostra, quando aplicáveis.";"A pesquisa foi planejada para produzir uma amostra estatisticamente representativa do eleitorado do estado DE SÃO PAULO, utilizando o método de Probabilidade Proporcional ao Tamanho (PPT), com plano amostral em múltiplos estágios. Na primeira etapa, esta Unidade da Federação é dividida em macrorregiões, de forma a assegurar adequada distribuição territorial da amostra e representação das diferentes características geográficas, demográficas e eleitorais. Na segunda etapa, os municípios de cada estrato são ordenados segundo seu porte populacional e eleitoral e sorteados. Na terceira etapa, os respondentes são selecionados entre os eleitores aptos residentes nos municípios sorteados, observando-se a distribuição proporcional da amostra e as cotas estabelecidas para as variáveis de sexo, faixa etária, grau de instrução e nível econômico. As cotas são estabelecidas para a pesquisa completa, considerando a composição do eleitorado e os parâmetros oficiais de referência, não sendo aplicadas isoladamente a cada município selecionado.

SEXO E FAIXA ETÁRIA - Fonte: Tribunal Superior Eleitoral (TSE), Perfil do Eleitorado, junho de 2026. Feminino de 16 a 34 anos: 15%; Masculino de 16 a 34 anos: 14,2%; Feminino de 35 a 54 anos: 20,2%; Masculino de 35 a 54 anos: 18,1%; Feminino com 55 anos ou mais: 18%; Masculino com 55 anos ou mais: 14,4%. Os parâmetros de sexo e idade têm como referência o cadastro eleitoral brasileiro atualizado pelo Tribunal Superior Eleitoral, considerando o universo de eleitores aptos com 16 anos ou mais.

GRAU DE INSTRUÇÃO - Fonte: IBGE - PNAD Contínua Anual 2025. A distribuição é: sem instrução 2,5%; ensino fundamental incompleto ou equivalente 18,2%; ensino fundamental completo ou equivalente 7,9%; ensino médio incompleto ou equivalente 7%; ensino médio completo ou equivalente 35,5%; ensino superior incompleto ou equivalente 5,6%; ensino superior completo 23,3%. Para não confundir os respondentes as faixas de escolaridade no questionário foram agrupadas em 3 faixas: até ensino fundamental incompleto e completo, ensino médio incompleto e completo e superior incompleto, completo ou mais. A PNAD Contínua é utilizada como referência por constituir a fonte oficial mais atualizada para a mensuração do nível de instrução da população brasileira, sua utilização também corrige limitações decorrentes da ausência de atualização obrigatória e contínua das informações de escolaridade no cadastro eleitoral do Tribunal Superior Eleitoral.

NÍVEL ECONÔMICO - RENDA FAMILIAR DO DOMICÍLIO - Fonte: IBGE - PNAD Contínua Anual 2025. Considera-se a renda domiciliar total, compreendendo rendimentos provenientes de trabalho formal e informal, aposentadorias, pensões, benefícios sociais e demais fontes de renda existentes no domicílio. observando-se a seguinte distribuição: renda familiar de até 2 salários-mínimos 29,5%; de 2 a 5 salários-mínimos 41,5%, acima de 5 salários-mínimos 29%.

PONDERAÇÃO E CALIBRAÇÃO DA AMOSTRA - Prevê-se eventual ponderação das variáveis de sexo, faixa etária, grau de instrução e nível econômico, caso sejam verificadas diferenças relevantes entre a distribuição da amostra efetivamente coletada e os parâmetros populacionais de referência adotados. Inicialmente, o fator de ponderação é igual a 1 (um), podendo ser recalculado sempre que necessário para assegurar a representatividade estatística da amostra.
INTERVALO DE CONFIANÇA E MARGEM DE ERRO - O intervalo de confiança adotado é de 95%, com margem máxima estimada de erro de aproximadamente 2 pontos percentuais, para mais ou para menos, sobre os resultados do total da amostra, calculada segundo o modelo de amostragem aleatória simples e a hipótese de máxima variabilidade.";"Após os trabalhos de coleta de dados, os questionários são submetidos a uma fiscalização, conferência e checagem de cerca de 20% (vinte por cento) dos questionários aplicados. Todas as entrevistas são integralmente registradas em áudio, permanecendo auditáveis e rastreáveis, permitindo a verificação da integridade do processo de coleta, preservado o sigilo das informações pessoais dos entrevistados e observadas as disposições da Lei Geral de Proteção de Dados Pessoais (Lei nº 13.709/2018).";"Em observância ao art. 2º, § 7º, da Resolução TSE nº 23.600/2019, com redação dada pela Resolução TSE nº 23.747/2026, a presente pesquisa terá seu registro complementado no Sistema de Registro de Pesquisas Eleitorais a partir da data em que sua divulgação for permitida e até o dia seguinte, com a identificação dos municípios em que foram realizadas as entrevistas, bem como da composição final da amostra quanto a gênero, idade, grau de instrução e nível econômico, na forma exigida pela legislação eleitoral vigente."
"28/09/2026";"05:46:54";2026;81;"Eleições Gerais 2026";"SP";"SP";"SÃO PAULO";"SP041892026";"2026-09-05 12:43:31";"N";"07630546000175";"DATAFOLHA INSTITUTO DE PESQUISAS LTDA.";"#NULO#";"Governador";"2026-09-08 00:00:00";"2026-09-11 00:00:00";"2026-09-11 00:00:00";1610;"7249A";"Renata Nunes Cesar";"185706,64";"Pesquisa do tipo quantitativo, por amostragem, com aplicação de questionário estruturado e abordagem pessoal em pontos de fluxo populacional. O eleitorado do estado de São Paulo foi tomado como universo da pesquisa.";"Universo: Eleitorado do estado de São Paulo
Tamanho da amostra: A amostra prevista é de 1610 entrevistas.
Técnica de amostragem: A amostra é estratificada por natureza dos municípios (capital, região metropolitana ou interior), sendo que os estratos são desproporcionais em relação ao tamanho do universo. Posteriormente, as proporções corretas serão restabelecidas na fase de ponderação dos dados. Os municípios com população acima de 500 mil habitantes constituem estratos. Em cada estrato, num primeiro estágio, são sorteados com probabilidade proporcional ao tamanho (PPT) os municípios que farão parte do levantamento. Num segundo estágio, são sorteados os bairros e pontos de abordagem onde serão aplicadas as entrevistas. Por fim, os entrevistados são selecionados aleatoriamente para responder ao questionário, de acordo com cotas de gênero e faixa etária.

Os dados utilizados para definição e seleção da amostra são baseados nos dados fornecidos pelo TSE (dados maio 2026), IBGE (Censo 2022, PNADC 2024 e Estimativa populacional 2025), além de dados primários de outros levantamentos do instituto. Os dados relativos a gênero e faixa etária são: Homens: 47%, mulheres: 53%, 16 a 24 anos: 11%, 25 a 34 anos: 18%, 35 a 44 anos: 20%, 45 a 59 anos: 26% e 60 anos ou mais: 25%.

Para a variável grau de instrução os dados utilizados como referência são: até nível médio completo ou incompleto (inclui os sem escolaridade e analfabetos) =70% e nível superior (inclui superior incompleto) = 30%.

Ponderação dos resultados: Está prevista ponderação considerando as variáveis natureza do município (capital 27%, outros municípios da região metropolitana 21%, interior 52%), gênero e faixa etária. A variável escolaridade poderá ser ajustada de acordo com os percentuais detalhados anteriormente caso a diferença entre os valores descritos e observados seja maior que a margem de erro definida. Para o nível econômico do entrevistado (renda familiar mensal declarada pelo respondente), a distribuição utilizada como referência foi: Até 2 S.M. (salários mínimos)=38%, mais de 2 S.M.=58%, não souberam ou recusaram a resposta=4%. O fator previsto para ponderação é 1 (resultados obtidos em campo).

Margem de Erro: A margem de erro máxima prevista é de 2 pontos percentuais para mais ou para menos, considerando um nível de confiança de 95% e baseada em uma amostra aleatória simples (AAS). Os intervalos de confiança serão calculados considerando os resultados obtidos para um nível de confiança de 95%.";"Os entrevistadores envolvidos na realização desta pesquisa são treinados pelo Instituto e recebem instruções específicas para cada projeto realizado. A coleta será feita com a utilização de tablet e questionário eletrônico. São checados, no mínimo, 20% dos questionários de cada pesquisador, seja in loco por supervisores de campo ou, posteriormente, por telefone. Internamente, todo o material é verificado e codificado. Antes do processamento final e emissão dos resultados, realiza-se processo de consistência dos dados. Os dados coletados e tratados nesta pesquisa atendem às exigências da LGPD, Lei Geral de Proteção de Dados, garantindo ao respondente o sigilo de sua identidade e o correto tratamento de suas respostas.";"A área de abrangência da coleta dos dados é o estado de São Paulo. A relação completa dos municípios e bairros pesquisados será anexada ao registro até o dia seguinte à data de publicação da pesquisa, conforme Resolução 23.600/2019 do TSE, no art.2º §7º.
"
"28/09/2026";"05:46:54";2026;81;"Eleições Gerais 2026";"SP";"SP";"SÃO PAULO";"SP009592026";"2026-09-02 19:12:10";"N";"22445600000104";"QUAEST PESQUISAS, CONSULTORIA E PROJETOS LTDA.";"#NULO#";"Governador, Senador";"2026-09-04 00:00:00";"2026-09-07 00:00:00";"2026-09-08 00:00:00";1800;"6731";"Margarida Maria de Mendonca";"216900,00";"Pesquisa quantitativa, de survey, que consiste na realização de entrevistas pessoais, domiciliares e presenciais, conduzidas por profissionais treinados, com a aplicação de questionários estruturados a uma amostra representativa da população votante de 16 anos ou mais residente no estado de São Paulo. O desenho amostral aplicado combina sorteio probabilístico de municípios e de setores censitários fornecidos pelo IBGE (unidades territoriais homogêneas, de tamanho similar a quadras ou blocos), dentro dos quais serão selecionadas pessoas respondentes por meio de cotas amostrais.";"O público pesquisado é composto por eleitores de 16 anos ou mais residentes na área de abrangência da pesquisa. Para produzir uma amostra representativa desse público-alvo, utilizamos um desenho amostral por conglomerados que prevê três estágios. No primeiro estágio, é feito um sorteio probabilístico de municípios para comporem a amostra por meio do método PPT (Probabilidade Proporcional ao Tamanho) a partir de suas populações votantes acima de 16 anos. Dentro da lista de municípios sorteados, no segundo estágio, é realizado um sorteio probabilístico por meio do método PPT (Probabilidade Proporcional ao Tamanho) de setores censitários a serem visitados pelos entrevistadores, sorteio que tem como base o total de habitantes residentes nos setores de acordo com dados do Censo de 2022, o que garante a dispersão aleatória e estatística da amostra dentro dos territórios municipais, independentemente de divisões administrativas. Finalmente, dentro da lista de setores censitários sorteados, no último estágio são selecionados domicílios e pessoas a serem entrevistadas utilizando-se cotas amostrais para as seguintes variáveis: sexo, idade, renda familiar e escolaridade. O perfil da amostra, definido pelas cotas previstas, é o seguinte:

Sexo: Masculino (47%); Feminino (53%).
Faixa etária: 16-34 anos (28%); 35-59 anos (47%); 60 ou mais (25%).
Renda domiciliar total, incluindo pensões, benefícios e rendimentos de trabalhos informais: Até 2 salários-mínimos (19%); Mais de 2 a 5 salários-mínimos (43%); Mais de 5 salários-mínimos (38%).
Nível de instrução: Até Fundamental completo ou médio incompleto (33%); Médio completo ou superior incompleto (43%); Superior completo ou mais (24%).

Fonte dos dados: para a distribuição de sexo e idade, TSE-Tribunal Superior Eleitoral - julho/2026; para a malha de setores censitários, Censo 2022 (IBGE); para a distribuição de renda domiciliar, PNADc Anual 2025, 1ª visita (IBGE); e, para a distribuição de escolaridade/instrução, PNADc trimestral 2-2026 (IBGE). A PNADc é utilizada por ser a fonte oficial mais atualizada de rendimentos do país, incluindo rendimentos informais, pensões, entre outros, e corrigindo as defasagens temporais do Censo 2022, além de ser a fonte mais atualizada de nível de instrução da população com 16 anos ou mais dada ausência de atualização obrigatória da escolaridade no registro de eleitores do TSE.

Está prevista eventual pós-estratificação da amostra, por meio de algoritmos de calibração (rake) e modelos (MrP), para correção (1) de estimativas e (2) das distribuições de variáveis que medem o perfil da população.

Dentro do público-alvo anteriormente descrito, serão realizadas 1.800 entrevistas. O nível de confiança das estimativas é de 95% e a margem de erro máxima prevista, atendendo às diretivas do TSE e usando o cálculo para amostra aleatória simples (AAS) como aproximação, é de cerca de 2 pontos percentuais para mais ou para menos em relação aos totais da amostra.";"As entrevistas serão realizadas por uma equipe de entrevistadores devidamente qualificada, com experiência e treinamento em pesquisa de opinião pública. Todo trabalho é feito em tablets ou outros dispositivos eletrônicos. Após a realização da coleta de dados, as entrevistas junto aos respondentes são checadas por meio de procedimentos de consistência e de georreferenciamento dos locais de aplicação em tempo real. Adicionalmente, ao longo e após os trabalhos de campo, é realizada uma fiscalização que consiste na checagem de áudio de uma amostra de 30% dos questionários aplicados para verificação das respostas e da adequação dos entrevistados aos parâmetros amostrais.";"A área de abrangência da coleta é o território do estado de São Paulo. A relação do número de pessoas pesquisadas nas áreas de aplicação da pesquisa, discriminadas por município, bairros e setores censitários a partir dos identificadores utilizados pelo IBGE, além da composição do eleitorado entrevistado na área de abrangência quanto a gênero, idade, grau de instrução e nível econômico, constará em anexo. O mapa com os códigos destes setores censitários e as áreas que delimitam no país todo podem ser conferidos na seguinte fonte oficial: https://censo2022.ibge.gov.br/panorama/mapas.html?localidade=&recorte=setores_censitarios"
"28/09/2026";"05:46:54";2026;81;"Eleições Gerais 2026";"SP";"SP";"SÃO PAULO";"SP069052026";"2026-09-25 22:51:58";"N";"54401612000115";"INSTITUTO NOVA S.P. PESQUISAS CONSULTORIA ASSESSORIA JORNALISMO E MARKETING LTDA";"SEBRAM PESQUISAS";"Governador, Senador, Deputado Federal, Deputado Estadual";"2026-09-26 00:00:00";"2026-09-27 00:00:00";"2026-10-01 00:00:00";600;"9538A";"RAPHAEL BOTELHO";"10000,00";"Pesquisa quantitativa, que consiste na realização de entrevistas pessoais, com a aplicação de questionários estruturados e padronizados junto a uma amostra representativa do eleitorado do município em estudo, com 16 anos ou mais, baseando-se na divisão dos setores censitários do município e na divisão do eleitorado local por sexo, idade, grau de instrução e nível socioeconômico através de sistema de cotas pré-definidas, com arrolamento aleatório de bairros, endereços e entrevistados.";"Amostra representativa com 600 entrevistas. A seleção é realizada em dois estágios. No primeiro estágio, realiza-se o sorteio probabilístico dos locais de votação/setores censitários via método PPT (Probabilidade Proporcional ao Tamanho), considerando o número de eleitores registrados em cada setor/local. Em cada unidade primária selecionada serão realizadas no mínimo 20 entrevistas. No segundo estágio, a seleção dos respondentes dentro das unidades amostracionais ocorre por cotas proporcionais baseadas nas seguintes distribuições estatísticas (com ajustes de arredondamento inerentes). Devido ao arredondamento do software Excel utilizado na análise estatística, a soma dos percentuais das variáveis de estratificação não irão bater exatamente 100%, considerando as seguintes proporções: SEXO: (masculino) 46,68% (feminino) 53,32%. IDADE: 16-24 (masculino) 12,32% (feminino) 10,62%; 25-34 (masculino) 19,45% (feminino) 17,80%; 35-44 (masculino) 21,26% (feminino) 20,61%; 45-59 (masculino) 25,78% (feminino) 26,24%; 60 e+ (masculino) 21,19% (feminino) 24,74%. GRAU DE INSTRUÇÃO: Analfabeto/Lê e Escreve (masculino) 3,63% (feminino) 4,35%; Ensino fundamental completo/incompleto (masculino) 23,39% (feminino) 22,27%; Ensino médio completo/incompleto (masculino) 53,35% (feminino) 49,42%; Superior completo/incompleto (masculino) 19,63% (feminino) 23,69%. NÍVEL ECONÔMICO: Sem rendimento (masculino) 1,93% (feminino) 2,17%; Até 1 SM (masculino) 14,12% (feminino) 15,92%; Mais de 1 a 3 SM (masculino) 20,05% (feminino) 22,61%; Mais de 3 a 5 SM (masculino) 5,56% (feminino) 6,27%; Mais de 5 SM (masculino) 5,35% (feminino) 6,03%. Está prevista eventual ponderação para correção das variáveis sexo, idade, grau de instrução e nível econômico, com base nos percentuais anteriormente mencionados, caso ocorram diferenças superiores a 3 pontos percentuais entre o previsto na amostra e a coleta de dados realizada. O intervalo de confiança estimado é de 95% e a margem de erro máxima estimada, considerando um modelo de amostragem aleatório simples, é de no máximo 5 (cinco) pontos percentuais para mais ou para menos sobre os resultados encontrados no total da amostra FONTE DOS DADOS: Censo IBGE 2010 | Censo IBGE 2022 | Tribunal Superior Eleitoral (TSE) 2026.";"Para a realização da pesquisa, utiliza-se uma equipe de entrevistadores e supervisores contratados pela SEBRAM PESQUISAS devidamente treinados para o trabalho. Após os trabalhos de campo, os questionários são submetidos a uma fiscalização de 20% (vinte por cento) aplicados individualmente pelos entrevistadores, para verificação das respostas e da adequação dos entrevistados aos parâmetros amostrais.";"A pesquisa será realizada no município de DIADEMA -SP, a relação dos dados relativos aos bairros abrangidos pela pesquisa ou a área em que a mesma foi realizada será apresentado até o dia seguinte à data a partir da qual a pesquisa puder ser divulgada, conforme §7º do art. 2º da Resolução-TSE nº. 23.600/2019."
"28/09/2026";"05:46:54";2026;81;"Eleições Gerais 2026";"SP";"SP";"SÃO PAULO";"SP098862026";"2026-09-26 14:04:57";"S";"45613076000120";"INSTITUTO VOX BRASIL OPINIAO E PESQUISAS LTDA";"#NULO#";"Governador, Senador, Deputado Federal, Deputado Estadual";"2026-09-30 00:00:00";"2026-10-01 00:00:00";"2026-10-02 00:00:00";500;"9907";"GUILHERME COELHO NEVES";"10000,00";"Pesquisa do tipo quantitativo, por amostragem, com aplicação de questionário estruturado e abordagem pessoal em domicílios particulares permanentemente ocupados, de acordo com a definição do IBGE ¿ Instituto Brasileiro de Geografia e Estatística. O conjunto do eleitorado do município de Cruzeiro, São Paulo, com 16 anos ou mais, foi tomado como universo da pesquisa.";"Tamanho da amostra: A amostra prevista é de 500 entrevistas.
Técnica de amostragem: Amostragem por Conglomerados em Múltiplos Estágios com Controle de Cotas na Seleção do Respondente. No primeiro estágio, a área pesquisada é organizada por regiões e setores censitários. Em seguida, são sorteados os setores, listadas as unidades selecionadas e sorteadas as ruas com apoio de mapa da região. Posteriormente, são selecionados os domicílios por amostragem sistemática. Dentro de cada residência, aborda-se um morador apto a votar, obrigatoriamente residente no domicílio e eleitor de Cruzeiro, observados os controles amostrais aplicados.
Na etapa de controle, são consideradas as variáveis sexo, idade, grau de instrução e nível econômico. Adota-se p=50% para maximizar a variância e, consequentemente, produzir a estimativa conservadora da margem de erro. A amostra poderá ser ponderada pelos percentuais calculados diretamente das quantidades presentes nas fontes indicadas.
Sexo: Homens: 46,91%; Mulheres: 53,09%; Não Informado: 0,00%, conforme o TSE de Agosto de 2026.
Faixa etária: 16 anos: 0,16%; 17 anos: 0,36%; 18 a 20 anos: 3,81%; 21 a 24 anos: 6,07%; 25 a 34 anos: 17,14%; 35 a 44 anos: 18,69%; 45 a 59 anos: 26,47%; 60 a 69 anos: 15,58%; Acima de 69 anos: 11,72%, conforme o TSE de Agosto de 2026.
Grau de instrução: ANALFABETO: 0,92%; LÊ E ESCREVE: 1,99%; ENSINO FUNDAMENTAL INCOMPLETO: 15,33%; ENSINO FUNDAMENTAL COMPLETO: 6,08%; ENSINO MÉDIO INCOMPLETO: 11,64%; ENSINO MÉDIO COMPLETO: 40,70%; SUPERIOR INCOMPLETO: 7,15%; SUPERIOR COMPLETO: 16,19%, conforme o TSE de Agosto de 2026.
Renda: Até 2 salários mínimos: 84,47%; Mais de 2 a 5 salários mínimos: 13,59%; Mais de 5 a 10 salários mínimos: 1,70%; Acima de 10 salários mínimos: 0,24%, conforme o IBGE Censo 2022 (https://sidra.ibge.gov.br/tabela/10296).
Área física: Município de Cruzeiro, São Paulo, em domicílios particulares permanentemente ocupados e sorteados por procedimento aleatório sem reposição.
Margem de erro: A margem de erro máxima prevista para o total da amostra é de 4,36 pontos percentuais para mais ou para menos, considerando nível de confiança de 95%. Os intervalos de confiança serão calculados para esse mesmo nível de confiança. Com p=50% e correção para população finita, o valor calculado é de 4,36 pontos percentuais.
Fonte de dados: TSE ¿ Agosto de 2026, com carga em 01/09/2026; e IBGE Censo 2022 (https://sidra.ibge.gov.br/tabela/10296).";"Os pesquisadores envolvidos na realização desta pesquisa recebem treinamento especializado e instruções específicas de abordagem. O trabalho é realizado com equipe de campo e coordenadores. Há fiscalização no ato da entrevista, e os questionários são recolhidos e checados quanto ao correto preenchimento. Após os trabalhos de campo, os questionários são submetidos a fiscalização, com verificação de 20% dos instrumentos aplicados individualmente pelos entrevistadores, para checagem das respostas. Internamente, todo o material é verificado, codificado e digitado. Antes do processamento final, realiza-se a conferência da digitação e a análise de consistência dos dados.";"EM ANEXO."
"28/09/2026";"05:46:54";2026;81;"Eleições Gerais 2026";"SP";"SP";"SÃO PAULO";"SP082972026";"2026-09-27 12:48:37";"S";"45613076000120";"INSTITUTO VOX BRASIL OPINIAO E PESQUISAS LTDA";"#NULO#";"Governador, Senador, Deputado Federal, Deputado Estadual";"2026-09-28 00:00:00";"2026-09-29 00:00:00";"2026-10-03 00:00:00";1000;"9907";"GUILHERME COELHO NEVES";"10000,00";"Pesquisa do tipo quantitativo, por amostragem, com aplicação de questionário estruturado e abordagem pessoal em domicílios particulares permanentemente ocupados, de acordo com a definição do IBGE ¿ Instituto Brasileiro de Geografia e Estatística. O conjunto do eleitorado do município de Cotia, São Paulo, com 16 anos ou mais. foi tomado como universo da pesquisa.";"Tamanho da amostra: A amostra prevista é de 1.000 entrevistas.
Técnica de amostragem: Amostragem por Conglomerados em Múltiplos Estágios com Controle de Cotas na Seleção do Respondente. No primeiro estágio, o município é organizado por áreas e setores censitários. Em seguida, são sorteados os setores, listadas as unidades selecionadas e sorteadas as ruas com apoio de mapa da região. Posteriormente, são selecionados os domicílios por amostragem sistemática. Dentro de cada residência, aborda-se um morador apto a votar no município, obrigatoriamente residente no domicílio e eleitor de Cotia, observados os controles amostrais aplicados.
Na etapa de controle, são consideradas as variáveis sexo, idade, grau de instrução e nível econômico. Adota-se p=50% para maximizar a variância e, consequentemente, produzir a estimativa conservadora da margem de erro. A amostra poderá ser ponderada pelos percentuais calculados diretamente das quantidades presentes nas fontes fornecidas.
Sexo: Homens: 47,07%; Mulheres: 52,93%, conforme o TSE de Agosto de 2026.
Faixa etária: 16 anos: 0,21%; 17 anos: 0,52%; 18 a 20 anos: 4,68%; 21 a 24 anos: 7,80%; 25 a 34 anos: 19,69%; 35 a 44 anos: 20,84%; 45 a 59 anos: 26,55%; 60 a 69 anos: 11,52%; Acima de 69 anos: 8,19%, conforme o TSE de Agosto de 2026.
Grau de instrução: ANALFABETO: 1,52%; LÊ E ESCREVE: 2,53%; ENSINO FUNDAMENTAL INCOMPLETO: 18,86%; ENSINO FUNDAMENTAL COMPLETO: 6,34%; ENSINO MÉDIO INCOMPLETO: 20,55%; ENSINO MÉDIO COMPLETO: 32,97%; SUPERIOR INCOMPLETO: 5,34%; SUPERIOR COMPLETO: 11,89%, conforme o TSE de Agosto de 2026.
Renda: Até 2 salários mínimos: 74,81%; Mais de 2 a 5 salários mínimos: 18,62%; Mais de 5 a 10 salários mínimos: 4,73%; Acima de 10 salários mínimos: 1,84%, conforme a tabela de renda do IBGE e (IBGE Censo 2022, https://sidra.ibge.gov.br/tabela/10296)
Área física: Município de Cotia, São Paulo, em domicílios particulares permanentemente ocupados e sorteados por procedimento aleatório sem reposição.
Margem de erro: A margem de erro máxima prevista para o total da amostra é de 3,1 pontos percentuais para mais ou para menos, considerando nível de confiança de 95%, Os intervalos de confiança serão calculados para esse mesmo nível de confiança, Com p=50% e correção para população finita, o valor calculado é de 3,1 pontos percentuais.
Fonte de dados: TSE ¿ Agosto de 2026; e (IBGE Censo 2022, https://sidra.ibge.gov.br/tabela/10296)";"Os pesquisadores envolvidos na realização desta pesquisa recebem treinamento especializado e instruções específicas de abordagem. O trabalho é realizado com equipe de campo e coordenadores. Há fiscalização no ato da entrevista, e os questionários são recolhidos e checados quanto ao correto preenchimento. Após os trabalhos de campo, os questionários são submetidos a fiscalização, com verificação de 20% dos instrumentos aplicados individualmente pelos entrevistadores, para checagem das respostas. Internamente, todo o material é verificado, codificado e digitado. Antes do processamento final, realiza-se a conferência da digitação e a análise de consistência dos dados.";"EM ANEXO."
"28/09/2026";"05:46:54";2026;81;"Eleições Gerais 2026";"SP";"SP";"SÃO PAULO";"SP019432026";"2026-09-24 17:29:21";"S";"45613076000120";"INSTITUTO VOX BRASIL OPINIAO E PESQUISAS LTDA";"#NULO#";"Governador, Senador";"2026-09-27 00:00:00";"2026-09-29 00:00:00";"2026-09-30 00:00:00";1480;"9907";"GUILHERME COELHO NEVES";"50000,00";"Metodologia de pesquisa: Pesquisa do tipo quantitativo, por amostragem, com aplicação de questionário estruturado e abordagem pessoal em domicílios particulares permanentemente ocupados (de acordo com a definição do IBGE - Instituto Brasileiro de Geografia e Estatística). O conjunto do eleitorado do ESTADO de São Paulo com 16 anos ou mais foi tomado como universo da pesquisa.";"Tamanho da amostra: A amostra prevista é de 1480 entrevistas. A Técnica de amostragem: Amostragem por Conglomerados em Múltiplos Estágios com Controle de Cotas na Seleção do Respondente. Utilizamos a amostragem em mais de um estágio. No primeiro estágio dividimos o município em bairros/setores censitários (conglomerados), sendo os mesmos listados, onde foram sorteados aleatoriamente. No segundo estágio, foram sorteadas as ruas (dispondo de um mapa da região), no terceiro estágio fizemos o sorteio das casas (via amostragem sistemática. O próximo estágio é a seleção do entrevistado dentro da casa, onde o critério foi abordar um morador apto a votar no município que atendesse à equipe de campo, observados os controles amostrais posteriormente aplicados, sendo este obrigatoriamente morador da residência e eleitor da cidade pesquisada. Na etapa seguinte foi realizado um controle das seguintes variáveis: sexo, idade, grau de instrução e nível econômico. Também adotamos p=50% para maximizar o tamanho da amostra a) a amostra poderá ser ponderada levando em consideração a variável sexo da população do Estado de São Paulo sendo 46,72 % homens e 53,28 % mulheres, conforme dados do TSE de Junho de 2026 e a variável idade sendo consideradas as faixas: 16 anos:0,21%;17 anos:0,51%; 18 a 20 anos:3,94%; 21 a 24 anos: 6,41%; de 25 a 34 anos: 18,06%; de 35 a 44 anos: 19,84%, de 45 a 59 anos: 26,44%; de 60 a 69 anos: 13,45% e acima de 69 anos: 11,14% (TSE Junho 2026). Quanto à variável grau de instrução, temos: ANALFABETO: 1,68%; LÊ E ESCREVE: 2,85%; ENSINO FUNDAMENTAL INCOMPLETO: 17,53%; ENSINO FUNDAMENTAL COMPLETO:6,64%; ENSINO MÉDIO INCOMPLETO: 16,65%; ENSINO MÉDIO COMPLETO: 33,46%; SUPERIOR INCOMPLETO: 6,13% e SUPERIOR COMPLETO: 15,06%(TSE Junho 2026). E para a variável renda, temos: Até 2 Salários Mínimos: 77,32%; 2 a 5 Salários Mínimos:17,22%; 5 a 10 Salários Mínimos:4,03% e acima de 10 Salários Mínimos:1,43%( IBGE Censo 2022 [https://sidra.ibge.gov.br/]). Área física: Estado de São Paulo em domicílios particulares permanentemente ocupados e sorteados de maneira aleatória simples sem reposição. Margem de Erro: A margem de erro máxima prevista para o total da amostra é de 2,55 pontos percentuais para mais ou para menos, considerando um nível de confiança de 95%. Os intervalos de confiança serão calculados considerando os resultados obtidos para um nível de confiança de 95%. Fonte de Dados: TSE- Junho 2026 e IBGE Censo 2022.";"Os pesquisadores envolvidos na realização desta pesquisa recebem treinamento especializado e instruções específicas de abordagem. O trabalho é feito com a equipe de entrevistadores e coordenadores de campo. Há fiscalização no ato da entrevista e os questionários são recolhidos e checados quanto ao correto preenchimento dos dados. Após os trabalhos de campo, os questionários são submetidos a uma fiscalização que consiste na verificação de 20% dos questionários aplicados individualmente pelos entrevistadores, para checagem das respostas. Internamente, todo o material é verificado, codificado, digitado e, antes do processamento final, realiza-se a conferência da digitação (consistência dos dados).";"EM ANEXO."
"28/09/2026";"05:46:54";2026;81;"Eleições Gerais 2026";"SP";"SP";"SÃO PAULO";"SP007052026";"2026-03-03 21:39:51";"S";"22345021000181";"REAL TIME MIDIA LTDA";"REAL TIME BIG DATA";"Governador, Senador";"2026-03-06 00:00:00";"2026-03-07 00:00:00";"2026-03-09 00:00:00";2000;"10839";"Isabela Zara Cremoneze";"80000,00";"Pesquisa quantitativa, que consiste na realização de entrevistas pessoais, com a aplicação de questionário estruturado junto a uma amostra representativa do eleitorado em estudo. Pesquisa realizada no Estado de São Paulo (SP).";"Representativo do eleitorado da área em estudo, elaborada em três estágios. 
No primeiro estágio, realiza-se um sorteio probabilístico dos municípios onde as entrevistas serão realizadas, pelo método PPT (Probabilidade Proporcional ao Tamanho), tomando a população eleitora de 16 anos ou mais residente nos municípios como base para essa seleção.
No segundo estágio, efetua-se um sorteio probabilístico das localidades dentro dos municípios selecionados, também pelo método PPT (Probabilidade Proporcional ao Tamanho), considerando a população eleitora de 16 anos ou mais residente nessas localidades como base para a seleção.
No terceiro e último estágio, dentro das localidades sorteadas, os respondentes são selecionados por meio de quotas amostrais proporcionais, em função de variáveis significativas, a saber:

GÊNERO:
Feminino: 53,28%;
Masculino: 46,72%;
(Fonte: TSE, Fevereiro/2026 -- https://sig.tse.jus.br/ords/dwapr/r/seai/sig-eleitor-eleitorado-mensal/cruzamento-eleitorado-mensal?p24_metricas=E&p24_back=22&p24_cruzamento_1=ds_sexo&clear=24&session=8513318841768)
FAIXA ETÁRIA:
16 anos: 0,09%;
17 anos: 0,32%;
18 a 20 anos: 3,76%;
21 a 24 anos: 6,45%;
25 a 34 anos: 18,21%;
35 a 44 anos: 20,10%;
45 a 59 anos: 26,52%;
60 a 69 anos: 13,48%;
70 a 79 anos: 7,70%;
Superior a 79 anos: 3,37%;
(Fonte: TSE, Fevereiro/2026 -- https://sig.tse.jus.br/ords/dwapr/r/seai/sig-eleitor-eleitorado-mensal/cruzamento-eleitorado-mensal?p24_cruzamento_1=ds_faixa_etaria&p24_metricas=E&p24_back=22&clear=24&session=8513318841768)
ESCOLARIDADE:
Analfabeto: 1,71%;
Lê e Escreve: 2,92%;
Ensino Fundamental Incompleto: 17,79%;
Ensino Fundamental Completo: 6,72%;
Ensino Médio Incompleto: 16,30%;
Ensino Médio Completo: 33,39%;
Ensino Superior Incompleto: 6,05%;
Ensino Superior Completo: 15,11%;
(Fonte: TSE, Fevereiro /2026 -- https://sig.tse.jus.br/ords/dwapr/r/seai/sig-eleitor-eleitorado-mensal/cruzamento-eleitorado-mensal?p24_cruzamento_1=ds_grau_instrucao&p24_metricas=E&p24_back=22&clear=24&session=8513318841768)
RENDA DOMICILIAR MENSAL:
Sem rendimento: 4,15%;
Até 1/2 Salário Mínimo: 0,76%;
Mais de 1/2 a 1 Salário Mínimo: 7,29%;
Mais de 1 a 2 Salários Mínimos: 18,58%;
Mais de 2 a 5 Salários Mínimos: 38,74%;
Mais de 5 a 10 Salários Mínimos: 19,53%;
Mais de 10 a 20 Salários Mínimos: 7,61%;
Mais de 20 Salários Mínimos: 3,34%;
(Fonte: IBGE (CENSO-2010) -- https://cidades.ibge.gov.br/brasil/pe/pesquisa/23/24304?detalhes=true)

Observação: De acordo com informações do Instituto Brasileiro de Geografia e Estatística (IBGE), não há previsão de data para a divulgação do perfil econômico da população brasileira do CENSO 2022. Portanto, os dados sobre o nível econômico obtidos no Censo 2022 não podem ser utilizados, pois ainda não foram publicados.
Está prevista eventual ponderação para correção das variáveis sexo e idade, com base nos percentuais anteriormente mencionados, caso ocorram diferenças superiores a 3 pontos percentuais entre o previsto na amostra e a coleta de dados realizada. Para as variáveis de grau de instrução e nível econômico do entrevistado, o fator previsto para ponderação é 1 (resultados obtidos em campo). O nível de confiança estimado é de 95% e a margem de erro máxima estimada considerando um modelo de amostragem aleatório simples, é de aproximadamente 2 (dois) pontos percentuais para mais ou para menos sobre os resultados encontrados no total da amostra.
";"O trabalho de coleta de dados é acompanhado presencialmente por supervisores. São selecionados aleatoriamente 15% (quinze por cento) dos questionários para uma verificação posterior com ligações telefônicas para os números indicados nos formulários, em caso de dúvida, o formulário é descartado e o entrevistador chamado para esclarecimentos.";"O anexo do arquivo com os bairros será realizado até o dia seguinte da divulgação conforme indicado no §7º. do art. 2º. da Resolução-TSE nº. 23.600/2019.

"
"28/09/2026";"05:46:54";2026;81;"Eleições Gerais 2026";"SP";"SP";"SÃO PAULO";"SP011422026";"2026-09-26 09:13:30";"S";"04209958000148";"BADRA COMUNICACAO LTDA";"BADRA COMUNICACAO";"Governador, Senador, Deputado Federal, Deputado Estadual";"2026-09-28 00:00:00";"2026-10-01 00:00:00";"2026-10-02 00:00:00";2496;"10744";"Marcos Rogerio Simonetti";"18000,00";"Pesquisa de opinião quantitativa, que consiste na realização de entrevistas pessoais, domiciliares e em pontos de fluxo, conduzidas por entrevistadores sociais capacitados, com a aplicação de questionários estruturados a uma amostra representativa da população votante de 16 anos ou mais residente no Estado de São Paulo. O plano amostral aplicado contempla a seleção e abordagem dos entrevistados a partir de cotas amostrais pré-definidas, para um conjunto de municípios (unidades territoriais homogêneas) representativos do universo, de modo a assegurar a proporcionalidade e a confiabilidade da amostra em relação ao universo (eleitorado total do Estado de São Paulo).";"A amostra representativa do universo, ou seja, o eleitorado do Estado de São Paulo. Tamanho da amostra: 2.496 entrevistas. Técnica de amostragem: por cotas, segundo combinação das variáveis sexo e faixa etária, proporcionais ao eleitorado de cada município, conforme estatística do eleitorado do Tribunal Superior Eleitoral (TSE - Janeiro/2026): SEXO: Masculino (46,9%) e Feminino (53,1%). FAIXA ETÁRIA: 16-24 anos (6,3% masculino e 6,3% feminino); 25-44 anos (18,8% masculino e 18,8% feminino); 45-59 anos (12,5% masculino e 13,4% feminino); e mais de 60 anos (9,4% masculino e 14,7% feminino). Para as variáveis de sexo e idade, o fator de ponderação é 1 (resultados obtidos em campo). ESCOLARIDADE: (FONTE: TSE ¿ Janeiro/2026) Até ensino médio (80,0% - masculino e 77,8% - feminino); Superior (20,0% - masculino e 22,2% feminino). NÍVEL ECONÔMICO/RENDA: (FONTE: CENSO IBGE 2022, a partir da composição de tabela relacionando Município + código IBGE + UF + população por cada faixa + percentual por cada faixa). Até R$ 3.200,00 (56%); Mais de R$ 3.200,00 e até R$ 8.000,00 (31%); Mais de R$ 8.000,00 e até R$ 16.000,00 (9%); Mais de R$ 16.000,00 (3%), combinadas com versões mais recentes das PNADs. Eventual ponderação estatística para correção das variáveis de escolaridade e nível econômico, quando o caso e na ocorrência de diferenças superiores a 3% entre o previsto na amostra e a efetiva coleta de dados no campo. A margem de erro é de 2 pontos percentuais para mais ou para menos, sobre o resultado encontrado no total da amostra. Nível de confiança estimado de 95%, o que quer dizer que há uma probabilidade de 95% de os resultados retratarem a realidade, se repetido nas mesmas condições de execução. Para a seleção dos municípios que compõem a amostra é realizada uma configuração por conglomerado, sempre representativa do universo, a partir de suas populações votantes acima de 16 anos, e com o consequente sorteio/definição dos setores censitários a serem percorridos pelos entrevistadores sociais.";"Para a realização do levantamento estatístico de dados, o instituto se utiliza de equipe de entrevistadores sociais e supervisores de campo experientes e treinados para a execução da atividade. No mínimo 20% das entrevistas realizadas são auditadas, parte delas ainda no território, por coordenadores e supervisores de campo, a partir da observação participante. A outra parte via contato telefônico com os entrevistados que fornecem seu primeiro nome e/ou telefone de contato para o devido controle e verificação, conferência e fiscalização da coleta de dados, seja em relação às respostas, seja em confirmação da adequação aos parâmetros amostrais.";"A área de abrangência da coleta é o território do Estado de São Paulo. Conforme §7º. do art. 2º. da Resolução-TSE nº. 23.600/2019, a partir do dia em que a pesquisa puder ser divulgada e até o dia seguinte, o registro deverá ser complementado, sob pena de ser a pesquisa considerada não registrada; na ausência de delimitação do bairro, será identificada a área em que foi realizada): A relação das localidades selecionadas para aplicação da amostra será apresentada até o 7º dia seguinte ao registro da pesquisa."
"28/09/2026";"05:46:54";2026;81;"Eleições Gerais 2026";"SP";"SP";"SÃO PAULO";"SP024562026";"2026-09-17 21:26:29";"N";"22445600000104";"QUAEST PESQUISAS, CONSULTORIA E PROJETOS LTDA.";"#NULO#";"Governador, Senador";"2026-09-19 00:00:00";"2026-09-22 00:00:00";"2026-09-23 00:00:00";1800;"6731";"Margarida Maria de Mendonca";"216900,00";"Pesquisa quantitativa, de survey, que consiste na realização de entrevistas pessoais, domiciliares e presenciais, conduzidas por profissionais treinados, com a aplicação de questionários estruturados a uma amostra representativa da população votante de 16 anos ou mais residente no estado de São Paulo. O desenho amostral aplicado combina sorteio probabilístico de municípios e de setores censitários fornecidos pelo IBGE (unidades territoriais homogêneas, de tamanho similar a quadras ou blocos), dentro dos quais serão selecionadas pessoas respondentes por meio de cotas amostrais.";"O público pesquisado é composto por eleitores de 16 anos ou mais residentes na área de abrangência da pesquisa. Para produzir uma amostra representativa desse público-alvo, utilizamos um desenho amostral por conglomerados que prevê três estágios. No primeiro estágio, é feito um sorteio probabilístico de municípios para comporem a amostra por meio do método PPT (Probabilidade Proporcional ao Tamanho) a partir de suas populações votantes acima de 16 anos. Dentro da lista de municípios sorteados, no segundo estágio, é realizado um sorteio probabilístico por meio do método PPT (Probabilidade Proporcional ao Tamanho) de setores censitários a serem visitados pelos entrevistadores, sorteio que tem como base o total de habitantes residentes nos setores de acordo com dados do Censo de 2022, o que garante a dispersão aleatória e estatística da amostra dentro dos territórios municipais, independentemente de divisões administrativas. Finalmente, dentro da lista de setores censitários sorteados, no último estágio são selecionados domicílios e pessoas a serem entrevistadas utilizando-se cotas amostrais para as seguintes variáveis: sexo, idade, renda familiar e escolaridade. O perfil da amostra, definido pelas cotas previstas, é o seguinte:

Sexo: Masculino (47%); Feminino (53%).
Faixa etária: 16-34 anos (28%); 35-59 anos (47%); 60 ou mais (25%).
Renda domiciliar total, incluindo pensões, benefícios e rendimentos de trabalhos informais: Até 2 salários-mínimos (19%); Mais de 2 a 5 salários-mínimos (43%); Mais de 5 salários-mínimos (38%).
Nível de instrução: Até Fundamental completo ou médio incompleto (33%); Médio completo ou superior incompleto (43%); Superior completo ou mais (24%).

Fonte dos dados: para a distribuição de sexo e idade, TSE-Tribunal Superior Eleitoral - julho/2026; para a malha de setores censitários, Censo 2022 (IBGE); para a distribuição de renda domiciliar, PNADc Anual 2025, 1ª visita (IBGE); e, para a distribuição de escolaridade/instrução, PNADc trimestral 2-2026 (IBGE). A PNADc é utilizada por ser a fonte oficial mais atualizada de rendimentos do país, incluindo rendimentos informais, pensões, entre outros, e corrigindo as defasagens temporais do Censo 2022, além de ser a fonte mais atualizada de nível de instrução da população com 16 anos ou mais dada ausência de atualização obrigatória da escolaridade no registro de eleitores do TSE.

Está prevista eventual pós-estratificação da amostra, por meio de algoritmos de calibração (rake) e modelos (MrP), para correção (1) de estimativas e (2) das distribuições de variáveis que medem o perfil da população.

Dentro do público-alvo anteriormente descrito, serão realizadas 1.800 entrevistas. O nível de confiança das estimativas é de 95% e a margem de erro máxima prevista, atendendo às diretivas do TSE e usando o cálculo para amostra aleatória simples (AAS) como aproximação, é de cerca de 2 pontos percentuais para mais ou para menos em relação aos totais da amostra.";"As entrevistas serão realizadas por uma equipe de entrevistadores devidamente qualificada, com experiência e treinamento em pesquisa de opinião pública. Todo trabalho é feito em tablets ou outros dispositivos eletrônicos. Após a realização da coleta de dados, as entrevistas junto aos respondentes são checadas por meio de procedimentos de consistência e de georreferenciamento dos locais de aplicação em tempo real. Adicionalmente, ao longo e após os trabalhos de campo, é realizada uma fiscalização que consiste na checagem de áudio de uma amostra de 30% dos questionários aplicados para verificação das respostas e da adequação dos entrevistados aos parâmetros amostrais.";"A área de abrangência da coleta é o território do estado de São Paulo. A relação do número de pessoas pesquisadas nas áreas de aplicação da pesquisa, discriminadas por município, bairros e setores censitários a partir dos identificadores utilizados pelo IBGE, além da composição do eleitorado entrevistado na área de abrangência quanto a gênero, idade, grau de instrução e nível econômico, constará em anexo. O mapa com os códigos destes setores censitários e as áreas que delimitam no país todo podem ser conferidos na seguinte fonte oficial: https://censo2022.ibge.gov.br/panorama/mapas.html?localidade=&recorte=setores_censitarios"
"28/09/2026";"05:46:54";2026;81;"Eleições Gerais 2026";"SP";"SP";"SÃO PAULO";"SP069062026";"2026-09-27 00:56:49";"S";"19259002000128";"ATLASINTEL TECNOLOGIA DE DADOS LTDA";"ATLASINTEL";"Governador, Senador";"2026-09-27 00:00:00";"2026-10-02 00:00:00";"2026-10-03 00:00:00";2200;"11220";"ANDREI CAMILO DOS SANTOS";"75000,00";"Pesquisa quantitativa com coleta aleatória via questionário estruturado web e pós-estratificação da amostra de acordo com as características do eleitorado de São Paulo.";"Amostra aleatória pós-estratificada via algoritmo iterativo com quotas proporcionais, representando as características do eleitorado de São Paulo:
SEXO: Masculino: 46.7%; Feminino: 53.3%.
FAIXA ETÁRIA: Entre 16 a 24 anos: 10.7%; Entre 25 a 34 anos: 18.0%; Entre 35 a 44 anos: 19.7%; Entre 45 a 59 anos: 26.6%; 60 ou mais: 25.0%.
ESCOLARIDADE: Até Ensino Médio completo ou incompleto (inclui Ensino Fundamental completo/incompleto e pessoas sem instrução): 67.2%; Ensino Superior completo ou incompleto: 32.8%.
NÍVEL ECONÔMICO: Renda familiar mensal até R$ 2.000: 11.7%; de R$ 2.000 a R$ 3.000: 8.8%; de R$ 3.000 a R$ 5.000: 24.0%; de R$ 5.000 a R$ 10.000: 32.1%; mais de R$ 10.000: 23.5%.
OBS.: devido ao arredondamento, a soma dos percentuais pode variar de 99% a 101%. Na agregação final, para cada variável de ponderação, serão admissíveis desvios de até 2 pontos percentuais em relação às quotas estipuladas. Confiança estimada: 95%, margem de erro: +/- 2.0 pontos percentuais. FONTE DOS DADOS: PNADC 2026 para escolaridade | PNADC 2025 para renda | TSE 2026 para sexo e faixa etária.";"Coleta feita com a utilização de questionário eletrônico com procedimentos específicos para o armazenamento seguro dos dados. São checados manualmente no mínimo 15% dos questionários para detectar possíveis anomalias. Pesquisadores especializados realizam internamente uma verificação exaustiva da consistência dos dados antes da divulgação dos resultados finais.";"#NULO#"
"28/09/2026";"05:46:54";2026;81;"Eleições Gerais 2026";"SP";"SP";"SÃO PAULO";"SP052632026";"2026-05-21 21:48:12";"S";"00654576000172";"INSTITUTO VERITA LTDA";"VERITA";"Governador, Senador";"2026-05-22 00:00:00";"2026-05-26 00:00:00";"2026-05-27 00:00:00";3025;"10699";"GUILHERME ALVARENGA LAIA";"232925,00";"Pesquisa quantitativa, que consiste na realização de entrevistas, com a aplicação de questionário estruturado junto a uma amostra representativa do eleitorado desta Unidade da Federação.";"ESTUDO REPRESENTATIVO DO ELEITORADO DO ESTADO DE SÃO PAULO - MÉTODO PPT (Probabilidade Proporcional ao Tamanho) - PLANO AMOSTRAL E PONDERAÇÃO QUANTO A SEXO, IDADE, GRAU DE INSTRUÇÃO E NÍVEL ECONÔMICO DO ENTREVISTADO; INTERVALO DE CONFIANÇA E MARGEM DE ERRO: Representativo do eleitorado da área em estudo, elaborada, em vários estágios, da seguinte forma: - 1. Divisão da UF em estratos proporcionais de municípios. 2. Ordenação dos municípios de cada estrato segundo o porte. 3. Sorteio dos municípios de cada estrato. 4. Os respondentes são selecionados através de quotas amostrais proporcionais em função de variáveis significativas, a saber: GÊNERO / FAIXA ETÁRIA - FEMININO E MASCULINO 16 A 34 ANOS 14,8% E 14%, 35 A 54 ANOS 20,5% E 18,3%, 55 ANOS OU MAIS 18% E 14,5%. GRAU DE INSTRUÇÃO ¿ FEMININO E MASCULINO Sem instrução até Ensino Médio completo 54,8%, Ensino superior incompleto e completo 45,2% NÍVEL ECONÔMICO - FEMININO população não economicamente ativa 46,5% população economicamente ativa 53,5% MASCULINO população não economicamente ativa 27,2% população economicamente ativa 72,8%. RENDA FAMILIAR DO DOMICÍLIO renda familiar de até 2 salários-mínimos 30,7%; de 2 a 5 salários-mínimos 44,2%, acima de 5 salários-mínimos 25,1%. Está prevista eventual ponderação para correção das variáveis, com base nos percentuais anteriormente mencionados, caso ocorram diferenças superiores a margem de erro da pesquisa previsto entre a amostra e a coleta de dados realizada. O fator previsto para ponderação é 1 (resultados obtidos na coleta de dados). O intervalo de confiança estimado é de 95% e a margem de erro máxima estimada considerando um modelo de amostragem aleatório simples, é de aproximadamente 2 pontos percentuais para mais ou para menos sobre os resultados encontrados no total da amostra. FONTE DOS DADOS: IBGE/Censo 2022 para fins de densidade demográfica, setores censitários e alocação da amostra. IBGE/PNAD/PNADC/MEC/INEP para fins de Nível Econômico e Escolaridade. TSE FEVEREIRO/2026 para fins de Sexo, Faixa Etária e eleitorado por município ou regiões previamente definidas (importante ressaltar para o público leigo que os dados do TSE são os únicos corretos para gênero, idade dos eleitores e quantitativo de eleitores por municípios já que a base de dados se atualiza automaticamente, PORÉM, dados de escolaridade e nível econômico NÃO são corretos e confiáveis devido a desatualização que ocorre naturalmente com o passar dos anos). Definição de margem de erro e intervalo de confiança: Margem de erro e intervalo de confiança não são grandezas diretamente proporcionais. A SOMA NÃO TEM QUE RESULTAR 100%. ";"Após os trabalhos de coleta de dados, os questionários são submetidos a uma fiscalização, conferência e checagem de cerca de 20% (vinte por cento) dos questionários aplicados.";"A relação dos municípios sorteados ou selecionados para esta pesquisa será apresentada em arquivo anexo até 1 (um) dia após a divulgação desta pesquisa conforme §7º. do art. 2º. da Resolução-TSE nº. 23.600/2019. A área de abrangência desta pesquisa é o Estado DE SÃO PAULO"
"28/09/2026";"05:46:54";2026;81;"Eleições Gerais 2026";"SP";"SP";"SÃO PAULO";"SP059642026";"2026-09-27 16:28:22";"N";"41555199000100";"RUMON MARKETING DIGITAL E PESQUISAS LTDA";"ACADEMIA DE PESQUISA";"Governador, Deputado Federal, Deputado Estadual";"2026-09-26 00:00:00";"2026-10-01 00:00:00";"2026-10-03 00:00:00";500;"7655";"AUGUSTO DA SILVA ROCHA";"15000,00";"A pesquisa cobrirá o município envolvendo todas regiões do município de Jundiaí/SP Universo da pesquisa será dos eleitores com 16 anos ou mais. A amostra representará os eleitores do Município, selecionados em 2(dois) estágios. No primeiro estágio, os setores censitários, onde as entrevistas serão realizadas, foram selecionadas, probabilisticamente, através do método PPT - Probabilidade Proporcional ao Tamanho, tomando o número de eleitores como base para seleção. No segundo estágio, a seleção do entrevistado, dentro do setor censitário, será feita utilizando-se quotas proporcionais, e a abordagem será domiciliar.";"Utilizamos quotas proporcionais, em função das seguintes variáveis:
Gênero: FEMININO 53,18% ;
MASCULINO 46,82% ;


Faixa etária: 16 a 24 anos 10,19% ;
25 a 34 anos 16,03% ;
35 a 44 anos 20,08% ;
45 a 59 anos 27,26% ;
60 anos ou mais 26,44% ;


Grau de instrução: Analfabeto 0,84% ;
Ensino Fundamental Completo 7,23% ;
Ensino Fundamental Incompleto 14,05% ;
Ensino Médio Completo 34,68% ;
Ensino Médio Incompleto 10,89% ;
Lê E Escreve 1,84% ;
Superior Completo 21,59% ;
Superior Incompleto 8,88% ;


Fonte dos dados: TSE-Tribunal Superior Eleitoral/agosto2026; Cruzamento Eleitorado Mensal https://sig.tse.jus.br/ords/dwapr/r/seai/sig-eleitor-eleitorado-mensal/cruzamento-eleitorado-mensal?p0_municipio=JUNDIA%C3%8D&p0_uf=SP&session=314467251301216 ;
Ano=2026; Mês = agosto; UF= SP; MUNICIPIO = Jundiaí;

Renda familiar (A variável ¿classe de rendimento nominal mensal domiciliar¿ corresponde à classificação dos domicílios segundo a soma dos rendimentos nominais mensais de seus moradores, expressa em faixas de salários mínimos vigentes no período de referência do Censo Demográfico 2010. Trata-se da renda total do domicílio, não dividida pelo número de moradores, não devendo ser confundida com rendimento domiciliar per capita. Para fins de planejamento amostral e ponderação, foram preservadas as categorias e os percentuais originalmente disponibilizados pelo IBGE, sem reagrupamento ou recálculo das faixas.):
Até 1/2 salário mínimo 0,35% ;
Mais de 1/2 a 1 salário mínimo 4,11% ;
Mais de 1 a 2 salários mínimos 12,26% ;
Mais de 2 a 5 salários mínimos 36,13% ;
Mais de 5 a 10 salários mínimos 26,95% ;
Mais de 10 a 20 salários mínimos 12,59% ;
Mais de 20 salários mínimos 4,89% ;
Sem rendimento 2,72% ;


Fonte dos dados: IBGE-Censo 2010-IBGE-CENSO 2022 (IBGE/Censo 2010 - Classe de rendimento nominal mensal domiciliar) ; https://cidades.ibge.gov.br/brasil/sp/jundiai/pesquisa/23/24304 ;

""Está prevista eventual ponderação da amostra para correção das variáveis sexo, idade, renda familiar e escolaridade com base nos percentuais anteriormente mencionados, caso ocorram diferenças entre os percentuais previstos na amostra e a coleta de dados realizada. O nível de confiança estimado é de 95% e a margem de erro máxima prevista, baseada em uma amostra aleatória simples (AAS), é de cerca de 4,4 pontos percentuais para mais ou para menos em relação aos totais da amostra. Nível Econômico: IBGE (Censo/2010) - Observação: Conforme informações obtidas do Instituto Brasileiro de Geografia e Estatística, o IBGE, não divulgou - e não tem previsão - de data para divulgação do perfil econômico (nível econômico) da população brasileira; portanto, os dados quanto ao nível econômico obtidos no Censo 2022, não podem ser utilizados, pois não foram publicados.""";"Para a realização da pesquisa, utiliza-se uma equipe de entrevistadores e supervisores credenciados devidamente treinados pela empresa para esse tipo de pesquisa. Após os trabalhos de campo, 100% dos questionários são criticados e passam por uma fiscalização de cerca de 20% (vinte por cento) dos questionários aplicados por cada entrevistador; para verificação da consistência das respostas e da adequação dos entrevistados aos parâmetros amostrais.";"#NULO#"
"28/09/2026";"05:46:54";2026;81;"Eleições Gerais 2026";"SP";"SP";"SÃO PAULO";"SP081902026";"2026-09-17 08:55:51";"S";"52005027000170";"SCANY OPINIAO E PESQUISA LTDA";"SCANY PESQUISA";"Governador, Senador, Deputado Estadual";"2026-09-16 00:00:00";"2026-09-21 00:00:00";"2026-09-23 00:00:00";1000;"10980";"Viviane Costa Silva";"10000,00";"Pesquisa quantitativa eleitoral, de caráter descritivo, realizada por
entrevistas pessoais com questionário estruturado junto a eleitores que
declararam votar no Guarujá/SP. Foram consolidadas 1.000 entrevistas no
período de 16 a 21 de setembro de 2026. Os resultados são apresentados
por frequências absolutas e percentuais simples, calculados sobre a base
válida indicada em cada pergunta. Não foram aplicados pesos corretivos.";"Universo: eleitores do Guarujá/SP. Foram consideradas 1.000 entrevistas.
A margem de erro máxima nominal é de ±3,1 pontos percentuais, com nível
de confiança de 95%, sob a hipótese de amostragem aleatória simples.
Essa margem máxima ocorre quando as respostas apresentam distribuição
próxima de 50% para cada lado, condição de maior variabilidade estatística
¿ não se trata de percentual de intenção de voto. Em segmentos ou
perguntas com menos entrevistas válidas, a margem de erro é maior. Os
resultados representam as opiniões registradas no período da coleta e não
são uma previsão do resultado da eleição.";"A planilha contém identificação sequencial do registro, entrevistador, ponto
e tipo de local, referência quando informada, consentimento, elegibilidade
eleitoral e respostas ao questionário. A conferência técnica verificou
completude, categorias, coerência com o caderno e bases condicionais. A
planilha não contém data ou horário individual das entrevistas; esses
campos não foram reconstruídos. As respostas individuais foram
preservadas sem alteração.";"A pesquisa abrangeu o município de Guarujá/SP, com 30 descrições de
bairros ou pontos informados. A leitura territorial utiliza o detalhe recebido
em cada registro. Vinte registros apresentam diferença literal entre a opção
original de bairro e o detalhe informado; por cautela, não foram produzidas
conclusões territoriais comparativas nesta versão
Bairros e localidades informados na pesquisa: Astúrias; Cachoeira; Centro; Enseada; Guaiúba; Itapema; Jardim Boa Esperança; Jardim Conceiçãozinha; Jardim Progresso; Jardim Tejereba; Morrinhos 1; Morrinhos 2; Morrinhos 3; Parque Enseada; Parque Estuário; Perequê; Pitangueiras; Santa Rosa; Santo Antônio; Sítio Pae Cará; Vicente de Carvalho; Vila Alice; Vila Baiana; Vila Rã; Vila Zilda."
"28/09/2026";"05:46:54";2026;81;"Eleições Gerais 2026";"SP";"SP";"SÃO PAULO";"SP021012026";"2026-09-13 18:36:34";"S";"00654576000172";"INSTITUTO VERITA LTDA";"VERITA";"Governador, Senador";"2026-09-14 00:00:00";"2026-09-19 00:00:00";"2026-09-19 00:00:00";3025;"10699";"Guilherme Alvarenga Laia";"232925,00";"Estudo quantitativo voltado às Eleições 2026, realizado por meio de entrevistas individuais, aplicadas mediante questionário eletrônico estruturado e Unidade Automatizada de Respostas Audíveis e Auditáveis, por meio de ligações para telefones móveis (celulares). A inteligência artificial é empregada exclusivamente para a transcrição automatizada das respostas em áudio, não interferindo na formulação das perguntas, na condução das entrevistas, na coleta das informações, na interpretação das respostas ou no tratamento estatístico dos dados.

A participação dos eleitores é voluntária, espontânea e não remunerada. As respostas são prestadas por autodeclaração, sendo, em sua maioria, registradas por meio de códigos numéricos correspondentes às alternativas previamente definidas no questionário.

A utilização de sistema eletrônico automatizado para a coleta e o registro das respostas proporciona elevado nível de padronização operacional, reduz a possibilidade de interferência humana durante a realização das entrevistas, amplia a rastreabilidade e a auditabilidade de todo o processo de coleta e contribui para maior precisão, consistência e confiabilidade dos dados obtidos.

O plano amostral foi elaborado para assegurar a representatividade estatística do eleitorado da respectiva Unidade da Federação, observando critérios técnicos de seleção, distribuição e ponderação da amostra, quando aplicáveis.";"A pesquisa foi planejada para produzir uma amostra estatisticamente representativa do eleitorado do estado DE SÃO PAULO, utilizando o método de Probabilidade Proporcional ao Tamanho (PPT), com plano amostral em múltiplos estágios. Na primeira etapa, esta Unidade da Federação é dividida em macrorregiões, de forma a assegurar adequada distribuição territorial da amostra e representação das diferentes características geográficas, demográficas e eleitorais. Na segunda etapa, os municípios de cada estrato são ordenados segundo seu porte populacional e eleitoral e sorteados. Na terceira etapa, os respondentes são selecionados entre os eleitores aptos residentes nos municípios sorteados, observando-se a distribuição proporcional da amostra e as cotas estabelecidas para as variáveis de sexo, faixa etária, grau de instrução e nível econômico. As cotas são estabelecidas para a pesquisa completa, considerando a composição do eleitorado e os parâmetros oficiais de referência, não sendo aplicadas isoladamente a cada município selecionado.

SEXO E FAIXA ETÁRIA - Fonte: Tribunal Superior Eleitoral (TSE), Perfil do Eleitorado, junho de 2026. Feminino de 16 a 34 anos: 15%; Masculino de 16 a 34 anos: 14,2%; Feminino de 35 a 54 anos: 20,2%; Masculino de 35 a 54 anos: 18,1%; Feminino com 55 anos ou mais: 18%; Masculino com 55 anos ou mais: 14,4%. Os parâmetros de sexo e idade têm como referência o cadastro eleitoral brasileiro atualizado pelo Tribunal Superior Eleitoral, considerando o universo de eleitores aptos com 16 anos ou mais.

GRAU DE INSTRUÇÃO - Fonte: IBGE - PNAD Contínua Anual 2025. A distribuição é: sem instrução 2,5%; ensino fundamental incompleto ou equivalente 18,2%; ensino fundamental completo ou equivalente 7,9%; ensino médio incompleto ou equivalente 7%; ensino médio completo ou equivalente 35,5%; ensino superior incompleto ou equivalente 5,6%; ensino superior completo 23,3%. Para não confundir os respondentes as faixas de escolaridade no questionário foram agrupadas em 3 faixas: até ensino fundamental incompleto e completo, ensino médio incompleto e completo e superior incompleto, completo ou mais. A PNAD Contínua é utilizada como referência por constituir a fonte oficial mais atualizada para a mensuração do nível de instrução da população brasileira, sua utilização também corrige limitações decorrentes da ausência de atualização obrigatória e contínua das informações de escolaridade no cadastro eleitoral do Tribunal Superior Eleitoral.

NÍVEL ECONÔMICO - RENDA FAMILIAR DO DOMICÍLIO - Fonte: IBGE - PNAD Contínua Anual 2025. Considera-se a renda domiciliar total, compreendendo rendimentos provenientes de trabalho formal e informal, aposentadorias, pensões, benefícios sociais e demais fontes de renda existentes no domicílio. observando-se a seguinte distribuição: renda familiar de até 2 salários-mínimos 29,5%; de 2 a 5 salários-mínimos 41,5%, acima de 5 salários-mínimos 29%.

PONDERAÇÃO E CALIBRAÇÃO DA AMOSTRA - Prevê-se eventual ponderação das variáveis de sexo, faixa etária, grau de instrução e nível econômico, caso sejam verificadas diferenças relevantes entre a distribuição da amostra efetivamente coletada e os parâmetros populacionais de referência adotados. Inicialmente, o fator de ponderação é igual a 1 (um), podendo ser recalculado sempre que necessário para assegurar a representatividade estatística da amostra.
INTERVALO DE CONFIANÇA E MARGEM DE ERRO - O intervalo de confiança adotado é de 95%, com margem máxima estimada de erro de aproximadamente 2 pontos percentuais, para mais ou para menos, sobre os resultados do total da amostra, calculada segundo o modelo de amostragem aleatória simples e a hipótese de máxima variabilidade.";"Após os trabalhos de coleta de dados, os questionários são submetidos a uma fiscalização, conferência e checagem de cerca de 20% (vinte por cento) dos questionários aplicados. Todas as entrevistas são integralmente registradas em áudio, permanecendo auditáveis e rastreáveis, permitindo a verificação da integridade do processo de coleta, preservado o sigilo das informações pessoais dos entrevistados e observadas as disposições da Lei Geral de Proteção de Dados Pessoais (Lei nº 13.709/2018).";"Em observância ao art. 2º, § 7º, da Resolução TSE nº 23.600/2019, com redação dada pela Resolução TSE nº 23.747/2026, a presente pesquisa terá seu registro complementado no Sistema de Registro de Pesquisas Eleitorais a partir da data em que sua divulgação for permitida e até o dia seguinte, com a identificação dos municípios em que foram realizadas as entrevistas, bem como da composição final da amostra quanto a gênero, idade, grau de instrução e nível econômico, na forma exigida pela legislação eleitoral vigente."
"28/09/2026";"05:46:54";2026;81;"Eleições Gerais 2026";"SP";"SP";"SÃO PAULO";"SP052972026";"2026-05-27 17:42:46";"S";"04209958000148";"BADRA COMUNICACAO LTDA";"BADRA COMUNICACAO";"Governador, Senador, Deputado Federal, Deputado Distrital";"2026-05-28 00:00:00";"2026-06-01 00:00:00";"2026-06-02 00:00:00";1500;"10744";"Marcos Rogerio Simonetti";"18000,00";"Pesquisa quantitativa, por cota (não probabilística), com aplicação de questionário estruturado, em pontos de fluxo populacional, com uma amostra representativa do eleitorado em estudo, no caso o eleitorado do Estado de São Paulo.
";"A amostra será representativa do universo, ou seja, o eleitorado do Estado de São Paulo. 
Tamanho da amostra: 1.500 entrevistas. Técnica de amostragem: por cotas, segundo combinação das variáveis sexo e faixa etária, proporcionais ao eleitorado de cada região, conforme estatística do eleitorado do Tribunal Superior Eleitoral (TSE - abr/2026): 
SEXO: 
Masculino (47,0%) e Feminino (53,0%). 
FAIXA ETÁRIA: 
16-24 anos (5,0% masculino e 5,0% feminino); 25-44 anos (19,0% masculino e 20,0% feminino); 45-59 anos (12,0% masculino e 14,0% feminino); e mais de 60 anos (11,0% masculino e 14,0% feminino). 
Para as variáveis de sexo e idade, o fator de ponderação é 1 (resultados obtidos em campo).
ESCOLARIDADE (FONTE: TSE - abr-2026)
Até ensino médio (80,9% - masculino e 77,4% - feminino); Superior (19,1% - masculino e 22,6% feminino). 
NÍVEL ECONÔMICO (FONTE: CENSO 2010): 
Economicamente ativo (74,5% - masculino e 52,8% - feminino). Não economicamente ativo (25,5% - masculino e 47,2% - feminino). 
Eventual ponderação para correção das variáveis de escolaridade e nível econômico caso aconteçam diferenças superiores a 3% entre o previsto na amostra e a coleta de dados, no que pese serem estas variáveis de seleção e abordagem dos entrevistados. 
A margem de erro é de 3 pontos percentuais para mais ou para menos, sobre o resultado encontrado no total da amostra. Nível de confiança estimado de 95%, o que quer dizer que há uma probabilidade de 95% de os resultados retratarem a realidade, se repetido nas mesmas condições de execução. ";"Para a realização do levantamento estatístico de dados, a Badra Comunicação se utiliza de equipe de entrevistadores e supervisores de campo experientes e treinados para o trabalho. No mínimo 20% das entrevistas realizadas são auditadas, parte delas ainda em campo, por coordenadores e supervisores. A outra parte via contato telefônico com os entrevistados que fornecem seu primeiro nome e/ou telefone de contato para o devido controle e verificação, conferência e fiscalização da coleta de dados, seja em relação às respostas, seja em confirmação da adequação aos parâmetros amostrais. ";"(conforme §7º. do art. 2º. da Resolução-TSE nº. 23.600/2019, A partir do dia em que a pesquisa puder ser divulgada e até o dia seguinte, o registro deverá ser complementado, sob pena de ser a pesquisa considerada não registrada; na ausência de delimitação do bairro, será identificada a área em que foi realizada): A relação das localidades selecionadas para aplicação da amostra será apresentada até o 7º dia seguinte ao registro da pesquisa."
"28/09/2026";"05:46:54";2026;81;"Eleições Gerais 2026";"SP";"SP";"SÃO PAULO";"SP007812026";"2026-02-21 11:49:48";"S";"04209958000148";"BADRA COMUNICACAO LTDA";"BADRA COMUNICACAO";"Governador, Senador, Deputado Federal, Deputado Estadual";"2026-02-23 00:00:00";"2026-02-27 00:00:00";"2026-02-27 00:00:00";3000;"10744";"Marcos Rogerio Simonetti";"8000,00";"Pesquisa quantitativa, por cota (não probabilística), com aplicação de questionário estruturado, em pontos de fluxo populacional, com uma amostra representativa do eleitorado em estudo, no caso o eleitorado de Mogi das Cruzes.";"A amostra será representativa do universo, ou seja, o eleitorado da região de Mogi das Cruzes. 
Tamanho da amostra: 3.000 entrevistas. Técnica de amostragem: por cotas, segundo combinação das variáveis sexo e faixa etária, proporcionais ao eleitorado de cada região, conforme estatística do eleitorado do Tribunal Superior Eleitoral (TSE - Janeiro/2026): 
SEXO: 
Masculino (46,6%) e Feminino (53,4%). 
FAIXA ETÁRIA: 
16-24 anos (5,6% masculino e 5,6% feminino); 25-44 anos (18,5% masculino e 20,5% feminino); 45-59 anos (12,2% masculino e 14,1% feminino); e mais de 60 anos (10,3% masculino e 13,1% feminino). 
Para as variáveis de sexo e idade, o fator de ponderação é 1 (resultados obtidos em campo).
ESCOLARIDADE (FONTE: TSE - janeiro-2026)
Até ensino médio (37,7% - masculino e 40,8% - feminino); Superior (9,0% - masculino e 12,5% feminino). 
NÍVEL ECONÔMICO (FONTE: CENSO 2010): 
Economicamente ativo (31,6% - masculino e 26,7% - feminino). Não economicamente ativo (15,0% - masculino e 26,7% - feminino). 
Eventual ponderação para correção das variáveis de escolaridade e nível econômico caso aconteçam diferenças superiores a 3% entre o previsto na amostra e a coleta de dados, no que pese serem estas variáveis de seleção e abordagem dos entrevistados. 
A margem de erro é de 3 pontos percentuais para mais ou para menos, sobre o resultado encontrado no total da amostra. Nível de confiança estimado de 95%, o que quer dizer que há uma probabilidade de 95% de os resultados retratarem a realidade, se repetido nas mesmas condições de execução. ";"Para a realização do levantamento estatístico de dados, a Badra Comunicação se utiliza de equipe de entrevistadores e supervisores de campo experientes e treinados para o trabalho. No mínimo 20% das entrevistas realizadas são auditadas, parte delas ainda em campo, por coordenadores e supervisores. A outra parte via contato telefônico com os entrevistados que fornecem seu primeiro nome e/ou telefone de contato para o devido controle e verificação, conferência e fiscalização da coleta de dados, seja em relação às respostas, seja em confirmação da adequação aos parâmetros amostrais. ";"(conforme §7º. do art. 2º. da Resolução-TSE nº. 23.600/2019, A partir do dia em que a pesquisa puder ser divulgada e até o dia seguinte, o registro deverá ser complementado, sob pena de ser a pesquisa considerada não registrada; na ausência de delimitação do bairro, será identificada a área em que foi realizada): A relação das localidades selecionadas para aplicação da amostra será apresentada até o 7º dia seguinte ao registro da pesquisa."
"28/09/2026";"05:46:54";2026;81;"Eleições Gerais 2026";"SP";"SP";"SÃO PAULO";"SP041362026";"2026-02-27 21:38:21";"N";"07630546000175";"DATAFOLHA INSTITUTO DE PESQUISAS LTDA.";"#NULO#";"Governador, Senador";"2026-03-03 00:00:00";"2026-03-05 00:00:00";"2026-03-05 00:00:00";1608;"7249";"Renata Nunes Cesar";"185706,64";"Pesquisa do tipo quantitativo, por amostragem, com aplicação de questionário estruturado e abordagem pessoal em pontos de fluxo populacional. A população do estado de São Paulo, com 16 anos ou mais, foi tomada como universo da pesquisa.";"Universo: População com 16 anos ou mais, do estado de São Paulo
Tamanho da amostra: A amostra prevista é de 1608 entrevistas. 
Técnica de amostragem: A amostra é estratificada por natureza dos municípios (capital, região metropolitana ou interior), os municípios com população acima de 500 mil habitantes constituem estratos. Em cada estrato, num primeiro estágio, são sorteados com probabilidade proporcional ao tamanho (PPT) os municípios que farão parte do levantamento. Num segundo estágio, são sorteados os bairros e pontos de abordagem onde serão aplicadas as entrevistas.  Por fim, os entrevistados são selecionados aleatoriamente para responder ao questionário, de acordo com cotas de gênero e faixa etária. 

Os dados utilizados para definição e seleção da amostra são baseados nos dados fornecidos pelo IBGE (Censo 2022, PNADC 2024 e Estimativa populacional 2025), além de dados primários de outros levantamentos do instituto.  Os dados relativos a gênero e faixa etária são: Homens: 48%, mulheres: 52%, 16 a 24 anos: 14%, 25 a 34 anos: 19%, 35 a 44 anos: 20%, 45 a 59 anos: 25% e 60 anos ou mais: 22%.

Para a variável grau de instrução os dados utilizados como referência são: até nível médio completo ou incompleto (inclui os sem escolaridade e analfabetos) =70% e nível superior (inclui superior incompleto) = 30%.

Ponderação dos resultados: Está prevista ponderação considerando as variáveis natureza do município, gênero e faixa etária. A variável escolaridade poderá ser ajustada de acordo com os percentuais detalhados anteriormente caso a diferença entre os valores descritos e observados seja maior que a margem de erro definida.  Para o nível econômico do entrevistado (renda familiar mensal declarada pelo respondente), a distribuição utilizada como referência foi: Até 2 S.M. (salários mínimos)=38%, mais de 2 S.M.=58%, não souberam ou recusaram a resposta=4%.  O fator previsto para ponderação é 1 (resultados obtidos em campo).


Margem de Erro: A margem de erro máxima prevista é de 2 pontos percentuais para mais ou para menos, considerando um nível de confiança de 95% e baseada em uma amostra aleatória simples (AAS). Os intervalos de confiança serão calculados considerando os resultados obtidos para um nível de confiança de 95%.
";"Os entrevistadores envolvidos na realização desta pesquisa são treinados pelo Instituto e recebem instruções específicas para cada projeto realizado. A coleta será feita com a utilização de tablet e questionário eletrônico. São checados, no mínimo, 20% dos questionários de cada pesquisador, seja in loco por supervisores de campo ou, posteriormente, por telefone. Internamente, todo o material é verificado e codificado. Antes do processamento final e emissão dos resultados, realiza-se processo de consistência dos dados. Os dados coletados e tratados nesta pesquisa atendem às exigências da LGPD, Lei Geral de Proteção de Dados, garantindo ao respondente o sigilo de sua identidade e o correto tratamento de suas respostas.";"Área física: A área de abrangência da coleta dos dados é o estado de São Paulo. A relação completa dos municípios e bairros pesquisados será anexada ao registro até o dia seguinte à data de publicação da pesquisa, conforme Resolução 23.600/2019 do TSE, no art.2º §7º. "
"28/09/2026";"05:46:54";2026;81;"Eleições Gerais 2026";"SP";"SP";"SÃO PAULO";"SP046502026";"2026-02-05 18:28:00";"S";"81908345000140";"INSTITUTO PARANA DE PESQUISAS E ANALISE DE CONSUMIDOR LTDA";"#NULO#";"Governador, Senador";"2026-02-06 00:00:00";"2026-02-10 00:00:00";"2026-02-11 00:00:00";1580;"10245 - 4ª Região";"Tatiani Cristina Ara";"40000,00";"Pesquisa com metodologia quantitativa, com a realização de entrevistas pessoais, domiciliares e presenciais, utilizando questionário estruturado junto a uma amostra representativa do eleitorado do Estado de São Paulo.";"A amostra será representativa do eleitorado da área pesquisada e será selecionada em três etapas. Na primeira etapa realiza-se um sorteio probabilístico dos municípios onde as entrevistas serão realizadas através do método PPT (Probabilidade Proporcional ao Tamanho), considerando a população eleitora com 16 anos ou mais residente nos municípios como base para essa seleção. Na segunda etapa, faz-se um sorteio probabilístico das localidades, onde as entrevistas serão realizadas, através do método PPT (Probabilidade Proporcional ao Tamanho), tomando a população eleitora de 16 anos ou mais residente nas localidades como base para essa seleção. Na terceira etapa, a seleção do entrevistado dentro da localidade, será feita utilizando-se quotas amostrais proporcionais, em função das seguintes variáveis:
GÊNERO: TSE Janeiro 2026 (https://sig.tse.jus.br/ords/dwapr/r/seai/sig-eleitor-eleitorado-mensal/cruzamento-eleitorado-mensal?p24_metricas=E&p24_back=22&p24_cruzamento_1=ds_sexo&clear=24&p0_uf=SP&debug=LEVEL5&session=312990078978641)
Masculino - 47%; |
Feminino - 53%; |
FAIXA ETÁRIA: TSE Janeiro 2026 (https://sig.tse.jus.br/ords/dwapr/r/seai/sig-eleitor-eleitorado-mensal/cruzamento-eleitorado-mensal?p24_cruzamento_1=ds_faixa_etaria&p24_metricas=E&p24_back=22&clear=24&p0_uf=SP&debug=LEVEL5&session=8904950028837)
Entre 16 e 24 anos: 11%; |
Entre 25 e 34 anos: 18%; |
Entre 35 e 44 anos: 20%; |
Entre 45 e 59 anos: 27%; |
Com 60 anos ou mais: 24%; |
ESCOLARIDADE: TSE Janeiro 2026 (https://sig.tse.jus.br/ords/dwapr/r/seai/sig-eleitor-eleitorado-mensal/cruzamento-eleitorado-mensal?p24_cruzamento_1=ds_grau_instrucao&p24_metricas=E&p24_back=22&clear=24&p0_uf=SP&debug=LEVEL5&session=309383598034615)
De analfabeto até ensino fundamental completo: 29%; |
Ensino médio incompleto ou completo: 50% |
Ensino superior incompleto ou completo: 21% |
RENDA DOMICILIAR MENSAL:  (https://cidades.ibge.gov.br/brasil/sp/pesquisa/23/24304) IBGE - Censo 2010. Observação: Conforme informações obtidas do Instituto Brasileiro de Geografia e Estatística, o IBGE, não divulgou - e não tem previsão - de data para divulgação do perfil econômico (nível econômico) da população brasileira; portanto, os dados quanto ao nível econômico obtidos no Censo 2022, não podem ser utilizados, pois não foram publicados. (https://censo2022.ibge.gov.br/panorama/)
Sem rendimentos até 2 salários mínimos: 31% |
Mais de 2 a 5 salários mínimos: 39% |
Mais de 5 salários mínimos: 30% |
Está prevista eventual ponderação para correção das variáveis gênero e faixa etária, com base nos percentuais acima apresentados, caso ocorram diferenças superiores a 3,0 (três) pontos percentuais entre o previsto na amostra e a coleta realizada; para as variáveis escolaridade e renda domiciliar mensal, o fator de ponderação é igual a 1 (resultados obtidos no campo). O nível de confiança estimado é de 95% (noventa e cinco por cento) para uma margem de erro estimada, considerando uma técnica de amostragem aleatória simples, de aproximadamente 2,5 (dois vírgula cinco) pontos percentuais para mais ou para menos sobre os resultados obtidos.";"As entrevistas serão conduzidas por uma equipe de entrevistadores e supervisores devidamente qualificados pelo Instituto Paraná Pesquisas, todos com experiência e treinamento específico em pesquisas de opinião pública. 
Controle: O controle do processo será realizado por meio de um software de coleta de dados, o qual permitirá o monitoramento garantindo o cumprimento das cotas amostrais.
Conferência e Fiscalização: Durante a coleta de dados os questionários aplicados são fiscalizados e conferidos através de um supervisor.   
Adicionalmente, pelo menos 30% dos questionários passarão por uma verificação posterior, que avaliará a precisão na aplicação e a adequação dos entrevistados às variáveis das quotas amostrais. Ou seja, no mínimo 474 entrevistas desta pesquisa serão auditadas pela equipe de qualidade do Instituto Paraná Pesquisas, podendo essa auditoria ser solicitada ao Instituto a qualquer momento.
Verificação: Após a coleta, os questionários passam por uma etapa de verificação e validação dos dados, para garantir a integridade e precisão dos dados coletados.";"A pesquisa será realizada no Estado de São Paulo, a relação dos dados relativos aos municípios e às localidades será apresentado até o dia seguinte à data a partir da qual a pesquisa puder ser divulgada, conforme §7º do art. 2º da Resolução-TSE nº. 23.600/2019"
"28/09/2026";"05:46:54";2026;81;"Eleições Gerais 2026";"SP";"SP";"SÃO PAULO";"SP035832026";"2026-04-23 18:04:58";"N";"22445600000104";"QUAEST PESQUISAS, CONSULTORIA E PROJETOS LTDA.";"#NULO#";"Governador, Senador";"2026-04-23 00:00:00";"2026-04-27 00:00:00";"2026-04-29 00:00:00";1650;"6731";"Margarida Maria de Mendonça";"279386,89";"Pesquisa quantitativa, de survey, que consiste na realização de entrevistas pessoais, domiciliares e presenciais, conduzidas por profissionais treinados, com a aplicação de questionários estruturados a uma amostra representativa da população votante de 16 anos ou mais residente no estado de São Paulo. O desenho amostral aplicado combina sorteio probabilístico de municípios e de setores censitários fornecidos pelo IBGE (unidades territoriais homogêneas, de tamanho similar a quadras ou blocos), dentro dos quais serão selecionadas pessoas respondentes por meio de cotas amostrais.";"O público pesquisado é composto por eleitores de 16 anos ou mais residentes na área de abrangência da pesquisa. Para produzir uma amostra representativa desse público-alvo, utilizamos um desenho amostral por conglomerados que prevê três estágios. No primeiro estágio, é feito um sorteio probabilístico de municípios para comporem a amostra por meio do método PPT (Probabilidade Proporcional ao Tamanho) a partir de suas populações votantes acima de 16 anos. Dentro da lista de municípios sorteados, no segundo estágio, é realizado um sorteio probabilístico por meio do método PPT (Probabilidade Proporcional ao Tamanho) de setores censitários a serem visitados pelos entrevistadores, sorteio que tem como base o total de habitantes residentes nos setores de acordo com dados do Censo de 2022, o que garante a dispersão aleatória e estatística da amostra dentro dos territórios municipais, independentemente de divisões administrativas. Finalmente, dentro da lista de setores censitários sorteados, no último estágio são selecionados domicílios e pessoas a serem entrevistadas utilizando-se cotas amostrais para as seguintes variáveis: sexo, idade, renda familiar e escolaridade. O perfil da amostra, definido pelas cotas previstas, é o seguinte:

Sexo: Masculino (47%); Feminino (53%). 
Faixa etária: 16-34 anos (28%); 35-59 anos (47%); 60 ou mais (25%). 
Renda domiciliar total, incluindo pensões, benefícios e rendimentos de trabalhos informais: Até 2 salários-mínimos (21%); Mais de 2 a 5 salários-mínimos (44%); Mais de 5 salários-mínimos (35%). 
Nível de instrução: Até Fundamental completo ou médio incompleto (33%); Médio completo ou superior incompleto (42%); Superior completo ou mais (25%). 

Fonte dos dados: para a distribuição de sexo e idade, TSE-Tribunal Superior Eleitoral - março/2026; para a malha de setores censitários, Censo 2022 (IBGE); para a distribuição de renda domiciliar, PNADc Anual 2024, 5a visita (IBGE); e, para a distribuição de escolaridade/instrução, PNADc trimestral 4-2025 (IBGE). A PNADc é utilizada por ser a fonte oficial mais atualizada de rendimentos do país, incluindo rendimentos informais, pensões, entre outros, e corrigindo as defasagens temporais do Censo 2022, além de ser a fonte mais atualizada de nível de instrução da população com 16 anos ou mais dada ausência de atualização obrigatória da escolaridade no registro de eleitores do TSE.

Está prevista eventual pós-estratificação da amostra, por meio de algoritmos de calibração (rake) e modelos (MrP), para correção de estimativas e das distribuições das variáveis sexo, idade, renda familiar e escolaridade, com base nos percentuais anteriormente mencionados, caso ocorram diferenças entre os percentuais previstos na amostra e a coleta de dados realizada. 

Dentro do público-alvo anteriormente descrito, serão realizadas 1.650 entrevistas. O nível de confiança das estimativas é de 95% e a margem de erro máxima prevista, atendendo às diretivas do TSE e usando o cálculo para amostra aleatória simples (AAS) como aproximação, é de cerca de 2 pontos percentuais para mais ou para menos em relação aos totais da amostra.";"As entrevistas serão realizadas por uma equipe de entrevistadores devidamente qualificada, com experiência e treinamento em pesquisa de opinião pública. Todo trabalho é feito em tablets ou outros dispositivos eletrônicos. Após a realização da coleta de dados, as entrevistas junto aos respondentes são checadas por meio de procedimentos de consistência e de georreferenciamento dos locais de aplicação em tempo real. Adicionalmente, ao longo e após os trabalhos de campo, é realizada uma fiscalização que consiste na checagem de áudio de uma amostra de 30% dos questionários aplicados para verificação das respostas e da adequação dos entrevistados aos parâmetros amostrais.";"A área de abrangência da coleta é o território do estado de São Paulo. A relação do número de pessoas pesquisadas nas áreas de aplicação da pesquisa, discriminadas por município, bairros e setores censitários a partir dos identificadores utilizados pelo IBGE, além da composição do eleitorado entrevistado na área de abrangência quanto a gênero, idade, grau de instrução e nível econômico, constará em anexo. O mapa com os códigos destes setores censitários e as áreas que delimitam no país todo podem ser conferidos na seguinte fonte oficial: https://censo2022.ibge.gov.br/panorama/mapas.html?localidade=&recorte=setores_censitarios"
"28/09/2026";"05:46:54";2026;81;"Eleições Gerais 2026";"SP";"SP";"SÃO PAULO";"SP068652026";"2026-05-11 18:47:24";"S";"05270800000146";"GERP MERCADOLOGIA LTDA";"GRUPO GERP GERP MERCADO GERP OPINIAO GERPAUDIT";"Governador, Senador";"2026-05-11 00:00:00";"2026-05-15 00:00:00";"2026-05-17 00:00:00";1400;"8153 - 2ª REGIÃO";"CLENILSON SANTOS DE OLIVEIRA";"14000,00";"A população pesquisada é definida como pessoas maiores de 16 anos, eleitoras e residentes no Estado de SÃO PAULO. A pesquisa é do tipo QUANTITATIVA e os entrevistados serão selecionados por cotas em função das variáveis sexo, faixa etária, renda do chefe do domicílio e área de residência. Os dados para definição das cotas foram obtidos de publicações do IBGE e da Estatística do Eleitorado do TSE. Os dados serão tabulados em função das variáveis sócio-econômicas e agregados segundo as diversas áreas de residência de interesse.";"Com a realização de 1400 (mil e quatrocentas) entrevistas, dentro de um universo considerado infinito e um nível de confiança de 95,55%, a margem de erro para projeções dos dados é estimada em 2,67 pontos percentuais, nos casos limites em que as variáveis assumam o percentual de 50%. O resultado projetado para a população pesquisada vai de um mínimo de 47,33% a um máximo de 52,67. Para o mesmo número de entrevistas, a margem de erro tende a se estreitar quando os percentuais se aproximam de 0% ou de 100%. Se a variável incidir em 10%, por exemplo, a margem de erro é estimada em 1,60 pontos percentuais. E o resultado projetado vai de um mínimo de 8,40% a um máximo de 91,60%. O Instituto Gerp utiliza dois desvios padrões para o cálculo da margem de erro em todos os seus projetos de pesquisa, o que representa um nível de confiança de 95,55%, confiando ao trabalho uma segurança ainda maior do que o normalmente utilizado pelo mercado. Está prevista eventual ponderação para correção das variáveis área de residência, sexo, faixa etária e renda do chefe do domicílio, caso ocorram diferenças superiores a 2 pontos percentuais entre o previsto na amostra e a coleta de dados realizada. O plano amostral foi assim definido: IDADE/SEXO: 16-24/masculino (11,27%), 16-24/feminino (10,03%), 25-34/masculino (18,74%), 25-34/feminino (17,76%), 35-44/masculino (20,42%), 35-44/feminino (19,84%), 45-59/masculino (26,57%), 45-59/feminino (26,49%), 60 ou +/masculino (22,99%), 60 ou +/feminino (25,88%) RENDA DO CHEFE DO DOMICÍLIO: Até 01 SM (12,20%), De 01 a 02 SM (18,58%), De 02 a 05 SM (38,74%), De 05 a 10 SM (19,53%), De 10 a 20 SM (7,61%), Mais de 20 SM (3,34%).";"Como de praxe em pesquisas realizadas pelo INSTITUTO DE PESQUISA GERP, todas as entrevistas são criticadas e 20%, no mínimo, são verificados junto ao próprio entrevistado. O trabalho de entrevistas é permanentemente acompanhado por um supervisor local, que controla e fiscaliza a aplicação dos questionários (por telefone, Sistema Cati), com o entrevistador, entrevistando pessoalmente o entrevistado. Além disso, há um controle de qualidade do trabalho nos sistemas de processamento das informações. Para melhor explicitar os mecanismos de controle e verificação, segue o abaixo escrito: Todas as equipes de entrevistadores possuem também um supervisor interno, em caráter permanente, que é responsável pela fiscalização da coleta de dados e verificação das respostas junto aos próprios entrevistados; Cada questionário enviado ao sistema é objeto de uma checagem do seu correto preenchimento e pelo menos 20% das entrevistas são verificadas junto ao entrevistado pelo supervisor interno. Ou seja, em 20% das entrevistas, o supervisor interno liga para o entrevistado e refaz as perguntas, verificando, assim, a veracidade das respostas. As entrevistas objeto da verificação são escolhidas por critério de sorteio aleatório. Ex.: a cada 05 entrevistas enviadas ao sistema, 01 é verificada pelo supervisor interno. Ao término da pesquisa, o INSTITUTO DE PESQUISA GERP, faz uma rigorosa crítica a todos os questionários enviados, onde são checadas inconsistências nas respostas. Caso seja constatada alguma inconsistência, o entrevistado é contatado, a dúvida é solucionada ou a entrevista é descartada.";"A pesquisa englobará os municípios do estado de São Paulo."
"28/09/2026";"05:46:54";2026;81;"Eleições Gerais 2026";"SP";"SP";"SÃO PAULO";"SP025382026";"2026-09-22 23:10:05";"S";"22345021000181";"REAL TIME MIDIA LTDA";"REAL TIME BIG DATA";"Governador, Senador, Deputado Federal, Deputado Estadual";"2026-09-23 00:00:00";"2026-09-26 00:00:00";"2026-09-28 00:00:00";2000;"10839";"Isabela Zara Cremoneze";"30000,00";"Pesquisa quantitativa, que consiste na realização de entrevistas com eleitores do universo a ser explorado, feitas em combinação mista por entrevistadores humanos e recursos de inteligência artificial, com a aplicação de questionário estruturado com abordagens telefônicas e digitais junto a uma amostra representativa do eleitorado em estudo. Pesquisa realizada nos municípios de Diadema, Mauá, Ribeirão Pires, Rio Grande da Serra, Santo André, São Bernardo do Campo e São Caetano do Sul, no estado de São Paulo.";"Representativo do eleitorado do município em estudo, elaborado em dois estágios.
No primeiro estágio, realiza-se um sorteio probabilístico das localidades dentro do município, pelo método PPT (Probabilidade Proporcional ao Tamanho), considerando a população eleitora de 16 anos ou mais residente nessas localidades como base para a seleção.
No segundo e último estágio, dentro das localidades sorteadas, os respondentes são selecionados por meio de quotas amostrais proporcionais, em função de variáveis significativas, a saber:
GÊNERO:
Feminino: 53,53%;
Masculino: 46,47%;
(Fonte: TSE, Agosto2026 -- https://sig.tse.jus.br/ords/dwapr/r/seai/sig-eleitor-eleitorado-mensal/cruzamento-eleitorado-mensal?p24_metricas=E&p24_back=22&p24_cruzamento_1=ds_sexo&clear=24&session=112920729923306)
FAIXA ETÁRIA:
16 anos: 0,15%;
17 anos: 0,32%;
18 a 20 anos: 3,62%;
21 a 24 anos: 6,11%;
25 a 34 anos: 17,47%;
35 a 44 anos: 19,89%;
45 a 59 anos: 26,93%;
60 a 69 anos: 13,40%;
70 a 79 anos: 7,91%;
Superior a 79 anos: 4,19%;
(Fonte: TSE, Agosto/2026 -- https://sig.tse.jus.br/ords/dwapr/r/seai/sig-eleitor-eleitorado-mensal/cruzamento-eleitorado-mensal?p24_cruzamento_1=ds_faixa_etaria&p24_metricas=E&p24_back=22&clear=24&session=112920729923306)
ESCOLARIDADE:
Analfabeto: 1,28%;
Lê e Escreve: 2,93%;
Ensino Fundamental Incompleto: 15,83%;
Ensino Fundamental Completo: 6,38%;
Ensino Médio Incompleto: 18,10%;
Ensino Médio Completo: 33,81%;
Ensino Superior Incompleto: 6,23%;
Ensino Superior Completo: 15,44%;
(Fonte: TSE, Agosto/2026 -- https://sig.tse.jus.br/ords/dwapr/r/seai/sig-eleitor-eleitorado-mensal/cruzamento-eleitorado-mensal?p24_cruzamento_1=ds_grau_instrucao&p24_metricas=E&p24_back=22&clear=24&session=112920729923306)
RENDA DOMICILIAR MENSAL:
Sem rendimento: 4,36%;
Até 1/2 Salário Mínimo: 0,71%;
Mais de 1/2 a 1 Salário Mínimo: 6,39%;
Mais de 1 a 2 Salários Mínimos: 17,00%;
Mais de 2 a 5 Salários Mínimos: 37,48%;
Mais de 5 a 10 Salários Mínimos: 21,99%;
Mais de 10 a 20 Salários Mínimos: 9,08%;
Mais de 20 Salários Mínimos: 3,00%;
(Fonte: IBGE (CENSO-2010) -- https://cidades.ibge.gov.br/)

Observação: De acordo com informações do Instituto Brasileiro de Geografia e Estatística (IBGE), não há previsão de data para a divulgação do perfil econômico da população brasileira do CENSO 2022. Portanto, os dados sobre o nível econômico obtidos no Censo 2022 não podem ser utilizados, pois ainda não foram publicados.
Está prevista eventual ponderação para correção das variáveis sexo e idade, com base nos percentuais anteriormente mencionados, caso ocorram diferenças superiores a 3 pontos percentuais entre o previsto na amostra e a coleta de dados realizada. Para as variáveis de grau de instrução e nível econômico do entrevistado, o fator previsto para ponderação é 1 (resultados obtidos em campo). O nível de confiança estimado é de 95% e a margem de erro máxima estimada considerando um modelo de amostragem aleatório simples, é de aproximadamente 2 (dois) pontos percentuais para mais ou para menos sobre os resultados encontrados no total da amostra.";"O trabalho de coleta de dados é acompanhado por supervisores humanos. São selecionados aleatoriamente 15% (quinze por cento) dos questionários para uma verificação posterior e, em caso de dúvida, o formulário é descartado e o responsável pela coleta chamado para esclarecimentos. Há uma equipe especializada que confere os dados à exaustão com objetivo de averiguar e aferir os resultados coletados.";"O anexo do arquivo com os bairros será realizado até o dia seguinte da divulgação conforme indicado no §7º. do art. 2º. da Resolução-TSE nº. 23.600/2019"
"28/09/2026";"05:46:54";2026;81;"Eleições Gerais 2026";"SP";"SP";"SÃO PAULO";"SP014682026";"2026-06-26 20:19:22";"S";"65571662000167";"INSTITUTO PAULISTA DE PESQUISA E OPINIAO PUBLICA LTDA";"IPPOP";"Governador, Senador, Deputado Federal, Deputado Estadual";"2026-07-01 00:00:00";"2026-07-10 00:00:00";"2026-07-02 00:00:00";1200;"9443-A";"Marcelo Hidemi Uemura";"15000,00";"Pesquisa do tipo quantitativa, com amostragem por quotas representativas do eleitorado (Gênero, faixa etária, escolaridade, renda nominal mensal domiciliar, e Municípios) da região do Alto Tietê (Municípios: Arujá-SP, Biritiba Mirim-SP, Ferraz de Vasconcelos-SP, Guararema-SP, Itaquaquecetuba-SP, Mogi das Cruzes-SP, Poá-SP, Santa Isabel-SP, Salesópolis-SP, Suzano-SP). (Fonte de dados: TSE e IBGE) para os cargos de Presidente, Governador, Senador, Deputado Federal e Deputado Estadual, através de questionário estruturado, com questões abertas e fechadas, e abrangência pessoal, sendo entrevistados no máximo uma pessoa por família, de forma que se possa determinar as verdadeiras intenções do eleitor com relação ao pleito que se aproxima.";"Amostra composta por 1.200 eleitores. Cada Estrato proporcional ao tamanho do Universo de eleitores da Região do Alto Tietê. Foram divididos da seguinte maneira: Gênero: Feminino: 52,83%; Masculino: 47,17%. Faixa Etária: 16 a 24 anos: 12,92%; 25 a 34 anos: 20,16%; 35 a 44 anos: 20,25%; 45 a 59 anos: 26,00%; Mais de 60 anos: 20,67%. Grau de Instrução: Analfabeto: 2,17%; Lê e escreve: 3,33%; Ensino Fundamental Incompleto: 17,50%; Ensino Fundamental Completo: 5,67%; Ensino Médio Incompleto: 18,08%; Ensino Médio Completo: 37,83%; Ensino Superior Incompleto: 5,00%; Ensino Superior Completo: 10,42%. Renda Nominal Mensal Domiciliar: Até 2 Salários Mínimos: 39,67%; De 2 a 5 Salários Mínimos: 39,17%; Mais de 5 Salários Mínimos: 21,16%. Fonte de dados: TSE: Maio/2026 (Gênero, faixa etária e Grau de Instrução);  IBGE: Censo Demográfico 2010 (Renda Nominal Mensal Domiciliar, última atualização foi em 2010); e Censo Demográfico 2022 e TSE (Cidades). Margem de erro 2,9% para mais ou para menos, considerando um nível de confiança de 95,0%. Há a previsão para eventual ponderação para correção nos tamanhos dos estratos, considerando as variáveis do plano amostral";"Para a coleta de dados, utiliza-se uma equipe de entrevistadores contratados, devidamente treinados para o trabalho, além de contarem com apoio de supervisor para eventuais dúvidas. Durante as entrevistas, os supervisores fazem a fiscalização dos pesquisadores. Após a realização das entrevistas, os questionários passam por uma codificação e crítica, e depois disso, são fiscalizados entre 10% a 20%.";"Em anexo.

 A relação dos bairros e áreas selecionadas para a pesquisa constará em anexo a ser apresentado até o dia seguinte, a partir do dia em que a pesquisa puder ser divulgada, conforme as Resoluções 23.600/2019, no art. 2º; §7º e 23.727/2024 do TSE."
"28/09/2026";"05:46:54";2026;81;"Eleições Gerais 2026";"SP";"SP";"SÃO PAULO";"SP015902026";"2026-09-23 21:38:05";"N";"22445600000104";"QUAEST PESQUISAS, CONSULTORIA E PROJETOS LTDA.";"#NULO#";"Governador, Senador";"2026-09-25 00:00:00";"2026-09-28 00:00:00";"2026-09-29 00:00:00";1800;"6731";"Margarida Maria de Mendonca";"216900,00";"Pesquisa quantitativa, de survey, que consiste na realização de entrevistas pessoais, domiciliares e presenciais, conduzidas por profissionais treinados, com a aplicação de questionários estruturados a uma amostra representativa da população votante de 16 anos ou mais residente no estado de São Paulo. O desenho amostral aplicado combina sorteio probabilístico de municípios e de setores censitários fornecidos pelo IBGE (unidades territoriais homogêneas, de tamanho similar a quadras ou blocos), dentro dos quais serão selecionadas pessoas respondentes por meio de cotas amostrais. Pagante(s) do trabalho: CNPJ 27865757000102 - GLOBO COMUNICACAO E PARTICIPACOES S/A / TV/REDE/GLOBO.COM/CANAIS GLOBO/GLOBOPLAY/ELETROMIDIA.";"O público pesquisado é composto por eleitores de 16 anos ou mais residentes na área de abrangência da pesquisa. Para produzir uma amostra representativa desse público-alvo, utilizamos um desenho amostral por conglomerados que prevê três estágios. No primeiro estágio, é feito um sorteio probabilístico de municípios para comporem a amostra por meio do método PPT (Probabilidade Proporcional ao Tamanho) a partir de suas populações votantes acima de 16 anos. Dentro da lista de municípios sorteados, no segundo estágio, é realizado um sorteio probabilístico por meio do método PPT (Probabilidade Proporcional ao Tamanho) de setores censitários a serem visitados pelos entrevistadores, sorteio que tem como base o total de habitantes residentes nos setores de acordo com dados do Censo de 2022, o que garante a dispersão aleatória e estatística da amostra dentro dos territórios municipais, independentemente de divisões administrativas. Finalmente, dentro da lista de setores censitários sorteados, no último estágio são selecionados domicílios e pessoas a serem entrevistadas utilizando-se cotas amostrais para as seguintes variáveis: sexo, idade, renda familiar e escolaridade. O perfil da amostra, definido pelas cotas previstas, é o seguinte:

Sexo: Masculino (47%); Feminino (53%).
Faixa etária: 16-34 anos (28%); 35-59 anos (47%); 60 ou mais (25%).
Renda domiciliar total, incluindo pensões, benefícios e rendimentos de trabalhos informais: Até 2 salários-mínimos (19%); Mais de 2 a 5 salários-mínimos (43%); Mais de 5 salários-mínimos (38%).
Nível de instrução: Até Fundamental completo ou médio incompleto (33%); Médio completo ou superior incompleto (43%); Superior completo ou mais (24%).

Fonte dos dados: para a distribuição de sexo e idade, TSE-Tribunal Superior Eleitoral - julho/2026; para a malha de setores censitários, Censo 2022 (IBGE); para a distribuição de renda domiciliar, PNADc Anual 2025, 1ª visita (IBGE); e, para a distribuição de escolaridade/instrução, PNADc trimestral 2-2026 (IBGE). A PNADc é utilizada por ser a fonte oficial mais atualizada de rendimentos do país, incluindo rendimentos informais, pensões, entre outros, e corrigindo as defasagens temporais do Censo 2022, além de ser a fonte mais atualizada de nível de instrução da população com 16 anos ou mais dada ausência de atualização obrigatória da escolaridade no registro de eleitores do TSE.

Está prevista eventual pós-estratificação da amostra, por meio de algoritmos de calibração (rake) e modelos (MrP), para correção (1) de estimativas e (2) das distribuições de variáveis que medem o perfil da população.

Dentro do público-alvo anteriormente descrito, serão realizadas 1.800 entrevistas. O nível de confiança das estimativas é de 95% e a margem de erro máxima prevista, atendendo às diretivas do TSE e usando o cálculo para amostra aleatória simples (AAS) como aproximação, é de cerca de 2 pontos percentuais para mais ou para menos em relação aos totais da amostra.";"As entrevistas serão realizadas por uma equipe de entrevistadores devidamente qualificada, com experiência e treinamento em pesquisa de opinião pública. Todo trabalho é feito em tablets ou outros dispositivos eletrônicos. Após a realização da coleta de dados, as entrevistas junto aos respondentes são checadas por meio de procedimentos de consistência e de georreferenciamento dos locais de aplicação em tempo real. Adicionalmente, ao longo e após os trabalhos de campo, é realizada uma fiscalização que consiste na checagem de áudio de uma amostra de 30% dos questionários aplicados para verificação das respostas e da adequação dos entrevistados aos parâmetros amostrais.";"A área de abrangência da coleta é o território do estado de São Paulo. A relação do número de pessoas pesquisadas nas áreas de aplicação da pesquisa, discriminadas por município, bairros e setores censitários a partir dos identificadores utilizados pelo IBGE, além da composição do eleitorado entrevistado na área de abrangência quanto a gênero, idade, grau de instrução e nível econômico, constará em anexo. O mapa com os códigos destes setores censitários e as áreas que delimitam no país todo podem ser conferidos na seguinte fonte oficial: https://censo2022.ibge.gov.br/panorama/mapas.html?localidade=&recorte=setores_censitarios"
"28/09/2026";"05:46:54";2026;81;"Eleições Gerais 2026";"SP";"SP";"SÃO PAULO";"SP088672026";"2026-09-27 22:58:40";"S";"51772470000104";"INSTITUTO DATATRENDS LTDA";"DATATRENDS";"Governador, Senador";"2026-09-29 00:00:00";"2026-10-01 00:00:00";"2026-10-03 00:00:00";1200;"10663";"Ythalo Hugo da Silva Santos";"15000,00";"Pesquisa quantitativa por amostragem, com seleção probabilística de contatos telefônicos no âmbito da base amostral, estratificada pelas Regiões Geográficas Imediatas do Estado de São Paulo, realizada por meio de questionário estruturado aplicado via contatos telefônicos fixos e móveis, com abrangência estadual. A estratificação regional será definida com base na distribuição do eleitorado, conforme dados oficiais do Tribunal Superior Eleitoral (TSE), referentes a agosto de 2026, adotando-se como referência a divisão territorial do Instituto Brasileiro de Geografia e Estatística (IBGE) em Regiões Geográficas Imediatas, com os municípios agregados ao respectivo estrato. A seleção dos contatos será realizada de forma aleatória e automatizada a partir de banco próprio de números telefônicos fixos e móveis, com cobertura estadual, observadas as disposições da Lei nº 13.709/2018 (Lei Geral de Proteção de Dados). Essa base constitui instrumento operacional para seleção dos contatos e não é utilizada como fonte dos parâmetros populacionais do plano amostral e da ponderação, que são obtidos em fontes públicas oficiais do TSE e do IBGE. Os contatos encontram-se previamente classificados por área geográfica para organização dos estratos e do sorteio. Durante a entrevista, após a confirmação de que possui título de eleitor e vota em São Paulo, o respondente informa o município em que vota, sendo essa informação registrada eletronicamente e utilizada para o enquadramento territorial da entrevista e para a verificação da consistência da amostra. Também serão coletados, de forma separada, o município de residência atual e o bairro, distrito, povoado ou localidade de residência informado pelo respondente. Essas informações de residência terão finalidade territorial complementar e descritiva e não serão utilizadas como critério de elegibilidade, seleção, cota, estratificação ou ponderação. Eventual divergência entre o município de residência e o município em que o entrevistado vota não altera a elegibilidade da entrevista; para fins do desenho amostral, da classificação nos estratos e da ponderação territorial, será utilizado o município em que o respondente declara votar. A seleção ocorre por sorteio aleatório dos contatos dentro de cada estrato, sem direcionamento por preferência política ou intenção de voto, de modo que todos os registros telefônicos integrantes da base amostral tenham, dentro do respectivo estrato, probabilidade conhecida e não nula de serem selecionados para contato. A elegibilidade eleitoral é confirmada durante a entrevista. O universo da pesquisa é composto por eleitores com 16 anos ou mais, com título eleitoral e aptos a votar no Estado de São Paulo. A base é submetida a procedimentos de tratamento, deduplicação e aleatorização. Nas perguntas estimuladas, a ordem de apresentação dos nomes será rotacionada automaticamente pelo sistema de coleta, com o objetivo de reduzir viés de ordem.";"A pesquisa terá 1.200 entrevistas. A amostra será estratificada pelas Regiões Geográficas Imediatas do IBGE, com alocação proporcional ao tamanho do eleitorado de cada estrato. A participação de cada Região Geográfica Imediata será obtida a partir da soma do eleitorado dos municípios que a compõem, utilizando dados oficiais do TSE referentes a agosto de 2026, e a seleção dos contatos telefônicos será realizada aleatoriamente dentro de cada estrato, a partir de base com cobertura estadual. As entrevistas serão realizadas por sistema telefônico automatizado (URA), com respostas por teclado e, quando previsto no questionário, por voz. A composição territorial da amostra será acompanhada durante a coleta com base no município em que o entrevistado declara votar, agregado à respectiva Região Geográfica Imediata. A coleta do município de residência e do bairro, distrito, povoado ou localidade de residência terá caráter exclusivamente complementar e não alterará o tamanho da amostra, a alocação proporcional, os estratos de seleção ou as variáveis utilizadas na ponderação. Na apresentação final dos resultados, os dados serão ponderados para ajuste aos parâmetros de gênero, faixa etária, grau de instrução e nível econômico, bem como à distribuição territorial de referência, definida pela participação do eleitorado de cada Região Geográfica Imediata. Serão utilizados como parâmetros populacionais os dados do Tribunal Superior Eleitoral (TSE), referentes ao eleitorado de São Paulo em agosto de 2026, para gênero, faixa etária e grau de instrução. Para gênero: masculino, 46,7%; feminino, 53,3%. Para idade, considerando o universo com 16 anos ou mais e excluídos da apuração dessa variável os registros de 15 anos e de idade inválida: 16 a 24 anos, 10,7%; 25 a 34 anos, 18,0%; 35 a 44 anos, 19,7%; 45 a 59 anos, 26,6%; e 60 anos ou mais, 25,0%. Para grau de instrução, as categorias detalhadas do TSE serão agregadas em: analfabeto/lê e escreve, 4,5%; Ensino Fundamental, 24,2%; Ensino Médio, 50,1%; e Ensino Superior, 21,2%, desconsiderada, para formação desses quatro grupos, a categoria residual ¿não informado¿. Para nível econômico será utilizada como fonte pública a Tabela SIDRA 10296 do Censo Demográfico 2022 do IBGE, referente às classes de rendimento nominal mensal domiciliar per capita: sem rendimento ou até 2 salários mínimos por pessoa, 77%; mais de 2 até 5 salários mínimos por pessoa, 17%; e mais de 5 salários mínimos por pessoa, 6%. A categoria ¿sem rendimento¿, coletada separadamente, será agregada à primeira faixa para fins de ponderação. As respostas ¿não quero informar¿ serão mantidas como recusa de informação, sem imputação a qualquer faixa de renda. Esses casos serão excluídos apenas do cálculo do ajuste referente à dimensão nível econômico, permanecendo válidos e sujeitos aos ajustes das demais variáveis de ponderação. Os parâmetros de 77%, 17% e 6% serão aplicados às entrevistas com informação econômica válida. Os fatores de ponderação serão calculados após a coleta por procedimento de calibração sucessiva (raking/IPF), com ajustes iterativos das margens de gênero, faixa etária, grau de instrução, nível econômico e distribuição territorial até a convergência aos parâmetros de referência definidos. O fator igual a 1, quando ocorrer, representará a manutenção do peso original da observação naquela dimensão ou categoria. O desenho não utiliza seleção por conglomerados ou múltiplos estágios territoriais; eventual efeito decorrente dos pesos finais de ponderação será avaliado após a coleta. A margem de erro máxima convencional de referência para os resultados globais é de aproximadamente 2,83 pontos percentuais, para mais ou para menos, considerando 1.200 entrevistas, nível de confiança de 95% e máxima variabilidade das proporções (p = 0,50). Após a coleta e a aplicação da ponderação, serão avaliados os pesos finais e eventual acréscimo de variância decorrente do procedimento de calibração.";"A coleta de dados será realizada por meio de sistema telefônico automatizado, com aplicação de questionário estruturado e registro eletrônico das respostas informadas pelo entrevistado. O sistema interno de controle e verificação da coleta será composto pelos registros gerados automaticamente pela plataforma de telefonia e pelo sistema de coleta, permitindo a conferência posterior das entrevistas realizadas. Para cada tentativa de contato e entrevista concluída serão mantidos, quando aplicável, registros de data e horário da chamada, número telefônico acionado, status da ligação, duração, identificação da versão do questionário, respostas registradas, município em que o entrevistado declara votar, município de residência atual e bairro, distrito, povoado ou localidade de residência informados, conclusão ou interrupção da entrevista e resultado dos filtros de elegibilidade. As informações territoriais declaradas poderão ser submetidas a padronização e codificação posterior, preservado o conteúdo originalmente informado pelo respondente. O sistema adotará mecanismos para evitar duplicidades, incluindo limitação de uma entrevista válida por número telefônico, identificação de registros repetidos e exclusão de entrevistas incompletas, inconsistentes ou inelegíveis. Serão considerados elegíveis apenas os respondentes com 16 anos ou mais que confirmarem possuir título eleitoral e votar no Estado de São Paulo. Após a coleta, o banco de dados será submetido a procedimentos de crítica, conferência e validação, com verificação da consistência das respostas, do tempo de duração das entrevistas, da distribuição territorial da amostra, do preenchimento das variáveis de perfil e da compatibilidade com os filtros aplicados no questionário. Entrevistas com inconsistências, duplicidades, ausência de confirmação de elegibilidade ou tempo incompatível com a aplicação regular do questionário poderão ser desconsideradas da base final. A fiscalização interna será realizada por meio da análise dos bancos de respostas, registros de chamadas e logs do sistema, possibilitando a rastreabilidade da coleta, a conferência das entrevistas válidas e o acompanhamento da composição amostral. Os dados e registros necessários à verificação serão mantidos sob guarda da empresa responsável, observados os prazos legais e as normas aplicáveis à pesquisa eleitoral e à proteção de dados pessoais.";"Na metodologia telefônica adotada, o município em que o entrevistado declara votar será utilizado para o enquadramento da entrevista no desenho amostral, no acompanhamento da composição da amostra e na ponderação territorial, mediante agregação à respectiva Região Geográfica Imediata do IBGE. A classificação territorial previamente disponível na base de contatos será utilizada como informação auxiliar para organização do sorteio e controle de consistência; em caso de divergência, para fins do enquadramento amostral prevalecerá o município em que o próprio respondente declara votar. De forma separada, o questionário coletará o município de residência atual e o bairro, distrito, povoado ou localidade de residência informado pelo respondente. Essas informações terão finalidade territorial complementar e descritiva, não constituindo unidade de seleção, cota, estratificação ou ponderação. Em caso de divergência entre residência atual e município de votação, ambas as informações serão preservadas no banco de dados, com funções distintas: o município em que o entrevistado declara votar será a referência do desenho amostral e da ponderação territorial; o município e o bairro/localidade de residência serão utilizados para descrever a abrangência territorial efetivamente declarada pelos respondentes. Para fins da complementação prevista no art. 2º, § 7º, III, da Resolução-TSE nº 23.600/2019, serão informados os municípios e os bairros, distritos, povoados, localidades ou áreas abrangidos conforme as informações de residência declaradas pelos respondentes, mantendo-se a associação do bairro/localidade ao respectivo município de residência. A padronização da delimitação geográfica observará a divisão político-administrativa estabelecida em ato normativo oficial do respectivo ente federativo e, quando inexistente divisão territorial formalmente fixada, outra fonte pública idônea, nos termos do § 7º-E. A metodologia telefônica não coleta endereço residencial completo nem coordenada geográfica do respondente, e o número telefônico, especialmente móvel, não possui vinculação necessária e tecnicamente segura com setor censitário. A informação de município, bairro ou localidade, isoladamente, também não permite atribuir de forma universal e inequívoca cada entrevista a um setor censitário. Por essa razão, nos termos do art. 2º, § 7º-F, será apresentada justificativa técnica para a impossibilidade de identificação universal por setor censitário, informando-se como unidades territoriais compatíveis efetivamente utilizadas no desenho e no controle da amostra o município em que o entrevistado declara votar e sua correspondente Região Geográfica Imediata do IBGE, bem como os procedimentos de controle e ponderação territorial aplicados. A partir do dia em que a pesquisa puder ser divulgada e até o dia seguinte, o registro será complementado no PesqEle com os municípios e bairros/localidades abrangidos, as informações territoriais compatíveis com a metodologia adotada e a composição final da amostra quanto a gênero, idade, grau de instrução e nível econômico, acompanhadas da justificativa técnica relativa à impossibilidade de identificação universal por setor censitário."
"28/09/2026";"05:46:54";2026;81;"Eleições Gerais 2026";"SP";"SP";"SÃO PAULO";"SP033922026";"2026-04-26 09:29:56";"S";"04209958000148";"BADRA COMUNICACAO LTDA";"BADRA COMUNICACAO";"Governador";"2026-04-27 00:00:00";"2026-05-02 00:00:00";"2026-05-02 00:00:00";10000;"10744";"Marcos Rogerio Simonetti";"8000,00";"Pesquisa quantitativa, por cota (não probabilística), com aplicação de questionário estruturado, em pontos de fluxo populacional, com uma amostra representativa do eleitorado em estudo, no caso o eleitorado da Baixada Santista.";"A amostra será representativa do universo, ou seja, o eleitorado da Baixada Santista. 
Tamanho da amostra: 10.000 entrevistas. Técnica de amostragem: por cotas, segundo combinação das variáveis sexo e faixa etária, proporcionais ao eleitorado de cada região, conforme estatística do eleitorado do Tribunal Superior Eleitoral (TSE - Janeiro/2026): 
SEXO: 
Masculino (45,09%) e Feminino (54,91%). 
FAIXA ETÁRIA: 
16-24 anos (4,91% masculino e 5,00% feminino); 25-44 anos (16,79% masculino e 18,40% feminino); 45-59 anos (11,70% masculino e 14,06% feminino); e mais de 60 anos (11,70% masculino e 17,45% feminino). 
Para as variáveis de sexo e idade, o fator de ponderação é 1 (resultados obtidos em campo).
ESCOLARIDADE (FONTE: TSE - janeiro-2026)
Até ensino médio (92,45% - masculino e 88,97% - feminino); Superior (7,55% - masculino e 11,3% feminino). 
NÍVEL ECONÔMICO (FONTE: CENSO 2010): 
Economicamente ativo (65,01% - masculino e 46,26% - feminino). Não economicamente ativo (34,99% - masculino e 53,74% - feminino). 
Eventual ponderação para correção das variáveis de escolaridade e nível econômico caso aconteçam diferenças superiores a 3% entre o previsto na amostra e a coleta de dados, no que pese serem estas variáveis de seleção e abordagem dos entrevistados. 
A margem de erro é de 3 pontos percentuais para mais ou para menos, sobre o resultado encontrado no total da amostra. Nível de confiança estimado de 95%, o que quer dizer que há uma probabilidade de 95% de os resultados retratarem a realidade, se repetido nas mesmas condições de execução. 
";"equipe de entrevistadores e supervisores de campo experientes e treinados para o trabalho. No mínimo 20% das entrevistas realizadas são auditadas, parte delas ainda em campo, por coordenadores e supervisores. A outra parte via contato telefônico com os entrevistados que fornecem seu primeiro nome e/ou telefone de contato para o devido controle e verificação, conferência e fiscalização da coleta de dados, seja em relação às respostas, seja em confirmação da adequação aos parâmetros amostrais. ";"(conforme §7º. do art. 2º. da Resolução-TSE nº. 23.600/2019, A partir do dia em que a pesquisa puder ser divulgada e até o dia seguinte, o registro deverá ser complementado, sob pena de ser a pesquisa considerada não registrada; na ausência de delimitação do bairro, será identificada a área em que foi realizada): A relação das localidades selecionadas para aplicação da amostra será apresentada até o 7º dia seguinte ao registro da pesquisa."
"28/09/2026";"05:46:54";2026;81;"Eleições Gerais 2026";"SP";"SP";"SÃO PAULO";"SP086892026";"2026-09-26 15:19:03";"S";"44185256000196";"PIMENTEL & CARPENTIERI CONSULTORIA DE MARKETING LTDA";"PIMENTEL & CARPENTIERI CONSULTORIA DE MARKETING LTDA";"Governador, Senador, Deputado Federal, Deputado Estadual, Deputado Distrital";"2026-09-28 00:00:00";"2026-09-30 00:00:00";"2026-10-02 00:00:00";1000;"7644A";"Rui Akito Tamaribuchi";"15000,00";"Pesquisa Face a Face na cidade de Santos - SP em polígonos de fluxo previamente sorteados. Será extraída amostra de 1000 entrevistados, representativa da população adulta da cidade. Foram definidas cotas de sexo, idade, escolaridade e região da cidade, seguindo critérios presentes no IBGE e TSE.";"SEXO: masculino= 44% e feminino =56%. IDADE: 16 a 24 anos = 9%, 25 a 44 anos= 32%, 45 a 59 anos= 26%, 60 anos ou mais= 33%. ESCOLARIDADE: Até Fundamental= 16%, Ensino médio= 47%, Ensino Superior= 37%. NÍVEL ECONÔMICO DO ENTREVISTADO: sem rendimentos até dois salários-mínimos: 13%; de dois a cinco salários-mínimos: 30%; mais de cinco salários-mínimos: 57%. Será feita eventual ponderação para correção das variáveis sexo e idade e escolaridade com base nos percentuais acima se os dados obtidos no campo apresentarem diferenças superiores a 5% (cinco por cento) entre o previsto na amostra e a coleta realizada. Para o nível econômico do entrevistado, o fator de ponderação será 1 (um), ou seja, prevalecerão os resultados obtidos no campo. As margens de erro máximo possível, calculadas dentro de um intervalo de confiança de 95%, é de 3,1 pp. para mais ou para menos. Fontes: Censo IBGE 2010/2022 e TSE- junho de 2026.";"Controle in loco, com coordenação de equipe supervisionando a realização das entrevistas e controle de campo.";"Zonas eleitorais: Zona 118= 33%, Zona 272= 32%, Zona 273= 35%."
"28/09/2026";"05:46:54";2026;81;"Eleições Gerais 2026";"SP";"SP";"SÃO PAULO";"SP046292026";"2026-09-21 20:36:03";"S";"09334545000109";"INSITITUTO ARA DE PESQUISA LTDA";"A. R. PUBLICIDADE E PESQUISA";"Governador, Senador, Deputado Federal, Deputado Estadual";"2026-09-21 00:00:00";"2026-09-22 00:00:00";"2026-09-27 00:00:00";1200;"9443";"MARCELO HIDEMI UEMURA";"12000,00";"Pesquisa quantitativa de opinião pública, de natureza amostral, realizada com eleitores aptos a votar nas Eleições Gerais de 2026, residentes nos municípios de Arujá, Biritiba Mirim, Ferraz de Vasconcelos, Guararema, Itaquaquecetuba, Mogi das Cruzes, Poá, Salesópolis, Santa Isabel e Suzano, integrantes da área de abrangência definida para a pesquisa.

O trabalho compreenderá levantamento de intenção de voto para os cargos de Presidente da República, Governador do Estado de São Paulo, Senador, Deputado Federal e Deputado Estadual.

Serão realizadas 1.200 entrevistas, mediante aplicação de questionário estruturado, com entrevistas realizadas presencialmente em pontos e áreas previamente selecionados nos municípios abrangidos pela pesquisa.

A seleção da amostra será realizada em múltiplos estágios. Inicialmente, será efetuada a estratificação da amostra segundo os municípios integrantes da área de abrangência, considerando-se a participação de cada município no universo eleitoral utilizado para o planejamento da pesquisa. Em seguida, serão selecionadas as áreas de realização das entrevistas e, posteriormente, os entrevistados, segundo procedimentos previamente definidos pela equipe técnica.

A distribuição das entrevistas entre os municípios será definida proporcionalmente ao respectivo eleitorado, utilizando-se como referência a base oficial de eleitores aptos disponibilizada pela Justiça Eleitoral.

No processo de seleção e/ou ponderação da amostra serão considerados os parâmetros de gênero, faixa etária, grau de instrução, nível econômico e distribuição territorial da população pesquisada, conforme bases públicas utilizadas no plano amostral.

As entrevistas serão realizadas por meio de questionário estruturado e padronizado, contendo perguntas referentes à intenção de voto espontânea e estimulada para os cargos pesquisados, além das variáveis necessárias à caracterização e ponderação da amostra.

A coleta será realizada dentro do período informado no registro da pesquisa, sendo os questionários submetidos a procedimentos de conferência, validação e controle de qualidade antes da consolidação da base de dados.

Os resultados serão calculados considerando-se a amostra efetivamente realizada e, quando aplicável, os fatores de ponderação definidos no plano amostral.";"Eleitores aptos a votar nos municípios integrantes da Região do Alto Tietê, no Estado de São Paulo, abrangendo Arujá, Biritiba Mirim, Ferraz de Vasconcelos, Guararema, Itaquaquecetuba, Mogi das Cruzes, Poá, Salesópolis, Santa Isabel e Suzano. A pesquisa será realizada mediante amostragem estratificada, considerando como estratos territoriais os dez municípios que compõem a área de abrangência definida para o levantamento. A distribuição da amostra entre os municípios será realizada de acordo com a participação de cada município no universo eleitoral considerado para a pesquisa, de modo a preservar a representatividade territorial do conjunto da Região do Alto Tietê. A distribuição territorial será considerada no processo de seleção, controle e consolidação da amostra. Na ponderação: após a conclusão da coleta, a base de dados será submetida a procedimentos de conferência e, quando necessário, ponderação estatística, de acordo com os parâmetros definidos no plano amostral. Sobre a margem de erro e a confiabilidade da pesquisa: para o conjunto da amostra de 1.200 entrevistas, será adotado nível de confiança de 95,0% e margem de erro de até 2,9 pontos percentuais, observados os pressupostos e procedimentos estatísticos utilizados no desenho da pesquisa.

Lembrando que a amostra é de 1.200 entrevistas nos municípios do Alto Tietê com margem de erro de 2,9 pontos porcentuais para mais ou para menos e o nível de confiança é de 95%. As entrevistas serão de Gênero feminino com 634 entrevistas (52,83%) e do masculino 566 (47,17%). Com relação a escolaridade: Gênero Feminino: Analfabeto / Lê e Escreve 5,68%, Fundamental Incompleto / Completo 140 (22,08%), Médio Incompleto / Completo 347 (54,73%), Superior Incompleto / Completo 111 (17,51%), Total 634 (100,00%). Fonte: TSE ¿ Agosto/2026. Masculino Analfabeto / Lê e Escreve 5,30%, Fundamental Incompleto / Completo 24,38%, Médio Incompleto / Completo 324 57,24%, Superior Incompleto / Completo 13,08% , Total 100,00%. Fonte: TSE ¿ Agosto/2026. Faixa Etária: Gênero Feminino: 16 a 24 anos 74 (11,67%), 25 a 34 anos 125 19,72%, 35 a 44 anos 127 20,03%, 45 a 59 anos 168 26,50%, Mais de 60 anos 140 (22,08%), Total 634 (100,00%). Gênero Masculino: 73 (12,90%), 117 (20,67%), 11 (20,32%), 147 (25,97%), 114 (20,14%) 566 (100,00%). Fonte: TSE ¿ Agosto/2026. Sobre a renda domiciliar de até 1 s.m. (de R$0,00 a R$1.621,00) 199 (16,58%), de 1 a 2 s.m. (de R$1.621,01 a R$3.242,00) 277 (23,08%), de 2 a 5 s.m. (de R$3.242,01 a R$8.105,00) 470 (39,17%), mais de 5 s.m. (acima de R$8.105,01) 254 (21,17%), total 1.200 (100,00%). Fonte: IBGE ¿ Censo Demográfico ¿ 2010 ¿ Com atualização em 2026. Com relação aos municípios do Alto Tietê a amostra Arujá 70 (5,83%), Biritiba Mirim 24 (2,00%), Ferraz de Vasconcelos 126 (10,50%), Guararema 26 (2,17%), Itaquaquecetuba 253 (21,08%), Mogi das Cruzes 327 (27,25%), Poá 88 (7,33%), Salesópolis 14 (1,17%), Santa Isabel 41 (3,42%), Suzano 231 (19,25%), total 1.200 (100,00%). Fonte: IBGE ¿ Censo Demográfico 2022 e TSE ¿ Agosto/26.

As fontes utilizadas no levantamento: para definição do universo eleitoral e da distribuição territorial da amostra serão utilizados dados oficiais da Justiça Eleitoral/TSE. Para os parâmetros socioeconômicos e demográficos serão utilizadas as fontes públicas indicadas na documentação técnica da pesquisa, incluindo dados do Instituto Brasileiro de Geografia e Estatística ¿ IBGE. As fontes e datas de referência serão mantidas identificadas na documentação da pesquisa. Já a abrangência dos resultados da pesquisa representarão a intenção de voto do eleitorado considerado no conjunto dos dez municípios integrantes da área de abrangência da pesquisa. A divulgação de resultados referentes ao conjunto da Região do Alto Tietê deverá considerar a amostra total de 1.200 entrevistas e os procedimentos de ponderação previstos neste plano.";"A coleta de dados será realizada por equipe de entrevistadores previamente treinada, mediante utilização de questionário padronizado e procedimentos uniformes de abordagem e seleção dos entrevistados. Cada entrevista será identificada por código único, sem registro de informação que permita a identificação pública do entrevistado. A equipe de campo será acompanhada por supervisores responsáveis pela distribuição das entrevistas, acompanhamento da produtividade, verificação da correta aplicação do questionário e controle da execução do plano amostral.

Serão mantidos registros individualizados das entrevistas, contendo, conforme aplicável, data e horário da entrevista, município, área/setor de realização, identificação do entrevistador, identificação do supervisor, respostas obtidas e demais informações necessárias à auditoria e validação da coleta. Serão realizados procedimentos de controle de qualidade, incluindo conferência dos questionários, verificação de consistência das respostas, identificação de duplicidades, análise de entrevistas incompletas e verificação da compatibilidade das entrevistas realizadas com os parâmetros estabelecidos no plano amostral.

Será realizado controle da distribuição das entrevistas por município e pelas demais variáveis previstas no plano amostral, de modo a identificar desvios em relação às quotas e parâmetros estabelecidos. As entrevistas consideradas inválidas ou que não atenderem aos critérios previamente estabelecidos serão submetidas aos procedimentos de exclusão ou correção previstos no protocolo interno de controle, sendo mantido registro das ocorrências.

Serão preservados os documentos, bancos de dados, registros de campo, questionários, mapas, planilhas e demais elementos necessários à comprovação da realização da pesquisa e à auditoria de seus procedimentos, pelo prazo e nas condições estabelecidas pela legislação eleitoral.

O sistema de controle permitirá a identificação do entrevistador e da área de realização de cada entrevista, possibilitando a conferência aleatória dos dados coletados e o confronto entre os resultados publicados e a base de entrevistas realizada. A identificação individual dos entrevistados será preservada, não sendo disponibilizada em eventual procedimento de auditoria.";"#NULO#"
"28/09/2026";"05:46:54";2026;81;"Eleições Gerais 2026";"SP";"SP";"SÃO PAULO";"SP013672026";"2026-09-25 19:43:09";"N";"07630546000175";"DATAFOLHA INSTITUTO DE PESQUISAS LTDA.";"#NULO#";"Governador, Senador";"2026-09-28 00:00:00";"2026-10-01 00:00:00";"2026-10-01 00:00:00";1610;"7249A";"Renata Nunes Cesar";"185706,64";"Metodologia da Pesquisa: Pesquisa do tipo quantitativo, por amostragem, com aplicação de questionário estruturado e abordagem pessoal em pontos de fluxo populacional. O eleitorado do estado de São Paulo foi tomado como universo da pesquisa.
";"Universo: Eleitorado do estado de São Paulo
Tamanho da amostra: A amostra prevista é de 1610 entrevistas.
Técnica de amostragem: A amostra é estratificada por natureza dos municípios (capital, região metropolitana ou interior), sendo que os estratos são desproporcionais em relação ao tamanho do universo. Posteriormente, as proporções corretas serão restabelecidas na fase de ponderação dos dados. Os municípios com população acima de 500 mil habitantes constituem estratos. Em cada estrato, num primeiro estágio, são sorteados com probabilidade proporcional ao tamanho (PPT) os municípios que farão parte do levantamento. Num segundo estágio, são sorteados os bairros e pontos de abordagem onde serão aplicadas as entrevistas. Por fim, os entrevistados são selecionados aleatoriamente para responder ao questionário, de acordo com cotas de gênero e faixa etária.

Os dados utilizados para definição e seleção da amostra são baseados nos dados fornecidos pelo TSE (dados maio 2026), IBGE (Censo 2022, PNADC 2024 e Estimativa populacional 2025), além de dados primários de outros levantamentos do instituto. Os dados relativos a gênero e faixa etária são: Homens: 47%, mulheres: 53%, 16 a 24 anos: 11%, 25 a 34 anos: 18%, 35 a 44 anos: 20%, 45 a 59 anos: 26% e 60 anos ou mais: 25%.

Para a variável grau de instrução os dados utilizados como referência são: até nível médio completo ou incompleto (inclui os sem escolaridade e analfabetos) =70% e nível superior (inclui superior incompleto) = 30%.

Ponderação dos resultados: Está prevista ponderação considerando as variáveis natureza do município (capital 27%, outros municípios da região metropolitana 21%, interior 52%), gênero e faixa etária. A variável escolaridade poderá ser ajustada de acordo com os percentuais detalhados anteriormente caso a diferença entre os valores descritos e observados seja maior que a margem de erro definida. Para o nível econômico do entrevistado (renda familiar mensal declarada pelo respondente), a distribuição utilizada como referência foi: Até 2 S.M. (salários mínimos)=38%, mais de 2 S.M.=58%, não souberam ou recusaram a resposta=4%. O fator previsto para ponderação é 1 (resultados obtidos em campo).


Margem de Erro: A margem de erro máxima prevista é de 2 pontos percentuais para mais ou para menos, considerando um nível de confiança de 95% e baseada em uma amostra aleatória simples (AAS). Os intervalos de confiança serão calculados considerando os resultados obtidos para um nível de confiança de 95%.";": Os entrevistadores envolvidos na realização desta pesquisa são treinados pelo Instituto e recebem instruções específicas para cada projeto realizado. A coleta será feita com a utilização de tablet e questionário eletrônico. São checados, no mínimo, 20% dos questionários de cada pesquisador, seja in loco por supervisores de campo ou, posteriormente, por telefone. Internamente, todo o material é verificado e codificado. Antes do processamento final e emissão dos resultados, realiza-se processo de consistência dos dados. Os dados coletados e tratados nesta pesquisa atendem às exigências da LGPD, Lei Geral de Proteção de Dados, garantindo ao respondente o sigilo de sua identidade e o correto tratamento de suas respostas.";"Área física: A área de abrangência da coleta dos dados é o estado de São Paulo. A relação completa dos municípios e bairros pesquisados será anexada ao registro até o dia seguinte à data de publicação da pesquisa, conforme Resolução 23.600/2019 do TSE, no art.2º §7º.
"
"28/09/2026";"05:46:54";2026;81;"Eleições Gerais 2026";"SP";"SP";"SÃO PAULO";"SP014772026";"2026-08-17 19:13:32";"S";"05270800000146";"GERP MERCADOLOGIA LTDA";"GRUPO GERP GERP MERCADO GERP OPINIAO GERPAUDIT";"Governador";"2026-08-18 00:00:00";"2026-08-21 00:00:00";"2026-08-23 00:00:00";1800;"8153 - 2ª ";"CLENILSON SANTOS DE OLIVEIRA";"12000,00";"A população pesquisada é definida como pessoas maiores de 16 anos, eleitoras e residentes no Estado de SÃO PAULO. A pesquisa é do tipo QUANTITATIVA e os entrevistados serão selecionados por cotas em função das variáveis sexo, faixa etária, renda do chefe do domicílio e área de residência. Os dados para definição das cotas foram obtidos de publicações do IBGE e da Estatística do Eleitorado do TSE. Os dados serão tabulados em função das variáveis sócio-econômicas e agregados segundo as diversas áreas de residência de interesse.";"Com a realização de 1800 (mil e oitocentas) entrevistas, dentro de um universo considerado infinito e um nível de confiança de 95,55%, a margem de erro para projeções dos dados é estimada em 2,36 pontos percentuais, nos casos limites em que as variáveis assumam o percentual de 50%. O resultado projetado para a população pesquisada vai de um mínimo de 47,64% a um máximo de 52,36. Para o mesmo número de entrevistas, a margem de erro tende a se estreitar quando os percentuais se aproximam de 0% ou de 100%. Se a variável incidir em 10%, por exemplo, a margem de erro é estimada em 1,41 pontos percentuais. E o resultado projetado vai de um mínimo de 8,59% a um máximo de 91,41%. O Instituto Gerp utiliza dois desvios padrões para o cálculo da margem de erro em todos os seus projetos de pesquisa, o que representa um nível de confiança de 95,55%, confiando ao trabalho uma segurança ainda maior do que o normalmente utilizado pelo mercado. Está prevista eventual ponderação para correção das variáveis área de residência, sexo, faixa etária e renda do chefe do domicílio, caso ocorram diferenças superiores a 2 pontos percentuais entre o previsto na amostra e a coleta de dados realizada. O plano amostral foi assim definido: IDADE/SEXO: 16-24/masculino (11,31%), 16-24/feminino (10,12%), 25-34/masculino (18,55%), 25-34/feminino (17,53%), 35-44/masculino (20,03%), 35-44/feminino (19,44%), 45-59/masculino (26,69%), 45-59/feminino (26,57%), 60 ou +/masculino (23,42%), 60 ou +/feminino (26,34%) RENDA DO CHEFE DO DOMICÍLIO: Até 01 SM (12,20%), De 01 a 02 SM (18,58%), De 02 a 05 SM (38,74%), De 05 a 10 SM (19,53%), De 10 a 20 SM (7,61%), Mais de 20 SM (3,34%).
";"Como de praxe em pesquisas realizadas pelo INSTITUTO DE PESQUISA GERP, todas as entrevistas são criticadas e 20%, no mínimo, são verificados junto ao próprio entrevistado. O trabalho de entrevistas é permanentemente acompanhado por um supervisor local, que controla e fiscaliza a aplicação dos questionários (por telefone, Sistema Cati), com o entrevistador, entrevistando pessoalmente o entrevistado. Além disso, há um controle de qualidade do trabalho nos sistemas de processamento das informações. Para melhor explicitar os mecanismos de controle e verificação, segue o abaixo escrito: Todas as equipes de entrevistadores possuem também um supervisor interno, em caráter permanente, que é responsável pela fiscalização da coleta de dados e verificação das respostas junto aos próprios entrevistados; Cada questionário enviado ao sistema é objeto de uma checagem do seu correto preenchimento e pelo menos 20% das entrevistas são verificadas junto ao entrevistado pelo supervisor interno. Ou seja, em 20% das entrevistas, o supervisor interno liga para o entrevistado e refaz as perguntas, verificando, assim, a veracidade das respostas. As entrevistas objeto da verificação são escolhidas por critério de sorteio aleatório. Ex.: a cada 05 entrevistas enviadas ao sistema, 01 é verificada pelo supervisor interno. Ao término da pesquisa, o INSTITUTO DE PESQUISA GERP, faz uma rigorosa crítica a todos os questionários enviados, onde são checadas inconsistências nas respostas. Caso seja constatada alguma inconsistência, o entrevistado é contatado, a dúvida é solucionada ou a entrevista é descartada.";"A pesquisa englobará os municípios do estado de São Paulo."
"28/09/2026";"05:46:54";2026;81;"Eleições Gerais 2026";"SP";"SP";"SÃO PAULO";"SP036522026";"2026-08-26 16:02:43";"S";"45613076000120";"INSTITUTO VOX BRASIL OPINIAO E PESQUISAS LTDA";"#NULO#";"Governador, Deputado Federal";"2026-08-27 00:00:00";"2026-08-28 00:00:00";"2026-09-01 00:00:00";1200;"9907";"GUILHERME COELHO NEVES";"10000,00";"Pesquisa do tipo quantitativo, por amostragem, com aplicação de questionário estruturado e abordagem pessoal em domicílios particulares permanentemente ocupados (de acordo com a definição do IBGE - Instituto Brasileiro de Geografia e Estatística). O conjunto do eleitorado de Presidente Prudente, Estado de São Paulo, com 16 anos ou mais foi tomado como universo da pesquisa.";"Tamanho da amostra: A amostra prevista é de 1.200 entrevistas. Técnica de amostragem: A amostra é aleatória, com base na estimativa da média populacional. Utilizamos a amostragem em mais de um estágio. No primeiro estágio dividimos o município em bairros/setores censitários (conglomerados), sendo os mesmos listados, onde foram sorteados aleatoriamente. No segundo estágio, foram sorteadas as ruas (dispondo de um mapa da região), no terceiro estágio fizemos o sorteio das casas (via amostragem sistemática). O próximo estágio é a seleção do entrevistado dentro da casa, onde o critério foi abordar um morador apto a votar no município que atendesse à equipe de campo, observados os controles amostrais posteriormente aplicados, sendo este obrigatoriamente morador da residência e eleitor da cidade pesquisada. Na etapa seguinte foi realizado um controle das seguintes variáveis: sexo, idade, grau de instrução e nível econômico. Também adotamos p=50% para maximizar o tamanho da amostra. a) a amostra poderá ser ponderada levando em consideração a variável sexo da população de Presidente Prudente sendo feminino: 53,9%; masculino: 46,1%; e não informado: 0,0%, conforme dados do TSE de Julho de 2026 e a variável idade sendo consideradas as faixas: 16 anos: 0,2%; 17 anos: 0,4%; 18 a 20 anos: 3,6%; 21 a 24 anos: 6,1%; 25 a 34 anos: 17,1%; 35 a 44 anos: 18,6%; 45 a 59 anos: 27,0%; 60 a 69 anos: 15,3%; e acima de 69 anos: 11,7% (TSE Julho de 2026). Quanto à variável grau de instrução, temos: ANALFABETO: 0,9%; LÊ E ESCREVE: 1,1%; ENSINO FUNDAMENTAL INCOMPLETO: 15,3%; ENSINO FUNDAMENTAL COMPLETO: 6,3%; ENSINO MÉDIO INCOMPLETO: 12,5%; ENSINO MÉDIO COMPLETO: 33,6%; SUPERIOR INCOMPLETO: 7,6% e SUPERIOR COMPLETO: 22,7% (TSE Julho de 2026). E para a variável renda, temos: Até 2 Salários Mínimos: 75,6%; 2 a 5 Salários Mínimos: 19,5%; 5 a 10 Salários Mínimos: 3,9%; e Acima de 10 Salários Mínimos: 1,0%, sendo a categoria ¿Sem rendimento¿ considerada dentro da faixa ¿Até 2 Salários Mínimos¿ (IBGE Censo 2022, https://sidra.ibge.gov.br/tabela/10296). Área física: município de Presidente Prudente, Estado de São Paulo, em domicílios particulares permanentemente ocupados e sorteados de maneira aleatória simples sem reposição. Margem de Erro: A margem de erro máxima prevista para o total da amostra é de 2,82 pontos percentuais para mais ou para menos, considerando um nível de confiança de 95%. Os intervalos de confiança serão calculados considerando os resultados obtidos para um nível de confiança de 95%. Fonte de Dados: TSE - Julho de 2026 e IBGE Censo 2022.";"Os pesquisadores envolvidos na realização desta pesquisa recebem treinamento especializado e instruções específicas de abordagem. O trabalho é feito com a equipe de entrevistadores e coordenadores de campo. Há fiscalização no ato da entrevista e os questionários são recolhidos e checados quanto ao correto preenchimento dos dados. Após os trabalhos de campo, os questionários são submetidos a uma fiscalização que consiste na verificação de 20% dos questionários aplicados individualmente pelos entrevistadores, para checagem das respostas. Internamente, todo o material é verificado, codificado, digitado e, antes do processamento final, realiza-se a conferência da digitação (consistência dos dados).";"EM ANEXO."
"28/09/2026";"05:46:54";2026;81;"Eleições Gerais 2026";"SP";"SP";"SÃO PAULO";"SP058622026";"2026-08-27 12:30:03";"S";"45613076000120";"INSTITUTO VOX BRASIL OPINIAO E PESQUISAS LTDA";"#NULO#";"Governador, Senador, Deputado Federal, Deputado Estadual";"2026-08-30 00:00:00";"2026-08-31 00:00:00";"2026-09-02 00:00:00";2000;"9907";"GUILHERME COELHO NEVES";"10000,00";"Pesquisa do tipo quantitativo, por amostragem, com aplicação de questionário estruturado e abordagem pessoal em domicílios particulares permanentemente ocupados (de acordo com a definição do IBGE - Instituto Brasileiro de Geografia e Estatística). O conjunto do eleitorado da região formada pelos municípios de Roseira, Aparecida, Guaratinguetá, Potim, Cunha, Lorena, Piquete, Canas, Cachoeira Paulista, Cruzeiro, Lavrinhas, Queluz, Areias, Silveiras, São José do Barreiro, Arapeí e Bananal, Estado de São Paulo, com 16 anos ou mais foi tomado como universo da pesquisa.";"Tamanho da amostra: A amostra prevista é de 2.000 entrevistas. Técnica de amostragem: A amostra é aleatória, com base na estimativa da média populacional. Utilizamos a amostragem em mais de um estágio. No primeiro estágio dividimos os municípios em bairros/setores censitários (conglomerados), sendo os mesmos listados, onde foram sorteados aleatoriamente. No segundo estágio, foram sorteadas as ruas (dispondo de um mapa da região), no terceiro estágio fizemos o sorteio das casas (via amostragem sistemática). O próximo estágio é a seleção do entrevistado dentro da casa, onde o critério foi abordar um morador apto a votar no município pesquisado que atendesse à equipe de campo, observados os controles amostrais posteriormente aplicados, sendo este obrigatoriamente morador da residência e eleitor da cidade pesquisada. Na etapa seguinte foi realizado um controle das seguintes variáveis: sexo, idade, grau de instrução e nível econômico. Também adotamos p=50% para maximizar o tamanho da amostra. a) a amostra poderá ser ponderada levando em consideração a variável sexo da população da região formada pelos municípios de Roseira, Aparecida, Guaratinguetá, Potim, Cunha, Lorena, Piquete, Canas, Cachoeira Paulista, Cruzeiro, Lavrinhas, Queluz, Areias, Silveiras, São José do Barreiro, Arapeí e Bananal, sendo feminino: 52,62%; masculino: 47,38%; e não informado: 0,00%, conforme dados do TSE de Julho de 2026 e a variável idade sendo consideradas as faixas: 16 anos: 0,17%; 17 anos: 0,34%; 18 a 20 anos: 3,75%; 21 a 24 anos: 6,23%; 25 a 34 anos: 17,65%; 35 a 44 anos: 19,12%; 45 a 59 anos: 26,79%; 60 a 69 anos: 15,20%; e acima de 69 anos: 10,75% (TSE Julho de 2026). Quanto à variável grau de instrução, temos: ANALFABETO: 1,15%; LÊ E ESCREVE: 1,62%; ENSINO FUNDAMENTAL INCOMPLETO: 19,03%; ENSINO FUNDAMENTAL COMPLETO: 6,69%; ENSINO MÉDIO INCOMPLETO: 13,02%; ENSINO MÉDIO COMPLETO: 37,78%; SUPERIOR INCOMPLETO: 5,58% e SUPERIOR COMPLETO: 15,13% (TSE Julho de 2026). E para a variável renda, temos: Até 2 Salários Mínimos: 84,34%; 2 a 5 Salários Mínimos: 13,08%; 5 a 10 Salários Mínimos: 2,12%; e Acima de 10 Salários Mínimos: 0,46%, sendo a categoria ¿Sem rendimento¿ considerada dentro da faixa ¿Até 2 Salários Mínimos¿ (IBGE Censo 2022, https://sidra.ibge.gov.br/tabela/10296). Área física: região formada pelos municípios de Roseira, Aparecida, Guaratinguetá, Potim, Cunha, Lorena, Piquete, Canas, Cachoeira Paulista, Cruzeiro, Lavrinhas, Queluz, Areias, Silveiras, São José do Barreiro, Arapeí e Bananal, Estado de São Paulo, em domicílios particulares permanentemente ocupados e sorteados de maneira aleatória simples sem reposição. Margem de Erro: A margem de erro máxima prevista para o total da amostra é de 2,19 pontos percentuais para mais ou para menos, considerando um nível de confiança de 95%. Os intervalos de confiança serão calculados considerando os resultados obtidos para um nível de confiança de 95%. Fonte de Dados: TSE - Julho de 2026 e IBGE Censo 2022.";"Os pesquisadores envolvidos na realização desta pesquisa recebem treinamento especializado e instruções específicas de abordagem. O trabalho é feito com a equipe de entrevistadores e coordenadores de campo. Há fiscalização no ato da entrevista e os questionários são recolhidos e checados quanto ao correto preenchimento dos dados. Após os trabalhos de campo, os questionários são submetidos a uma fiscalização que consiste na verificação de 20% dos questionários aplicados individualmente pelos entrevistadores, para checagem das respostas. Internamente, todo o material é verificado, codificado, digitado e, antes do processamento final, realiza-se a conferência da digitação (consistência dos dados).";"EM ANEXO."
"28/09/2026";"05:46:54";2026;81;"Eleições Gerais 2026";"SP";"SP";"SÃO PAULO";"SP008992026";"2026-03-24 18:17:13";"S";"19259002000128";"ATLASINTEL TECNOLOGIA DE DADOS LTDA";"ATLASINTEL";"Governador, Senador";"2026-03-24 00:00:00";"2026-03-29 00:00:00";"2026-03-30 00:00:00";2200;"11220";"ANDREI CAMILO DOS SANTOS";"75000,00";"Pesquisa quantitativa com coleta aleatória via questionário estruturado web e pós-estratificação da amostra de acordo com as características do eleitorado de São Paulo.

";"Amostra aleatória pós-estratificada via algoritmo iterativo com quotas proporcionais, representando características do eleitorado de São Paulo: SEXO: Masculino: 46.7%; Feminino: 53.3%. FAIXA ETÁRIA: Entre 16 a 24 anos: 10.5%; Entre 25 a 34 anos: 18.2%; Entre 35 a 44 anos: 20.1%; Entre 45 a 59 anos: 26.5%; 60 ou mais: 24.5%. ESCOLARIDADE: Ensino Fundamental completo ou incompleto e eleitores sem educação formal: 26.4%; Ensino Médio completo ou incompleto: 42.5%; Ensino Superior completo ou incompleto: 31.0%. NÍVEL ECONÔMICO: Renda familiar mensal até R$2000: 14.5%; Mais de R$2.000 a R$3.000: 12.1%; Mais de R$3.000 a R$5.000: 23.5%; Mais de R$5.000 a R$10.000: 30.5%; Mais de R$10.000: 19.3%. OBS.: devido ao arredondamento, a soma dos percentuais pode variar de 99% a 101%. Na agregação final, para cada variável de ponderação, serão admissíveis desvios de até 2.0 pontos percentuais em relação às quotas estipuladas. Confiança estimada: 95%, margem de erro: +/- 2.0 pontos percentuais. FONTE DOS DADOS: PNADC 2024 para escolaridade e nível econômico | TSE 2026 para sexo e faixa etária.

";"Coleta feita com a utilização de questionário eletrônico com procedimentos específicos para o armazenamento seguro dos dados. São checados manualmente no mínimo 15% dos questionários para detectar possíveis anomalias. Pesquisadores especializados realizam internamente uma verificação exaustiva da consistência dos dados antes da divulgação dos resultados finais.";"#NULO#"
"28/09/2026";"05:46:54";2026;81;"Eleições Gerais 2026";"SP";"SP";"SÃO PAULO";"SP089392026";"2026-06-22 23:26:02";"S";"45613076000120";"INSTITUTO VOX BRASIL OPINIAO E PESQUISAS LTDA";"#NULO#";"Governador, Senador";"2026-06-25 00:00:00";"2026-06-27 00:00:00";"2026-06-28 00:00:00";1480;"9907";"GUILHERME COELHO NEVES";"50000,00";"Metodologia de pesquisa: Pesquisa do tipo quantitativo, por amostragem, com aplicação de questionário estruturado e abordagem pessoal em domicílios particulares permanentemente ocupados (de acordo com a definição do IBGE - Instituto Brasileiro de Geografia e Estatística). O conjunto do eleitorado do ESTADO de São Paulo com 16 anos ou mais foi tomado como universo da pesquisa.";"Tamanho da amostra: A amostra prevista é de 1480 entrevistas. Técnica de amostragem A amostra é aleatória, com base na estimativa da média populacional. Utilizamos a amostragem em mais de um estágio. No primeiro estágio dividimos o município em bairros/setores censitários (conglomerados), sendo os mesmos listados, onde foram sorteados aleatoriamente. No segundo estágio, foram sorteadas as ruas (dispondo de um mapa da região), no terceiro estágio fizemos o sorteio das casas (via amostragem sistemática). O quarto estágio foi a seleção do entrevistado dentro da casa, onde o critério adotado foi o da primeira pessoa que atendesse a equipe de pesquisa, sendo este obrigatoriamente morador da residência e eleitor da cidade pesquisada. Na etapa seguinte foi realizado um controle das seguintes variáveis: sexo, idade, grau de instrução e nível econômico. Também adotamos p=50% para maximizar o tamanho da amostra a) a amostra poderá ser ponderada levando em consideração a variável sexo da população do Estado de São Paulo sendo 46,7 % homens e 53,3 % mulheres, conforme dados do TSE de Janeiro de 2026 e a variável idade sendo consideradas as faixas: 16 anos:0,08%;17 anos:0,29%; 18 a 20 anos:3,72%; 21 a 24 anos: 6,46%; de 25 a 34 anos: 18,23%; de 35 a 44 anos: 20,15%, de 45 a 59 anos: 26,54%; de 60 a 69 anos: 13,49% e acima de 69 anos: 11,04% (TSE Janeiro 2026). Quanto à variável grau de instrução, temos: ANALFABETO: 1,72%; LÊ E ESCREVE: 2,93%; ENSINO FUNDAMENTAL INCOMPLETO: 17,83%; ENSINO FUNDAMENTAL COMPLETO:6,74%; ENSINO MÉDIO INCOMPLETO: 16,28%; ENSINO MÉDIO COMPLETO: 33,33%; SUPERIOR INCOMPLETO: 6,04% e SUPERIOR COMPLETO: 15,13%(TSE Janeiro 2026). E para a variável renda, temos: Até 2 Salários Mínimos: 75,86%; 2 a 5 Salários Mínimos:17,2%; 5 a 10 Salários Mínimos:4,68% e acima de 10 Salários Mínimos:2,26%( IBGE Censo 2010). OBSERVAÇÃO: CONFORME INFORMAÇÕES OBTIDAS DO INSTITUTO BRASILEIRO DE GEOGRAFIA E ESTATÍSTICA, O IBGE, NÃO DIVULGOU - E NÃO TEM PREVISÃO - DE DATA PARA DIVULGAÇÃO DO PERFIL ECONÔMICO (NÍVEL ECONÔMICO) DA POPULAÇÃO BRASILEIRA; PORTANTO, OS DADOS QUANTO AO NÍVEL ECONÔMICO OBTIDOS NO CENSO 2022, NÃO PODEM SER UTILIZADOS, POIS NÃO FORAM PUBLICADOS. Em relação à ponderação, devido à metodologia amostral adotada, os fatores de ponderação a serem aplicados em toda as variáveis (sexo, idade, grau de instrução e renda), assumem valor igual a 1(um). Área física: Estado de São Paulo em domicílios particulares permanentemente ocupados e sorteados de maneira aleatória simples sem reposição. Margem de Erro: A margem de erro máxima prevista para o total da amostra é de 2,55 pontos percentuais para mais ou para menos, considerando um nível de confiança de 95%. Os intervalos de confiança serão calculados considerando os resultados obtidos para um nível de confiança de 95%. Fonte de Dados: TSE- Janeiro 2026 e IBGE Censo 2010(SOMENTE A VARIÁVEL RENDA, CONFORME JUSTIFICATIVA ACIMA).";"Os pesquisadores envolvidos na realização desta pesquisa recebem treinamento especializado e instruções específicas de abordagem. O trabalho é realizado por equipes de entrevistadores e supervisores de campo. Há fiscalização no ato da entrevista e os questionários são recolhidos e checados quanto ao correto preenchimento dos dados. Após os trabalhos de campo, os questionários são submetidos a uma fiscalização que consiste na verificação de 20% dos questionários aplicados individualmente pelos entrevistadores, para checagem das respostas. Internamente, todo o material é verificado, codificado, digitado e, antes do processamento final, realiza-se a conferência da digitação (consistência dos dados).";"EM ANEXO."
"28/09/2026";"05:46:54";2026;81;"Eleições Gerais 2026";"SP";"SP";"SÃO PAULO";"SP091012026";"2026-07-01 23:07:27";"N";"52908063000144";"100% CIDADES PARTICIPACOES LTDA";"100 CIDADES";"Governador, Senador";"2026-07-03 00:00:00";"2026-07-06 00:00:00";"2026-07-07 00:00:00";1600;"8140";"FABIOLA MIRANDA VON RONDOW";"128000,00";"Pesquisa do tipo quantitativa, por amostragem, com aplicação de questionário estruturado realizado por meio telefônico. O universo da pesquisa é o eleitorado do Estado do São Paulo com 16 anos ou mais.";"Representativo do eleitorado da área em estudo. A amostra é estratificada por região de moradia, com base na população residente nos municípios. (Fonte dos Dados: Censo IBGE 2022). Dentro das localidades indicadas, os respondentes são selecionados aleatoriamente, considerando todo o território dos municípios abrangidos pela pesquisa, pelo sistema de cotas amostrais em função de variáveis significativas, a saber: Gênero: masculino 46,7%; feminino 53,3% (Fonte dos Dados: TSE- maio/2026 - https://sig.tse.jus.br/ords/dwapr/r/seai/sig-eleitor-eleitorado-mensal/cruzamento-eleitorado-mensal?p24_metricas=E&p24_back=1&clear=24&session=104186690708265 - cruzamento 1: Gênero); Faixa etária: 16 a 24 anos, 11,2%; 25 a 34 anos, 18,1%; 35 a 44 anos, 19,9%; 45 a 59 anos, 26,4%; 60 anos ou mais, 24,5% (Fonte dos Dados: TSE- maio /2026 - https://sig.tse.jus.br/ords/dwapr/r/seai/sig-eleitor-eleitorado-mensal/cruzamento-eleitorado-mensal?p24_metricas=E&p24_back=1&clear=24&session=104186690708265 - cruzamento 1: Faixa Etária); Para a variável grau de instrução, os dados são: analfabeto/lê e escreve, 4,5%; ensino fundamental incompleto, 17,5%; ensino fundamental completo, 6,6%; ensino médio incompleto, 16,7%; ensino médio completo, 33,4%; superior incompleto 6,1%; superior completo, 15,0%  (Fonte dos dados: maio /2026 - https://sig.tse.jus.br/ords/dwapr/r/seai/sig-eleitor-eleitorado-mensal/cruzamento-eleitorado-mensal?p24_metricas=E&p24_back=1&clear=24&session=104186690708265 - cruzamento 1: Grau de instrução); Para a variável nível econômico, a renda familiar: Sem rendimento/até 1 salário-mínimo 12,2%; acima de 1 a 2 salários-mínimos 18,6%; acima de 2 a 5 salários-mínimos 38,7%; acima de 5 a 10 salários-mínimos 19,5%; acima de 10 salários-mínimos 11% (Fonte dos dados: Censo IBGE/2010 - https://cidades.ibge.gov.br/brasil/sp/pesquisa/23/24304). Observação: De acordo com informações do Instituto Brasileiro de Geografia e Estatística (IBGE), não há previsão de data para a divulgação do perfil econômico da população brasileira do CENSO 2022. Portanto, considerando que os dados sobre o nível econômico obtidos no Censo 2022 ainda não foram publicados, adotou-se para essa variável os dados disponíveis do Censo IBGE/2010. Está prevista eventual ponderação para correção das variáveis gênero, idade e grau de instrução com base nos percentuais anteriormente mencionados, caso ocorram diferenças superiores a 3 pontos percentuais entre o previsto na amostra e a coleta de dados realizada. Para a variável nível econômico do entrevistado, o fator previsto para ponderação é 1 (resultados obtidos em campo). O tamanho da amostra previsto é de 1600 entrevistas. O nível de confiança estimado é de 95% e a margem de erro máxima estimada considerando um modelo de amostragem aleatório simples, é de 2,4 pontos percentuais para mais ou para menos sobre os resultados encontrados no total da amostra. Os intervalos de confiança serão calculados considerando os resultados obtidos para um nível de confiança de 95%. FONTE DOS DADOS: Censo IBGE (2010 e 2022) | TSE (eleitorado de maio / 2026).";"As entrevistas serão realizadas por uma equipe de entrevistadores qualificados, que receberão treinamento e orientações especificas sobre o questionário e os objetivos da pesquisa, antes de iniciarem a coleta. Durante todo o período de aplicação das entrevistas, os entrevistadores serão monitorados recebendo apoio ou orientações de uma equipe de supervisores, com experiência e treinamento em pesquisas de opinião pública. Serão checados no mínimo 20% (vinte por cento) dos questionários aplicados por cada entrevistador, para a verificação das respostas e adequação dos entrevistados aos parâmetros amostrais. Os dados coletados e tratados nesta pesquisa atendem às exigências da Lei nº 13.709, de 14 de agosto de 2018, a Lei Geral de Proteção de Dados ¿ LGPD, garantindo ao respondente o sigilo de sua identidade e de seus dados pessoais, bem como o correto tratamento de suas respostas.";"A área de abrangência da coleta é o Estado de São Paulo. A relação dos municípios selecionados para a pesquisa constará em anexo a ser apresentado até o dia seguinte, a partir do dia em que a pesquisa puder ser divulgada, conforme as Resoluções 23.600/2019, no art. 2º; §7º e 23.727/2024 do TSE."
"28/09/2026";"05:46:54";2026;81;"Eleições Gerais 2026";"SP";"SP";"SÃO PAULO";"SP067532026";"2026-09-22 17:25:14";"N";"52908063000144";"100% CIDADES PARTICIPACOES LTDA";"100 CIDADES";"Governador, Senador";"2026-09-22 00:00:00";"2026-09-26 00:00:00";"2026-09-28 00:00:00";1600;"8140";"FABIOLA MIRANDA VON RONDOW";"128000,00";"Pesquisa do tipo quantitativa, por amostragem, com aplicação de questionário estruturado realizado por meio telefônico. O universo da pesquisa é o eleitorado do Estado de São Paulo com 16 anos ou mais. Dentro das localidades indicadas, os respondentes são selecionados aleatoriamente, considerando todo o território e a totalidade dos respectivos bairros dos Municípios abrangidos pela pesquisa, pelo sistema de cotas amostrais em função de variáveis significativas.";"Representativo do eleitorado da área em estudo. A amostra é estratificada por região de moradia, com base na população residente em quaisquer dos bairros ou áreas dos Municípios abrangidos pela pesquisa. (Fonte dos Dados: Censo IBGE 2022). Dentro da área de abrangência da pesquisa, os respondentes são selecionados aleatoriamente com o auxílio de computador pelo sistema de cotas amostrais em função de variáveis significativas, a saber: Gênero: masculino 46,7%; feminino 53,3% (Fonte dos Dados: TSE- agosto/2026 - https://sig.tse.jus.br/ords/dwapr/r/seai/sig-eleitor-eleitorado-mensal/cruzamento-eleitorado-mensal?p24_metricas=E&p24_back=1&clear=24&session=200358050302958 - cruzamento 1: Gênero); Faixa etária: 16 a 24 anos, 10,7%; 25 a 34 anos, 18,0%; 35 a 44 anos, 19,7%; 45 a 59 anos, 26,6%; 60 anos ou mais, 25,0% (Fonte dos Dados: TSE- agosto /2026 - https://sig.tse.jus.br/ords/dwapr/r/seai/sig-eleitor-eleitorado-mensal/cruzamento-eleitorado-mensal?p24_metricas=E&p24_back=1&clear=24&session=200358050302958 - cruzamento 1: Faixa Etária); Para a variável grau de instrução, os dados são: Até Ensino Fundamental Completo, 26,0%; Ensino Médio incompleto ou completo, 43,5%; Ensino superior incompleto ou mais, 30,4% (Fonte dos dados: PNAD continua 2º trimestre de 2026); Para a variável nível econômico, a renda familiar: Sem rendimento/até 1 salário-mínimo 12,2%; acima de 1 a 2 salários-mínimos 18,6%; acima de 2 a 5 salários-mínimos 38,7%; acima de 5 a 10 salários-mínimos 19,5%; acima de 10 salários-mínimos 11,0% (Fonte dos dados: Censo IBGE/2010 - https://cidades.ibge.gov.br/brasil/sp/pesquisa/23/24304). Observação: De acordo com informações do Instituto Brasileiro de Geografia e Estatística (IBGE), não há previsão de data para a divulgação do perfil econômico da população brasileira do CENSO 2022. Portanto, considerando que os dados sobre o nível econômico obtidos no Censo 2022 ainda não foram publicados, adotou-se para essa variável os dados disponíveis do Censo IBGE/2010. Está prevista eventual ponderação para correção das variáveis gênero, idade e grau de instrução com base nos percentuais anteriormente mencionados, caso ocorram diferenças superiores a 3 pontos percentuais entre o previsto na amostra e a coleta de dados realizada. Para a variável nível econômico do entrevistado, o fator previsto para ponderação é 1 (resultados obtidos em campo). O tamanho da amostra previsto é de 1600 entrevistas. O nível de confiança estimado é de 95% e a margem de erro máxima estimada considerando um modelo de amostragem aleatório simples, é de 2,4 pontos percentuais para mais ou para menos sobre os resultados encontrados no total da amostra. Os intervalos de confiança serão calculados considerando os resultados obtidos para um nível de confiança de 95%. FONTE DOS DADOS: Censo IBGE (2010 e 2022) | TSE (eleitorado de agosto / 2026) | PNAD continua 2º trimestre de 2026.";"As entrevistas serão realizadas por uma equipe de entrevistadores qualificados, que receberão treinamento e orientações especificas sobre o questionário e os objetivos da pesquisa, antes de iniciarem a coleta. Durante todo o período de aplicação das entrevistas, os entrevistadores serão monitorados recebendo apoio ou orientações de uma equipe de supervisores, com experiência e treinamento em pesquisas de opinião pública. Serão checados no mínimo 20% (vinte por cento) dos questionários aplicados por cada entrevistador, para a verificação das respostas e adequação dos entrevistados aos parâmetros amostrais. Os dados coletados e tratados nesta pesquisa atendem às exigências da Lei nº 13.709, de 14 de agosto de 2018, a Lei Geral de Proteção de Dados ¿ LGPD, garantindo ao respondente o sigilo de sua identidade e de seus dados pessoais, bem como o correto tratamento de suas respostas.";"A área de abrangência da coleta é o Estado de São Paulo. A relação dos Municípios cuja totalidade do território e respectivos bairros foram selecionados como área de abrangência para a pesquisa constará em anexo a ser apresentado até o dia seguinte, a partir do dia em que a pesquisa puder ser divulgada, conforme as Resoluções 23.600/2019, no art. 2º; §7º e 23.727/2024 do TSE."
"28/09/2026";"05:46:54";2026;81;"Eleições Gerais 2026";"SP";"SP";"SÃO PAULO";"SP046792026";"2026-01-21 17:34:38";"N";"52908063000144";"100% CIDADES PARTICIPACOES LTDA";"100 CIDADES";"Governador, Senador";"2026-01-20 00:00:00";"2026-01-23 00:00:00";"2026-01-27 00:00:00";1200;"8140";"Fabíola Miranda von Rondow";"96000,00";"Pesquisa do tipo quantitativa, por amostragem, com aplicação de questionário estruturado realizado por meio telefônico. O universo da pesquisa é o eleitorado do Estado de São Paulo com 16 anos ou mais.";"Representativo do eleitorado da área em estudo. A amostra é estratificada por região de moradia, com base na população residente nos municípios, onde as entrevistas serão realizadas pelo método PPT (Probabilidade Proporcional ao Tamanho) - (Fonte dos Dados: Censo IBGE 2022). Dentro das localidades, os respondentes são selecionados através de quotas amostrais proporcionais em função de variáveis significativas, a saber: Gênero: masculino 46,7%; feminino 53,3% (Fonte dos Dados: TSE- dezembro/2025 - https://sig.tse.jus.br/ords/dwapr/r/seai/sig-eleitor-eleitorado-mensal/cruzamento-eleitorado-mensal?p24_metricas=E&p24_back=1&clear=24&session=109352824939597 - cruzamento 1: Gênero); Faixa etária: 16 a 24 anos, 10,4%; 25 a 34 anos, 18,3%; 35 a 44 anos, 20,2%; 45 a 59 anos, 26,6%; 60 anos ou mais, 24,5% (Fonte dos Dados: TSE- dezembro/2025 - https://sig.tse.jus.br/ords/dwapr/r/seai/sig-eleitor-eleitorado-mensal/cruzamento-eleitorado-mensal?p24_metricas=E&p24_back=1&clear=24&session=109352824939597 - cruzamento 1: Faixa Etária); Para a variável grau de instrução, os dados são: Até Ensino Fundamental Completo, 29,3%; Ensino Médio incompleto ou completo, 49,5%; Ensino superior incompleto ou mais, 21,2% (Fonte dos dados: TSE-dezembro/2025 - https://sig.tse.jus.br/ords/dwapr/r/seai/sig-eleitor-eleitorado-mensal/cruzamento-eleitorado-mensal?p24_metricas=E&p24_back=1&clear=24&session=109352824939597 - cruzamento 1: Grau de instrução); Para a variável nível econômico, a renda familiar: Sem rendimento/até 1 salário-mínimo 12,2%; acima de 1 a 2 salários-mínimos 18,6%; acima de 2 a 5 salários-mínimos 38,7%; acima de 5 a 10 salários-mínimos 19,5%; acima de 10 salários-mínimos 11,0% (Fonte dos dados: Censo IBGE/2010 - https://cidades.ibge.gov.br/brasil/sp/pesquisa/23/24304). Observação: De acordo com informações do Instituto Brasileiro de Geografia e Estatística (IBGE), não há previsão de data para a divulgação do perfil econômico da população brasileira do CENSO 2022. Portanto, considerando que os dados sobre o nível econômico obtidos no Censo 2022 ainda não foram publicados, adotou-se para essa variável os dados disponíveis do Censo IBGE/2010. Está prevista eventual ponderação para correção das variáveis gênero, idade e grau de instrução com base nos percentuais anteriormente mencionados, caso ocorram diferenças superiores a 3 pontos percentuais entre o previsto na amostra e a coleta de dados realizada. Para a variável nível econômico do entrevistado, o fator previsto para ponderação é 1 (resultados obtidos em campo). O tamanho da amostra previsto é de 1200 entrevistas. O nível de confiança estimado é de 95% e a margem de erro máxima estimada considerando um modelo de amostragem aleatório simples, é de 2,8 pontos percentuais para mais ou para menos sobre os resultados encontrados no total da amostra. Os intervalos de confiança serão calculados considerando os resultados obtidos para um nível de confiança de 95%. FONTE DOS DADOS: Censo IBGE (2010 e 2022) | TSE (eleitorado de dezembro / 2025).";"As entrevistas serão realizadas por uma equipe de entrevistadores qualificados, que receberão treinamento e orientações especificas sobre o questionário e os objetivos da pesquisa, antes de iniciarem a coleta. Durante todo o período de aplicação das entrevistas, os entrevistadores serão monitorados recebendo apoio ou orientações de uma equipe de supervisores, com experiência e treinamento em pesquisas de opinião pública. Serão checados no mínimo 20% (vinte por cento) dos questionários aplicados por cada entrevistador, para a verificação das respostas e adequação dos entrevistados aos parâmetros amostrais. Os dados coletados e tratados nesta pesquisa atendem às exigências da Lei nº 13.709, de 14 de agosto de 2018, a Lei Geral de Proteção de Dados ? LGPD, garantindo ao respondente o sigilo de sua identidade e de seus dados pessoais, bem como o correto tratamento de suas respostas.";"A área de abrangência da coleta é o Estado de São Paulo. A relação dos municípios selecionados para a pesquisa constará em anexo a ser apresentado até o dia seguinte, a partir do dia em que a pesquisa puder ser divulgada, conforme as Resoluções 23.600/2019, no art. 2º; §7º e 23.727/2024 do TSE."
"28/09/2026";"05:46:54";2026;81;"Eleições Gerais 2026";"SP";"SP";"SÃO PAULO";"SP054192026";"2026-08-18 22:29:07";"S";"00654576000172";"INSTITUTO VERITA LTDA";"VERITA";"Governador, Senador";"2026-08-19 00:00:00";"2026-08-23 00:00:00";"2026-08-24 00:00:00";3025;"10699";"Guilherme Alvarenga Laia";"232925,00";"Estudo quantitativo voltado às Eleições 2026, realizado por meio de entrevistas individuais, aplicadas mediante questionário eletrônico estruturado e Unidade Automatizada de Respostas Audíveis e Auditáveis, por meio de ligações para telefones móveis (celulares). A inteligência artificial é empregada exclusivamente para a transcrição automatizada das respostas em áudio, não interferindo na formulação das perguntas, na condução das entrevistas, na coleta das informações, na interpretação das respostas ou no tratamento estatístico dos dados.

A participação dos eleitores é voluntária, espontânea e não remunerada. As respostas são prestadas por autodeclaração, sendo, em sua maioria, registradas por meio de códigos numéricos correspondentes às alternativas previamente definidas no questionário.

A utilização de sistema eletrônico automatizado para a coleta e o registro das respostas proporciona elevado nível de padronização operacional, reduz a possibilidade de interferência humana durante a realização das entrevistas, amplia a rastreabilidade e a auditabilidade de todo o processo de coleta e contribui para maior precisão, consistência e confiabilidade dos dados obtidos.

O plano amostral foi elaborado para assegurar a representatividade estatística do eleitorado da respectiva Unidade da Federação, observando critérios técnicos de seleção, distribuição e ponderação da amostra, quando aplicáveis.
";"A pesquisa foi planejada para produzir uma amostra estatisticamente representativa do eleitorado do estado DE SÃO PAULO, utilizando o método de Probabilidade Proporcional ao Tamanho (PPT), com plano amostral em múltiplos estágios. Na primeira etapa, esta Unidade da Federação é dividida em macrorregiões, de forma a assegurar adequada distribuição territorial da amostra e representação das diferentes características geográficas, demográficas e eleitorais. Na segunda etapa, os municípios de cada estrato são ordenados segundo seu porte populacional e eleitoral e sorteados. Na terceira etapa, os respondentes são selecionados entre os eleitores aptos residentes nos municípios sorteados, observando-se a distribuição proporcional da amostra e as cotas estabelecidas para as variáveis de sexo, faixa etária, grau de instrução e nível econômico. As cotas são estabelecidas para a pesquisa completa, considerando a composição do eleitorado e os parâmetros oficiais de referência, não sendo aplicadas isoladamente a cada município selecionado.

SEXO E FAIXA ETÁRIA - Fonte: Tribunal Superior Eleitoral (TSE), Perfil do Eleitorado, junho de 2026. Feminino de 16 a 34 anos: 15%; Masculino de 16 a 34 anos: 14,2%; Feminino de 35 a 54 anos: 20,2%; Masculino de 35 a 54 anos: 18,1%; Feminino com 55 anos ou mais: 18%; Masculino com 55 anos ou mais: 14,4%. Os parâmetros de sexo e idade têm como referência o cadastro eleitoral brasileiro atualizado pelo Tribunal Superior Eleitoral, considerando o universo de eleitores aptos com 16 anos ou mais.

GRAU DE INSTRUÇÃO - Fonte: IBGE - Pesquisa Nacional por Amostra de Domicílios Contínua - PNAD Contínua, 1º trimestre de 2026. A distribuição é: sem instrução 2,9%; ensino fundamental incompleto ou equivalente 19,4%; ensino fundamental completo ou equivalente 7,3%; ensino médio incompleto ou equivalente 4,1%; ensino médio completo ou equivalente 35,1%; ensino superior incompleto ou equivalente 4,2%; ensino superior completo 27%. A PNAD Contínua é utilizada como referência por constituir a fonte oficial mais atualizada para a mensuração do nível de instrução da população brasileira, sua utilização também corrige limitações decorrentes da ausência de atualização obrigatória e contínua das informações de escolaridade no cadastro eleitoral do Tribunal Superior Eleitoral.

NÍVEL ECONÔMICO - RENDA FAMILIAR DO DOMICÍLIO - Fonte: IBGE - PNAD Contínua Anual 2025, 1ª visita.  Considera-se a renda domiciliar total, compreendendo rendimentos provenientes de trabalho formal e informal, aposentadorias, pensões, benefícios sociais e demais fontes de renda existentes no domicílio.  observando-se a seguinte distribuição: renda familiar de até 2 salários-mínimos 29,5%; de 2 a 5 salários-mínimos 41,5%, acima de 5 salários-mínimos 29%.

PONDERAÇÃO E CALIBRAÇÃO DA AMOSTRA - Prevê-se eventual ponderação das variáveis de sexo, faixa etária, grau de instrução e nível econômico, caso sejam verificadas diferenças relevantes entre a distribuição da amostra efetivamente coletada e os parâmetros populacionais de referência adotados. Inicialmente, o fator de ponderação é igual a 1 (um), podendo ser recalculado sempre que necessário para assegurar a representatividade estatística da amostra.
INTERVALO DE CONFIANÇA E MARGEM DE ERRO - O intervalo de confiança adotado é de 95%, com margem máxima estimada de erro de aproximadamente 2  pontos percentuais, para mais ou para menos, sobre os resultados do total da amostra, calculada segundo o modelo de amostragem aleatória simples e a hipótese de máxima variabilidade.
";"Após os trabalhos de coleta de dados, os questionários são submetidos a uma fiscalização, conferência e checagem de cerca de 20% (vinte por cento) dos questionários aplicados. Todas as entrevistas são integralmente registradas em áudio, permanecendo auditáveis e rastreáveis, permitindo a verificação da integridade do processo de coleta, preservado o sigilo das informações pessoais dos entrevistados e observadas as disposições da Lei Geral de Proteção de Dados Pessoais (Lei nº 13.709/2018).";"Em observância ao art. 2º, § 7º, da Resolução TSE nº 23.600/2019, com redação dada pela Resolução TSE nº 23.747/2026, a presente pesquisa terá seu registro complementado no Sistema de Registro de Pesquisas Eleitorais a partir da data em que sua divulgação for permitida e até o dia seguinte, com a identificação dos municípios em que foram realizadas as entrevistas, bem como da composição final da amostra quanto a gênero, idade, grau de instrução e nível econômico, na forma exigida pela legislação eleitoral vigente."
"28/09/2026";"05:46:54";2026;81;"Eleições Gerais 2026";"SP";"SP";"SÃO PAULO";"SP080902026";"2026-09-05 20:01:28";"S";"81908345000140";"INSTITUTO PARANA DE PESQUISAS E ANALISE DE CONSUMIDOR LTDA";"#NULO#";"Governador, Senador";"2026-09-07 00:00:00";"2026-09-10 00:00:00";"2026-09-11 00:00:00";1680;"10245 - 4ª";"Tatiani Cristina Ara";"50000,00";"Pesquisa com metodologia quantitativa, com a realização de entrevistas pessoais, domiciliares e presenciais, utilizando questionário estruturado junto a uma amostra representativa do eleitorado do Estado de São Paulo.";"""A amostra será representativa do eleitorado da área pesquisada e será selecionada em três etapas. Na primeira etapa realiza-se um sorteio probabilístico dos municípios onde as entrevistas serão realizadas através do método PPT (Probabilidade Proporcional ao Tamanho), considerando a população eleitora com 16 anos ou mais residente nos municípios como base para essa seleção. Na segunda etapa, faz-se um sorteio probabilístico das localidades, onde as entrevistas serão realizadas, através do método PPT (Probabilidade Proporcional ao Tamanho), tomando a população eleitora de 16 anos ou mais residente nas localidades como base para essa seleção. Na terceira etapa, a seleção do entrevistado dentro da localidade, será feita utilizando-se quotas amostrais proporcionais, em função das seguintes variáveis:
GÊNERO: TSE Agosto 2026 (https://sig.tse.jus.br/ords/dwapr/r/seai/sig-eleitor-eleitorado-mensal/cruzamento-eleitorado-mensal?p24_metricas=E&p24_back=22&p24_cruzamento_1=ds_sexo&clear=24&p0_uf=SP&p0_mes=8&debug=LEVEL5&session=312990078978641)
Masculino - 47%; |
Feminino - 53%; |
FAIXA ETÁRIA: TSE Agosto 2026 (https://sig.tse.jus.br/ords/dwapr/r/seai/sig-eleitor-eleitorado-mensal/cruzamento-eleitorado-mensal?p24_cruzamento_1=ds_faixa_etaria&p24_metricas=E&p24_back=22&clear=24&p0_uf=SP&p0_mes=8&debug=LEVEL5&session=8904950028837)
Entre 16 e 24 anos: 11%; |
Entre 25 e 34 anos: 18%; |
Entre 35 e 44 anos: 20%; |
Entre 45 e 59 anos: 26%; |
Com 60 anos ou mais: 25%; |
ESCOLARIDADE: TSE Agosto 2026 (https://sig.tse.jus.br/ords/dwapr/r/seai/sig-eleitor-eleitorado-mensal/cruzamento-eleitorado-mensal?p24_cruzamento_1=ds_grau_instrucao&p24_metricas=E&p24_back=22&clear=24&p0_uf=SP&p0_mes=8&debug=LEVEL5&session=309383598034615) Observação: Conforme informações obtidas no site do Tribunal Superior Eleitoral, o TSE, (https://dadosabertos.tse.jus.br/group/about/eleitorado) """"Os registros de grau de escolaridade podem apresentar dados defasados, pois refletem a situação do eleitor na ocasião do cadastramento.""""
De analfabeto até ensino fundamental completo: 29%; |
Ensino médio incompleto ou completo: 50% |
Ensino superior incompleto ou completo: 21% |
RENDA DOMICILIAR MENSAL: (https://cidades.ibge.gov.br/brasil/sp/pesquisa/23/24304) IBGE - Censo 2010. Observação: Conforme informações obtidas do Instituto Brasileiro de Geografia e Estatística, o IBGE, não divulgou - e não tem previsão - de data para divulgação do perfil econômico (nível econômico) da população brasileira; portanto, os dados quanto ao nível econômico obtidos no Censo 2022, não podem ser utilizados, pois não foram publicados. (https://censo2022.ibge.gov.br/panorama/)
Sem rendimentos até 2 salários mínimos: 31% |
Mais de 2 a 5 salários mínimos: 39% |
Mais de 5 salários mínimos: 30% |
Está prevista eventual ponderação para correção das variáveis gênero e faixa etária, com base nos percentuais acima apresentados, caso ocorram diferenças superiores a 3,0 (três) pontos percentuais entre o previsto na amostra e a coleta realizada; para as variáveis escolaridade e renda domiciliar mensal, o fator de ponderação é igual a 1 (resultados obtidos no campo). O nível de confiança estimado é de 95% (noventa e cinco por cento) para uma margem de erro estimada, considerando uma técnica de amostragem aleatória simples, de aproximadamente 2,4 (dois vírgula quatro) pontos percentuais para mais ou para menos sobre os resultados obtidos.""


";"""As entrevistas serão conduzidas por uma equipe de entrevistadores e supervisores devidamente qualificados pelo Instituto Paraná Pesquisas, todos com experiência e treinamento específico em pesquisas de opinião pública.
Controle: O controle do processo será realizado por meio de um software de coleta de dados.
Conferência e Fiscalização: Durante a coleta de dados os questionários aplicados são fiscalizados e conferidos através de um supervisor.
Adicionalmente, pelo menos 30% dos questionários passarão por uma verificação posterior, que avaliará a precisão na aplicação e a adequação dos entrevistados às variáveis das quotas amostrais. Ou seja, no mínimo 504 entrevistas desta pesquisa serão auditadas pela equipe de qualidade do Instituto Paraná Pesquisas, podendo essa auditoria ser solicitada ao Instituto a qualquer momento.
Verificação: Após a coleta, os questionários passam por uma etapa de verificação e validação dos dados, para garantir a integridade e precisão dos dados coletados.""


";"""A pesquisa será realizada no Estado de São Paulo, a relação dos dados relativos aos municípios e às localidades será apresentado até o dia seguinte à data a partir da qual a pesquisa puder ser divulgada, conforme §7º do art. 2º da Resolução-TSE nº. 23.600/2019""

"
"28/09/2026";"05:46:54";2026;81;"Eleições Gerais 2026";"SP";"SP";"SÃO PAULO";"SP009252026";"2026-09-21 21:53:07";"N";"34972238000109";"AMERICAN ANALYTICS DO BRASIL CONSULTORIA LTDA";"AMERICAN ANALYTICS";"Deputado Federal, Deputado Estadual";"2026-09-22 00:00:00";"2026-09-25 00:00:00";"2026-09-27 00:00:00";600;"11564";"GIOVANA RILLARY DA SILVA ROCHA";"10000,00";"Pesquisa quantitativa, com realização de entrevistas pessoais e aplicação de questionário estruturado junto a uma amostra representativa do eleitorado do MUNICIPIO DE JUNDIAI - SP.";"A amostra será representativa do eleitorado da área de abrangência da pesquisa e será selecionada em três estágios. No primeiro estágio, será realizado o sorteio probabilístico dos municípios onde as entrevistas serão realizadas, por meio do método PPT (Probabilidade Proporcional ao Tamanho), considerando a população eleitora com 16 anos ou mais residente nos municípios como base para essa seleção. No segundo estágio, será realizado o sorteio probabilístico dos setores censitários onde as entrevistas serão realizadas, também por meio do método PPT (Probabilidade Proporcional ao Tamanho), tomando como base a população eleitora de 16 anos ou mais residente nos respectivos setores censitários. No terceiro estágio, a seleção do entrevistado dentro de cada setor censitário será feito por meio de cotas amostrais proporcionais, considerando as seguintes variáveis : GÊNERO: TSE -Agosto de 2026 (Inserir link da fonte) FEMININO 53,18% ;
MASCULINO 46,82% ;
FAIXA ETÁRIA: TSE - agosto de 2026 (Inserir link da fonte) 16 a 24 anos 10,19% ;
25 a 34 anos 16,03% ;
35 a 44 anos 20,08% ;
45 a 59 anos 27,26% ;
60 anos ou mais 26,44% ;
ESCOLARIDADE: TSE - agosto de 2026 Sem Instrução até ensino fundamental completo: 23,96%
; | Ensino médio incompleto ou completo: 45,57%; |Ensino superior incompleto ou completo: 30,47% ;| RENDA DOMICILIAR MENSAL: IBGE - Censo 2.010 - (Inserir link da fonte) Sem rendimentos até 2 salários mínimos: 19,43%
;| Mais de 2 a 5 salários mínimos: 36,13%; | Mais de 5 salários mínimos: _44,44%. Observação: Conforme informações obtidas do Instituto Brasileiro de Geografia e Estatística - IBGE, o instituto não divulgou e não tem previsão de data para divulgação do perfil econômico (nível econômico) da população brasileira; portanto, os dados quanto ao nível econômico obtidos no Censo 2022 não podem ser utilizados, pois não foram publicados. (https://censo2022.ibge.gov.br/panorama/). Está prevista eventual ponderação para correção das variáveis gênero e faixa etária, com base nos percentuais acima apresentados, caso ocorram diferenças superiores a MARGEM DE ERRO definida entre a amostra prevista e a coleta realizada. Para as variáveis escolaridade e renda domiciliar mensal, o fator de ponderação será igual a 1, considerando-se os resultados obtidos em campo. Dentro do público-alvo anteriormente descrito, serão realizadas 600 (seiscentas) entrevistas. O nível de confiança estimado é de 95% para uma margem de erro estimada, considerando uma técnica de amostragem aleatória simples (AAS), de aproximadamente 4,0 pontos percentuais para mais ou para menos sobre os resultados obtidos.";"Para a realização da pesquisa, serão conduzidas uma equipe de entrevistadores e supervisores credenciados e devidamente treinados pela empresa para esse tipo de pesquisa. Após os trabalhos de coleta dos dados, 100% dos questionários são criticados e passam por uma fiscalização de cerca de 20% (vinte por cento) dos questionários aplicados por cada entrevistador; passam por uma etapa de verificação da consistência das respostas e da adequação dos entrevistados aos parâmetros amostrais.";"#NULO#"
"28/09/2026";"05:46:54";2026;81;"Eleições Gerais 2026";"SP";"SP";"SÃO PAULO";"SP070792026";"2026-09-27 12:57:22";"S";"45613076000120";"INSTITUTO VOX BRASIL OPINIAO E PESQUISAS LTDA";"#NULO#";"Governador, Senador, Deputado Federal, Deputado Estadual";"2026-09-28 00:00:00";"2026-10-01 00:00:00";"2026-10-03 00:00:00";2000;"9907";"GUILHERME COELHO NEVES";"20000,00";"Pesquisa do tipo quantitativo, por amostragem, com aplicação de questionário estruturado e abordagem pessoal em domicílios particulares permanentemente ocupados, de acordo com a definição do IBGE ¿ Instituto Brasileiro de Geografia e Estatística. O conjunto do eleitorado da Região do ABC Paulista, no Estado de São Paulo, com 16 anos ou mais, foi tomado como universo da pesquisa. A região considerada é composta pelos municípios de Diadema, Mauá, Ribeirão Pires, Rio Grande da Serra, Santo André, São Bernardo do Campo e São Caetano do Sul.";"Tamanho da amostra: A amostra prevista é de 2.000 entrevistas. A Técnica de amostragem: Amostragem por Conglomerados em Múltiplos Estágios com Controle de Cotas na Seleção do Respondente. Utilizamos a amostragem em mais de um estágio. No primeiro estágio dividimos o município em bairros/setores censitários (conglomerados), sendo os mesmos listados, onde foram sorteados aleatoriamente. No segundo estágio, foram sorteadas as ruas (dispondo de um mapa da região), no terceiro estágio fizemos o sorteio das casas (via amostragem sistemática. O próximo estágio é a seleção do entrevistado dentro da casa, onde o critério foi abordar um morador apto a votar no município que atendesse à equipe de campo, observados os controles amostrais posteriormente aplicados, sendo este obrigatoriamente morador da residência e eleitor da cidade pesquisada. Na etapa seguinte foi realizado um controle das seguintes variáveis: sexo, idade, grau de instrução e nível econômico. Também adotamos p=50% para maximizar o tamanho da amostra a) a amostra poderá ser ponderada levando em consideração a variável sexo da população da Região do ABC Paulista, sendo 46,47% homens e 53,53% mulheres, conforme dados do TSE de abril de 2026. A variável idade considerou as seguintes faixas: 16 anos: 0,13%; 17 anos: 0,38%; 18 a 20 anos: 3,69%; 21 a 24 anos: 6,14%; de 25 a 34 anos: 17,65%; de 35 a 44 anos: 20,18%; de 45 a 59 anos: 26,75%; de 60 a 69 anos: 13,28%; e acima de 69 anos: 11,80% (TSE, abril de 2026). Quanto à variável grau de instrução, temos: ANALFABETO: 1,29%; LÊ E ESCREVE: 2,97%; ENSINO FUNDAMENTAL INCOMPLETO: 15,94%; ENSINO FUNDAMENTAL COMPLETO: 6,42%; ENSINO MÉDIO INCOMPLETO: 17,91%; ENSINO MÉDIO COMPLETO: 33,80%; SUPERIOR INCOMPLETO: 6,18%; e SUPERIOR COMPLETO: 15,49% (TSE, abril de 2026).
E para a variável renda, calculada pela consolidação das informações das sete cidades do ABC Paulista, temos: Até 2 Salários Mínimos: 73,51%; 2 a 5 Salários Mínimos: 21,03%; 5 a 10 Salários Mínimos: 4,37%; e acima de 10 Salários Mínimos: 1,09% (IBGE, Censo 2022-https://sidra.ibge.gov.br/).
Área física: Região do ABC Paulista, Estado de São Paulo, compreendendo os municípios de Diadema, Mauá, Ribeirão Pires, Rio Grande da Serra, Santo André, São Bernardo do Campo e São Caetano do Sul, em domicílios particulares permanentemente ocupados e sorteados de maneira aleatória simples sem reposição.
A margem de erro máxima prevista para o total da amostra é de 2,2 pontos percentuais, para mais ou para menos, considerando um nível de confiança de 95%. Os intervalos de confiança serão calculados considerando os resultados obtidos para um nível de confiança de 95%. Fonte de dados: TSE ¿ abril de 2026 e IBGE ¿ Censo 2022(https://sidra.ibge.gov.br/).";"Os pesquisadores envolvidos na realização desta pesquisa recebem treinamento especializado e instruções específicas de abordagem. O trabalho é feito com a equipe e coordenadores de campo. Há fiscalização no ato da entrevista e os questionários são recolhidos e checados quanto ao correto preenchimento dos dados. Após os trabalhos de campo, os questionários são submetidos a uma fiscalização que consiste na verificação de 20% dos questionários aplicados individualmente pelos entrevistadores, para checagem das respostas. Internamente, todo o material é verificado, codificado, digitado e, antes do processamento final, realiza-se a conferência da digitação, por meio de consistência dos dados.";"EM ANEXO."
"28/09/2026";"05:46:54";2026;81;"Eleições Gerais 2026";"SP";"SP";"SÃO PAULO";"SP073772026";"2026-09-23 11:06:37";"S";"45613076000120";"INSTITUTO VOX BRASIL OPINIAO E PESQUISAS LTDA";"#NULO#";"Governador, Deputado Federal, Deputado Estadual";"2026-09-27 00:00:00";"2026-09-28 00:00:00";"2026-09-29 00:00:00";1200;"9907";"GUILHERME COELHO NEVES";"10000,00";"Pesquisa do tipo quantitativo, por amostragem, com aplicação de questionário estruturado e abordagem pessoal em domicílios particulares permanentemente ocupados (de acordo com a definição do IBGE - Instituto Brasileiro de Geografia e Estatística). O conjunto do eleitorado de Presidente Prudente, Estado de São Paulo, com 16 anos ou mais foi tomado como universo da pesquisa.";"Tamanho da amostra: A amostra prevista é de 1.200 entrevistas. Técnica de amostragem: A amostra é aleatória, com base na estimativa da média populacional. Utilizamos a amostragem em mais de um estágio. No primeiro estágio dividimos o município em bairros/setores censitários (conglomerados), sendo os mesmos listados, onde foram sorteados aleatoriamente. No segundo estágio, foram sorteadas as ruas (dispondo de um mapa da região), no terceiro estágio fizemos o sorteio das casas (via amostragem sistemática). O próximo estágio é a seleção do entrevistado dentro da casa, onde o critério foi abordar um morador apto a votar no município que atendesse à equipe de campo, observados os controles amostrais posteriormente aplicados, sendo este obrigatoriamente morador da residência e eleitor da cidade pesquisada. Na etapa seguinte foi realizado um controle das seguintes variáveis: sexo, idade, grau de instrução e nível econômico. Também adotamos p=50% para maximizar o tamanho da amostra. a) a amostra poderá ser ponderada levando em consideração a variável sexo da população de Presidente Prudente sendo feminino: 53,9%; masculino: 46,1%; e não informado: 0,0%, conforme dados do TSE de Julho de 2026 e a variável idade sendo consideradas as faixas: 16 anos: 0,2%; 17 anos: 0,4%; 18 a 20 anos: 3,6%; 21 a 24 anos: 6,1%; 25 a 34 anos: 17,1%; 35 a 44 anos: 18,6%; 45 a 59 anos: 27,0%; 60 a 69 anos: 15,3%; e acima de 69 anos: 11,7% (TSE Julho de 2026). Quanto à variável grau de instrução, temos: ANALFABETO: 0,9%; LÊ E ESCREVE: 1,1%; ENSINO FUNDAMENTAL INCOMPLETO: 15,3%; ENSINO FUNDAMENTAL COMPLETO: 6,3%; ENSINO MÉDIO INCOMPLETO: 12,5%; ENSINO MÉDIO COMPLETO: 33,6%; SUPERIOR INCOMPLETO: 7,6% e SUPERIOR COMPLETO: 22,7% (TSE Julho de 2026). E para a variável renda, temos: Até 2 Salários Mínimos: 75,6%; 2 a 5 Salários Mínimos: 19,5%; 5 a 10 Salários Mínimos: 3,9%; e Acima de 10 Salários Mínimos: 1,0%, sendo a categoria ¿Sem rendimento¿ considerada dentro da faixa ¿Até 2 Salários Mínimos¿ (IBGE Censo 2022, https://sidra.ibge.gov.br/tabela/10296). Área física: município de Presidente Prudente, Estado de São Paulo, em domicílios particulares permanentemente ocupados e sorteados de maneira aleatória simples sem reposição. Margem de Erro: A margem de erro máxima prevista para o total da amostra é de 2,82 pontos percentuais para mais ou para menos, considerando um nível de confiança de 95%. Os intervalos de confiança serão calculados considerando os resultados obtidos para um nível de confiança de 95%. Fonte de Dados: TSE - Julho de 2026 e IBGE Censo 2022.";"Os pesquisadores envolvidos na realização desta pesquisa recebem treinamento especializado e instruções específicas de abordagem. O trabalho é feito com a equipe de entrevistadores e coordenadores de campo. Há fiscalização no ato da entrevista e os questionários são recolhidos e checados quanto ao correto preenchimento dos dados. Após os trabalhos de campo, os questionários são submetidos a uma fiscalização que consiste na verificação de 20% dos questionários aplicados individualmente pelos entrevistadores, para checagem das respostas. Internamente, todo o material é verificado, codificado, digitado e, antes do processamento final, realiza-se a conferência da digitação (consistência dos dados).";"EM ANEXO."
"28/09/2026";"05:46:54";2026;81;"Eleições Gerais 2026";"SP";"SP";"SÃO PAULO";"SP087312026";"2026-09-23 18:24:36";"N";"34972238000109";"AMERICAN ANALYTICS DO BRASIL CONSULTORIA LTDA";"AMERICAN ANALYTICS";"Governador, Senador";"2026-09-24 00:00:00";"2026-09-28 00:00:00";"2026-09-29 00:00:00";1500;"11564";"GIOVANA RILLARY DA SILVA ROCHA";"35000,00";"Pesquisa quantitativa, com realização de entrevistas pessoais e aplicação de questionário estruturado junto a uma amostra representativa do eleitorado do estado de São Paulo.";"A amostra será representativa do eleitorado da área de abrangência da pesquisa e será selecionada em três estágios. No primeiro estágio, será realizado o sorteio probabilístico dos municípios onde as entrevistas serão realizadas, por meio do método PPT (Probabilidade Proporcional ao Tamanho), considerando a população eleitora com 16 anos ou mais residente nos municípios como base para essa seleção. No segundo estágio, será realizado o sorteio probabilístico dos setores censitários onde as entrevistas serão realizadas, também por meio do método PPT (Probabilidade Proporcional ao Tamanho), tomando como base a população eleitora de 16 anos ou mais residente nos respectivos setores censitários. No terceiro estágio, a seleção do entrevistado dentro de cada setor censitário será feito por meio de cotas amostrais proporcionais, considerando as seguintes variáveis : GÊNERO: TSE Julho de 2026 (fonte: https://sig.tse.jus.br/ords/dwapr/r/seai/sig-eleitor-eleitorado-mensal/cruzamento-eleitorado-mensal?p24_metricas=E&p24_back=22&p24_cruzamento_1=ds_sexo&clear=24&session=210862577419255 ) FEMININO 53,3% ; MASCULINO 46,7% ; FAIXA ETÁRIA: TSE - Julho de 2026 (fonte: https://sig.tse.jus.br/ords/dwapr/r/seai/sig-eleitor-eleitorado-mensal/cruzamento-eleitorado-mensal?p24_cruzamento_1=ds_faixa_etaria&p24_metricas=E&p24_back=22&clear=24&session=210862577419255) Entre 16 a 24 anos 10,68% ; Entre 25 a 34 anos 18,00% ; Entre 35 a 44 anos 19,71% ; Entre 45 a 59 anos 26,62% ; 60 anos ou mais 24,99% ; GRAU DE INSTRUÇÃO: TSE - Julho de 2026 (fonte: https://sig.tse.jus.br/ords/dwapr/r/seai/sig-eleitor-eleitorado-mensal/cruzamento-eleitorado-mensal?p24_cruzamento_1=ds_grau_instrucao&p24_metricas=E&p24_back=22&clear=24&session=305447471395): Sem Instrução até ensino fundamental completo: 28,7%; | Ensino médio incompleto ou completo: 50,1%; | Ensino superior incompleto ou completo: 21,2% ;| RENDA DOMICILIAR MENSAL: IBGE - Censo 2.010 - (fonte: https://cidades.ibge.gov.br/brasil/sp/pesquisa/23/24304) Sem rendimentos até 2 salários mínimos: 30,8%; Mais de 2 a 5 salários mínimos: 38,7%; | Mais de 5 salários mínimos: 30,5%. Observação: Conforme informações obtidas do Instituto Brasileiro de Geografia e Estatística - IBGE, o instituto não divulgou e não tem previsão de data para divulgação do perfil econômico (nível econômico) da população brasileira; portanto, os dados quanto ao nível econômico obtidos no Censo 2022 não podem ser utilizados, pois não foram publicados. (https://censo2022.ibge.gov.br/panorama/). Está prevista eventual ponderação para correção das variáveis gênero e faixa etária, com base nos percentuais acima apresentados, caso ocorram diferenças superiores a MARGEM DE ERRO definida entre a amostra prevista e a coleta realizada. Para as variáveis escolaridade e renda domiciliar mensal, o fator de ponderação será igual a 1, considerando-se os resultados obtidos em campo. Dentro do público-alvo anteriormente descrito, serão realizadas 1.500 (Um mil e quinhentos) entrevistas. O nível de confiança estimado é de 95% para uma margem de erro estimada, considerando uma técnica de amostragem aleatória simples (AAS), de aproximadamente 2,5 pontos percentuais para mais ou para menos sobre os resultados obtidos.";"Para a realização da pesquisa, serão conduzidas uma equipe de entrevistadores e supervisores credenciados e devidamente treinados pela empresa para esse tipo de pesquisa. Após os trabalhos de coleta dos dados, 100% dos questionários são criticados e passam por uma fiscalização de cerca de 20% (vinte por cento) dos questionários aplicados por cada entrevistador; passam por uma etapa de verificação da consistência das respostas e da adequação dos entrevistados aos parâmetros amostrais.";"#NULO#"
"28/09/2026";"05:46:54";2026;81;"Eleições Gerais 2026";"SP";"SP";"SÃO PAULO";"SP040912026";"2026-09-25 17:16:22";"S";"05270800000146";"GERP MERCADOLOGIA LTDA";"GRUPO GERP GERP MERCADO GERP OPINIAO GERPAUDIT";"Governador, Senador";"2026-09-29 00:00:00";"2026-10-01 00:00:00";"2026-10-01 00:00:00";1500;"8153 - 2ª";"CLENILSON SANTOS DE OLIVEIRA";"15000,00";"A população pesquisada é definida como pessoas maiores de 16 anos, eleitoras e residentes no Estado de SÃO PAULO. A pesquisa é do tipo QUANTITATIVA e os entrevistados serão selecionados por cotas em função das variáveis sexo, faixa etária, renda do chefe do domicílio e área de residência. Os dados para definição das cotas foram obtidos de publicações do IBGE e da Estatística do Eleitorado do TSE. Os dados serão tabulados em função das variáveis sócio-econômicas e agregados segundo as diversas áreas de residência de interesse.";"Com a realização de 1500 (mil e quinhentas) entrevistas, dentro de um universo considerado infinito e um nível de confiança de 95,55%, a margem de erro para projeções dos dados é estimada em 2,58 pontos percentuais, nos casos limites em que as variáveis assumam o percentual de 50%. O resultado projetado para a população pesquisada vai de um mínimo de 47,42% a um máximo de 52,58. Para o mesmo número de entrevistas, a margem de erro tende a se estreitar quando os percentuais se aproximam de 0% ou de 100%. Se a variável incidir em 10%, por exemplo, a margem de erro é estimada em 1,55 pontos percentuais. E o resultado projetado vai de um mínimo de 8,45% a um máximo de 91,55%. O Instituto Gerp utiliza dois desvios padrões para o cálculo da margem de erro em todos os seus projetos de pesquisa, o que representa um nível de confiança de 95,55%, confiando ao trabalho uma segurança ainda maior do que o normalmente utilizado pelo mercado. Está prevista eventual ponderação para correção das variáveis área de residência, sexo, faixa etária e renda do chefe do domicílio, caso ocorram diferenças superiores a 2 pontos percentuais entre o previsto na amostra e a coleta de dados realizada. O plano amostral foi assim definido: IDADE/SEXO: 16-24/masculino (11,31%), 16-24/feminino (10,12%), 25-34/masculino (18,55%), 25-34/feminino (17,53%), 35-44/masculino (20,03%), 35-44/feminino (19,44%), 45-59/masculino (26,69%), 45-59/feminino (26,57%), 60 ou +/masculino (23,42%), 60 ou +/feminino (26,34%) RENDA DO CHEFE DO DOMICÍLIO: Até 01 SM (12,20%), De 01 a 02 SM (18,58%), De 02 a 05 SM (38,74%), De 05 a 10 SM (19,53%), De 10 a 20 SM (7,61%), Mais de 20 SM (3,34%).";"Como de praxe em pesquisas realizadas pelo INSTITUTO DE PESQUISA GERP, todas as entrevistas são criticadas e 20%, no mínimo, são verificados junto ao próprio entrevistado. O trabalho de entrevistas é permanentemente acompanhado por um supervisor local, que controla e fiscaliza a aplicação dos questionários (por telefone, Sistema Cati), com o entrevistador, entrevistando pessoalmente o entrevistado. Além disso, há um controle de qualidade do trabalho nos sistemas de processamento das informações. Para melhor explicitar os mecanismos de controle e verificação, segue o abaixo escrito: Todas as equipes de entrevistadores possuem também um supervisor interno, em caráter permanente, que é responsável pela fiscalização da coleta de dados e verificação das respostas junto aos próprios entrevistados; Cada questionário enviado ao sistema é objeto de uma checagem do seu correto preenchimento e pelo menos 20% das entrevistas são verificadas junto ao entrevistado pelo supervisor interno. Ou seja, em 20% das entrevistas, o supervisor interno liga para o entrevistado e refaz as perguntas, verificando, assim, a veracidade das respostas. As entrevistas objeto da verificação são escolhidas por critério de sorteio aleatório. Ex.: a cada 05 entrevistas enviadas ao sistema, 01 é verificada pelo supervisor interno. Ao término da pesquisa, o INSTITUTO DE PESQUISA GERP, faz uma rigorosa crítica a todos os questionários enviados, onde são checadas inconsistências nas respostas. Caso seja constatada alguma inconsistência, o entrevistado é contatado, a dúvida é solucionada ou a entrevista é descartada.";"A pesquisa englobará os municípios do estado de São Paulo."
"28/09/2026";"05:46:54";2026;81;"Eleições Gerais 2026";"SP";"SP";"SÃO PAULO";"SP030572026";"2026-09-16 18:58:19";"N";"81908345000140";"INSTITUTO PARANA DE PESQUISAS E ANALISE DE CONSUMIDOR LTDA";"#NULO#";"Governador, Senador";"2026-09-19 00:00:00";"2026-09-21 00:00:00";"2026-09-22 00:00:00";1600;"10245 - 4ª";"Tatiani Cristina Ara";"135800,00";"Pesquisa com metodologia quantitativa, com a realização de entrevistas pessoais, domiciliares e presenciais, utilizando questionário estruturado junto a uma amostra representativa do eleitorado do Estado de São Paulo.
";"""A amostra será representativa do eleitorado da área pesquisada e será selecionada em três etapas. Na primeira etapa realiza-se um sorteio probabilístico dos municípios onde as entrevistas serão realizadas através do método PPT (Probabilidade Proporcional ao Tamanho), considerando a população eleitora com 16 anos ou mais residente nos municípios como base para essa seleção. Na segunda etapa, faz-se um sorteio probabilístico das localidades, onde as entrevistas serão realizadas, através do método PPT (Probabilidade Proporcional ao Tamanho), tomando a população eleitora de 16 anos ou mais residente nas localidades como base para essa seleção. Na terceira etapa, a seleção do entrevistado dentro da localidade, será feita utilizando-se quotas amostrais proporcionais, em função das seguintes variáveis:
GÊNERO: TSE Agosto 2026 (https://sig.tse.jus.br/ords/dwapr/r/seai/sig-eleitor-eleitorado-mensal/cruzamento-eleitorado-mensal?p24_metricas=E&p24_back=22&p24_cruzamento_1=ds_sexo&clear=24&p0_uf=SP&p0_mes=8&debug=LEVEL5&session=312990078978641)
Masculino - 47%; |
Feminino - 53%; |
FAIXA ETÁRIA: TSE Agosto 2026 (https://sig.tse.jus.br/ords/dwapr/r/seai/sig-eleitor-eleitorado-mensal/cruzamento-eleitorado-mensal?p24_cruzamento_1=ds_faixa_etaria&p24_metricas=E&p24_back=22&clear=24&p0_uf=SP&p0_mes=8&debug=LEVEL5&session=8904950028837)
Entre 16 e 24 anos: 11%; |
Entre 25 e 34 anos: 18%; |
Entre 35 e 44 anos: 20%; |
Entre 45 e 59 anos: 26%; |
Com 60 anos ou mais: 25%; |
ESCOLARIDADE: TSE Agosto 2026 (https://sig.tse.jus.br/ords/dwapr/r/seai/sig-eleitor-eleitorado-mensal/cruzamento-eleitorado-mensal?p24_cruzamento_1=ds_grau_instrucao&p24_metricas=E&p24_back=22&clear=24&p0_uf=SP&p0_mes=8&debug=LEVEL5&session=309383598034615) Observação: Conforme informações obtidas no site do Tribunal Superior Eleitoral, o TSE, (https://dadosabertos.tse.jus.br/group/about/eleitorado) """"Os registros de grau de escolaridade podem apresentar dados defasados, pois refletem a situação do eleitor na ocasião do cadastramento.""""
De analfabeto até ensino fundamental completo: 29%; |
Ensino médio incompleto ou completo: 50% |
Ensino superior incompleto ou completo: 21% |
RENDA DOMICILIAR MENSAL: (https://cidades.ibge.gov.br/brasil/sp/pesquisa/23/24304) IBGE - Censo 2010. Observação: Conforme informações obtidas do Instituto Brasileiro de Geografia e Estatística, o IBGE, não divulgou - e não tem previsão - de data para divulgação do perfil econômico (nível econômico) da população brasileira; portanto, os dados quanto ao nível econômico obtidos no Censo 2022, não podem ser utilizados, pois não foram publicados. (https://censo2022.ibge.gov.br/panorama/)
Sem rendimentos até 2 salários mínimos: 31% |
Mais de 2 a 5 salários mínimos: 39% |
Mais de 5 salários mínimos: 30% |
Está prevista eventual ponderação para correção das variáveis gênero e faixa etária, com base nos percentuais acima apresentados, caso ocorram diferenças superiores a 3,0 (três) pontos percentuais entre o previsto na amostra e a coleta realizada; para as variáveis escolaridade e renda domiciliar mensal, o fator de ponderação é igual a 1 (resultados obtidos no campo). O nível de confiança estimado é de 95% (noventa e cinco por cento) para uma margem de erro estimada, considerando uma técnica de amostragem aleatória simples, de aproximadamente 2,5 (dois vírgula cinco) pontos percentuais para mais ou para menos sobre os resultados obtidos.""



";"""As entrevistas serão conduzidas por uma equipe de entrevistadores e supervisores devidamente qualificados pelo Instituto Paraná Pesquisas, todos com experiência e treinamento específico em pesquisas de opinião pública.
Controle: O controle do processo será realizado por meio de um software de coleta de dados.
Conferência e Fiscalização: Durante a coleta de dados os questionários aplicados são fiscalizados e conferidos através de um supervisor.
Adicionalmente, pelo menos 30% dos questionários passarão por uma verificação posterior, que avaliará a precisão na aplicação e a adequação dos entrevistados às variáveis das quotas amostrais. Ou seja, no mínimo 480 entrevistas desta pesquisa serão auditadas pela equipe de qualidade do Instituto Paraná Pesquisas, podendo essa auditoria ser solicitada ao Instituto a qualquer momento.
Verificação: Após a coleta, os questionários passam por uma etapa de verificação e validação dos dados, para garantir a integridade e precisão dos dados coletados.""



";"""A pesquisa será realizada no Estado de São Paulo, a relação dos dados relativos aos municípios e às localidades será apresentado até o dia seguinte à data a partir da qual a pesquisa puder ser divulgada, conforme §7º do art. 2º da Resolução-TSE nº. 23.600/2019""


"
"28/09/2026";"05:46:54";2026;81;"Eleições Gerais 2026";"SP";"SP";"SÃO PAULO";"SP047262026";"2026-09-27 09:31:15";"N";"22445600000104";"QUAEST PESQUISAS, CONSULTORIA E PROJETOS LTDA.";"#NULO#";"Governador, Senador";"2026-10-02 00:00:00";"2026-10-03 00:00:00";"2026-10-03 00:00:00";3702;"6731";"Margarida Maria de Mendonca";"434985,00";"Pesquisa quantitativa, de survey, que consiste na realização de entrevistas pessoais, domiciliares e presenciais, conduzidas por profissionais treinados, com a aplicação de questionários estruturados a uma amostra representativa da população votante de 16 anos ou mais residente no estado de São Paulo. O desenho amostral aplicado combina sorteio probabilístico de municípios e de setores censitários fornecidos pelo IBGE (unidades territoriais homogêneas, de tamanho similar a quadras ou blocos), dentro dos quais serão selecionadas pessoas respondentes por meio de cotas amostrais.";"O público pesquisado é composto por eleitores de 16 anos ou mais residentes na área de abrangência da pesquisa. Para produzir uma amostra representativa desse público-alvo, utilizamos um desenho amostral por conglomerados que prevê três estágios. No primeiro estágio, é feito um sorteio probabilístico de municípios para comporem a amostra por meio do método PPT (Probabilidade Proporcional ao Tamanho) a partir de suas populações votantes acima de 16 anos. Dentro da lista de municípios sorteados, no segundo estágio, é realizado um sorteio probabilístico por meio do método PPT (Probabilidade Proporcional ao Tamanho) de setores censitários a serem visitados pelos entrevistadores, sorteio que tem como base o total de habitantes residentes nos setores de acordo com dados do Censo de 2022, o que garante a dispersão aleatória e estatística da amostra dentro dos territórios municipais, independentemente de divisões administrativas. Finalmente, dentro da lista de setores censitários sorteados, no último estágio são selecionados domicílios e pessoas a serem entrevistadas utilizando-se cotas amostrais para as seguintes variáveis: sexo, idade, renda familiar e escolaridade. O perfil da amostra, definido pelas cotas previstas, é o seguinte:

Sexo: Masculino (47%); Feminino (53%).
Faixa etária: 16-34 anos (28%); 35-59 anos (47%); 60 ou mais (25%).
Renda domiciliar total, incluindo pensões, benefícios e rendimentos de trabalhos informais: Até 2 salários-mínimos (19%); Mais de 2 a 5 salários-mínimos (43%); Mais de 5 salários-mínimos (38%).
Nível de instrução: Até Fundamental completo ou médio incompleto (33%); Médio completo ou superior incompleto (43%); Superior completo ou mais (24%).

Fonte dos dados: para a distribuição de sexo e idade, TSE-Tribunal Superior Eleitoral - agosto/2026; para a malha de setores censitários, Censo 2022 (IBGE); para a distribuição de renda domiciliar, PNADc Anual 2025, 1ª visita (IBGE); e, para a distribuição de escolaridade/instrução, PNADc trimestral 2-2026 (IBGE). A PNADc é utilizada por ser a fonte oficial mais atualizada de rendimentos do país, incluindo rendimentos informais, pensões, entre outros, e corrigindo as defasagens temporais do Censo 2022, além de ser a fonte mais atualizada de nível de instrução da população com 16 anos ou mais dada ausência de atualização obrigatória da escolaridade no registro de eleitores do TSE.

Está prevista eventual pós-estratificação da amostra, por meio de algoritmos de calibração (rake) e modelos (MrP e likely voter), para correção (1) de estimativas, (2) das distribuições de variáveis que medem o perfil da população e (3) percentual do eleitorado propenso a votar.

Dentro do público-alvo anteriormente descrito, serão realizadas 3.702 entrevistas. O nível de confiança das estimativas é de 95% e a margem de erro máxima prevista, atendendo às diretivas do TSE e usando o cálculo para amostra aleatória simples (AAS) como aproximação, é de cerca de 2 pontos percentuais para mais ou para menos em relação aos totais da amostra.

Pagante(s) do trabalho: CNPJ 27865757000102 - GLOBO COMUNICACAO E PARTICIPACOES S/A / TV/REDE/GLOBO.COM/CANAIS GLOBO/GLOBOPLAY/ELETROMIDIA.";"As entrevistas serão realizadas por uma equipe de entrevistadores devidamente qualificada, com experiência e treinamento em pesquisa de opinião pública. Todo trabalho é feito em tablets ou outros dispositivos eletrônicos. Após a realização da coleta de dados, as entrevistas junto aos respondentes são checadas por meio de procedimentos de consistência e de georreferenciamento dos locais de aplicação em tempo real. Adicionalmente, ao longo e após os trabalhos de campo, é realizada uma fiscalização que consiste na checagem de áudio de uma amostra de 30% dos questionários aplicados para verificação das respostas e da adequação dos entrevistados aos parâmetros amostrais.";"A área de abrangência da coleta é o território do estado de São Paulo. A relação do número de pessoas pesquisadas nas áreas de aplicação da pesquisa, discriminadas por município, bairros e setores censitários a partir dos identificadores utilizados pelo IBGE, além da composição do eleitorado entrevistado na área de abrangência quanto a gênero, idade, grau de instrução e nível econômico, constará em anexo. O mapa com os códigos destes setores censitários e as áreas que delimitam no país todo podem ser conferidos na seguinte fonte oficial: https://censo2022.ibge.gov.br/panorama/mapas.html?localidade=&recorte=setores_censitarios"
"28/09/2026";"05:46:54";2026;81;"Eleições Gerais 2026";"SP";"SP";"SÃO PAULO";"SP074952026";"2026-09-15 22:25:24";"S";"22345021000181";"REAL TIME MIDIA LTDA";"REAL TIME BIG DATA";"Governador, Senador";"2026-09-16 00:00:00";"2026-09-19 00:00:00";"2026-09-21 00:00:00";2000;"10839";"Isabela Zara Cremoneze";"30000,00";"Pesquisa quantitativa, que consiste na realização de entrevistas com eleitores do universo a ser explorado, feitas em combinação mista por entrevistadores humanos e recursos de inteligência artificial, com a aplicação de questionário estruturado com abordagens telefônicas e digitais junto a uma amostra representativa do eleitorado em estudo. Pesquisa realizada no Estado de São Paulo (SP).";"Representativo do eleitorado da área em estudo, elaborada em três estágios.
No primeiro estágio, realiza-se um sorteio probabilístico dos municípios onde as entrevistas serão realizadas, pelo método PPT (Probabilidade Proporcional ao Tamanho), tomando a população eleitora de 16 anos ou mais residente nos municípios como base para essa seleção.
No segundo estágio, efetua-se um sorteio probabilístico das localidades dentro dos municípios selecionados, também pelo método PPT (Probabilidade Proporcional ao Tamanho), considerando a população eleitora de 16 anos ou mais residente nessas localidades como base para a seleção.
No terceiro e último estágio, dentro das localidades sorteadas, os respondentes são selecionados por meio de quotas amostrais proporcionais, em função de variáveis significativas, a saber:

GÊNERO:
Feminino: 53,27%;
Masculino: 46,73%;
(Fonte: TSE, Agosto2026 -- https://sig.tse.jus.br/ords/dwapr/r/seai/sig-eleitor-eleitorado-mensal/cruzamento-eleitorado-mensal?p24_metricas=E&p24_back=22&p24_cruzamento_1=ds_sexo&clear=24&session=112920729923306)
FAIXA ETÁRIA:
16 anos: 0,17%;
17 anos: 0,36%;
18 a 20 anos: 3,75%;
21 a 24 anos: 6,40%;
25 a 34 anos: 18,00%;
35 a 44 anos: 19,71%;
45 a 59 anos: 26,62%;
60 a 69 anos: 13,57%;
70 a 79 anos: 7,92%;
Superior a 79 anos: 3,51%;
(Fonte: TSE, Agosto/2026 -- https://sig.tse.jus.br/ords/dwapr/r/seai/sig-eleitor-eleitorado-mensal/cruzamento-eleitorado-mensal?p24_cruzamento_1=ds_faixa_etaria&p24_metricas=E&p24_back=22&clear=24&session=112920729923306)
ESCOLARIDADE:
Analfabeto: 1,68%;
Lê e Escreve: 2,85%;
Ensino Fundamental Incompleto: 17,53%;
Ensino Fundamental Completo: 6,64%;
Ensino Médio Incompleto: 16,67%;
Ensino Médio Completo: 33,44%;
Ensino Superior Incompleto: 6,13%;
Ensino Superior Completo: 15,05%;
(Fonte: TSE, Agosto/2026 -- https://sig.tse.jus.br/ords/dwapr/r/seai/sig-eleitor-eleitorado-mensal/cruzamento-eleitorado-mensal?p24_cruzamento_1=ds_grau_instrucao&p24_metricas=E&p24_back=22&clear=24&session=112920729923306)
RENDA DOMICILIAR MENSAL:
Sem rendimento: 4,15%;
Até 1/2 Salário Mínimo: 0,76%;
Mais de 1/2 a 1 Salário Mínimo: 7,29%;
Mais de 1 a 2 Salários Mínimos: 18,58%;
Mais de 2 a 5 Salários Mínimos: 38,74%;
Mais de 5 a 10 Salários Mínimos: 19,53%;
Mais de 10 a 20 Salários Mínimos: 7,61%;
Mais de 20 Salários Mínimos: 3,34%;
(Fonte: IBGE (CENSO-2010) -- https://cidades.ibge.gov.br/brasil/sp/pesquisa/23/24304?detalhes=true)

Observação: De acordo com informações do Instituto Brasileiro de Geografia e Estatística (IBGE), não há previsão de data para a divulgação do perfil econômico da população brasileira do CENSO 2022. Portanto, os dados sobre o nível econômico obtidos no Censo 2022 não podem ser utilizados, pois ainda não foram publicados.
Está prevista eventual ponderação para correção das variáveis sexo e idade, com base nos percentuais anteriormente mencionados, caso ocorram diferenças superiores a 3 pontos percentuais entre o previsto na amostra e a coleta de dados realizada. Para as variáveis de grau de instrução e nível econômico do entrevistado, o fator previsto para ponderação é 1 (resultados obtidos em campo). O nível de confiança estimado é de 95% e a margem de erro máxima estimada considerando um modelo de amostragem aleatório simples, é de aproximadamente 2 (dois) pontos percentuais para mais ou para menos sobre os resultados encontrados no total da amostra.";"O trabalho de coleta de dados é acompanhado por supervisores humanos. São selecionados aleatoriamente 15% (quinze por cento) dos questionários para uma verificação posterior e, em caso de dúvida, o formulário é descartado e o responsável pela coleta chamado para esclarecimentos. Há uma equipe especializada que confere os dados à exaustão com objetivo de averiguar e aferir os resultados coletados.";"O anexo do arquivo com os bairros será realizado até o dia seguinte da divulgação conforme indicado no §7º. do art. 2º. da Resolução-TSE nº. 23.600/2019.

"
"28/09/2026";"05:46:54";2026;81;"Eleições Gerais 2026";"SP";"SP";"SÃO PAULO";"SP013942026";"2026-09-26 13:53:07";"S";"45613076000120";"INSTITUTO VOX BRASIL OPINIAO E PESQUISAS LTDA";"#NULO#";"Governador, Senador, Deputado Federal, Deputado Estadual";"2026-09-27 00:00:00";"2026-09-28 00:00:00";"2026-10-02 00:00:00";500;"9907";"GUILHERME COELHO NEVES";"10000,00";"Pesquisa do tipo quantitativo, por amostragem, com aplicação de questionário estruturado e abordagem pessoal em domicílios particulares permanentemente ocupados, de acordo com a definição do IBGE ¿ Instituto Brasileiro de Geografia e Estatística. O conjunto do eleitorado do município de Guaratinguetá, São Paulo, com 16 anos ou mais, foi tomado como universo da pesquisa.";"Tamanho da amostra: A amostra prevista é de 500 entrevistas.
Técnica de amostragem: Amostragem por Conglomerados em Múltiplos Estágios com Controle de Cotas na Seleção do Respondente. No primeiro estágio, a área pesquisada é organizada por regiões e setores censitários. Em seguida, são sorteados os setores, listadas as unidades selecionadas e sorteadas as ruas com apoio de mapa da região. Posteriormente, são selecionados os domicílios por amostragem sistemática. Dentro de cada residência, aborda-se um morador apto a votar, obrigatoriamente residente no domicílio e eleitor de Guaratinguetá, observados os controles amostrais aplicados.
Na etapa de controle, são consideradas as variáveis sexo, idade, grau de instrução e nível econômico. Adota-se p=50% para maximizar a variância e, consequentemente, produzir a estimativa conservadora da margem de erro. A amostra poderá ser ponderada pelos percentuais calculados diretamente das quantidades presentes nas fontes indicadas.
Sexo: Homens: 46,84%; Mulheres: 53,15%; Não Informado: 0,01%, conforme o TSE de Agosto de 2026.
Faixa etária: 16 anos: 0,14%; 17 anos: 0,31%; 18 a 20 anos: 3,74%; 21 a 24 anos: 6,11%; 25 a 34 anos: 17,06%; 35 a 44 anos: 19,07%; 45 a 59 anos: 27,17%; 60 a 69 anos: 15,46%; Acima de 69 anos: 10,94%, conforme o TSE de Agosto de 2026.
Grau de instrução: ANALFABETO: 0,96%; LÊ E ESCREVE: 0,61%; ENSINO FUNDAMENTAL INCOMPLETO: 16,89%; ENSINO FUNDAMENTAL COMPLETO: 6,37%; ENSINO MÉDIO INCOMPLETO: 12,39%; ENSINO MÉDIO COMPLETO: 38,39%; SUPERIOR INCOMPLETO: 6,11%; SUPERIOR COMPLETO: 18,28%, conforme o TSE de Agosto de 2026.
Renda: Até 2 salários mínimos: 78,60%; Mais de 2 a 5 salários mínimos: 16,85%; Mais de 5 a 10 salários mínimos: 3,74%; Acima de 10 salários mínimos: 0,81%; Não Informado: 0,00%, conforme o IBGE Censo 2022 (https://sidra.ibge.gov.br/tabela/10296).
Área física: Município de Guaratinguetá, São Paulo, em domicílios particulares permanentemente ocupados e sorteados por procedimento aleatório sem reposição.
Margem de erro: A margem de erro máxima prevista para o total da amostra é de 4,37 pontos percentuais para mais ou para menos, considerando nível de confiança de 95%. Os intervalos de confiança serão calculados para esse mesmo nível de confiança. Com p=50% e correção para população finita, o valor calculado é de 4,37 pontos percentuais.
Fonte de dados: TSE ¿ Agosto de 2026, com carga em 01/09/2026; e IBGE Censo 2022 (https://sidra.ibge.gov.br/tabela/10296).";"Os pesquisadores envolvidos na realização desta pesquisa recebem treinamento especializado e instruções específicas de abordagem. O trabalho é realizado com equipe de campo e coordenadores. Há fiscalização no ato da entrevista, e os questionários são recolhidos e checados quanto ao correto preenchimento. Após os trabalhos de campo, os questionários são submetidos a fiscalização, com verificação de 20% dos instrumentos aplicados individualmente pelos entrevistadores, para checagem das respostas. Internamente, todo o material é verificado, codificado e digitado. Antes do processamento final, realiza-se a conferência da digitação e a análise de consistência dos dados.";"EM ANEXO."
"28/09/2026";"05:46:54";2026;81;"Eleições Gerais 2026";"SP";"SP";"SÃO PAULO";"SP054082026";"2026-09-25 18:05:09";"S";"05270800000146";"GERP MERCADOLOGIA LTDA";"GRUPO GERP GERP MERCADO GERP OPINIAO GERPAUDIT";"Governador, Senador";"2026-10-01 00:00:00";"2026-10-03 00:00:00";"2026-10-01 00:00:00";1500;"8153 - 2ª";"CLENILSON SANTOS DE OLIVEIRA";"15000,00";"A população pesquisada é definida como pessoas maiores de 16 anos, eleitoras e residentes no Estado de SÃO PAULO. A pesquisa é do tipo QUANTITATIVA e os entrevistados serão selecionados por cotas em função das variáveis sexo, faixa etária, renda do chefe do domicílio e área de residência. Os dados para definição das cotas foram obtidos de publicações do IBGE e da Estatística do Eleitorado do TSE. Os dados serão tabulados em função das variáveis sócio-econômicas e agregados segundo as diversas áreas de residência de interesse.";"Com a realização de 1500 (mil e quinhentas) entrevistas, dentro de um universo considerado infinito e um nível de confiança de 95,55%, a margem de erro para projeções dos dados é estimada em 2,58 pontos percentuais, nos casos limites em que as variáveis assumam o percentual de 50%. O resultado projetado para a população pesquisada vai de um mínimo de 47,42% a um máximo de 52,58. Para o mesmo número de entrevistas, a margem de erro tende a se estreitar quando os percentuais se aproximam de 0% ou de 100%. Se a variável incidir em 10%, por exemplo, a margem de erro é estimada em 1,55 pontos percentuais. E o resultado projetado vai de um mínimo de 8,45% a um máximo de 91,55%. O Instituto Gerp utiliza dois desvios padrões para o cálculo da margem de erro em todos os seus projetos de pesquisa, o que representa um nível de confiança de 95,55%, confiando ao trabalho uma segurança ainda maior do que o normalmente utilizado pelo mercado. Está prevista eventual ponderação para correção das variáveis área de residência, sexo, faixa etária e renda do chefe do domicílio, caso ocorram diferenças superiores a 2 pontos percentuais entre o previsto na amostra e a coleta de dados realizada. O plano amostral foi assim definido: IDADE/SEXO: 16-24/masculino (11,31%), 16-24/feminino (10,12%), 25-34/masculino (18,55%), 25-34/feminino (17,53%), 35-44/masculino (20,03%), 35-44/feminino (19,44%), 45-59/masculino (26,69%), 45-59/feminino (26,57%), 60 ou +/masculino (23,42%), 60 ou +/feminino (26,34%) RENDA DO CHEFE DO DOMICÍLIO: Até 01 SM (12,20%), De 01 a 02 SM (18,58%), De 02 a 05 SM (38,74%), De 05 a 10 SM (19,53%), De 10 a 20 SM (7,61%), Mais de 20 SM (3,34%).";"Como de praxe em pesquisas realizadas pelo INSTITUTO DE PESQUISA GERP, todas as entrevistas são criticadas e 20%, no mínimo, são verificados junto ao próprio entrevistado. O trabalho de entrevistas é permanentemente acompanhado por um supervisor local, que controla e fiscaliza a aplicação dos questionários (por telefone, Sistema Cati), com o entrevistador, entrevistando pessoalmente o entrevistado. Além disso, há um controle de qualidade do trabalho nos sistemas de processamento das informações. Para melhor explicitar os mecanismos de controle e verificação, segue o abaixo escrito: Todas as equipes de entrevistadores possuem também um supervisor interno, em caráter permanente, que é responsável pela fiscalização da coleta de dados e verificação das respostas junto aos próprios entrevistados; Cada questionário enviado ao sistema é objeto de uma checagem do seu correto preenchimento e pelo menos 20% das entrevistas são verificadas junto ao entrevistado pelo supervisor interno. Ou seja, em 20% das entrevistas, o supervisor interno liga para o entrevistado e refaz as perguntas, verificando, assim, a veracidade das respostas. As entrevistas objeto da verificação são escolhidas por critério de sorteio aleatório. Ex.: a cada 05 entrevistas enviadas ao sistema, 01 é verificada pelo supervisor interno. Ao término da pesquisa, o INSTITUTO DE PESQUISA GERP, faz uma rigorosa crítica a todos os questionários enviados, onde são checadas inconsistências nas respostas. Caso seja constatada alguma inconsistência, o entrevistado é contatado, a dúvida é solucionada ou a entrevista é descartada.";"A pesquisa englobará os municípios do estado de São Paulo."
"28/09/2026";"05:46:54";2026;81;"Eleições Gerais 2026";"SP";"SP";"SÃO PAULO";"SP009402026";"2026-08-26 23:36:20";"S";"45613076000120";"INSTITUTO VOX BRASIL OPINIAO E PESQUISAS LTDA";"#NULO#";"Governador, Senador";"2026-08-29 00:00:00";"2026-08-31 00:00:00";"2026-09-01 00:00:00";1480;"9907";"GUILHERME COELHO NEVES";"50000,00";"Metodologia de pesquisa: Pesquisa do tipo quantitativo, por amostragem, com aplicação de questionário estruturado e abordagem pessoal em domicílios particulares permanentemente ocupados (de acordo com a definição do IBGE - Instituto Brasileiro de Geografia e Estatística). O conjunto do eleitorado do ESTADO de São Paulo com 16 anos ou mais foi tomado como universo da pesquisa.";"Tamanho da amostra: A amostra prevista é de 1480 entrevistas. A Técnica de amostragem: Amostragem por Conglomerados em Múltiplos Estágios com Controle de Cotas na Seleção do Respondente. Utilizamos a amostragem em mais de um estágio. No primeiro estágio dividimos o município em bairros/setores censitários (conglomerados), sendo os mesmos listados, onde foram sorteados aleatoriamente. No segundo estágio, foram sorteadas as ruas (dispondo de um mapa da região), no terceiro estágio fizemos o sorteio das casas (via amostragem sistemática. O próximo estágio é a seleção do entrevistado dentro da casa, onde o critério foi abordar um morador apto a votar no município que atendesse à equipe de campo, observados os controles amostrais posteriormente aplicados, sendo este obrigatoriamente morador da residência e eleitor da cidade pesquisada. Na etapa seguinte foi realizado um controle das seguintes variáveis: sexo, idade, grau de instrução e nível econômico. Também adotamos p=50% para maximizar o tamanho da amostra a) a amostra poderá ser ponderada levando em consideração a variável sexo da população do Estado de São Paulo sendo 46,72 % homens e 53,28 % mulheres, conforme dados do TSE de Junho de 2026 e a variável idade sendo consideradas as faixas: 16 anos:0,21%;17 anos:0,51%; 18 a 20 anos:3,94%; 21 a 24 anos: 6,41%; de 25 a 34 anos: 18,06%; de 35 a 44 anos: 19,84%, de 45 a 59 anos: 26,44%; de 60 a 69 anos: 13,45% e acima de 69 anos: 11,14% (TSE Junho 2026). Quanto à variável grau de instrução, temos: ANALFABETO: 1,68%; LÊ E ESCREVE: 2,85%; ENSINO FUNDAMENTAL INCOMPLETO: 17,53%; ENSINO FUNDAMENTAL COMPLETO:6,64%; ENSINO MÉDIO INCOMPLETO: 16,65%; ENSINO MÉDIO COMPLETO: 33,46%; SUPERIOR INCOMPLETO: 6,13% e SUPERIOR COMPLETO: 15,06%(TSE Junho 2026). E para a variável renda, temos: Até 2 Salários Mínimos: 77,32%; 2 a 5 Salários Mínimos:17,22%; 5 a 10 Salários Mínimos:4,03% e acima de 10 Salários Mínimos:1,43%( IBGE Censo 2022 [https://sidra.ibge.gov.br/]). Área física: Estado de São Paulo em domicílios particulares permanentemente ocupados e sorteados de maneira aleatória simples sem reposição. Margem de Erro: A margem de erro máxima prevista para o total da amostra é de 2,55 pontos percentuais para mais ou para menos, considerando um nível de confiança de 95%. Os intervalos de confiança serão calculados considerando os resultados obtidos para um nível de confiança de 95%. Fonte de Dados: TSE- Junho 2026 e IBGE Censo 2022.";"Os pesquisadores envolvidos na realização desta pesquisa recebem treinamento especializado e instruções específicas de abordagem. O trabalho é feito com a equipe de entrevistadores e coordenadores de campo. Há fiscalização no ato da entrevista e os questionários são recolhidos e checados quanto ao correto preenchimento dos dados. Após os trabalhos de campo, os questionários são submetidos a uma fiscalização que consiste na verificação de 20% dos questionários aplicados individualmente pelos entrevistadores, para checagem das respostas. Internamente, todo o material é verificado, codificado, digitado e, antes do processamento final, realiza-se a conferência da digitação (consistência dos dados).";"EM ANEXO."
"28/09/2026";"05:46:54";2026;81;"Eleições Gerais 2026";"SP";"SP";"SÃO PAULO";"SP072302026";"2026-06-16 18:01:34";"S";"45613076000120";"INSTITUTO VOX BRASIL OPINIAO E PESQUISAS LTDA";"#NULO#";"Governador, Deputado Federal, Deputado Estadual";"2026-06-18 00:00:00";"2026-06-20 00:00:00";"2026-06-22 00:00:00";2000;"9907";"GUILHERME COELHO NEVES";"4000,00";"Pesquisa do tipo quantitativo, por amostragem, com aplicação de questionário estruturado e abordagem pessoal em domicílios particulares permanentemente ocupados, de acordo com a definição do IBGE ¿ Instituto Brasileiro de Geografia e Estatística. O conjunto do eleitorado da Região do ABC Paulista, no Estado de São Paulo, com 16 anos ou mais, foi tomado como universo da pesquisa. A região considerada é composta pelos municípios de Diadema, Mauá, Ribeirão Pires, Rio Grande da Serra, Santo André, São Bernardo do Campo e São Caetano do Sul.";"Tamanho da amostra: A amostra prevista é de 2.000 entrevistas. A técnica de amostragem é aleatória, com base na estimativa da média populacional. Utilizamos a amostragem em mais de um estágio. No primeiro estágio, dividimos os municípios em bairros/setores censitários (conglomerados), sendo os mesmos listados, onde foram sorteados aleatoriamente. No segundo estágio, foram sorteadas as ruas, dispondo de um mapa da região. No terceiro estágio, foi realizado o sorteio das casas por meio de amostragem sistemática. O quarto estágio foi a seleção do entrevistado dentro da casa, onde o critério adotado foi o da primeira pessoa que atendesse a equipe de pesquisa, sendo este obrigatoriamente morador da residência e eleitor da cidade pesquisada. Na etapa seguinte, foi realizado um controle das seguintes variáveis: sexo, idade, grau de instrução e nível econômico.
Também adotamos p=50% para maximizar o tamanho da amostra. A amostra poderá ser ponderada levando em consideração a variável sexo da população da Região do ABC Paulista, sendo 46,47% homens e 53,53% mulheres, conforme dados do TSE de abril de 2026. A variável idade considerou as seguintes faixas: 16 anos: 0,13%; 17 anos: 0,38%; 18 a 20 anos: 3,69%; 21 a 24 anos: 6,14%; de 25 a 34 anos: 17,65%; de 35 a 44 anos: 20,18%; de 45 a 59 anos: 26,77%; de 60 a 69 anos: 13,28%; e acima de 69 anos: 11,78% (TSE, abril de 2026). Quanto à variável grau de instrução, temos: ANALFABETO: 1,29%; LÊ E ESCREVE: 2,97%; ENSINO FUNDAMENTAL INCOMPLETO: 15,94%; ENSINO FUNDAMENTAL COMPLETO: 6,42%; ENSINO MÉDIO INCOMPLETO: 17,91%; ENSINO MÉDIO COMPLETO: 33,80%; SUPERIOR INCOMPLETO: 6,18%; e SUPERIOR COMPLETO: 15,49% (TSE, abril de 2026).
E para a variável renda, calculada pela consolidação das informações das sete cidades do ABC Paulista, temos: Até 2 Salários Mínimos: 71,57%; 2 a 5 Salários Mínimos: 21,18%; 5 a 10 Salários Mínimos: 5,31%; e acima de 10 Salários Mínimos: 1,94% (IBGE, Censo 2010]. Observação: Conforme informações obtidas do Instituto Brasileiro de Geografia e Estatística, o IBGE, não divulgou - e não tem previsão - de data para divulgação do perfil econômico (nível econômico) da população brasileira; portanto, os dados quanto ao nível econômico obtidos no Censo 2022, não podem ser utilizados, pois não foram publicados. 
Em relação à ponderação, devido à metodologia amostral adotada, os fatores de ponderação a serem aplicados em todas as variáveis ¿ sexo, idade, grau de instrução e renda ¿ assumem valor igual a 1 (um). Área física: Região do ABC Paulista, Estado de São Paulo, compreendendo os municípios de Diadema, Mauá, Ribeirão Pires, Rio Grande da Serra, Santo André, São Bernardo do Campo e São Caetano do Sul, em domicílios particulares permanentemente ocupados e sorteados de maneira aleatória simples sem reposição.
A margem de erro máxima prevista para o total da amostra é de 2,2 pontos percentuais, para mais ou para menos, considerando um nível de confiança de 95%. Os intervalos de confiança serão calculados considerando os resultados obtidos para um nível de confiança de 95%. Fonte de dados: TSE ¿ abril de 2026 e IBGE ¿ Censo 2010.";"Os pesquisadores envolvidos na realização desta pesquisa recebem treinamento especializado e instruções específicas de abordagem. O trabalho é feito com a equipe de entrevistadores e coordenadores de campo. Há fiscalização no ato da entrevista e os questionários são recolhidos e checados quanto ao correto preenchimento dos dados. Após os trabalhos de campo, os questionários são submetidos a uma fiscalização que consiste na verificação de 20% dos questionários aplicados individualmente pelos entrevistadores, para checagem das respostas. Internamente, todo o material é verificado, codificado, digitado e, antes do processamento final, realiza-se a conferência da digitação, por meio de consistência dos dados.";"EM ANEXO."
"28/09/2026";"05:46:54";2026;81;"Eleições Gerais 2026";"SP";"SP";"SÃO PAULO";"SP099862026";"2026-09-11 19:33:20";"S";"45613076000120";"INSTITUTO VOX BRASIL OPINIAO E PESQUISAS LTDA";"#NULO#";"Governador, Deputado Federal, Deputado Estadual";"2026-09-12 00:00:00";"2026-09-13 00:00:00";"2026-09-17 00:00:00";2000;"9907";"GUILHERME COELHO NEVES";"15000,00";"Pesquisa do tipo quantitativo, por amostragem, com aplicação de questionário estruturado e abordagem pessoal em domicílios particulares permanentemente ocupados, de acordo com a definição do IBGE ¿ Instituto Brasileiro de Geografia e Estatística. O conjunto do eleitorado do município de São José dos Campos, São Paulo, com 16 anos ou mais. foi tomado como universo da pesquisa.";"Tamanho da amostra: A amostra prevista é de 2.000 entrevistas.
Técnica de amostragem: Amostragem por Conglomerados em Múltiplos Estágios com Controle de Cotas na Seleção do Respondente. No primeiro estágio, o município é organizado por áreas e setores censitários. Em seguida, são sorteados os setores, listadas as unidades selecionadas e sorteadas as ruas com apoio de mapa da região. Posteriormente, são selecionados os domicílios por amostragem sistemática. Dentro de cada residência, aborda-se um morador apto a votar no município, obrigatoriamente residente no domicílio e eleitor de São José dos Campos, observados os controles amostrais aplicados.
Na etapa de controle, são consideradas as variáveis sexo, idade, grau de instrução e nível econômico. Adota-se p=50% para maximizar a variância e, consequentemente, produzir a estimativa conservadora da margem de erro. A amostra poderá ser ponderada pelos percentuais calculados diretamente das quantidades presentes nas fontes fornecidas.
Sexo: Homens: 47,06%; Mulheres: 52,94%, conforme o TSE de Agosto de 2026.
Faixa etária: 16 anos: 0,17%; 17 anos: 0,38%; 18 a 20 anos: 3,78%; 21 a 24 anos: 6,35%; 25 a 34 anos: 17,88%; 35 a 44 anos: 20,66%; 45 a 59 anos: 27,29%; 60 a 69 anos: 13,64%; Acima de 69 anos: 9,85%, conforme o TSE de Agosto de 2026.
Grau de instrução: ANALFABETO: 0,73%; LÊ E ESCREVE: 1,18%; ENSINO FUNDAMENTAL INCOMPLETO: 11,70%; ENSINO FUNDAMENTAL COMPLETO: 6,00%; ENSINO MÉDIO INCOMPLETO: 11,60%; ENSINO MÉDIO COMPLETO: 39,76%; SUPERIOR INCOMPLETO: 7,07%; SUPERIOR COMPLETO: 21,96%, conforme o TSE de Agosto de 2026.
Renda: Até 2 salários mínimos: 73,64%; Mais de 2 a 5 salários mínimos: 19,06%; Mais de 5 a 10 salários mínimos: 5,61%; Acima de 10 salários mínimos: 1,69%, (IBGE Censo 2022, https://sidra.ibge.gov.br/tabela/10296)
Área física: Município de São José dos Campos, São Paulo, em domicílios particulares permanentemente ocupados.
Margem de erro: A margem de erro máxima prevista para o total da amostra é de 2,19 pontos percentuais para mais ou para menos, considerando nível de confiança de 95%, Os intervalos de confiança serão calculados para esse mesmo nível de confiança, Com p=50% e correção para população finita, o valor calculado é de 2,19 pontos percentuais.
Fonte de dados: TSE ¿ Agosto de 2026, com carga em 01/09/2026; e (IBGE Censo 2022, https://sidra.ibge.gov.br/tabela/10296)";"Os pesquisadores envolvidos na realização desta pesquisa recebem treinamento especializado e instruções específicas de abordagem. O trabalho é realizado com equipe de campo e coordenadores. Há fiscalização no ato da entrevista, e os questionários são recolhidos e checados quanto ao correto preenchimento. Após os trabalhos de campo, os questionários são submetidos a fiscalização, com verificação de 20% dos instrumentos aplicados individualmente pelos entrevistadores, para checagem das respostas. Internamente, todo o material é verificado, codificado e digitado. Antes do processamento final, realiza-se a conferência da digitação e a análise de consistência dos dados.";"EM ANEXO."
"28/09/2026";"05:46:54";2026;81;"Eleições Gerais 2026";"SP";"SP";"SÃO PAULO";"SP031392026";"2026-09-06 20:26:16";"S";"00654576000172";"INSTITUTO VERITA LTDA";"VERITA";"Governador, Senador";"2026-09-07 00:00:00";"2026-09-12 00:00:00";"2026-09-12 00:00:00";3025;"10699";"Guilherme Alvarenga Laia";"232925,00";"Estudo quantitativo voltado às Eleições 2026, realizado por meio de entrevistas individuais, aplicadas mediante questionário eletrônico estruturado e Unidade Automatizada de Respostas Audíveis e Auditáveis, por meio de ligações para telefones móveis (celulares). A inteligência artificial é empregada exclusivamente para a transcrição automatizada das respostas em áudio, não interferindo na formulação das perguntas, na condução das entrevistas, na coleta das informações, na interpretação das respostas ou no tratamento estatístico dos dados.

A participação dos eleitores é voluntária, espontânea e não remunerada. As respostas são prestadas por autodeclaração, sendo, em sua maioria, registradas por meio de códigos numéricos correspondentes às alternativas previamente definidas no questionário.

A utilização de sistema eletrônico automatizado para a coleta e o registro das respostas proporciona elevado nível de padronização operacional, reduz a possibilidade de interferência humana durante a realização das entrevistas, amplia a rastreabilidade e a auditabilidade de todo o processo de coleta e contribui para maior precisão, consistência e confiabilidade dos dados obtidos.

O plano amostral foi elaborado para assegurar a representatividade estatística do eleitorado da respectiva Unidade da Federação, observando critérios técnicos de seleção, distribuição e ponderação da amostra, quando aplicáveis.";"A pesquisa foi planejada para produzir uma amostra estatisticamente representativa do eleitorado do estado DE SÃO PAULO, utilizando o método de Probabilidade Proporcional ao Tamanho (PPT), com plano amostral em múltiplos estágios. Na primeira etapa, esta Unidade da Federação é dividida em macrorregiões, de forma a assegurar adequada distribuição territorial da amostra e representação das diferentes características geográficas, demográficas e eleitorais. Na segunda etapa, os municípios de cada estrato são ordenados segundo seu porte populacional e eleitoral e sorteados. Na terceira etapa, os respondentes são selecionados entre os eleitores aptos residentes nos municípios sorteados, observando-se a distribuição proporcional da amostra e as cotas estabelecidas para as variáveis de sexo, faixa etária, grau de instrução e nível econômico. As cotas são estabelecidas para a pesquisa completa, considerando a composição do eleitorado e os parâmetros oficiais de referência, não sendo aplicadas isoladamente a cada município selecionado.

SEXO E FAIXA ETÁRIA - Fonte: Tribunal Superior Eleitoral (TSE), Perfil do Eleitorado, junho de 2026. Feminino de 16 a 34 anos: 15%; Masculino de 16 a 34 anos: 14,2%; Feminino de 35 a 54 anos: 20,2%; Masculino de 35 a 54 anos: 18,1%; Feminino com 55 anos ou mais: 18%; Masculino com 55 anos ou mais: 14,4%. Os parâmetros de sexo e idade têm como referência o cadastro eleitoral brasileiro atualizado pelo Tribunal Superior Eleitoral, considerando o universo de eleitores aptos com 16 anos ou mais.

GRAU DE INSTRUÇÃO - Fonte: IBGE - PNAD Contínua Anual 2025. A distribuição é: sem instrução 2,5%; ensino fundamental incompleto ou equivalente 18,2%; ensino fundamental completo ou equivalente 7,9%; ensino médio incompleto ou equivalente 7%; ensino médio completo ou equivalente 35,5%; ensino superior incompleto ou equivalente 5,6%; ensino superior completo 23,3%. Para não confundir os respondentes as faixas de escolaridade no questionário foram agrupadas em 3 faixas: até ensino fundamental incompleto e completo, ensino médio incompleto e completo e superior incompleto, completo ou mais. A PNAD Contínua é utilizada como referência por constituir a fonte oficial mais atualizada para a mensuração do nível de instrução da população brasileira, sua utilização também corrige limitações decorrentes da ausência de atualização obrigatória e contínua das informações de escolaridade no cadastro eleitoral do Tribunal Superior Eleitoral.

NÍVEL ECONÔMICO - RENDA FAMILIAR DO DOMICÍLIO - Fonte: IBGE - PNAD Contínua Anual 2025. Considera-se a renda domiciliar total, compreendendo rendimentos provenientes de trabalho formal e informal, aposentadorias, pensões, benefícios sociais e demais fontes de renda existentes no domicílio. observando-se a seguinte distribuição: renda familiar de até 2 salários-mínimos 29,5%; de 2 a 5 salários-mínimos 41,5%, acima de 5 salários-mínimos 29%.

PONDERAÇÃO E CALIBRAÇÃO DA AMOSTRA - Prevê-se eventual ponderação das variáveis de sexo, faixa etária, grau de instrução e nível econômico, caso sejam verificadas diferenças relevantes entre a distribuição da amostra efetivamente coletada e os parâmetros populacionais de referência adotados. Inicialmente, o fator de ponderação é igual a 1 (um), podendo ser recalculado sempre que necessário para assegurar a representatividade estatística da amostra.
INTERVALO DE CONFIANÇA E MARGEM DE ERRO - O intervalo de confiança adotado é de 95%, com margem máxima estimada de erro de aproximadamente 2 pontos percentuais, para mais ou para menos, sobre os resultados do total da amostra, calculada segundo o modelo de amostragem aleatória simples e a hipótese de máxima variabilidade.";"Após os trabalhos de coleta de dados, os questionários são submetidos a uma fiscalização, conferência e checagem de cerca de 20% (vinte por cento) dos questionários aplicados. Todas as entrevistas são integralmente registradas em áudio, permanecendo auditáveis e rastreáveis, permitindo a verificação da integridade do processo de coleta, preservado o sigilo das informações pessoais dos entrevistados e observadas as disposições da Lei Geral de Proteção de Dados Pessoais (Lei nº 13.709/2018).";"Em observância ao art. 2º, § 7º, da Resolução TSE nº 23.600/2019, com redação dada pela Resolução TSE nº 23.747/2026, a presente pesquisa terá seu registro complementado no Sistema de Registro de Pesquisas Eleitorais a partir da data em que sua divulgação for permitida e até o dia seguinte, com a identificação dos municípios em que foram realizadas as entrevistas, bem como da composição final da amostra quanto a gênero, idade, grau de instrução e nível econômico, na forma exigida pela legislação eleitoral vigente."
"28/09/2026";"05:46:54";2026;81;"Eleições Gerais 2026";"SP";"SP";"SÃO PAULO";"SP038082026";"2026-01-31 23:35:16";"S";"04209958000148";"BADRA COMUNICACAO LTDA";"BADRA COMUNICACAO";"Governador, Senador";"2026-01-27 00:00:00";"2026-01-30 00:00:00";"2026-02-06 00:00:00";1500;"Marcos Rogerio Simonetti";"10744";"8000,00";"Pesquisa quantitativa, por cota (não probabilística), com aplicação de questionário estruturado, em pontos de fluxo populacional, com uma amostra representativa do eleitorado em estudo, no caso o eleitorado de São Paulo.";"A amostra será representativa do universo, ou seja, o eleitorado da região de São Paulo. 
Tamanho da amostra: 1500 entrevistas. Técnica de amostragem: por cotas, segundo combinação das variáveis sexo e faixa etária, proporcionais ao eleitorado de cada região, conforme estatística do eleitorado do Tribunal Superior Eleitoral (TSE Dez-2025): 
SEXO: 
Masculino (46,7%) e Feminino (53,3%). 
FAIXA ETÁRIA: 
16-24 anos (5,2% masculino e 5,3% feminino); 25-44 anos (18,4% masculino e 20,1% feminino); 45-59 anos (12,4% masculino e 14,1% feminino); e mais de 60 anos (10,7% masculino e 13,8% feminino). 
Para as variáveis de sexo e idade, o fator de ponderação é 1 (resultados obtidos em campo).
ESCOLARIDADE (FONTE: TSE Dez/25)
Até ensino médio (80,9% - masculino e 77,4,0% - feminino); Superior (19,1% - masculino e 22,6% feminino). 
NÍVEL ECONÔMICO (FONTE: Censo 2010): 
Economicamente ativo (74,5% - masculino e 52,8% - feminino). Não economicamente ativo (25,5% - masculino e 47,2% - feminino). 
Eventual ponderação para correção das variáveis de escolaridade e nível econômico caso aconteçam diferenças superiores a 3% entre o previsto na amostra e a coleta de dados, no que pese serem estas variáveis de seleção e abordagem dos entrevistados. 
A margem de erro é de 2,5 pontos percentuais para mais ou para menos, sobre o resultado encontrado no total da amostra. Nível de confiança estimado de 95%, o que quer dizer que há uma probabilidade de 95% de os resultados retratarem a realidade, se repetido nas mesmas condições de execução. 
";"Para a realização do levantamento estatístico de dados, a Badra Comunicação se utiliza de equipe de entrevistadores e supervisores de campo experientes e treinados para o trabalho. No mínimo 20% das entrevistas realizadas são auditadas, parte delas ainda em campo, por coordenadores e supervisores. A outra parte via contato telefônico com os entrevistados que fornecem seu primeiro nome e/ou telefone de contato para o devido controle e verificação, conferência e fiscalização da coleta de dados, seja em relação às respostas, seja em confirmação da adequação aos parâmetros amostrais. ";"(conforme §7º. do art. 2º. da Resolução-TSE nº. 23.600/2019, A partir do dia em que a pesquisa puder ser divulgada e até o dia seguinte, o registro deverá ser complementado, sob pena de ser a pesquisa considerada não registrada; na ausência de delimitação do bairro, será identificada a área em que foi realizada): A relação das localidades selecionadas para aplicação da amostra será apresentada até o 7º dia seguinte ao registro da pesquisa."
"28/09/2026";"05:46:54";2026;81;"Eleições Gerais 2026";"SP";"SP";"SÃO PAULO";"SP001422026";"2026-07-27 23:42:43";"S";"45613076000120";"INSTITUTO VOX BRASIL OPINIAO E PESQUISAS LTDA";"#NULO#";"Governador, Senador";"2026-07-29 00:00:00";"2026-07-31 00:00:00";"2026-08-02 00:00:00";1480;"9907";"GUILHERME COELHO NEVES";"50000,00";"Metodologia de pesquisa: Pesquisa do tipo quantitativo, por amostragem, com aplicação de questionário estruturado e abordagem pessoal em domicílios particulares permanentemente ocupados (de acordo com a definição do IBGE - Instituto Brasileiro de Geografia e Estatística). O conjunto do eleitorado do ESTADO de São Paulo com 16 anos ou mais foi tomado como universo da pesquisa.";"Tamanho da amostra: A amostra prevista é de 1480 entrevistas. Técnica de amostragem A amostra é aleatória, com base na estimativa da média populacional. Utilizamos a amostragem em mais de um estágio. No primeiro estágio dividimos o Estado em mesorregiões, depois em municípios, em seguida  em bairros/setores censitários (conglomerados), sendo os mesmos listados, onde foram sorteados aleatoriamente. No segundo estágio, foram sorteadas as ruas (dispondo de um mapa da região), no terceiro estágio fizemos o sorteio das casas (via amostragem sistemática). O quarto estágio foi a seleção do entrevistado dentro da casa, onde o critério adotado foi o da primeira pessoa que atendesse a equipe de pesquisa, sendo este obrigatoriamente morador da residência e eleitor da cidade pesquisada. Na etapa seguinte foi realizado um controle das seguintes variáveis: sexo, idade, grau de instrução e nível econômico. Também adotamos p=50% para maximizar o tamanho da amostra a) a amostra poderá ser ponderada levando em consideração a variável sexo da população do Estado de São Paulo sendo 46,72 % homens e 53,28 % mulheres, conforme dados do TSE de Junho de 2026 e a variável idade sendo consideradas as faixas: 16 anos:0,21%;17 anos:0,51%; 18 a 20 anos:3,94%; 21 a 24 anos: 6,41%; de 25 a 34 anos: 18,06%; de 35 a 44 anos: 19,84%, de 45 a 59 anos: 26,44%; de 60 a 69 anos: 13,45% e acima de 69 anos: 11,14% (TSE Junho 2026). Quanto à variável grau de instrução, temos: ANALFABETO: 1,68%; LÊ E ESCREVE: 2,85%; ENSINO FUNDAMENTAL INCOMPLETO: 17,53%; ENSINO FUNDAMENTAL COMPLETO:6,64%; ENSINO MÉDIO INCOMPLETO: 16,65%; ENSINO MÉDIO COMPLETO: 33,46%; SUPERIOR INCOMPLETO: 6,13% e SUPERIOR COMPLETO: 15,06%(TSE Junho 2026). E para a variável renda, temos: Até 2 Salários Mínimos: 77,32%; 2 a 5 Salários Mínimos:17,22%; 5 a 10 Salários Mínimos:4,03% e acima de 10 Salários Mínimos:1,43%( IBGE Censo 2022 [https://sidra.ibge.gov.br/]). Em relação à ponderação, devido à metodologia amostral adotada, os fatores de ponderação a serem aplicados em toda as variáveis (sexo, idade, grau de instrução e renda), assumem valor igual a 1(um). Área física: Estado de São Paulo em domicílios particulares permanentemente ocupados e sorteados de maneira aleatória simples sem reposição. Margem de Erro: A margem de erro máxima prevista para o total da amostra é de 2,55 pontos percentuais para mais ou para menos, considerando um nível de confiança de 95%. Os intervalos de confiança serão calculados considerando os resultados obtidos para um nível de confiança de 95%. Fonte de Dados: TSE- Junho 2026 e IBGE Censo 2022.";"Os pesquisadores envolvidos na realização desta pesquisa recebem treinamento especializado e instruções específicas de abordagem. O trabalho é feito com a equipe e coordenadores de campo. Há fiscalização no ato da entrevista e os questionários são recolhidos e checados quanto ao correto preenchimento dos dados. Após os trabalhos de campo, os questionários são submetidos a uma fiscalização que consiste na verificação de 20% dos questionários aplicados individualmente pelos entrevistadores, para checagem das respostas. Internamente, todo o material é verificado, codificado, digitado e, antes do processamento final, realiza-se a conferência da digitação (consistência dos dados).";"EM ANEXO."
"28/09/2026";"05:46:54";2026;81;"Eleições Gerais 2026";"SP";"SP";"SÃO PAULO";"SP099632026";"2026-08-05 18:52:18";"S";"62292602000117";"ENFOQUE ASSESSORIA DE COMUNICACAO INTEGRADA LTDA - ME";"#NULO#";"Governador, Senador, Deputado Federal, Deputado Estadual, Deputado Distrital";"2026-08-05 00:00:00";"2026-08-10 00:00:00";"2026-08-11 00:00:00";800;"5716";"Mario Sergio Matheus dos Santos";"8500,00";"Levantamento quantitativo, por meio de pesquisa individual, utilizando questionário estruturado e padronizado, junto à amostra representativa do eleitorado regional, com dados do TRE-SP, com base no total de eleitores da cidade de Santos, no litoral de SP, onde a pesquisa será realizada.";"A seleção das pessoas pesquisadas, por meio de amostra representativa, dar-se-á em dois estágios. No primeiro, serão delimitadas as áreas a serem pesquisadas, concebendo-se o nível de bairro como ponto de partida. No segundo, os eleitores são selecionados por meio de quotas amostrais, levando-se em consideração proporções dadas pelas variáveis gênero, faixa etária e renda dos eleitores cadastrados, em nível das zonas eleitorais e dados populacionais. Em função da metodologia adotada, a pesquisa é autoponderada, ou seja, o sistema de amostragem por quotas, onde se busca obter um retrato similar do universo pesquisado, não sendo necessário qualquer tipo de ponderação quanto ao sexo, idade e nível econômico. O intervalo de confiança é de 95% e a margem de erro utilizada de 3,5 pontos percentuais para mais ou menos";"Para a realização da pesquisa, utiliza-se uma equipe de entrevistados contratados pela ENFOQUE COMUNICAÇÃO INTEGRADA, devidamente treinada para o trabalho. Após as pesquisas de campo, os questionários serão submetidos a uma fiscalização interna e acompanhamento das equipes para verificação das respostas e da adequação dos entrevistadores aos parâmetros amostrais. Salientamos que a pesquisa ocorrerá em campo, ou seja, presencial, com a devida conferência pela equipe de checagem em amostra.";"Bairros Santos
272ª (estimativa de 32% do total de 800 entrevistas)
Aparecida, Embaré, Ponta da Praia, Macuco e Estuário
273ª (estimativa de 35% do total de 800 entrevistas)
Boqueirão, Gonzaga, Pompeia, José Menino, Campo Grande, Vila Belmiro e Marapé
118ª (estimativa de 33% do total de 800 entrevistas)
Zona Noroeste (Rádio Clube, Santa Maria, Saboó, Castelo, Caneleira, São Jorge, Santa Maria), Morros (São Bento, Nova Cintra, Pacheco, Monte Serrat), Valongo, Paquetá, Vila Mathias, Encruzilhada e Jabaquara.
Divisão de entrevistas de acordo com o perfil (gênero e faixa etária) da zona eleitoral. Dados estimados."
"28/09/2026";"05:46:54";2026;81;"Eleições Gerais 2026";"SP";"SP";"SÃO PAULO";"SP089132026";"2026-08-13 17:40:04";"S";"81908345000140";"INSTITUTO PARANA DE PESQUISAS E ANALISE DE CONSUMIDOR LTDA";"#NULO#";"Governador, Senador";"2026-08-16 00:00:00";"2026-08-18 00:00:00";"2026-08-19 00:00:00";1680;"10245 - 4ª";"Tatiani Cristina Ara";"50000,00";"Pesquisa com metodologia quantitativa, com a realização de entrevistas pessoais, domiciliares e presenciais, utilizando questionário estruturado junto a uma amostra representativa do eleitorado do Estado de São Paulo.


 ";"""A amostra será representativa do eleitorado da área pesquisada e será selecionada em três etapas. Na primeira etapa realiza-se um sorteio probabilístico dos municípios onde as entrevistas serão realizadas através do método PPT (Probabilidade Proporcional ao Tamanho), considerando a população eleitora com 16 anos ou mais residente nos municípios como base para essa seleção. Na segunda etapa, faz-se um sorteio probabilístico das localidades, onde as entrevistas serão realizadas, através do método PPT (Probabilidade Proporcional ao Tamanho), tomando a população eleitora de 16 anos ou mais residente nas localidades como base para essa seleção. Na terceira etapa, a seleção do entrevistado dentro da localidade, será feita utilizando-se quotas amostrais proporcionais, em função das seguintes variáveis:
GÊNERO: TSE Julho 2026 (https://sig.tse.jus.br/ords/dwapr/r/seai/sig-eleitor-eleitorado-mensal/cruzamento-eleitorado-mensal?p24_metricas=E&p24_back=22&p24_cruzamento_1=ds_sexo&clear=24&p0_uf=SP&p0_mes=7&debug=LEVEL5&session=312990078978641)
Masculino - 47%; |
Feminino - 53%; |
FAIXA ETÁRIA: TSE Julho 2026 (https://sig.tse.jus.br/ords/dwapr/r/seai/sig-eleitor-eleitorado-mensal/cruzamento-eleitorado-mensal?p24_cruzamento_1=ds_faixa_etaria&p24_metricas=E&p24_back=22&clear=24&p0_uf=SP&p0_mes=7&debug=LEVEL5&session=8904950028837) 
Entre 16 e 24 anos: 11%; |
Entre 25 e 34 anos: 18%; |
Entre 35 e 44 anos: 20%; |
Entre 45 e 59 anos: 26%; |
Com 60 anos ou mais: 25%; |
ESCOLARIDADE: TSE Julho 2026 (https://sig.tse.jus.br/ords/dwapr/r/seai/sig-eleitor-eleitorado-mensal/cruzamento-eleitorado-mensal?p24_cruzamento_1=ds_grau_instrucao&p24_metricas=E&p24_back=22&clear=24&p0_uf=SP&p0_mes=7&debug=LEVEL5&session=309383598034615) Observação: Conforme informações obtidas no site do Tribunal Superior Eleitoral, o TSE, (https://dadosabertos.tse.jus.br/group/about/eleitorado) """"Os registros de grau de escolaridade podem apresentar dados defasados, pois refletem a situação do eleitor na ocasião do cadastramento.""""
De analfabeto até ensino fundamental completo: 29%; |
Ensino médio incompleto ou completo: 50% |
Ensino superior incompleto ou completo: 21% |
RENDA DOMICILIAR MENSAL:  (https://cidades.ibge.gov.br/brasil/sp/pesquisa/23/24304) IBGE - Censo 2010. Observação: Conforme informações obtidas do Instituto Brasileiro de Geografia e Estatística, o IBGE, não divulgou - e não tem previsão - de data para divulgação do perfil econômico (nível econômico) da população brasileira; portanto, os dados quanto ao nível econômico obtidos no Censo 2022, não podem ser utilizados, pois não foram publicados. (https://censo2022.ibge.gov.br/panorama/)
Sem rendimentos até 2 salários mínimos: 31% |
Mais de 2 a 5 salários mínimos: 39% |
Mais de 5 salários mínimos: 30% |
Está prevista eventual ponderação para correção das variáveis gênero e faixa etária, com base nos percentuais acima apresentados, caso ocorram diferenças superiores a 3,0 (três) pontos percentuais entre o previsto na amostra e a coleta realizada; para as variáveis escolaridade e renda domiciliar mensal, o fator de ponderação é igual a 1 (resultados obtidos no campo). O nível de confiança estimado é de 95% (noventa e cinco por cento) para uma margem de erro estimada, considerando uma técnica de amostragem aleatória simples, de aproximadamente 2,4 (dois vírgula quatro) pontos percentuais para mais ou para menos sobre os resultados obtidos.""





";"""As entrevistas serão conduzidas por uma equipe de entrevistadores e supervisores devidamente qualificados pelo Instituto Paraná Pesquisas, todos com experiência e treinamento específico em pesquisas de opinião pública. 
Controle: O controle do processo será realizado por meio de um software de coleta de dados.
Conferência e Fiscalização: Durante a coleta de dados os questionários aplicados são fiscalizados e conferidos através de um supervisor.   
Adicionalmente, pelo menos 30% dos questionários passarão por uma verificação posterior, que avaliará a precisão na aplicação e a adequação dos entrevistados às variáveis das quotas amostrais. Ou seja, no mínimo 504 entrevistas desta pesquisa serão auditadas pela equipe de qualidade do Instituto Paraná Pesquisas, podendo essa auditoria ser solicitada ao Instituto a qualquer momento.
Verificação: Após a coleta, os questionários passam por uma etapa de verificação e validação dos dados, para garantir a integridade e precisão dos dados coletados.""





";" ""A pesquisa será realizada no Estado de São Paulo, a relação dos dados relativos aos municípios e às localidades será apresentado até o dia seguinte à data a partir da qual a pesquisa puder ser divulgada, conforme §7º do art. 2º da Resolução-TSE nº. 23.600/2019""





"
"28/09/2026";"05:46:54";2026;81;"Eleições Gerais 2026";"SP";"SP";"SÃO PAULO";"SP087032026";"2026-04-20 14:20:15";"S";"45613076000120";"INSTITUTO VOX BRASIL OPINIAO E PESQUISAS LTDA";"#NULO#";"Governador, Senador";"2026-04-22 00:00:00";"2026-04-25 00:00:00";"2026-04-26 00:00:00";1480;"9907 3ºREGIÃO";"GUILHERME COELHO NEVES";"50000,00";"Metodologia de pesquisa: Pesquisa do tipo quantitativo, por amostragem, com aplicação de questionário estruturado e abordagem pessoal em domicílios particulares permanentemente ocupados (de acordo com a definição do IBGE - Instituto Brasileiro de Geografia e Estatística). O conjunto do eleitorado do ESTADO de São Paulo com 16 anos ou mais foi tomado como universo da pesquisa.";"Tamanho da amostra: A amostra prevista é de 1480 entrevistas. Técnica de amostragem A amostra é aleatória, com base na estimativa da média populacional. Utilizamos a amostragem em mais de um estágio. No primeiro estágio dividimos o município em bairros/setores censitários (conglomerados), sendo os mesmos listados, onde foram sorteados aleatoriamente. No segundo estágio, foram sorteadas as ruas (dispondo de um mapa da região), no terceiro estágio fizemos o sorteio das casas (via amostragem sistemática). O quarto estágio foi a seleção do entrevistado dentro da casa, onde o critério adotado foi o da primeira pessoa que atendesse a equipe de pesquisa, sendo este obrigatoriamente morador da residência e eleitor da cidade pesquisada. Na etapa seguinte foi realizado um controle das seguintes variáveis: sexo, idade, grau de instrução e nível econômico. Também adotamos p=50% para maximizar o tamanho da amostra a) a amostra poderá ser ponderada levando em consideração a variável sexo da população do Estado de São Paulo sendo 46,7 % homens e 53,3 % mulheres, conforme dados do TSE de Janeiro de 2026 e a variável idade sendo consideradas as faixas: 16 anos:0,08%;17 anos:0,29%; 18 a 20 anos:3,72%; 21 a 24 anos: 6,46%; de 25 a 34 anos: 18,23%; de 35 a 44 anos: 20,15%, de 45 a 59 anos: 26,54%; de 60 a 69 anos: 13,49% e acima de 69 anos: 11,04% (TSE Janeiro 2026). Quanto à variável grau de instrução, temos: ANALFABETO: 1,72%; LÊ E ESCREVE: 2,93%; ENSINO FUNDAMENTAL INCOMPLETO: 17,83%; ENSINO FUNDAMENTAL COMPLETO:6,74%; ENSINO MÉDIO INCOMPLETO: 16,28%; ENSINO MÉDIO COMPLETO: 33,33%; SUPERIOR INCOMPLETO: 6,04% e SUPERIOR COMPLETO: 15,13%(TSE Janeiro 2026). E para a variável renda, temos: Até 2 Salários Mínimos: 75,86%; 2 a 5 Salários Mínimos:17,2%; 5 a 10 Salários Mínimos:4,68% e acima de 10 Salários Mínimos:2,26%( IBGE Censo 2010). Em relação à ponderação, devido à metodologia amostral adotada, os fatores de ponderação a serem aplicados em toda as variáveis (sexo, idade, grau de instrução e renda), assumem valor igual a 1(um). Área física: Estado de São Paulo em domicílios particulares permanentemente ocupados e sorteados de maneira aleatória simples sem reposição. Margem de Erro: A margem de erro máxima prevista para o total da amostra é de 2,55 pontos percentuais para mais ou para menos, considerando um nível de confiança de 95%. Os intervalos de confiança serão calculados considerando os resultados obtidos para um nível de confiança de 95%. Fonte de Dados: TSE- Janeiro 2026 e IBGE Censo 2010.";"Os pesquisadores envolvidos na realização desta pesquisa recebem treinamento especializado e instruções específicas de abordagem. O trabalho é realizado por equipes de entrevistadores e supervisores de campo. Há fiscalização no ato da entrevista e os questionários são recolhidos e checados quanto ao correto preenchimento dos dados. Após os trabalhos de campo, os questionários são submetidos a uma fiscalização que consiste na verificação de 20% dos questionários aplicados individualmente pelos entrevistadores, para checagem das respostas. Internamente, todo o material é verificado, codificado, digitado e, antes do processamento final, realiza-se a conferência da digitação (consistência dos dados).";"EM ANEXO."
"28/09/2026";"05:46:54";2026;81;"Eleições Gerais 2026";"SP";"SP";"SÃO PAULO";"SP062932026";"2026-09-23 21:40:45";"S";"22345021000181";"REAL TIME MIDIA LTDA";"REAL TIME BIG DATA";"Governador, Senador";"2026-09-24 00:00:00";"2026-09-28 00:00:00";"2026-09-29 00:00:00";2000;"10839";"Isabela Zara Cremoneze";"30000,00";"Pesquisa quantitativa, que consiste na realização de entrevistas com eleitores do universo a ser explorado, feitas em combinação mista por entrevistadores humanos e recursos de inteligência artificial, com a aplicação de questionário estruturado com abordagens telefônicas e digitais junto a uma amostra representativa do eleitorado em estudo. Pesquisa realizada no Estado de São Paulo (SP).";"Representativo do eleitorado da área em estudo, elaborada em três estágios.
No primeiro estágio, realiza-se um sorteio probabilístico dos municípios onde as entrevistas serão realizadas, pelo método PPT (Probabilidade Proporcional ao Tamanho), tomando a população eleitora de 16 anos ou mais residente nos municípios como base para essa seleção.
No segundo estágio, efetua-se um sorteio probabilístico das localidades dentro dos municípios selecionados, também pelo método PPT (Probabilidade Proporcional ao Tamanho), considerando a população eleitora de 16 anos ou mais residente nessas localidades como base para a seleção.
No terceiro e último estágio, dentro das localidades sorteadas, os respondentes são selecionados por meio de quotas amostrais proporcionais, em função de variáveis significativas, a saber:

GÊNERO:
Feminino: 53,27%;
Masculino: 46,73%;
(Fonte: TSE, Agosto2026 -- https://sig.tse.jus.br/ords/dwapr/r/seai/sig-eleitor-eleitorado-mensal/cruzamento-eleitorado-mensal?p24_metricas=E&p24_back=22&p24_cruzamento_1=ds_sexo&clear=24&session=112920729923306)
FAIXA ETÁRIA:
16 anos: 0,17%;
17 anos: 0,36%;
18 a 20 anos: 3,75%;
21 a 24 anos: 6,40%;
25 a 34 anos: 18,00%;
35 a 44 anos: 19,71%;
45 a 59 anos: 26,62%;
60 a 69 anos: 13,57%;
70 a 79 anos: 7,92%;
Superior a 79 anos: 3,51%;
(Fonte: TSE, Agosto/2026 -- https://sig.tse.jus.br/ords/dwapr/r/seai/sig-eleitor-eleitorado-mensal/cruzamento-eleitorado-mensal?p24_cruzamento_1=ds_faixa_etaria&p24_metricas=E&p24_back=22&clear=24&session=112920729923306)
ESCOLARIDADE:
Analfabeto: 1,68%;
Lê e Escreve: 2,85%;
Ensino Fundamental Incompleto: 17,53%;
Ensino Fundamental Completo: 6,64%;
Ensino Médio Incompleto: 16,67%;
Ensino Médio Completo: 33,44%;
Ensino Superior Incompleto: 6,13%;
Ensino Superior Completo: 15,05%;
(Fonte: TSE, Agosto/2026 -- https://sig.tse.jus.br/ords/dwapr/r/seai/sig-eleitor-eleitorado-mensal/cruzamento-eleitorado-mensal?p24_cruzamento_1=ds_grau_instrucao&p24_metricas=E&p24_back=22&clear=24&session=112920729923306)
RENDA DOMICILIAR MENSAL:
Sem rendimento: 4,15%;
Até 1/2 Salário Mínimo: 0,76%;
Mais de 1/2 a 1 Salário Mínimo: 7,29%;
Mais de 1 a 2 Salários Mínimos: 18,58%;
Mais de 2 a 5 Salários Mínimos: 38,74%;
Mais de 5 a 10 Salários Mínimos: 19,53%;
Mais de 10 a 20 Salários Mínimos: 7,61%;
Mais de 20 Salários Mínimos: 3,34%;
(Fonte: IBGE (CENSO-2010) -- https://cidades.ibge.gov.br/brasil/sp/pesquisa/23/24304?detalhes=true)

Observação: De acordo com informações do Instituto Brasileiro de Geografia e Estatística (IBGE), não há previsão de data para a divulgação do perfil econômico da população brasileira do CENSO 2022. Portanto, os dados sobre o nível econômico obtidos no Censo 2022 não podem ser utilizados, pois ainda não foram publicados.
Está prevista eventual ponderação para correção das variáveis sexo e idade, com base nos percentuais anteriormente mencionados, caso ocorram diferenças superiores a 3 pontos percentuais entre o previsto na amostra e a coleta de dados realizada. Para as variáveis de grau de instrução e nível econômico do entrevistado, o fator previsto para ponderação é 1 (resultados obtidos em campo). O nível de confiança estimado é de 95% e a margem de erro máxima estimada considerando um modelo de amostragem aleatório simples, é de aproximadamente 2 (dois) pontos percentuais para mais ou para menos sobre os resultados encontrados no total da amostra.";"O trabalho de coleta de dados é acompanhado por supervisores humanos. São selecionados aleatoriamente 15% (quinze por cento) dos questionários para uma verificação posterior e, em caso de dúvida, o formulário é descartado e o responsável pela coleta chamado para esclarecimentos. Há uma equipe especializada que confere os dados à exaustão com objetivo de averiguar e aferir os resultados coletados.";"O anexo do arquivo com os bairros será realizado até o dia seguinte da divulgação conforme indicado no §7º. do art. 2º. da Resolução-TSE nº. 23.600/2019."
"28/09/2026";"05:46:54";2026;81;"Eleições Gerais 2026";"SP";"SP";"SÃO PAULO";"SP026692026";"2026-09-26 09:19:53";"S";"04209958000148";"BADRA COMUNICACAO LTDA";"BADRA COMUNICACAO";"Governador, Senador, Deputado Federal, Deputado Estadual";"2026-09-29 00:00:00";"2026-10-01 00:00:00";"2026-10-02 00:00:00";1500;"10744";"Marcos Rogerio Simonetti";"18000,00";"Pesquisa de opinião quantitativa, que consiste na realização de entrevistas pessoais, domiciliares e em pontos de fluxo, conduzidas por entrevistadores sociais capacitados, com a aplicação de questionários estruturados a uma amostra representativa da população votante de 16 anos ou mais residente na Baixada Santista. O plano amostral aplicado contempla a seleção e abordagem dos entrevistados a partir de cotas amostrais pré-definidas, para um conjunto de municípios (unidades territoriais homogêneas) representativos do universo, de modo a assegurar a proporcionalidade e a confiabilidade da amostra em relação ao universo (eleitorado total da Baixada Santista).";"A amostra representativa do universo, ou seja, o eleitorado da Baixada Santista. Tamanho da amostra: 1.500 entrevistas. Técnica de amostragem: por cotas, segundo combinação das variáveis sexo e faixa etária, proporcionais ao eleitorado de cada município, conforme estatística do eleitorado do Tribunal Superior Eleitoral (TSE - Janeiro/2026): SEXO: Masculino (45,6%) e Feminino (54,4%). FAIXA ETÁRIA: 16-24 anos (5,3% masculino e 5,4% feminino); 25-44 anos (16,8% masculino e 18,7% feminino); 45-59 anos (12,1% masculino e 14,1% feminino); e mais de 60 anos (11,4% masculino e 16,1% feminino). Para as variáveis de sexo e idade, o fator de ponderação é 1 (resultados obtidos em campo). ESCOLARIDADE: (FONTE: TSE ¿ Janeiro/2026) Até ensino médio (37,8% - masculino e 43,0% - feminino); Superior (7,8% - masculino e 11,4% feminino). NÍVEL ECONÔMICO/RENDA: (FONTE: CENSO IBGE 2022, a partir da composição de tabela relacionando Município + código IBGE + UF + população por cada faixa + percentual por cada faixa). Até R$ 3.200,00 (57%); Mais de R$ 3.200,00 e até R$ 8.000,00 (32%); Mais de R$ 8.000,00 e até R$ 16.000,00 (9%); Mais de R$ 16.000,00 (2%), combinadas com versões mais recentes das PNADs. Eventual ponderação estatística para correção das variáveis de escolaridade e nível econômico, quando o caso e na ocorrência de diferenças superiores a 3% entre o previsto na amostra e a efetiva coleta de dados no campo. A margem de erro é de 2,5 pontos percentuais para mais ou para menos, sobre o resultado encontrado no total da amostra. Nível de confiança estimado de 95%, o que quer dizer que há uma probabilidade de 95% de os resultados retratarem a realidade, se repetido nas mesmas condições de execução. Para a seleção dos municípios que compõem a amostra é realizada uma configuração por conglomerado, sempre representativa do universo, a partir de suas populações votantes acima de 16 anos, e com o consequente sorteio/definição dos setores censitários a serem percorridos pelos entrevistadores sociais.";"Para a realização do levantamento estatístico de dados, o instituto se utiliza de equipe de entrevistadores sociais e supervisores de campo experientes e treinados para a execução da atividade. No mínimo 20% das entrevistas realizadas são auditadas, parte delas ainda no território, por coordenadores e supervisores de campo, a partir da observação participante. A outra parte via contato telefônico com os entrevistados que fornecem seu primeiro nome e/ou telefone de contato para o devido controle e verificação, conferência e fiscalização da coleta de dados, seja em relação às respostas, seja em confirmação da adequação aos parâmetros amostrais.";"A área de abrangência da coleta é o território da Baixada Santista. Conforme §7º. do art. 2º. da Resolução-TSE nº. 23.600/2019, a partir do dia em que a pesquisa puder ser divulgada e até o dia seguinte, o registro deverá ser complementado, sob pena de ser a pesquisa considerada não registrada; na ausência de delimitação do bairro, será identificada a área em que foi realizada): A relação das localidades selecionadas para aplicação da amostra será apresentada até o 7º dia seguinte ao registro da pesquisa."
"28/09/2026";"05:46:54";2026;81;"Eleições Gerais 2026";"SP";"SP";"SÃO PAULO";"SP024592026";"2026-09-17 17:27:33";"N";"36373743000154";"YES PESQUISAS E EVENTOS LTDA";"YES!";"Deputado Estadual";"2026-09-18 00:00:00";"2026-09-21 00:00:00";"2026-09-23 00:00:00";500;"8250";"Jimmy Adans Costa Palandi";"9000,00";"A presente pesquisa será realizada por meio de entrevistas individuais e presenciais, utilizando questionário estruturado, junto a uma amostra representativa do eleitorado do Município de Bragança Paulista/SP, composto por 130.993 eleitores. O plano amostral será realizado em dois estágios, com seleção dos setores por Probabilidade Proporcional ao Tamanho (PPT) e, posteriormente, seleção dos entrevistados por meio de quotas amostrais proporcionais ao perfil do eleitorado, considerando sexo, idade, grau de instrução e nível econômico";"Pesquisa quantitativa que consiste na realização de entrevistas presenciais, face-a-face, com a aplicação de questionário estruturado junto a uma amostra representativa do eleitorado da área em estudo elaborada em dois estágios. No primeiro estágio, realiza-se a seleção dos Setores (Ordenados segundo Distrito, Subdistrito, Bairro e Eleitorado), onde foram realizadas as entrevistas através de PPT (Probabilidade Proporcional ao Tamanho). No segundo estágio, realizam-se as entrevistas dentro dos setores delimitados utilizando-se as quotas amostrais proporcionais em função das seguintes variáveis:
GÊNERO: Masculino: 47% e Feminino: 53%
IDADE: Entre 16 e 24 anos: 11%; Entre 25 e 34 anos: 18%; Entre 35 e 44 anos: 20%; Entre 45 e 59 anos: 28% e com 60 anos ou mais: 23%
GRAU DE INSTRUÇÃO: Analfabeto/Lê e Escreve/ Ensino Fundamental Incompleto/ Ensino fundamental completo e Médio incompleto: 41%, Ensino médio completo e Superior incompleto: 41% e Ensino superior completo ou mais: 18%;
NIVEL ECONÔMICO: Sem Rendimentos até 2 SM: 25%, De 2 a 5 SM: 40% e Mais de 5 SM: 35%.
A amostra é de 500 (quinhentos) eleitores; sendo essa representativa dos moradores das áreas pesquisadas com nível de confiança de 95% (noventa e cinco por cento) para uma margem de erro de 4,4% (quatro virgula quatro) pontos percentuais para mais ou para menos sobre os resultados obtidos.
Fontes públicas e oficiais da pesquisa eleitoral:
Gênero/ Idade/ Grau de Instrução: TSE
Nível Econômico: IBGE";"As entrevistas foram realizadas por entrevistadores devidamente treinados e identificados, e serão acompanhados por supervisores de campo, que tem como função controlar, verificar e fiscalizar in loco a aplicação dos questionários, cumprindo-se rigorosamente a estratificação disponibilizada no plano amostral. Os questionários foram submetidos a uma fiscalização de cerca de 20% (vinte por cento) do total dos questionários aplicados pelos entrevistadores, para verificação das respostas e da adequação dos entrevistados aos parâmetros amostrais.";"A área de abrangência da coleta é o Município de Bragança Paulista/SP. A relação das localidades selecionadas para aplicação da amostra será apresentada até o 7º dia seguinte ao registro da pesquisa, conforme expresso no art. 2º, §7º da Resolução 23.600/2019 do TSE."
"28/09/2026";"05:46:54";2026;81;"Eleições Gerais 2026";"SP";"SP";"SÃO PAULO";"SP003482026";"2026-09-23 15:46:37";"S";"62292602000117";"ENFOQUE ASSESSORIA DE COMUNICACAO INTEGRADA LTDA - ME";"#NULO#";"Governador, Senador, Deputado Federal, Deputado Estadual, Deputado Distrital";"2026-09-23 00:00:00";"2026-09-27 00:00:00";"2026-09-29 00:00:00";800;"5716";"Mario Sergio Matheus dos Santos";"8500,00";"Levantamento quantitativo, por meio de pesquisa individual, utilizando questionário estruturado e padronizado, junto à amostra representativa do eleitorado regional, com dados do TRE-SP, com base no total de eleitores da cidade de Santos, no litoral de SP, onde a pesquisa será realizada.";"A seleção das pessoas pesquisadas, por meio de amostra representativa, dar-se-á em dois estágios. No primeiro, serão delimitadas as áreas a serem pesquisadas, concebendo-se o nível de bairro como ponto de partida. No segundo, os eleitores são selecionados por meio de quotas amostrais, levando-se em consideração proporções dadas pelas variáveis gênero, faixa etária e renda dos eleitores cadastrados, em nível das zonas eleitorais e dados populacionais. Em função da metodologia adotada, a pesquisa é autoponderada, ou seja, o sistema de amostragem por quotas, onde se busca obter um retrato similar do universo pesquisado, não sendo necessário qualquer tipo de ponderação quanto ao sexo, idade e nível econômico. O intervalo de confiança é de 95% e a margem de erro utilizada de 3,5 pontos percentuais para mais ou menos";"Para a realização da pesquisa, utiliza-se uma equipe de entrevistados contratados pela ENFOQUE COMUNICAÇÃO INTEGRADA, devidamente treinada para o trabalho. Após as pesquisas de campo, os questionários serão submetidos a uma fiscalização interna e acompanhamento das equipes para verificação das respostas e da adequação dos entrevistadores aos parâmetros amostrais. Salientamos que a pesquisa ocorrerá em campo, ou seja, presencial, com a devida conferência pela equipe de checagem em amostra definida";"Bairros Santos
272ª (estimativa de 32% do total de 800 entrevistas)
Aparecida, Embaré, Ponta da Praia, Macuco e Estuário
273ª (estimativa de 35% do total de 800 entrevistas)
Boqueirão, Gonzaga, Pompeia, José Menino, Campo Grande, Vila Belmiro e Marapé
118ª (estimativa de 33% do total de 800 entrevistas)
Zona Noroeste (Rádio Clube, Santa Maria, Saboó, Castelo, Caneleira, São Jorge, Santa Maria), Morros (São Bento, Nova Cintra, Pacheco, Monte Serrat), Valongo, Paquetá, Vila Mathias, Encruzilhada e Jabaquara.
Divisão de entrevistas de acordo com o perfil (gênero e faixa etária) da zona eleitoral."
"28/09/2026";"05:46:54";2026;81;"Eleições Gerais 2026";"SP";"SP";"SÃO PAULO";"SP017032026";"2026-06-29 13:11:37";"N";"07630546000175";"DATAFOLHA INSTITUTO DE PESQUISAS LTDA.";"#NULO#";"Governador, Senador";"2026-07-01 00:00:00";"2026-07-03 00:00:00";"2026-07-05 00:00:00";1608;"7249A";"Renata Nunes Cesar";"185706,64";"Pesquisa do tipo quantitativo, por amostragem, com aplicação de questionário estruturado e abordagem pessoal em pontos de fluxo populacional. O eleitorado do estado de São Paulo foi tomado como universo da pesquisa.

";"Universo: Eleitorado do estado de São Paulo
Tamanho da amostra: A amostra prevista é de 1608 entrevistas. 
Técnica de amostragem: A amostra é estratificada por natureza dos municípios (capital, região metropolitana ou interior), sendo que os estratos são desproporcionais em relação ao tamanho do universo. Posteriormente, as proporções corretas serão restabelecidas na fase de ponderação dos dados. Os municípios com população acima de 500 mil habitantes constituem estratos. Em cada estrato, num primeiro estágio, são sorteados com probabilidade proporcional ao tamanho (PPT) os municípios que farão parte do levantamento. Num segundo estágio, são sorteados os bairros e pontos de abordagem onde serão aplicadas as entrevistas.  Por fim, os entrevistados são selecionados aleatoriamente para responder ao questionário, de acordo com cotas de gênero e faixa etária. 

Os dados utilizados para definição e seleção da amostra são baseados nos dados fornecidos pelo TSE (dados maio 2026),  IBGE (Censo 2022, PNADC 2024 e Estimativa populacional 2025), além de dados primários de outros levantamentos do instituto.  Os dados relativos a gênero e faixa etária são: Homens: 47%, mulheres: 53%, 16 a 24 anos: 11%, 25 a 34 anos: 18%, 35 a 44 anos: 20%, 45 a 59 anos: 26% e 60 anos ou mais: 25%.

Para a variável grau de instrução os dados utilizados como referência são: até nível médio completo ou incompleto (inclui os sem escolaridade e analfabetos) =70% e nível superior (inclui superior incompleto) = 30%.

Ponderação dos resultados: Está prevista ponderação considerando as variáveis natureza do município (capital 27%, outros municípios da região metropolitana 21%, interior 52%), gênero e faixa etária. A variável escolaridade poderá ser ajustada de acordo com os percentuais detalhados anteriormente caso a diferença entre os valores descritos e observados seja maior que a margem de erro definida.  Para o nível econômico do entrevistado (renda familiar mensal declarada pelo respondente), a distribuição utilizada como referência foi: Até 2 S.M. (salários mínimos)=38%, mais de 2 S.M.=58%, não souberam ou recusaram a resposta=4%.  O fator previsto para ponderação é 1 (resultados obtidos em campo).


Margem de Erro: A margem de erro máxima prevista é de 2 pontos percentuais para mais ou para menos, considerando um nível de confiança de 95% e baseada em uma amostra aleatória simples (AAS). Os intervalos de confiança serão calculados considerando os resultados obtidos para um nível de confiança de 95%.
";"Os entrevistadores envolvidos na realização desta pesquisa são treinados pelo Instituto e recebem instruções específicas para cada projeto realizado. A coleta será feita com a utilização de tablet e questionário eletrônico. São checados, no mínimo, 20% dos questionários de cada pesquisador, seja in loco por supervisores de campo ou, posteriormente, por telefone. Internamente, todo o material é verificado e codificado. Antes do processamento final e emissão dos resultados, realiza-se processo de consistência dos dados. Os dados coletados e tratados nesta pesquisa atendem às exigências da LGPD, Lei Geral de Proteção de Dados, garantindo ao respondente o sigilo de sua identidade e o correto tratamento de suas respostas.";"A área de abrangência da coleta dos dados é o estado de São Paulo. A relação completa dos municípios e bairros pesquisados será anexada ao registro até o dia seguinte à data de publicação da pesquisa, conforme Resolução 23.600/2019 do TSE, no art.2º §7º. "
"28/09/2026";"05:46:54";2026;81;"Eleições Gerais 2026";"SP";"SP";"SÃO PAULO";"SP033412026";"2026-07-20 22:33:48";"S";"45613076000120";"INSTITUTO VOX BRASIL OPINIAO E PESQUISAS LTDA";"#NULO#";"Governador, Senador, Deputado Federal, Deputado Estadual";"2026-07-21 00:00:00";"2026-07-22 00:00:00";"2026-07-26 00:00:00";1200;"9907";"GUILHERME COELHO NEVES";"15000,00";"Metodologia de pesquisa: Pesquisa do tipo quantitativo, por amostragem, com aplicação de questionário estruturado e abordagem pessoal em domicílios particulares permanentemente ocupados (de acordo com a definição do IBGE - Instituto Brasileiro de Geografia e Estatística). O conjunto do eleitorado do município de Guarulhos-SP com 16 anos ou mais foi tomado como universo da pesquisa.";"Tamanho da amostra: A amostra prevista é de 1200 entrevistas. Técnica de amostragem: Amostragem por Conglomerados em Múltiplos Estágios com Controle de Cotas na Seleção do Respondente. Utilizamos a amostragem em mais de um estágio. No primeiro estágio dividimos o município em bairros/setores censitários (conglomerados), sendo os mesmos listados, onde foram sorteados aleatoriamente. No segundo estágio, foram sorteadas as ruas (dispondo de um mapa da região), no terceiro estágio fizemos o sorteio das casas (via amostragem sistemática .O próximo estágio é a seleção do entrevistado dentro da casa, onde o critério foi abordar um morador apto a votar no município que atendesse à equipe de campo, observados os controles amostrais posteriormente aplicados, sendo este obrigatoriamente morador da residência e eleitor da cidade pesquisada. Na etapa seguinte foi realizado um controle das seguintes variáveis: sexo, idade, grau de instrução e nível econômico. Também adotamos p=50% para maximizar o tamanho da amostra a) a amostra poderá ser ponderada levando em consideração a variável sexo da população de Guarulhos-SP, sendo 46,3% homens e 53,7% mulheres, conforme dados do TSE de Março de 2026 e a variável idade sendo consideradas as faixas: 16 anos: 0,1%; 17 anos: 0,35%; 18 a 20 anos: 4,38%; 21 a 24 anos: 7,71%; de 25 a 34 anos: 20,76%; de 35 a 44 anos: 20,67%; de 45 a 59 anos: 26,78%; de 60 a 69 anos: 12,02% e acima de 69 anos: 7,23% (TSE Março 2026). Quanto à variável grau de instrução, temos: ANALFABETO: 1,38%; LÊ E ESCREVE: 1,86%; ENSINO FUNDAMENTAL INCOMPLETO: 14,25%; ENSINO FUNDAMENTAL COMPLETO: 6,26%; ENSINO MÉDIO INCOMPLETO: 14,63%; ENSINO MÉDIO COMPLETO: 41,68%; SUPERIOR INCOMPLETO: 5,96% e SUPERIOR COMPLETO: 13,98% (TSE Março 2026). E para a variável renda, temos: Até 2 Salários Mínimos: 81,92%; 2 a 5 Salários Mínimos: 14,89%; 5 a 10 Salários Mínimos: 2,65% e acima de 10 Salários Mínimos: 0,54% (IBGE Censo 2022). Área física: Município de Guarulhos-SP em domicílios particulares permanentemente ocupados e sorteados de maneira aleatória simples sem reposição. Margem de Erro: A margem de erro máxima prevista para o total da amostra é de 2,85 pontos percentuais para mais ou para menos, considerando um nível de confiança de 95%. Os intervalos de confiança serão calculados considerando os resultados obtidos para um nível de confiança de 95%. Fonte de Dados: TSE-Março 2026 e IBGE Censo 2022 (https://sidra.ibge.gov.br/).";"Sistema interno de controle e verificação, conferência e fiscalização da coleta de dados e do trabalho de campo: Os pesquisadores envolvidos na realização desta pesquisa recebem treinamento especializado e instruções específicas de abordagem. O trabalho é feito com a equipe e dois coordenadores de campo. Há fiscalização no ato da entrevista e os questionários são recolhidos e checados quanto ao correto preenchimento dos dados. Após os trabalhos de campo, os questionários são submetidos a uma fiscalização que consiste na verificação de 20% dos questionários aplicados individualmente pelos entrevistadores, para checagem das respostas. Internamente, todo o material é verificado, codificado, digitado e, antes do processamento final, realiza-se a conferência da digitação (consistência dos dados).";"EM ANEXO."
"28/09/2026";"05:46:54";2026;81;"Eleições Gerais 2026";"SP";"SP";"SÃO PAULO";"SP049562026";"2026-08-04 19:29:03";"N";"13475743000160";"BOAS IDEIAS INTELIGENCIA EM PESQUISA E ESTRATEGIA DIGITAL LTDA";"BOAS IDEIAS, ESTRATEGIA E INTELIGENCIA DIGITAL.";"Governador, Senador";"2026-08-05 00:00:00";"2026-08-08 00:00:00";"2026-08-10 00:00:00";1800;"10524";"ADRIANA APARECIDA MARCAL";"69878,92";"Pesquisa quantitativa com aplicação de questionário estruturado, através pesquisa telefônica, junto a uma parcela representativa do eleitorado do estado de São Paulo.";"Representativo do eleitorado da área em estudo selecionado por amostragem através do método de probabilidade proporcional ao tamanho (PPT), com a técnica de Random Digit Dialing (RDD), que consiste na geração aleatória de números de telefone, assegurando que todos os indivíduos da população-alvo tenham probabilidade conhecida e diferente de zero de serem selecionados, o que permite o cálculo estatístico do tamanho da amostra, da margem de erro e dos intervalos de confiança. Considerando a população com 16 anos ou mais residente na localidade pesquisada em função das seguintes variáveis: Gênero: Masculino: 47%; Feminino: 53%; Grupos de idade: 16-24: 11%; 25-34: 18%; 35-44: 20%; 45-59: 27%; 60 anos e mais: 24%; Nível de escolaridade: Fundamental: 29%; Médio: 50% e Superior: 21%; Nível Econômico: Economicamente Ativo: 67%, Não Economicamente Ativo: 33%. Ponderação dos resultados: Está prevista eventual ponderação para correção das variáveis sexo e idade com base nos percentuais anteriormente mencionados, caso ocorram diferenças superiores a 2,3 pontos percentuais entre o previsto na amostra e a coleta de dados realizada. Para as variáveis de grau de instrução e nível econômico do entrevistado, o fator previsto para ponderação é 1 (resultados obtidos em campo). Margem de Erro: A margem de erro máxima estimada, considerando um modelo de amostragem aleatório simples, é de 2,3% para mais ou para menos e o nível de confiança é de 95%. Fonte dos dados: As proporções das variáveis são definidas a partir das pesquisas PNAD 2025 e Censo 2022/IBGE, TSE 2025.";"Os pesquisadores envolvidos na realização desta pesquisa são devidamente treinados para aplicação da técnica e deste tipo de questionário, recebendo instruções específicas para cada projeto. A coleta será feita por telefone. São checados 30% dos questionários de cada pesquisador, posteriormente, por telefone. Há monitoramento de contatos telefônicos. Internamente, todo o material é verificado e codificado. Antes do processamento final e emissão dos resultados, realiza-se processo de consistência dos dados.";"A área de abrangência da coleta é o estado de São Paulo. A relação das localidades selecionadas para aplicação da amostra será apresentada até o dia seguinte ao registro da pesquisa, conforme expresso no art. 2º, §7º da Resolução 23.600/2019 do TSE."
"28/09/2026";"05:46:54";2026;81;"Eleições Gerais 2026";"SP";"SP";"SÃO PAULO";"SP047452026";"2026-02-05 21:18:58";"N";"11849437000110";"IPESPE INST DE PESQUISAS SOCIAIS POLITICAS E ECONOMICAS";"#NULO#";"Governador, Senador";"2026-02-06 00:00:00";"2026-02-09 00:00:00";"2026-02-11 00:00:00";1500;"CONRE 5255";"Joaquim Andre Harmes";"80000,00";"Pesquisa quantitativa telefônica, realizada através de 
entrevistas a pessoas nas quais é aplicado um questionário estruturado. Essas pessoas 
constituem uma amostra representativa dos eleitores do estado de São Paulo, com acesso 
à rede telefônica fixa (na residência ou no trabalho) e a telefone celular, para o qual se 
pretende generalizar os resultados obtidos, ou seja, o eleitorado do estado de São Paulo. 
As entrevistas serão realizadas por equipes de pesquisadores com bastante experiência 
nesse tipo de trabalho, especialmente treinados para esta pesquisa. ";"Serão realizadas 1.500 entrevistas no estado de São Paulo, sendo 26% na capital, 21% na 
periferia e 53% no interior. No plano de amostragem utilizado para a estratificação são 
considerados os municípios, os sexos e as faixas etárias dos entrevistados.
Inicialmente as unidades amostrais são os municípios e no estágio seguinte são os 
eleitores residentes nos municípios. Para a seleção dos entrevistados será utilizado o 
sistema de cotas amostrais segundo Sexo e Grupos de idade. O número de entrevistas foi 
estabelecido com base em uma amostragem aleatória simples com um nível estimado de 
95,45% de confiança e uma margem de erro estimada de 2,6 pontos percentuais sobre os 
resultados encontrados no total da amostra. 
A distribuição da amostra prevista considera a seguinte distribuição representativa de 
acordo com o TSE (dezembro 2025): sexo masculino 47%, feminino 53%; faixa etária de 16 
a 24 anos 10%, 25 a 44 anos 38%, 45 a 59 anos 27% e 60 anos ou mais 25%; grau de 
instrução até o ensino fundamental 29%, ensino médio 50%, ensino superior 21%. Para
variável renda, que não é cota, utilizaremos o controle de amostra a partir dos dados 
disponíveis no Censo 2022-IBGE, com as seguintes faixas de renda domiciliar familiar: até 
2 salários mínimos 59%, de mais de 2 a 5 salários-mínimos 31%, de mais de 5 salários 
mínimos 10%. Fontes de dados utilizadas para segmentação da amostra: TSE (dezembro
2025) e Censo 2022 - IBGE. Está prevista eventual ponderação para correção das variáveis 
demográficas e econômicas, com base nos percentuais anteriormente mencionados, caso 
ocorram diferenças superiores a 3 pontos percentuais entre o previsto na amostra e a 
coleta de dados realizada. Caso ocorram diferenças inferiores a 3 pontos percentuais entre 
o previsto na amostra e a coleta de dados realizada, o fator previsto de ponderação será 1";"Durante os trabalhos de campo, os questionários serão submetidos a uma fiscalização de 
cerca de 20% (vinte por cento) dos questionários aplicados pelos entrevistadores, para 
verificação das respostas e da adequação dos entrevistados aos parâmetros amostrais. ";"A área física de realização da pesquisa é o estado de São Paulo. Os municípios nos quais 
serão realizadas as entrevistas serão informados dentro do prazo legal previsto na 
Resolução-TSE nº. 23.600/2019"
"28/09/2026";"05:46:54";2026;81;"Eleições Gerais 2026";"SP";"SP";"SÃO PAULO";"SP055112026";"2026-08-10 23:01:05";"S";"45613076000120";"INSTITUTO VOX BRASIL OPINIAO E PESQUISAS LTDA";"#NULO#";"Governador, Senador, Deputado Federal, Deputado Estadual";"2026-08-11 00:00:00";"2026-08-14 00:00:00";"2026-08-16 00:00:00";2000;"9907";"GUILHERME COELHO NEVES";"20000,00";"Pesquisa do tipo quantitativo, por amostragem, com aplicação de questionário estruturado e abordagem pessoal em domicílios particulares permanentemente ocupados, de acordo com a definição do IBGE ¿ Instituto Brasileiro de Geografia e Estatística. O conjunto do eleitorado da Região do ABC Paulista, no Estado de São Paulo, com 16 anos ou mais, foi tomado como universo da pesquisa. A região considerada é composta pelos municípios de Diadema, Mauá, Ribeirão Pires, Rio Grande da Serra, Santo André, São Bernardo do Campo e São Caetano do Sul.";"Tamanho da amostra: A amostra prevista é de 2.000 entrevistas. A Técnica de amostragem: Amostragem por Conglomerados em Múltiplos Estágios com Controle de Cotas na Seleção do Respondente. Utilizamos a amostragem em mais de um estágio. No primeiro estágio dividimos o município em bairros/setores censitários (conglomerados), sendo os mesmos listados, onde foram sorteados aleatoriamente. No segundo estágio, foram sorteadas as ruas (dispondo de um mapa da região), no terceiro estágio fizemos o sorteio das casas (via amostragem sistemática. O próximo estágio é a seleção do entrevistado dentro da casa, onde o critério foi abordar um morador apto a votar no município que atendesse à equipe de campo, observados os controles amostrais posteriormente aplicados, sendo este obrigatoriamente morador da residência e eleitor da cidade pesquisada. Na etapa seguinte foi realizado um controle das seguintes variáveis: sexo, idade, grau de instrução e nível econômico. Também adotamos p=50% para maximizar o tamanho da amostra a) a amostra poderá ser ponderada levando em consideração a variável sexo da população da Região do ABC Paulista, sendo 46,47% homens e 53,53% mulheres, conforme dados do TSE de abril de 2026. A variável idade considerou as seguintes faixas: 16 anos: 0,13%; 17 anos: 0,38%; 18 a 20 anos: 3,69%; 21 a 24 anos: 6,14%; de 25 a 34 anos: 17,65%; de 35 a 44 anos: 20,18%; de 45 a 59 anos: 26,75%; de 60 a 69 anos: 13,28%; e acima de 69 anos: 11,80% (TSE, abril de 2026). Quanto à variável grau de instrução, temos: ANALFABETO: 1,29%; LÊ E ESCREVE: 2,97%; ENSINO FUNDAMENTAL INCOMPLETO: 15,94%; ENSINO FUNDAMENTAL COMPLETO: 6,42%; ENSINO MÉDIO INCOMPLETO: 17,91%; ENSINO MÉDIO COMPLETO: 33,80%; SUPERIOR INCOMPLETO: 6,18%; e SUPERIOR COMPLETO: 15,49% (TSE, abril de 2026). E para a variável renda, calculada pela consolidação das informações das sete cidades do ABC Paulista, temos: Até 2 Salários Mínimos: 73,51%; 2 a 5 Salários Mínimos: 21,03%; 5 a 10 Salários Mínimos: 4,37%; e acima de 10 Salários Mínimos: 1,09% (IBGE, Censo 2022-https://sidra.ibge.gov.br/).  Área física: Região do ABC Paulista, Estado de São Paulo, compreendendo os municípios de Diadema, Mauá, Ribeirão Pires, Rio Grande da Serra, Santo André, São Bernardo do Campo e São Caetano do Sul, em domicílios particulares permanentemente ocupados e sorteados de maneira aleatória simples sem reposição. A margem de erro máxima prevista para o total da amostra é de 2,2 pontos percentuais, para mais ou para menos, considerando um nível de confiança de 95%. Os intervalos de confiança serão calculados considerando os resultados obtidos para um nível de confiança de 95%. Fonte de dados: TSE ¿ abril de 2026 e IBGE ¿ Censo 2022(https://sidra.ibge.gov.br/).";"Os pesquisadores envolvidos na realização desta pesquisa recebem treinamento especializado e instruções específicas de abordagem. O trabalho é feito com a equipe e dois coordenadores de campo. Há fiscalização no ato da entrevista e os questionários são recolhidos e checados quanto ao correto preenchimento dos dados. Após os trabalhos de campo, os questionários são submetidos a uma fiscalização que consiste na verificação de 20% dos questionários aplicados individualmente pelos entrevistadores, para checagem das respostas. Internamente, todo o material é verificado, codificado, digitado e, antes do processamento final, realiza-se a conferência da digitação, por meio de consistência dos dados.";"EM ANEXO."
"28/09/2026";"05:46:54";2026;81;"Eleições Gerais 2026";"SP";"SP";"SÃO PAULO";"SP027942026";"2026-09-08 20:53:11";"S";"22345021000181";"REAL TIME MIDIA LTDA";"REAL TIME BIG DATA";"Governador, Senador";"2026-09-09 00:00:00";"2026-09-12 00:00:00";"2026-09-14 00:00:00";2000;"10839";"Isabela Zara Cremoneze";"30000,00";"Pesquisa quantitativa, que consiste na realização de entrevistas com eleitores do universo a ser explorado, feitas em combinação mista por entrevistadores humanos e recursos de inteligência artificial, com a aplicação de questionário estruturado com abordagens telefônicas e digitais junto a uma amostra representativa do eleitorado em estudo. Pesquisa realizada no Estado de São Paulo (SP).";"Representativo do eleitorado da área em estudo, elaborada em três estágios.
No primeiro estágio, realiza-se um sorteio probabilístico dos municípios onde as entrevistas serão realizadas, pelo método PPT (Probabilidade Proporcional ao Tamanho), tomando a população eleitora de 16 anos ou mais residente nos municípios como base para essa seleção.
No segundo estágio, efetua-se um sorteio probabilístico das localidades dentro dos municípios selecionados, também pelo método PPT (Probabilidade Proporcional ao Tamanho), considerando a população eleitora de 16 anos ou mais residente nessas localidades como base para a seleção.
No terceiro e último estágio, dentro das localidades sorteadas, os respondentes são selecionados por meio de quotas amostrais proporcionais, em função de variáveis significativas, a saber:

GÊNERO:
Feminino: 53,27%;
Masculino: 46,73%;
(Fonte: TSE, Agosto2026 -- https://sig.tse.jus.br/ords/dwapr/r/seai/sig-eleitor-eleitorado-mensal/cruzamento-eleitorado-mensal?p24_metricas=E&p24_back=22&p24_cruzamento_1=ds_sexo&clear=24&session=112920729923306)
FAIXA ETÁRIA:
16 anos: 0,17%;
17 anos: 0,36%;
18 a 20 anos: 3,75%;
21 a 24 anos: 6,40%;
25 a 34 anos: 18,00%;
35 a 44 anos: 19,71%;
45 a 59 anos: 26,62%;
60 a 69 anos: 13,57%;
70 a 79 anos: 7,92%;
Superior a 79 anos: 3,51%;
(Fonte: TSE, Agosto/2026 -- https://sig.tse.jus.br/ords/dwapr/r/seai/sig-eleitor-eleitorado-mensal/cruzamento-eleitorado-mensal?p24_cruzamento_1=ds_faixa_etaria&p24_metricas=E&p24_back=22&clear=24&session=112920729923306)
ESCOLARIDADE:
Analfabeto: 1,68%;
Lê e Escreve: 2,85%;
Ensino Fundamental Incompleto: 17,53%;
Ensino Fundamental Completo: 6,64%;
Ensino Médio Incompleto: 16,67%;
Ensino Médio Completo: 33,44%;
Ensino Superior Incompleto: 6,13%;
Ensino Superior Completo: 15,05%;
(Fonte: TSE, Agosto/2026 -- https://sig.tse.jus.br/ords/dwapr/r/seai/sig-eleitor-eleitorado-mensal/cruzamento-eleitorado-mensal?p24_cruzamento_1=ds_grau_instrucao&p24_metricas=E&p24_back=22&clear=24&session=112920729923306)
RENDA DOMICILIAR MENSAL:
Sem rendimento: 4,15%;
Até 1/2 Salário Mínimo: 0,76%;
Mais de 1/2 a 1 Salário Mínimo: 7,29%;
Mais de 1 a 2 Salários Mínimos: 18,58%;
Mais de 2 a 5 Salários Mínimos: 38,74%;
Mais de 5 a 10 Salários Mínimos: 19,53%;
Mais de 10 a 20 Salários Mínimos: 7,61%;
Mais de 20 Salários Mínimos: 3,34%;
(Fonte: IBGE (CENSO-2010) -- https://cidades.ibge.gov.br/brasil/sp/pesquisa/23/24304?detalhes=true)

Observação: De acordo com informações do Instituto Brasileiro de Geografia e Estatística (IBGE), não há previsão de data para a divulgação do perfil econômico da população brasileira do CENSO 2022. Portanto, os dados sobre o nível econômico obtidos no Censo 2022 não podem ser utilizados, pois ainda não foram publicados.
Está prevista eventual ponderação para correção das variáveis sexo e idade, com base nos percentuais anteriormente mencionados, caso ocorram diferenças superiores a 3 pontos percentuais entre o previsto na amostra e a coleta de dados realizada. Para as variáveis de grau de instrução e nível econômico do entrevistado, o fator previsto para ponderação é 1 (resultados obtidos em campo). O nível de confiança estimado é de 95% e a margem de erro máxima estimada considerando um modelo de amostragem aleatório simples, é de aproximadamente 2 (dois) pontos percentuais para mais ou para menos sobre os resultados encontrados no total da amostra.";"O trabalho de coleta de dados é acompanhado por supervisores humanos. São selecionados aleatoriamente 15% (quinze por cento) dos questionários para uma verificação posterior e, em caso de dúvida, o formulário é descartado e o responsável pela coleta chamado para esclarecimentos. Há uma equipe especializada que confere os dados à exaustão com objetivo de averiguar e aferir os resultados coletados.";"O anexo do arquivo com os bairros será realizado até o dia seguinte da divulgação conforme indicado no §7º. do art. 2º. da Resolução-TSE nº. 23.600/2019."
"28/09/2026";"05:46:54";2026;81;"Eleições Gerais 2026";"SP";"SP";"SÃO PAULO";"SP019962026";"2026-09-26 12:41:38";"S";"24899123000174";"INSTITUTO FRANCA DE PESQUISAS LTDA";"INSTITUTO FRANCA DE PESQUISA PESQUISA E ASSESSORIA";"Governador";"2026-09-28 00:00:00";"2026-10-02 00:00:00";"2026-10-02 00:00:00";1500;"10682";"Aldine Andrea Oliveira de Sousa Cabral";"58692,97";"Pesquisa de natureza quantitativa, realizada por meio da execução da metodologia CATI (FONE), com aplicação de questionário estruturado junto a eleitoras e eleitores aptos a votar no Estado de São Paulo. A pesquisa é realizada por iniciativa do Instituto França, sem contratante externo, sendo a própria entidade responsável pela realização e pelo custeio do levantamento. Os recursos empregados na execução da pesquisa são provenientes do caixa próprio da empresa, devendo o valor informado no registro corresponder aos recursos atribuídos à realização do levantamento, conforme os critérios administrativos, operacionais e contábeis adotados pela entidade.";"Universo: eleitoras e eleitores com 16 anos de idade ou mais. Tamanho da amostra: 1500 entrevistas. Técnica de amostragem: amostra aleatória simples a partir de banco de dados de números telefônicos fixos e celulares. A amostra é estratificada por região geográfica com base no município informado quando da coleta. Na apresentação final do resultado da pesquisa os dados serão ponderados com base nos percentuais mencionados abaixo, caso ocorram diferenças entre os percentuais previstos na amostra e a coleta de dados realizada. Fonte pública dos dados: TSE (julho 2026) e IBGE (Censo 2010 e Censo 2022).

As categorias demográficas foram estratificadas da seguinte forma:

Sexo (Masculino 46,72% e Feminino: 53,25%); Faixa Etária: 16 anos (F = 0,17% M = 0,17%) 17 anos (F = 0,36% M = 0,37%) 18 anos (F = 0,95% M = 1,08%) 19 anos (F = 1,20% M = 1,35%), 20 anos (F = 1,37% M = 1,58%), 21 a 24 anos (F = 6,07% M = 6,77%), 25 a 29 anos (F = 8,65% M = 9,25%), 30 a 34 anos (F = 8,88% M = 9,30%), 35 a 39 anos (F = 9,34% M = 9,68%), 40 a 44 anos (F = 10,10% M = 10,35%), 45 a 49 anos (F = 9,87% M = 9,98%), 50 a 54 anos (F = 8,71% M = 8,74%), 55 a 59 anos (F = 7,99% M = 7,96%), 60 a 64 anos (F = 7,55% M = 7,23%), 65 a 69 anos (F = 6,40% M = 5,89%), 70 a 74 anos (F = 5,07% M = 4,45%), 75 a 79 anos (F = 3,40% M = 2,83%%), 80 a 84 anos (F = 1,91% M = 1,49%), 85 a 89 anos (F = 1,05% M = 0,73%), 90 a 94 anos (F = 0,50% M = 0,32%), 95 a 99 anos (F = 0,26% M = 0,22%) , 100 anos ou mais (F = 0,21% M = 0,26%);

Grau de Instrução: Analfabeto (F = 1,82% M = 1,53%), Lê E Escreve (F = 2,94% M = 2,68%), Ensino Fundamental Incompleto (F = 17,02% M = 18,12%), Ensino Fundamental Completo (F = 6,40% M = 6,92%), Ensino Médio Incompleto (F = 14,74% M = 18,87%), Ensino Médio Completo (F = 33,99% M = 32,84%); Superior Incompleto (F = 6,20% M = 6,06%), Superior Completo (F= 16,88% M = 12,97%).

Para a variável Nível Econômico: SEM RENDA ATÉ 1 SALÁRIO MÍNIMO 10,83%, MAIS DE 1 ATÉ 2 SALÁRIOS MÍNIMOS 15,76%, MAIS DE 2 ATÉ 5 SALÁRIOS MÍNIMOS 38,04%, MAIS DE 5 ATÉ 10 SALÁRIOS MÍNIMOS 21,45%, MAIS DE 10 ATÉ 20 SALÁRIOS MÍNIMOS 9,13%, MAIS DE 20 SALÁRIOS MÍNIMOS 4,78%


Para fins de dimensionamento e estimação da precisão amostral, adota-se como referência a aproximação normal para estimação de proporções, considerando máxima variabilidade populacional (p = 0,50 e q = 0,50), nível de confiança de 95% e hipótese estatística de equivalência à amostragem aleatória simples. Nessas condições, a margem de erro máxima estimada para os resultados referentes ao conjunto da amostra é de aproximadamente 2,5 pontos percentuais, para mais ou para menos. Fontes dos dados Para elaboração, execução e controle do plano amostral serão utilizadas fontes públicas devidamente identificadas, compreendendo: Tribunal Superior Eleitoral ¿ TSE: dados públicos relativos ao eleitorado apto e às características demográficas do eleitorado utilizadas na elaboração das quotas e dos parâmetros amostrais; Instituto Brasileiro de Geografia e Estatística ¿ IBGE: malha e identificação dos setores censitários/localidades, dados populacionais e demais informações demográficas, territoriais e socioeconômicas efetivamente utilizadas no planejamento da pesquisa;";"As entrevistas serão realizadas por equipe de entrevistadores e supervisores devidamente selecionados, treinados e orientados pelo Instituto França de Pesquisas, com experiência na execução de pesquisas de opinião pública e eleitoral. Todo o processo de coleta será acompanhado pela coordenação responsável, mantendo-se registros e mecanismos internos de controle destinados a assegurar a qualidade e a confiabilidade das informações obtidas.";"A área de abrangência da coleta corresponde ao Estado de São Paulo. Os dados relativos aos municípios, bairros e demais áreas geográficas efetivamente pesquisadas serão informados na complementação do registro da pesquisa, dentro do prazo estabelecido pela regulamentação eleitoral vigente."
"28/09/2026";"05:46:54";2026;81;"Eleições Gerais 2026";"SP";"SP";"SÃO PAULO";"SP037362026";"2026-09-27 22:43:23";"S";"45613076000120";"INSTITUTO VOX BRASIL OPINIAO E PESQUISAS LTDA";"#NULO#";"Governador, Senador, Deputado Federal, Deputado Estadual";"2026-09-29 00:00:00";"2026-09-30 00:00:00";"2026-10-03 00:00:00";1000;"9907";"GUILHERME COELHO NEVES";"10000,00";"Pesquisa do tipo quantitativo, por amostragem, com aplicação de questionário estruturado e abordagem pessoal em domicílios particulares permanentemente ocupados, de acordo com a definição do IBGE ¿ Instituto Brasileiro de Geografia e Estatística. O conjunto do eleitorado do município de Sertãozinho, São Paulo, com 16 anos ou mais, foi tomado como universo da pesquisa.";"Tamanho da amostra: A amostra prevista é de 1.000 entrevistas.
Técnica de amostragem: Amostragem por Conglomerados em Múltiplos Estágios com Controle de Cotas na Seleção do Respondente. No primeiro estágio, a área pesquisada é organizada por regiões e setores censitários. Em seguida, são sorteados os setores, listadas as unidades selecionadas e sorteadas as ruas com apoio de mapa da região. Posteriormente, são selecionados os domicílios por amostragem sistemática. Dentro de cada residência, aborda-se um morador apto a votar, obrigatoriamente residente no domicílio e eleitor de Sertãozinho, observados os controles amostrais aplicados.
Na etapa de controle, são consideradas as variáveis sexo, idade, grau de instrução e nível econômico. Adota-se p=50% para maximizar a variância e, consequentemente, produzir a estimativa conservadora da margem de erro. A amostra poderá ser ponderada pelos percentuais calculados diretamente das quantidades presentes nas fontes indicadas.
Sexo: Homens: 47,82%; Mulheres: 52,18%; Não Informado: 0,00%, conforme o TSE de Agosto de 2026.
Faixa etária: 16 anos: 0,17%; 17 anos: 0,41%; 18 a 20 anos: 4,02%; 21 a 24 anos: 6,59%; 25 a 34 anos: 18,33%; 35 a 44 anos: 21,63%; 45 a 59 anos: 27,07%; 60 a 69 anos: 13,39%; Acima de 69 anos: 8,39%, conforme o TSE de Agosto de 2026.
Grau de instrução: ANALFABETO: 2,30%; LÊ E ESCREVE: 3,76%; ENSINO FUNDAMENTAL INCOMPLETO: 18,60%; ENSINO FUNDAMENTAL COMPLETO: 7,63%; ENSINO MÉDIO INCOMPLETO: 15,28%; ENSINO MÉDIO COMPLETO: 32,37%; SUPERIOR INCOMPLETO: 5,18%; SUPERIOR COMPLETO: 14,88%, conforme o TSE de Agosto de 2026.
Renda: Até 2 salários mínimos: 79,32%; Mais de 2 a 5 salários mínimos: 17,96%; Mais de 5 a 10 salários mínimos: 2,30%; Acima de 10 salários mínimos: 0,41%; Não Informado: 0,01%, conforme o IBGE Censo 2022 (https://sidra.ibge.gov.br/tabela/10296).
Área física: Município de Sertãozinho, São Paulo, em domicílios particulares permanentemente ocupados e sorteados por procedimento aleatório sem reposição.
Margem de erro: A margem de erro máxima prevista para o total da amostra é de 3,08 pontos percentuais para mais ou para menos, considerando nível de confiança de 95%. Os intervalos de confiança serão calculados para esse mesmo nível de confiança. Com p=50% e correção para população finita, o valor calculado é de 3,08 pontos percentuais.
Fonte de dados: TSE ¿ Agosto de 2026, com carga em 01/09/2026; e IBGE Censo 2022 (https://sidra.ibge.gov.br/tabela/10296).";"Os pesquisadores envolvidos na realização desta pesquisa recebem treinamento especializado e instruções específicas de abordagem. O trabalho é realizado com equipe de campo e coordenadores. Há fiscalização no ato da entrevista, e os questionários são recolhidos e checados quanto ao correto preenchimento. Após os trabalhos de campo, os questionários são submetidos a fiscalização, com verificação de 20% dos instrumentos aplicados individualmente pelos entrevistadores, para checagem das respostas. Internamente, todo o material é verificado, codificado e digitado. Antes do processamento final, realiza-se a conferência da digitação e a análise de consistência dos dados.";"EM ANEXO."
"28/09/2026";"05:46:54";2026;81;"Eleições Gerais 2026";"SP";"SP";"SÃO PAULO";"SP041862026";"2026-09-19 21:11:19";"N";"53568314000151";"COLECTTA INSTITUTO DE PESQUISA E ESTATISTICA LTDA";"#NULO#";"Governador";"2026-09-19 00:00:00";"2026-09-22 00:00:00";"2026-09-25 00:00:00";1800;"9834-A";"Diego Henrique Carvalho Camacho";"148320,00";"Pesquisa com metodologia quantitativa, de caráter survey, realizada por meio de entrevistas pessoais, domiciliares e presenciais, com aplicação de questionário estruturado junto a uma amostra representativa do eleitorado brasileiro com 16 anos ou mais. As entrevistas são conduzidas por entrevistadores devidamente credenciados e capacitados, sob total responsabilidade da empresa Colectta, seguindo rigorosamente os procedimentos técnicos e éticos aplicáveis às pesquisas de opinião pública. O desenho amostral combina a definição probabilística de municípios e de áreas de coleta correspondentes a setores censitários do IBGE, dentro das quais os respondentes são selecionados por meio de cotas amostrais.";"O público-alvo da pesquisa é composto por eleitores de 16 anos ou mais residentes no estado de São Paulo. A coleta de dados será realizada presencialmente, por meio de entrevistas domiciliares. A amostra será composta por 1.800 entrevistas, distribuídas segundo um plano amostral por conglomerados. Inicialmente, serão definidos municípios pelo método de probabilidade proporcional ao tamanho do eleitorado e áreas de coleta correspondentes a setores censitários do IBGE. Dentro das áreas selecionadas, os entrevistados serão escolhidos por meio de cotas amostrais proporcionais às distribuições do eleitorado paulista, considerando sexo, faixa etária, renda domiciliar e nível de instrução.
Sexo: Masculino (47%); Feminino (53%).
Faixa etária: 16-34 anos (28%%); 35-59 anos (47%); 60 ou mais (25%). Renda domiciliar total, incluindo pensões, benefícios e rendimentos de trabalhos informais: Até 2 salários-mínimos (19%); Mais de 2 a 5 salários-mínimos (43%); Mais de 5 salários-mínimos (38%). Nível de instrução: Até Fundamental completo ou médio incompleto (33%); Médio completo ou superior incompleto (43%); Superior completo ou mais (24%)
As distribuições utilizadas como referência têm como base dados do Tribunal Superior Eleitoral TSE para sexo e faixa etária para a malha de setores censitários, Censo 2022 (IBGE); para a distribuição de renda domiciliar, PNADc Anual 2025, 1ª visita (IBGE); e, para a distribuição de escolaridade/instrução, PNADc trimestral 2-2026 (IBGE). A PNADc é utilizada por ser a fonte oficial mais atualizada de rendimentos do país, incluindo rendimentos informais, pensões, entre outros, e corrigindo as defasagens temporais do Censo 2022. Está prevista eventual ponderação da amostra para correção das variáveis sexo e idade, caso sejam observadas diferenças relevantes entre a amostra planejada e os dados efetivamente coletados. Para grau de instrução e renda domiciliar, o fator de ponderação previsto é 1. O nível de confiança estimado é de 95%, e a margem de erro máxima estimada, considerando um modelo de amostragem aleatória simples como aproximação estatística, é de 2,3 pontos percentuais para mais ou para menos sobre os resultados encontrados no total da amostra.";"As entrevistas serão realizadas por uma equipe de entrevistadores e supervisores devidamente qualificada pela Colectta, com experiência e treinamento em pesquisas de opinião pública. Durante o trabalho de campo, os questionários serão submetidos a controles de geolocalização por GPS, duração, data e horário da entrevista, gravação de áudio e verificação automática de consistência. No mínimo 20% das entrevistas realizadas serão auditadas, com o objetivo de verificar a correta aplicação do questionário, a adequação do entrevistado às cotas amostrais e a consistência das informações coletadas.";"A área de abrangência da pesquisa é o estado de São Paulo. A relação detalhada dos municípios e setores censitários nos quais foram realizadas as entrevistas, bem como o número de entrevistas efetuadas em cada localidade, constará em anexo ao registro da pesquisa, conforme previsto no §7º do art. 2º da Resolução TSE nº 23.600/2019. Na ausência de delimitação formal de bairros, será identificada a área ou setor censitário em que foi realizada a coleta de dados, sendo o registro complementado dentro do prazo legal estabelecido."
"28/09/2026";"05:46:54";2026;81;"Eleições Gerais 2026";"SP";"SP";"SÃO PAULO";"SP069462026";"2026-08-19 15:10:54";"N";"22445600000104";"QUAEST PESQUISAS, CONSULTORIA E PROJETOS LTDA.";"#NULO#";"Governador, Senador";"2026-08-21 00:00:00";"2026-08-24 00:00:00";"2026-08-25 00:00:00";1800;"6731";"Margarida Maria de Mendonca";"216900,00";"Pesquisa quantitativa, de survey, que consiste na realização de entrevistas pessoais, domiciliares e presenciais, conduzidas por profissionais treinados, com a aplicação de questionários estruturados a uma amostra representativa da população votante de 16 anos ou mais residente no estado de São Paulo. O desenho amostral aplicado combina sorteio probabilístico de municípios e de setores censitários fornecidos pelo IBGE (unidades territoriais homogêneas, de tamanho similar a quadras ou blocos), dentro dos quais serão selecionadas pessoas respondentes por meio de cotas amostrais.";"O público pesquisado é composto por eleitores de 16 anos ou mais residentes na área de abrangência da pesquisa. Para produzir uma amostra representativa desse público-alvo, utilizamos um desenho amostral por conglomerados que prevê três estágios. No primeiro estágio, é feito um sorteio probabilístico de municípios para comporem a amostra por meio do método PPT (Probabilidade Proporcional ao Tamanho) a partir de suas populações votantes acima de 16 anos. Dentro da lista de municípios sorteados, no segundo estágio, é realizado um sorteio probabilístico por meio do método PPT (Probabilidade Proporcional ao Tamanho) de setores censitários a serem visitados pelos entrevistadores, sorteio que tem como base o total de habitantes residentes nos setores de acordo com dados do Censo de 2022, o que garante a dispersão aleatória e estatística da amostra dentro dos territórios municipais, independentemente de divisões administrativas. Finalmente, dentro da lista de setores censitários sorteados, no último estágio são selecionados domicílios e pessoas a serem entrevistadas utilizando-se cotas amostrais para as seguintes variáveis: sexo, idade, renda familiar e escolaridade. O perfil da amostra, definido pelas cotas previstas, é o seguinte:

Sexo: Masculino (47%); Feminino (53%). 
Faixa etária: 16-34 anos (28%); 35-59 anos (47%); 60 ou mais (25%). 
Renda domiciliar total, incluindo pensões, benefícios e rendimentos de trabalhos informais: Até 2 salários-mínimos (19%); Mais de 2 a 5 salários-mínimos (43%); Mais de 5 salários-mínimos (38%). 
Nível de instrução: Até Fundamental completo ou médio incompleto (33%); Médio completo ou superior incompleto (43%); Superior completo ou mais (24%). 

Fonte dos dados: para a distribuição de sexo e idade, TSE-Tribunal Superior Eleitoral - julho/2026; para a malha de setores censitários, Censo 2022 (IBGE); para a distribuição de renda domiciliar, PNADc Anual 2025, 1ª visita (IBGE); e, para a distribuição de escolaridade/instrução, PNADc trimestral 1-2026 (IBGE). A PNADc é utilizada por ser a fonte oficial mais atualizada de rendimentos do país, incluindo rendimentos informais, pensões, entre outros, e corrigindo as defasagens temporais do Censo 2022, além de ser a fonte mais atualizada de nível de instrução da população com 16 anos ou mais dada ausência de atualização obrigatória da escolaridade no registro de eleitores do TSE.

Está prevista eventual pós-estratificação da amostra, por meio de algoritmos de calibração (rake) e modelos (MrP), para correção de estimativas e das distribuições das variáveis sexo, idade, renda familiar e escolaridade, com base nos percentuais anteriormente mencionados, caso ocorram diferenças entre os percentuais previstos na amostra e a coleta de dados realizada. 

Dentro do público-alvo anteriormente descrito, serão realizadas 1.800 entrevistas. O nível de confiança das estimativas é de 95% e a margem de erro máxima prevista, atendendo às diretivas do TSE e usando o cálculo para amostra aleatória simples (AAS) como aproximação, é de cerca de 2 pontos percentuais para mais ou para menos em relação aos totais da amostra.";"As entrevistas serão realizadas por uma equipe de entrevistadores devidamente qualificada, com experiência e treinamento em pesquisa de opinião pública. Todo trabalho é feito em tablets ou outros dispositivos eletrônicos. Após a realização da coleta de dados, as entrevistas junto aos respondentes são checadas por meio de procedimentos de consistência e de georreferenciamento dos locais de aplicação em tempo real. Adicionalmente, ao longo e após os trabalhos de campo, é realizada uma fiscalização que consiste na checagem de áudio de uma amostra de 30% dos questionários aplicados para verificação das respostas e da adequação dos entrevistados aos parâmetros amostrais.";"A área de abrangência da coleta é o território do estado de São Paulo. A relação do número de pessoas pesquisadas nas áreas de aplicação da pesquisa, discriminadas por município, bairros e setores censitários a partir dos identificadores utilizados pelo IBGE, além da composição do eleitorado entrevistado na área de abrangência quanto a gênero, idade, grau de instrução e nível econômico, constará em anexo. O mapa com os códigos destes setores censitários e as áreas que delimitam no país todo podem ser conferidos na seguinte fonte oficial: https://censo2022.ibge.gov.br/panorama/mapas.html?localidade=&recorte=setores_censitarios"
"28/09/2026";"05:46:54";2026;81;"Eleições Gerais 2026";"SP";"SP";"SÃO PAULO";"SP001522026";"2026-08-29 10:02:35";"N";"52908063000144";"100% CIDADES PARTICIPACOES LTDA";"100 CIDADES";"Governador, Senador";"2026-09-01 00:00:00";"2026-09-03 00:00:00";"2026-09-04 00:00:00";1600;"8140";"FABIOLA MIRANDA VON RONDOW";"128000,00";"Pesquisa do tipo quantitativa, por amostragem, com aplicação de questionário estruturado realizado por meio telefônico. O universo da pesquisa é o eleitorado do Estado de São Paulo com 16 anos ou mais. Dentro das localidades indicadas, os respondentes são selecionados aleatoriamente, considerando todo o território e a totalidade dos respectivos bairros dos Municípios abrangidos pela pesquisa, pelo sistema de cotas amostrais em função de variáveis significativas.";"Representativo do eleitorado da área em estudo. A amostra é estratificada por região de moradia, com base na população residente em quaisquer dos bairros ou áreas dos Municípios abrangidos pela pesquisa. (Fonte dos Dados: Censo IBGE 2022). Dentro da área de abrangência da pesquisa, os respondentes são selecionados aleatoriamente com o auxílio de computador pelo sistema de cotas amostrais em função de variáveis significativas, a saber: Gênero: masculino 46,7%; feminino 53,3% (Fonte dos Dados: TSE- julho/2026 - https://sig.tse.jus.br/ords/dwapr/r/seai/sig-eleitor-eleitorado-mensal/cruzamento-eleitorado-mensal?p24_metricas=E&p24_back=1&clear=24&session=302807354744382 - cruzamento 1: Gênero); Faixa etária: 16 a 24 anos, 10,7%; 25 a 34 anos, 18,0%; 35 a 44 anos, 19,7%; 45 a 59 anos, 26,6%; 60 anos ou mais, 25,0% (Fonte dos Dados: TSE- julho /2026 - https://sig.tse.jus.br/ords/dwapr/r/seai/sig-eleitor-eleitorado-mensal/cruzamento-eleitorado-mensal?p24_metricas=E&p24_back=1&clear=24&session=302807354744382 - cruzamento 1: Faixa Etária); Para a variável grau de instrução, os dados são: Até Ensino Fundamental Completo, 25,6%; Ensino Médio incompleto ou completo, 43,8%; Ensino superior incompleto ou mais, 30,6% (Fonte dos dados: PNAD continua 1º trimestre de 2026); Para a variável nível econômico, a renda familiar: Sem rendimento/até 1 salário-mínimo 12,2%; acima de 1 a 2 salários-mínimos 18,6%; acima de 2 a 5 salários-mínimos 38,7%; acima de 5 a 10 salários-mínimos 19,5%; acima de 10 salários-mínimos 11,0% (Fonte dos dados: Censo IBGE/2010 - https://cidades.ibge.gov.br/brasil/sp/pesquisa/23/24304). Observação: De acordo com informações do Instituto Brasileiro de Geografia e Estatística (IBGE), não há previsão de data para a divulgação do perfil econômico da população brasileira do CENSO 2022. Portanto, considerando que os dados sobre o nível econômico obtidos no Censo 2022 ainda não foram publicados, adotou-se para essa variável os dados disponíveis do Censo IBGE/2010. Está prevista eventual ponderação para correção das variáveis gênero, idade e grau de instrução com base nos percentuais anteriormente mencionados, caso ocorram diferenças superiores a 3 pontos percentuais entre o previsto na amostra e a coleta de dados realizada. Para a variável nível econômico do entrevistado, o fator previsto para ponderação é 1 (resultados obtidos em campo). O tamanho da amostra previsto é de 1600 entrevistas. O nível de confiança estimado é de 95% e a margem de erro máxima estimada considerando um modelo de amostragem aleatório simples, é de 2,4 pontos percentuais para mais ou para menos sobre os resultados encontrados no total da amostra. Os intervalos de confiança serão calculados considerando os resultados obtidos para um nível de confiança de 95%. FONTE DOS DADOS: Censo IBGE (2010 e 2022) | TSE (eleitorado de julho / 2026) | PNAD continua 1º trimestre de 2026.";"As entrevistas serão realizadas por uma equipe de entrevistadores qualificados, que receberão treinamento e orientações especificas sobre o questionário e os objetivos da pesquisa, antes de iniciarem a coleta. Durante todo o período de aplicação das entrevistas, os entrevistadores serão monitorados recebendo apoio ou orientações de uma equipe de supervisores, com experiência e treinamento em pesquisas de opinião pública. Serão checados no mínimo 20% (vinte por cento) dos questionários aplicados por cada entrevistador, para a verificação das respostas e adequação dos entrevistados aos parâmetros amostrais. Os dados coletados e tratados nesta pesquisa atendem às exigências da Lei nº 13.709, de 14 de agosto de 2018, a Lei Geral de Proteção de Dados ¿ LGPD, garantindo ao respondente o sigilo de sua identidade e de seus dados pessoais, bem como o correto tratamento de suas respostas.";"A área de abrangência da coleta é o Estado de São Paulo. A relação dos Municípios cuja totalidade do território e respectivos bairros foram selecionados como área de abrangência para a pesquisa constará em anexo a ser apresentado até o dia seguinte, a partir do dia em que a pesquisa puder ser divulgada, conforme as Resoluções 23.600/2019, no art. 2º; §7º e 23.727/2024 do TSE."
"28/09/2026";"05:46:54";2026;81;"Eleições Gerais 2026";"SP";"SP";"SÃO PAULO";"SP003782026";"2026-04-10 17:17:40";"S";"81908345000140";"INSTITUTO PARANA DE PESQUISAS E ANALISE DE CONSUMIDOR LTDA";"#NULO#";"Governador, Senador";"2026-04-11 00:00:00";"2026-04-14 00:00:00";"2026-04-16 00:00:00";1600;"10245 - 4ª Região";"Tatiani Cristina Ara";"50000,00";"Pesquisa com metodologia quantitativa, com a realização de entrevistas pessoais, domiciliares e presenciais, utilizando questionário estruturado junto a uma amostra representativa do eleitorado do Estado de São Paulo.


";"""A amostra será representativa do eleitorado da área pesquisada e será selecionada em três etapas. Na primeira etapa realiza-se um sorteio probabilístico dos municípios onde as entrevistas serão realizadas através do método PPT (Probabilidade Proporcional ao Tamanho), considerando a população eleitora com 16 anos ou mais residente nos municípios como base para essa seleção. Na segunda etapa, faz-se um sorteio probabilístico das localidades, onde as entrevistas serão realizadas, através do método PPT (Probabilidade Proporcional ao Tamanho), tomando a população eleitora de 16 anos ou mais residente nas localidades como base para essa seleção. Na terceira etapa, a seleção do entrevistado dentro da localidade, será feita utilizando-se quotas amostrais proporcionais, em função das seguintes variáveis:
GÊNERO: TSE Março 2026 (https://sig.tse.jus.br/ords/dwapr/r/seai/sig-eleitor-eleitorado-mensal/cruzamento-eleitorado-mensal?p24_metricas=E&p24_back=22&p24_cruzamento_1=ds_sexo&clear=24&p0_uf=SP&p0_mes=3&debug=LEVEL5&session=312990078978641)
Masculino - 47%; |
Feminino - 53%; |
FAIXA ETÁRIA: TSE Março 2026 (https://sig.tse.jus.br/ords/dwapr/r/seai/sig-eleitor-eleitorado-mensal/cruzamento-eleitorado-mensal?p24_cruzamento_1=ds_faixa_etaria&p24_metricas=E&p24_back=22&clear=24&p0_uf=SP&p0_mes=3&debug=LEVEL5&session=8904950028837)
Entre 16 e 24 anos: 11%; |
Entre 25 e 34 anos: 18%; |
Entre 35 e 44 anos: 20%; |
Entre 45 e 59 anos: 26%; |
Com 60 anos ou mais: 25%; |
ESCOLARIDADE: TSE Março 2026 (https://sig.tse.jus.br/ords/dwapr/r/seai/sig-eleitor-eleitorado-mensal/cruzamento-eleitorado-mensal?p24_cruzamento_1=ds_grau_instrucao&p24_metricas=E&p24_back=22&clear=24&p0_uf=SP&p0_mes=3&debug=LEVEL5&session=309383598034615)
De analfabeto até ensino fundamental completo: 29%; |
Ensino médio incompleto ou completo: 50% |
Ensino superior incompleto ou completo: 21% |
RENDA DOMICILIAR MENSAL:  (https://cidades.ibge.gov.br/brasil/sp/pesquisa/23/24304) IBGE - Censo 2010. Observação: Conforme informações obtidas do Instituto Brasileiro de Geografia e Estatística, o IBGE, não divulgou - e não tem previsão - de data para divulgação do perfil econômico (nível econômico) da população brasileira; portanto, os dados quanto ao nível econômico obtidos no Censo 2022, não podem ser utilizados, pois não foram publicados. (https://censo2022.ibge.gov.br/panorama/)
Sem rendimentos até 2 salários mínimos: 31% |
Mais de 2 a 5 salários mínimos: 39% |
Mais de 5 salários mínimos: 30% |
Está prevista eventual ponderação para correção das variáveis gênero e faixa etária, com base nos percentuais acima apresentados, caso ocorram diferenças superiores a 3,0 (três) pontos percentuais entre o previsto na amostra e a coleta realizada; para as variáveis escolaridade e renda domiciliar mensal, o fator de ponderação é igual a 1 (resultados obtidos no campo). O nível de confiança estimado é de 95% (noventa e cinco por cento) para uma margem de erro estimada, considerando uma técnica de amostragem aleatória simples, de aproximadamente 2,5 (dois vírgula cinco) pontos percentuais para mais ou para menos sobre os resultados obtidos.""





";"""As entrevistas serão conduzidas por uma equipe de entrevistadores e supervisores devidamente qualificados pelo Instituto Paraná Pesquisas, todos com experiência e treinamento específico em pesquisas de opinião pública. 
Controle: O controle do processo será realizado por meio de um software de coleta de dados, o qual permitirá o monitoramento garantindo o cumprimento das cotas amostrais.
Conferência e Fiscalização: Durante a coleta de dados os questionários aplicados são fiscalizados e conferidos através de um supervisor.   
Adicionalmente, pelo menos 30% dos questionários passarão por uma verificação posterior, que avaliará a precisão na aplicação e a adequação dos entrevistados às variáveis das quotas amostrais. Ou seja, no mínimo 480 entrevistas desta pesquisa serão auditadas pela equipe de qualidade do Instituto Paraná Pesquisas, podendo essa auditoria ser solicitada ao Instituto a qualquer momento.
Verificação: Após a coleta, os questionários passam por uma etapa de verificação e validação dos dados, para garantir a integridade e precisão dos dados coletados.""





";" ""A pesquisa será realizada no Estado de São Paulo, a relação dos dados relativos aos municípios e às localidades será apresentado até o dia seguinte à data a partir da qual a pesquisa puder ser divulgada, conforme §7º do art. 2º da Resolução-TSE nº. 23.600/2019""





"
"28/09/2026";"05:46:54";2026;81;"Eleições Gerais 2026";"SP";"SP";"SÃO PAULO";"SP065502026";"2026-09-22 17:25:21";"N";"64500153000180";"LAIS CRISTINA RODRIGUES DE OLIVEIRA LTDA";"IPSENSUS PESQUISAS";"Deputado Federal, Deputado Estadual";"2026-09-23 00:00:00";"2026-09-27 00:00:00";"2026-09-28 00:00:00";400;"11564";"GIOVANA RILLARY DA SILVA ROCHA";"6000,00";"Pesquisa quantitativa, com realização de entrevistas pessoais e aplicação de questionário estruturado junto a uma amostra representativa do eleitorado do MUNICIPIO DE GUARULHOS - SP.";"A amostra será representativa do eleitorado da área de abrangência da pesquisa e será selecionada em três estágios. No primeiro estágio, será realizado o sorteio probabilístico dos municípios onde as entrevistas serão realizadas, por meio do método PPT (Probabilidade Proporcional ao Tamanho), considerando a população eleitora com 16 anos ou mais residente nos municípios como base para essa seleção. No segundo estágio, será realizado o sorteio probabilístico dos setores censitários onde as entrevistas serão realizadas, também por meio do método PPT (Probabilidade Proporcional ao Tamanho), tomando como base a população eleitora de 16 anos ou mais residente nos respectivos setores censitários. No terceiro estágio, a seleção do entrevistado dentro de cada setor censitário será feito por meio de cotas amostrais proporcionais, considerando as seguintes variáveis : GÊNERO: TSE -Agosto de 2026 ( https://sig.tse.jus.br/ords/dwapr/r/seai/sig-eleitor-eleitorado-mensal/cruzamento-eleitorado-mensal?p0_municipio=GUARULHOS&p0_uf=SP&session=229744722988996 ) FEMININO 53,68% ; MASCULINO 46,32% ; FAIXA ETÁRIA: TSE - Agosto de 2026 (https://sig.tse.jus.br/ords/dwapr/r/seai/sig-eleitor-eleitorado-mensal/cruzamento-eleitorado-mensal?p0_municipio=GUARULHOS&p0_uf=SP&session=229744722988996 ) Entre 16 a 24 anos 12,45% ; Entre 25 a 34 anos 20,62% ; Entre 35 a 44 anos 20,31% ; Entre 45 a 59 anos 26,93% ; com 60 anos ou mais 19,69% ; ESCOLARIDADE: TSE - Agosto de 2026 (https://sig.tse.jus.br/ords/dwapr/r/seai/sig-eleitor-eleitorado-mensal/cruzamento-eleitorado-mensal?p0_municipio=GUARULHOS&p0_uf=SP&session=229744722988996 ) Sem Instrução até ensino fundamental completo: 23,58%; | Ensino médio incompleto ou completo: 56,64%; | Ensino superior incompleto ou completo: 19,78% ;| RENDA DOMICILIAR MENSAL: IBGE - Censo 2.010 - (https://cidades.ibge.gov.br/brasil/sp/guarulhos/pesquisa/23/24304 ) Sem rendimentos até 2 salários mínimos: _36,86% ;| Mais de 2 a 5 salários mínimos: 38,23%; | Mais de 5 salários mínimos: 24,91%. Observação: Conforme informações obtidas do Instituto Brasileiro de Geografia e Estatística - IBGE, o instituto não divulgou e não tem previsão de data para divulgação do perfil econômico (nível econômico) da população brasileira; portanto, os dados quanto ao nível econômico obtidos no Censo 2022 não podem ser utilizados, pois não foram publicados. (https://censo2022.ibge.gov.br/panorama/). Está prevista eventual ponderação para correção das variáveis gênero e faixa etária, com base nos percentuais acima apresentados, caso ocorram diferenças superiores a MARGEM DE ERRO definida entre a amostra prevista e a coleta realizada. Para as variáveis escolaridade e renda domiciliar mensal, o fator de ponderação será igual a 1, considerando-se os resultados obtidos em campo. Dentro do público-alvo anteriormente descrito, serão realizadas 400 (quatrocentos) entrevistas. O nível de confiança estimado é de 95% para uma margem de erro estimada, considerando uma técnica de amostragem aleatória simples (AAS), de aproximadamente 4,9 pontos percentuais para mais ou para menos sobre os resultados obtidos.";"Para a realização da pesquisa, serão conduzidas uma equipe de entrevistadores e supervisores credenciados e devidamente treinados pela empresa para esse tipo de pesquisa. Após os trabalhos de coleta dos dados, 100% dos questionários são criticados e passam por uma fiscalização de cerca de 20% (vinte por cento) dos questionários aplicados por cada entrevistador; passam por uma etapa de verificação da consistência das respostas e da adequação dos entrevistados aos parâmetros amostrais.";"#NULO#"
"28/09/2026";"05:46:54";2026;81;"Eleições Gerais 2026";"SP";"SP";"SÃO PAULO";"SP036322026";"2026-09-27 16:58:52";"N";"41555199000100";"RUMON MARKETING DIGITAL E PESQUISAS LTDA";"ACADEMIA DE PESQUISA";"Governador, Deputado Federal, Deputado Estadual";"2026-09-26 00:00:00";"2026-10-01 00:00:00";"2026-10-03 00:00:00";400;"7655";"AUGUSTO DA SILVA ROCHA";"15000,00";"A pesquisa cobrirá o município envolvendo todas regiões do município de Várzea Paulista/SP Universo da pesquisa será dos eleitores com 16 anos ou mais. A amostra representará os eleitores do Município, selecionados em 2(dois) estágios. No primeiro estágio, os setores censitários, onde as entrevistas serão realizadas, foram selecionadas, probabilisticamente, através do método PPT - Probabilidade Proporcional ao Tamanho, tomando o número de eleitores como base para seleção. No segundo estágio, a seleção do entrevistado, dentro do setor censitário, será feita utilizando-se quotas proporcionais, e a abordagem será domiciliar.";"Utilizamos quotas proporcionais, em função das seguintes variáveis:

Gênero: FEMININO 51,95% ;
MASCULINO 48,05% ;


Faixa etária: 16 a 24 anos 12,21% ;
25 a 34 anos 19,93% ;
35 a 44 anos 20,77% ;
45 a 59 anos 25,77% ;
60 anos ou mais 21,32% ;


Grau de instrução: Analfabeto 1,55% ;
Ensino Fundamental Completo 8,25% ;
Ensino Fundamental Incompleto 18,66% ;
Ensino Médio Completo 40,98% ;
Ensino Médio Incompleto 13,25% ;
Lê E Escreve 2,95% ;
Superior Completo 9,67% ;
Superior Incompleto 4,69% ;


Fonte dos dados: TSE-Tribunal Superior Eleitoral/agosto2026; Cruzamento Eleitorado Mensal https://sig.tse.jus.br/ords/dwapr/r/seai/sig-eleitor-eleitorado-mensal/cruzamento-eleitorado-mensal?p0_municipio=V%C3%81RZEA%20PAULISTA&p0_uf=SP&session=314467251301216 ;
Ano=2026; Mês = agosto; UF= SP; MUNICIPIO = Várzea Paulista;

Renda familiar (A variável ¿classe de rendimento nominal mensal domiciliar¿ corresponde à classificação dos domicílios segundo a soma dos rendimentos nominais mensais de seus moradores, expressa em faixas de salários mínimos vigentes no período de referência do Censo Demográfico 2010. Trata-se da renda total do domicílio, não dividida pelo número de moradores, não devendo ser confundida com rendimento domiciliar per capita. Para fins de planejamento amostral e ponderação, foram preservadas as categorias e os percentuais originalmente disponibilizados pelo IBGE, sem reagrupamento ou recálculo das faixas.):

Até 1/2 salário mínimo 0,56% ;
Mais de 1/2 a 1 salário mínimo 5,76% ;
Mais de 1 a 2 salários mínimos 19,87% ;
Mais de 2 a 5 salários mínimos 45,92% ;
Mais de 5 a 10 salários mínimos 19,99% ;
Mais de 10 a 20 salários mínimos 2,87% ;
Mais de 20 salários mínimos 0,36% ;
Sem rendimento 4,67% ;


Fonte dos dados: IBGE-Censo 2010-IBGE-CENSO 2022 (IBGE/Censo 2010 - Classe de rendimento nominal mensal domiciliar) ; https://cidades.ibge.gov.br/brasil/sp/varzea-paulista/pesquisa/23/24304 ;
; ""Está prevista eventual ponderação da amostra para correção das variáveis sexo, idade, renda familiar e escolaridade com base nos percentuais anteriormente mencionados, caso ocorram diferenças entre os percentuais previstos na amostra e a coleta de dados realizada. O nível de confiança estimado é de 95% e a margem de erro máxima prevista, baseada em uma amostra aleatória simples (AAS), é de cerca de 4,9 pontos percentuais para mais ou para menos em relação aos totais da amostra. Nível Econômico: IBGE (Censo/2010) - Observação: Conforme informações obtidas do Instituto Brasileiro de Geografia e Estatística, o IBGE, não divulgou - e não tem previsão - de data para divulgação do perfil econômico (nível econômico) da população brasileira; portanto, os dados quanto ao nível econômico obtidos no Censo 2022, não podem ser utilizados, pois não foram publicados.""";"Para a realização da pesquisa, utiliza-se uma equipe de entrevistadores e supervisores credenciados devidamente treinados pela empresa para esse tipo de pesquisa. Após os trabalhos de campo, 100% dos questionários são criticados e passam por uma fiscalização de cerca de 20% (vinte por cento) dos questionários aplicados por cada entrevistador; para verificação da consistência das respostas e da adequação dos entrevistados aos parâmetros amostrais.";"#NULO#"
"28/09/2026";"05:46:54";2026;81;"Eleições Gerais 2026";"SP";"SP";"SÃO PAULO";"SP037302026";"2026-09-18 18:17:58";"N";"07630546000175";"DATAFOLHA INSTITUTO DE PESQUISAS LTDA.";"#NULO#";"Governador, Senador";"2026-09-22 00:00:00";"2026-09-24 00:00:00";"2026-09-24 00:00:00";1610;"7249A";"Renata Nunes Cesar";"185706,64";"Pesquisa do tipo quantitativo, por amostragem, com aplicação de questionário estruturado e abordagem pessoal em pontos de fluxo populacional. O eleitorado do estado de São Paulo foi tomado como universo da pesquisa.

";"Universo: Eleitorado do estado de São Paulo
Tamanho da amostra: A amostra prevista é de 1610 entrevistas.
Técnica de amostragem: A amostra é estratificada por natureza dos municípios (capital, região metropolitana ou interior), sendo que os estratos são desproporcionais em relação ao tamanho do universo. Posteriormente, as proporções corretas serão restabelecidas na fase de ponderação dos dados. Os municípios com população acima de 500 mil habitantes constituem estratos. Em cada estrato, num primeiro estágio, são sorteados com probabilidade proporcional ao tamanho (PPT) os municípios que farão parte do levantamento. Num segundo estágio, são sorteados os bairros e pontos de abordagem onde serão aplicadas as entrevistas. Por fim, os entrevistados são selecionados aleatoriamente para responder ao questionário, de acordo com cotas de gênero e faixa etária.

Os dados utilizados para definição e seleção da amostra são baseados nos dados fornecidos pelo TSE (dados maio 2026), IBGE (Censo 2022, PNADC 2024 e Estimativa populacional 2025), além de dados primários de outros levantamentos do instituto. Os dados relativos a gênero e faixa etária são: Homens: 47%, mulheres: 53%, 16 a 24 anos: 11%, 25 a 34 anos: 18%, 35 a 44 anos: 20%, 45 a 59 anos: 26% e 60 anos ou mais: 25%.

Para a variável grau de instrução os dados utilizados como referência são: até nível médio completo ou incompleto (inclui os sem escolaridade e analfabetos) =70% e nível superior (inclui superior incompleto) = 30%.

Ponderação dos resultados: Está prevista ponderação considerando as variáveis natureza do município (capital 27%, outros municípios da região metropolitana 21%, interior 52%), gênero e faixa etária. A variável escolaridade poderá ser ajustada de acordo com os percentuais detalhados anteriormente caso a diferença entre os valores descritos e observados seja maior que a margem de erro definida. Para o nível econômico do entrevistado (renda familiar mensal declarada pelo respondente), a distribuição utilizada como referência foi: Até 2 S.M. (salários mínimos)=38%, mais de 2 S.M.=58%, não souberam ou recusaram a resposta=4%. O fator previsto para ponderação é 1 (resultados obtidos em campo).


Margem de Erro: A margem de erro máxima prevista é de 2 pontos percentuais para mais ou para menos, considerando um nível de confiança de 95% e baseada em uma amostra aleatória simples (AAS). Os intervalos de confiança serão calculados considerando os resultados obtidos para um nível de confiança de 95%.
";"Os entrevistadores envolvidos na realização desta pesquisa são treinados pelo Instituto e recebem instruções específicas para cada projeto realizado. A coleta será feita com a utilização de tablet e questionário eletrônico. São checados, no mínimo, 20% dos questionários de cada pesquisador, seja in loco por supervisores de campo ou, posteriormente, por telefone. Internamente, todo o material é verificado e codificado. Antes do processamento final e emissão dos resultados, realiza-se processo de consistência dos dados. Os dados coletados e tratados nesta pesquisa atendem às exigências da LGPD, Lei Geral de Proteção de Dados, garantindo ao respondente o sigilo de sua identidade e o correto tratamento de suas respostas.";"A área de abrangência da coleta dos dados é o estado de São Paulo. A relação completa dos municípios e bairros pesquisados será anexada ao registro até o dia seguinte à data de publicação da pesquisa, conforme Resolução 23.600/2019 do TSE, no art.2º §7º."
"28/09/2026";"05:46:54";2026;81;"Eleições Gerais 2026";"SP";"SP";"SÃO PAULO";"SP077452026";"2026-09-19 23:55:48";"S";"45613076000120";"INSTITUTO VOX BRASIL OPINIAO E PESQUISAS LTDA";"#NULO#";"Governador, Senador";"2026-09-20 00:00:00";"2026-09-22 00:00:00";"2026-09-25 00:00:00";1480;"9907";"GUILHERME COELHO NEVES";"50000,00";"Metodologia de pesquisa: Pesquisa do tipo quantitativo, por amostragem, com aplicação de questionário estruturado e abordagem pessoal em domicílios particulares permanentemente ocupados (de acordo com a definição do IBGE - Instituto Brasileiro de Geografia e Estatística). O conjunto do eleitorado do ESTADO de São Paulo com 16 anos ou mais foi tomado como universo da pesquisa.";"Tamanho da amostra: A amostra prevista é de 1480 entrevistas. A Técnica de amostragem: Amostragem por Conglomerados em Múltiplos Estágios com Controle de Cotas na Seleção do Respondente. Utilizamos a amostragem em mais de um estágio. No primeiro estágio dividimos o município em bairros/setores censitários (conglomerados), sendo os mesmos listados, onde foram sorteados aleatoriamente. No segundo estágio, foram sorteadas as ruas (dispondo de um mapa da região), no terceiro estágio fizemos o sorteio das casas (via amostragem sistemática. O próximo estágio é a seleção do entrevistado dentro da casa, onde o critério foi abordar um morador apto a votar no município que atendesse à equipe de campo, observados os controles amostrais posteriormente aplicados, sendo este obrigatoriamente morador da residência e eleitor da cidade pesquisada. Na etapa seguinte foi realizado um controle das seguintes variáveis: sexo, idade, grau de instrução e nível econômico. Também adotamos p=50% para maximizar o tamanho da amostra a) a amostra poderá ser ponderada levando em consideração a variável sexo da população do Estado de São Paulo sendo 46,72 % homens e 53,28 % mulheres, conforme dados do TSE de Junho de 2026 e a variável idade sendo consideradas as faixas: 16 anos:0,21%;17 anos:0,51%; 18 a 20 anos:3,94%; 21 a 24 anos: 6,41%; de 25 a 34 anos: 18,06%; de 35 a 44 anos: 19,84%, de 45 a 59 anos: 26,44%; de 60 a 69 anos: 13,45% e acima de 69 anos: 11,14% (TSE Junho 2026). Quanto à variável grau de instrução, temos: ANALFABETO: 1,68%; LÊ E ESCREVE: 2,85%; ENSINO FUNDAMENTAL INCOMPLETO: 17,53%; ENSINO FUNDAMENTAL COMPLETO:6,64%; ENSINO MÉDIO INCOMPLETO: 16,65%; ENSINO MÉDIO COMPLETO: 33,46%; SUPERIOR INCOMPLETO: 6,13% e SUPERIOR COMPLETO: 15,06%(TSE Junho 2026). E para a variável renda, temos: Até 2 Salários Mínimos: 77,32%; 2 a 5 Salários Mínimos:17,22%; 5 a 10 Salários Mínimos:4,03% e acima de 10 Salários Mínimos:1,43%( IBGE Censo 2022 [https://sidra.ibge.gov.br/]). Área física: Estado de São Paulo em domicílios particulares permanentemente ocupados e sorteados de maneira aleatória simples sem reposição. Margem de Erro: A margem de erro máxima prevista para o total da amostra é de 2,55 pontos percentuais para mais ou para menos, considerando um nível de confiança de 95%. Os intervalos de confiança serão calculados considerando os resultados obtidos para um nível de confiança de 95%. Fonte de Dados: TSE- Junho 2026 e IBGE Censo 2022.";"Os pesquisadores envolvidos na realização desta pesquisa recebem treinamento especializado e instruções específicas de abordagem. O trabalho é feito com a equipe de entrevistadores e coordenadores de campo. Há fiscalização no ato da entrevista e os questionários são recolhidos e checados quanto ao correto preenchimento dos dados. Após os trabalhos de campo, os questionários são submetidos a uma fiscalização que consiste na verificação de 20% dos questionários aplicados individualmente pelos entrevistadores, para checagem das respostas. Internamente, todo o material é verificado, codificado, digitado e, antes do processamento final, realiza-se a conferência da digitação (consistência dos dados).";"EM ANEXO."
"28/09/2026";"05:46:54";2026;81;"Eleições Gerais 2026";"SP";"SP";"SÃO PAULO";"SP026762026";"2026-09-15 16:00:45";"S";"19259002000128";"ATLASINTEL TECNOLOGIA DE DADOS LTDA";"ATLASINTEL";"Governador, Senador";"2026-09-15 00:00:00";"2026-09-20 00:00:00";"2026-09-21 00:00:00";1800;"11220";"ANDREI CAMILO DOS SANTOS";"75000,00";"Pesquisa quantitativa com coleta aleatória via questionário estruturado web e pós-estratificação da amostra de acordo com as características do eleitorado de São Paulo.";"Amostra aleatória pós-estratificada via algoritmo iterativo com quotas proporcionais, representando as características do eleitorado de São Paulo:
SEXO: Masculino: 46.7%; Feminino: 53.3%.
FAIXA ETÁRIA: Entre 16 a 24 anos: 10.7%; Entre 25 a 34 anos: 18.0%; Entre 35 a 44 anos: 19.7%; Entre 45 a 59 anos: 26.6%; 60 ou mais: 25.0%.
ESCOLARIDADE: Ensino Fundamental completo ou incompleto: 25.0%; Ensino Médio completo ou incompleto: 42.2%; Ensino Superior completo ou incompleto: 32.8%.
NÍVEL ECONÔMICO: Renda familiar mensal até R$ 2.000: 11.7%; de R$ 2.000 a R$ 3.000: 8.8%; de R$ 3.000 a R$ 5.000: 24.0%; de R$ 5.000 a R$ 10.000: 32.1%; mais de R$ 10.000: 23.5%.
OBS.: devido ao arredondamento, a soma dos percentuais pode variar de 99% a 101%. Na agregação final, para cada variável de ponderação, serão admissíveis desvios de até 2 pontos percentuais em relação às quotas estipuladas. Confiança estimada: 95%, margem de erro: +/- 2.0 pontos percentuais. FONTE DOS DADOS: PNADC 2026 para escolaridade | PNADC 2025 para renda | TSE 2026 para sexo e faixa etária.";"Coleta feita com a utilização de questionário eletrônico com procedimentos específicos para o armazenamento seguro dos dados. São checados manualmente no mínimo 15% dos questionários para detectar possíveis anomalias. Pesquisadores especializados realizam internamente uma verificação exaustiva da consistência dos dados antes da divulgação dos resultados finais.";"#NULO#"
"28/09/2026";"05:46:54";2026;81;"Eleições Gerais 2026";"SP";"SP";"SÃO PAULO";"SP048462026";"2026-07-23 22:29:32";"N";"22445600000104";"QUAEST PESQUISAS, CONSULTORIA E PROJETOS LTDA.";"#NULO#";"Governador, Senador";"2026-07-23 00:00:00";"2026-07-27 00:00:00";"2026-07-29 00:00:00";1650;"6731";"Margarida Maria de Mendonca";"279386,90";"
Pesquisa quantitativa, de survey, que consiste na realização de entrevistas pessoais, domiciliares e presenciais, conduzidas por profissionais treinados, com a aplicação de questionários estruturados a uma amostra representativa da população votante de 16 anos ou mais residente no estado de São Paulo. O desenho amostral aplicado combina sorteio probabilístico de municípios e de setores censitários fornecidos pelo IBGE (unidades territoriais homogêneas, de tamanho similar a quadras ou blocos), dentro dos quais serão selecionadas pessoas respondentes por meio de cotas amostrais.";"O público pesquisado é composto por eleitores de 16 anos ou mais residentes na área de abrangência da pesquisa. Para produzir uma amostra representativa desse público-alvo, utilizamos um desenho amostral por conglomerados que prevê três estágios. No primeiro estágio, é feito um sorteio probabilístico de municípios para comporem a amostra por meio do método PPT (Probabilidade Proporcional ao Tamanho) a partir de suas populações votantes acima de 16 anos. Dentro da lista de municípios sorteados, no segundo estágio, é realizado um sorteio probabilístico por meio do método PPT (Probabilidade Proporcional ao Tamanho) de setores censitários a serem visitados pelos entrevistadores, sorteio que tem como base o total de habitantes residentes nos setores de acordo com dados do Censo de 2022, o que garante a dispersão aleatória e estatística da amostra dentro dos territórios municipais, independentemente de divisões administrativas. Finalmente, dentro da lista de setores censitários sorteados, no último estágio são selecionados domicílios e pessoas a serem entrevistadas utilizando-se cotas amostrais para as seguintes variáveis: sexo, idade, renda familiar e escolaridade. O perfil da amostra, definido pelas cotas previstas, é o seguinte:

Sexo: Masculino (47%); Feminino (53%). 
Faixa etária: 16-34 anos (29%); 35-59 anos (46%); 60 ou mais (25%). 
Renda domiciliar total, incluindo pensões, benefícios e rendimentos de trabalhos informais: Até 2 salários-mínimos (19%); Mais de 2 a 5 salários-mínimos (43%); Mais de 5 salários-mínimos (38%). 
Nível de instrução: Até Fundamental completo ou médio incompleto (33%); Médio completo ou superior incompleto (43%); Superior completo ou mais (24%). 

Fonte dos dados: para a distribuição de sexo e idade, TSE-Tribunal Superior Eleitoral - julho/2026; para a malha de setores censitários, Censo 2022 (IBGE); para a distribuição de renda domiciliar, PNADc Anual 2025, 1ª visita (IBGE); e, para a distribuição de escolaridade/instrução, PNADc trimestral 1-2026 (IBGE). A PNADc é utilizada por ser a fonte oficial mais atualizada de rendimentos do país, incluindo rendimentos informais, pensões, entre outros, e corrigindo as defasagens temporais do Censo 2022, além de ser a fonte mais atualizada de nível de instrução da população com 16 anos ou mais dada ausência de atualização obrigatória da escolaridade no registro de eleitores do TSE.

Está prevista eventual pós-estratificação da amostra, por meio de algoritmos de calibração (rake) e modelos (MrP), para correção de estimativas e das distribuições das variáveis sexo, idade, renda familiar e escolaridade, com base nos percentuais anteriormente mencionados, caso ocorram diferenças entre os percentuais previstos na amostra e a coleta de dados realizada. 

Dentro do público-alvo anteriormente descrito, serão realizadas 1.650 entrevistas. O nível de confiança das estimativas é de 95% e a margem de erro máxima prevista, atendendo às diretivas do TSE e usando o cálculo para amostra aleatória simples (AAS) como aproximação, é de cerca de 2 pontos percentuais para mais ou para menos em relação aos totais da amostra.";"As entrevistas serão realizadas por uma equipe de entrevistadores devidamente qualificada, com experiência e treinamento em pesquisa de opinião pública. Todo trabalho é feito em tablets ou outros dispositivos eletrônicos. Após a realização da coleta de dados, as entrevistas junto aos respondentes são checadas por meio de procedimentos de consistência e de georreferenciamento dos locais de aplicação em tempo real. Adicionalmente, ao longo e após os trabalhos de campo, é realizada uma fiscalização que consiste na checagem de áudio de uma amostra de 30% dos questionários aplicados para verificação das respostas e da adequação dos entrevistados aos parâmetros amostrais.";"A área de abrangência da coleta é o território do estado de São Paulo. A relação do número de pessoas pesquisadas nas áreas de aplicação da pesquisa, discriminadas por município, bairros e setores censitários a partir dos identificadores utilizados pelo IBGE, além da composição do eleitorado entrevistado na área de abrangência quanto a gênero, idade, grau de instrução e nível econômico, constará em anexo. O mapa com os códigos destes setores censitários e as áreas que delimitam no país todo podem ser conferidos na seguinte fonte oficial: https://censo2022.ibge.gov.br/panorama/mapas.html?localidade=&recorte=setores_censitarios"
"28/09/2026";"05:46:54";2026;81;"Eleições Gerais 2026";"SP";"SP";"SÃO PAULO";"SP049112026";"2026-07-28 12:42:26";"N";"29021286000173";"COSTA E MARIATH LTDA";"INTELLIGENCE PESQUISA E COMUNICACAO";"Governador, Senador, Deputado Federal";"2026-07-27 00:00:00";"2026-07-29 00:00:00";"2026-08-03 00:00:00";1100;"9327";"MARCIO BARTOLOMEU AZEVEDO DA COSTA";"20000,00";"Metodologia de pesquisa: Pesquisa do tipo quantitativo, por amostragem, com aplicação de questionário estruturado e abordagem pessoal em domicílios particulares permanentemente ocupados (de acordo com a definição do IBGE - Instituto Brasileiro de Geografia e Estatística). O conjunto do eleitorado do município de Guarulhos-SP com 16 anos ou mais foi tomado como universo da pesquisa.";"Tamanho da amostra: A amostra prevista é de 1.100 entrevistas. Técnica de amostragem A amostra é aleatória, com base na estimativa da média populacional. Utilizamos a amostragem em mais de um estágio. No primeiro estágio dividimos o município em bairros/setores censitários (conglomerados), sendo os mesmos listados, onde foram sorteados aleatoriamente. No segundo estágio, foram sorteadas as ruas (dispondo de um mapa da região), no terceiro estágio fizemos o sorteio das casas (via amostragem sistemática). O quarto estágio foi a seleção do entrevistado dentro da casa, onde o critério adotado foi o da primeira pessoa que atendesse a equipe de pesquisa, sendo este obrigatoriamente morador da residência e eleitor da cidade pesquisada. Na etapa seguinte foi realizado um controle das seguintes variáveis: sexo, idade, grau de instrução e nível econômico. Também adotamos p=50% para maximizar o tamanho da amostra a) a amostra poderá ser ponderada levando em consideração a variável sexo da população de Guarulhos-SP, sendo 46,3% homens e 53,7% mulheres, conforme dados do TSE de Junho de 2026 e a variável idade sendo consideradas as faixas: 16 a 24 anos: 12,9%; de 25 a 34 anos: 20,6%; de 35 a 44 anos: 20,4%; de 45 a 59 anos: 26,7%  e acima de 69 anos: 19,3% (TSE Junho 2026). Quanto à variável grau de instrução, temos: ANALFABETO: 1,3%; LÊ E ESCREVE: 1,8%; ENSINO FUNDAMENTAL: 20,5%; ENSINO MÉDIO: 56,6%; ENSINO SUPERIOR: 19,8% (TSE Junho 2026). E para a variável renda, temos: Sem Rendimento 6% , Até 1 Salários Mínimos: 9%; 1 a 2 Salários Mínimos: 22% , 2 a 5 Salários Mínimos: 38%; acima de 5 Salários Mínimos: 25% (IBGE Censo 2010). Observação: Conforme informações obtidas do Instituto Brasileiro de Geografia e Estatística (https://cidades.ibge.gov.br/brasil/sp/guarulhos/pesquisa/23/24304) , o IBGE, não divulgou - e não tem previsão - de data para divulgação do perfil econômico (nível econômico) da população brasileira; portanto, os dados quanto ao nível econômico obtidos no Censo 2022, não podem ser utilizados, pois não foram publicados. Em relação à ponderação, devido à metodologia amostral adotada, os fatores de ponderação a serem aplicados em toda as variáveis (sexo, idade, grau de instrução e renda), assumem valor igual a 1(um). Área física: Município de Guarulhos-SP em domicílios particulares permanentemente ocupados e sorteados de maneira aleatória simples sem reposição. Margem de Erro: A margem de erro máxima prevista para o total da amostra é de 3,0 pontos percentuais para mais ou para menos, considerando um nível de confiança de 95%. Os intervalos de confiança serão calculados considerando os resultados obtidos para um nível de confiança de 95%. Fonte de Dados: TSE-Junho 2026 e IBGE Censo 2010.";"Os pesquisadores envolvidos na realização desta pesquisa recebem treinamento especializado e instruções específicas de abordagem. O trabalho é feito com a equipe de entrevistadores e coordenadores de campo. Há fiscalização no ato da entrevista e os questionários são recolhidos e checados quanto ao correto preenchimento dos dados. Após os trabalhos de campo, os questionários são submetidos a uma fiscalização que consiste na verificação de 20% dos questionários aplicados individualmente pelos entrevistadores, para checagem das respostas. Internamente, todo o material é verificado, codificado, digitado e, antes do processamento final, realiza-se a conferência da digitação (consistência dos dados).";"A relação dos bairros pertencentes à amostra será apresentada até o dia seguinte à data a partir da qual a pesquisa puder ser divulgada, conforme §7º do art. 2º da Resolução-TSE nº. 23.600/2019"
"28/09/2026";"05:46:54";2026;81;"Eleições Gerais 2026";"SP";"SP";"SÃO PAULO";"SP090232026";"2026-06-30 22:23:37";"S";"00654576000172";"INSTITUTO VERITA LTDA";"VERITA";"Governador, Senador";"2026-07-01 00:00:00";"2026-07-05 00:00:00";"2026-07-06 00:00:00";2000;"10699";"Guilherme Alvarenga Laia";"154000,00";"Pesquisa quantitativa, que consiste na realização de entrevistas, com a aplicação de questionário estruturado junto a uma amostra representativa do eleitorado desta Unidade da Federação.";"ESTUDO REPRESENTATIVO DO ELEITORADO DO ESTADO DE SÃO PAULO - MÉTODO PPT (Probabilidade Proporcional ao Tamanho) - PLANO AMOSTRAL E PONDERAÇÃO QUANTO A SEXO, IDADE, GRAU DE INSTRUÇÃO E NÍVEL ECONÔMICO DO ENTREVISTADO; INTERVALO DE CONFIANÇA E MARGEM DE ERRO: Representativo do eleitorado da área em estudo, elaborada, em vários estágios, da seguinte forma: - 1. Divisão da UF em estratos proporcionais de municípios. 2. Ordenação dos municípios de cada estrato segundo o porte. 3. Sorteio dos municípios de cada estrato. 4. Os respondentes são selecionados através de quotas amostrais proporcionais em função de variáveis significativas, a saber: GÊNERO / FAIXA ETÁRIA - FEMININO E MASCULINO 16 A 34 ANOS 14,8% E 14%, 35 A 54 ANOS 20,5% E 18,3%, 55 ANOS OU MAIS 18% E 14,5%. GRAU DE INSTRUÇÃO ¿ FEMININO E MASCULINO Sem instrução até Ensino Médio completo 54,8%, Ensino superior incompleto e completo 45,2% NÍVEL ECONÔMICO - FEMININO população não economicamente ativa 46,5% população economicamente ativa 53,5% MASCULINO população não economicamente ativa 27,2% população economicamente ativa 72,8%. RENDA FAMILIAR DO DOMICÍLIO renda familiar de até 2 salários-mínimos 30,7%; de 2 a 5 salários-mínimos 44,2%, acima de 5 salários-mínimos 25,1%. Está prevista eventual ponderação para correção das variáveis, com base nos percentuais anteriormente mencionados, caso ocorram diferenças superiores a margem de erro da pesquisa previsto entre a amostra e a coleta de dados realizada. O fator previsto para ponderação é 1 (resultados obtidos na coleta de dados). O intervalo de confiança estimado é de 95% e a margem de erro máxima estimada considerando um modelo de amostragem aleatório simples, é de aproximadamente 2,5 pontos percentuais para mais ou para menos sobre os resultados encontrados no total da amostra. FONTE DOS DADOS: IBGE/Censo 2022 para fins de densidade demográfica, setores censitários e alocação da amostra. IBGE/PNAD/PNADC/MEC/INEP para fins de Nível Econômico e Escolaridade. TSE FEVEREIRO/2026 para fins de Sexo, Faixa Etária e eleitorado por município ou regiões previamente definidas (importante ressaltar para o público leigo que os dados do TSE são os únicos corretos para gênero, idade dos eleitores e quantitativo de eleitores por municípios já que a base de dados se atualiza automaticamente, PORÉM, dados de escolaridade e nível econômico NÃO são corretos e confiáveis devido a desatualização que ocorre naturalmente com o passar dos anos). Definição de margem de erro e intervalo de confiança: Margem de erro e intervalo de confiança não são grandezas diretamente proporcionais. A SOMA NÃO TEM QUE RESULTAR 100%. ";"Após os trabalhos de coleta de dados, os questionários são submetidos a uma fiscalização, conferência e checagem de cerca de 20% (vinte por cento) dos questionários aplicados.";"A relação dos municípios sorteados ou selecionados para esta pesquisa será apresentada em arquivo anexo até 1 (um) dia após a divulgação desta pesquisa conforme §7º. do art. 2º. da Resolução-TSE nº. 23.600/2019. A área de abrangência desta pesquisa é o Estado DE SÃO PAULO."
"28/09/2026";"05:46:54";2026;81;"Eleições Gerais 2026";"SP";"SP";"SÃO PAULO";"SP046242026";"2026-07-23 19:37:24";"S";"81908345000140";"INSTITUTO PARANA DE PESQUISAS E ANALISE DE CONSUMIDOR LTDA";"#NULO#";"Governador, Senador";"2026-07-25 00:00:00";"2026-07-28 00:00:00";"2026-07-29 00:00:00";1680;"10245 - 4ª";"Tatiani Cristina Ara";"50000,00";"Pesquisa com metodologia quantitativa, com a realização de entrevistas pessoais, domiciliares e presenciais, utilizando questionário estruturado junto a uma amostra representativa do eleitorado do Estado de São Paulo. Os questionamentos feitos aos(às) eleitores(as) em relação à eleição presidencial foram devidamente registrados no Tribunal Superior Eleitoral - TSE sob o nº BR-09071/2026, pois o Sistema Pesqele não permite nos registros regionais a inclusão do campo Presidente no momento do registro da pesquisa eleitoral.


";"""A amostra será representativa do eleitorado da área pesquisada e será selecionada em três etapas. Na primeira etapa realiza-se um sorteio probabilístico dos municípios onde as entrevistas serão realizadas através do método PPT (Probabilidade Proporcional ao Tamanho), considerando a população eleitora com 16 anos ou mais residente nos municípios como base para essa seleção. Na segunda etapa, faz-se um sorteio probabilístico das localidades, onde as entrevistas serão realizadas, através do método PPT (Probabilidade Proporcional ao Tamanho), tomando a população eleitora de 16 anos ou mais residente nas localidades como base para essa seleção. Na terceira etapa, a seleção do entrevistado dentro da localidade, será feita utilizando-se quotas amostrais proporcionais, em função das seguintes variáveis:
GÊNERO: TSE Junho 2026 (https://sig.tse.jus.br/ords/dwapr/r/seai/sig-eleitor-eleitorado-mensal/cruzamento-eleitorado-mensal?p24_metricas=E&p24_back=22&p24_cruzamento_1=ds_sexo&clear=24&p0_uf=SP&p0_mes=6&debug=LEVEL5&session=312990078978641)
Masculino - 47%; |
Feminino - 53%; |
FAIXA ETÁRIA: TSE Junho 2026 (https://sig.tse.jus.br/ords/dwapr/r/seai/sig-eleitor-eleitorado-mensal/cruzamento-eleitorado-mensal?p24_cruzamento_1=ds_faixa_etaria&p24_metricas=E&p24_back=22&clear=24&p0_uf=SP&p0_mes=6&debug=LEVEL5&session=8904950028837) 
Entre 16 e 24 anos: 11%; |
Entre 25 e 34 anos: 18%; |
Entre 35 e 44 anos: 20%; |
Entre 45 e 59 anos: 26%; |
Com 60 anos ou mais: 25%; |
ESCOLARIDADE: TSE Junho 2026 (https://sig.tse.jus.br/ords/dwapr/r/seai/sig-eleitor-eleitorado-mensal/cruzamento-eleitorado-mensal?p24_cruzamento_1=ds_grau_instrucao&p24_metricas=E&p24_back=22&clear=24&p0_uf=SP&p0_mes=6&debug=LEVEL5&session=309383598034615) Observação: Conforme informações obtidas no site do Tribunal Superior Eleitoral, o TSE, (https://dadosabertos.tse.jus.br/group/about/eleitorado) """"Os registros de grau de escolaridade podem apresentar dados defasados, pois refletem a situação do eleitor na ocasião do cadastramento.""""
De analfabeto até ensino fundamental completo: 29%; |
Ensino médio incompleto ou completo: 50% |
Ensino superior incompleto ou completo: 21% |
RENDA DOMICILIAR MENSAL:  (https://cidades.ibge.gov.br/brasil/sp/pesquisa/23/24304) IBGE - Censo 2010. Observação: Conforme informações obtidas do Instituto Brasileiro de Geografia e Estatística, o IBGE, não divulgou - e não tem previsão - de data para divulgação do perfil econômico (nível econômico) da população brasileira; portanto, os dados quanto ao nível econômico obtidos no Censo 2022, não podem ser utilizados, pois não foram publicados. (https://censo2022.ibge.gov.br/panorama/)
Sem rendimentos até 2 salários mínimos: 31% |
Mais de 2 a 5 salários mínimos: 39% |
Mais de 5 salários mínimos: 30% |
Está prevista eventual ponderação para correção das variáveis gênero e faixa etária, com base nos percentuais acima apresentados, caso ocorram diferenças superiores a 3,0 (três) pontos percentuais entre o previsto na amostra e a coleta realizada; para as variáveis escolaridade e renda domiciliar mensal, o fator de ponderação é igual a 1 (resultados obtidos no campo). O nível de confiança estimado é de 95% (noventa e cinco por cento) para uma margem de erro estimada, considerando uma técnica de amostragem aleatória simples, de aproximadamente 2,4 (dois vírgula quatro) pontos percentuais para mais ou para menos sobre os resultados obtidos.""





";"""As entrevistas serão conduzidas por uma equipe de entrevistadores e supervisores devidamente qualificados pelo Instituto Paraná Pesquisas, todos com experiência e treinamento específico em pesquisas de opinião pública. 
Controle: O controle do processo será realizado por meio de um software de coleta de dados.
Conferência e Fiscalização: Durante a coleta de dados os questionários aplicados são fiscalizados e conferidos através de um supervisor.   
Adicionalmente, pelo menos 30% dos questionários passarão por uma verificação posterior, que avaliará a precisão na aplicação e a adequação dos entrevistados às variáveis das quotas amostrais. Ou seja, no mínimo 504 entrevistas desta pesquisa serão auditadas pela equipe de qualidade do Instituto Paraná Pesquisas, podendo essa auditoria ser solicitada ao Instituto a qualquer momento.
Verificação: Após a coleta, os questionários passam por uma etapa de verificação e validação dos dados, para garantir a integridade e precisão dos dados coletados.""





";" ""A pesquisa será realizada no Estado de São Paulo, a relação dos dados relativos aos municípios e às localidades será apresentado até o dia seguinte à data a partir da qual a pesquisa puder ser divulgada, conforme §7º do art. 2º da Resolução-TSE nº. 23.600/2019""





"
"28/09/2026";"05:46:54";2026;81;"Eleições Gerais 2026";"SP";"SP";"SÃO PAULO";"SP097342026";"2026-06-10 18:23:38";"S";"22345021000181";"REAL TIME MIDIA LTDA";"REAL TIME BIG DATA";"Governador, Senador";"2026-06-13 00:00:00";"2026-06-15 00:00:00";"2026-06-16 00:00:00";2000;"10839";"Isabela Zara Cremoneze";"80000,00";"Pesquisa quantitativa, que consiste na realização de entrevistas pessoais, com a aplicação de questionário estruturado junto a uma amostra representativa do eleitorado em estudo. Pesquisa realizada no Estado de São Paulo (SP).";"Representativo do eleitorado da área em estudo, elaborada em três estágios. 
No primeiro estágio, realiza-se um sorteio probabilístico dos municípios onde as entrevistas serão realizadas, pelo método PPT (Probabilidade Proporcional ao Tamanho), tomando a população eleitora de 16 anos ou mais residente nos municípios como base para essa seleção.
No segundo estágio, efetua-se um sorteio probabilístico das localidades dentro dos municípios selecionados, também pelo método PPT (Probabilidade Proporcional ao Tamanho), considerando a população eleitora de 16 anos ou mais residente nessas localidades como base para a seleção.
No terceiro e último estágio, dentro das localidades sorteadas, os respondentes são selecionados por meio de quotas amostrais proporcionais, em função de variáveis significativas, a saber:

GÊNERO:
Feminino: 53,26%;
Masculino: 46,74%;
(Fonte: TSE, Maio/2026 -- https://sig.tse.jus.br/ords/dwapr/r/seai/sig-eleitor-eleitorado-mensal/cruzamento-eleitorado-mensal?p24_metricas=E&p24_back=22&p24_cruzamento_1=ds_sexo&clear=24&session=112920729923306)
FAIXA ETÁRIA:
16 anos: 0,22%;
17 anos: 0,56%;
18 a 20 anos: 3,99%;
21 a 24 anos: 6,41%;
25 a 34 anos: 18,06%;
35 a 44 anos: 19,86%;
45 a 59 anos: 26,39%;
60 a 69 anos: 13,42%;
70 a 79 anos: 7,71%;
Superior a 79 anos: 3,37%;
(Fonte: TSE, Maio/2026 -- https://sig.tse.jus.br/ords/dwapr/r/seai/sig-eleitor-eleitorado-mensal/cruzamento-eleitorado-mensal?p24_cruzamento_1=ds_faixa_etaria&p24_metricas=E&p24_back=22&clear=24&session=112920729923306)
ESCOLARIDADE:
Analfabeto: 1,69%;
Lê e Escreve: 2,85%;
Ensino Fundamental Incompleto: 17,54%;
Ensino Fundamental Completo: 6,64%;
Ensino Médio Incompleto: 16,66%;
Ensino Médio Completo: 33,44%;
Ensino Superior Incompleto: 6,13%;
Ensino Superior Completo: 15,05%; 
(Fonte: TSE, Maio /2026 -- https://sig.tse.jus.br/ords/dwapr/r/seai/sig-eleitor-eleitorado-mensal/cruzamento-eleitorado-mensal?p24_cruzamento_1=ds_grau_instrucao&p24_metricas=E&p24_back=22&clear=24&session=112920729923306)
RENDA DOMICILIAR MENSAL:
Sem rendimento: 4,15%;
Até 1/2 Salário Mínimo: 0,76%;
Mais de 1/2 a 1 Salário Mínimo: 7,29%;
Mais de 1 a 2 Salários Mínimos: 18,58%;
Mais de 2 a 5 Salários Mínimos: 38,74%;
Mais de 5 a 10 Salários Mínimos: 19,53%;
Mais de 10 a 20 Salários Mínimos: 7,61%;
Mais de 20 Salários Mínimos: 3,34%;
(Fonte: IBGE (CENSO-2010) -- https://cidades.ibge.gov.br/brasil/sp/pesquisa/23/24304?detalhes=true)

Observação: De acordo com informações do Instituto Brasileiro de Geografia e Estatística (IBGE), não há previsão de data para a divulgação do perfil econômico da população brasileira do CENSO 2022. Portanto, os dados sobre o nível econômico obtidos no Censo 2022 não podem ser utilizados, pois ainda não foram publicados.
Está prevista eventual ponderação para correção das variáveis sexo e idade, com base nos percentuais anteriormente mencionados, caso ocorram diferenças superiores a 3 pontos percentuais entre o previsto na amostra e a coleta de dados realizada. Para as variáveis de grau de instrução e nível econômico do entrevistado, o fator previsto para ponderação é 1 (resultados obtidos em campo). O nível de confiança estimado é de 95% e a margem de erro máxima estimada considerando um modelo de amostragem aleatório simples, é de aproximadamente 2 (dois) pontos percentuais para mais ou para menos sobre os resultados encontrados no total da amostra.
";"O trabalho de coleta de dados é acompanhado presencialmente por supervisores. São selecionados aleatoriamente 15% (quinze por cento) dos questionários para uma verificação posterior com ligações telefônicas para os números indicados nos formulários, em caso de dúvida, o formulário é descartado e o entrevistador chamado para esclarecimentos.";"O anexo do arquivo com os bairros será realizado até o dia seguinte da divulgação conforme indicado no §7º. do art. 2º. da Resolução-TSE nº. 23.600/2019."
"28/09/2026";"05:46:54";2026;81;"Eleições Gerais 2026";"SP";"SP";"SÃO PAULO";"SP040032026";"2026-05-05 23:05:19";"N";"64500153000180";"LAIS CRISTINA RODRIGUES DE OLIVEIRA LTDA";"IPSENSUS PESQUISAS";"Governador, Deputado Estadual";"2026-05-09 00:00:00";"2026-05-10 00:00:00";"2026-05-11 00:00:00";400;"7655";"AUGUSTO DA SILVA ROCHA";"4000,00";"A pesquisa cobrirá o município envolvendo todas regiões do município de Marília/SP Universo da pesquisa será dos eleitores com 16 anos ou mais. A amostra representará os eleitores do Município, selecionados em 2(dois) estágios. No primeiro estágio, os setores censitários, onde as entrevistas serão realizadas, foram selecionadas, probabilisticamente, através do método PPT - Probabilidade Proporcional ao Tamanho, tomando o número de eleitores como base para seleção. No segundo estágio, a seleção do entrevistado, dentro do setor censitário, será feita utilizando-se quotas proporcionais, e a abordagem será domiciliar.";"Utilizamos quotas proporcionais, em função das seguintes variáveis: 
Gênero:  FEMININO	53,9%	;
MASCULINO	46,1%	;

Faixa etária:   16 a 24 anos	9,86%	;
25 a 34 anos	17,23%	;
35 a 44 anos	18,67%	;
45 a 59 anos	27,16%	;
60 anos ou mais	27,08%	;


Grau de instrução: 
ANALFABETO	1,04%	;
LÊ E ESCREVE	1,30%	;
ENSINO FUNDAMENTAL INCOMPLETO	14,86%	;
ENSINO FUNDAMENTAL COMPLETO	6,55%	;
ENSINO MÉDIO INCOMPLETO	10,68%	;
ENSINO MÉDIO COMPLETO	37,85%	;
SUPERIOR INCOMPLETO	6,46%	;
SUPERIOR COMPLETO	21,26%	;



Renda familiar: Até 1/2 salário mínimo	0,8%	;
Mais de 1/2 a 1 salário mínimo	7,5%	;
Mais de 1 a 2 salários mínimos	19,0%	;
Mais de 2 a 5 salários mínimos	41,4%	;
Mais de 5 a 10 salários mínimos	19,8%	;
Mais de 10 a 20 salários mínimos	6,6%	;
Mais de 20 salários mínimos	2,4%	;
Sem rendimento	2,5%	;


Fonte dos dados: TSE-Tribunal Superior Eleitoral/ abril2026;
 IBGE-Censo 2010-IBGE-CENSO 2022 (IBGE/Censo 2010 - Classe de rendimento nominal mensal domiciliar) ; 
https://cidades.ibge.gov.br/brasil/sp/marilia/pesquisa/23/24304

https://sig.tse.jus.br/ords/dwapr/r/seai/sig-eleitor-eleitorado-mensal/cruzamento-eleitorado-mensal?p24_metricas=E&p24_back=22&p24_cruzamento_1=ds_sexo&clear=24&session=10034206421505
https://sig.tse.jus.br/ords/dwapr/r/seai/sig-eleitor-eleitorado-mensal/cruzamento-eleitorado-mensal?p24_cruzamento_1=ds_faixa_etaria&p24_metricas=E&p24_back=22&clear=24&session=10034206421505;   

Ano=2026;
Mês = ABRIL;
UF= SP;
MUNICIPIO = MARILIA;               


 ""Está prevista eventual ponderação da amostra para correção das variáveis sexo, idade, renda familiar e escolaridade com base nos percentuais anteriormente mencionados, caso ocorram diferenças entre os percentuais previstos na amostra e a coleta de dados realizada. 

 
           Dentro do público-alvo, serão realizadas 400 entrevistas.            
O nível de confiança estimado é de 95% e 
a margem de erro máxima prevista, baseada em uma amostra aleatória simples (AAS), é de cerca de 4,9 pontos percentuais para mais ou para menos em relação aos totais da amostra. Nível Econômico: IBGE (Censo/2010) - Observação: Conforme informações obtidas do Instituto Brasileiro de Geografia e Estatística, o IBGE, não divulgou - e não tem previsão - de data para divulgação do perfil econômico (nível econômico) da população brasileira; portanto, os dados quanto ao nível econômico obtidos no Censo 2022, não podem ser utilizados, pois não foram publicados.""";"Para a realização da pesquisa, utiliza-se uma equipe de entrevistadores e supervisores credenciados devidamente treinados pela empresa para esse tipo de pesquisa. Após os trabalhos de campo, 100% dos questionários são criticados e passam por uma fiscalização de cerca de 20% (vinte por cento) dos questionários aplicados por cada entrevistador; para verificação da consistência das respostas e da adequação dos entrevistados aos parâmetros amostrais.";"A relação das localidades e setores censitários selecionadas para aplicação da amostra será apresentada a partir do dia em que a pesquisa puder ser divulgada e até o dia seguinte, conforme expresso no art. 2º, §7º da Resolução 23.600/2019 do TSE."
"28/09/2026";"05:46:54";2026;81;"Eleições Gerais 2026";"SP";"SP";"SÃO PAULO";"SP024172026";"2026-05-05 20:20:12";"S";"00654576000172";"INSTITUTO VERITA LTDA";"VERITA";"Governador, Senador";"2026-05-06 00:00:00";"2026-05-10 00:00:00";"2026-05-11 00:00:00";3025;"10699";"GUILHERME ALVARENGA LAIA";"232925,00";"Pesquisa quantitativa, que consiste na realização de entrevistas, com a aplicação de questionário estruturado junto a uma amostra representativa do eleitorado desta Unidade da Federação.";"ESTUDO REPRESENTATIVO DO ELEITORADO DO ESTADO DE SÃO PAULO - MÉTODO PPT (Probabilidade Proporcional ao Tamanho) - PLANO AMOSTRAL E PONDERAÇÃO QUANTO A SEXO, IDADE, GRAU DE INSTRUÇÃO E NÍVEL ECONÔMICO DO ENTREVISTADO; INTERVALO DE CONFIANÇA E MARGEM DE ERRO: Representativo do eleitorado da área em estudo, elaborada, em vários estágios, da seguinte forma: - 1. Divisão da UF em estratos proporcionais de municípios. 2. Ordenação dos municípios de cada estrato segundo o porte. 3. Sorteio dos municípios de cada estrato. 4. Os respondentes são selecionados através de quotas amostrais proporcionais em função de variáveis significativas, a saber: GÊNERO / FAIXA ETÁRIA - FEMININO E MASCULINO 16 A 34 ANOS 14,8% E 14%, 35 A 54 ANOS 20,5% E 18,3%, 55 ANOS OU MAIS 18% E 14,5%. GRAU DE INSTRUÇÃO ¿ FEMININO E MASCULINO Sem instrução até Ensino Médio completo 54,8%, Ensino superior incompleto e completo 45,2% NÍVEL ECONÔMICO - FEMININO população não economicamente ativa 46,5% população economicamente ativa 53,5% MASCULINO população não economicamente ativa 27,2% população economicamente ativa 72,8%. RENDA FAMILIAR DO DOMICÍLIO renda familiar de até 2 salários-mínimos 30,7%; de 2 a 5 salários-mínimos 44,2%, acima de 5 salários-mínimos 25,1%. Está prevista eventual ponderação para correção das variáveis, com base nos percentuais anteriormente mencionados, caso ocorram diferenças superiores a margem de erro da pesquisa previsto entre a amostra e a coleta de dados realizada. O fator previsto para ponderação é 1 (resultados obtidos na coleta de dados). O intervalo de confiança estimado é de 95% e a margem de erro máxima estimada considerando um modelo de amostragem aleatório simples, é de aproximadamente 3 pontos percentuais para mais ou para menos sobre os resultados encontrados no total da amostra. FONTE DOS DADOS: IBGE/Censo 2022 para fins de densidade demográfica, setores censitários e alocação da amostra. IBGE/PNAD/PNADC/MEC/INEP para fins de Nível Econômico e Escolaridade. TSE FEVEREIRO/2026 para fins de Sexo, Faixa Etária e eleitorado por município ou regiões previamente definidas (importante ressaltar para o público leigo que os dados do TSE são os únicos corretos para gênero, idade dos eleitores e quantitativo de eleitores por municípios já que a base de dados se atualiza automaticamente, PORÉM, dados de escolaridade e nível econômico NÃO são corretos e confiáveis devido a desatualização que ocorre naturalmente com o passar dos anos). Definição de margem de erro e intervalo de confiança: Margem de erro e intervalo de confiança não são grandezas diretamente proporcionais. A SOMA NÃO TEM QUE RESULTAR 100%. ";"Após os trabalhos de coleta de dados, os questionários são submetidos a uma fiscalização, conferência e checagem de cerca de 20% (vinte por cento) dos questionários aplicados.";"A relação dos municípios sorteados ou selecionados para esta pesquisa será apresentada em arquivo anexo até 1 (um) dia após a divulgação desta pesquisa conforme §7º. do art. 2º. da Resolução-TSE nº. 23.600/2019. A área de abrangência desta pesquisa é o Estado DE SÃO PAULO"
"28/09/2026";"05:46:54";2026;81;"Eleições Gerais 2026";"SP";"SP";"SÃO PAULO";"SP006812026";"2026-08-28 22:15:18";"N";"29021286000173";"COSTA E MARIATH LTDA";"INTELLIGENCE PESQUISA E COMUNICACAO";"Governador, Senador, Deputado Federal, Deputado Estadual";"2026-08-29 00:00:00";"2026-08-30 00:00:00";"2026-09-03 00:00:00";1100;"9327";"MARCIO BARTOLOMEU AZEVEDO DA COSTA";"15000,00";"Metodologia de pesquisa: Pesquisa do tipo quantitativo, por amostragem, com aplicação de questionário estruturado e abordagem pessoal em domicílios particulares permanentemente ocupados (de acordo com a definição do IBGE - Instituto Brasileiro de Geografia e Estatística). O conjunto do eleitorado do município de Guarulhos-SP com 16 anos ou mais foi tomado como universo da pesquisa.";"Tamanho da amostra: A amostra prevista é de 1.100 entrevistas. Técnica de amostragem A amostra é aleatória, com base na estimativa da média populacional. Utilizamos a amostragem em mais de um estágio. No primeiro estágio dividimos o município em bairros/setores censitários (conglomerados), sendo os mesmos listados, onde foram sorteados aleatoriamente. No segundo estágio, foram sorteadas as ruas (dispondo de um mapa da região), no terceiro estágio fizemos o sorteio das casas (via amostragem sistemática). O quarto estágio foi a seleção do entrevistado dentro da casa, onde o critério adotado foi o da primeira pessoa que atendesse a equipe de pesquisa, sendo este obrigatoriamente morador da residência e eleitor da cidade pesquisada. Na etapa seguinte foi realizado um controle das seguintes variáveis: sexo, idade, grau de instrução e nível econômico. Também adotamos p=50% para maximizar o tamanho da amostra a) a amostra poderá ser ponderada levando em consideração a variável sexo da população de Guarulhos-SP, sendo 46,3% homens e 53,7% mulheres, conforme dados do TSE de Julho de 2026 e a variável idade sendo consideradas as faixas: 16 a 24 anos: 12,9%; de 25 a 34 anos: 20,6%; de 35 a 44 anos: 20,4%; de 45 a 59 anos: 26,7% e acima de 69 anos: 19,3% (TSE Julho 2026). Quanto à variável grau de instrução, temos: ANALFABETO: 1,4%; LÊ E ESCREVE: 1,8%; ENSINO FUNDAMENTAL: 20,4%; ENSINO MÉDIO: 56,6%; ENSINO SUPERIOR: 19,8% (TSE Julho 2026). E para a variável renda, temos: Sem Rendimento 6% , Até 1 Salários Mínimos: 9%; 1 a 2 Salários Mínimos: 22% , 2 a 5 Salários Mínimos: 38%; acima de 5 Salários Mínimos: 25% (IBGE Censo 2010). Observação: Conforme informações obtidas do Instituto Brasileiro de Geografia e Estatística (https://cidades.ibge.gov.br/brasil/sp/guarulhos/pesquisa/23/24304) , o IBGE, não divulgou - e não tem previsão - de data para divulgação do perfil econômico (nível econômico) da população brasileira; portanto, os dados quanto ao nível econômico obtidos no Censo 2022, não podem ser utilizados, pois não foram publicados. Em relação à ponderação, devido à metodologia amostral adotada, os fatores de ponderação a serem aplicados em toda as variáveis (sexo, idade, grau de instrução e renda), assumem valor igual a 1(um). Área física: Município de Guarulhos-SP em domicílios particulares permanentemente ocupados e sorteados de maneira aleatória simples sem reposição. Margem de Erro: A margem de erro máxima prevista para o total da amostra é de 3,0 pontos percentuais para mais ou para menos, considerando um nível de confiança de 95%. Os intervalos de confiança serão calculados considerando os resultados obtidos para um nível de confiança de 95%. Fonte de Dados: TSE-Julho 2026 e IBGE Censo 2010.";"Os pesquisadores envolvidos na realização desta pesquisa recebem treinamento especializado e instruções específicas de abordagem. O trabalho é feito com a equipe de entrevistadores e coordenadores de campo. Há fiscalização no ato da entrevista e os questionários são recolhidos e checados quanto ao correto preenchimento dos dados. Após os trabalhos de campo, os questionários são submetidos a uma fiscalização que consiste na verificação de 20% dos questionários aplicados individualmente pelos entrevistadores, para checagem das respostas. Internamente, todo o material é verificado, codificado, digitado e, antes do processamento final, realiza-se a conferência da digitação (consistência dos dados).";"A relação dos bairros pertencentes à amostra será apresentada até o dia seguinte à data a partir da qual a pesquisa puder ser divulgada, conforme §7º do art. 2º da Resolução-TSE nº. 23.600/2019"
